I,II,III,aVR,aVL,aVF,v1,v2,v3,v4,v5,v6
-0.0005524779975579,-0.000506682051282,-0.0004075365079365,0.0005272961172161,-7.294273504273476e-05,-0.0004559279609279,-0.0007743389499389,-0.0007572968253968,-0.0006503045421245,-0.0005286395604395,-0.0004887981684981,-0.0004344554334554
-0.0005464067399267,-0.0005036481074481,-0.000413619047619,0.0005242658119658,-6.686371184371155e-05,-0.0004589674969474,-0.0007804361416361,-0.0007572968253968,-0.0006533291819291,-0.0005346815628815,-0.0004948328449328,-0.0004404901098901
-0.0005312285958485,-0.0005127499389499,-0.0004349079365079,0.0005212355067155,-4.862664224664196e-05,-0.0004741651770451,-0.0007773875457875,-0.000760338095238,-0.0006593784615384,-0.0005437445665445,-0.0005069021978021,-0.0004495421245421
-0.0005312285958485,-0.0005097159951159,-0.0004318666666666,0.0005182052014652,-4.862664224664196e-05,-0.0004711256410256,-0.0007773875457875,-0.0007633793650793,-0.0006593784615384,-0.0005437445665445,-0.0005069021978021,-0.0004465247863247
-0.0005372998534798,-0.000506682051282,-0.0004227428571428,0.0005212355067155,-5.774517704517676e-05,-0.0004650465689865,-0.0007773875457875,-0.0007633793650793,-0.0006593784615384,-0.0005407235653235,-0.0005038848595848,-0.0004465247863247
-0.0005403354822954,-0.0005127499389499,-0.0004288253968253,0.0005242658119658,-5.470566544566516e-05,-0.0004711256410256,-0.0007743389499389,-0.0007572968253968,-0.0006563538217338,-0.0005346815628815,-0.0005008675213675,-0.0004465247863247
-0.0005312285958485,-0.0005248857142857,-0.000447073015873,0.0005272961172161,-4.254761904761877e-05,-0.0004863233211233,-0.0007743389499389,-0.0007542555555555,-0.0006533291819291,-0.0005346815628815,-0.0004978501831501,-0.0004435074481074
-0.0005281929670329,-0.0005218517704517,-0.0004440317460317,0.0005242658119658,-4.254761904761877e-05,-0.0004832837851037,-0.0007743389499389,-0.0007542555555555,-0.0006563538217338,-0.0005316605616605,-0.0004948328449328,-0.0004374727716727
-0.0005342642246642,-0.000506682051282,-0.0004257841269841,0.0005182052014652,-5.470566544566516e-05,-0.0004650465689865,-0.0007773875457875,-0.0007542555555555,-0.0006593784615384,-0.0005286395604395,-0.0004887981684981,-0.000431438095238
-0.0005403354822954,-0.0004945462759462,-0.0004075365079365,0.0005151748962148,-6.686371184371155e-05,-0.0004498488888888,-0.0007834847374847,-0.0007572968253968,-0.0006593784615384,-0.0005256185592185,-0.0004827634920634,-0.000422386080586
-0.0005403354822954,-0.0004975802197802,-0.0004105777777777,0.0005182052014652,-6.382420024419996e-05,-0.0004528884249084,-0.0007834847374847,-0.0007542555555555,-0.0006563538217338,-0.0005256185592185,-0.0004827634920634,-0.0004254034188034
-0.0005342642246642,-0.0005127499389499,-0.0004349079365079,0.0005212355067155,-4.862664224664196e-05,-0.0004741651770451,-0.0007743389499389,-0.0007512142857142,-0.0006563538217338,-0.0005286395604395,-0.0004887981684981,-0.000431438095238
-0.0005372998534798,-0.0005248857142857,-0.0004440317460317,0.0005303264224664,-4.558713064713037e-05,-0.0004832837851037,-0.0007651931623931,-0.0007512142857142,-0.0006563538217338,-0.0005286395604395,-0.0004918155067155,-0.0004344554334554
-0.0005433711111111,-0.0005218517704517,-0.0004288253968253,0.0005303264224664,-5.774517704517676e-05,-0.0004741651770451,-0.0007651931623931,-0.0007542555555555,-0.0006624031013431,-0.0005316605616605,-0.0004948328449328,-0.0004374727716727
-0.0005585492551892,-0.000506682051282,-0.0004014539682539,0.0005303264224664,-7.902175824175796e-05,-0.0004528884249084,-0.0007712903540903,-0.0007633793650793,-0.0006684523809523,-0.0005377025641025,-0.0004948328449328,-0.0004404901098901
-0.0005464067399267,-0.0004884783882783,-0.0003953714285714,0.0005151748962148,-7.598224664224636e-05,-0.0004407302808302,-0.0007773875457875,-0.0007694619047619,-0.0006745016605616,-0.0005437445665445,-0.0005008675213675,-0.0004435074481074
-0.0005281929670329,-0.0004884783882783,-0.0004105777777777,0.0005060839804639,-5.774517704517676e-05,-0.0004498488888888,-0.0007834847374847,-0.0007725031746031,-0.000671477020757,-0.0005467655677655,-0.0005038848595848,-0.0004495421245421
-0.0005251573382173,-0.0005036481074481,-0.0004288253968253,0.0005121445909645,-4.862664224664196e-05,-0.0004650465689865,-0.0007773875457875,-0.0007664206349206,-0.0006654277411477,-0.0005377025641025,-0.0005008675213675,-0.0004465247863247
-0.0005372998534798,-0.0005188178266178,-0.0004349079365079,0.0005272961172161,-5.166615384615356e-05,-0.0004772047130647,-0.0007651931623931,-0.0007572968253968,-0.0006563538217338,-0.0005286395604395,-0.0004948328449328,-0.0004404901098901
-0.0005403354822954,-0.0005127499389499,-0.0004257841269841,0.0005242658119658,-5.774517704517676e-05,-0.0004680861050061,-0.0007560473748473,-0.0007512142857142,-0.0006533291819291,-0.0005256185592185,-0.0004918155067155,-0.0004374727716727
-0.0005342642246642,-0.0005036481074481,-0.0004257841269841,0.0005182052014652,-5.470566544566516e-05,-0.0004650465689865,-0.0007529987789987,-0.0007512142857142,-0.0006533291819291,-0.0005256185592185,-0.0004857808302808,-0.000431438095238
-0.0005312285958485,-0.0004975802197802,-0.0004227428571428,0.0005121445909645,-5.470566544566516e-05,-0.0004589674969474,-0.0007499501831501,-0.0007512142857142,-0.0006533291819291,-0.0005256185592185,-0.0004887981684981,-0.000431438095238
-0.0005342642246642,-0.0005006141636141,-0.0004227428571428,0.0005151748962148,-5.470566544566516e-05,-0.000462007032967,-0.0007438529914529,-0.000748173015873,-0.0006503045421245,-0.0005256185592185,-0.0004887981684981,-0.000431438095238
-0.0005342642246642,-0.0004975802197802,-0.0004197015873015,0.0005151748962148,-5.774517704517676e-05,-0.0004589674969474,-0.0007377557997557,-0.0007420904761904,-0.0006472799023199,-0.0005225975579975,-0.0004887981684981,-0.000431438095238
-0.0005160504517704,-0.0004793765567765,-0.0004166603174603,0.000496993064713,-4.862664224664196e-05,-0.0004468093528693,-0.0007408043956043,-0.0007420904761904,-0.0006472799023199,-0.0005256185592185,-0.0004887981684981,-0.000431438095238
-0.0005039079365079,-0.000455105006105,-0.0004014539682539,0.0004788112332112,-5.166615384615356e-05,-0.0004285721367521,-0.0007408043956043,-0.0007329666666666,-0.0006382059829059,-0.0005135345543345,-0.0004767288156288,-0.000422386080586
-0.0005069435653235,-0.0004308334554334,-0.0003740825396825,0.00046669001221,-6.686371184371155e-05,-0.0004012163125763,-0.0007255614163614,-0.000714719047619,-0.0006170335042735,-0.0004954085470085,-0.0004586247863247,-0.0004072993894993
-0.0005069435653235,-0.0004186976800976,-0.0003649587301587,0.0004606294017094,-6.990322344322315e-05,-0.0003920977045177,-0.0007194642246642,-0.0007025539682539,-0.0006079595848595,-0.0004863455433455,-0.0004495727716727,-0.0003982473748473
-0.0005039079365079,-0.0004065619047619,-0.0003588761904761,0.0004545687912087,-7.294273504273476e-05,-0.000382979096459,-0.0007225128205128,-0.0006995126984126,-0.0005988856654456,-0.0004833245421245,-0.0004465554334554,-0.0003922126984126
-0.0005008723076923,-0.0004126297924297,-0.0003679999999999,0.0004545687912087,-6.686371184371155e-05,-0.0003890581684981,-0.0007255614163614,-0.0006843063492063,-0.0005898117460317,-0.0004712405372405,-0.000443538095238,-0.0003891953601953
-0.0004765872771672,-0.0004126297924297,-0.0003923301587301,0.0004424475702075,-4.254761904761877e-05,-0.0004012163125763,-0.0007438529914529,-0.0006782238095238,-0.0005867871062271,-0.0004712405372405,-0.0004465554334554,-0.0003922126984126
-0.0004614091330891,-0.0004156637362637,-0.000413619047619,0.0004363869597069,-2.4310549450549165e-05,-0.0004133744566544,-0.0007773875457875,-0.0006995126984126,-0.0006019103052503,-0.0004833245421245,-0.0004556074481074,-0.0003982473748473
-0.0004826585347985,-0.0004369013431013,-0.0004105777777777,0.000457599096459,-3.6468595848595565e-05,-0.000422493064713,-0.0007895819291819,-0.0007208015873015,-0.0006170335042735,-0.0004923875457875,-0.0004586247863247,-0.0004012647130647
-0.0004917654212454,-0.0004460031746031,-0.0004075365079365,0.00046669001221,-4.254761904761877e-05,-0.0004255326007326,-0.0007804361416361,-0.0007299253968253,-0.0006200581440781,-0.0004923875457875,-0.0004586247863247,-0.0004012647130647
-0.0004978366788766,-0.000452071062271,-0.0004075365079365,0.0004727506227106,-4.558713064713037e-05,-0.0004285721367521,-0.0007773875457875,-0.0007360079365079,-0.0006321567032967,-0.0005014505494505,-0.0004616421245421,-0.0004072993894993
-0.0005069435653235,-0.0004702747252747,-0.0004166603174603,0.0004879021489621,-4.558713064713037e-05,-0.0004437698168498,-0.0007865333333333,-0.000748173015873,-0.0006533291819291,-0.0005225975579975,-0.0004797461538461,-0.0004193687423687
-0.0005069435653235,-0.0004702747252747,-0.0004197015873015,0.0004879021489621,-4.254761904761877e-05,-0.0004437698168498,-0.0007895819291819,-0.0007512142857142,-0.0006563538217338,-0.0005256185592185,-0.0004857808302808,-0.000422386080586
-0.0004978366788766,-0.0004702747252747,-0.0004288253968253,0.0004818415384615,-3.342908424908396e-05,-0.0004498488888888,-0.0007926305250305,-0.000748173015873,-0.0006563538217338,-0.0005225975579975,-0.0004797461538461,-0.0004163514041514
-0.0005008723076923,-0.0004793765567765,-0.0004379492063492,0.0004879021489621,-3.0389572649572364e-05,-0.0004589674969474,-0.0007926305250305,-0.0007572968253968,-0.0006654277411477,-0.0005316605616605,-0.0004857808302808,-0.000422386080586
-0.0005008723076923,-0.0004975802197802,-0.0004531555555555,0.000496993064713,-2.4310549450549165e-05,-0.0004741651770451,-0.0007926305250305,-0.0007664206349206,-0.0006805509401709,-0.0005437445665445,-0.0004978501831501,-0.000431438095238
-0.000494801050061,-0.0005157838827838,-0.0004744444444444,0.0005030536752136,-9.11299145299117e-06,-0.0004954419291819,-0.0007895819291819,-0.0007694619047619,-0.0006866002197802,-0.0005467655677655,-0.0005008675213675,-0.0004344554334554
-0.0005069435653235,-0.0005309536019536,-0.0004744444444444,0.0005182052014652,-1.5192014652014368e-05,-0.000501521001221,-0.0007865333333333,-0.0007664206349206,-0.0006835755799755,-0.0005467655677655,-0.0005038848595848,-0.0004374727716727
-0.0005251573382173,-0.0005309536019536,-0.0004561968253968,0.0005272961172161,-3.342908424908396e-05,-0.0004924023931623,-0.0007834847374847,-0.0007694619047619,-0.0006835755799755,-0.0005467655677655,-0.0005038848595848,-0.0004374727716727
-0.0005403354822954,-0.0005309536019536,-0.000447073015873,0.0005333567277167,-4.558713064713037e-05,-0.0004893628571428,-0.0007743389499389,-0.0007694619047619,-0.0006805509401709,-0.0005497865689865,-0.0005069021978021,-0.0004435074481074
-0.0005494423687423,-0.0005430893772893,-0.0004501142857142,0.0005454779487179,-4.862664224664196e-05,-0.0004954419291819,-0.0007682417582417,-0.0007694619047619,-0.0006866002197802,-0.0005558285714285,-0.0005159542124542,-0.0004495421245421
-0.0005555136263736,-0.0005552251526251,-0.0004561968253968,0.0005545688644688,-4.862664224664196e-05,-0.0005045605372405,-0.0007712903540903,-0.0007755444444444,-0.0006956741391941,-0.0005679125763125,-0.0005280235653235,-0.0004646288156288
-0.0005524779975579,-0.0005552251526251,-0.000459238095238,0.0005515385592185,-4.558713064713037e-05,-0.00050760007326,-0.0007773875457875,-0.0007785857142857,-0.000704748058608,-0.0005739545787545,-0.0005340582417582,-0.0004706634920634
-0.0005524779975579,-0.000558259096459,-0.0004622793650793,0.0005545688644688,-4.558713064713037e-05,-0.0005106396092796,-0.0007773875457875,-0.0007816269841269,-0.000704748058608,-0.0005679125763125,-0.0005310409035409,-0.0004706634920634
-0.0005464067399267,-0.000558259096459,-0.0004622793650793,0.0005515385592185,-4.254761904761877e-05,-0.0005106396092796,-0.0007712903540903,-0.0007785857142857,-0.0006986987789987,-0.0005679125763125,-0.0005280235653235,-0.0004646288156288
-0.0005494423687423,-0.000558259096459,-0.0004622793650793,0.0005515385592185,-4.254761904761877e-05,-0.0005106396092796,-0.0007682417582417,-0.0007755444444444,-0.0006956741391941,-0.0005648915750915,-0.0005219888888888,-0.0004525594627594
-0.0005494423687423,-0.000558259096459,-0.0004683619047619,0.0005515385592185,-3.950810744810717e-05,-0.0005136791452991,-0.0007743389499389,-0.0007755444444444,-0.0006956741391941,-0.0005588495726495,-0.0005159542124542,-0.0004465247863247
-0.0005494423687423,-0.0005521912087912,-0.0004622793650793,0.0005485082539682,-4.254761904761877e-05,-0.00050760007326,-0.0007773875457875,-0.0007755444444444,-0.0006956741391941,-0.0005588495726495,-0.0005159542124542,-0.0004495421245421
-0.0005555136263736,-0.0005430893772893,-0.0004440317460317,0.0005485082539682,-5.470566544566516e-05,-0.0004924023931623,-0.0007773875457875,-0.0007785857142857,-0.0006986987789987,-0.0005618705738705,-0.0005189715506715,-0.0004525594627594
-0.0005555136263736,-0.0005309536019536,-0.0004318666666666,0.0005424476434676,-6.078468864468836e-05,-0.0004802442490842,-0.0007743389499389,-0.0007755444444444,-0.0006896248595848,-0.0005618705738705,-0.0005189715506715,-0.0004525594627594
-0.0005524779975579,-0.0005400554334554,-0.0004409904761904,0.0005454779487179,-5.470566544566516e-05,-0.0004893628571428,-0.0007682417582417,-0.0007694619047619,-0.0006805509401709,-0.0005558285714285,-0.0005159542124542,-0.0004495421245421
-0.0005433711111111,-0.0005461233211233,-0.0004531555555555,0.0005424476434676,-4.558713064713037e-05,-0.0004984814652014,-0.0007712903540903,-0.0007694619047619,-0.0006805509401709,-0.0005558285714285,-0.0005159542124542,-0.0004495421245421
-0.0005433711111111,-0.0005430893772893,-0.0004531555555555,0.0005424476434676,-4.558713064713037e-05,-0.0004984814652014,-0.0007773875457875,-0.0007694619047619,-0.0006805509401709,-0.0005497865689865,-0.0005099195360195,-0.0004495421245421
-0.0005433711111111,-0.0005370214896214,-0.000447073015873,0.0005394173382173,-4.862664224664196e-05,-0.0004924023931623,-0.0007804361416361,-0.000760338095238,-0.000671477020757,-0.0005377025641025,-0.0005069021978021,-0.0004525594627594
-0.0005494423687423,-0.0005218517704517,-0.0004257841269841,0.0005333567277167,-6.078468864468836e-05,-0.0004741651770451,-0.0007682417582417,-0.0007299253968253,-0.0006351813431013,-0.0005286395604395,-0.0005129368742368,-0.0004676461538461
-0.0005555136263736,-0.0004581389499389,-0.0003558349206349,0.0005060839804639,-0.0001002983394383,-0.0004072953846153,-0.0007651931623931,-0.0006934301587301,-0.0005686392673992,-0.0004984295482295,-0.0005008675213675,-0.0004646288156288
-0.0005281929670329,-0.0003246454212454,-0.000255473015873,0.0004242657387057,-0.0001367724786324,-0.0002887534798534,-0.0007865333333333,-0.0006143571428571,-0.0004537029548229,-0.0004077995115995,-0.000434486080586,-0.0004163514041514
-0.0004340884737484,-0.0001577785103785,-0.0001824825396825,0.0002939626129426,-0.0001246144322344,-0.0001702115750915,-0.0008292136752136,-0.0004714174603174,-0.0002722245665445,-0.0002174764346764,-0.0002956885225885,-0.0003258312576312
-0.0002883782905982,0.0001061746031746,-6.387301587301577e-05,9.093216117216122e-05,-0.0001124563858363,2.12791941391941e-05,-0.0009389631257631,-0.0004531698412698,-7.259833943833952e-05,5.139267399267347e-05,-6.637081807081822e-05,-0.0001568603174603
-0.0001396324786324,0.0004914854700854,0.000173346031746,-0.0001757347008547,-0.0001550095482295,0.0003313118681318,-0.0011767536019536,-0.0007055952380952,8.770757020757013e-05,0.0003837028083028,0.0002655363858363,0.0001328041514041
9.113333333333055e-06,0.0008585926739926,0.0003892761904761,-0.0004333106471306,-0.0001884441758241,0.0006231073260073,-0.0015060019536019,-0.0010735888888888,0.0001330771672771,0.0007039289377289,0.0006276169719169,0.000470746031746
0.0001396453724053,0.0011255797313797,0.000523092063492,-0.0006302804884004,-0.0001914836874236,0.0008237167032967,-0.0018535418803418,-0.0014324587301587,4.2337973137973054e-05,0.000906336019536,0.000905212087912,0.0007604105006105
0.0001973223199023,0.0011225457875457,0.0004622666666666,-0.0006575532356532,-0.0001306934554334,0.0007933213431013,-0.0020517006105006,-0.0016514301587301,-0.0001784607326007,0.0008066429792429,0.0009112467643467,0.0008660173382173
6.375465201465174e-05,0.0005855377289377,5.777777777777787e-05,-0.0003242196581196,3.045054945055228e-06,0.0003221932600732,-0.0019419511599511,-0.0017578746031746,-0.0006230827838827,0.0002598417582417,0.0005039061050061,0.0006366996336996
-0.0002185588278388,3.639389499389519e-05,-0.0002037714285714,9.093216117216122e-05,-6.07347985347957e-06,-8.206503052503056e-05,-0.0017102578754578,-0.0019312269841269,-0.0011070251526251,-0.0003232114774114,6.940940170940154e-05,0.0003621218559218
-0.0004310528449328,-0.00018205006105,-0.0002098539682539,0.0003060838339438,-0.0001094168742368,-0.0001945278632478,-0.0015303907203907,-0.0020285476190476,-0.0013580702564102,-0.0006464586080586,-0.0001810296703296,0.0001840989010989
-0.0005281929670329,-0.0003610527472527,-0.0002858857142857,0.0004424475702075,-0.0001215749206349,-0.0003221883760683,-0.0013810095238095,-0.0018491126984126,-0.0013459716971916,-0.0007552146520146,-0.0003469832722832,3.0586080586074578e-06
-0.0005676561416361,-0.0004793765567765,-0.0003619174603174,0.0005212355067155,-0.0001033378510378,-0.0004194535286935,-0.00127126007326,-0.001593646031746,-0.0012159121855921,-0.0007431306471306,-0.0004314687423687,-0.0001447909645909
-0.0005858699145299,-0.0005157838827838,-0.0003832063492063,0.0005485082539682,-0.0001002983394383,-0.0004498488888888,-0.0011615106227106,-0.001368592063492,-0.001082828034188,-0.0006978156288156,-0.0004737114774114,-0.0002503978021978
-0.000576763028083,-0.0005370214896214,-0.000413619047619,0.0005545688644688,-8.206126984126955e-05,-0.0004741651770451,-0.0010212752136752,-0.0011496206349206,-0.0009557931623931,-0.0006525006105006,-0.0004978501831501,-0.0003258312576312
-0.0005433711111111,-0.0005248857142857,-0.0004379492063492,0.0005333567277167,-5.166615384615356e-05,-0.0004802442490842,-0.0008932341880341,-0.0009458555555555,-0.0008408568498168,-0.0006041645909645,-0.0004978501831501,-0.0003680739926739
-0.0005160504517704,-0.0004884783882783,-0.0004288253968253,0.0005000233699633,-4.254761904761877e-05,-0.0004589674969474,-0.0008139706959706,-0.0008059571428571,-0.0007440683760683,-0.0005528075702075,-0.0004827634920634,-0.0003831606837606
-0.000519086080586,-0.0004672407814407,-0.0004044952380952,0.0004909324542124,-5.774517704517676e-05,-0.0004346512087912,-0.0007743389499389,-0.0007360079365079,-0.0006866002197802,-0.0005256185592185,-0.0004737114774114,-0.0003891953601953
-0.0005312285958485,-0.0004733086691086,-0.0003984126984126,0.0005000233699633,-6.686371184371155e-05,-0.0004346512087912,-0.0007499501831501,-0.0007055952380952,-0.0006654277411477,-0.0005195765567765,-0.0004767288156288,-0.00039523003663
-0.0005372998534798,-0.0004824105006105,-0.0003984126984126,0.0005091142857142,-6.990322344322315e-05,-0.0004407302808302,-0.0007347072039072,-0.0006964714285714,-0.0006624031013431,-0.0005316605616605,-0.0004918155067155,-0.000413334065934
-0.0005281929670329,-0.0004884783882783,-0.0004105777777777,0.0005060839804639,-5.774517704517676e-05,-0.0004498488888888,-0.0007316586080586,-0.0006843063492063,-0.0006593784615384,-0.0005346815628815,-0.0005038848595848,-0.0004254034188034
-0.0005251573382173,-0.0004915123321123,-0.0004227428571428,0.0005060839804639,-5.166615384615356e-05,-0.0004559279609279,-0.00072861001221,-0.0006660587301587,-0.0006503045421245,-0.0005316605616605,-0.0005038848595848,-0.000431438095238
-0.0005312285958485,-0.0004975802197802,-0.0004227428571428,0.0005121445909645,-5.470566544566516e-05,-0.0004589674969474,-0.0007194642246642,-0.0006508523809523,-0.0006351813431013,-0.0005256185592185,-0.0005008675213675,-0.000431438095238
-0.0005342642246642,-0.0005036481074481,-0.0004227428571428,0.0005182052014652,-5.470566544566516e-05,-0.000462007032967,-0.0007103184371184,-0.0006417285714285,-0.0006261074236874,-0.0005225975579975,-0.0005008675213675,-0.0004344554334554
-0.0005342642246642,-0.000506682051282,-0.0004288253968253,0.0005182052014652,-5.166615384615356e-05,-0.0004680861050061,-0.0007042212454212,-0.000635646031746,-0.0006230827838827,-0.0005256185592185,-0.0005069021978021,-0.0004374727716727
-0.0005372998534798,-0.000506682051282,-0.0004197015873015,0.0005212355067155,-5.774517704517676e-05,-0.000462007032967,-0.0007011726495726,-0.0006295634920634,-0.0006170335042735,-0.0005225975579975,-0.0005099195360195,-0.0004374727716727
-0.0005372998534798,-0.0005097159951159,-0.0004197015873015,0.0005212355067155,-5.774517704517676e-05,-0.0004650465689865,-0.0007011726495726,-0.0006204396825396,-0.0006140088644688,-0.0005225975579975,-0.0005038848595848,-0.0004344554334554
-0.0005342642246642,-0.000506682051282,-0.0004197015873015,0.0005182052014652,-5.774517704517676e-05,-0.000462007032967,-0.0007042212454212,-0.0006173984126984,-0.0006170335042735,-0.0005286395604395,-0.0005099195360195,-0.0004404901098901
-0.0005372998534798,-0.0005036481074481,-0.0004227428571428,0.0005182052014652,-5.774517704517676e-05,-0.000462007032967,-0.0007103184371184,-0.0006204396825396,-0.0006261074236874,-0.0005377025641025,-0.0005219888888888,-0.0004555768009768
-0.0005281929670329,-0.0004975802197802,-0.0004227428571428,0.0005121445909645,-5.166615384615356e-05,-0.0004589674969474,-0.000713367032967,-0.0006204396825396,-0.0006230827838827,-0.0005377025641025,-0.0005250062271062,-0.0004585941391941
-0.0005281929670329,-0.0004915123321123,-0.0004197015873015,0.0005091142857142,-5.470566544566516e-05,-0.0004559279609279,-0.0007103184371184,-0.0006143571428571,-0.0006140088644688,-0.0005316605616605,-0.0005159542124542,-0.0004495421245421
-0.0005281929670329,-0.0004915123321123,-0.0004166603174603,0.0005091142857142,-5.470566544566516e-05,-0.0004528884249084,-0.0007072698412698,-0.000602192063492,-0.0006049349450549,-0.0005225975579975,-0.0005069021978021,-0.0004404901098901
-0.0005251573382173,-0.0005006141636141,-0.0004288253968253,0.0005121445909645,-4.862664224664196e-05,-0.0004650465689865,-0.0007042212454212,-0.0005961095238095,-0.0006019103052503,-0.0005225975579975,-0.0005069021978021,-0.0004404901098901
-0.0005312285958485,-0.0005157838827838,-0.0004379492063492,0.0005212355067155,-4.558713064713037e-05,-0.0004772047130647,-0.0007042212454212,-0.0005900269841269,-0.0005988856654456,-0.0005225975579975,-0.0005129368742368,-0.0004435074481074
-0.0005251573382173,-0.0005157838827838,-0.0004440317460317,0.0005182052014652,-3.950810744810717e-05,-0.0004802442490842,-0.0007011726495726,-0.0005778619047619,-0.0005928363858363,-0.0005195765567765,-0.0005129368742368,-0.0004404901098901
-0.0005221217094017,-0.0005127499389499,-0.0004440317460317,0.0005151748962148,-3.950810744810717e-05,-0.0004772047130647,-0.000698124053724,-0.0005748206349206,-0.0005898117460317,-0.0005165555555555,-0.0005069021978021,-0.0004374727716727
-0.0005251573382173,-0.000506682051282,-0.0004379492063492,0.0005151748962148,-4.254761904761877e-05,-0.0004711256410256,-0.000698124053724,-0.0005748206349206,-0.0005898117460317,-0.0005135345543345,-0.0005038848595848,-0.0004344554334554
-0.000519086080586,-0.000506682051282,-0.0004409904761904,0.0005121445909645,-3.950810744810717e-05,-0.0004741651770451,-0.0007011726495726,-0.0005717793650793,-0.000595861025641,-0.0005195765567765,-0.0005099195360195,-0.0004404901098901
-0.0005221217094017,-0.0005127499389499,-0.0004379492063492,0.0005151748962148,-4.254761904761877e-05,-0.0004741651770451,-0.0006950754578754,-0.000568738095238,-0.000595861025641,-0.0005286395604395,-0.0005189715506715,-0.0004525594627594
-0.0005251573382173,-0.0005097159951159,-0.0004440317460317,0.0005151748962148,-3.950810744810717e-05,-0.0004772047130647,-0.0006889782661782,-0.0005596142857142,-0.0005898117460317,-0.0005286395604395,-0.0005250062271062,-0.0004585941391941
-0.0005221217094017,-0.0005127499389499,-0.0004501142857142,0.0005151748962148,-3.6468595848595565e-05,-0.0004802442490842,-0.000682881074481,-0.0005504904761904,-0.0005837624664224,-0.0005225975579975,-0.0005219888888888,-0.0004585941391941
-0.0005281929670329,-0.0005127499389499,-0.0004409904761904,0.0005182052014652,-4.254761904761877e-05,-0.0004772047130647,-0.0006859296703296,-0.0005413666666666,-0.0005807378266178,-0.0005195765567765,-0.0005159542124542,-0.0004495421245421
-0.0005312285958485,-0.0005127499389499,-0.0004349079365079,0.0005212355067155,-4.862664224664196e-05,-0.0004741651770451,-0.0006859296703296,-0.0005322428571428,-0.0005777131868131,-0.0005195765567765,-0.0005159542124542,-0.0004495421245421
-0.0005221217094017,-0.0005127499389499,-0.000447073015873,0.0005151748962148,-3.6468595848595565e-05,-0.0004802442490842,-0.0006859296703296,-0.0005261603174603,-0.0005746885470085,-0.0005165555555555,-0.0005159542124542,-0.0004495421245421
-0.0005160504517704,-0.0005157838827838,-0.0004561968253968,0.0005151748962148,-3.0389572649572364e-05,-0.0004863233211233,-0.0006798324786324,-0.0005170365079365,-0.0005716639072039,-0.0005195765567765,-0.0005189715506715,-0.0004495421245421
-0.0005099791941391,-0.0005097159951159,-0.0004501142857142,0.0005091142857142,-3.0389572649572364e-05,-0.0004802442490842,-0.0006798324786324,-0.0005109539682539,-0.0005686392673992,-0.0005165555555555,-0.0005189715506715,-0.0004495421245421
-0.0005069435653235,-0.0005006141636141,-0.0004501142857142,0.0005030536752136,-2.735006105006077e-05,-0.0004741651770451,-0.000682881074481,-0.0005048714285714,-0.0005716639072039,-0.0005225975579975,-0.0005189715506715,-0.0004525594627594
-0.0005099791941391,-0.0005006141636141,-0.0004440317460317,0.0005030536752136,-3.342908424908396e-05,-0.0004711256410256,-0.0006798324786324,-0.0004927063492063,-0.0005686392673992,-0.0005225975579975,-0.0005189715506715,-0.0004555768009768
-0.0005069435653235,-0.000506682051282,-0.0004531555555555,0.0005060839804639,-2.735006105006077e-05,-0.0004802442490842,-0.0006737352869352,-0.0004805412698412,-0.0005625899877899,-0.0005225975579975,-0.0005280235653235,-0.0004646288156288
-0.0005069435653235,-0.0005127499389499,-0.000459238095238,0.0005091142857142,-2.4310549450549165e-05,-0.0004863233211233,-0.0006615409035409,-0.0004653349206349,-0.000553516068376,-0.0005165555555555,-0.0005250062271062,-0.0004646288156288
-0.0005069435653235,-0.0005188178266178,-0.0004653206349206,0.0005121445909645,-2.1271037851037568e-05,-0.0004924023931623,-0.0006554437118437,-0.0004470873015873,-0.0005444421489621,-0.0005105135531135,-0.0005219888888888,-0.0004585941391941
-0.000494801050061,-0.0005188178266178,-0.0004774857142857,0.0005060839804639,-9.11299145299117e-06,-0.0004984814652014,-0.0006645894993894,-0.0004410047619047,-0.0005444421489621,-0.0005105135531135,-0.0005219888888888,-0.0004555768009768
-0.0004917654212454,-0.0005157838827838,-0.0004805269841269,0.0005030536752136,-6.07347985347957e-06,-0.0004984814652014,-0.0006645894993894,-0.0004227571428571,-0.0005383928693528,-0.0005074925518925,-0.0005189715506715,-0.0004525594627594
-0.0004917654212454,-0.000506682051282,-0.0004683619047619,0.000496993064713,-1.2152503052502767e-05,-0.0004863233211233,-0.0006584923076923,-0.0004075507936507,-0.0005353682295482,-0.0005044715506715,-0.0005129368742368,-0.0004465247863247
-0.0004978366788766,-0.0004975802197802,-0.0004561968253968,0.000496993064713,-2.1271037851037568e-05,-0.0004772047130647,-0.0006554437118437,-0.0003953857142857,-0.0005323435897435,-0.0005044715506715,-0.0005129368742368,-0.0004465247863247
-0.0004917654212454,-0.0004945462759462,-0.000459238095238,0.0004909324542124,-1.5192014652014368e-05,-0.0004772047130647,-0.0006523951159951,-0.0003740968253968,-0.000520245030525,-0.0005014505494505,-0.0005099195360195,-0.0004435074481074
-0.0004826585347985,-0.0004975802197802,-0.0004683619047619,0.0004879021489621,-6.07347985347957e-06,-0.0004832837851037,-0.0006493465201465,-0.0003588904761904,-0.0005172203907203,-0.0005014505494505,-0.0005159542124542,-0.0004465247863247
-0.0004796229059829,-0.0004915123321123,-0.0004683619047619,0.0004848718437118,-6.07347985347957e-06,-0.0004802442490842,-0.0006523951159951,-0.0003376015873015,-0.0005051218315018,-0.0004954085470085,-0.0005129368742368,-0.0004435074481074
-0.0004796229059829,-0.0004793765567765,-0.000459238095238,0.0004788112332112,-9.11299145299117e-06,-0.0004680861050061,-0.0006523951159951,-0.0003163126984126,-0.0004990725518925,-0.0004863455433455,-0.0005038848595848,-0.0004404901098901
-0.0004765872771672,-0.0004733086691086,-0.0004501142857142,0.0004727506227106,-1.2152503052502767e-05,-0.000462007032967,-0.0006493465201465,-0.0003041476190476,-0.0004930232722832,-0.0004863455433455,-0.0005069021978021,-0.0004465247863247
-0.0004674803907203,-0.0004642068376068,-0.0004501142857142,0.0004636597069597,-9.11299145299117e-06,-0.0004559279609279,-0.0006432493284493,-0.0002828587301587,-0.0004839493528693,-0.0004803035409035,-0.0005038848595848,-0.0004465247863247
-0.0004583735042735,-0.000452071062271,-0.000447073015873,0.0004545687912087,-6.07347985347957e-06,-0.0004498488888888,-0.0006402007326007,-0.0002585285714285,-0.0004718507936507,-0.0004742615384615,-0.0004948328449328,-0.0004374727716727
-0.0004614091330891,-0.0004399352869352,-0.0004349079365079,0.0004485081807081,-1.2152503052502767e-05,-0.0004376907448107,-0.0006402007326007,-0.0002372396825396,-0.0004627768742368,-0.0004742615384615,-0.0004918155067155,-0.000431438095238
-0.0004614091330891,-0.0004186976800976,-0.0004166603174603,0.0004394172649572,-2.1271037851037568e-05,-0.0004164139926739,-0.0006402007326007,-0.000218992063492,-0.0004537029548229,-0.0004621775335775,-0.0004797461538461,-0.0004163514041514
-0.0004462309890109,-0.0004126297924297,-0.0004227428571428,0.000427296043956,-1.2152503052502767e-05,-0.0004164139926739,-0.0006402007326007,-0.0001946619047619,-0.0004416043956043,-0.0004500935286935,-0.0004676768009768,-0.0004012647130647
-0.0004371241025641,-0.0004095958485958,-0.0004257841269841,0.0004212354334554,-6.07347985347957e-06,-0.0004164139926739,-0.0006341035409035,-0.0001672904761904,-0.0004264811965811,-0.0004380095238095,-0.0004525901098901,-0.0003831606837606
-0.0004401597313797,-0.0003853242979242,-0.0004014539682539,0.0004121445177045,-1.823152625152597e-05,-0.0003920977045177,-0.0006280063492063,-0.0001429603174603,-0.0004113579975579,-0.0004229045177045,-0.000434486080586,-0.0003620393162393
-0.0004340884737484,-0.0003671206349206,-0.0003892888888888,0.0004000232967032,-2.1271037851037568e-05,-0.00037690002442,-0.0006310549450549,-0.0001247126984126,-0.000402284078144,-0.0004138415140415,-0.0004284514041514,-0.0003590219780219
-0.0004280172161172,-0.0003610527472527,-0.0003892888888888,0.0003939626862026,-1.823152625152597e-05,-0.0003738604884004,-0.0006280063492063,-0.0001125476190476,-0.0003992594383394,-0.0004108205128205,-0.0004284514041514,-0.0003560046398046
-0.0004158747008547,-0.000342849084249,-0.0003771238095238,0.0003788111599511,-1.823152625152597e-05,-0.0003586628083028,-0.0006341035409035,-0.000106465079365,-0.0003992594383394,-0.0004108205128205,-0.0004224167277167,-0.0003469526251526
-0.000412839072039,-0.0003185775335775,-0.0003558349206349,0.0003636596336996,-2.735006105006077e-05,-0.000337386056166,-0.0006371521367521,-0.0001003825396825,-0.0003962347985347,-0.0004047785103785,-0.0004103473748473,-0.0003318659340659
-0.0004067678144078,-0.0002973399267399,-0.0003436698412698,0.0003515384126984,-3.0389572649572364e-05,-0.0003191488400488,-0.0006432493284493,-9.429999999999968e-05,-0.0003871608791208,-0.0003926945054945,-0.0003952606837606,-0.0003167792429792
-0.0004158747008547,-0.000288238095238,-0.0003315047619047,0.0003515384126984,-4.254761904761877e-05,-0.0003100302319902,-0.0006402007326007,-9.125873015872984e-05,-0.0003750623199023,-0.0003775894993894,-0.0003801739926739,-0.0002986752136752
-0.0004189103296703,-0.0002821702075702,-0.0003162984126984,0.0003485081074481,-5.166615384615356e-05,-0.000297872087912,-0.0006341035409035,-8.821746031746001e-05,-0.0003659884004884,-0.0003685264957264,-0.0003650873015873,-0.0002866058608058
-0.0004098034432234,-0.0002700344322344,-0.0003132571428571,0.0003394171916971,-4.862664224664196e-05,-0.000291793015873,-0.0006462979242979,-0.0001034238095238,-0.0003720376800976,-0.0003745684981684,-0.0003681046398046,-0.0002896231990231
-0.0003946252991452,-0.0002487968253968,-0.0003102158730158,0.0003212353601953,-4.254761904761877e-05,-0.0002796348717948,-0.0006615409035409,-0.0001247126984126,-0.0003811115995115,-0.0003806105006105,-0.0003711219780219,-0.0002866058608058
-0.0003946252991452,-0.0002275592185592,-0.0002889269841269,0.0003091141391941,-5.166615384615356e-05,-0.0002583581196581,-0.0006737352869352,-0.0001520841269841,-0.0003871608791208,-0.0003775894993894,-0.0003620699633699,-0.0002745365079365
-0.0004067678144078,-0.0002123894993894,-0.0002615555555555,0.0003091141391941,-7.294273504273476e-05,-0.0002370813675213,-0.0006798324786324,-0.0001824968253968,-0.0003871608791208,-0.0003655054945054,-0.0003439659340659,-0.0002534151404151
-0.0004067678144078,-0.0002154234432234,-0.0002645968253968,0.0003091141391941,-6.990322344322315e-05,-0.0002401209035409,-0.0006859296703296,-0.000218992063492,-0.0003932101587301,-0.0003624844932844,-0.0003349139194139,-0.0002443631257631
-0.0004158747008547,-0.0002305931623931,-0.0002737206349206,0.0003212353601953,-6.990322344322315e-05,-0.000252279047619,-0.0006889782661782,-0.0002585285714285,-0.0004053087179487,-0.0003685264957264,-0.0003379312576312,-0.0002413457875457
-0.0004280172161172,-0.000236661050061,-0.0002645968253968,0.0003303262759462,-8.206126984126955e-05,-0.0002492395115995,-0.0007011726495726,-0.0003102301587301,-0.0004234565567765,-0.0003745684981684,-0.0003349139194139,-0.0002353111111111
-0.0004249815873015,-0.000236661050061,-0.0002645968253968,0.0003303262759462,-7.902175824175796e-05,-0.0002492395115995,-0.0007194642246642,-0.0003619317460317,-0.0004537029548229,-0.0003957155067155,-0.0003469832722832,-0.0002473804639804
-0.0004280172161172,-0.0002457628815628,-0.0002737206349206,0.0003363868864468,-7.598224664224636e-05,-0.0002583581196581,-0.00072861001221,-0.000410592063492,-0.00047790007326,-0.0004138415140415,-0.0003681046398046,-0.0002654844932844
-0.0004492666178266,-0.0002700344322344,-0.0002767619047619,0.000357599023199,-8.510078144078116e-05,-0.0002735557997557,-0.0007225128205128,-0.0004501285714285,-0.0004899986324786,-0.0004229045177045,-0.0003801739926739,-0.0002775538461538
-0.0004735516483516,-0.0003034078144078,-0.0002858857142857,0.000387902075702,-9.421931623931596e-05,-0.0002948325518925,-0.0007164156288156,-0.0004866238095238,-0.0005051218315018,-0.0004289465201465,-0.000389226007326,-0.0002896231990231
-0.0004765872771672,-0.0003276793650793,-0.0003071746031746,0.0004000232967032,-8.510078144078116e-05,-0.0003161093040293,-0.0007194642246642,-0.0005200777777777,-0.000520245030525,-0.0004349885225885,-0.000398278021978,-0.0003047098901098
-0.0004735516483516,-0.0003519509157509,-0.0003315047619047,0.0004121445177045,-6.990322344322315e-05,-0.0003404255921855,-0.0007255614163614,-0.0005535317460317,-0.0005383928693528,-0.0004500935286935,-0.0004133647130647,-0.0003258312576312
-0.0004826585347985,-0.0003822903540903,-0.0003558349206349,0.0004303263492063,-6.382420024419996e-05,-0.0003677814163614,-0.00072861001221,-0.0005869857142857,-0.0005656146275946,-0.0004772825396825,-0.000443538095238,-0.0003529873015873
-0.000494801050061,-0.0004035279609279,-0.0003619174603174,0.0004485081807081,-6.686371184371155e-05,-0.000382979096459,-0.0007316586080586,-0.0006173984126984,-0.0005898117460317,-0.0005014505494505,-0.0004646594627594,-0.000377126007326
-0.0005099791941391,-0.0004277995115995,-0.0003710412698412,0.00046669001221,-6.990322344322315e-05,-0.0003981767765567,-0.00072861001221,-0.0006386873015873,-0.0006049349450549,-0.0005105135531135,-0.0004767288156288,-0.0003922126984126
-0.000519086080586,-0.0004611728937728,-0.0003984126984126,0.0004879021489621,-6.078468864468836e-05,-0.0004285721367521,-0.0007225128205128,-0.0006478111111111,-0.0006109842246642,-0.0005135345543345,-0.0004857808302808,-0.0004012647130647
-0.0005221217094017,-0.0004915123321123,-0.0004227428571428,0.0005060839804639,-4.862664224664196e-05,-0.0004559279609279,-0.0007164156288156,-0.0006599761904761,-0.0006230827838827,-0.0005225975579975,-0.0004918155067155,-0.0004103167277167
-0.0005281929670329,-0.000506682051282,-0.0004318666666666,0.0005151748962148,-4.862664224664196e-05,-0.0004680861050061,-0.0007225128205128,-0.0006782238095238,-0.0006382059829059,-0.0005377025641025,-0.0005099195360195,-0.0004284207570207
-0.0005312285958485,-0.0005097159951159,-0.0004318666666666,0.0005182052014652,-4.862664224664196e-05,-0.0004711256410256,-0.0007225128205128,-0.0006934301587301,-0.0006533291819291,-0.0005528075702075,-0.0005250062271062,-0.0004435074481074
-0.0005372998534798,-0.0005157838827838,-0.0004349079365079,0.0005242658119658,-5.166615384615356e-05,-0.0004741651770451,-0.0007225128205128,-0.0007025539682539,-0.0006624031013431,-0.0005648915750915,-0.0005340582417582,-0.0004525594627594
-0.0005433711111111,-0.0005400554334554,-0.0004501142857142,0.0005394173382173,-4.558713064713037e-05,-0.0004954419291819,-0.0007164156288156,-0.0007086365079365,-0.0006654277411477,-0.0005739545787545,-0.0005461275946275,-0.0004616114774114
-0.0005433711111111,-0.0005521912087912,-0.0004622793650793,0.0005454779487179,-3.950810744810717e-05,-0.00050760007326,-0.0007194642246642,-0.0007116777777777,-0.000671477020757,-0.0005769755799755,-0.0005491449328449,-0.0004646288156288
-0.0005464067399267,-0.0005552251526251,-0.0004622793650793,0.0005485082539682,-4.254761904761877e-05,-0.00050760007326,-0.0007164156288156,-0.0007116777777777,-0.000671477020757,-0.0005739545787545,-0.0005461275946275,-0.0004646288156288
-0.0005555136263736,-0.000561293040293,-0.0004622793650793,0.0005575991697191,-4.558713064713037e-05,-0.0005106396092796,-0.000713367032967,-0.000714719047619,-0.0006745016605616,-0.0005739545787545,-0.0005461275946275,-0.0004676461538461
-0.0005585492551892,-0.0005734288156288,-0.0004653206349206,0.0005636597802197,-4.558713064713037e-05,-0.0005197582173382,-0.0007103184371184,-0.000714719047619,-0.0006775263003663,-0.0005769755799755,-0.0005461275946275,-0.0004676461538461
-0.0005555136263736,-0.0005764627594627,-0.0004744444444444,0.0005636597802197,-3.950810744810717e-05,-0.0005258372893772,-0.0007072698412698,-0.0007116777777777,-0.0006775263003663,-0.0005799965811965,-0.0005491449328449,-0.0004676461538461
-0.0005524779975579,-0.0005855645909645,-0.0004896507936507,0.00056669008547,-3.0389572649572364e-05,-0.0005379954334554,-0.0007103184371184,-0.0007086365079365,-0.0006805509401709,-0.0005860385836385,-0.0005581969474969,-0.0004706634920634
-0.0005524779975579,-0.0005885985347985,-0.0004896507936507,0.0005697203907203,-3.0389572649572364e-05,-0.0005379954334554,-0.0007072698412698,-0.0007116777777777,-0.0006896248595848,-0.0005920805860805,-0.0005672489621489,-0.0004797155067155
-0.0005676561416361,-0.0005946664224664,-0.0004805269841269,0.0005788113064713,-4.254761904761877e-05,-0.0005379954334554,-0.0007042212454212,-0.0007116777777777,-0.0006956741391941,-0.0006011435897435,-0.0005763009768009,-0.0004917848595848
-0.0005737273992673,-0.0006068021978021,-0.0004896507936507,0.0005879022222222,-4.254761904761877e-05,-0.000547114041514,-0.000698124053724,-0.0007055952380952,-0.0006926494993894,-0.0006041645909645,-0.0005793183150183,-0.0004948021978021
-0.0005615848840048,-0.00061287008547,-0.0005048571428571,0.0005848719169719,-2.735006105006077e-05,-0.0005592721855921,-0.000698124053724,-0.0007025539682539,-0.0006866002197802,-0.0006011435897435,-0.0005763009768009,-0.0004887675213675
-0.0005524779975579,-0.0006098361416361,-0.0005109396825396,0.0005788113064713,-2.1271037851037568e-05,-0.0005592721855921,-0.000698124053724,-0.0007025539682539,-0.0006866002197802,-0.0006011435897435,-0.0005763009768009,-0.0004857501831501
-0.0005524779975579,-0.0006037682539682,-0.0005078984126984,0.000575781001221,-2.1271037851037568e-05,-0.0005562326495726,-0.0007011726495726,-0.0007025539682539,-0.0006926494993894,-0.0006071855921855,-0.0005793183150183,-0.0004887675213675
-0.0005615848840048,-0.0006007343101343,-0.000492692063492,0.0005788113064713,-3.342908424908396e-05,-0.000547114041514,-0.0007042212454212,-0.0007025539682539,-0.0006956741391941,-0.0006071855921855,-0.0005793183150183,-0.0004887675213675
-0.000576763028083,-0.0006007343101343,-0.0004774857142857,0.0005879022222222,-4.862664224664196e-05,-0.0005379954334554,-0.000698124053724,-0.0006995126984126,-0.0006926494993894,-0.0006041645909645,-0.0005793183150183,-0.0004887675213675
-0.0005585492551892,-0.0006037682539682,-0.0004987746031746,0.0005788113064713,-3.0389572649572364e-05,-0.0005501535775335,-0.000698124053724,-0.0006934301587301,-0.0006866002197802,-0.0006041645909645,-0.0005853529914529,-0.0004917848595848
-0.0005433711111111,-0.000615904029304,-0.000526146031746,0.0005788113064713,-9.11299145299117e-06,-0.0005714303296703,-0.000698124053724,-0.0006873476190476,-0.0006866002197802,-0.0006102065934065,-0.0005913876678876,-0.0004948021978021
-0.0005433711111111,-0.0006098361416361,-0.0005200634920634,0.000575781001221,-1.2152503052502767e-05,-0.0005653512576312,-0.000698124053724,-0.0006873476190476,-0.0006926494993894,-0.0006162485958485,-0.0005913876678876,-0.0005008368742368
-0.0005555136263736,-0.0006007343101343,-0.0005018158730158,0.000575781001221,-2.735006105006077e-05,-0.0005501535775335,-0.000698124053724,-0.0006873476190476,-0.0006896248595848,-0.0006132275946275,-0.0005883703296703,-0.0005008368742368
-0.0005585492551892,-0.0005977003663003,-0.000492692063492,0.000575781001221,-3.342908424908396e-05,-0.0005440745054945,-0.0006950754578754,-0.0006873476190476,-0.0006866002197802,-0.0006102065934065,-0.0005913876678876,-0.0005008368742368
-0.0005494423687423,-0.0006007343101343,-0.0005018158730158,0.0005727506959706,-2.4310549450549165e-05,-0.0005501535775335,-0.0006920268620268,-0.000681265079365,-0.0006866002197802,-0.0006102065934065,-0.0005913876678876,-0.0005038542124542
-0.0005555136263736,-0.0006068021978021,-0.0005048571428571,0.0005788113064713,-2.4310549450549165e-05,-0.0005562326495726,-0.0006920268620268,-0.0006751825396825,-0.0006805509401709,-0.0006041645909645,-0.0005853529914529,-0.0004978195360195
-0.0005615848840048,-0.0006037682539682,-0.0004957333333333,0.0005818416117216,-3.342908424908396e-05,-0.0005501535775335,-0.0006920268620268,-0.0006660587301587,-0.000671477020757,-0.0005981225885225,-0.0005793183150183,-0.0004917848595848
-0.0005555136263736,-0.0006007343101343,-0.0004957333333333,0.000575781001221,-3.0389572649572364e-05,-0.000547114041514,-0.0006920268620268,-0.0006690999999999,-0.000671477020757,-0.0005981225885225,-0.0005823356532356,-0.0004917848595848
-0.0005585492551892,-0.0005946664224664,-0.0004896507936507,0.000575781001221,-3.342908424908396e-05,-0.0005410349694749,-0.0006920268620268,-0.0006690999999999,-0.0006775263003663,-0.0006041645909645,-0.0005823356532356,-0.0004887675213675
-0.0005646205128205,-0.0005825306471306,-0.0004744444444444,0.0005727506959706,-4.558713064713037e-05,-0.0005288768253968,-0.0006950754578754,-0.0006630174603174,-0.000671477020757,-0.0005951015873015,-0.0005702663003663,-0.0004797155067155
-0.0005555136263736,-0.0005764627594627,-0.0004744444444444,0.0005636597802197,-3.950810744810717e-05,-0.0005258372893772,-0.000698124053724,-0.0006630174603174,-0.0006684523809523,-0.0005860385836385,-0.0005642316239316,-0.0004766981684981
-0.0005464067399267,-0.0005825306471306,-0.0004896507936507,0.0005636597802197,-2.735006105006077e-05,-0.0005349558974358,-0.0006950754578754,-0.0006569349206349,-0.0006624031013431,-0.0005830175824175,-0.0005642316239316,-0.0004766981684981
-0.0005433711111111,-0.0005946664224664,-0.0005048571428571,0.00056669008547,-1.823152625152597e-05,-0.0005501535775335,-0.0006889782661782,-0.0006538936507936,-0.0006593784615384,-0.0005860385836385,-0.0005642316239316,-0.0004766981684981
-0.0005433711111111,-0.0005885985347985,-0.0004987746031746,0.0005636597802197,-2.1271037851037568e-05,-0.0005440745054945,-0.0006950754578754,-0.0006599761904761,-0.0006624031013431,-0.0005890595848595,-0.0005672489621489,-0.0004766981684981
-0.0005342642246642,-0.0005764627594627,-0.000492692063492,0.0005545688644688,-2.1271037851037568e-05,-0.0005349558974358,-0.0007011726495726,-0.0006599761904761,-0.0006624031013431,-0.0005890595848595,-0.0005672489621489,-0.0004766981684981
-0.0005372998534798,-0.0005643269841269,-0.0004805269841269,0.0005485082539682,-2.735006105006077e-05,-0.0005227977533577,-0.0007072698412698,-0.0006630174603174,-0.0006654277411477,-0.0005860385836385,-0.0005642316239316,-0.0004797155067155
-0.0005433711111111,-0.000558259096459,-0.0004653206349206,0.0005485082539682,-3.950810744810717e-05,-0.0005106396092796,-0.0007103184371184,-0.0006599761904761,-0.0006624031013431,-0.0005799965811965,-0.0005581969474969,-0.0004797155067155
-0.0005555136263736,-0.000558259096459,-0.000459238095238,0.0005545688644688,-4.862664224664196e-05,-0.00050760007326,-0.0007072698412698,-0.0006599761904761,-0.0006624031013431,-0.0005799965811965,-0.0005612142857142,-0.0004827328449328
-0.0005433711111111,-0.0005552251526251,-0.0004653206349206,0.0005485082539682,-3.950810744810717e-05,-0.0005106396092796,-0.000713367032967,-0.0006690999999999,-0.0006684523809523,-0.0005860385836385,-0.0005642316239316,-0.0004827328449328
-0.0005221217094017,-0.0005430893772893,-0.0004714031746031,0.0005303264224664,-2.4310549450549165e-05,-0.00050760007326,-0.0007225128205128,-0.0006721412698412,-0.0006745016605616,-0.0005830175824175,-0.0005612142857142,-0.0004797155067155
-0.0005251573382173,-0.0005370214896214,-0.0004653206349206,0.0005303264224664,-3.0389572649572364e-05,-0.000501521001221,-0.0007255614163614,-0.0006751825396825,-0.0006684523809523,-0.0005739545787545,-0.0005461275946275,-0.0004676461538461
-0.0005494423687423,-0.0005461233211233,-0.0004501142857142,0.0005454779487179,-4.862664224664196e-05,-0.0004984814652014,-0.000713367032967,-0.0006630174603174,-0.0006533291819291,-0.0005558285714285,-0.0005280235653235,-0.0004465247863247
-0.0005555136263736,-0.000561293040293,-0.0004622793650793,0.0005575991697191,-4.558713064713037e-05,-0.0005106396092796,-0.0007072698412698,-0.0006599761904761,-0.0006503045421245,-0.0005528075702075,-0.0005310409035409,-0.0004495421245421
-0.0005372998534798,-0.000561293040293,-0.0004774857142857,0.0005485082539682,-3.0389572649572364e-05,-0.0005197582173382,-0.000713367032967,-0.0006690999999999,-0.0006624031013431,-0.0005648915750915,-0.0005431102564102,-0.0004616114774114
-0.0005312285958485,-0.0005461233211233,-0.0004683619047619,0.000536387032967,-3.0389572649572364e-05,-0.00050760007326,-0.0007194642246642,-0.0006751825396825,-0.000671477020757,-0.0005679125763125,-0.0005431102564102,-0.0004585941391941
-0.0005403354822954,-0.0005491572649572,-0.0004622793650793,0.0005424476434676,-3.950810744810717e-05,-0.0005045605372405,-0.0007194642246642,-0.0006751825396825,-0.000671477020757,-0.0005679125763125,-0.0005400929181929,-0.0004555768009768
-0.0005372998534798,-0.0005461233211233,-0.0004622793650793,0.0005394173382173,-3.6468595848595565e-05,-0.0005045605372405,-0.0007225128205128,-0.0006782238095238,-0.0006745016605616,-0.0005739545787545,-0.0005461275946275,-0.0004585941391941
-0.0005342642246642,-0.0005400554334554,-0.0004622793650793,0.000536387032967,-3.6468595848595565e-05,-0.000501521001221,-0.0007316586080586,-0.0006903888888888,-0.0006835755799755,-0.0005799965811965,-0.0005551796092796,-0.0004646288156288
-0.0005372998534798,-0.0005430893772893,-0.0004622793650793,0.0005394173382173,-3.6468595848595565e-05,-0.000501521001221,-0.0007316586080586,-0.0006934301587301,-0.0006866002197802,-0.0005799965811965,-0.0005551796092796,-0.0004646288156288
-0.0005403354822954,-0.0005552251526251,-0.0004683619047619,0.0005454779487179,-3.6468595848595565e-05,-0.0005106396092796,-0.0007255614163614,-0.0006843063492063,-0.0006805509401709,-0.0005739545787545,-0.0005491449328449,-0.0004616114774114
-0.0005433711111111,-0.000561293040293,-0.0004744444444444,0.0005515385592185,-3.342908424908396e-05,-0.0005167186813186,-0.0007255614163614,-0.0006782238095238,-0.0006775263003663,-0.0005679125763125,-0.0005400929181929,-0.0004555768009768
-0.0005403354822954,-0.000558259096459,-0.0004714031746031,0.0005485082539682,-3.342908424908396e-05,-0.0005136791452991,-0.00072861001221,-0.0006873476190476,-0.0006835755799755,-0.0005739545787545,-0.0005431102564102,-0.0004616114774114
-0.0005372998534798,-0.0005552251526251,-0.0004744444444444,0.0005454779487179,-3.0389572649572364e-05,-0.0005136791452991,-0.00072861001221,-0.0006903888888888,-0.0006866002197802,-0.0005830175824175,-0.0005551796092796,-0.0004706634920634
-0.0005372998534798,-0.000558259096459,-0.0004714031746031,0.0005454779487179,-3.342908424908396e-05,-0.0005136791452991,-0.00072861001221,-0.0006934301587301,-0.0006866002197802,-0.0005799965811965,-0.0005581969474969,-0.0004706634920634
-0.0005342642246642,-0.000561293040293,-0.0004774857142857,0.0005454779487179,-2.735006105006077e-05,-0.0005197582173382,-0.00072861001221,-0.0006903888888888,-0.0006835755799755,-0.0005739545787545,-0.0005551796092796,-0.0004676461538461
-0.0005281929670329,-0.0005703948717948,-0.000492692063492,0.0005485082539682,-1.823152625152597e-05,-0.0005319163614163,-0.00072861001221,-0.0006903888888888,-0.0006866002197802,-0.0005769755799755,-0.0005581969474969,-0.0004706634920634
-0.0005342642246642,-0.0005703948717948,-0.0004896507936507,0.0005515385592185,-2.1271037851037568e-05,-0.0005288768253968,-0.00072861001221,-0.0006995126984126,-0.0006896248595848,-0.0005769755799755,-0.0005521622710622,-0.0004706634920634
-0.0005372998534798,-0.0005673609279609,-0.0004805269841269,0.0005515385592185,-2.735006105006077e-05,-0.0005227977533577,-0.00072861001221,-0.0006995126984126,-0.0006926494993894,-0.0005769755799755,-0.0005521622710622,-0.0004706634920634
-0.0005494423687423,-0.0005673609279609,-0.0004714031746031,0.0005575991697191,-3.950810744810717e-05,-0.0005197582173382,-0.0007255614163614,-0.0006964714285714,-0.0006926494993894,-0.0005799965811965,-0.0005551796092796,-0.0004736808302808
-0.0005524779975579,-0.0005703948717948,-0.0004714031746031,0.0005606294749694,-3.950810744810717e-05,-0.0005197582173382,-0.0007194642246642,-0.0006964714285714,-0.0006896248595848,-0.0005799965811965,-0.0005521622710622,-0.0004706634920634
-0.0005433711111111,-0.0005673609279609,-0.0004774857142857,0.0005545688644688,-3.342908424908396e-05,-0.0005227977533577,-0.0007194642246642,-0.0006964714285714,-0.0006896248595848,-0.0005799965811965,-0.0005491449328449,-0.0004646288156288
-0.0005372998534798,-0.0005703948717948,-0.0004866095238095,0.0005515385592185,-2.4310549450549165e-05,-0.0005288768253968,-0.0007225128205128,-0.0006995126984126,-0.0006926494993894,-0.0005830175824175,-0.0005551796092796,-0.0004676461538461
-0.0005372998534798,-0.0005734288156288,-0.0004866095238095,0.0005545688644688,-2.4310549450549165e-05,-0.0005288768253968,-0.0007255614163614,-0.0007055952380952,-0.0006986987789987,-0.0005890595848595,-0.0005581969474969,-0.0004706634920634
-0.0005403354822954,-0.0005643269841269,-0.0004744444444444,0.0005515385592185,-3.342908424908396e-05,-0.0005197582173382,-0.0007225128205128,-0.0007116777777777,-0.000704748058608,-0.0005890595848595,-0.0005612142857142,-0.0004706634920634
-0.0005433711111111,-0.000561293040293,-0.0004714031746031,0.0005515385592185,-3.6468595848595565e-05,-0.0005167186813186,-0.0007194642246642,-0.0007116777777777,-0.0006986987789987,-0.0005830175824175,-0.0005551796092796,-0.0004676461538461
-0.0005403354822954,-0.0005734288156288,-0.0004866095238095,0.0005545688644688,-2.735006105006077e-05,-0.0005288768253968,-0.0007194642246642,-0.0007086365079365,-0.0006956741391941,-0.0005830175824175,-0.0005551796092796,-0.0004706634920634
-0.0005342642246642,-0.0005825306471306,-0.0005018158730158,0.0005575991697191,-1.5192014652014368e-05,-0.0005410349694749,-0.0007194642246642,-0.0007025539682539,-0.0006986987789987,-0.0005830175824175,-0.0005551796092796,-0.0004736808302808
-0.0005342642246642,-0.0005885985347985,-0.0005078984126984,0.0005606294749694,-1.2152503052502767e-05,-0.000547114041514,-0.000713367032967,-0.0006995126984126,-0.0006956741391941,-0.0005799965811965,-0.0005581969474969,-0.0004736808302808
-0.0005403354822954,-0.0005794967032967,-0.000492692063492,0.0005575991697191,-2.4310549450549165e-05,-0.0005349558974358,-0.000713367032967,-0.0007025539682539,-0.0006986987789987,-0.0005860385836385,-0.0005642316239316,-0.0004797155067155
-0.0005464067399267,-0.0005703948717948,-0.0004714031746031,0.0005575991697191,-3.6468595848595565e-05,-0.0005197582173382,-0.000713367032967,-0.0007086365079365,-0.000704748058608,-0.0005920805860805,-0.0005702663003663,-0.0004827328449328
-0.0005464067399267,-0.0005643269841269,-0.0004714031746031,0.0005545688644688,-3.6468595848595565e-05,-0.0005167186813186,-0.000713367032967,-0.0007055952380952,-0.000704748058608,-0.0005951015873015,-0.0005672489621489,-0.0004857501831501
-0.0005312285958485,-0.0005734288156288,-0.0004957333333333,0.0005515385592185,-1.823152625152597e-05,-0.0005349558974358,-0.000713367032967,-0.0007055952380952,-0.000704748058608,-0.0005951015873015,-0.0005732836385836,-0.0004857501831501
-0.0005221217094017,-0.0005885985347985,-0.0005139809523809,0.0005545688644688,-3.03396825396797e-06,-0.0005501535775335,-0.0007103184371184,-0.0007086365079365,-0.000704748058608,-0.0005951015873015,-0.0005763009768009,-0.0004857501831501
-0.0005372998534798,-0.0005916324786324,-0.0005078984126984,0.0005636597802197,-1.5192014652014368e-05,-0.0005501535775335,-0.0007042212454212,-0.0007055952380952,-0.0007017234188034,-0.0005890595848595,-0.0005672489621489,-0.0004736808302808
-0.0005464067399267,-0.0005825306471306,-0.000492692063492,0.0005636597802197,-2.735006105006077e-05,-0.0005379954334554,-0.0007042212454212,-0.0007055952380952,-0.0006986987789987,-0.0005799965811965,-0.0005551796092796,-0.0004646288156288
-0.0005403354822954,-0.0005794967032967,-0.000492692063492,0.0005575991697191,-2.4310549450549165e-05,-0.0005349558974358,-0.000713367032967,-0.0007025539682539,-0.0006986987789987,-0.0005769755799755,-0.0005521622710622,-0.0004646288156288
-0.0005403354822954,-0.0005825306471306,-0.0004987746031746,0.0005606294749694,-2.1271037851037568e-05,-0.0005410349694749,-0.000713367032967,-0.0007055952380952,-0.000704748058608,-0.0005830175824175,-0.0005581969474969,-0.0004706634920634
-0.0005433711111111,-0.0005825306471306,-0.000492692063492,0.0005606294749694,-2.4310549450549165e-05,-0.0005379954334554,-0.0007103184371184,-0.0007116777777777,-0.000704748058608,-0.0005920805860805,-0.0005642316239316,-0.0004766981684981
-0.0005372998534798,-0.0005734288156288,-0.0004866095238095,0.0005545688644688,-2.4310549450549165e-05,-0.0005288768253968,-0.0007072698412698,-0.0007116777777777,-0.0007077726984126,-0.0005920805860805,-0.0005702663003663,-0.0004797155067155
-0.0005372998534798,-0.0005794967032967,-0.000492692063492,0.0005575991697191,-2.1271037851037568e-05,-0.0005349558974358,-0.0007072698412698,-0.0007116777777777,-0.0007077726984126,-0.0005951015873015,-0.0005702663003663,-0.0004827328449328
-0.0005403354822954,-0.0005885985347985,-0.0005048571428571,0.0005636597802197,-1.823152625152597e-05,-0.000547114041514,-0.0007072698412698,-0.0007086365079365,-0.0007077726984126,-0.0005951015873015,-0.0005702663003663,-0.0004827328449328
-0.0005372998534798,-0.0005977003663003,-0.0005139809523809,0.00056669008547,-1.2152503052502767e-05,-0.0005562326495726,-0.0007103184371184,-0.0007086365079365,-0.0007077726984126,-0.0005951015873015,-0.0005702663003663,-0.0004797155067155
-0.0005464067399267,-0.0005946664224664,-0.0005048571428571,0.0005697203907203,-2.1271037851037568e-05,-0.0005501535775335,-0.0007103184371184,-0.0007086365079365,-0.0007077726984126,-0.0005890595848595,-0.0005612142857142,-0.0004736808302808
-0.0005494423687423,-0.0005855645909645,-0.0004957333333333,0.00056669008547,-2.735006105006077e-05,-0.0005410349694749,-0.0007072698412698,-0.000714719047619,-0.000704748058608,-0.0005860385836385,-0.0005581969474969,-0.0004706634920634
-0.0005312285958485,-0.0005855645909645,-0.0005048571428571,0.0005575991697191,-1.2152503052502767e-05,-0.0005440745054945,-0.0007072698412698,-0.0007177603174603,-0.0007077726984126,-0.0005920805860805,-0.0005642316239316,-0.0004766981684981
-0.0005281929670329,-0.0005825306471306,-0.0005078984126984,0.0005545688644688,-9.11299145299117e-06,-0.0005440745054945,-0.0007072698412698,-0.0007086365079365,-0.0007077726984126,-0.0005951015873015,-0.0005642316239316,-0.0004797155067155
-0.0005433711111111,-0.0005916324786324,-0.0005048571428571,0.00056669008547,-1.823152625152597e-05,-0.000547114041514,-0.0007042212454212,-0.0007086365079365,-0.0007077726984126,-0.0005890595848595,-0.0005642316239316,-0.0004766981684981
-0.0005403354822954,-0.0005946664224664,-0.0005109396825396,0.00056669008547,-1.5192014652014368e-05,-0.0005531931135531,-0.0007072698412698,-0.0007116777777777,-0.0007138219780219,-0.0005920805860805,-0.0005702663003663,-0.0004827328449328
-0.0005403354822954,-0.0005855645909645,-0.0004987746031746,0.0005606294749694,-2.1271037851037568e-05,-0.0005410349694749,-0.0007042212454212,-0.0007116777777777,-0.0007107973382173,-0.0005920805860805,-0.0005702663003663,-0.0004797155067155
-0.0005372998534798,-0.0005885985347985,-0.0005018158730158,0.0005606294749694,-1.823152625152597e-05,-0.0005440745054945,-0.0007042212454212,-0.0007086365079365,-0.0007107973382173,-0.0005920805860805,-0.0005672489621489,-0.0004797155067155
-0.0005372998534798,-0.0005885985347985,-0.0005048571428571,0.0005606294749694,-1.5192014652014368e-05,-0.000547114041514,-0.0007011726495726,-0.0007086365079365,-0.0007107973382173,-0.0005920805860805,-0.0005642316239316,-0.0004736808302808
-0.0005342642246642,-0.0005825306471306,-0.0005018158730158,0.0005575991697191,-1.5192014652014368e-05,-0.0005410349694749,-0.0007072698412698,-0.0007086365079365,-0.0007107973382173,-0.0005920805860805,-0.0005672489621489,-0.0004736808302808
-0.0005403354822954,-0.0005885985347985,-0.0005018158730158,0.0005636597802197,-1.823152625152597e-05,-0.0005440745054945,-0.0007072698412698,-0.000714719047619,-0.0007138219780219,-0.0005920805860805,-0.0005672489621489,-0.0004797155067155
-0.0005372998534798,-0.0005885985347985,-0.0005048571428571,0.0005606294749694,-1.5192014652014368e-05,-0.000547114041514,-0.0007011726495726,-0.0007116777777777,-0.0007138219780219,-0.0005951015873015,-0.0005702663003663,-0.0004827328449328
-0.0005433711111111,-0.0005825306471306,-0.0004957333333333,0.0005606294749694,-2.4310549450549165e-05,-0.0005379954334554,-0.0006950754578754,-0.0007086365079365,-0.0007138219780219,-0.0005951015873015,-0.0005672489621489,-0.0004766981684981
-0.0005494423687423,-0.0005764627594627,-0.0004774857142857,0.0005606294749694,-3.6468595848595565e-05,-0.0005258372893772,-0.0006950754578754,-0.0007055952380952,-0.0007077726984126,-0.0005890595848595,-0.0005612142857142,-0.0004706634920634
-0.0005433711111111,-0.0005703948717948,-0.0004774857142857,0.0005545688644688,-3.342908424908396e-05,-0.0005227977533577,-0.0006950754578754,-0.0007055952380952,-0.0007077726984126,-0.0005830175824175,-0.0005581969474969,-0.0004736808302808
-0.0005433711111111,-0.0005673609279609,-0.0004744444444444,0.0005545688644688,-3.342908424908396e-05,-0.0005197582173382,-0.0006920268620268,-0.0007025539682539,-0.0007017234188034,-0.0005769755799755,-0.0005551796092796,-0.0004706634920634
-0.0005312285958485,-0.0005643269841269,-0.0004866095238095,0.0005454779487179,-2.1271037851037568e-05,-0.0005258372893772,-0.0006889782661782,-0.0007025539682539,-0.0007017234188034,-0.0005769755799755,-0.0005551796092796,-0.0004706634920634
-0.0005312285958485,-0.000561293040293,-0.0004835682539682,0.0005454779487179,-2.4310549450549165e-05,-0.0005227977533577,-0.0006859296703296,-0.0006964714285714,-0.0006956741391941,-0.0005769755799755,-0.0005521622710622,-0.0004676461538461
-0.0005312285958485,-0.0005461233211233,-0.0004653206349206,0.000536387032967,-3.342908424908396e-05,-0.0005045605372405,-0.000682881074481,-0.0006903888888888,-0.0006866002197802,-0.0005618705738705,-0.0005431102564102,-0.0004585941391941
-0.000519086080586,-0.0005218517704517,-0.0004561968253968,0.0005182052014652,-3.0389572649572364e-05,-0.0004893628571428,-0.0006767838827838,-0.000681265079365,-0.0006745016605616,-0.0005528075702075,-0.0005310409035409,-0.0004495421245421
-0.0005039079365079,-0.0004945462759462,-0.000447073015873,0.000496993064713,-2.735006105006077e-05,-0.0004711256410256,-0.000667638095238,-0.0006751825396825,-0.0006654277411477,-0.0005467655677655,-0.0005250062271062,-0.0004465247863247
-0.0005069435653235,-0.0004824105006105,-0.0004318666666666,0.0004939627594627,-3.6468595848595565e-05,-0.0004559279609279,-0.000667638095238,-0.0006660587301587,-0.0006563538217338,-0.0005407235653235,-0.0005219888888888,-0.0004435074481074
-0.0005039079365079,-0.0004763426129426,-0.0004257841269841,0.0004879021489621,-3.950810744810717e-05,-0.0004498488888888,-0.0006767838827838,-0.0006538936507936,-0.0006442552625152,-0.0005316605616605,-0.0005129368742368,-0.0004344554334554
-0.0004978366788766,-0.0004672407814407,-0.0004288253968253,0.0004818415384615,-3.342908424908396e-05,-0.0004468093528693,-0.0006859296703296,-0.0006447698412698,-0.0006382059829059,-0.0005225975579975,-0.0005038848595848,-0.0004254034188034
-0.0005008723076923,-0.0004672407814407,-0.0004227428571428,0.0004818415384615,-3.950810744810717e-05,-0.0004437698168498,-0.000698124053724,-0.0006447698412698,-0.0006321567032967,-0.0005165555555555,-0.0004978501831501,-0.0004193687423687
-0.0005099791941391,-0.0004854444444444,-0.0004288253968253,0.000496993064713,-3.950810744810717e-05,-0.0004559279609279,-0.0007164156288156,-0.0006660587301587,-0.0006442552625152,-0.0005256185592185,-0.0005038848595848,-0.000422386080586
-0.0005099791941391,-0.0004945462759462,-0.0004379492063492,0.0005000233699633,-3.6468595848595565e-05,-0.0004650465689865,-0.0007255614163614,-0.0006843063492063,-0.0006624031013431,-0.0005407235653235,-0.0005189715506715,-0.0004344554334554
-0.0005039079365079,-0.0004945462759462,-0.0004440317460317,0.000496993064713,-3.0389572649572364e-05,-0.0004680861050061,-0.0007225128205128,-0.0006934301587301,-0.000671477020757,-0.0005497865689865,-0.0005280235653235,-0.0004435074481074
-0.0005008723076923,-0.0005218517704517,-0.0004683619047619,0.0005091142857142,-1.5192014652014368e-05,-0.0004954419291819,-0.0007194642246642,-0.0006995126984126,-0.0006835755799755,-0.0005588495726495,-0.0005370755799755,-0.0004495421245421
-0.0005130148229548,-0.0005400554334554,-0.0004805269841269,0.0005242658119658,-1.5192014652014368e-05,-0.0005106396092796,-0.0007194642246642,-0.0006995126984126,-0.0006926494993894,-0.0005588495726495,-0.0005370755799755,-0.0004525594627594
-0.000519086080586,-0.0005370214896214,-0.0004714031746031,0.0005272961172161,-2.4310549450549165e-05,-0.0005045605372405,-0.0007194642246642,-0.0006995126984126,-0.0006896248595848,-0.0005558285714285,-0.0005310409035409,-0.0004465247863247
-0.0005069435653235,-0.0005309536019536,-0.0004774857142857,0.0005182052014652,-1.5192014652014368e-05,-0.0005045605372405,-0.00072861001221,-0.0007055952380952,-0.0006986987789987,-0.0005618705738705,-0.0005340582417582,-0.0004465247863247
-0.0005039079365079,-0.0005400554334554,-0.0004896507936507,0.0005212355067155,-6.07347985347957e-06,-0.0005136791452991,-0.00072861001221,-0.000714719047619,-0.0007077726984126,-0.0005739545787545,-0.0005431102564102,-0.0004525594627594
-0.0005069435653235,-0.0005643269841269,-0.0005078984126984,0.0005333567277167,5.543345543628675e-09,-0.0005349558974358,-0.0007225128205128,-0.0007177603174603,-0.0007198712576312,-0.0005890595848595,-0.0005581969474969,-0.0004706634920634
-0.0005130148229548,-0.0005794967032967,-0.0005139809523809,0.0005454779487179,5.543345543628675e-09,-0.000547114041514,-0.0007194642246642,-0.0007177603174603,-0.0007228958974358,-0.0005920805860805,-0.0005642316239316,-0.0004766981684981
-0.0005403354822954,-0.0005794967032967,-0.000492692063492,0.0005575991697191,-2.4310549450549165e-05,-0.0005349558974358,-0.000713367032967,-0.0007208015873015,-0.0007228958974358,-0.0005951015873015,-0.0005642316239316,-0.0004766981684981
-0.0005464067399267,-0.0005703948717948,-0.0004774857142857,0.0005575991697191,-3.342908424908396e-05,-0.0005227977533577,-0.0007072698412698,-0.0007238428571428,-0.0007228958974358,-0.0005920805860805,-0.0005642316239316,-0.0004766981684981
-0.0005494423687423,-0.0005703948717948,-0.0004714031746031,0.0005575991697191,-3.950810744810717e-05,-0.0005197582173382,-0.0007072698412698,-0.0007299253968253,-0.0007228958974358,-0.0005920805860805,-0.0005642316239316,-0.0004797155067155
-0.0005524779975579,-0.0005825306471306,-0.0004805269841269,0.00056669008547,-3.6468595848595565e-05,-0.0005319163614163,-0.0007072698412698,-0.0007360079365079,-0.0007289451770451,-0.0005981225885225,-0.0005732836385836,-0.0004857501831501
-0.0005524779975579,-0.0005977003663003,-0.0004957333333333,0.0005727506959706,-2.735006105006077e-05,-0.000547114041514,-0.0007072698412698,-0.0007420904761904,-0.0007349944566544,-0.0006071855921855,-0.0005763009768009,-0.0004887675213675
-0.0005585492551892,-0.0006037682539682,-0.0004957333333333,0.0005788113064713,-3.0389572649572364e-05,-0.0005501535775335,-0.0007072698412698,-0.0007420904761904,-0.000738019096459,-0.0006071855921855,-0.0005793183150183,-0.0004917848595848
-0.0005646205128205,-0.0006007343101343,-0.000492692063492,0.0005818416117216,-3.6468595848595565e-05,-0.000547114041514,-0.000698124053724,-0.0007390492063492,-0.0007349944566544,-0.0006071855921855,-0.0005763009768009,-0.0004887675213675
-0.0005615848840048,-0.0006068021978021,-0.0004957333333333,0.0005818416117216,-3.342908424908396e-05,-0.0005501535775335,-0.000698124053724,-0.0007360079365079,-0.0007349944566544,-0.0006041645909645,-0.0005763009768009,-0.0004917848595848
-0.0005615848840048,-0.0006068021978021,-0.0004957333333333,0.0005818416117216,-3.342908424908396e-05,-0.0005501535775335,-0.0007042212454212,-0.0007329666666666,-0.0007349944566544,-0.0006041645909645,-0.0005763009768009,-0.0004948021978021
-0.0005615848840048,-0.0005977003663003,-0.0004866095238095,0.0005788113064713,-3.6468595848595565e-05,-0.0005410349694749,-0.0007072698412698,-0.0007299253968253,-0.0007289451770451,-0.0005981225885225,-0.0005732836385836,-0.0004917848595848
-0.0005585492551892,-0.0005977003663003,-0.0004896507936507,0.000575781001221,-3.342908424908396e-05,-0.0005440745054945,-0.0007072698412698,-0.0007329666666666,-0.0007319698168498,-0.0006011435897435,-0.0005763009768009,-0.0004948021978021
-0.0005615848840048,-0.0005916324786324,-0.0004835682539682,0.000575781001221,-3.950810744810717e-05,-0.0005379954334554,-0.0007042212454212,-0.0007329666666666,-0.0007289451770451,-0.0006041645909645,-0.0005793183150183,-0.0004948021978021
-0.0005585492551892,-0.0005855645909645,-0.0004835682539682,0.0005697203907203,-3.6468595848595565e-05,-0.0005349558974358,-0.0007042212454212,-0.0007268841269841,-0.0007198712576312,-0.0005951015873015,-0.0005702663003663,-0.0004917848595848
-0.0005494423687423,-0.0005855645909645,-0.0004866095238095,0.00056669008547,-3.0389572649572364e-05,-0.0005349558974358,-0.0007011726495726,-0.0007268841269841,-0.0007168466178266,-0.0005890595848595,-0.0005672489621489,-0.0004827328449328
-0.0005524779975579,-0.0005855645909645,-0.0004866095238095,0.00056669008547,-3.342908424908396e-05,-0.0005349558974358,-0.0007042212454212,-0.0007268841269841,-0.0007198712576312,-0.0005890595848595,-0.0005642316239316,-0.0004766981684981
-0.0005555136263736,-0.0005825306471306,-0.0004805269841269,0.00056669008547,-3.6468595848595565e-05,-0.0005319163614163,-0.0007103184371184,-0.0007268841269841,-0.0007198712576312,-0.0005860385836385,-0.0005612142857142,-0.0004736808302808
-0.0005555136263736,-0.0005916324786324,-0.000492692063492,0.0005727506959706,-3.0389572649572364e-05,-0.0005410349694749,-0.0007042212454212,-0.0007116777777777,-0.000704748058608,-0.0005830175824175,-0.0005672489621489,-0.0004857501831501
-0.0005494423687423,-0.0005734288156288,-0.0004774857142857,0.0005606294749694,-3.6468595848595565e-05,-0.0005258372893772,-0.0006950754578754,-0.0006690999999999,-0.0006563538217338,-0.0005679125763125,-0.0005732836385836,-0.0005038542124542
-0.0005464067399267,-0.0005006141636141,-0.0004075365079365,0.0005212355067155,-6.990322344322315e-05,-0.0004528884249084,-0.000698124053724,-0.0006265222222222,-0.0005867871062271,-0.0005286395604395,-0.0005521622710622,-0.0005008368742368
-0.0005069435653235,-0.0003549848595848,-0.0003041333333333,0.0004303263492063,-0.0001002983394383,-0.0003282674481074,-0.00072861001221,-0.0005292015873015,-0.0004658015140415,-0.0004259255189255,-0.0004767288156288,-0.0004525594627594
-0.0004006965567765,-0.000130473015873,-0.000188565079365,0.0002636595604395,-0.0001063773626373,-0.0001580534310134,-0.0007895819291819,-0.0003953857142857,-0.000260126007326,-0.0001993504273504,-0.0003077578754578,-0.0003469526251526
-0.0002610576312576,0.0002123626373626,1.5200000000000092e-05,2.426544566544569e-05,-0.0001367724786324,0.0001124652747252,-0.0009359145299145,-0.0004470873015873,-3.6302661782661866e-05,0.0001329597069597,-9.041391941392096e-06,-0.0001116002442002
-0.0001244543345543,0.0006280129426129,0.0002919555555555,-0.0002514923321123,-0.0002066812454212,0.0004589723809523,-0.0011919965811965,-0.0007390492063492,0.0001240032478632,0.0005196478632478,0.0003892472527472,0.0002353936507936
6.446886446610733e-09,0.0009951201465201,0.0005291746031746,-0.000496947057387,-0.0002644319658119,0.0007629259829059,-0.0015273421245421,-0.0011252904761904,0.0001300525274725,0.0008579999999999,0.0007724492063492,0.0005914395604395
8.803968253968226e-05,0.0012226659340659,0.000669073015873,-0.0006545229304029,-0.000288748058608,0.0009452981440781,-0.0018382989010989,-0.001481119047619,6.042295482295402e-06,0.001024155067155,0.0010198709401709,0.0008660173382173
9.107531135531109e-05,0.0010588329670329,0.0005048444444444,-0.0005727046886446,-0.0002066812454212,0.0007811631990231,-0.0019358539682539,-0.0016635952380952,-0.0002722245665445,0.0007885169719169,0.000905212087912,0.0008780866910866
-0.0001001693040293,0.0004095689865689,4.865396825396834e-05,-0.0001545225641025,-7.294273504273476e-05,0.0002279676434676,-0.0017407438339438,-0.0017487507936507,-0.0007652408547008,0.0001359807081807,0.0004073512820512,0.0005733355311355
-0.0003612333821733,-5.159047619047599e-05,-0.0001459873015873,0.0002060837606837,-0.0001063773626373,-9.726271062271064e-05,-0.0015181963369963,-0.0018947317460317,-0.0012401093040293,-0.0004500935286935,-2.412808302808318e-05,0.0002987577533577
-0.0005221217094017,-0.0002700344322344,-0.0001976888888888,0.0003939626862026,-0.0001610885714285,-0.0002340418315018,-0.0013596693528693,-0.0018947317460317,-0.0014336862515262,-0.0007521936507936,-0.0002896538461538,9.056141636141577e-05
-0.0005828342857142,-0.000455105006105,-0.0003284634920634,0.0005182052014652,-0.0001276539438339,-0.0003920977045177,-0.0012285797313797,-0.0016757603174603,-0.0013610948962148,-0.0008156346764346,-0.000443538095238,-9.953089133089192e-05
-0.0005980124297924,-0.0005552251526251,-0.0004105777777777,0.000575781001221,-9.421931623931596e-05,-0.0004832837851037,-0.0011310246642246,-0.0014446238095238,-0.0012189368253968,-0.0007824036630036,-0.0005159542124542,-0.0002383284493284
-0.0005919411721611,-0.0005916324786324,-0.0004561968253968,0.0005909325274725,-6.686371184371155e-05,-0.0005227977533577,-0.0010273724053724,-0.0012378174603174,-0.0010888773137973,-0.0007431306471306,-0.0005491449328449,-0.0003288485958485
-0.000576763028083,-0.0005977003663003,-0.0004774857142857,0.0005848719169719,-4.862664224664196e-05,-0.0005379954334554,-0.0008962827838827,-0.0010279698412698,-0.0009618424420024,-0.0006917736263736,-0.0005612142857142,-0.000386178021978
-0.0005524779975579,-0.0005734288156288,-0.0004744444444444,0.0005606294749694,-3.950810744810717e-05,-0.0005227977533577,-0.0007865333333333,-0.0008424523809523,-0.0008469061294261,-0.0006343746031746,-0.0005521622710622,-0.0004193687423687
-0.0005342642246642,-0.0005339875457875,-0.0004531555555555,0.0005333567277167,-3.950810744810717e-05,-0.0004924023931623,-0.0007225128205128,-0.0007208015873015,-0.0007591915750915,-0.0005890595848595,-0.0005400929181929,-0.000431438095238
-0.0005372998534798,-0.0005127499389499,-0.0004318666666666,0.0005242658119658,-5.166615384615356e-05,-0.0004711256410256,-0.0006920268620268,-0.0006630174603174,-0.0007077726984126,-0.0005648915750915,-0.0005280235653235,-0.000431438095238
-0.0005494423687423,-0.0005157838827838,-0.0004227428571428,0.0005303264224664,-6.382420024419996e-05,-0.0004680861050061,-0.0006767838827838,-0.000635646031746,-0.0006835755799755,-0.0005588495726495,-0.0005310409035409,-0.0004404901098901
-0.0005464067399267,-0.0005248857142857,-0.0004318666666666,0.0005333567277167,-5.774517704517676e-05,-0.0004772047130647,-0.000667638095238,-0.0006173984126984,-0.0006805509401709,-0.0005618705738705,-0.0005400929181929,-0.0004495421245421
-0.0005251573382173,-0.0005339875457875,-0.000459238095238,0.0005272961172161,-3.342908424908396e-05,-0.0004954419291819,-0.0006645894993894,-0.0006052333333333,-0.0006805509401709,-0.0005709335775335,-0.0005551796092796,-0.0004646288156288
-0.0005221217094017,-0.0005339875457875,-0.0004653206349206,0.0005272961172161,-2.735006105006077e-05,-0.0004984814652014,-0.0006584923076923,-0.0005930682539682,-0.000671477020757,-0.0005679125763125,-0.0005551796092796,-0.0004706634920634
-0.0005433711111111,-0.0005339875457875,-0.000447073015873,0.000536387032967,-4.862664224664196e-05,-0.0004893628571428,-0.0006493465201465,-0.0005778619047619,-0.0006563538217338,-0.0005558285714285,-0.0005491449328449,-0.0004706634920634
-0.0005494423687423,-0.0005400554334554,-0.000447073015873,0.0005424476434676,-5.166615384615356e-05,-0.0004924023931623,-0.0006432493284493,-0.0005656968253968,-0.0006503045421245,-0.0005558285714285,-0.0005491449328449,-0.0004706634920634
-0.0005464067399267,-0.0005430893772893,-0.0004501142857142,0.0005424476434676,-4.862664224664196e-05,-0.0004954419291819,-0.0006402007326007,-0.000556573015873,-0.0006412306227106,-0.0005558285714285,-0.0005491449328449,-0.0004706634920634
-0.0005494423687423,-0.0005370214896214,-0.0004409904761904,0.0005424476434676,-5.470566544566516e-05,-0.0004893628571428,-0.0006432493284493,-0.0005504904761904,-0.0006382059829059,-0.0005558285714285,-0.0005491449328449,-0.0004706634920634
-0.0005464067399267,-0.0005400554334554,-0.0004440317460317,0.0005424476434676,-5.166615384615356e-05,-0.0004924023931623,-0.0006432493284493,-0.0005474492063492,-0.0006382059829059,-0.0005588495726495,-0.0005521622710622,-0.0004766981684981
-0.0005494423687423,-0.0005370214896214,-0.0004409904761904,0.0005424476434676,-5.470566544566516e-05,-0.0004893628571428,-0.0006402007326007,-0.0005444079365079,-0.0006382059829059,-0.0005618705738705,-0.0005551796092796,-0.0004797155067155
-0.0005494423687423,-0.0005339875457875,-0.0004379492063492,0.0005394173382173,-5.470566544566516e-05,-0.0004863233211233,-0.0006371521367521,-0.0005413666666666,-0.0006351813431013,-0.0005558285714285,-0.0005521622710622,-0.0004736808302808
-0.0005372998534798,-0.0005309536019536,-0.0004501142857142,0.0005333567277167,-4.254761904761877e-05,-0.0004893628571428,-0.0006402007326007,-0.0005322428571428,-0.0006321567032967,-0.0005528075702075,-0.0005491449328449,-0.0004736808302808
-0.0005281929670329,-0.0005370214896214,-0.000459238095238,0.0005303264224664,-3.342908424908396e-05,-0.0004984814652014,-0.0006402007326007,-0.0005292015873015,-0.0006321567032967,-0.0005528075702075,-0.0005491449328449,-0.0004797155067155
-0.0005312285958485,-0.0005339875457875,-0.0004561968253968,0.0005303264224664,-3.6468595848595565e-05,-0.0004954419291819,-0.0006402007326007,-0.0005200777777777,-0.0006261074236874,-0.0005497865689865,-0.0005491449328449,-0.0004766981684981
-0.0005342642246642,-0.0005309536019536,-0.0004501142857142,0.0005303264224664,-4.254761904761877e-05,-0.0004893628571428,-0.0006341035409035,-0.0005139952380952,-0.0006230827838827,-0.0005437445665445,-0.0005461275946275,-0.0004736808302808
-0.0005312285958485,-0.0005248857142857,-0.0004501142857142,0.0005272961172161,-3.950810744810717e-05,-0.0004863233211233,-0.0006310549450549,-0.0005109539682539,-0.0006170335042735,-0.0005467655677655,-0.0005431102564102,-0.0004706634920634
-0.0005251573382173,-0.0005309536019536,-0.000459238095238,0.0005272961172161,-3.342908424908396e-05,-0.0004954419291819,-0.0006310549450549,-0.0005048714285714,-0.0006140088644688,-0.0005437445665445,-0.0005461275946275,-0.0004706634920634
-0.0005342642246642,-0.0005309536019536,-0.000447073015873,0.0005303264224664,-4.254761904761877e-05,-0.0004893628571428,-0.0006310549450549,-0.0004957476190476,-0.0006109842246642,-0.0005407235653235,-0.0005431102564102,-0.0004676461538461
-0.0005433711111111,-0.0005218517704517,-0.0004318666666666,0.0005303264224664,-5.470566544566516e-05,-0.0004772047130647,-0.0006280063492063,-0.0004866238095238,-0.0006049349450549,-0.0005407235653235,-0.0005400929181929,-0.0004706634920634
-0.0005342642246642,-0.0005097159951159,-0.0004288253968253,0.0005212355067155,-5.166615384615356e-05,-0.0004680861050061,-0.0006280063492063,-0.000489665079365,-0.0006109842246642,-0.0005467655677655,-0.0005461275946275,-0.0004766981684981
-0.0005221217094017,-0.0005036481074481,-0.0004349079365079,0.0005121445909645,-4.254761904761877e-05,-0.0004680861050061,-0.0006280063492063,-0.000489665079365,-0.0006140088644688,-0.0005497865689865,-0.0005551796092796,-0.0004857501831501
-0.0005221217094017,-0.0005127499389499,-0.0004409904761904,0.0005151748962148,-3.950810744810717e-05,-0.0004772047130647,-0.0006249577533577,-0.0004805412698412,-0.0006049349450549,-0.0005467655677655,-0.0005581969474969,-0.0004917848595848
-0.0005251573382173,-0.0005309536019536,-0.0004561968253968,0.0005272961172161,-3.342908424908396e-05,-0.0004924023931623,-0.0006188605616605,-0.0004653349206349,-0.000595861025641,-0.0005467655677655,-0.0005581969474969,-0.0004887675213675
-0.0005281929670329,-0.0005370214896214,-0.0004622793650793,0.0005303264224664,-3.342908424908396e-05,-0.0004984814652014,-0.0006158119658119,-0.0004592523809523,-0.0005928363858363,-0.0005407235653235,-0.0005581969474969,-0.0004857501831501
-0.0005281929670329,-0.0005339875457875,-0.0004622793650793,0.0005303264224664,-3.342908424908396e-05,-0.0004984814652014,-0.0006127633699633,-0.0004531698412698,-0.0005867871062271,-0.0005346815628815,-0.0005491449328449,-0.0004797155067155
-0.0005251573382173,-0.0005370214896214,-0.0004683619047619,0.0005303264224664,-2.735006105006077e-05,-0.000501521001221,-0.0006097147741147,-0.0004470873015873,-0.0005837624664224,-0.0005377025641025,-0.0005491449328449,-0.0004766981684981
-0.0005221217094017,-0.0005339875457875,-0.0004653206349206,0.0005272961172161,-2.735006105006077e-05,-0.0004984814652014,-0.0006127633699633,-0.0004410047619047,-0.0005867871062271,-0.0005377025641025,-0.0005431102564102,-0.0004736808302808
-0.0005160504517704,-0.0005279196581196,-0.0004622793650793,0.0005212355067155,-2.735006105006077e-05,-0.0004954419291819,-0.0006127633699633,-0.0004318809523809,-0.0005807378266178,-0.0005346815628815,-0.0005400929181929,-0.0004736808302808
-0.0005160504517704,-0.0005279196581196,-0.0004622793650793,0.0005212355067155,-2.735006105006077e-05,-0.0004954419291819,-0.0006097147741147,-0.0004197158730158,-0.0005777131868131,-0.0005346815628815,-0.0005431102564102,-0.0004797155067155
-0.0005312285958485,-0.0005279196581196,-0.0004501142857142,0.0005272961172161,-3.950810744810717e-05,-0.0004893628571428,-0.0006005689865689,-0.0004045095238095,-0.0005686392673992,-0.0005346815628815,-0.0005461275946275,-0.0004797155067155
-0.0005251573382173,-0.0005188178266178,-0.0004440317460317,0.0005212355067155,-3.950810744810717e-05,-0.0004802442490842,-0.0006005689865689,-0.0004014682539682,-0.0005686392673992,-0.0005316605616605,-0.0005461275946275,-0.0004827328449328
-0.0005130148229548,-0.0005097159951159,-0.0004531555555555,0.0005091142857142,-3.0389572649572364e-05,-0.0004802442490842,-0.0006036175824175,-0.0003953857142857,-0.0005656146275946,-0.0005316605616605,-0.0005491449328449,-0.0004857501831501
-0.0005160504517704,-0.0005188178266178,-0.000459238095238,0.0005151748962148,-2.735006105006077e-05,-0.0004893628571428,-0.0006005689865689,-0.0003801793650793,-0.0005565407081807,-0.0005286395604395,-0.0005491449328449,-0.0004857501831501
-0.000519086080586,-0.0005279196581196,-0.0004622793650793,0.0005212355067155,-2.735006105006077e-05,-0.0004954419291819,-0.0005944717948717,-0.000364973015873,-0.0005474667887667,-0.0005256185592185,-0.0005461275946275,-0.0004797155067155
-0.0005160504517704,-0.0005218517704517,-0.0004622793650793,0.0005182052014652,-2.735006105006077e-05,-0.0004924023931623,-0.0005914231990231,-0.0003497666666666,-0.0005383928693528,-0.0005195765567765,-0.0005400929181929,-0.0004736808302808
-0.0005099791941391,-0.0005157838827838,-0.000459238095238,0.0005121445909645,-2.4310549450549165e-05,-0.0004863233211233,-0.0005883746031746,-0.0003345603174603,-0.0005323435897435,-0.0005165555555555,-0.0005370755799755,-0.0004676461538461
-0.0005039079365079,-0.0005036481074481,-0.0004531555555555,0.0005030536752136,-2.4310549450549165e-05,-0.0004772047130647,-0.0005914231990231,-0.0003193539682539,-0.0005293189499389,-0.0005135345543345,-0.0005340582417582,-0.0004676461538461
-0.0005039079365079,-0.0004884783882783,-0.0004379492063492,0.0004939627594627,-3.342908424908396e-05,-0.000462007032967,-0.0005883746031746,-0.0003011063492063,-0.000520245030525,-0.0005044715506715,-0.0005250062271062,-0.0004616114774114
-0.0005039079365079,-0.0004915123321123,-0.0004409904761904,0.000496993064713,-3.0389572649572364e-05,-0.0004650465689865,-0.0005792288156288,-0.0002798174603174,-0.0005081464713064,-0.0005014505494505,-0.0005219888888888,-0.0004616114774114
-0.0005039079365079,-0.0005006141636141,-0.0004501142857142,0.0005000233699633,-2.735006105006077e-05,-0.0004741651770451,-0.0005670344322344,-0.0002554873015873,-0.0004960479120879,-0.0004954085470085,-0.0005219888888888,-0.0004585941391941
-0.0004887297924297,-0.0004884783882783,-0.0004531555555555,0.0004879021489621,-1.823152625152597e-05,-0.0004711256410256,-0.0005670344322344,-0.0002402809523809,-0.0004930232722832,-0.0004923875457875,-0.0005189715506715,-0.0004585941391941
-0.000470516019536,-0.0004702747252747,-0.0004501142857142,0.0004697203174603,-9.11299145299117e-06,-0.0004589674969474,-0.000570083028083,-0.000218992063492,-0.0004899986324786,-0.0004923875457875,-0.0005189715506715,-0.0004555768009768
-0.0004583735042735,-0.0004581389499389,-0.0004531555555555,0.000457599096459,-3.03396825396797e-06,-0.0004559279609279,-0.0005731316239316,-0.0001977031746031,-0.0004869739926739,-0.0004923875457875,-0.0005189715506715,-0.0004525594627594
-0.0004644447619047,-0.0004490371184371,-0.0004379492063492,0.0004545687912087,-1.2152503052502767e-05,-0.0004437698168498,-0.0005670344322344,-0.0001764142857142,-0.0004748754334554,-0.0004863455433455,-0.0005129368742368,-0.0004465247863247
-0.0004674803907203,-0.0004369013431013,-0.0004166603174603,0.0004515384859584,-2.4310549450549165e-05,-0.0004255326007326,-0.00055484004884,-0.0001490428571428,-0.0004537029548229,-0.0004682195360195,-0.0004978501831501,-0.0004374727716727
-0.000470516019536,-0.0004277995115995,-0.0004075365079365,0.0004485081807081,-3.0389572649572364e-05,-0.0004164139926739,-0.0005456942612942,-0.0001216714285714,-0.0004385797557997,-0.0004531145299145,-0.0004827634920634,-0.0004254034188034
-0.0004644447619047,-0.0004156637362637,-0.0004075365079365,0.0004394172649572,-2.735006105006077e-05,-0.0004103349206349,-0.0005426456654456,-0.0001003825396825,-0.0004295058363858,-0.0004470725274725,-0.0004737114774114,-0.000413334065934
-0.0004523022466422,-0.00039746007326,-0.0003984126984126,0.0004242657387057,-2.735006105006077e-05,-0.0003981767765567,-0.0005487428571428,-8.213492063492033e-05,-0.0004264811965811,-0.0004470725274725,-0.0004706941391941,-0.0004103167277167
-0.0004431953601953,-0.0003701545787545,-0.000380165079365,0.0004060839072039,-3.0389572649572364e-05,-0.0003738604884004,-0.0005517914529914,-6.692857142857113e-05,-0.0004204319169719,-0.0004440515262515,-0.0004646594627594,-0.0004012647130647
-0.0004431953601953,-0.0003519509157509,-0.0003619174603174,0.0003969929914529,-3.950810744810717e-05,-0.0003556232722832,-0.0005487428571428,-5.476349206349176e-05,-0.0004083333577533,-0.0004289465201465,-0.0004525901098901,-0.0003891953601953
-0.0004310528449328,-0.000342849084249,-0.0003619174603174,0.0003848717704517,-3.342908424908396e-05,-0.0003525837362637,-0.0005456942612942,-3.955714285714255e-05,-0.0003992594383394,-0.0004168625152625,-0.0004405207570207,-0.000377126007326
-0.0004158747008547,-0.0003337472527472,-0.0003619174603174,0.0003727505494505,-2.735006105006077e-05,-0.0003465046642246,-0.0005487428571428,-2.130952380952351e-05,-0.0003901855189255,-0.0004047785103785,-0.000425434065934,-0.0003620393162393
-0.0004219459584859,-0.0003064417582417,-0.0003375873015873,0.0003636596336996,-4.254761904761877e-05,-0.0003221883760683,-0.0005517914529914,-1.5226984126983825e-05,-0.0003841362393162,-0.0003957155067155,-0.0004103473748473,-0.0003439352869352
-0.0004280172161172,-0.000288238095238,-0.0003132571428571,0.000357599023199,-5.774517704517676e-05,-0.0003009116239316,-0.0005578886446886,-1.5226984126983825e-05,-0.0003750623199023,-0.0003866525030525,-0.000398278021978,-0.0003288485958485
-0.0004158747008547,-0.0002761023199023,-0.0003162984126984,0.0003454778021978,-4.862664224664196e-05,-0.0002948325518925,-0.0005639858363858,-1.5226984126983825e-05,-0.000369013040293,-0.0003806105006105,-0.000389226007326,-0.0003167792429792
-0.0003976609279609,-0.0002548647130647,-0.0003102158730158,0.0003242656654456,-4.254761904761877e-05,-0.0002826744078144,-0.000570083028083,-2.130952380952351e-05,-0.0003720376800976,-0.0003745684981684,-0.0003801739926739,-0.0003016925518925
-0.0004037321855921,-0.0002336271062271,-0.0002858857142857,0.000318205054945,-5.774517704517676e-05,-0.0002583581196581,-0.0005792288156288,-3.3474603174602874e-05,-0.000369013040293,-0.0003655054945054,-0.0003650873015873,-0.0002805711843711
-0.0004098034432234,-0.0002214913308913,-0.0002645968253968,0.0003151747496947,-7.294273504273476e-05,-0.0002431604395604,-0.000585326007326,-5.78047619047616e-05,-0.0003750623199023,-0.0003655054945054,-0.0003530179487179,-0.0002715191697191
-0.000412839072039,-0.0002123894993894,-0.0002524317460317,0.0003121444444444,-7.902175824175796e-05,-0.0002310022954822,-0.0005975203907203,-8.821746031746001e-05,-0.0003871608791208,-0.0003685264957264,-0.0003530179487179,-0.0002654844932844
-0.0004098034432234,-0.0002063216117216,-0.0002524317460317,0.0003060838339438,-7.902175824175796e-05,-0.0002279627594627,-0.0006066661782661,-0.0001247126984126,-0.0003962347985347,-0.0003715474969474,-0.0003530179487179,-0.0002624671550671
-0.0004037321855921,-0.0002093555555555,-0.000255473015873,0.0003060838339438,-7.294273504273476e-05,-0.0002310022954822,-0.0006188605616605,-0.0001612079365079,-0.0004083333577533,-0.0003715474969474,-0.0003530179487179,-0.0002594498168498
-0.000412839072039,-0.0002154234432234,-0.000255473015873,0.0003121444444444,-7.902175824175796e-05,-0.0002340418315018,-0.0006310549450549,-0.0002068269841269,-0.0004204319169719,-0.0003775894993894,-0.0003530179487179,-0.0002594498168498
-0.0004158747008547,-0.0002245252747252,-0.0002615555555555,0.000318205054945,-7.598224664224636e-05,-0.0002431604395604,-0.0006402007326007,-0.0002554873015873,-0.0004385797557997,-0.0003866525030525,-0.0003560352869352,-0.0002654844932844
-0.0004280172161172,-0.000236661050061,-0.0002615555555555,0.0003303262759462,-8.206126984126955e-05,-0.0002492395115995,-0.0006432493284493,-0.000298065079365,-0.0004567275946275,-0.0003957155067155,-0.0003590526251526,-0.0002685018315018
-0.0004523022466422,-0.0002487968253968,-0.0002524317460317,0.0003485081074481,-0.0001002983394383,-0.0002492395115995,-0.0006432493284493,-0.0003436841269841,-0.0004688261538461,-0.0004017575091575,-0.0003650873015873,-0.0002745365079365
-0.0004644447619047,-0.0002700344322344,-0.0002585142857142,0.0003666899389499,-0.0001033378510378,-0.0002644371916971,-0.0006462979242979,-0.0003832206349206,-0.0004899986324786,-0.0004138415140415,-0.0003801739926739,-0.0002896231990231
-0.000470516019536,-0.0003003738705738,-0.0002767619047619,0.0003848717704517,-9.725882783882755e-05,-0.0002887534798534,-0.0006493465201465,-0.0004197158730158,-0.0005111711111111,-0.0004319675213675,-0.000398278021978,-0.0003137619047619
-0.000470516019536,-0.0003307133089133,-0.0003102158730158,0.0004000232967032,-7.902175824175796e-05,-0.0003191488400488,-0.0006554437118437,-0.0004592523809523,-0.0005323435897435,-0.0004531145299145,-0.0004224167277167,-0.0003439352869352
-0.0004826585347985,-0.0003549848595848,-0.0003284634920634,0.0004182051282051,-7.598224664224636e-05,-0.0003404255921855,-0.0006554437118437,-0.0004866238095238,-0.000553516068376,-0.0004712405372405,-0.000443538095238,-0.0003710913308913
-0.0004978366788766,-0.0003853242979242,-0.0003436698412698,0.0004394172649572,-7.598224664224636e-05,-0.0003647418803418,-0.0006523951159951,-0.0005170365079365,-0.0005716639072039,-0.0004863455433455,-0.0004616421245421,-0.0003891953601953
-0.000494801050061,-0.0004126297924297,-0.0003710412698412,0.0004515384859584,-6.078468864468836e-05,-0.0003920977045177,-0.0006584923076923,-0.0005444079365079,-0.0005898117460317,-0.0005014505494505,-0.0004797461538461,-0.0004072993894993
-0.0005039079365079,-0.0004369013431013,-0.0003862476190476,0.0004697203174603,-5.774517704517676e-05,-0.0004103349206349,-0.0006554437118437,-0.0005626555555555,-0.0005988856654456,-0.0005074925518925,-0.0004857808302808,-0.0004103167277167
-0.0005160504517704,-0.0004611728937728,-0.0004014539682539,0.0004879021489621,-5.774517704517676e-05,-0.0004316116727716,-0.0006523951159951,-0.0005778619047619,-0.0006109842246642,-0.0005195765567765,-0.0004978501831501,-0.0004193687423687
-0.000519086080586,-0.0004763426129426,-0.0004166603174603,0.000496993064713,-5.166615384615356e-05,-0.0004468093528693,-0.0006554437118437,-0.0005991507936507,-0.0006321567032967,-0.0005377025641025,-0.0005159542124542,-0.0004404901098901
-0.0005281929670329,-0.0004945462759462,-0.0004166603174603,0.0005091142857142,-5.470566544566516e-05,-0.0004559279609279,-0.0006523951159951,-0.0006143571428571,-0.0006442552625152,-0.0005528075702075,-0.0005310409035409,-0.0004585941391941
-0.0005372998534798,-0.000506682051282,-0.0004197015873015,0.0005212355067155,-5.774517704517676e-05,-0.000462007032967,-0.0006462979242979,-0.0006204396825396,-0.0006472799023199,-0.0005558285714285,-0.0005370755799755,-0.0004616114774114
-0.0005372998534798,-0.0005218517704517,-0.0004349079365079,0.0005272961172161,-5.166615384615356e-05,-0.0004772047130647,-0.0006432493284493,-0.0006234809523809,-0.0006472799023199,-0.0005558285714285,-0.0005370755799755,-0.0004616114774114
-0.0005312285958485,-0.0005400554334554,-0.0004622793650793,0.0005333567277167,-3.342908424908396e-05,-0.000501521001221,-0.0006402007326007,-0.0006265222222222,-0.0006563538217338,-0.0005618705738705,-0.0005461275946275,-0.0004706634920634
-0.0005372998534798,-0.0005491572649572,-0.0004683619047619,0.0005424476434676,-3.342908424908396e-05,-0.00050760007326,-0.0006402007326007,-0.000635646031746,-0.0006654277411477,-0.0005679125763125,-0.0005521622710622,-0.0004766981684981
-0.0005555136263736,-0.0005461233211233,-0.0004440317460317,0.0005485082539682,-5.470566544566516e-05,-0.0004954419291819,-0.0006371521367521,-0.0006386873015873,-0.0006684523809523,-0.0005739545787545,-0.0005521622710622,-0.0004766981684981
-0.0005646205128205,-0.0005430893772893,-0.0004318666666666,0.0005515385592185,-6.686371184371155e-05,-0.0004863233211233,-0.0006371521367521,-0.0006447698412698,-0.000671477020757,-0.0005799965811965,-0.0005612142857142,-0.0004797155067155
-0.0005555136263736,-0.0005430893772893,-0.0004440317460317,0.0005485082539682,-5.470566544566516e-05,-0.0004924023931623,-0.0006402007326007,-0.0006478111111111,-0.0006745016605616,-0.0005830175824175,-0.0005672489621489,-0.0004857501831501
-0.0005433711111111,-0.0005491572649572,-0.0004622793650793,0.0005454779487179,-3.950810744810717e-05,-0.0005045605372405,-0.0006432493284493,-0.0006508523809523,-0.0006775263003663,-0.0005860385836385,-0.0005672489621489,-0.0004917848595848
-0.0005433711111111,-0.000558259096459,-0.0004714031746031,0.0005485082539682,-3.6468595848595565e-05,-0.0005136791452991,-0.0006402007326007,-0.0006508523809523,-0.0006835755799755,-0.0005890595848595,-0.0005702663003663,-0.0004978195360195
-0.0005494423687423,-0.0005673609279609,-0.0004744444444444,0.0005575991697191,-3.6468595848595565e-05,-0.0005197582173382,-0.0006371521367521,-0.0006447698412698,-0.0006835755799755,-0.0005890595848595,-0.0005732836385836,-0.0005008368742368
-0.0005555136263736,-0.0005764627594627,-0.0004774857142857,0.0005636597802197,-3.950810744810717e-05,-0.0005258372893772,-0.0006310549450549,-0.0006386873015873,-0.0006835755799755,-0.0005890595848595,-0.0005732836385836,-0.0005038542124542
-0.0005555136263736,-0.0005825306471306,-0.0004805269841269,0.00056669008547,-3.6468595848595565e-05,-0.0005319163614163,-0.0006249577533577,-0.0006326047619047,-0.0006805509401709,-0.0005890595848595,-0.0005763009768009,-0.0005038542124542
-0.0005524779975579,-0.0005825306471306,-0.0004835682539682,0.00056669008547,-3.342908424908396e-05,-0.0005319163614163,-0.0006280063492063,-0.000635646031746,-0.0006805509401709,-0.0005951015873015,-0.0005793183150183,-0.0005038542124542
-0.0005524779975579,-0.0005885985347985,-0.0004896507936507,0.0005697203907203,-3.0389572649572364e-05,-0.0005379954334554,-0.0006219091575091,-0.000635646031746,-0.0006835755799755,-0.0005981225885225,-0.0005793183150183,-0.0005098888888888
-0.0005585492551892,-0.0005916324786324,-0.0004896507936507,0.0005727506959706,-3.342908424908396e-05,-0.0005410349694749,-0.0006158119658119,-0.0006386873015873,-0.0006896248595848,-0.0006011435897435,-0.0005823356532356,-0.0005098888888888
-0.0005524779975579,-0.0005855645909645,-0.0004866095238095,0.00056669008547,-3.342908424908396e-05,-0.0005349558974358,-0.0006188605616605,-0.0006386873015873,-0.0006896248595848,-0.0006041645909645,-0.0005853529914529,-0.0005098888888888
-0.0005494423687423,-0.0005885985347985,-0.000492692063492,0.00056669008547,-2.735006105006077e-05,-0.0005410349694749,-0.0006249577533577,-0.000635646031746,-0.0006926494993894,-0.0006071855921855,-0.0005913876678876,-0.0005129062271062
-0.0005494423687423,-0.0005916324786324,-0.0004957333333333,0.0005697203907203,-2.735006105006077e-05,-0.0005440745054945,-0.0006219091575091,-0.0006326047619047,-0.0006926494993894,-0.0006132275946275,-0.000594405006105,-0.0005159235653235
-0.0005646205128205,-0.0005855645909645,-0.0004774857142857,0.0005727506959706,-4.254761904761877e-05,-0.0005319163614163,-0.0006158119658119,-0.0006234809523809,-0.0006835755799755,-0.0006041645909645,-0.0005883703296703,-0.0005098888888888
-0.000576763028083,-0.0005855645909645,-0.000459238095238,0.0005788113064713,-5.774517704517676e-05,-0.0005227977533577,-0.0006097147741147,-0.0006173984126984,-0.000671477020757,-0.0005981225885225,-0.0005853529914529,-0.0005068715506715
-0.0005706917704517,-0.0005825306471306,-0.0004653206349206,0.000575781001221,-5.166615384615356e-05,-0.0005227977533577,-0.0006066661782661,-0.0006173984126984,-0.000671477020757,-0.0005981225885225,-0.0005853529914529,-0.0005068715506715
-0.0005494423687423,-0.0005794967032967,-0.0004805269841269,0.0005636597802197,-3.342908424908396e-05,-0.0005288768253968,-0.0006158119658119,-0.0006173984126984,-0.0006745016605616,-0.0006011435897435,-0.0005883703296703,-0.0005129062271062
-0.0005464067399267,-0.0005794967032967,-0.0004835682539682,0.0005606294749694,-3.0389572649572364e-05,-0.0005319163614163,-0.0006188605616605,-0.0006173984126984,-0.0006775263003663,-0.0006011435897435,-0.0005913876678876,-0.0005159235653235
-0.0005555136263736,-0.0005825306471306,-0.0004774857142857,0.00056669008547,-3.950810744810717e-05,-0.0005288768253968,-0.0006188605616605,-0.0006143571428571,-0.0006745016605616,-0.0006011435897435,-0.0005913876678876,-0.0005159235653235
-0.0005555136263736,-0.0005885985347985,-0.0004866095238095,0.0005697203907203,-3.342908424908396e-05,-0.0005379954334554,-0.0006127633699633,-0.0006113158730158,-0.000671477020757,-0.0005981225885225,-0.0005913876678876,-0.0005159235653235
-0.0005585492551892,-0.0005885985347985,-0.0004835682539682,0.0005727506959706,-3.6468595848595565e-05,-0.0005349558974358,-0.0006127633699633,-0.0006052333333333,-0.0006684523809523,-0.0005981225885225,-0.0005913876678876,-0.0005159235653235
-0.0005555136263736,-0.0005794967032967,-0.0004774857142857,0.00056669008547,-3.950810744810717e-05,-0.0005288768253968,-0.0006158119658119,-0.0005991507936507,-0.0006654277411477,-0.0005951015873015,-0.0005883703296703,-0.0005129062271062
-0.0005464067399267,-0.0005734288156288,-0.0004805269841269,0.0005575991697191,-3.342908424908396e-05,-0.0005258372893772,-0.0006219091575091,-0.0005991507936507,-0.0006624031013431,-0.0005920805860805,-0.0005853529914529,-0.0005129062271062
-0.0005494423687423,-0.0005703948717948,-0.0004744444444444,0.0005575991697191,-3.6468595848595565e-05,-0.0005227977533577,-0.0006249577533577,-0.0005991507936507,-0.0006593784615384,-0.0005890595848595,-0.0005823356532356,-0.0005098888888888
-0.0005494423687423,-0.0005673609279609,-0.0004653206349206,0.0005575991697191,-4.254761904761877e-05,-0.0005167186813186,-0.0006219091575091,-0.0005961095238095,-0.0006593784615384,-0.0005830175824175,-0.0005793183150183,-0.0005068715506715
-0.0005342642246642,-0.000561293040293,-0.0004805269841269,0.0005454779487179,-2.735006105006077e-05,-0.0005197582173382,-0.0006280063492063,-0.0005991507936507,-0.0006624031013431,-0.0005860385836385,-0.0005823356532356,-0.0005129062271062
-0.0005221217094017,-0.000558259096459,-0.000492692063492,0.0005394173382173,-1.5192014652014368e-05,-0.0005258372893772,-0.0006341035409035,-0.0005991507936507,-0.0006654277411477,-0.0005860385836385,-0.0005823356532356,-0.0005159235653235
-0.0005372998534798,-0.0005491572649572,-0.0004683619047619,0.0005424476434676,-3.342908424908396e-05,-0.00050760007326,-0.0006310549450549,-0.0005961095238095,-0.0006563538217338,-0.0005739545787545,-0.0005672489621489,-0.0005008368742368
-0.0005464067399267,-0.0005430893772893,-0.0004501142857142,0.0005424476434676,-4.862664224664196e-05,-0.0004954419291819,-0.0006310549450549,-0.0005930682539682,-0.0006503045421245,-0.0005679125763125,-0.0005612142857142,-0.0004948021978021
-0.0005433711111111,-0.0005400554334554,-0.0004501142857142,0.0005394173382173,-4.558713064713037e-05,-0.0004954419291819,-0.0006341035409035,-0.0005961095238095,-0.0006533291819291,-0.0005709335775335,-0.0005642316239316,-0.0004948021978021
-0.0005342642246642,-0.0005339875457875,-0.0004561968253968,0.0005333567277167,-3.950810744810717e-05,-0.0004954419291819,-0.0006402007326007,-0.000602192063492,-0.0006533291819291,-0.0005709335775335,-0.0005642316239316,-0.0004978195360195
-0.0005281929670329,-0.0005309536019536,-0.0004622793650793,0.0005272961172161,-3.342908424908396e-05,-0.0004954419291819,-0.0006462979242979,-0.0006052333333333,-0.0006563538217338,-0.0005709335775335,-0.0005642316239316,-0.0005008368742368
-0.0005281929670329,-0.0005309536019536,-0.0004561968253968,0.0005272961172161,-3.6468595848595565e-05,-0.0004924023931623,-0.0006493465201465,-0.000602192063492,-0.0006533291819291,-0.0005648915750915,-0.0005551796092796,-0.0004948021978021
-0.0005403354822954,-0.0005248857142857,-0.0004379492063492,0.0005303264224664,-5.166615384615356e-05,-0.0004802442490842,-0.0006493465201465,-0.0005991507936507,-0.0006442552625152,-0.0005528075702075,-0.0005431102564102,-0.0004797155067155
-0.0005494423687423,-0.0005309536019536,-0.0004349079365079,0.0005394173382173,-5.774517704517676e-05,-0.0004832837851037,-0.0006432493284493,-0.0005991507936507,-0.0006412306227106,-0.0005467655677655,-0.0005400929181929,-0.0004736808302808
-0.0005372998534798,-0.0005339875457875,-0.0004501142857142,0.0005333567277167,-4.254761904761877e-05,-0.0004924023931623,-0.0006462979242979,-0.000602192063492,-0.0006472799023199,-0.0005497865689865,-0.0005431102564102,-0.0004766981684981
-0.000519086080586,-0.0005279196581196,-0.000459238095238,0.0005212355067155,-3.0389572649572364e-05,-0.0004924023931623,-0.0006523951159951,-0.0006052333333333,-0.0006503045421245,-0.0005528075702075,-0.0005431102564102,-0.0004797155067155
-0.0005221217094017,-0.0005218517704517,-0.0004501142857142,0.0005212355067155,-3.6468595848595565e-05,-0.0004863233211233,-0.0006523951159951,-0.0006052333333333,-0.0006472799023199,-0.0005437445665445,-0.0005370755799755,-0.0004766981684981
-0.0005403354822954,-0.0005248857142857,-0.0004409904761904,0.0005303264224664,-4.862664224664196e-05,-0.0004832837851037,-0.0006493465201465,-0.0006082746031746,-0.0006472799023199,-0.0005467655677655,-0.0005370755799755,-0.0004766981684981
-0.0005372998534798,-0.0005248857142857,-0.0004409904761904,0.0005303264224664,-4.862664224664196e-05,-0.0004832837851037,-0.0006523951159951,-0.0006143571428571,-0.0006563538217338,-0.0005528075702075,-0.0005431102564102,-0.0004827328449328
-0.0005312285958485,-0.0005218517704517,-0.000447073015873,0.0005242658119658,-4.254761904761877e-05,-0.0004832837851037,-0.0006615409035409,-0.0006234809523809,-0.0006654277411477,-0.0005588495726495,-0.0005461275946275,-0.0004827328449328
-0.0005281929670329,-0.0005157838827838,-0.0004440317460317,0.0005212355067155,-4.254761904761877e-05,-0.0004802442490842,-0.0006615409035409,-0.0006265222222222,-0.0006624031013431,-0.0005558285714285,-0.0005431102564102,-0.0004827328449328
-0.0005251573382173,-0.0005188178266178,-0.000447073015873,0.0005212355067155,-3.950810744810717e-05,-0.0004832837851037,-0.0006615409035409,-0.0006265222222222,-0.0006593784615384,-0.0005558285714285,-0.0005461275946275,-0.0004857501831501
-0.0005251573382173,-0.0005218517704517,-0.000447073015873,0.0005212355067155,-3.950810744810717e-05,-0.0004832837851037,-0.0006615409035409,-0.0006234809523809,-0.0006593784615384,-0.0005558285714285,-0.0005491449328449,-0.0004887675213675
-0.0005342642246642,-0.0005218517704517,-0.0004440317460317,0.0005272961172161,-4.558713064713037e-05,-0.0004832837851037,-0.0006584923076923,-0.0006265222222222,-0.0006593784615384,-0.0005528075702075,-0.0005461275946275,-0.0004857501831501
-0.0005433711111111,-0.0005218517704517,-0.0004288253968253,0.0005303264224664,-5.774517704517676e-05,-0.0004741651770451,-0.0006554437118437,-0.0006234809523809,-0.0006533291819291,-0.0005467655677655,-0.0005400929181929,-0.0004797155067155
-0.0005464067399267,-0.0005218517704517,-0.0004257841269841,0.0005333567277167,-6.078468864468836e-05,-0.0004741651770451,-0.0006554437118437,-0.0006234809523809,-0.0006533291819291,-0.0005467655677655,-0.0005370755799755,-0.0004736808302808
-0.0005342642246642,-0.0005218517704517,-0.0004379492063492,0.0005272961172161,-4.862664224664196e-05,-0.0004802442490842,-0.0006615409035409,-0.0006326047619047,-0.0006563538217338,-0.0005497865689865,-0.0005370755799755,-0.0004766981684981
-0.0005312285958485,-0.0005279196581196,-0.000447073015873,0.0005272961172161,-4.254761904761877e-05,-0.0004863233211233,-0.000667638095238,-0.0006386873015873,-0.0006654277411477,-0.0005558285714285,-0.0005431102564102,-0.0004827328449328
-0.0005403354822954,-0.0005279196581196,-0.0004409904761904,0.0005333567277167,-4.862664224664196e-05,-0.0004832837851037,-0.0006615409035409,-0.0006386873015873,-0.0006654277411477,-0.0005588495726495,-0.0005461275946275,-0.0004827328449328
-0.0005403354822954,-0.0005218517704517,-0.0004349079365079,0.0005303264224664,-5.166615384615356e-05,-0.0004772047130647,-0.0006615409035409,-0.0006386873015873,-0.0006624031013431,-0.0005558285714285,-0.0005431102564102,-0.0004797155067155
-0.0005372998534798,-0.0005248857142857,-0.0004379492063492,0.0005303264224664,-4.862664224664196e-05,-0.0004802442490842,-0.0006584923076923,-0.000635646031746,-0.0006593784615384,-0.0005528075702075,-0.0005431102564102,-0.0004797155067155
-0.0005312285958485,-0.0005339875457875,-0.0004531555555555,0.0005303264224664,-3.950810744810717e-05,-0.0004924023931623,-0.0006615409035409,-0.0006386873015873,-0.0006624031013431,-0.0005588495726495,-0.0005491449328449,-0.0004857501831501
-0.0005221217094017,-0.0005370214896214,-0.0004653206349206,0.0005272961172161,-2.735006105006077e-05,-0.000501521001221,-0.000667638095238,-0.0006447698412698,-0.000671477020757,-0.0005648915750915,-0.0005551796092796,-0.0004948021978021
-0.0005312285958485,-0.0005339875457875,-0.0004561968253968,0.0005303264224664,-3.6468595848595565e-05,-0.0004954419291819,-0.0006645894993894,-0.0006447698412698,-0.000671477020757,-0.0005648915750915,-0.0005581969474969,-0.0004948021978021
-0.0005403354822954,-0.0005279196581196,-0.0004409904761904,0.0005333567277167,-4.862664224664196e-05,-0.0004832837851037,-0.0006615409035409,-0.0006447698412698,-0.0006684523809523,-0.0005588495726495,-0.0005491449328449,-0.0004887675213675
-0.0005342642246642,-0.0005248857142857,-0.0004409904761904,0.0005272961172161,-4.558713064713037e-05,-0.0004832837851037,-0.0006615409035409,-0.0006447698412698,-0.0006654277411477,-0.0005588495726495,-0.0005461275946275,-0.0004827328449328
-0.0005372998534798,-0.0005279196581196,-0.0004379492063492,0.0005303264224664,-4.862664224664196e-05,-0.0004832837851037,-0.000667638095238,-0.0006478111111111,-0.0006684523809523,-0.0005588495726495,-0.0005461275946275,-0.0004827328449328
-0.0005494423687423,-0.0005309536019536,-0.0004349079365079,0.0005394173382173,-5.774517704517676e-05,-0.0004832837851037,-0.000667638095238,-0.0006447698412698,-0.0006684523809523,-0.0005588495726495,-0.0005461275946275,-0.0004827328449328
-0.0005494423687423,-0.0005279196581196,-0.0004349079365079,0.000536387032967,-5.774517704517676e-05,-0.0004802442490842,-0.000667638095238,-0.0006447698412698,-0.0006684523809523,-0.0005588495726495,-0.0005461275946275,-0.0004857501831501
-0.0005403354822954,-0.0005248857142857,-0.0004379492063492,0.0005303264224664,-5.166615384615356e-05,-0.0004802442490842,-0.0006706866910866,-0.0006478111111111,-0.000671477020757,-0.0005588495726495,-0.0005491449328449,-0.0004887675213675
-0.0005342642246642,-0.0005309536019536,-0.000447073015873,0.0005303264224664,-4.254761904761877e-05,-0.0004893628571428,-0.0006706866910866,-0.0006478111111111,-0.000671477020757,-0.0005618705738705,-0.0005521622710622,-0.0004887675213675
-0.0005433711111111,-0.0005309536019536,-0.0004379492063492,0.000536387032967,-5.166615384615356e-05,-0.0004832837851037,-0.000667638095238,-0.0006447698412698,-0.000671477020757,-0.0005618705738705,-0.0005491449328449,-0.0004857501831501
-0.0005433711111111,-0.0005339875457875,-0.0004440317460317,0.000536387032967,-4.862664224664196e-05,-0.0004893628571428,-0.000667638095238,-0.0006508523809523,-0.000671477020757,-0.0005648915750915,-0.0005551796092796,-0.0004948021978021
-0.0005464067399267,-0.0005339875457875,-0.0004379492063492,0.0005394173382173,-5.470566544566516e-05,-0.0004863233211233,-0.0006706866910866,-0.0006508523809523,-0.0006654277411477,-0.0005618705738705,-0.0005551796092796,-0.0004948021978021
-0.0005524779975579,-0.0005339875457875,-0.0004349079365079,0.0005424476434676,-5.774517704517676e-05,-0.0004832837851037,-0.000667638095238,-0.0006478111111111,-0.0006624031013431,-0.0005558285714285,-0.0005491449328449,-0.0004887675213675
-0.0005372998534798,-0.0005370214896214,-0.0004501142857142,0.000536387032967,-4.254761904761877e-05,-0.0004924023931623,-0.0006706866910866,-0.0006478111111111,-0.0006654277411477,-0.0005588495726495,-0.0005491449328449,-0.0004887675213675
-0.0005281929670329,-0.0005370214896214,-0.000459238095238,0.0005303264224664,-3.342908424908396e-05,-0.0004984814652014,-0.0006737352869352,-0.0006538936507936,-0.0006684523809523,-0.0005618705738705,-0.0005521622710622,-0.0004917848595848
-0.0005342642246642,-0.0005430893772893,-0.0004622793650793,0.000536387032967,-3.6468595848595565e-05,-0.000501521001221,-0.0006706866910866,-0.0006538936507936,-0.000671477020757,-0.0005618705738705,-0.0005551796092796,-0.0004948021978021
-0.0005464067399267,-0.0005491572649572,-0.0004531555555555,0.0005454779487179,-4.558713064713037e-05,-0.000501521001221,-0.000667638095238,-0.0006508523809523,-0.0006684523809523,-0.0005618705738705,-0.0005551796092796,-0.0004917848595848
-0.0005494423687423,-0.0005461233211233,-0.0004440317460317,0.0005454779487179,-5.166615384615356e-05,-0.0004954419291819,-0.0006645894993894,-0.0006508523809523,-0.0006624031013431,-0.0005588495726495,-0.0005491449328449,-0.0004827328449328
-0.0005433711111111,-0.0005430893772893,-0.0004531555555555,0.0005424476434676,-4.558713064713037e-05,-0.0004984814652014,-0.000667638095238,-0.0006508523809523,-0.0006654277411477,-0.0005588495726495,-0.0005491449328449,-0.0004797155067155
-0.0005372998534798,-0.0005430893772893,-0.0004622793650793,0.0005394173382173,-3.6468595848595565e-05,-0.000501521001221,-0.0006737352869352,-0.0006538936507936,-0.0006684523809523,-0.0005618705738705,-0.0005491449328449,-0.0004857501831501
-0.0005342642246642,-0.0005461233211233,-0.0004653206349206,0.0005394173382173,-3.342908424908396e-05,-0.0005045605372405,-0.0006706866910866,-0.0006508523809523,-0.000671477020757,-0.0005648915750915,-0.0005521622710622,-0.0004887675213675
-0.0005464067399267,-0.0005461233211233,-0.0004561968253968,0.0005454779487179,-4.558713064713037e-05,-0.000501521001221,-0.000667638095238,-0.0006478111111111,-0.000671477020757,-0.0005648915750915,-0.0005521622710622,-0.0004857501831501
-0.0005433711111111,-0.0005400554334554,-0.0004531555555555,0.0005394173382173,-4.558713064713037e-05,-0.0004954419291819,-0.000667638095238,-0.0006508523809523,-0.0006745016605616,-0.0005679125763125,-0.0005551796092796,-0.0004887675213675
-0.0005433711111111,-0.0005400554334554,-0.0004531555555555,0.0005394173382173,-4.558713064713037e-05,-0.0004954419291819,-0.0006706866910866,-0.0006538936507936,-0.0006745016605616,-0.0005709335775335,-0.0005581969474969,-0.0004917848595848
-0.0005494423687423,-0.0005430893772893,-0.000447073015873,0.0005454779487179,-5.166615384615356e-05,-0.0004954419291819,-0.000667638095238,-0.0006508523809523,-0.000671477020757,-0.0005679125763125,-0.0005551796092796,-0.0004887675213675
-0.0005524779975579,-0.0005521912087912,-0.0004531555555555,0.0005515385592185,-4.862664224664196e-05,-0.000501521001221,-0.0006645894993894,-0.0006508523809523,-0.000671477020757,-0.0005679125763125,-0.0005551796092796,-0.0004887675213675
-0.0005524779975579,-0.0005552251526251,-0.0004561968253968,0.0005515385592185,-4.862664224664196e-05,-0.0005045605372405,-0.0006645894993894,-0.0006478111111111,-0.0006745016605616,-0.0005648915750915,-0.0005551796092796,-0.0004857501831501
-0.0005433711111111,-0.0005521912087912,-0.0004622793650793,0.0005454779487179,-3.950810744810717e-05,-0.00050760007326,-0.000667638095238,-0.0006508523809523,-0.0006745016605616,-0.0005679125763125,-0.0005551796092796,-0.0004857501831501
-0.0005342642246642,-0.0005521912087912,-0.0004683619047619,0.0005424476434676,-3.342908424908396e-05,-0.0005106396092796,-0.0006737352869352,-0.0006508523809523,-0.0006775263003663,-0.0005709335775335,-0.0005551796092796,-0.0004917848595848
-0.0005403354822954,-0.0005552251526251,-0.0004653206349206,0.0005454779487179,-3.6468595848595565e-05,-0.0005106396092796,-0.0006706866910866,-0.0006478111111111,-0.0006745016605616,-0.0005679125763125,-0.0005521622710622,-0.0004887675213675
-0.0005464067399267,-0.000558259096459,-0.0004622793650793,0.0005515385592185,-4.254761904761877e-05,-0.0005106396092796,-0.0006615409035409,-0.0006478111111111,-0.0006684523809523,-0.0005679125763125,-0.0005551796092796,-0.0004857501831501
-0.0005464067399267,-0.000561293040293,-0.0004683619047619,0.0005515385592185,-3.950810744810717e-05,-0.0005136791452991,-0.0006584923076923,-0.0006508523809523,-0.000671477020757,-0.0005679125763125,-0.0005581969474969,-0.0004887675213675
-0.0005403354822954,-0.000561293040293,-0.0004774857142857,0.0005485082539682,-3.0389572649572364e-05,-0.0005197582173382,-0.0006584923076923,-0.0006508523809523,-0.0006745016605616,-0.0005679125763125,-0.0005551796092796,-0.0004887675213675
-0.0005372998534798,-0.0005552251526251,-0.0004714031746031,0.0005454779487179,-3.342908424908396e-05,-0.0005136791452991,-0.0006645894993894,-0.0006478111111111,-0.0006775263003663,-0.0005679125763125,-0.0005521622710622,-0.0004857501831501
-0.0005342642246642,-0.0005400554334554,-0.000459238095238,0.000536387032967,-3.6468595848595565e-05,-0.0004984814652014,-0.0006584923076923,-0.0006478111111111,-0.000671477020757,-0.0005618705738705,-0.0005491449328449,-0.0004797155067155
-0.0005342642246642,-0.0005309536019536,-0.000447073015873,0.0005303264224664,-4.254761904761877e-05,-0.0004893628571428,-0.0006523951159951,-0.0006447698412698,-0.0006624031013431,-0.0005558285714285,-0.0005431102564102,-0.0004766981684981
-0.0005281929670329,-0.0005309536019536,-0.0004531555555555,0.0005272961172161,-3.6468595848595565e-05,-0.0004924023931623,-0.0006432493284493,-0.0006417285714285,-0.0006624031013431,-0.0005528075702075,-0.0005431102564102,-0.0004797155067155
-0.0005221217094017,-0.0005248857142857,-0.000459238095238,0.0005212355067155,-3.0389572649572364e-05,-0.0004924023931623,-0.0006402007326007,-0.0006386873015873,-0.0006563538217338,-0.0005528075702075,-0.0005400929181929,-0.0004797155067155
-0.0005221217094017,-0.0005157838827838,-0.000447073015873,0.0005182052014652,-3.6468595848595565e-05,-0.0004802442490842,-0.0006402007326007,-0.0006295634920634,-0.0006503045421245,-0.0005467655677655,-0.0005340582417582,-0.0004676461538461
-0.0005221217094017,-0.0004945462759462,-0.0004288253968253,0.0005060839804639,-4.558713064713037e-05,-0.000462007032967,-0.0006310549450549,-0.0006173984126984,-0.0006321567032967,-0.0005316605616605,-0.0005219888888888,-0.0004585941391941
-0.000519086080586,-0.0004672407814407,-0.0004044952380952,0.0004909324542124,-5.774517704517676e-05,-0.0004346512087912,-0.0006188605616605,-0.0006052333333333,-0.0006170335042735,-0.0005165555555555,-0.0005099195360195,-0.0004495421245421
-0.0005069435653235,-0.000455105006105,-0.0004014539682539,0.0004788112332112,-5.166615384615356e-05,-0.0004285721367521,-0.0006158119658119,-0.0005991507936507,-0.0006079595848595,-0.0005105135531135,-0.0005069021978021,-0.0004435074481074
-0.0004978366788766,-0.0004490371184371,-0.0004044952380952,0.0004727506227106,-4.558713064713037e-05,-0.0004255326007326,-0.0006219091575091,-0.0005900269841269,-0.0006049349450549,-0.0005074925518925,-0.0005038848595848,-0.0004404901098901
-0.0004856941636141,-0.0004429692307692,-0.000413619047619,0.0004636597069597,-3.6468595848595565e-05,-0.0004285721367521,-0.0006310549450549,-0.0005809031746031,-0.0005988856654456,-0.0005014505494505,-0.0004978501831501,-0.0004344554334554
-0.0004796229059829,-0.0004429692307692,-0.0004197015873015,0.0004606294017094,-3.0389572649572364e-05,-0.0004316116727716,-0.0006523951159951,-0.0005869857142857,-0.0005988856654456,-0.0005014505494505,-0.0004948328449328,-0.0004344554334554
-0.0004917654212454,-0.0004581389499389,-0.0004227428571428,0.0004727506227106,-3.342908424908396e-05,-0.0004407302808302,-0.000682881074481,-0.0006143571428571,-0.0006170335042735,-0.0005135345543345,-0.0005038848595848,-0.0004404901098901
-0.0004978366788766,-0.0004672407814407,-0.0004257841269841,0.0004818415384615,-3.6468595848595565e-05,-0.0004468093528693,-0.0006950754578754,-0.0006326047619047,-0.0006321567032967,-0.0005256185592185,-0.0005129368742368,-0.0004465247863247
-0.0005008723076923,-0.0004763426129426,-0.0004318666666666,0.0004879021489621,-3.342908424908396e-05,-0.0004528884249084,-0.0006920268620268,-0.0006417285714285,-0.0006412306227106,-0.0005346815628815,-0.0005189715506715,-0.0004525594627594
-0.0005069435653235,-0.0005006141636141,-0.000447073015873,0.0005030536752136,-3.0389572649572364e-05,-0.0004741651770451,-0.0006889782661782,-0.0006478111111111,-0.0006533291819291,-0.0005437445665445,-0.0005280235653235,-0.0004585941391941
-0.0005160504517704,-0.0005188178266178,-0.0004561968253968,0.0005151748962148,-3.0389572649572364e-05,-0.0004863233211233,-0.0006889782661782,-0.0006508523809523,-0.0006593784615384,-0.0005467655677655,-0.0005310409035409,-0.0004616114774114
-0.0005069435653235,-0.0005157838827838,-0.0004622793650793,0.0005091142857142,-2.1271037851037568e-05,-0.0004893628571428,-0.0006920268620268,-0.0006508523809523,-0.0006624031013431,-0.0005437445665445,-0.0005310409035409,-0.0004616114774114
-0.000494801050061,-0.000506682051282,-0.0004653206349206,0.0005000233699633,-1.5192014652014368e-05,-0.0004863233211233,-0.000698124053724,-0.0006569349206349,-0.0006654277411477,-0.0005467655677655,-0.0005310409035409,-0.0004646288156288
-0.0005039079365079,-0.0005188178266178,-0.0004653206349206,0.0005091142857142,-1.823152625152597e-05,-0.0004924023931623,-0.000698124053724,-0.0006630174603174,-0.0006745016605616,-0.0005558285714285,-0.0005370755799755,-0.0004676461538461
-0.0005130148229548,-0.0005370214896214,-0.0004774857142857,0.0005242658119658,-1.823152625152597e-05,-0.00050760007326,-0.0007011726495726,-0.0006721412698412,-0.0006866002197802,-0.0005709335775335,-0.0005521622710622,-0.0004797155067155
-0.0005099791941391,-0.0005491572649572,-0.0004866095238095,0.0005272961172161,-1.2152503052502767e-05,-0.0005167186813186,-0.0007042212454212,-0.0006751825396825,-0.0006926494993894,-0.0005739545787545,-0.0005551796092796,-0.0004857501831501
-0.0005281929670329,-0.0005521912087912,-0.0004744444444444,0.0005394173382173,-2.735006105006077e-05,-0.0005136791452991,-0.000698124053724,-0.0006751825396825,-0.0006896248595848,-0.0005739545787545,-0.0005551796092796,-0.0004827328449328
-0.0005342642246642,-0.0005461233211233,-0.0004653206349206,0.0005394173382173,-3.342908424908396e-05,-0.0005045605372405,-0.0006920268620268,-0.0006782238095238,-0.0006866002197802,-0.0005709335775335,-0.0005521622710622,-0.0004827328449328
-0.0005464067399267,-0.0005521912087912,-0.0004622793650793,0.0005485082539682,-4.254761904761877e-05,-0.00050760007326,-0.0006889782661782,-0.000681265079365,-0.0006926494993894,-0.0005739545787545,-0.0005551796092796,-0.0004857501831501
-0.0005585492551892,-0.0005673609279609,-0.000459238095238,0.0005606294749694,-4.862664224664196e-05,-0.0005136791452991,-0.0006889782661782,-0.0006873476190476,-0.0006986987789987,-0.0005799965811965,-0.0005612142857142,-0.0004887675213675
-0.0005676561416361,-0.0005764627594627,-0.0004622793650793,0.0005697203907203,-5.166615384615356e-05,-0.0005197582173382,-0.0006859296703296,-0.0006903888888888,-0.0007017234188034,-0.0005860385836385,-0.0005672489621489,-0.0004917848595848
-0.0005615848840048,-0.0005794967032967,-0.0004714031746031,0.0005697203907203,-4.558713064713037e-05,-0.0005258372893772,-0.0006859296703296,-0.0006934301587301,-0.000704748058608,-0.0005890595848595,-0.0005702663003663,-0.0004948021978021
-0.0005646205128205,-0.0005764627594627,-0.0004653206349206,0.0005697203907203,-4.862664224664196e-05,-0.0005197582173382,-0.0006798324786324,-0.0006934301587301,-0.000704748058608,-0.0005890595848595,-0.0005702663003663,-0.0004948021978021
-0.0005676561416361,-0.0005764627594627,-0.000459238095238,0.0005697203907203,-5.470566544566516e-05,-0.0005167186813186,-0.0006798324786324,-0.0006903888888888,-0.0007017234188034,-0.0005860385836385,-0.0005702663003663,-0.0004948021978021
-0.0005646205128205,-0.0005734288156288,-0.000459238095238,0.00056669008547,-5.166615384615356e-05,-0.0005167186813186,-0.0006859296703296,-0.0006873476190476,-0.0007017234188034,-0.0005830175824175,-0.0005672489621489,-0.0004917848595848
-0.0005585492551892,-0.0005764627594627,-0.0004683619047619,0.00056669008547,-4.558713064713037e-05,-0.0005227977533577,-0.0006920268620268,-0.0006873476190476,-0.0007017234188034,-0.0005830175824175,-0.0005672489621489,-0.0004978195360195
-0.0005615848840048,-0.0005794967032967,-0.0004683619047619,0.0005697203907203,-4.558713064713037e-05,-0.0005227977533577,-0.0006889782661782,-0.0006873476190476,-0.0006986987789987,-0.0005830175824175,-0.0005672489621489,-0.0005008368742368
-0.0005646205128205,-0.0005794967032967,-0.0004683619047619,0.0005697203907203,-4.862664224664196e-05,-0.0005227977533577,-0.0006859296703296,-0.0006873476190476,-0.0006986987789987,-0.0005769755799755,-0.0005672489621489,-0.0005008368742368
-0.0005585492551892,-0.0005643269841269,-0.0004622793650793,0.0005606294749694,-4.862664224664196e-05,-0.0005136791452991,-0.0006889782661782,-0.0006843063492063,-0.0006956741391941,-0.0005739545787545,-0.0005642316239316,-0.0004978195360195
-0.0005555136263736,-0.0005461233211233,-0.0004440317460317,0.0005485082539682,-5.470566544566516e-05,-0.0004954419291819,-0.0006950754578754,-0.0006843063492063,-0.0006896248595848,-0.0005679125763125,-0.0005551796092796,-0.0004887675213675
-0.0005585492551892,-0.0005430893772893,-0.0004379492063492,0.0005485082539682,-6.078468864468836e-05,-0.0004893628571428,-0.0006950754578754,-0.0006843063492063,-0.0006866002197802,-0.0005648915750915,-0.0005521622710622,-0.0004857501831501
-0.0005585492551892,-0.0005491572649572,-0.000447073015873,0.0005515385592185,-5.470566544566516e-05,-0.0004984814652014,-0.0006950754578754,-0.0006873476190476,-0.0006835755799755,-0.0005679125763125,-0.0005551796092796,-0.0004887675213675
-0.0005555136263736,-0.0005521912087912,-0.0004501142857142,0.0005515385592185,-5.166615384615356e-05,-0.000501521001221,-0.0006920268620268,-0.0006690999999999,-0.0006624031013431,-0.0005588495726495,-0.0005551796092796,-0.0004917848595848
-0.0005646205128205,-0.0005339875457875,-0.0004257841269841,0.0005485082539682,-6.990322344322315e-05,-0.0004802442490842,-0.0006767838827838,-0.0006295634920634,-0.0006109842246642,-0.0005407235653235,-0.0005612142857142,-0.0005038542124542
-0.0005585492551892,-0.0004460031746031,-0.0003436698412698,0.0005000233699633,-0.0001063773626373,-0.0003951372405372,-0.0006737352869352,-0.0005656968253968,-0.0005262943101343,-0.0004893665445665,-0.0005280235653235,-0.0004917848595848
-0.0005130148229548,-0.0002700344322344,-0.0002159365079365,0.0003909323809523,-0.0001489305250305,-0.0002431604395604,-0.0007011726495726,-0.0004653349206349,-0.0003780869597069,-0.0003594634920634,-0.0004284514041514,-0.000422386080586
-0.0004098034432234,-5.159047619047599e-05,-0.0001003682539682,0.0002303262026862,-0.0001550095482295,-7.598595848595852e-05,-0.0007682417582417,-0.0003710555555555,-0.000175436092796,-0.0001389304029304,-0.0002594804639804,-0.0003107445665445
-0.0002732001465201,0.0002548378510378,6.994285714285724e-05,9.113919413919444e-06,-0.0001702071062271,0.0001610978510378,-0.0009237201465201,-0.000489665079365,1.5116214896214815e-05,0.0001541067155067,3.0279609279607733e-06,-0.0001025482295482
-0.0001274899633699,0.0006492505494505,0.0003132444444444,-0.0002605832478632,-0.0002188392918192,0.0004802491330891,-0.0012041909645909,-0.000827246031746,0.000142151086691,0.0005015218559218,0.0003651085470085,0.0002172896214896
3.339836385836358e-05,0.0009951201465201,0.0004957206349206,-0.0005120985836385,-0.0002309973382173,0.0007446887667887,-0.001573071062271,-0.0012013222222222,0.0001330771672771,0.0008096639804639,0.0007181371184371,0.0005491968253968
0.0001487522588522,0.001216598046398,0.0006052063492063,-0.0006817956776556,-0.0002279578266178,0.0009118632478632,-0.001905368009768,-0.0014963253968253,3.023941391941384e-05,0.000966756043956,0.0009565068376068,0.0008147225885225
0.0001578591452991,0.0010315274725274,0.000410565079365,-0.0005939168253968,-0.0001246144322344,0.0007203724786324,-0.002018166056166,-0.0016423063492063,-0.0002631506471306,0.0007280969474969,0.0008418479853479,0.0008237746031746
-4.2492356532356805e-05,0.0003701277167277,-4.866666666666657e-05,-0.0001636134798534,3.045054945055228e-06,0.0001610978510378,-0.0018352503052503,-0.0017426682539682,-0.0007864133333333,7.858168498168446e-05,0.0003560565323565,0.0005310927960927
-0.0003217702075702,-0.0001031675213675,-0.0002341841269841,0.0002121443711843,-4.254761904761877e-05,-0.000167172039072,-0.0016005084249084,-0.0019281857142857,-0.0012491832234432,-0.0004651985347985,-4.52494505494507e-05,0.0002776363858363
-0.0005008723076923,-0.0003337472527472,-0.0002858857142857,0.0004151748229548,-0.0001063773626373,-0.0003100302319902,-0.0014114954822954,-0.0019068968253968,-0.0014155384126984,-0.0007340676434676,-0.0002896538461538,8.452673992673932e-05
-0.0005737273992673,-0.0004824105006105,-0.0003619174603174,0.0005272961172161,-0.0001063773626373,-0.000422493064713,-0.0012682114774114,-0.0016788015873015,-0.0013308484981684,-0.0007884456654456,-0.0004314687423687,-9.651355311355373e-05
-0.0005858699145299,-0.0005279196581196,-0.0003923301587301,0.0005545688644688,-9.725882783882755e-05,-0.0004589674969474,-0.0011493162393162,-0.0014233349206349,-0.0011675179487179,-0.0007401096459096,-0.0004887981684981,-0.0002202244200244
-0.0005858699145299,-0.0005370214896214,-0.0004075365079365,0.0005606294749694,-8.814029304029276e-05,-0.0004711256410256,-0.0010060322344322,-0.0011861158730158,-0.0010223352380952,-0.0006857316239316,-0.0005129368742368,-0.0003047098901098
-0.0005706917704517,-0.0005461233211233,-0.0004288253968253,0.0005575991697191,-6.990322344322315e-05,-0.0004863233211233,-0.0008627482295482,-0.0009641031746031,-0.000898325006105,-0.0006434376068376,-0.0005340582417582,-0.0003741086691086
-0.0005524779975579,-0.0005218517704517,-0.0004257841269841,0.000536387032967,-6.382420024419996e-05,-0.0004741651770451,-0.0007499501831501,-0.0007846682539682,-0.0007864133333333,-0.0005920805860805,-0.0005250062271062,-0.0004072993894993
-0.0005433711111111,-0.0004884783882783,-0.0004044952380952,0.0005151748962148,-6.990322344322315e-05,-0.0004468093528693,-0.0006920268620268,-0.0006782238095238,-0.000704748058608,-0.0005497865689865,-0.0005099195360195,-0.0004193687423687
-0.0005403354822954,-0.0004854444444444,-0.0003984126984126,0.0005121445909645,-6.990322344322315e-05,-0.0004407302808302,-0.000667638095238,-0.0006326047619047,-0.0006684523809523,-0.0005346815628815,-0.0005129368742368,-0.0004284207570207
-0.0005433711111111,-0.0004975802197802,-0.0004075365079365,0.0005182052014652,-6.686371184371155e-05,-0.0004528884249084,-0.0006523951159951,-0.0006143571428571,-0.0006624031013431,-0.0005377025641025,-0.0005250062271062,-0.0004404901098901
-0.0005464067399267,-0.000506682051282,-0.0004166603174603,0.0005242658119658,-6.382420024419996e-05,-0.000462007032967,-0.0006402007326007,-0.0005991507936507,-0.0006563538217338,-0.0005437445665445,-0.0005310409035409,-0.0004525594627594
-0.0005555136263736,-0.0005127499389499,-0.000413619047619,0.0005333567277167,-6.990322344322315e-05,-0.000462007032967,-0.0006280063492063,-0.0005809031746031,-0.0006472799023199,-0.0005437445665445,-0.0005310409035409,-0.0004555768009768
-0.0005615848840048,-0.0005157838827838,-0.0004075365079365,0.000536387032967,-7.598224664224636e-05,-0.000462007032967,-0.0006219091575091,-0.000568738095238,-0.0006412306227106,-0.0005407235653235,-0.0005340582417582,-0.0004616114774114
-0.0005585492551892,-0.0005188178266178,-0.0004105777777777,0.000536387032967,-7.294273504273476e-05,-0.0004650465689865,-0.0006158119658119,-0.0005596142857142,-0.0006351813431013,-0.0005407235653235,-0.0005400929181929,-0.0004676461538461
-0.0005615848840048,-0.0005218517704517,-0.000413619047619,0.0005394173382173,-7.294273504273476e-05,-0.0004680861050061,-0.0006127633699633,-0.0005535317460317,-0.0006321567032967,-0.0005437445665445,-0.0005431102564102,-0.0004736808302808
-0.0005615848840048,-0.0005218517704517,-0.0004166603174603,0.0005394173382173,-7.294273504273476e-05,-0.0004680861050061,-0.0006097147741147,-0.0005474492063492,-0.000629132063492,-0.0005407235653235,-0.0005461275946275,-0.0004736808302808
-0.0005555136263736,-0.0005188178266178,-0.0004227428571428,0.000536387032967,-6.686371184371155e-05,-0.0004711256410256,-0.0006097147741147,-0.0005413666666666,-0.0006200581440781,-0.0005346815628815,-0.0005431102564102,-0.0004736808302808
-0.0005494423687423,-0.0005188178266178,-0.0004288253968253,0.0005333567277167,-6.078468864468836e-05,-0.0004741651770451,-0.0006097147741147,-0.0005352841269841,-0.0006140088644688,-0.0005346815628815,-0.0005400929181929,-0.0004736808302808
-0.0005494423687423,-0.0005248857142857,-0.0004288253968253,0.000536387032967,-6.078468864468836e-05,-0.0004772047130647,-0.0006097147741147,-0.0005261603174603,-0.0006140088644688,-0.0005346815628815,-0.0005431102564102,-0.0004766981684981
-0.0005555136263736,-0.0005248857142857,-0.0004227428571428,0.0005394173382173,-6.686371184371155e-05,-0.0004741651770451,-0.0006066661782661,-0.0005200777777777,-0.0006079595848595,-0.0005346815628815,-0.0005400929181929,-0.0004766981684981
-0.0005524779975579,-0.0005218517704517,-0.0004257841269841,0.000536387032967,-6.382420024419996e-05,-0.0004741651770451,-0.0006066661782661,-0.0005200777777777,-0.0006049349450549,-0.0005346815628815,-0.0005431102564102,-0.0004797155067155
-0.0005464067399267,-0.0005188178266178,-0.0004288253968253,0.0005303264224664,-5.774517704517676e-05,-0.0004741651770451,-0.0006097147741147,-0.0005170365079365,-0.0006049349450549,-0.0005346815628815,-0.0005461275946275,-0.0004797155067155
-0.0005433711111111,-0.0005157838827838,-0.0004288253968253,0.0005272961172161,-5.774517704517676e-05,-0.0004711256410256,-0.0006097147741147,-0.0005139952380952,-0.0006019103052503,-0.0005346815628815,-0.0005461275946275,-0.0004827328449328
-0.0005494423687423,-0.0005188178266178,-0.0004227428571428,0.0005333567277167,-6.382420024419996e-05,-0.0004711256410256,-0.0006036175824175,-0.0005079126984126,-0.0005988856654456,-0.0005316605616605,-0.0005461275946275,-0.0004797155067155
-0.0005494423687423,-0.0005188178266178,-0.0004197015873015,0.0005333567277167,-6.382420024419996e-05,-0.0004680861050061,-0.0006005689865689,-0.0005018301587301,-0.000595861025641,-0.0005286395604395,-0.0005461275946275,-0.0004797155067155
-0.0005464067399267,-0.0005188178266178,-0.0004257841269841,0.0005303264224664,-6.078468864468836e-05,-0.0004711256410256,-0.0006005689865689,-0.0004927063492063,-0.0005928363858363,-0.0005286395604395,-0.0005431102564102,-0.0004797155067155
-0.0005433711111111,-0.0005188178266178,-0.0004288253968253,0.0005303264224664,-5.774517704517676e-05,-0.0004741651770451,-0.0006005689865689,-0.0004866238095238,-0.0005867871062271,-0.0005256185592185,-0.0005400929181929,-0.0004766981684981
-0.0005372998534798,-0.0005157838827838,-0.0004318666666666,0.0005242658119658,-5.166615384615356e-05,-0.0004741651770451,-0.0006005689865689,-0.0004805412698412,-0.0005837624664224,-0.0005256185592185,-0.0005400929181929,-0.0004797155067155
-0.0005433711111111,-0.0005157838827838,-0.0004227428571428,0.0005272961172161,-6.078468864468836e-05,-0.0004680861050061,-0.0005975203907203,-0.0004744587301587,-0.0005837624664224,-0.0005256185592185,-0.0005400929181929,-0.0004797155067155
-0.0005464067399267,-0.0005127499389499,-0.0004227428571428,0.0005272961172161,-6.078468864468836e-05,-0.0004680861050061,-0.0005944717948717,-0.0004714174603174,-0.0005807378266178,-0.0005256185592185,-0.0005431102564102,-0.0004797155067155
-0.0005403354822954,-0.0005097159951159,-0.0004257841269841,0.0005242658119658,-5.774517704517676e-05,-0.0004680861050061,-0.0005914231990231,-0.0004683761904761,-0.0005777131868131,-0.0005256185592185,-0.0005431102564102,-0.0004797155067155
-0.0005372998534798,-0.0005097159951159,-0.0004288253968253,0.0005212355067155,-5.470566544566516e-05,-0.0004680861050061,-0.0005914231990231,-0.0004562111111111,-0.0005716639072039,-0.0005225975579975,-0.0005400929181929,-0.0004766981684981
-0.0005403354822954,-0.0005127499389499,-0.0004257841269841,0.0005242658119658,-5.774517704517676e-05,-0.0004680861050061,-0.000585326007326,-0.000444046031746,-0.0005625899877899,-0.0005135345543345,-0.0005340582417582,-0.0004736808302808
-0.0005372998534798,-0.0005218517704517,-0.0004349079365079,0.0005272961172161,-5.166615384615356e-05,-0.0004772047130647,-0.0005792288156288,-0.0004318809523809,-0.0005625899877899,-0.0005165555555555,-0.0005370755799755,-0.0004766981684981
-0.0005403354822954,-0.0005218517704517,-0.0004349079365079,0.0005303264224664,-5.166615384615356e-05,-0.0004772047130647,-0.0005761802197802,-0.0004257984126984,-0.0005595653479853,-0.0005195765567765,-0.0005431102564102,-0.0004827328449328
-0.0005372998534798,-0.0005218517704517,-0.0004318666666666,0.0005272961172161,-5.166615384615356e-05,-0.0004772047130647,-0.000570083028083,-0.0004166746031746,-0.0005595653479853,-0.0005225975579975,-0.0005431102564102,-0.0004857501831501
-0.0005281929670329,-0.0005188178266178,-0.0004409904761904,0.0005212355067155,-4.254761904761877e-05,-0.0004802442490842,-0.000570083028083,-0.0004075507936507,-0.0005565407081807,-0.0005225975579975,-0.0005461275946275,-0.0004857501831501
-0.0005312285958485,-0.0005188178266178,-0.0004440317460317,0.0005242658119658,-4.254761904761877e-05,-0.0004802442490842,-0.0005639858363858,-0.0003953857142857,-0.0005474667887667,-0.0005165555555555,-0.0005431102564102,-0.0004827328449328
-0.0005403354822954,-0.0005218517704517,-0.0004379492063492,0.0005303264224664,-5.166615384615356e-05,-0.0004802442490842,-0.00055484004884,-0.0003832206349206,-0.0005353682295482,-0.0005105135531135,-0.0005400929181929,-0.0004797155067155
-0.0005464067399267,-0.0005248857142857,-0.0004318666666666,0.0005333567277167,-5.774517704517676e-05,-0.0004772047130647,-0.0005487428571428,-0.0003710555555555,-0.0005293189499389,-0.0005105135531135,-0.0005400929181929,-0.0004797155067155
-0.0005464067399267,-0.0005218517704517,-0.0004288253968253,0.0005333567277167,-5.774517704517676e-05,-0.0004741651770451,-0.0005456942612942,-0.0003558492063492,-0.0005232696703296,-0.0005044715506715,-0.0005370755799755,-0.0004797155067155
-0.0005372998534798,-0.0005188178266178,-0.0004288253968253,0.0005272961172161,-5.470566544566516e-05,-0.0004741651770451,-0.0005487428571428,-0.0003436841269841,-0.000520245030525,-0.0005014505494505,-0.0005340582417582,-0.0004766981684981
-0.0005251573382173,-0.0005157838827838,-0.0004409904761904,0.0005182052014652,-4.254761904761877e-05,-0.0004772047130647,-0.0005517914529914,-0.000331519047619,-0.000520245030525,-0.0005074925518925,-0.0005400929181929,-0.0004827328449328
-0.0005221217094017,-0.0005127499389499,-0.0004440317460317,0.0005151748962148,-3.950810744810717e-05,-0.0004772047130647,-0.0005487428571428,-0.0003193539682539,-0.0005172203907203,-0.0005105135531135,-0.0005431102564102,-0.0004857501831501
-0.0005281929670329,-0.0005097159951159,-0.0004349079365079,0.0005182052014652,-4.558713064713037e-05,-0.0004711256410256,-0.0005365484737484,-0.0002950238095238,-0.0005051218315018,-0.0005014505494505,-0.0005370755799755,-0.0004797155067155
-0.0005221217094017,-0.0005036481074481,-0.0004379492063492,0.0005121445909645,-4.254761904761877e-05,-0.0004711256410256,-0.0005334998778998,-0.0002767761904761,-0.0004960479120879,-0.0004954085470085,-0.0005340582417582,-0.0004797155067155
-0.0005069435653235,-0.0005006141636141,-0.0004440317460317,0.0005030536752136,-3.0389572649572364e-05,-0.0004711256410256,-0.0005334998778998,-0.0002585285714285,-0.0004899986324786,-0.0004893665445665,-0.0005340582417582,-0.0004797155067155
-0.0005069435653235,-0.0004975802197802,-0.0004409904761904,0.0005000233699633,-3.342908424908396e-05,-0.0004680861050061,-0.0005304512820512,-0.0002372396825396,-0.0004809247130647,-0.0004863455433455,-0.0005310409035409,-0.0004766981684981
-0.0005130148229548,-0.0004945462759462,-0.0004379492063492,0.0005030536752136,-3.6468595848595565e-05,-0.0004650465689865,-0.0005274026862026,-0.000218992063492,-0.00047790007326,-0.0004863455433455,-0.0005280235653235,-0.0004736808302808
-0.0005099791941391,-0.0004915123321123,-0.0004349079365079,0.0005000233699633,-3.6468595848595565e-05,-0.000462007032967,-0.0005213054945054,-0.0001946619047619,-0.0004718507936507,-0.0004833245421245,-0.0005250062271062,-0.0004676461538461
-0.0005069435653235,-0.0004824105006105,-0.0004288253968253,0.0004939627594627,-3.950810744810717e-05,-0.0004559279609279,-0.0005182568986568,-0.0001703317460317,-0.0004627768742368,-0.0004772825396825,-0.0005219888888888,-0.0004646288156288
-0.0005039079365079,-0.0004702747252747,-0.0004227428571428,0.0004848718437118,-3.950810744810717e-05,-0.0004468093528693,-0.0005152083028083,-0.0001490428571428,-0.0004537029548229,-0.0004712405372405,-0.0005159542124542,-0.0004585941391941
-0.0004917654212454,-0.0004581389499389,-0.0004197015873015,0.0004727506227106,-3.6468595848595565e-05,-0.0004376907448107,-0.0005182568986568,-0.0001247126984126,-0.0004476536752136,-0.0004712405372405,-0.0005189715506715,-0.0004616114774114
-0.0004917654212454,-0.0004429692307692,-0.0004014539682539,0.00046669001221,-4.558713064713037e-05,-0.000422493064713,-0.0005152083028083,-9.734126984126952e-05,-0.0004355551159951,-0.0004591565323565,-0.0005099195360195,-0.0004555768009768
-0.0004917654212454,-0.0004308334554334,-0.0003923301587301,0.0004606294017094,-4.862664224664196e-05,-0.0004103349206349,-0.0005060625152625,-6.996984126984096e-05,-0.0004204319169719,-0.0004470725274725,-0.0004978501831501,-0.0004435074481074
-0.0004796229059829,-0.0004217316239316,-0.0003953714285714,0.0004485081807081,-4.254761904761877e-05,-0.0004072953846153,-0.0005060625152625,-4.563968253968224e-05,-0.0004083333577533,-0.0004349885225885,-0.0004857808302808,-0.000431438095238
-0.0004674803907203,-0.0004095958485958,-0.0003923301587301,0.0004363869597069,-3.6468595848595565e-05,-0.0004012163125763,-0.0005091111111111,-2.435079365079335e-05,-0.0003932101587301,-0.0004259255189255,-0.0004706941391941,-0.000413334065934
-0.0004674803907203,-0.0003944261294261,-0.000380165079365,0.0004303263492063,-4.254761904761877e-05,-0.0003860186324786,-0.0005060625152625,-2.063492063462036e-08,-0.0003811115995115,-0.0004108205128205,-0.0004556074481074,-0.00039523003663
-0.0004674803907203,-0.0003792564102564,-0.0003679999999999,0.0004212354334554,-4.862664224664196e-05,-0.0003738604884004,-0.0004999653235653,1.5185714285714583e-05,-0.0003720376800976,-0.0004047785103785,-0.000443538095238,-0.000386178021978
-0.0004644447619047,-0.0003549848595848,-0.0003436698412698,0.0004091142124542,-6.078468864468836e-05,-0.0003495442002442,-0.0004999653235653,2.735079365079395e-05,-0.0003659884004884,-0.0004017575091575,-0.0004405207570207,-0.0003801433455433
-0.0004523022466422,-0.0003246454212454,-0.0003223809523809,0.000387902075702,-6.382420024419996e-05,-0.0003221883760683,-0.0005091111111111,3.343333333333364e-05,-0.0003599391208791,-0.0003926945054945,-0.0004284514041514,-0.0003680739926739
-0.0004431953601953,-0.0003003738705738,-0.0003041333333333,0.0003697202442002,-6.990322344322315e-05,-0.0003009116239316,-0.0005213054945054,3.951587301587331e-05,-0.0003538898412698,-0.0003806105006105,-0.0004133647130647,-0.0003529873015873
-0.0004492666178266,-0.0002821702075702,-0.0002828444444444,0.0003636596336996,-8.206126984126955e-05,-0.0002826744078144,-0.0005213054945054,4.5598412698413e-05,-0.0003417912820512,-0.0003655054945054,-0.000398278021978,-0.0003379006105006
-0.0004492666178266,-0.0002670004884004,-0.000267638095238,0.000357599023199,-9.117980463980436e-05,-0.0002674767277167,-0.0005182568986568,4.5598412698413e-05,-0.000335742002442,-0.0003564424908424,-0.0003862086691086,-0.0003258312576312
-0.0004371241025641,-0.0002487968253968,-0.0002615555555555,0.0003424474969474,-8.814029304029276e-05,-0.0002553185836385,-0.000524354090354,3.039206349206379e-05,-0.0003327173626373,-0.0003504004884004,-0.0003771566544566,-0.0003137619047619
-0.0004158747008547,-0.0002245252747252,-0.0002645968253968,0.000318205054945,-7.598224664224636e-05,-0.0002431604395604,-0.000539597069597,1.2144444444444744e-05,-0.000335742002442,-0.0003473794871794,-0.0003681046398046,-0.0003016925518925
-0.0004158747008547,-0.0002093555555555,-0.0002493904761904,0.0003121444444444,-8.206126984126955e-05,-0.0002279627594627,-0.0005487428571428,-6.103174603174302e-06,-0.000335742002442,-0.0003383164835164,-0.0003530179487179,-0.0002835885225885
-0.0004340884737484,-0.0002123894993894,-0.0002311428571428,0.0003212353601953,-0.0001002983394383,-0.0002218836874236,-0.00055484004884,-3.043333333333303e-05,-0.000335742002442,-0.0003292534798534,-0.0003409485958485,-0.0002654844932844
-0.0004401597313797,-0.0002093555555555,-0.000222019047619,0.0003242656654456,-0.0001094168742368,-0.0002158046153846,-0.0005609372405372,-6.692857142857113e-05,-0.0003448159218559,-0.0003292534798534,-0.0003379312576312,-0.0002564324786324
-0.0004401597313797,-0.0002002537240537,-0.0002159365079365,0.000318205054945,-0.0001124563858363,-0.000206686007326,-0.0005761802197802,-0.0001186301587301,-0.0003569144810744,-0.0003322744810744,-0.0003349139194139,-0.0002534151404151
-0.0004371241025641,-0.0002002537240537,-0.000222019047619,0.000318205054945,-0.0001063773626373,-0.0002097255433455,-0.0005914231990231,-0.0001703317460317,-0.0003720376800976,-0.0003413374847374,-0.0003379312576312,-0.0002534151404151
-0.0004340884737484,-0.0002063216117216,-0.0002250603174603,0.000318205054945,-0.0001033378510378,-0.0002158046153846,-0.0006097147741147,-0.0002250746031746,-0.0003932101587301,-0.0003534214896214,-0.0003469832722832,-0.0002594498168498
-0.0004492666178266,-0.0002154234432234,-0.0002189777777777,0.0003303262759462,-0.0001154958974358,-0.0002158046153846,-0.0006188605616605,-0.0002767761904761,-0.0004113579975579,-0.0003624844932844,-0.0003530179487179,-0.0002685018315018
-0.0004614091330891,-0.0002305931623931,-0.0002250603174603,0.0003454778021978,-0.0001185354090354,-0.0002279627594627,-0.0006280063492063,-0.0003284777777777,-0.0004295058363858,-0.0003745684981684,-0.0003681046398046,-0.0002866058608058
-0.0004735516483516,-0.0002487968253968,-0.0002311428571428,0.0003606293284493,-0.0001215749206349,-0.0002401209035409,-0.0006310549450549,-0.0003740968253968,-0.0004506783150183,-0.0003896735042735,-0.0003831913308913,-0.0003077272283272
-0.000494801050061,-0.0002700344322344,-0.0002311428571428,0.0003818414652014,-0.0001306934554334,-0.0002492395115995,-0.0006310549450549,-0.0004166746031746,-0.0004688261538461,-0.0004017575091575,-0.0003922433455433,-0.0003197965811965
-0.0005099791941391,-0.0003034078144078,-0.0002463492063492,0.0004060839072039,-0.0001306934554334,-0.0002735557997557,-0.0006341035409035,-0.0004531698412698,-0.0004869739926739,-0.0004168625152625,-0.0004103473748473,-0.0003348832722832
-0.000519086080586,-0.0003398151404151,-0.0002767619047619,0.000427296043956,-0.0001215749206349,-0.0003069906959706,-0.0006371521367521,-0.0004835825396825,-0.0005051218315018,-0.0004319675213675,-0.000425434065934,-0.0003560046398046
-0.0005281929670329,-0.0003731885225885,-0.000301092063492,0.0004485081807081,-0.0001124563858363,-0.000337386056166,-0.0006371521367521,-0.0005139952380952,-0.0005293189499389,-0.0004470725274725,-0.000443538095238,-0.0003741086691086
-0.0005312285958485,-0.00039746007326,-0.0003193396825396,0.0004636597069597,-0.0001063773626373,-0.0003586628083028,-0.0006432493284493,-0.0005474492063492,-0.000553516068376,-0.0004712405372405,-0.0004646594627594,-0.00039523003663
-0.0005342642246642,-0.0004156637362637,-0.000334546031746,0.0004727506227106,-0.0001002983394383,-0.0003738604884004,-0.0006493465201465,-0.0005748206349206,-0.0005716639072039,-0.0004893665445665,-0.0004827634920634,-0.000413334065934
-0.0005403354822954,-0.0004338673992673,-0.0003497523809523,0.0004848718437118,-9.421931623931596e-05,-0.0003920977045177,-0.0006493465201465,-0.0005961095238095,-0.0005837624664224,-0.0005044715506715,-0.0004978501831501,-0.000431438095238
-0.0005433711111111,-0.0004642068376068,-0.0003740825396825,0.0005030536752136,-8.510078144078116e-05,-0.0004194535286935,-0.0006402007326007,-0.0006113158730158,-0.000595861025641,-0.0005165555555555,-0.0005129368742368,-0.0004465247863247
-0.0005524779975579,-0.0004884783882783,-0.0003862476190476,0.0005182052014652,-8.206126984126955e-05,-0.0004376907448107,-0.0006310549450549,-0.0006204396825396,-0.0006019103052503,-0.0005225975579975,-0.0005189715506715,-0.0004525594627594
-0.0005706917704517,-0.0005036481074481,-0.0003862476190476,0.000536387032967,-9.117980463980436e-05,-0.0004437698168498,-0.0006249577533577,-0.0006234809523809,-0.0006049349450549,-0.0005256185592185,-0.0005219888888888,-0.0004495421245421
-0.0005797986568986,-0.0005157838827838,-0.0003953714285714,0.0005454779487179,-9.117980463980436e-05,-0.0004559279609279,-0.0006280063492063,-0.0006386873015873,-0.0006170335042735,-0.0005377025641025,-0.0005310409035409,-0.0004585941391941
-0.000576763028083,-0.0005157838827838,-0.0003953714285714,0.0005454779487179,-9.117980463980436e-05,-0.0004559279609279,-0.0006341035409035,-0.0006508523809523,-0.000629132063492,-0.0005437445665445,-0.0005400929181929,-0.0004676461538461
-0.0005706917704517,-0.0005157838827838,-0.0004075365079365,0.0005424476434676,-8.206126984126955e-05,-0.000462007032967,-0.0006371521367521,-0.0006569349206349,-0.0006351813431013,-0.0005497865689865,-0.0005461275946275,-0.0004766981684981
-0.0005585492551892,-0.0005279196581196,-0.0004257841269841,0.0005424476434676,-6.686371184371155e-05,-0.0004772047130647,-0.0006371521367521,-0.0006599761904761,-0.0006382059829059,-0.0005558285714285,-0.0005521622710622,-0.0004857501831501
-0.0005706917704517,-0.0005430893772893,-0.0004257841269841,0.0005545688644688,-7.294273504273476e-05,-0.0004832837851037,-0.0006280063492063,-0.0006569349206349,-0.0006351813431013,-0.0005558285714285,-0.0005521622710622,-0.0004857501831501
-0.000576763028083,-0.0005491572649572,-0.0004257841269841,0.0005606294749694,-7.598224664224636e-05,-0.0004863233211233,-0.0006219091575091,-0.0006569349206349,-0.0006351813431013,-0.0005528075702075,-0.0005491449328449,-0.0004827328449328
-0.0005676561416361,-0.0005521912087912,-0.0004379492063492,0.0005575991697191,-6.382420024419996e-05,-0.0004954419291819,-0.0006249577533577,-0.0006599761904761,-0.0006442552625152,-0.0005618705738705,-0.0005551796092796,-0.0004827328449328
-0.0005706917704517,-0.000561293040293,-0.0004409904761904,0.0005636597802197,-6.382420024419996e-05,-0.000501521001221,-0.0006249577533577,-0.0006599761904761,-0.0006442552625152,-0.0005679125763125,-0.0005581969474969,-0.0004827328449328
-0.0005828342857142,-0.0005703948717948,-0.0004349079365079,0.000575781001221,-7.294273504273476e-05,-0.000501521001221,-0.0006188605616605,-0.0006538936507936,-0.0006412306227106,-0.0005648915750915,-0.0005581969474969,-0.0004857501831501
-0.0005858699145299,-0.0005764627594627,-0.0004440317460317,0.0005788113064713,-6.990322344322315e-05,-0.0005106396092796,-0.0006127633699633,-0.0006508523809523,-0.0006442552625152,-0.0005648915750915,-0.0005612142857142,-0.0004857501831501
-0.0005797986568986,-0.0005734288156288,-0.000447073015873,0.000575781001221,-6.686371184371155e-05,-0.0005106396092796,-0.0006127633699633,-0.0006538936507936,-0.0006472799023199,-0.0005648915750915,-0.0005612142857142,-0.0004857501831501
-0.0005737273992673,-0.0005734288156288,-0.0004531555555555,0.0005727506959706,-6.078468864468836e-05,-0.0005136791452991,-0.0006158119658119,-0.0006538936507936,-0.0006503045421245,-0.0005709335775335,-0.0005642316239316,-0.0004917848595848
-0.000576763028083,-0.0005764627594627,-0.0004561968253968,0.000575781001221,-6.078468864468836e-05,-0.0005167186813186,-0.0006127633699633,-0.0006538936507936,-0.0006503045421245,-0.0005769755799755,-0.0005672489621489,-0.0004948021978021
-0.0005889055433455,-0.0005855645909645,-0.0004501142857142,0.0005848719169719,-6.990322344322315e-05,-0.0005167186813186,-0.0006036175824175,-0.0006478111111111,-0.0006503045421245,-0.0005769755799755,-0.0005702663003663,-0.0004948021978021
-0.0005858699145299,-0.0005916324786324,-0.000459238095238,0.0005879022222222,-6.382420024419996e-05,-0.0005258372893772,-0.0006005689865689,-0.0006447698412698,-0.0006503045421245,-0.0005799965811965,-0.0005732836385836,-0.0004978195360195
-0.0005737273992673,-0.0006007343101343,-0.0004774857142857,0.0005848719169719,-4.862664224664196e-05,-0.0005379954334554,-0.0006005689865689,-0.0006447698412698,-0.0006593784615384,-0.0005860385836385,-0.0005793183150183,-0.0005038542124542
-0.0005706917704517,-0.0005977003663003,-0.0004805269841269,0.0005818416117216,-4.558713064713037e-05,-0.0005379954334554,-0.0006005689865689,-0.0006417285714285,-0.0006563538217338,-0.0005830175824175,-0.0005763009768009,-0.0005008368742368
-0.0005828342857142,-0.0005946664224664,-0.0004622793650793,0.0005879022222222,-6.078468864468836e-05,-0.0005288768253968,-0.0005944717948717,-0.000635646031746,-0.0006472799023199,-0.0005769755799755,-0.0005732836385836,-0.0004948021978021
-0.0005919411721611,-0.0006007343101343,-0.000459238095238,0.0005939628327228,-6.686371184371155e-05,-0.0005288768253968,-0.0005914231990231,-0.0006326047619047,-0.0006503045421245,-0.0005830175824175,-0.0005763009768009,-0.0005008368742368
-0.0005889055433455,-0.0006007343101343,-0.0004653206349206,0.0005939628327228,-6.078468864468836e-05,-0.0005319163614163,-0.0005944717948717,-0.0006326047619047,-0.0006503045421245,-0.0005890595848595,-0.0005823356532356,-0.0005068715506715
-0.0005828342857142,-0.0005977003663003,-0.0004653206349206,0.0005879022222222,-5.774517704517676e-05,-0.0005319163614163,-0.0005944717948717,-0.0006326047619047,-0.0006472799023199,-0.0005890595848595,-0.0005823356532356,-0.0005068715506715
-0.0005797986568986,-0.0005977003663003,-0.0004683619047619,0.0005879022222222,-5.470566544566516e-05,-0.0005319163614163,-0.0005914231990231,-0.0006265222222222,-0.0006442552625152,-0.0005860385836385,-0.0005793183150183,-0.0005038542124542
-0.000576763028083,-0.0006007343101343,-0.0004774857142857,0.0005879022222222,-4.862664224664196e-05,-0.0005379954334554,-0.0005975203907203,-0.0006234809523809,-0.0006442552625152,-0.0005860385836385,-0.0005853529914529,-0.0005068715506715
-0.0005737273992673,-0.0006007343101343,-0.0004805269841269,0.0005848719169719,-4.558713064713037e-05,-0.0005410349694749,-0.0005944717948717,-0.0006234809523809,-0.0006442552625152,-0.0005890595848595,-0.0005883703296703,-0.0005129062271062
-0.000576763028083,-0.0005946664224664,-0.0004683619047619,0.0005848719169719,-5.470566544566516e-05,-0.0005319163614163,-0.0005944717948717,-0.0006204396825396,-0.0006442552625152,-0.0005860385836385,-0.0005883703296703,-0.0005098888888888
-0.0005797986568986,-0.0005825306471306,-0.0004531555555555,0.0005788113064713,-6.382420024419996e-05,-0.0005167186813186,-0.0005944717948717,-0.0006204396825396,-0.0006382059829059,-0.0005799965811965,-0.0005823356532356,-0.0005068715506715
-0.000576763028083,-0.0005794967032967,-0.0004561968253968,0.000575781001221,-6.078468864468836e-05,-0.0005167186813186,-0.0005975203907203,-0.0006173984126984,-0.0006351813431013,-0.0005799965811965,-0.0005793183150183,-0.0005038542124542
-0.0005737273992673,-0.0005825306471306,-0.0004622793650793,0.000575781001221,-5.470566544566516e-05,-0.0005227977533577,-0.0005944717948717,-0.0006113158730158,-0.000629132063492,-0.0005739545787545,-0.0005763009768009,-0.0005038542124542
-0.0005706917704517,-0.0005825306471306,-0.0004653206349206,0.000575781001221,-5.166615384615356e-05,-0.0005227977533577,-0.0005944717948717,-0.0006113158730158,-0.0006261074236874,-0.0005709335775335,-0.0005763009768009,-0.0005038542124542
-0.0005676561416361,-0.0005764627594627,-0.0004622793650793,0.0005697203907203,-5.166615384615356e-05,-0.0005197582173382,-0.0005975203907203,-0.0006082746031746,-0.0006261074236874,-0.0005679125763125,-0.0005763009768009,-0.0005038542124542
-0.0005737273992673,-0.0005673609279609,-0.000447073015873,0.0005697203907203,-6.382420024419996e-05,-0.00050760007326,-0.0005944717948717,-0.0006052333333333,-0.0006170335042735,-0.0005588495726495,-0.0005672489621489,-0.0004948021978021
-0.0005706917704517,-0.000561293040293,-0.000447073015873,0.0005636597802197,-6.078468864468836e-05,-0.0005045605372405,-0.0005975203907203,-0.0006052333333333,-0.0006170335042735,-0.0005588495726495,-0.0005612142857142,-0.0004887675213675
-0.0005646205128205,-0.000561293040293,-0.000447073015873,0.0005606294749694,-5.774517704517676e-05,-0.0005045605372405,-0.0006036175824175,-0.0006052333333333,-0.0006200581440781,-0.0005588495726495,-0.0005581969474969,-0.0004917848595848
-0.0005646205128205,-0.000561293040293,-0.000447073015873,0.0005606294749694,-5.774517704517676e-05,-0.0005045605372405,-0.0006066661782661,-0.0006113158730158,-0.0006200581440781,-0.0005588495726495,-0.0005581969474969,-0.0004887675213675
-0.0005585492551892,-0.0005552251526251,-0.0004501142857142,0.0005545688644688,-5.470566544566516e-05,-0.000501521001221,-0.0006066661782661,-0.0006143571428571,-0.0006200581440781,-0.0005558285714285,-0.0005581969474969,-0.0004917848595848
-0.0005615848840048,-0.0005521912087912,-0.0004440317460317,0.0005545688644688,-5.774517704517676e-05,-0.0004984814652014,-0.0006066661782661,-0.0006113158730158,-0.0006170335042735,-0.0005528075702075,-0.0005551796092796,-0.0004887675213675
-0.0005615848840048,-0.0005461233211233,-0.0004379492063492,0.0005515385592185,-6.078468864468836e-05,-0.0004924023931623,-0.0006097147741147,-0.0006113158730158,-0.0006170335042735,-0.0005467655677655,-0.0005491449328449,-0.0004797155067155
-0.0005615848840048,-0.0005400554334554,-0.0004349079365079,0.0005485082539682,-6.382420024419996e-05,-0.0004863233211233,-0.0006127633699633,-0.0006143571428571,-0.0006140088644688,-0.0005467655677655,-0.0005461275946275,-0.0004736808302808
-0.0005585492551892,-0.0005430893772893,-0.0004379492063492,0.0005485082539682,-6.078468864468836e-05,-0.0004893628571428,-0.0006188605616605,-0.0006173984126984,-0.0006170335042735,-0.0005467655677655,-0.0005461275946275,-0.0004766981684981
-0.0005615848840048,-0.0005430893772893,-0.0004318666666666,0.0005515385592185,-6.382420024419996e-05,-0.0004863233211233,-0.0006188605616605,-0.0006173984126984,-0.0006200581440781,-0.0005437445665445,-0.0005461275946275,-0.0004797155067155
-0.0005615848840048,-0.0005370214896214,-0.0004288253968253,0.0005485082539682,-6.686371184371155e-05,-0.0004832837851037,-0.0006219091575091,-0.0006204396825396,-0.0006230827838827,-0.0005437445665445,-0.0005431102564102,-0.0004766981684981
-0.0005464067399267,-0.0005339875457875,-0.0004440317460317,0.0005394173382173,-5.166615384615356e-05,-0.0004893628571428,-0.0006341035409035,-0.0006265222222222,-0.0006261074236874,-0.0005467655677655,-0.0005461275946275,-0.0004827328449328
-0.0005433711111111,-0.0005339875457875,-0.000447073015873,0.000536387032967,-4.862664224664196e-05,-0.0004893628571428,-0.0006402007326007,-0.0006326047619047,-0.0006321567032967,-0.0005467655677655,-0.0005491449328449,-0.0004827328449328
-0.0005494423687423,-0.0005309536019536,-0.0004349079365079,0.0005394173382173,-5.774517704517676e-05,-0.0004832837851037,-0.0006371521367521,-0.000635646031746,-0.0006321567032967,-0.0005467655677655,-0.0005461275946275,-0.0004797155067155
-0.0005494423687423,-0.0005248857142857,-0.0004257841269841,0.000536387032967,-6.078468864468836e-05,-0.0004741651770451,-0.0006371521367521,-0.0006386873015873,-0.0006321567032967,-0.0005467655677655,-0.0005431102564102,-0.0004766981684981
-0.0005585492551892,-0.0005188178266178,-0.000413619047619,0.000536387032967,-7.294273504273476e-05,-0.0004650465689865,-0.0006310549450549,-0.000635646031746,-0.000629132063492,-0.0005407235653235,-0.0005370755799755,-0.0004676461538461
-0.0005646205128205,-0.0005218517704517,-0.0004075365079365,0.0005424476434676,-7.902175824175796e-05,-0.0004650465689865,-0.0006249577533577,-0.0006295634920634,-0.0006230827838827,-0.0005346815628815,-0.0005310409035409,-0.0004646288156288
-0.0005676561416361,-0.0005309536019536,-0.0004166603174603,0.0005485082539682,-7.598224664224636e-05,-0.0004741651770451,-0.0006310549450549,-0.000635646031746,-0.0006261074236874,-0.0005346815628815,-0.0005340582417582,-0.0004646288156288
-0.0005555136263736,-0.0005339875457875,-0.0004318666666666,0.0005424476434676,-6.078468864468836e-05,-0.0004832837851037,-0.0006310549450549,-0.0006417285714285,-0.0006321567032967,-0.0005407235653235,-0.0005400929181929,-0.0004706634920634
-0.0005433711111111,-0.0005309536019536,-0.0004379492063492,0.000536387032967,-5.166615384615356e-05,-0.0004832837851037,-0.0006310549450549,-0.0006417285714285,-0.0006351813431013,-0.0005407235653235,-0.0005400929181929,-0.0004706634920634
-0.0005464067399267,-0.0005279196581196,-0.0004318666666666,0.000536387032967,-5.774517704517676e-05,-0.0004802442490842,-0.0006341035409035,-0.0006478111111111,-0.0006351813431013,-0.0005407235653235,-0.0005370755799755,-0.0004736808302808
-0.0005524779975579,-0.0005248857142857,-0.0004257841269841,0.000536387032967,-6.382420024419996e-05,-0.0004741651770451,-0.0006402007326007,-0.0006478111111111,-0.0006382059829059,-0.0005377025641025,-0.0005340582417582,-0.0004706634920634
-0.0005464067399267,-0.0005218517704517,-0.0004318666666666,0.0005333567277167,-5.774517704517676e-05,-0.0004772047130647,-0.0006432493284493,-0.0006538936507936,-0.0006412306227106,-0.0005437445665445,-0.0005400929181929,-0.0004736808302808
-0.0005494423687423,-0.0005248857142857,-0.0004318666666666,0.000536387032967,-5.774517704517676e-05,-0.0004772047130647,-0.0006432493284493,-0.0006538936507936,-0.0006442552625152,-0.0005437445665445,-0.0005431102564102,-0.0004766981684981
-0.0005524779975579,-0.0005218517704517,-0.0004227428571428,0.000536387032967,-6.382420024419996e-05,-0.0004711256410256,-0.0006341035409035,-0.0006538936507936,-0.0006382059829059,-0.0005407235653235,-0.0005370755799755,-0.0004736808302808
-0.0005524779975579,-0.0005157838827838,-0.0004197015873015,0.0005333567277167,-6.686371184371155e-05,-0.0004680861050061,-0.0006341035409035,-0.0006569349206349,-0.0006382059829059,-0.0005407235653235,-0.0005370755799755,-0.0004706634920634
-0.0005494423687423,-0.0005218517704517,-0.0004257841269841,0.0005333567277167,-6.078468864468836e-05,-0.0004741651770451,-0.0006371521367521,-0.0006599761904761,-0.0006412306227106,-0.0005407235653235,-0.0005400929181929,-0.0004736808302808
-0.0005524779975579,-0.0005309536019536,-0.0004318666666666,0.0005394173382173,-6.078468864468836e-05,-0.0004802442490842,-0.0006432493284493,-0.0006660587301587,-0.0006472799023199,-0.0005467655677655,-0.0005431102564102,-0.0004797155067155
-0.0005433711111111,-0.0005370214896214,-0.0004440317460317,0.0005394173382173,-4.862664224664196e-05,-0.0004893628571428,-0.0006462979242979,-0.0006690999999999,-0.0006533291819291,-0.0005528075702075,-0.0005491449328449,-0.0004857501831501
-0.0005464067399267,-0.0005339875457875,-0.0004409904761904,0.0005394173382173,-5.166615384615356e-05,-0.0004863233211233,-0.0006432493284493,-0.0006690999999999,-0.0006533291819291,-0.0005497865689865,-0.0005491449328449,-0.0004827328449328
-0.0005555136263736,-0.0005279196581196,-0.0004257841269841,0.0005394173382173,-6.382420024419996e-05,-0.0004772047130647,-0.0006432493284493,-0.0006690999999999,-0.0006472799023199,-0.0005437445665445,-0.0005400929181929,-0.0004766981684981
-0.0005555136263736,-0.0005218517704517,-0.0004227428571428,0.000536387032967,-6.686371184371155e-05,-0.0004711256410256,-0.0006462979242979,-0.0006660587301587,-0.0006442552625152,-0.0005407235653235,-0.0005370755799755,-0.0004706634920634
-0.0005433711111111,-0.0005248857142857,-0.0004379492063492,0.0005333567277167,-5.166615384615356e-05,-0.0004802442490842,-0.0006493465201465,-0.0006660587301587,-0.0006472799023199,-0.0005467655677655,-0.0005400929181929,-0.0004766981684981
-0.0005342642246642,-0.0005309536019536,-0.0004501142857142,0.0005303264224664,-4.254761904761877e-05,-0.0004893628571428,-0.0006493465201465,-0.0006690999999999,-0.0006503045421245,-0.0005497865689865,-0.0005461275946275,-0.0004827328449328
-0.0005372998534798,-0.0005309536019536,-0.0004440317460317,0.0005333567277167,-4.558713064713037e-05,-0.0004863233211233,-0.0006493465201465,-0.0006660587301587,-0.0006503045421245,-0.0005467655677655,-0.0005431102564102,-0.0004797155067155
-0.0005464067399267,-0.0005248857142857,-0.0004318666666666,0.0005333567277167,-5.774517704517676e-05,-0.0004772047130647,-0.0006493465201465,-0.0006660587301587,-0.0006472799023199,-0.0005437445665445,-0.0005370755799755,-0.0004706634920634
-0.0005464067399267,-0.0005188178266178,-0.0004257841269841,0.0005303264224664,-6.078468864468836e-05,-0.0004711256410256,-0.0006523951159951,-0.0006660587301587,-0.0006472799023199,-0.0005407235653235,-0.0005340582417582,-0.0004676461538461
-0.0005342642246642,-0.0005188178266178,-0.0004379492063492,0.0005242658119658,-4.862664224664196e-05,-0.0004772047130647,-0.0006554437118437,-0.0006721412698412,-0.0006503045421245,-0.0005467655677655,-0.0005400929181929,-0.0004766981684981
-0.000519086080586,-0.0005218517704517,-0.0004561968253968,0.0005182052014652,-3.0389572649572364e-05,-0.0004893628571428,-0.0006615409035409,-0.0006782238095238,-0.0006563538217338,-0.0005558285714285,-0.0005491449328449,-0.0004827328449328
-0.0005251573382173,-0.0005248857142857,-0.0004531555555555,0.0005242658119658,-3.6468595848595565e-05,-0.0004893628571428,-0.0006554437118437,-0.0006751825396825,-0.0006533291819291,-0.0005528075702075,-0.0005491449328449,-0.0004827328449328
-0.0005464067399267,-0.0005218517704517,-0.0004288253968253,0.0005333567277167,-5.774517704517676e-05,-0.0004741651770451,-0.0006462979242979,-0.0006690999999999,-0.0006442552625152,-0.0005437445665445,-0.0005400929181929,-0.0004766981684981
-0.0005464067399267,-0.0005218517704517,-0.0004288253968253,0.0005333567277167,-5.774517704517676e-05,-0.0004741651770451,-0.0006493465201465,-0.0006690999999999,-0.0006442552625152,-0.0005437445665445,-0.0005400929181929,-0.0004736808302808
-0.0005342642246642,-0.0005248857142857,-0.0004440317460317,0.0005272961172161,-4.558713064713037e-05,-0.0004832837851037,-0.0006523951159951,-0.0006721412698412,-0.0006503045421245,-0.0005497865689865,-0.0005431102564102,-0.0004797155067155
-0.0005342642246642,-0.0005279196581196,-0.000447073015873,0.0005303264224664,-4.254761904761877e-05,-0.0004863233211233,-0.0006523951159951,-0.0006721412698412,-0.0006503045421245,-0.0005497865689865,-0.0005431102564102,-0.0004797155067155
-0.0005342642246642,-0.0005309536019536,-0.000447073015873,0.0005303264224664,-4.254761904761877e-05,-0.0004893628571428,-0.0006523951159951,-0.0006721412698412,-0.0006472799023199,-0.0005497865689865,-0.0005461275946275,-0.0004797155067155
-0.0005372998534798,-0.0005279196581196,-0.0004440317460317,0.0005303264224664,-4.558713064713037e-05,-0.0004863233211233,-0.0006523951159951,-0.0006721412698412,-0.0006503045421245,-0.0005497865689865,-0.0005431102564102,-0.0004797155067155
-0.0005403354822954,-0.0005248857142857,-0.0004409904761904,0.0005303264224664,-4.862664224664196e-05,-0.0004832837851037,-0.0006523951159951,-0.0006721412698412,-0.0006472799023199,-0.0005497865689865,-0.0005400929181929,-0.0004766981684981
-0.0005433711111111,-0.0005279196581196,-0.0004379492063492,0.0005333567277167,-5.166615384615356e-05,-0.0004832837851037,-0.0006554437118437,-0.0006721412698412,-0.0006472799023199,-0.0005497865689865,-0.0005400929181929,-0.0004766981684981
-0.0005372998534798,-0.0005309536019536,-0.0004501142857142,0.0005333567277167,-4.254761904761877e-05,-0.0004893628571428,-0.0006554437118437,-0.0006751825396825,-0.0006533291819291,-0.0005528075702075,-0.0005491449328449,-0.0004827328449328
-0.0005312285958485,-0.0005370214896214,-0.000459238095238,0.0005333567277167,-3.6468595848595565e-05,-0.0004984814652014,-0.0006554437118437,-0.0006782238095238,-0.0006533291819291,-0.0005528075702075,-0.0005521622710622,-0.0004857501831501
-0.0005433711111111,-0.0005339875457875,-0.0004440317460317,0.000536387032967,-4.862664224664196e-05,-0.0004893628571428,-0.0006462979242979,-0.0006751825396825,-0.0006442552625152,-0.0005467655677655,-0.0005461275946275,-0.0004766981684981
-0.0005372998534798,-0.0005309536019536,-0.000447073015873,0.0005333567277167,-4.558713064713037e-05,-0.0004893628571428,-0.0006493465201465,-0.0006721412698412,-0.0006442552625152,-0.0005467655677655,-0.0005431102564102,-0.0004736808302808
-0.0005281929670329,-0.0005370214896214,-0.0004653206349206,0.0005303264224664,-3.0389572649572364e-05,-0.000501521001221,-0.0006523951159951,-0.0006782238095238,-0.0006503045421245,-0.0005558285714285,-0.0005491449328449,-0.0004827328449328
-0.0005251573382173,-0.0005400554334554,-0.0004653206349206,0.0005303264224664,-3.0389572649572364e-05,-0.000501521001221,-0.0006523951159951,-0.0006782238095238,-0.0006533291819291,-0.0005588495726495,-0.0005521622710622,-0.0004827328449328
-0.0005403354822954,-0.0005370214896214,-0.0004501142857142,0.000536387032967,-4.558713064713037e-05,-0.0004924023931623,-0.0006462979242979,-0.0006751825396825,-0.0006503045421245,-0.0005528075702075,-0.0005491449328449,-0.0004797155067155
-0.0005464067399267,-0.0005339875457875,-0.0004440317460317,0.0005394173382173,-5.166615384615356e-05,-0.0004893628571428,-0.0006462979242979,-0.0006721412698412,-0.0006503045421245,-0.0005497865689865,-0.0005461275946275,-0.0004766981684981
-0.0005372998534798,-0.0005339875457875,-0.0004531555555555,0.0005333567277167,-4.254761904761877e-05,-0.0004924023931623,-0.0006523951159951,-0.0006721412698412,-0.0006503045421245,-0.0005497865689865,-0.0005431102564102,-0.0004766981684981
-0.0005312285958485,-0.0005339875457875,-0.000459238095238,0.0005303264224664,-3.6468595848595565e-05,-0.0004954419291819,-0.0006523951159951,-0.0006751825396825,-0.0006533291819291,-0.0005528075702075,-0.0005461275946275,-0.0004797155067155
-0.0005312285958485,-0.0005370214896214,-0.0004622793650793,0.0005333567277167,-3.342908424908396e-05,-0.0004984814652014,-0.0006523951159951,-0.0006782238095238,-0.0006533291819291,-0.0005558285714285,-0.0005521622710622,-0.0004827328449328
-0.0005342642246642,-0.0005400554334554,-0.000459238095238,0.000536387032967,-3.6468595848595565e-05,-0.0004984814652014,-0.0006523951159951,-0.000681265079365,-0.0006563538217338,-0.0005558285714285,-0.0005521622710622,-0.0004827328449328
-0.0005372998534798,-0.0005370214896214,-0.0004531555555555,0.000536387032967,-4.254761904761877e-05,-0.0004954419291819,-0.0006493465201465,-0.000681265079365,-0.0006563538217338,-0.0005528075702075,-0.0005491449328449,-0.0004797155067155
-0.0005403354822954,-0.0005400554334554,-0.0004501142857142,0.0005394173382173,-4.558713064713037e-05,-0.0004954419291819,-0.0006493465201465,-0.000681265079365,-0.0006563538217338,-0.0005528075702075,-0.0005461275946275,-0.0004736808302808
-0.0005403354822954,-0.0005430893772893,-0.0004531555555555,0.0005394173382173,-4.254761904761877e-05,-0.0004984814652014,-0.0006523951159951,-0.0006782238095238,-0.0006563538217338,-0.0005528075702075,-0.0005461275946275,-0.0004736808302808
-0.0005403354822954,-0.0005430893772893,-0.000459238095238,0.0005394173382173,-3.950810744810717e-05,-0.000501521001221,-0.0006493465201465,-0.0006751825396825,-0.0006563538217338,-0.0005528075702075,-0.0005431102564102,-0.0004766981684981
-0.0005342642246642,-0.0005400554334554,-0.000459238095238,0.000536387032967,-3.6468595848595565e-05,-0.0004984814652014,-0.0006493465201465,-0.0006782238095238,-0.0006593784615384,-0.0005497865689865,-0.0005461275946275,-0.0004766981684981
-0.0005281929670329,-0.0005370214896214,-0.0004622793650793,0.0005303264224664,-3.342908424908396e-05,-0.0004984814652014,-0.0006523951159951,-0.0006782238095238,-0.0006563538217338,-0.0005497865689865,-0.0005431102564102,-0.0004766981684981
-0.0005251573382173,-0.0005339875457875,-0.000459238095238,0.0005272961172161,-3.342908424908396e-05,-0.0004954419291819,-0.0006523951159951,-0.0006782238095238,-0.0006563538217338,-0.0005497865689865,-0.0005431102564102,-0.0004736808302808
-0.0005342642246642,-0.0005279196581196,-0.000447073015873,0.0005303264224664,-4.254761904761877e-05,-0.0004863233211233,-0.0006493465201465,-0.0006721412698412,-0.0006533291819291,-0.0005437445665445,-0.0005431102564102,-0.0004736808302808
-0.0005372998534798,-0.0005248857142857,-0.000447073015873,0.0005303264224664,-4.558713064713037e-05,-0.0004863233211233,-0.0006462979242979,-0.0006721412698412,-0.0006533291819291,-0.0005437445665445,-0.0005400929181929,-0.0004736808302808
-0.000519086080586,-0.0005188178266178,-0.0004531555555555,0.0005182052014652,-3.342908424908396e-05,-0.0004863233211233,-0.0006402007326007,-0.0006721412698412,-0.0006533291819291,-0.0005437445665445,-0.0005431102564102,-0.0004736808302808
-0.0005039079365079,-0.0005157838827838,-0.0004622793650793,0.0005091142857142,-2.1271037851037568e-05,-0.0004893628571428,-0.0006402007326007,-0.0006721412698412,-0.0006533291819291,-0.0005437445665445,-0.0005431102564102,-0.0004766981684981
-0.0005069435653235,-0.000506682051282,-0.0004531555555555,0.0005060839804639,-2.735006105006077e-05,-0.0004802442490842,-0.0006402007326007,-0.0006630174603174,-0.0006472799023199,-0.0005346815628815,-0.0005340582417582,-0.0004676461538461
-0.000519086080586,-0.0004915123321123,-0.0004257841269841,0.0005030536752136,-4.558713064713037e-05,-0.0004589674969474,-0.0006310549450549,-0.0006538936507936,-0.0006351813431013,-0.0005225975579975,-0.0005189715506715,-0.0004525594627594
-0.0005160504517704,-0.0004702747252747,-0.0004105777777777,0.0004909324542124,-5.166615384615356e-05,-0.0004407302808302,-0.0006188605616605,-0.0006417285714285,-0.0006200581440781,-0.0005105135531135,-0.0005099195360195,-0.0004435074481074
-0.0005039079365079,-0.000452071062271,-0.0004014539682539,0.0004757809279609,-5.166615384615356e-05,-0.0004255326007326,-0.0006097147741147,-0.0006265222222222,-0.0006049349450549,-0.0004984295482295,-0.0005008675213675,-0.0004344554334554
-0.0005008723076923,-0.0004369013431013,-0.0003892888888888,0.00046669001221,-5.470566544566516e-05,-0.0004133744566544,-0.0006097147741147,-0.0006204396825396,-0.0005928363858363,-0.0004893665445665,-0.0004918155067155,-0.0004284207570207
-0.0004887297924297,-0.0004247655677655,-0.0003923301587301,0.0004545687912087,-4.862664224664196e-05,-0.0004072953846153,-0.0006188605616605,-0.0006143571428571,-0.0005867871062271,-0.0004833245421245,-0.0004887981684981,-0.000422386080586
-0.0004674803907203,-0.0004186976800976,-0.0004044952380952,0.0004424475702075,-3.0389572649572364e-05,-0.0004103349206349,-0.0006280063492063,-0.0006082746031746,-0.0005867871062271,-0.0004833245421245,-0.0004918155067155,-0.0004284207570207
-0.0004614091330891,-0.0004156637362637,-0.0004075365079365,0.0004363869597069,-2.735006105006077e-05,-0.0004103349206349,-0.0006462979242979,-0.0006173984126984,-0.0005928363858363,-0.0004893665445665,-0.0004948328449328,-0.0004374727716727
-0.0004674803907203,-0.0004308334554334,-0.0004166603174603,0.0004485081807081,-2.4310549450549165e-05,-0.000422493064713,-0.000682881074481,-0.0006417285714285,-0.0006049349450549,-0.0005014505494505,-0.0005008675213675,-0.0004404901098901
-0.0004765872771672,-0.0004460031746031,-0.0004257841269841,0.0004606294017094,-2.4310549450549165e-05,-0.0004346512087912,-0.0006950754578754,-0.0006569349206349,-0.0006140088644688,-0.0005074925518925,-0.0005038848595848,-0.0004374727716727
-0.0004826585347985,-0.0004581389499389,-0.0004288253968253,0.0004697203174603,-2.735006105006077e-05,-0.0004437698168498,-0.0006920268620268,-0.0006599761904761,-0.0006200581440781,-0.0005105135531135,-0.0005069021978021,-0.0004404901098901
-0.0005008723076923,-0.0004793765567765,-0.0004288253968253,0.0004879021489621,-3.6468595848595565e-05,-0.0004528884249084,-0.0006889782661782,-0.0006690999999999,-0.0006351813431013,-0.0005195765567765,-0.0005129368742368,-0.0004435074481074
-0.0005039079365079,-0.0004945462759462,-0.0004440317460317,0.000496993064713,-3.0389572649572364e-05,-0.0004680861050061,-0.0006889782661782,-0.0006751825396825,-0.0006472799023199,-0.0005286395604395,-0.0005219888888888,-0.0004495421245421
-0.0004917654212454,-0.0004884783882783,-0.0004501142857142,0.0004879021489621,-2.1271037851037568e-05,-0.0004680861050061,-0.0006920268620268,-0.0006782238095238,-0.0006472799023199,-0.0005286395604395,-0.0005219888888888,-0.0004465247863247
-0.000494801050061,-0.0004824105006105,-0.0004440317460317,0.0004879021489621,-2.4310549450549165e-05,-0.000462007032967,-0.0006950754578754,-0.0006782238095238,-0.0006472799023199,-0.0005256185592185,-0.0005159542124542,-0.0004435074481074
-0.0005008723076923,-0.0005006141636141,-0.0004561968253968,0.0005000233699633,-2.1271037851037568e-05,-0.0004772047130647,-0.0006950754578754,-0.0006843063492063,-0.0006593784615384,-0.0005377025641025,-0.0005280235653235,-0.0004555768009768
-0.000494801050061,-0.0005248857142857,-0.0004805269841269,0.0005091142857142,-6.07347985347957e-06,-0.000501521001221,-0.000698124053724,-0.0006934301587301,-0.000671477020757,-0.0005497865689865,-0.0005431102564102,-0.0004706634920634
-0.0004917654212454,-0.0005309536019536,-0.0004866095238095,0.0005091142857142,-3.03396825396797e-06,-0.00050760007326,-0.000698124053724,-0.0007025539682539,-0.0006775263003663,-0.0005588495726495,-0.0005461275946275,-0.0004766981684981
-0.0005039079365079,-0.0005309536019536,-0.0004805269841269,0.0005151748962148,-1.2152503052502767e-05,-0.0005045605372405,-0.0006950754578754,-0.0007055952380952,-0.0006805509401709,-0.0005618705738705,-0.0005491449328449,-0.0004827328449328
-0.0005312285958485,-0.0005248857142857,-0.0004501142857142,0.0005272961172161,-3.950810744810717e-05,-0.0004863233211233,-0.0006889782661782,-0.0007055952380952,-0.0006745016605616,-0.0005528075702075,-0.0005431102564102,-0.0004736808302808
-0.0005524779975579,-0.0005309536019536,-0.0004288253968253,0.0005394173382173,-6.078468864468836e-05,-0.0004802442490842,-0.000682881074481,-0.0007025539682539,-0.0006684523809523,-0.0005497865689865,-0.0005431102564102,-0.0004706634920634
-0.0005494423687423,-0.0005461233211233,-0.000447073015873,0.0005454779487179,-5.166615384615356e-05,-0.0004954419291819,-0.000682881074481,-0.0007116777777777,-0.0006775263003663,-0.0005588495726495,-0.0005521622710622,-0.0004797155067155
-0.0005403354822954,-0.000561293040293,-0.0004683619047619,0.0005485082539682,-3.6468595848595565e-05,-0.0005136791452991,-0.000682881074481,-0.0007208015873015,-0.0006866002197802,-0.0005709335775335,-0.0005672489621489,-0.0004917848595848
-0.0005464067399267,-0.0005643269841269,-0.0004714031746031,0.0005545688644688,-3.6468595848595565e-05,-0.0005167186813186,-0.0006798324786324,-0.0007208015873015,-0.0006896248595848,-0.0005739545787545,-0.0005672489621489,-0.0004948021978021
-0.0005585492551892,-0.0005552251526251,-0.0004531555555555,0.0005545688644688,-5.166615384615356e-05,-0.0005045605372405,-0.0006767838827838,-0.000714719047619,-0.0006805509401709,-0.0005648915750915,-0.0005551796092796,-0.0004857501831501
-0.0005494423687423,-0.0005521912087912,-0.0004622793650793,0.0005485082539682,-4.254761904761877e-05,-0.00050760007326,-0.0006859296703296,-0.0007177603174603,-0.0006805509401709,-0.0005648915750915,-0.0005551796092796,-0.0004857501831501
-0.0005342642246642,-0.0005521912087912,-0.0004714031746031,0.0005424476434676,-3.0389572649572364e-05,-0.0005106396092796,-0.0006889782661782,-0.0007208015873015,-0.0006835755799755,-0.0005679125763125,-0.0005612142857142,-0.0004887675213675
-0.0005372998534798,-0.0005552251526251,-0.0004714031746031,0.0005454779487179,-3.342908424908396e-05,-0.0005136791452991,-0.0006859296703296,-0.0007208015873015,-0.0006835755799755,-0.0005679125763125,-0.0005612142857142,-0.0004917848595848
-0.0005433711111111,-0.0005521912087912,-0.0004622793650793,0.0005454779487179,-3.950810744810717e-05,-0.00050760007326,-0.000682881074481,-0.0007208015873015,-0.0006775263003663,-0.0005618705738705,-0.0005581969474969,-0.0004917848595848
-0.0005464067399267,-0.0005400554334554,-0.000447073015873,0.0005424476434676,-4.862664224664196e-05,-0.0004924023931623,-0.000682881074481,-0.000714719047619,-0.000671477020757,-0.0005558285714285,-0.0005491449328449,-0.0004827328449328
-0.0005433711111111,-0.0005370214896214,-0.0004409904761904,0.0005394173382173,-5.166615384615356e-05,-0.0004893628571428,-0.000682881074481,-0.0007086365079365,-0.0006654277411477,-0.0005528075702075,-0.0005461275946275,-0.0004797155067155
-0.0005464067399267,-0.0005370214896214,-0.0004409904761904,0.0005394173382173,-5.166615384615356e-05,-0.0004893628571428,-0.000682881074481,-0.0007055952380952,-0.0006624031013431,-0.0005497865689865,-0.0005431102564102,-0.0004797155067155
-0.0005372998534798,-0.0005339875457875,-0.0004440317460317,0.0005333567277167,-4.558713064713037e-05,-0.0004893628571428,-0.0006859296703296,-0.000714719047619,-0.0006624031013431,-0.0005528075702075,-0.0005491449328449,-0.0004827328449328
-0.0005342642246642,-0.0005309536019536,-0.000447073015873,0.0005303264224664,-4.254761904761877e-05,-0.0004893628571428,-0.0006889782661782,-0.0007238428571428,-0.0006654277411477,-0.0005528075702075,-0.0005521622710622,-0.0004827328449328
-0.0005342642246642,-0.0005218517704517,-0.0004409904761904,0.0005272961172161,-4.558713064713037e-05,-0.0004802442490842,-0.0006889782661782,-0.0007025539682539,-0.0006472799023199,-0.0005437445665445,-0.0005461275946275,-0.0004827328449328
-0.0005433711111111,-0.0004975802197802,-0.0004105777777777,0.0005182052014652,-6.686371184371155e-05,-0.0004528884249084,-0.0006767838827838,-0.0006538936507936,-0.0005928363858363,-0.0005225975579975,-0.0005461275946275,-0.0004917848595848
-0.0005433711111111,-0.0004186976800976,-0.0003284634920634,0.0004788112332112,-0.0001063773626373,-0.0003738604884004,-0.0006706866910866,-0.0005869857142857,-0.0004990725518925,-0.0004682195360195,-0.0005099195360195,-0.0004797155067155
-0.000494801050061,-0.0002578986568986,-0.0002159365079365,0.0003757808547008,-0.0001398119902319,-0.0002370813675213,-0.0006950754578754,-0.0004835825396825,-0.0003508652014652,-0.0003383164835164,-0.000416382051282,-0.0004163514041514
-0.000388554041514,-5.4624420024419824e-05,-0.0001246984126984,0.0002212352869352,-0.0001306934554334,-8.81441025641026e-05,-0.0007560473748473,-0.0003801793650793,-0.0001603128937728,-0.0001268463980463,-0.0002564631257631,-0.0003077272283272
-0.0002428438583638,0.000242702075702,2.7365079365079456e-05,2.300366300369205e-08,-0.0001337329670329,0.000133742026862,-0.0009023799755799,-0.0004835825396825,1.8140854700854626e-05,0.0001510857142857,1.062271062255604e-08,-0.0001025482295482
-7.891990231990259e-05,0.0006249789987789,0.0002402539682539,-0.0002727044688644,-0.000158049059829,0.0004316165567765,-0.0011858993894993,-0.0008211634920634,0.0001270278876678,0.0004652698412698,0.0003409698412698,0.0002082376068376
8.196842490842463e-05,0.0009405091575091,0.0003892761904761,-0.0005090682783882,-0.00015197003663,0.0006656608302808,-0.0015547794871794,-0.0012134873015873,9.678148962148952e-05,0.0007311179487179,0.0006577903540903,0.0005190234432234
0.0001882154334554,0.0011377155067155,0.0004835555555555,-0.0006605835409035,-0.000145891013431,0.0008115585592185,-0.0018779306471306,-0.0015176142857142,-1.5130183150183227e-05,0.000864042002442,0.0008750387057387,0.0007694625152625
0.000191251062271,0.0009617467643467,0.0003102031746031,-0.0005757349938949,-5.774517704517676e-05,0.0006352654700854,-0.0019998744810744,-0.0016757603174603,-0.0003024709645909,0.0006314249084249,0.0007603798534798,0.0007785145299145
1.2148962148961872e-05,0.0003337203907203,-0.0001338222222222,-0.0001727043956043,7.295382173382202e-05,0.0001003071306471,-0.001844396092796,-0.0017974111111111,-0.0008075858119658,1.21196581196576e-05,0.0002866577533577,0.0004858327228327
-0.0002671288888888,-0.0001031675213675,-0.0002889269841269,0.0001848716239316,9.124078144078428e-06,-0.0001945278632478,-0.0016248971916971,-0.0019950936507936,-0.0012310353846153,-0.0004833245421245,-8.14575091575093e-05,0.000247463003663
-0.000470516019536,-0.0003185775335775,-0.0003041333333333,0.0003939626862026,-8.206126984126955e-05,-0.0003100302319902,-0.0014328356532356,-0.0019707634920634,-0.001376218095238,-0.0007219836385836,-0.0002987058608058,6.944004884004823e-05
-0.0005585492551892,-0.0004642068376068,-0.0003619174603174,0.0005091142857142,-9.725882783882755e-05,-0.0004133744566544,-0.0012834544566544,-0.0017274619047619,-0.0012915281807081,-0.0007703196581196,-0.0004314687423687,-9.651355311355373e-05
-0.0005706917704517,-0.000506682051282,-0.0003892888888888,0.000536387032967,-9.117980463980436e-05,-0.0004468093528693,-0.001158462026862,-0.0014567888888888,-0.0011312222710622,-0.0007250046398046,-0.0004797461538461,-0.000217207081807
-0.0005646205128205,-0.0005127499389499,-0.0003984126984126,0.000536387032967,-8.206126984126955e-05,-0.0004559279609279,-0.0010121294261294,-0.0012134873015873,-0.0009860395604395,-0.0006645846153846,-0.0005008675213675,-0.0002986752136752
-0.0005433711111111,-0.0005127499389499,-0.0004227428571428,0.0005272961172161,-6.078468864468836e-05,-0.0004680861050061,-0.0008657968253968,-0.000985392063492,-0.0008620293284493,-0.0006162485958485,-0.0005159542124542,-0.0003620393162393
-0.0005221217094017,-0.0004945462759462,-0.0004227428571428,0.0005060839804639,-4.862664224664196e-05,-0.0004589674969474,-0.0007529987789987,-0.0008059571428571,-0.0007561669352869,-0.0005709335775335,-0.0005129368742368,-0.0004012647130647
-0.0005069435653235,-0.0004672407814407,-0.000413619047619,0.0004848718437118,-4.558713064713037e-05,-0.0004407302808302,-0.000698124053724,-0.0007055952380952,-0.0006835755799755,-0.0005377025641025,-0.0005069021978021,-0.000413334065934
-0.0005099791941391,-0.0004581389499389,-0.0004014539682539,0.0004818415384615,-5.470566544566516e-05,-0.0004285721367521,-0.0006706866910866,-0.0006569349206349,-0.0006472799023199,-0.0005195765567765,-0.0005038848595848,-0.0004193687423687
-0.0005342642246642,-0.0004642068376068,-0.0003892888888888,0.000496993064713,-7.294273504273476e-05,-0.0004255326007326,-0.0006493465201465,-0.0006326047619047,-0.0006351813431013,-0.0005195765567765,-0.0005038848595848,-0.000422386080586
-0.0005403354822954,-0.0004763426129426,-0.0003892888888888,0.0005060839804639,-7.598224664224636e-05,-0.0004316116727716,-0.0006402007326007,-0.0006173984126984,-0.000629132063492,-0.0005195765567765,-0.0005099195360195,-0.000431438095238
-0.0005372998534798,-0.0004854444444444,-0.0004014539682539,0.0005091142857142,-6.686371184371155e-05,-0.0004437698168498,-0.0006341035409035,-0.0006082746031746,-0.0006230827838827,-0.0005225975579975,-0.0005219888888888,-0.0004465247863247
-0.0005281929670329,-0.0004854444444444,-0.0004166603174603,0.0005060839804639,-5.470566544566516e-05,-0.0004498488888888,-0.0006280063492063,-0.000602192063492,-0.0006200581440781,-0.0005286395604395,-0.0005280235653235,-0.0004585941391941
-0.0005281929670329,-0.0004854444444444,-0.0004105777777777,0.0005060839804639,-5.774517704517676e-05,-0.0004468093528693,-0.0006188605616605,-0.0005900269841269,-0.0006109842246642,-0.0005225975579975,-0.0005280235653235,-0.0004585941391941
-0.0005312285958485,-0.0004824105006105,-0.0004044952380952,0.0005060839804639,-6.382420024419996e-05,-0.0004437698168498,-0.0006158119658119,-0.0005778619047619,-0.0006049349450549,-0.0005195765567765,-0.0005250062271062,-0.0004585941391941
-0.0005251573382173,-0.0004824105006105,-0.000413619047619,0.0005030536752136,-5.470566544566516e-05,-0.0004468093528693,-0.0006188605616605,-0.0005748206349206,-0.0006049349450549,-0.0005256185592185,-0.0005310409035409,-0.0004646288156288
-0.0005281929670329,-0.0004884783882783,-0.000413619047619,0.0005060839804639,-5.774517704517676e-05,-0.0004498488888888,-0.0006158119658119,-0.000568738095238,-0.0006019103052503,-0.0005256185592185,-0.0005340582417582,-0.0004706634920634
-0.0005251573382173,-0.0004915123321123,-0.0004166603174603,0.0005060839804639,-5.470566544566516e-05,-0.0004528884249084,-0.0006097147741147,-0.0005626555555555,-0.000595861025641,-0.0005256185592185,-0.0005340582417582,-0.0004706634920634
-0.0005281929670329,-0.0004884783882783,-0.000413619047619,0.0005060839804639,-5.774517704517676e-05,-0.0004498488888888,-0.0006036175824175,-0.0005535317460317,-0.0005867871062271,-0.0005165555555555,-0.0005280235653235,-0.0004616114774114
-0.0005403354822954,-0.0004915123321123,-0.0004044952380952,0.0005151748962148,-6.686371184371155e-05,-0.0004468093528693,-0.0006036175824175,-0.0005444079365079,-0.0005837624664224,-0.0005105135531135,-0.0005219888888888,-0.0004555768009768
-0.0005342642246642,-0.0004884783882783,-0.0004075365079365,0.0005091142857142,-6.382420024419996e-05,-0.0004468093528693,-0.0006097147741147,-0.0005413666666666,-0.0005807378266178,-0.0005074925518925,-0.0005219888888888,-0.0004555768009768
-0.0005221217094017,-0.0004884783882783,-0.0004166603174603,0.0005030536752136,-5.166615384615356e-05,-0.0004528884249084,-0.0006158119658119,-0.0005352841269841,-0.0005867871062271,-0.0005135345543345,-0.0005280235653235,-0.0004616114774114
-0.000519086080586,-0.0004824105006105,-0.0004197015873015,0.0005000233699633,-4.862664224664196e-05,-0.0004498488888888,-0.0006127633699633,-0.0005352841269841,-0.0005837624664224,-0.0005165555555555,-0.0005310409035409,-0.0004646288156288
-0.0005281929670329,-0.0004824105006105,-0.0004075365079365,0.0005030536752136,-6.078468864468836e-05,-0.0004437698168498,-0.0006066661782661,-0.0005292015873015,-0.0005807378266178,-0.0005135345543345,-0.0005310409035409,-0.0004646288156288
-0.0005251573382173,-0.0004793765567765,-0.0004075365079365,0.0005000233699633,-5.774517704517676e-05,-0.0004437698168498,-0.0006036175824175,-0.0005261603174603,-0.0005746885470085,-0.0005105135531135,-0.0005280235653235,-0.0004616114774114
-0.000519086080586,-0.0004793765567765,-0.0004197015873015,0.000496993064713,-4.862664224664196e-05,-0.0004498488888888,-0.0006036175824175,-0.0005170365079365,-0.0005716639072039,-0.0005105135531135,-0.0005280235653235,-0.0004616114774114
-0.0005099791941391,-0.0004884783882783,-0.0004349079365079,0.000496993064713,-3.6468595848595565e-05,-0.000462007032967,-0.0006036175824175,-0.0005139952380952,-0.0005716639072039,-0.0005105135531135,-0.0005340582417582,-0.0004676461538461
-0.0005039079365079,-0.0004975802197802,-0.0004440317460317,0.0005000233699633,-3.0389572649572364e-05,-0.0004711256410256,-0.0006036175824175,-0.0005079126984126,-0.0005746885470085,-0.0005165555555555,-0.0005400929181929,-0.0004736808302808
-0.000519086080586,-0.0004945462759462,-0.0004288253968253,0.0005060839804639,-4.558713064713037e-05,-0.000462007032967,-0.0005944717948717,-0.0005018301587301,-0.0005656146275946,-0.0005074925518925,-0.0005310409035409,-0.0004676461538461
-0.0005312285958485,-0.0004854444444444,-0.0004075365079365,0.0005060839804639,-6.078468864468836e-05,-0.0004468093528693,-0.0005914231990231,-0.0004866238095238,-0.000553516068376,-0.0004984295482295,-0.0005189715506715,-0.0004525594627594
-0.0005221217094017,-0.0004854444444444,-0.0004166603174603,0.0005030536752136,-5.166615384615356e-05,-0.0004498488888888,-0.0005944717948717,-0.0004835825396825,-0.000553516068376,-0.0004984295482295,-0.0005219888888888,-0.0004585941391941
-0.0005251573382173,-0.0004854444444444,-0.000413619047619,0.0005030536752136,-5.470566544566516e-05,-0.0004498488888888,-0.0005914231990231,-0.0004774999999999,-0.0005565407081807,-0.0005014505494505,-0.0005310409035409,-0.0004646288156288
-0.0005281929670329,-0.0004884783882783,-0.000413619047619,0.0005060839804639,-5.774517704517676e-05,-0.0004498488888888,-0.0005883746031746,-0.0004714174603174,-0.000553516068376,-0.0005044715506715,-0.0005370755799755,-0.0004706634920634
-0.0005130148229548,-0.0004915123321123,-0.0004288253968253,0.0005000233699633,-4.254761904761877e-05,-0.0004589674969474,-0.0005883746031746,-0.0004683761904761,-0.0005565407081807,-0.0005135345543345,-0.0005461275946275,-0.0004797155067155
-0.0005069435653235,-0.0004915123321123,-0.0004379492063492,0.000496993064713,-3.342908424908396e-05,-0.0004650465689865,-0.0005883746031746,-0.0004562111111111,-0.0005504914285714,-0.0005135345543345,-0.0005461275946275,-0.0004827328449328
-0.0005160504517704,-0.0004884783882783,-0.0004288253968253,0.0005000233699633,-4.254761904761877e-05,-0.0004589674969474,-0.0005822774114774,-0.0004410047619047,-0.0005414175091575,-0.0005014505494505,-0.0005370755799755,-0.0004766981684981
-0.0005251573382173,-0.0004945462759462,-0.0004227428571428,0.0005091142857142,-5.166615384615356e-05,-0.0004589674969474,-0.0005761802197802,-0.0004257984126984,-0.0005323435897435,-0.0004923875457875,-0.0005310409035409,-0.0004676461538461
-0.0005160504517704,-0.0004975802197802,-0.0004349079365079,0.0005060839804639,-3.950810744810717e-05,-0.0004650465689865,-0.0005731316239316,-0.0004166746031746,-0.0005323435897435,-0.0004954085470085,-0.0005370755799755,-0.0004736808302808
-0.0005069435653235,-0.0005036481074481,-0.0004501142857142,0.0005030536752136,-2.735006105006077e-05,-0.0004772047130647,-0.0005670344322344,-0.0004045095238095,-0.0005293189499389,-0.0004984295482295,-0.0005370755799755,-0.0004766981684981
-0.0005039079365079,-0.0005036481074481,-0.0004531555555555,0.0005030536752136,-2.4310549450549165e-05,-0.0004772047130647,-0.0005639858363858,-0.0003923444444444,-0.0005262943101343,-0.0004954085470085,-0.0005370755799755,-0.0004766981684981
-0.0005099791941391,-0.0005006141636141,-0.000447073015873,0.0005030536752136,-3.0389572649572364e-05,-0.0004741651770451,-0.0005639858363858,-0.0003801793650793,-0.000520245030525,-0.0004923875457875,-0.0005340582417582,-0.0004736808302808
-0.0005130148229548,-0.0004975802197802,-0.0004440317460317,0.0005030536752136,-3.342908424908396e-05,-0.0004711256410256,-0.0005609372405372,-0.0003680142857142,-0.0005172203907203,-0.0004923875457875,-0.0005340582417582,-0.0004706634920634
-0.0005069435653235,-0.0004945462759462,-0.0004440317460317,0.0005000233699633,-3.0389572649572364e-05,-0.0004680861050061,-0.0005578886446886,-0.0003558492063492,-0.0005141957509157,-0.0004954085470085,-0.0005340582417582,-0.0004766981684981
-0.0005039079365079,-0.0004975802197802,-0.000447073015873,0.0005000233699633,-2.735006105006077e-05,-0.0004711256410256,-0.0005517914529914,-0.0003376015873015,-0.0005081464713064,-0.0004954085470085,-0.0005370755799755,-0.0004797155067155
-0.000494801050061,-0.0004975802197802,-0.0004561968253968,0.0004939627594627,-1.823152625152597e-05,-0.0004772047130647,-0.0005487428571428,-0.0003193539682539,-0.0005051218315018,-0.0004923875457875,-0.0005370755799755,-0.0004797155067155
-0.0004856941636141,-0.0004945462759462,-0.0004622793650793,0.0004879021489621,-1.2152503052502767e-05,-0.0004772047130647,-0.0005487428571428,-0.0003011063492063,-0.0005020971916971,-0.0004893665445665,-0.0005400929181929,-0.0004797155067155
-0.0004856941636141,-0.0004915123321123,-0.0004561968253968,0.0004879021489621,-1.5192014652014368e-05,-0.0004741651770451,-0.0005456942612942,-0.0002828587301587,-0.0004930232722832,-0.0004863455433455,-0.0005340582417582,-0.0004736808302808
-0.0005008723076923,-0.0004854444444444,-0.0004379492063492,0.0004909324542124,-3.0389572649572364e-05,-0.000462007032967,-0.0005334998778998,-0.0002554873015873,-0.00047790007326,-0.0004742615384615,-0.0005250062271062,-0.0004646288156288
-0.0005008723076923,-0.0004793765567765,-0.0004349079365079,0.0004879021489621,-3.342908424908396e-05,-0.0004559279609279,-0.0005274026862026,-0.0002281158730158,-0.0004658015140415,-0.0004682195360195,-0.0005219888888888,-0.0004585941391941
-0.0004796229059829,-0.0004733086691086,-0.000447073015873,0.0004757809279609,-1.5192014652014368e-05,-0.0004589674969474,-0.0005274026862026,-0.0002098682539682,-0.0004627768742368,-0.0004651985347985,-0.0005159542124542,-0.0004555768009768
-0.000470516019536,-0.0004611728937728,-0.000447073015873,0.0004636597069597,-1.2152503052502767e-05,-0.0004528884249084,-0.000524354090354,-0.000185538095238,-0.0004537029548229,-0.0004561355311355,-0.0005099195360195,-0.0004495421245421
-0.0004674803907203,-0.0004490371184371,-0.0004379492063492,0.000457599096459,-1.5192014652014368e-05,-0.0004437698168498,-0.0005213054945054,-0.0001581666666666,-0.0004416043956043,-0.0004500935286935,-0.0005038848595848,-0.0004435074481074
-0.0004614091330891,-0.0004429692307692,-0.0004379492063492,0.0004515384859584,-1.2152503052502767e-05,-0.0004407302808302,-0.0005152083028083,-0.0001338365079365,-0.0004355551159951,-0.0004470725274725,-0.0005008675213675,-0.0004374727716727
-0.0004583735042735,-0.0004338673992673,-0.0004288253968253,0.0004454778754578,-1.5192014652014368e-05,-0.0004316116727716,-0.0005121597069597,-0.0001095063492063,-0.0004234565567765,-0.0004410305250305,-0.0004948328449328,-0.0004344554334554
-0.0004523022466422,-0.0004186976800976,-0.0004227428571428,0.0004333566544566,-1.5192014652014368e-05,-0.0004194535286935,-0.0005121597069597,-8.821746031746001e-05,-0.0004143826373626,-0.0004349885225885,-0.0004887981684981,-0.0004284207570207
-0.0004401597313797,-0.0004065619047619,-0.0004197015873015,0.0004212354334554,-9.11299145299117e-06,-0.0004133744566544,-0.0005152083028083,-6.692857142857113e-05,-0.0004083333577533,-0.0004289465201465,-0.0004827634920634,-0.0004254034188034
-0.0004401597313797,-0.0003883582417582,-0.0004044952380952,0.0004121445177045,-1.823152625152597e-05,-0.0003951372405372,-0.0005121597069597,-4.259841269841239e-05,-0.0003932101587301,-0.0004168625152625,-0.0004706941391941,-0.0004103167277167
-0.0004431953601953,-0.0003671206349206,-0.000380165079365,0.0004030536019536,-3.0389572649572364e-05,-0.0003738604884004,-0.0005060625152625,-1.8268253968253663e-05,-0.0003811115995115,-0.0004047785103785,-0.0004556074481074,-0.00039523003663
-0.0004310528449328,-0.0003489169719169,-0.0003710412698412,0.000387902075702,-3.0389572649572364e-05,-0.0003586628083028,-0.0005060625152625,-3.061904761904461e-06,-0.0003750623199023,-0.0003987365079365,-0.0004495727716727,-0.000386178021978
-0.0004189103296703,-0.0003276793650793,-0.0003588761904761,0.0003727505494505,-3.0389572649572364e-05,-0.0003434651282051,-0.0005121597069597,9.103174603174904e-06,-0.000369013040293,-0.0003926945054945,-0.0004375034188034,-0.0003741086691086
-0.0004158747008547,-0.0003034078144078,-0.0003375873015873,0.000357599023199,-3.950810744810717e-05,-0.0003191488400488,-0.0005152083028083,1.8226984126984425e-05,-0.0003569144810744,-0.0003806105006105,-0.0004224167277167,-0.0003620393162393
-0.0004219459584859,-0.0002821702075702,-0.0003132571428571,0.0003515384126984,-5.470566544566516e-05,-0.000297872087912,-0.0005152083028083,2.735079365079395e-05,-0.0003478405616605,-0.0003655054945054,-0.00040733003663,-0.0003469526251526
-0.0004158747008547,-0.0002609326007326,-0.0002980507936507,0.0003363868864468,-5.774517704517676e-05,-0.0002796348717948,-0.000524354090354,3.039206349206379e-05,-0.0003448159218559,-0.0003594634920634,-0.0004012953601953,-0.0003379006105006
-0.0004037321855921,-0.0002396949938949,-0.0002858857142857,0.0003212353601953,-5.774517704517676e-05,-0.0002613976556776,-0.0005334998778998,2.4309523809524107e-05,-0.0003448159218559,-0.0003564424908424,-0.0003952606837606,-0.0003288485958485
-0.0004006965567765,-0.0002154234432234,-0.0002706793650793,0.0003060838339438,-6.382420024419996e-05,-0.0002431604395604,-0.0005426456654456,1.2144444444444744e-05,-0.0003417912820512,-0.0003443584859584,-0.0003801739926739,-0.0003137619047619
-0.0003915896703296,-0.0001972197802197,-0.0002615555555555,0.0002939626129426,-6.382420024419996e-05,-0.0002279627594627,-0.0005517914529914,-2.063492063462036e-08,-0.0003327173626373,-0.0003292534798534,-0.0003620699633699,-0.0002926405372405
-0.0003946252991452,-0.000185084004884,-0.0002493904761904,0.000287902002442,-7.294273504273476e-05,-0.0002158046153846,-0.00055484004884,-1.5226984126983825e-05,-0.000326668083028,-0.0003141484737484,-0.0003439659340659,-0.0002715191697191
-0.0004006965567765,-0.0001790161172161,-0.0002372253968253,0.000287902002442,-8.206126984126955e-05,-0.000206686007326,-0.00055484004884,-4.563968253968224e-05,-0.000326668083028,-0.0003111274725274,-0.0003318965811965,-0.0002534151404151
-0.0004037321855921,-0.0001638463980463,-0.0002189777777777,0.0002818413919413,-9.117980463980436e-05,-0.0001914883272283,-0.000570083028083,-9.125873015872984e-05,-0.0003417912820512,-0.0003141484737484,-0.0003288792429792,-0.0002473804639804
-0.0004098034432234,-0.0001517106227106,-0.0002007301587301,0.000278811086691,-0.0001033378510378,-0.0001762906471306,-0.000585326007326,-0.0001429603174603,-0.0003599391208791,-0.0003262324786324,-0.0003288792429792,-0.0002473804639804
-0.0004158747008547,-0.0001456427350427,-0.000188565079365,0.000278811086691,-0.0001124563858363,-0.000167172039072,-0.0005975203907203,-0.0001946619047619,-0.0003720376800976,-0.0003352954822954,-0.0003349139194139,-0.0002473804639804
-0.0004189103296703,-0.0001608124542124,-0.0001946476190476,0.000287902002442,-0.0001124563858363,-0.0001762906471306,-0.0006097147741147,-0.0002463634920634,-0.0003871608791208,-0.0003443584859584,-0.0003439659340659,-0.0002564324786324
-0.0004249815873015,-0.000185084004884,-0.0002128952380952,0.0003030535286935,-0.0001063773626373,-0.0001975673992673,-0.0006158119658119,-0.0002950238095238,-0.0003962347985347,-0.0003473794871794,-0.0003500006105006,-0.0002624671550671
-0.0004371241025641,-0.0002154234432234,-0.0002311428571428,0.0003242656654456,-0.0001033378510378,-0.0002218836874236,-0.0006219091575091,-0.0003406428571428,-0.0004143826373626,-0.0003504004884004,-0.0003530179487179,-0.0002654844932844
-0.0004371241025641,-0.000236661050061,-0.0002524317460317,0.0003363868864468,-9.117980463980436e-05,-0.0002431604395604,-0.0006371521367521,-0.0003862619047619,-0.0004355551159951,-0.0003624844932844,-0.0003620699633699,-0.0002775538461538
-0.0004462309890109,-0.0002518307692307,-0.0002585142857142,0.0003485081074481,-9.421931623931596e-05,-0.0002553185836385,-0.0006462979242979,-0.0004288396825396,-0.0004567275946275,-0.0003775894993894,-0.0003741393162393,-0.0002926405372405
-0.0004735516483516,-0.0002730683760683,-0.0002524317460317,0.0003727505494505,-0.0001094168742368,-0.0002613976556776,-0.0006493465201465,-0.0004683761904761,-0.0004748754334554,-0.0003926945054945,-0.0003862086691086,-0.0003107445665445
-0.0004856941636141,-0.000291272039072,-0.0002615555555555,0.000387902075702,-0.0001124563858363,-0.0002765953357753,-0.0006493465201465,-0.0005048714285714,-0.0004990725518925,-0.0004108205128205,-0.0004103473748473,-0.0003348832722832
-0.0004826585347985,-0.0003155435897435,-0.0002858857142857,0.0003969929914529,-9.725882783882755e-05,-0.0003009116239316,-0.0006554437118437,-0.0005413666666666,-0.000520245030525,-0.0004319675213675,-0.0004314687423687,-0.0003590219780219
-0.0004856941636141,-0.0003489169719169,-0.0003162984126984,0.0004151748229548,-8.510078144078116e-05,-0.0003313069841269,-0.0006584923076923,-0.0005656968253968,-0.0005353682295482,-0.0004440515262515,-0.0004495727716727,-0.000377126007326
-0.000494801050061,-0.0003822903540903,-0.0003406285714285,0.0004363869597069,-7.598224664224636e-05,-0.0003617023443223,-0.0006554437118437,-0.0005900269841269,-0.0005504914285714,-0.0004591565323565,-0.0004616421245421,-0.0003922126984126
-0.0005069435653235,-0.000400494017094,-0.0003497523809523,0.0004515384859584,-7.902175824175796e-05,-0.0003738604884004,-0.0006523951159951,-0.0006082746031746,-0.0005686392673992,-0.0004712405372405,-0.0004767288156288,-0.000404282051282
-0.0005160504517704,-0.0004156637362637,-0.0003527936507936,0.0004636597069597,-8.206126984126955e-05,-0.000382979096459,-0.0006523951159951,-0.0006265222222222,-0.0005867871062271,-0.0004863455433455,-0.0004918155067155,-0.000422386080586
-0.000519086080586,-0.0004247655677655,-0.0003588761904761,0.0004697203174603,-7.902175824175796e-05,-0.0003920977045177,-0.0006493465201465,-0.0006447698412698,-0.0005988856654456,-0.0005014505494505,-0.0005038848595848,-0.0004374727716727
-0.000519086080586,-0.0004369013431013,-0.0003679999999999,0.0004757809279609,-7.598224664224636e-05,-0.0004012163125763,-0.0006462979242979,-0.0006538936507936,-0.0006019103052503,-0.0005105135531135,-0.0005129368742368,-0.0004465247863247
-0.0005221217094017,-0.000452071062271,-0.000380165079365,0.0004848718437118,-6.990322344322315e-05,-0.0004164139926739,-0.0006462979242979,-0.0006569349206349,-0.0006049349450549,-0.0005135345543345,-0.0005159542124542,-0.0004465247863247
-0.0005251573382173,-0.0004642068376068,-0.0003953714285714,0.0004939627594627,-6.382420024419996e-05,-0.0004285721367521,-0.0006493465201465,-0.0006660587301587,-0.0006140088644688,-0.0005195765567765,-0.0005250062271062,-0.0004555768009768
-0.0005372998534798,-0.0004763426129426,-0.0003923301587301,0.0005060839804639,-7.294273504273476e-05,-0.0004346512087912,-0.0006462979242979,-0.0006721412698412,-0.0006170335042735,-0.0005225975579975,-0.0005310409035409,-0.0004555768009768
-0.0005494423687423,-0.0004824105006105,-0.0003892888888888,0.0005151748962148,-7.902175824175796e-05,-0.0004346512087912,-0.0006371521367521,-0.0006721412698412,-0.0006140088644688,-0.0005195765567765,-0.0005250062271062,-0.0004495421245421
-0.0005464067399267,-0.0004854444444444,-0.0003923301587301,0.0005151748962148,-7.598224664224636e-05,-0.0004376907448107,-0.0006371521367521,-0.0006751825396825,-0.0006200581440781,-0.0005225975579975,-0.0005280235653235,-0.0004495421245421
-0.0005312285958485,-0.0004915123321123,-0.0004105777777777,0.0005091142857142,-6.078468864468836e-05,-0.0004498488888888,-0.0006432493284493,-0.000681265079365,-0.0006261074236874,-0.0005316605616605,-0.0005340582417582,-0.0004555768009768
-0.0005342642246642,-0.000506682051282,-0.0004257841269841,0.0005182052014652,-5.470566544566516e-05,-0.0004650465689865,-0.0006432493284493,-0.000681265079365,-0.000629132063492,-0.0005407235653235,-0.0005431102564102,-0.0004646288156288
-0.0005433711111111,-0.0005157838827838,-0.0004288253968253,0.0005272961172161,-5.774517704517676e-05,-0.0004711256410256,-0.0006341035409035,-0.0006751825396825,-0.0006321567032967,-0.0005407235653235,-0.0005491449328449,-0.0004676461538461
-0.0005464067399267,-0.0005188178266178,-0.0004257841269841,0.0005303264224664,-6.078468864468836e-05,-0.0004711256410256,-0.0006280063492063,-0.0006721412698412,-0.0006321567032967,-0.0005437445665445,-0.0005461275946275,-0.0004706634920634
-0.0005403354822954,-0.0005188178266178,-0.0004349079365079,0.0005272961172161,-5.166615384615356e-05,-0.0004772047130647,-0.0006280063492063,-0.0006690999999999,-0.0006351813431013,-0.0005437445665445,-0.0005461275946275,-0.0004706634920634
-0.0005342642246642,-0.0005248857142857,-0.0004440317460317,0.0005272961172161,-4.558713064713037e-05,-0.0004832837851037,-0.0006280063492063,-0.0006690999999999,-0.0006382059829059,-0.0005497865689865,-0.0005521622710622,-0.0004766981684981
-0.0005342642246642,-0.0005309536019536,-0.0004531555555555,0.0005303264224664,-3.950810744810717e-05,-0.0004924023931623,-0.0006280063492063,-0.0006660587301587,-0.0006412306227106,-0.0005528075702075,-0.0005581969474969,-0.0004797155067155
-0.0005433711111111,-0.0005370214896214,-0.0004501142857142,0.0005394173382173,-4.558713064713037e-05,-0.0004924023931623,-0.0006219091575091,-0.0006660587301587,-0.0006412306227106,-0.0005528075702075,-0.0005581969474969,-0.0004797155067155
-0.0005464067399267,-0.0005400554334554,-0.000447073015873,0.0005424476434676,-4.862664224664196e-05,-0.0004924023931623,-0.0006188605616605,-0.0006660587301587,-0.0006442552625152,-0.0005528075702075,-0.0005581969474969,-0.0004797155067155
-0.0005403354822954,-0.0005370214896214,-0.0004501142857142,0.000536387032967,-4.558713064713037e-05,-0.0004924023931623,-0.0006249577533577,-0.0006660587301587,-0.0006472799023199,-0.0005588495726495,-0.0005642316239316,-0.0004857501831501
-0.0005464067399267,-0.0005370214896214,-0.0004440317460317,0.0005394173382173,-5.166615384615356e-05,-0.0004893628571428,-0.0006249577533577,-0.0006660587301587,-0.0006472799023199,-0.0005648915750915,-0.0005672489621489,-0.0004857501831501
-0.0005464067399267,-0.0005370214896214,-0.0004440317460317,0.0005394173382173,-5.166615384615356e-05,-0.0004893628571428,-0.0006188605616605,-0.0006599761904761,-0.0006472799023199,-0.0005618705738705,-0.0005702663003663,-0.0004887675213675
-0.0005433711111111,-0.0005521912087912,-0.0004622793650793,0.0005454779487179,-3.950810744810717e-05,-0.00050760007326,-0.0006127633699633,-0.0006538936507936,-0.0006412306227106,-0.0005618705738705,-0.0005763009768009,-0.0004948021978021
-0.0005494423687423,-0.000561293040293,-0.0004653206349206,0.0005545688644688,-4.254761904761877e-05,-0.0005136791452991,-0.0006066661782661,-0.0006417285714285,-0.0006382059829059,-0.0005588495726495,-0.0005763009768009,-0.0004917848595848
-0.0005494423687423,-0.000558259096459,-0.0004622793650793,0.0005515385592185,-4.254761904761877e-05,-0.0005106396092796,-0.0006036175824175,-0.000635646031746,-0.0006321567032967,-0.0005558285714285,-0.0005702663003663,-0.0004857501831501
-0.0005464067399267,-0.0005552251526251,-0.0004622793650793,0.0005485082539682,-4.254761904761877e-05,-0.00050760007326,-0.0006066661782661,-0.000635646031746,-0.0006351813431013,-0.0005648915750915,-0.0005732836385836,-0.0004887675213675
-0.0005342642246642,-0.0005552251526251,-0.0004714031746031,0.0005424476434676,-3.0389572649572364e-05,-0.0005136791452991,-0.0006097147741147,-0.000635646031746,-0.0006382059829059,-0.0005709335775335,-0.0005823356532356,-0.0004948021978021
-0.0005372998534798,-0.0005521912087912,-0.0004683619047619,0.0005424476434676,-3.342908424908396e-05,-0.0005106396092796,-0.0006097147741147,-0.0006386873015873,-0.0006412306227106,-0.0005709335775335,-0.0005853529914529,-0.0005008368742368
-0.0005464067399267,-0.0005461233211233,-0.0004531555555555,0.0005454779487179,-4.558713064713037e-05,-0.0004984814652014,-0.0006097147741147,-0.000635646031746,-0.0006382059829059,-0.0005679125763125,-0.0005793183150183,-0.0004948021978021
-0.0005585492551892,-0.0005400554334554,-0.0004379492063492,0.0005485082539682,-6.078468864468836e-05,-0.0004893628571428,-0.0006066661782661,-0.0006234809523809,-0.0006230827838827,-0.0005528075702075,-0.0005672489621489,-0.0004827328449328
-0.0005676561416361,-0.0005521912087912,-0.0004409904761904,0.0005575991697191,-6.382420024419996e-05,-0.0004954419291819,-0.0005975203907203,-0.0006113158730158,-0.0006109842246642,-0.0005407235653235,-0.0005551796092796,-0.0004766981684981
-0.0005494423687423,-0.000558259096459,-0.0004622793650793,0.0005515385592185,-4.254761904761877e-05,-0.0005106396092796,-0.0006036175824175,-0.0006113158730158,-0.0006109842246642,-0.0005377025641025,-0.0005581969474969,-0.0004766981684981
-0.0005312285958485,-0.0005552251526251,-0.0004744444444444,0.0005424476434676,-2.735006105006077e-05,-0.0005136791452991,-0.0006127633699633,-0.0006143571428571,-0.0006140088644688,-0.0005437445665445,-0.0005642316239316,-0.0004827328449328
-0.0005312285958485,-0.0005521912087912,-0.0004714031746031,0.0005394173382173,-3.0389572649572364e-05,-0.0005106396092796,-0.0006127633699633,-0.0006143571428571,-0.0006170335042735,-0.0005467655677655,-0.0005672489621489,-0.0004827328449328
-0.0005372998534798,-0.0005400554334554,-0.000459238095238,0.000536387032967,-3.950810744810717e-05,-0.0004984814652014,-0.0006158119658119,-0.0006173984126984,-0.0006170335042735,-0.0005467655677655,-0.0005642316239316,-0.0004797155067155
-0.0005342642246642,-0.0005339875457875,-0.0004501142857142,0.0005333567277167,-4.254761904761877e-05,-0.0004924023931623,-0.0006219091575091,-0.0006173984126984,-0.0006170335042735,-0.0005437445665445,-0.0005551796092796,-0.0004766981684981
-0.0005281929670329,-0.0005248857142857,-0.0004501142857142,0.0005242658119658,-3.950810744810717e-05,-0.0004863233211233,-0.0006280063492063,-0.0006204396825396,-0.0006140088644688,-0.0005377025641025,-0.0005491449328449,-0.0004736808302808
-0.0005372998534798,-0.0005248857142857,-0.0004440317460317,0.0005303264224664,-4.558713064713037e-05,-0.0004832837851037,-0.0006249577533577,-0.0006204396825396,-0.0006140088644688,-0.0005316605616605,-0.0005461275946275,-0.0004736808302808
-0.0005403354822954,-0.0005218517704517,-0.0004318666666666,0.0005303264224664,-5.470566544566516e-05,-0.0004772047130647,-0.0006219091575091,-0.0006204396825396,-0.0006109842246642,-0.0005286395604395,-0.0005461275946275,-0.0004706634920634
-0.0005342642246642,-0.0005218517704517,-0.0004440317460317,0.0005272961172161,-4.558713064713037e-05,-0.0004832837851037,-0.0006249577533577,-0.0006204396825396,-0.0006109842246642,-0.0005256185592185,-0.0005461275946275,-0.0004706634920634
-0.0005281929670329,-0.0005218517704517,-0.0004501142857142,0.0005242658119658,-3.950810744810717e-05,-0.0004863233211233,-0.0006280063492063,-0.0006173984126984,-0.0006109842246642,-0.0005256185592185,-0.0005431102564102,-0.0004676461538461
-0.0005372998534798,-0.0005157838827838,-0.0004288253968253,0.0005242658119658,-5.470566544566516e-05,-0.0004711256410256,-0.0006341035409035,-0.0006234809523809,-0.0006109842246642,-0.0005256185592185,-0.0005400929181929,-0.0004585941391941
-0.0005372998534798,-0.0005036481074481,-0.0004166603174603,0.0005182052014652,-6.078468864468836e-05,-0.0004589674969474,-0.0006371521367521,-0.0006295634920634,-0.0006109842246642,-0.0005225975579975,-0.0005340582417582,-0.0004555768009768
-0.0005312285958485,-0.0005036481074481,-0.0004227428571428,0.0005151748962148,-5.470566544566516e-05,-0.000462007032967,-0.0006341035409035,-0.000635646031746,-0.0006140088644688,-0.0005225975579975,-0.0005370755799755,-0.0004616114774114
-0.0005281929670329,-0.0005036481074481,-0.0004288253968253,0.0005151748962148,-4.862664224664196e-05,-0.0004650465689865,-0.0006371521367521,-0.000635646031746,-0.0006140088644688,-0.0005225975579975,-0.0005340582417582,-0.0004585941391941
-0.0005312285958485,-0.0004975802197802,-0.0004257841269841,0.0005121445909645,-5.166615384615356e-05,-0.000462007032967,-0.0006402007326007,-0.0006386873015873,-0.0006140088644688,-0.0005225975579975,-0.0005310409035409,-0.0004555768009768
-0.000519086080586,-0.0005006141636141,-0.0004349079365079,0.0005091142857142,-4.254761904761877e-05,-0.0004680861050061,-0.0006523951159951,-0.0006447698412698,-0.0006200581440781,-0.0005256185592185,-0.0005310409035409,-0.0004585941391941
-0.0005281929670329,-0.0005006141636141,-0.0004257841269841,0.0005121445909645,-5.166615384615356e-05,-0.000462007032967,-0.0006523951159951,-0.0006447698412698,-0.0006230827838827,-0.0005256185592185,-0.0005310409035409,-0.0004585941391941
-0.0005433711111111,-0.0004945462759462,-0.0004044952380952,0.0005182052014652,-6.990322344322315e-05,-0.0004498488888888,-0.0006493465201465,-0.0006447698412698,-0.0006170335042735,-0.0005195765567765,-0.0005219888888888,-0.0004465247863247
-0.0005433711111111,-0.0004854444444444,-0.0003984126984126,0.0005121445909645,-7.294273504273476e-05,-0.0004407302808302,-0.0006523951159951,-0.0006478111111111,-0.0006200581440781,-0.0005225975579975,-0.0005219888888888,-0.0004435074481074
-0.0005312285958485,-0.0004793765567765,-0.0004044952380952,0.0005030536752136,-6.382420024419996e-05,-0.0004407302808302,-0.0006615409035409,-0.0006569349206349,-0.0006261074236874,-0.0005256185592185,-0.0005280235653235,-0.0004495421245421
-0.0005281929670329,-0.0004884783882783,-0.000413619047619,0.0005060839804639,-5.774517704517676e-05,-0.0004498488888888,-0.0006645894993894,-0.0006599761904761,-0.0006261074236874,-0.0005195765567765,-0.0005219888888888,-0.0004465247863247
-0.0005281929670329,-0.0005006141636141,-0.0004257841269841,0.0005121445909645,-5.166615384615356e-05,-0.000462007032967,-0.0006615409035409,-0.0006599761904761,-0.0006261074236874,-0.0005165555555555,-0.0005189715506715,-0.0004465247863247
-0.0005342642246642,-0.0004975802197802,-0.0004166603174603,0.0005151748962148,-5.774517704517676e-05,-0.0004559279609279,-0.0006584923076923,-0.0006569349206349,-0.0006230827838827,-0.0005105135531135,-0.0005159542124542,-0.0004404901098901
-0.0005372998534798,-0.0004915123321123,-0.000413619047619,0.0005121445909645,-6.078468864468836e-05,-0.0004528884249084,-0.0006615409035409,-0.0006599761904761,-0.000629132063492,-0.0005165555555555,-0.0005159542124542,-0.0004404901098901
-0.0005221217094017,-0.0004884783882783,-0.0004197015873015,0.0005030536752136,-5.166615384615356e-05,-0.0004528884249084,-0.000667638095238,-0.0006690999999999,-0.0006351813431013,-0.0005256185592185,-0.0005250062271062,-0.0004525594627594
-0.0005251573382173,-0.0004915123321123,-0.0004227428571428,0.0005060839804639,-5.166615384615356e-05,-0.0004559279609279,-0.000667638095238,-0.0006721412698412,-0.0006351813431013,-0.0005286395604395,-0.0005310409035409,-0.0004646288156288
-0.0005312285958485,-0.0005006141636141,-0.0004227428571428,0.0005151748962148,-5.470566544566516e-05,-0.000462007032967,-0.0006615409035409,-0.0006751825396825,-0.0006351813431013,-0.0005256185592185,-0.0005340582417582,-0.0004646288156288
-0.0005372998534798,-0.0004945462759462,-0.000413619047619,0.0005151748962148,-6.078468864468836e-05,-0.0004528884249084,-0.0006615409035409,-0.0006751825396825,-0.0006321567032967,-0.0005225975579975,-0.0005280235653235,-0.0004495421245421
-0.0005403354822954,-0.0004854444444444,-0.0003984126984126,0.0005121445909645,-6.990322344322315e-05,-0.0004407302808302,-0.000667638095238,-0.0006782238095238,-0.0006321567032967,-0.0005195765567765,-0.0005189715506715,-0.0004404901098901
-0.0005372998534798,-0.0004884783882783,-0.0004014539682539,0.0005121445909645,-6.686371184371155e-05,-0.0004437698168498,-0.0006767838827838,-0.000681265079365,-0.0006351813431013,-0.0005225975579975,-0.0005189715506715,-0.0004435074481074
-0.0005342642246642,-0.0004915123321123,-0.0004105777777777,0.0005121445909645,-6.078468864468836e-05,-0.0004498488888888,-0.0006798324786324,-0.000681265079365,-0.0006351813431013,-0.0005256185592185,-0.0005219888888888,-0.0004495421245421
-0.0005342642246642,-0.0004945462759462,-0.000413619047619,0.0005121445909645,-6.078468864468836e-05,-0.0004528884249084,-0.0006737352869352,-0.000681265079365,-0.0006321567032967,-0.0005225975579975,-0.0005219888888888,-0.0004495421245421
-0.0005342642246642,-0.0005036481074481,-0.0004197015873015,0.0005182052014652,-5.774517704517676e-05,-0.000462007032967,-0.000667638095238,-0.000681265079365,-0.0006321567032967,-0.0005225975579975,-0.0005219888888888,-0.0004495421245421
-0.0005312285958485,-0.0005036481074481,-0.0004288253968253,0.0005151748962148,-5.166615384615356e-05,-0.0004650465689865,-0.000667638095238,-0.000681265079365,-0.0006351813431013,-0.0005225975579975,-0.0005219888888888,-0.0004495421245421
-0.0005342642246642,-0.0004975802197802,-0.0004197015873015,0.0005151748962148,-5.774517704517676e-05,-0.0004589674969474,-0.0006737352869352,-0.0006843063492063,-0.0006351813431013,-0.0005225975579975,-0.0005219888888888,-0.0004495421245421
-0.0005403354822954,-0.0005006141636141,-0.000413619047619,0.0005182052014652,-6.382420024419996e-05,-0.0004559279609279,-0.0006767838827838,-0.0006873476190476,-0.0006382059829059,-0.0005225975579975,-0.0005219888888888,-0.0004525594627594
-0.0005342642246642,-0.0004945462759462,-0.0004105777777777,0.0005121445909645,-6.078468864468836e-05,-0.0004528884249084,-0.0006767838827838,-0.0006873476190476,-0.0006382059829059,-0.0005256185592185,-0.0005250062271062,-0.0004495421245421
-0.0005372998534798,-0.0004854444444444,-0.0004014539682539,0.0005091142857142,-6.686371184371155e-05,-0.0004437698168498,-0.0006767838827838,-0.0006934301587301,-0.0006412306227106,-0.0005286395604395,-0.0005250062271062,-0.0004495421245421
-0.0005372998534798,-0.0004854444444444,-0.0003984126984126,0.0005091142857142,-6.990322344322315e-05,-0.0004407302808302,-0.000682881074481,-0.0006934301587301,-0.0006412306227106,-0.0005256185592185,-0.0005219888888888,-0.0004495421245421
-0.0005403354822954,-0.0004915123321123,-0.0004044952380952,0.0005151748962148,-6.686371184371155e-05,-0.0004468093528693,-0.0006798324786324,-0.0006903888888888,-0.0006351813431013,-0.0005195765567765,-0.0005189715506715,-0.0004435074481074
-0.0005403354822954,-0.0005006141636141,-0.000413619047619,0.0005182052014652,-6.382420024419996e-05,-0.0004559279609279,-0.0006737352869352,-0.0006873476190476,-0.0006351813431013,-0.0005195765567765,-0.0005189715506715,-0.0004435074481074
-0.0005433711111111,-0.0004975802197802,-0.0004075365079365,0.0005182052014652,-6.686371184371155e-05,-0.0004528884249084,-0.0006706866910866,-0.0006903888888888,-0.0006382059829059,-0.0005195765567765,-0.0005189715506715,-0.0004465247863247
-0.0005342642246642,-0.0004854444444444,-0.0004075365079365,0.0005091142857142,-6.382420024419996e-05,-0.0004468093528693,-0.0006798324786324,-0.0006964714285714,-0.0006472799023199,-0.0005286395604395,-0.0005280235653235,-0.0004555768009768
-0.0005281929670329,-0.0004793765567765,-0.0004075365079365,0.0005030536752136,-6.078468864468836e-05,-0.0004437698168498,-0.0006859296703296,-0.0006995126984126,-0.0006503045421245,-0.0005377025641025,-0.0005310409035409,-0.0004585941391941
-0.0005281929670329,-0.0004884783882783,-0.000413619047619,0.0005060839804639,-5.774517704517676e-05,-0.0004498488888888,-0.000682881074481,-0.0006964714285714,-0.0006412306227106,-0.0005256185592185,-0.0005250062271062,-0.0004525594627594
-0.0005403354822954,-0.0004975802197802,-0.0004075365079365,0.0005182052014652,-6.686371184371155e-05,-0.0004528884249084,-0.0006767838827838,-0.0006903888888888,-0.0006321567032967,-0.0005195765567765,-0.0005219888888888,-0.0004465247863247
-0.0005464067399267,-0.0005006141636141,-0.0004075365079365,0.0005212355067155,-6.990322344322315e-05,-0.0004528884249084,-0.0006737352869352,-0.0006873476190476,-0.0006351813431013,-0.0005195765567765,-0.0005219888888888,-0.0004465247863247
-0.0005464067399267,-0.000506682051282,-0.000413619047619,0.0005242658119658,-6.686371184371155e-05,-0.0004589674969474,-0.0006737352869352,-0.0006873476190476,-0.0006382059829059,-0.0005286395604395,-0.0005280235653235,-0.0004465247863247
-0.0005372998534798,-0.0005006141636141,-0.0004197015873015,0.0005182052014652,-5.774517704517676e-05,-0.0004589674969474,-0.0006767838827838,-0.0006903888888888,-0.0006442552625152,-0.0005346815628815,-0.0005340582417582,-0.0004525594627594
-0.0005281929670329,-0.0004975802197802,-0.0004227428571428,0.0005121445909645,-5.166615384615356e-05,-0.0004589674969474,-0.0006798324786324,-0.0006903888888888,-0.0006442552625152,-0.0005377025641025,-0.0005400929181929,-0.0004555768009768
-0.0005372998534798,-0.000506682051282,-0.0004257841269841,0.0005212355067155,-5.470566544566516e-05,-0.0004650465689865,-0.0006798324786324,-0.0006934301587301,-0.0006412306227106,-0.0005346815628815,-0.0005400929181929,-0.0004585941391941
-0.0005372998534798,-0.0005127499389499,-0.0004288253968253,0.0005242658119658,-5.470566544566516e-05,-0.0004711256410256,-0.0006737352869352,-0.0006934301587301,-0.0006382059829059,-0.0005316605616605,-0.0005370755799755,-0.0004555768009768
-0.0005342642246642,-0.0005157838827838,-0.0004349079365079,0.0005242658119658,-4.862664224664196e-05,-0.0004741651770451,-0.0006737352869352,-0.0006903888888888,-0.0006412306227106,-0.0005316605616605,-0.0005370755799755,-0.0004555768009768
-0.0005312285958485,-0.0005188178266178,-0.0004379492063492,0.0005242658119658,-4.558713064713037e-05,-0.0004772047130647,-0.0006767838827838,-0.0006903888888888,-0.0006412306227106,-0.0005316605616605,-0.0005340582417582,-0.0004495421245421
-0.0005281929670329,-0.0005127499389499,-0.0004349079365079,0.0005182052014652,-4.558713064713037e-05,-0.0004741651770451,-0.0006798324786324,-0.0006934301587301,-0.0006442552625152,-0.0005316605616605,-0.0005310409035409,-0.0004495421245421
-0.0005372998534798,-0.0005127499389499,-0.0004288253968253,0.0005242658119658,-5.470566544566516e-05,-0.0004711256410256,-0.0006798324786324,-0.0006964714285714,-0.0006442552625152,-0.0005346815628815,-0.0005310409035409,-0.0004465247863247
-0.0005464067399267,-0.0005157838827838,-0.0004227428571428,0.0005303264224664,-6.078468864468836e-05,-0.0004680861050061,-0.0006767838827838,-0.0006964714285714,-0.0006472799023199,-0.0005377025641025,-0.0005370755799755,-0.0004525594627594
-0.0005403354822954,-0.0005188178266178,-0.0004288253968253,0.0005272961172161,-5.470566544566516e-05,-0.0004741651770451,-0.0006737352869352,-0.0006964714285714,-0.0006442552625152,-0.0005377025641025,-0.0005400929181929,-0.0004555768009768
-0.0005403354822954,-0.0005188178266178,-0.0004318666666666,0.0005272961172161,-5.470566544566516e-05,-0.0004741651770451,-0.0006706866910866,-0.0006934301587301,-0.0006442552625152,-0.0005346815628815,-0.0005370755799755,-0.0004555768009768
-0.0005433711111111,-0.0005188178266178,-0.0004318666666666,0.0005303264224664,-5.470566544566516e-05,-0.0004741651770451,-0.000667638095238,-0.0006934301587301,-0.0006442552625152,-0.0005346815628815,-0.0005370755799755,-0.0004555768009768
-0.0005433711111111,-0.0005218517704517,-0.0004349079365079,0.0005303264224664,-5.470566544566516e-05,-0.0004772047130647,-0.000667638095238,-0.0006934301587301,-0.0006442552625152,-0.0005346815628815,-0.0005400929181929,-0.0004616114774114
-0.0005403354822954,-0.0005248857142857,-0.0004409904761904,0.0005303264224664,-4.862664224664196e-05,-0.0004832837851037,-0.000667638095238,-0.0006964714285714,-0.0006472799023199,-0.0005407235653235,-0.0005431102564102,-0.0004616114774114
-0.0005433711111111,-0.0005218517704517,-0.0004318666666666,0.0005303264224664,-5.470566544566516e-05,-0.0004772047130647,-0.0006706866910866,-0.0006995126984126,-0.0006503045421245,-0.0005437445665445,-0.0005400929181929,-0.0004585941391941
-0.0005433711111111,-0.0005097159951159,-0.0004227428571428,0.0005242658119658,-6.078468864468836e-05,-0.0004650465689865,-0.0006767838827838,-0.0007025539682539,-0.0006503045421245,-0.0005437445665445,-0.0005400929181929,-0.0004555768009768
-0.0005403354822954,-0.0005157838827838,-0.0004288253968253,0.0005272961172161,-5.470566544566516e-05,-0.0004711256410256,-0.0006706866910866,-0.0006964714285714,-0.0006442552625152,-0.0005377025641025,-0.0005370755799755,-0.0004525594627594
-0.0005372998534798,-0.0005279196581196,-0.0004440317460317,0.0005303264224664,-4.558713064713037e-05,-0.0004863233211233,-0.000667638095238,-0.0006964714285714,-0.0006442552625152,-0.0005377025641025,-0.0005400929181929,-0.0004585941391941
-0.0005433711111111,-0.0005339875457875,-0.000447073015873,0.000536387032967,-4.862664224664196e-05,-0.0004893628571428,-0.0006645894993894,-0.0006964714285714,-0.0006472799023199,-0.0005377025641025,-0.0005400929181929,-0.0004555768009768
-0.0005464067399267,-0.0005279196581196,-0.0004440317460317,0.000536387032967,-5.166615384615356e-05,-0.0004863233211233,-0.000667638095238,-0.0006964714285714,-0.0006472799023199,-0.0005407235653235,-0.0005400929181929,-0.0004555768009768
-0.0005433711111111,-0.0005248857142857,-0.0004409904761904,0.0005333567277167,-5.166615384615356e-05,-0.0004832837851037,-0.000667638095238,-0.0006964714285714,-0.0006472799023199,-0.0005377025641025,-0.0005400929181929,-0.0004555768009768
-0.0005403354822954,-0.0005218517704517,-0.0004349079365079,0.0005303264224664,-5.166615384615356e-05,-0.0004772047130647,-0.0006706866910866,-0.0006964714285714,-0.0006472799023199,-0.0005377025641025,-0.0005370755799755,-0.0004555768009768
-0.0005372998534798,-0.0005188178266178,-0.0004349079365079,0.0005272961172161,-5.166615384615356e-05,-0.0004772047130647,-0.0006645894993894,-0.0006934301587301,-0.0006472799023199,-0.0005346815628815,-0.0005340582417582,-0.0004525594627594
-0.0005433711111111,-0.0005218517704517,-0.0004349079365079,0.0005303264224664,-5.470566544566516e-05,-0.0004772047130647,-0.0006584923076923,-0.0006873476190476,-0.0006442552625152,-0.0005316605616605,-0.0005310409035409,-0.0004465247863247
-0.0005372998534798,-0.0005127499389499,-0.0004288253968253,0.0005242658119658,-5.470566544566516e-05,-0.0004711256410256,-0.0006523951159951,-0.0006843063492063,-0.0006412306227106,-0.0005256185592185,-0.0005250062271062,-0.0004435074481074
-0.0005342642246642,-0.0005036481074481,-0.0004166603174603,0.0005182052014652,-5.774517704517676e-05,-0.0004589674969474,-0.0006584923076923,-0.000681265079365,-0.0006412306227106,-0.0005286395604395,-0.0005250062271062,-0.0004435074481074
-0.0005342642246642,-0.0004915123321123,-0.0004105777777777,0.0005121445909645,-6.078468864468836e-05,-0.0004498488888888,-0.0006584923076923,-0.0006782238095238,-0.0006412306227106,-0.0005225975579975,-0.0005219888888888,-0.0004404901098901
-0.0005251573382173,-0.0004793765567765,-0.0004014539682539,0.0005000233699633,-6.078468864468836e-05,-0.0004407302808302,-0.0006554437118437,-0.0006721412698412,-0.000629132063492,-0.0005135345543345,-0.0005129368742368,-0.0004374727716727
-0.000519086080586,-0.000455105006105,-0.0003862476190476,0.0004848718437118,-6.686371184371155e-05,-0.0004194535286935,-0.0006402007326007,-0.0006569349206349,-0.0006109842246642,-0.0005014505494505,-0.0005069021978021,-0.0004344554334554
-0.000519086080586,-0.0004429692307692,-0.000380165079365,0.0004788112332112,-6.990322344322315e-05,-0.0004103349206349,-0.0006249577533577,-0.0006417285714285,-0.0005898117460317,-0.0004863455433455,-0.0004948328449328,-0.0004284207570207
-0.0005130148229548,-0.0004369013431013,-0.000380165079365,0.0004727506227106,-6.686371184371155e-05,-0.0004072953846153,-0.0006249577533577,-0.0006326047619047,-0.0005807378266178,-0.0004803035409035,-0.0004857808302808,-0.0004193687423687
-0.000494801050061,-0.0004277995115995,-0.0003892888888888,0.0004606294017094,-5.166615384615356e-05,-0.0004072953846153,-0.0006371521367521,-0.0006265222222222,-0.0005777131868131,-0.0004772825396825,-0.0004797461538461,-0.000413334065934
-0.0004856941636141,-0.0004156637362637,-0.0003862476190476,0.0004485081807081,-4.862664224664196e-05,-0.0004012163125763,-0.0006523951159951,-0.0006265222222222,-0.0005807378266178,-0.0004772825396825,-0.0004767288156288,-0.0004103167277167
-0.0004856941636141,-0.0004035279609279,-0.0003771238095238,0.0004424475702075,-5.470566544566516e-05,-0.0003890581684981,-0.0006767838827838,-0.0006417285714285,-0.0005898117460317,-0.0004803035409035,-0.0004827634920634,-0.000413334065934
-0.0004887297924297,-0.0004217316239316,-0.0003892888888888,0.0004545687912087,-4.862664224664196e-05,-0.0004042558485958,-0.0007042212454212,-0.0006630174603174,-0.0005988856654456,-0.0004863455433455,-0.0004887981684981,-0.0004193687423687
-0.000494801050061,-0.0004369013431013,-0.0003984126984126,0.0004636597069597,-4.862664224664196e-05,-0.0004164139926739,-0.0007042212454212,-0.0006690999999999,-0.0006019103052503,-0.0004863455433455,-0.0004887981684981,-0.0004193687423687
-0.0004978366788766,-0.000452071062271,-0.0004075365079365,0.0004727506227106,-4.558713064713037e-05,-0.0004285721367521,-0.0007011726495726,-0.0006721412698412,-0.0006109842246642,-0.0004954085470085,-0.0004918155067155,-0.000422386080586
-0.0005039079365079,-0.0004733086691086,-0.0004257841269841,0.0004879021489621,-3.950810744810717e-05,-0.0004498488888888,-0.0007042212454212,-0.0006873476190476,-0.0006321567032967,-0.0005105135531135,-0.0005008675213675,-0.000431438095238
-0.0005039079365079,-0.0004975802197802,-0.000447073015873,0.0005000233699633,-2.735006105006077e-05,-0.0004711256410256,-0.0007011726495726,-0.0006903888888888,-0.0006351813431013,-0.0005165555555555,-0.0005099195360195,-0.0004374727716727
-0.0005039079365079,-0.0004945462759462,-0.0004409904761904,0.000496993064713,-3.0389572649572364e-05,-0.0004680861050061,-0.0007011726495726,-0.0006873476190476,-0.0006351813431013,-0.0005135345543345,-0.0005038848595848,-0.000431438095238
-0.0005069435653235,-0.0004854444444444,-0.0004318666666666,0.0004939627594627,-3.6468595848595565e-05,-0.0004589674969474,-0.0007042212454212,-0.0006903888888888,-0.0006382059829059,-0.0005105135531135,-0.0004978501831501,-0.0004284207570207
-0.0005069435653235,-0.0005006141636141,-0.0004440317460317,0.0005030536752136,-3.0389572649572364e-05,-0.0004711256410256,-0.0007042212454212,-0.0006964714285714,-0.0006472799023199,-0.0005225975579975,-0.0005099195360195,-0.0004374727716727
-0.0005160504517704,-0.0005157838827838,-0.0004531555555555,0.0005151748962148,-3.0389572649572364e-05,-0.0004832837851037,-0.0007072698412698,-0.0007086365079365,-0.0006624031013431,-0.0005377025641025,-0.0005250062271062,-0.0004495421245421
-0.0005281929670329,-0.0005157838827838,-0.0004440317460317,0.0005212355067155,-4.254761904761877e-05,-0.0004802442490842,-0.0007072698412698,-0.0007116777777777,-0.0006654277411477,-0.0005377025641025,-0.0005219888888888,-0.0004495421245421
-0.0005372998534798,-0.0005188178266178,-0.0004409904761904,0.0005272961172161,-4.862664224664196e-05,-0.0004802442490842,-0.0007042212454212,-0.000714719047619,-0.0006684523809523,-0.0005407235653235,-0.0005250062271062,-0.0004525594627594
-0.0005372998534798,-0.0005279196581196,-0.0004501142857142,0.0005303264224664,-4.254761904761877e-05,-0.0004893628571428,-0.0007011726495726,-0.000714719047619,-0.0006654277411477,-0.0005407235653235,-0.0005310409035409,-0.0004555768009768
-0.0005403354822954,-0.0005339875457875,-0.0004501142857142,0.000536387032967,-4.558713064713037e-05,-0.0004924023931623,-0.000698124053724,-0.0007177603174603,-0.000671477020757,-0.0005467655677655,-0.0005340582417582,-0.0004646288156288
-0.0005524779975579,-0.0005461233211233,-0.0004440317460317,0.0005485082539682,-5.470566544566516e-05,-0.0004954419291819,-0.0006920268620268,-0.0007238428571428,-0.0006775263003663,-0.0005528075702075,-0.0005431102564102,-0.0004736808302808
-0.0005555136263736,-0.0005521912087912,-0.0004440317460317,0.0005515385592185,-5.470566544566516e-05,-0.0004984814652014,-0.0006920268620268,-0.0007299253968253,-0.0006775263003663,-0.0005588495726495,-0.0005491449328449,-0.0004766981684981
-0.0005524779975579,-0.000561293040293,-0.0004561968253968,0.0005545688644688,-4.862664224664196e-05,-0.00050760007326,-0.0006920268620268,-0.0007299253968253,-0.0006805509401709,-0.0005618705738705,-0.0005521622710622,-0.0004797155067155
-0.0005585492551892,-0.0005552251526251,-0.0004501142857142,0.0005545688644688,-5.470566544566516e-05,-0.000501521001221,-0.0006920268620268,-0.0007299253968253,-0.0006835755799755,-0.0005648915750915,-0.0005521622710622,-0.0004766981684981
-0.0005646205128205,-0.0005461233211233,-0.0004349079365079,0.0005545688644688,-6.382420024419996e-05,-0.0004893628571428,-0.000698124053724,-0.0007268841269841,-0.0006866002197802,-0.0005648915750915,-0.0005521622710622,-0.0004766981684981
-0.0005585492551892,-0.0005491572649572,-0.0004440317460317,0.0005515385592185,-5.774517704517676e-05,-0.0004954419291819,-0.0006950754578754,-0.0007238428571428,-0.0006805509401709,-0.0005588495726495,-0.0005491449328449,-0.0004766981684981
-0.0005585492551892,-0.000561293040293,-0.0004531555555555,0.0005575991697191,-5.166615384615356e-05,-0.00050760007326,-0.0006889782661782,-0.0007208015873015,-0.0006745016605616,-0.0005528075702075,-0.0005431102564102,-0.0004706634920634
-0.0005706917704517,-0.000561293040293,-0.0004440317460317,0.0005636597802197,-6.382420024419996e-05,-0.000501521001221,-0.0006798324786324,-0.000714719047619,-0.0006684523809523,-0.0005467655677655,-0.0005370755799755,-0.0004646288156288
-0.0005676561416361,-0.0005461233211233,-0.0004318666666666,0.0005545688644688,-6.686371184371155e-05,-0.0004893628571428,-0.0006859296703296,-0.0007177603174603,-0.0006684523809523,-0.0005437445665445,-0.0005310409035409,-0.0004616114774114
-0.0005615848840048,-0.0005309536019536,-0.0004257841269841,0.0005454779487179,-6.686371184371155e-05,-0.0004772047130647,-0.0006950754578754,-0.0007208015873015,-0.0006654277411477,-0.0005437445665445,-0.0005280235653235,-0.0004646288156288
-0.0005585492551892,-0.0005309536019536,-0.0004288253968253,0.0005424476434676,-6.382420024419996e-05,-0.0004802442490842,-0.000698124053724,-0.0007208015873015,-0.0006624031013431,-0.0005407235653235,-0.0005310409035409,-0.0004676461538461
-0.0005615848840048,-0.0005370214896214,-0.0004318666666666,0.0005485082539682,-6.382420024419996e-05,-0.0004832837851037,-0.000698124053724,-0.0007208015873015,-0.0006624031013431,-0.0005437445665445,-0.0005340582417582,-0.0004676461538461
-0.0005585492551892,-0.0005339875457875,-0.0004288253968253,0.0005454779487179,-6.382420024419996e-05,-0.0004802442490842,-0.0007011726495726,-0.0007238428571428,-0.0006624031013431,-0.0005437445665445,-0.0005310409035409,-0.0004676461538461
-0.0005494423687423,-0.0005188178266178,-0.0004227428571428,0.0005333567277167,-6.382420024419996e-05,-0.0004711256410256,-0.0007042212454212,-0.0007025539682539,-0.0006412306227106,-0.0005377025641025,-0.0005340582417582,-0.0004736808302808
-0.0005615848840048,-0.0004915123321123,-0.0003862476190476,0.0005242658119658,-8.814029304029276e-05,-0.0004376907448107,-0.0006920268620268,-0.0006630174603174,-0.0005837624664224,-0.0005165555555555,-0.0005340582417582,-0.0004857501831501
-0.0005585492551892,-0.0004065619047619,-0.000301092063492,0.0004818415384615,-0.0001276539438339,-0.0003525837362637,-0.000698124053724,-0.0006082746031746,-0.0005020971916971,-0.0004561355311355,-0.0004978501831501,-0.0004616114774114
-0.0004978366788766,-0.0002457628815628,-0.0002007301587301,0.0003697202442002,-0.0001489305250305,-0.0002218836874236,-0.0007316586080586,-0.0004927063492063,-0.0003599391208791,-0.0003141484737484,-0.000389226007326,-0.00039523003663
-0.0003733758974358,-9.11526251526232e-06,-9.124444444444436e-05,0.0001909322344322,-0.0001398119902319,-4.863013431013434e-05,-0.0008017763125763,-0.0003801793650793,-0.0001542636141636,-7.851037851037902e-05,-0.0001991336996336,-0.0002624671550671
-0.0002185588278388,0.0003397882783882,0.0001003555555555,-6.058310134310132e-05,-0.000158049059829,0.000218849035409,-0.0009816434676434,-0.0005109539682539,3.628869352869345e-05,0.0002386947496947,0.0001026001221001,-1.2028083028083627e-05
-6.374175824175851e-05,0.0007159973137973,0.0003193269841269,-0.0003242196581196,-0.0001914836874236,0.0005167235653235,-0.0012682114774114,-0.0008394111111111,0.000151225006105,0.0005830888888888,0.000467698046398,0.0003198791208791
8.500405372405345e-05,0.0010133238095238,0.0004622666666666,-0.0005484622466422,-0.0001884441758241,0.0007386096947496,-0.0016127028083028,-0.0012165285714285,0.0001179539682539,0.0008519579975579,0.0007905532356532,0.0006397169719169
0.0001760729181929,0.001165021001221,0.000523092063492,-0.0006696744566544,-0.0001732466178266,0.0008449934554334,-0.0018931736263736,-0.0015115317460317,-3.327802197802206e-05,0.000912378021978,0.0009444374847374,0.0008448959706959
0.0001214315995115,0.0008585926739926,0.0002737079365079,-0.0004878561416361,-7.598224664224636e-05,0.0005653561416361,-0.0019206109890109,-0.0016514301587301,-0.0003780869597069,0.0005377738705738,0.0006970157509157,0.0007453238095238
-0.000118383076923,0.0002305663003663,-0.0001064507936507,-5.4522490842490816e-05,-6.07347985347957e-06,6.079316239316235e-05,-0.0017102578754578,-0.0017882873015873,-0.0008832018070818,-0.0001026783882783,0.0002051896214896,0.0004345379731379
-0.0003733758974358,-0.0001031675213675,-0.0001855238095238,0.0002363868131868,-9.421931623931596e-05,-0.0001428557509157,-0.0015090505494505,-0.0019616396825396,-0.0012522078632478,-0.0005316605616605,-0.0001116308913308,0.0002233242979242
-0.0005251573382173,-0.0003125096459096,-0.0002402666666666,0.0004182051282051,-0.0001428515018315,-0.0002765953357753,-0.0013352805860805,-0.0018734428571428,-0.0013338731379731,-0.0007189626373626,-0.0003107752136752,4.228400488400428e-05
-0.0005797986568986,-0.0004672407814407,-0.0003467111111111,0.0005212355067155,-0.0001154958974358,-0.0004072953846153,-0.0012133367521367,-0.0016301412698412,-0.0012461585836385,-0.0007521936507936,-0.0004375034188034,-0.0001297042735042
-0.0005919411721611,-0.0005157838827838,-0.0003771238095238,0.0005515385592185,-0.0001063773626373,-0.0004468093528693,-0.0011249274725274,-0.001402046031746,-0.001116099072039,-0.0007159416361416,-0.0004857808302808,-0.0002413457875457
-0.0005828342857142,-0.0005279196581196,-0.0003953714285714,0.0005545688644688,-9.421931623931596e-05,-0.000462007032967,-0.0010029836385836,-0.0011891571428571,-0.0009890642002442,-0.0006706266178266,-0.0005099195360195,-0.0003167792429792
-0.0005676561416361,-0.0005309536019536,-0.000413619047619,0.0005485082539682,-7.598224664224636e-05,-0.0004711256410256,-0.0008688454212454,-0.0009762682539682,-0.0008680786080586,-0.0006222905982905,-0.0005189715506715,-0.0003680739926739
-0.0005524779975579,-0.0005157838827838,-0.0004166603174603,0.0005333567277167,-6.686371184371155e-05,-0.0004650465689865,-0.0007560473748473,-0.0008029158730158,-0.0007591915750915,-0.0005648915750915,-0.0005069021978021,-0.0003982473748473
-0.0005433711111111,-0.0004915123321123,-0.0004014539682539,0.0005151748962148,-6.990322344322315e-05,-0.0004468093528693,-0.0006950754578754,-0.0007025539682539,-0.0006805509401709,-0.0005225975579975,-0.0004918155067155,-0.000404282051282
-0.0005372998534798,-0.0004733086691086,-0.0003862476190476,0.0005030536752136,-7.598224664224636e-05,-0.0004285721367521,-0.0006737352869352,-0.0006599761904761,-0.0006472799023199,-0.0005135345543345,-0.0004887981684981,-0.0004103167277167
-0.0005403354822954,-0.0004702747252747,-0.0003832063492063,0.0005030536752136,-7.902175824175796e-05,-0.0004255326007326,-0.000667638095238,-0.0006478111111111,-0.0006442552625152,-0.0005225975579975,-0.0005008675213675,-0.000422386080586
-0.0005494423687423,-0.0004733086691086,-0.000380165079365,0.0005091142857142,-8.510078144078116e-05,-0.0004255326007326,-0.0006584923076923,-0.0006326047619047,-0.0006351813431013,-0.0005286395604395,-0.0005129368742368,-0.000431438095238
-0.0005585492551892,-0.0004824105006105,-0.000380165079365,0.0005182052014652,-8.814029304029276e-05,-0.0004316116727716,-0.0006462979242979,-0.0006173984126984,-0.0006230827838827,-0.0005195765567765,-0.0005129368742368,-0.0004374727716727
-0.0005524779975579,-0.0004945462759462,-0.0003984126984126,0.0005212355067155,-7.598224664224636e-05,-0.0004468093528693,-0.0006341035409035,-0.0006052333333333,-0.0006170335042735,-0.0005165555555555,-0.0005159542124542,-0.0004435074481074
-0.0005403354822954,-0.0005006141636141,-0.0004105777777777,0.0005182052014652,-6.382420024419996e-05,-0.0004559279609279,-0.0006280063492063,-0.0005961095238095,-0.0006170335042735,-0.0005195765567765,-0.0005189715506715,-0.0004525594627594
-0.0005403354822954,-0.0004945462759462,-0.0004075365079365,0.0005151748962148,-6.686371184371155e-05,-0.0004498488888888,-0.0006341035409035,-0.0005930682539682,-0.0006140088644688,-0.0005225975579975,-0.0005219888888888,-0.0004525594627594
-0.0005372998534798,-0.0004884783882783,-0.0004044952380952,0.0005121445909645,-6.686371184371155e-05,-0.0004468093528693,-0.0006402007326007,-0.0005900269841269,-0.0006109842246642,-0.0005256185592185,-0.0005250062271062,-0.0004585941391941
-0.0005342642246642,-0.0004975802197802,-0.0004197015873015,0.0005151748962148,-5.774517704517676e-05,-0.0004589674969474,-0.0006341035409035,-0.0005778619047619,-0.0006049349450549,-0.0005256185592185,-0.0005310409035409,-0.0004646288156288
-0.0005464067399267,-0.0005127499389499,-0.0004227428571428,0.0005272961172161,-6.078468864468836e-05,-0.0004680861050061,-0.0006158119658119,-0.000568738095238,-0.000595861025641,-0.0005195765567765,-0.0005250062271062,-0.0004555768009768
-0.0005555136263736,-0.0005097159951159,-0.0004105777777777,0.0005303264224664,-7.294273504273476e-05,-0.0004589674969474,-0.0006127633699633,-0.0005656968253968,-0.000595861025641,-0.0005165555555555,-0.0005250062271062,-0.0004525594627594
-0.0005524779975579,-0.0005036481074481,-0.0004075365079365,0.0005272961172161,-7.294273504273476e-05,-0.0004559279609279,-0.0006158119658119,-0.0005596142857142,-0.0005988856654456,-0.0005195765567765,-0.0005219888888888,-0.0004555768009768
-0.0005433711111111,-0.0004945462759462,-0.0004044952380952,0.0005182052014652,-6.990322344322315e-05,-0.0004498488888888,-0.0006127633699633,-0.0005504904761904,-0.000595861025641,-0.0005165555555555,-0.0005189715506715,-0.0004525594627594
-0.0005342642246642,-0.0004945462759462,-0.0004105777777777,0.0005121445909645,-6.078468864468836e-05,-0.0004528884249084,-0.0006158119658119,-0.0005504904761904,-0.000595861025641,-0.0005195765567765,-0.0005250062271062,-0.0004585941391941
-0.0005372998534798,-0.0004975802197802,-0.000413619047619,0.0005151748962148,-6.078468864468836e-05,-0.0004559279609279,-0.0006188605616605,-0.0005504904761904,-0.000595861025641,-0.0005256185592185,-0.0005280235653235,-0.0004676461538461
-0.0005433711111111,-0.0005036481074481,-0.0004166603174603,0.0005212355067155,-6.382420024419996e-05,-0.0004589674969474,-0.0006158119658119,-0.0005413666666666,-0.0005867871062271,-0.0005165555555555,-0.0005250062271062,-0.0004616114774114
-0.0005342642246642,-0.0005097159951159,-0.0004288253968253,0.0005212355067155,-5.166615384615356e-05,-0.0004680861050061,-0.0006158119658119,-0.0005292015873015,-0.0005807378266178,-0.0005105135531135,-0.0005189715506715,-0.0004525594627594
-0.0005342642246642,-0.0005157838827838,-0.0004349079365079,0.0005242658119658,-4.862664224664196e-05,-0.0004741651770451,-0.0006158119658119,-0.0005261603174603,-0.0005777131868131,-0.0005074925518925,-0.0005159542124542,-0.0004495421245421
-0.0005342642246642,-0.0005097159951159,-0.0004288253968253,0.0005212355067155,-5.166615384615356e-05,-0.0004680861050061,-0.0006158119658119,-0.0005261603174603,-0.0005807378266178,-0.0005105135531135,-0.0005189715506715,-0.0004495421245421
-0.0005342642246642,-0.0005097159951159,-0.0004288253968253,0.0005212355067155,-5.166615384615356e-05,-0.0004680861050061,-0.0006097147741147,-0.0005200777777777,-0.0005837624664224,-0.0005165555555555,-0.0005250062271062,-0.0004525594627594
-0.0005464067399267,-0.0005097159951159,-0.0004166603174603,0.0005272961172161,-6.382420024419996e-05,-0.000462007032967,-0.0006036175824175,-0.0005139952380952,-0.0005807378266178,-0.0005165555555555,-0.0005250062271062,-0.0004525594627594
-0.0005464067399267,-0.0005006141636141,-0.0004075365079365,0.0005212355067155,-6.990322344322315e-05,-0.0004528884249084,-0.0006036175824175,-0.0005079126984126,-0.0005777131868131,-0.0005135345543345,-0.0005250062271062,-0.0004555768009768
-0.0005312285958485,-0.0005006141636141,-0.0004227428571428,0.0005151748962148,-5.470566544566516e-05,-0.000462007032967,-0.0006036175824175,-0.0005048714285714,-0.0005777131868131,-0.0005195765567765,-0.0005340582417582,-0.0004706634920634
-0.0005342642246642,-0.000506682051282,-0.0004288253968253,0.0005182052014652,-5.166615384615356e-05,-0.0004680861050061,-0.0006005689865689,-0.0005018301587301,-0.0005716639072039,-0.0005195765567765,-0.0005370755799755,-0.0004766981684981
-0.0005403354822954,-0.0005157838827838,-0.0004318666666666,0.0005272961172161,-5.470566544566516e-05,-0.0004741651770451,-0.0005914231990231,-0.0004927063492063,-0.0005656146275946,-0.0005135345543345,-0.0005310409035409,-0.0004706634920634
-0.0005403354822954,-0.0005188178266178,-0.0004349079365079,0.0005272961172161,-5.166615384615356e-05,-0.0004772047130647,-0.000585326007326,-0.0004805412698412,-0.0005595653479853,-0.0005044715506715,-0.0005250062271062,-0.0004585941391941
-0.0005281929670329,-0.0005157838827838,-0.0004440317460317,0.0005212355067155,-4.254761904761877e-05,-0.0004802442490842,-0.0005822774114774,-0.0004683761904761,-0.000553516068376,-0.0005014505494505,-0.0005189715506715,-0.0004555768009768
-0.0005251573382173,-0.0005248857142857,-0.0004531555555555,0.0005242658119658,-3.6468595848595565e-05,-0.0004893628571428,-0.000585326007326,-0.0004562111111111,-0.000553516068376,-0.0005044715506715,-0.0005219888888888,-0.0004555768009768
-0.0005251573382173,-0.0005188178266178,-0.0004440317460317,0.0005212355067155,-3.950810744810717e-05,-0.0004802442490842,-0.0005914231990231,-0.0004531698412698,-0.0005565407081807,-0.0005135345543345,-0.0005280235653235,-0.0004616114774114
-0.0005251573382173,-0.0005097159951159,-0.0004349079365079,0.0005151748962148,-4.558713064713037e-05,-0.0004711256410256,-0.0005914231990231,-0.0004470873015873,-0.0005565407081807,-0.0005195765567765,-0.0005370755799755,-0.0004736808302808
-0.0005281929670329,-0.000506682051282,-0.0004349079365079,0.0005151748962148,-4.558713064713037e-05,-0.0004711256410256,-0.0005822774114774,-0.0004349222222222,-0.0005504914285714,-0.0005135345543345,-0.0005370755799755,-0.0004736808302808
-0.000519086080586,-0.0005127499389499,-0.0004501142857142,0.0005151748962148,-3.342908424908396e-05,-0.0004802442490842,-0.0005792288156288,-0.0004197158730158,-0.0005383928693528,-0.0005014505494505,-0.0005280235653235,-0.0004676461538461
-0.000519086080586,-0.0005218517704517,-0.0004531555555555,0.0005182052014652,-3.342908424908396e-05,-0.0004863233211233,-0.0005731316239316,-0.0004014682539682,-0.0005262943101343,-0.0004893665445665,-0.0005189715506715,-0.0004585941391941
-0.000519086080586,-0.0005218517704517,-0.0004561968253968,0.0005182052014652,-3.0389572649572364e-05,-0.0004893628571428,-0.0005670344322344,-0.0003893031746031,-0.0005232696703296,-0.0004923875457875,-0.0005159542124542,-0.0004555768009768
-0.000519086080586,-0.000506682051282,-0.0004440317460317,0.0005121445909645,-3.6468595848595565e-05,-0.0004741651770451,-0.0005670344322344,-0.0003862619047619,-0.0005293189499389,-0.0005014505494505,-0.0005189715506715,-0.0004555768009768
-0.0005221217094017,-0.0004915123321123,-0.0004288253968253,0.0005060839804639,-4.558713064713037e-05,-0.0004589674969474,-0.000570083028083,-0.000377138095238,-0.0005293189499389,-0.0005044715506715,-0.0005219888888888,-0.0004585941391941
-0.0005160504517704,-0.0004915123321123,-0.0004288253968253,0.0005030536752136,-4.254761904761877e-05,-0.0004589674969474,-0.0005609372405372,-0.0003558492063492,-0.0005172203907203,-0.0004984295482295,-0.0005189715506715,-0.0004585941391941
-0.0005039079365079,-0.0004945462759462,-0.0004440317460317,0.000496993064713,-3.0389572649572364e-05,-0.0004680861050061,-0.0005609372405372,-0.0003406428571428,-0.0005081464713064,-0.0004954085470085,-0.0005219888888888,-0.0004616114774114
-0.0005008723076923,-0.0004975802197802,-0.000447073015873,0.000496993064713,-2.735006105006077e-05,-0.0004711256410256,-0.0005578886446886,-0.0003223952380952,-0.0004990725518925,-0.0004893665445665,-0.0005189715506715,-0.0004616114774114
-0.0005039079365079,-0.0005036481074481,-0.0004531555555555,0.0005030536752136,-2.4310549450549165e-05,-0.0004772047130647,-0.0005487428571428,-0.0002950238095238,-0.0004869739926739,-0.0004772825396825,-0.0005069021978021,-0.0004495421245421
-0.0005069435653235,-0.0004975802197802,-0.0004440317460317,0.0005000233699633,-3.0389572649572364e-05,-0.0004711256410256,-0.0005426456654456,-0.0002767761904761,-0.00047790007326,-0.0004712405372405,-0.0005008675213675,-0.0004374727716727
-0.0004978366788766,-0.0004733086691086,-0.0004288253968253,0.0004848718437118,-3.342908424908396e-05,-0.0004498488888888,-0.000539597069597,-0.0002585285714285,-0.0004748754334554,-0.0004712405372405,-0.0004978501831501,-0.0004284207570207
-0.0004887297924297,-0.0004642068376068,-0.0004318666666666,0.0004757809279609,-2.735006105006077e-05,-0.0004468093528693,-0.0005426456654456,-0.0002341984126984,-0.0004688261538461,-0.0004682195360195,-0.0004948328449328,-0.000431438095238
-0.0004826585347985,-0.0004672407814407,-0.0004409904761904,0.0004727506227106,-2.1271037851037568e-05,-0.0004528884249084,-0.000539597069597,-0.0002129095238095,-0.0004627768742368,-0.0004651985347985,-0.0004978501831501,-0.0004374727716727
-0.0004856941636141,-0.0004611728937728,-0.0004318666666666,0.0004727506227106,-2.735006105006077e-05,-0.0004468093528693,-0.0005304512820512,-0.0001885793650793,-0.000444629035409,-0.0004561355311355,-0.0004918155067155,-0.0004344554334554
-0.000470516019536,-0.0004460031746031,-0.0004288253968253,0.000457599096459,-2.1271037851037568e-05,-0.0004376907448107,-0.0005274026862026,-0.0001672904761904,-0.0004325304761904,-0.0004440515262515,-0.0004797461538461,-0.0004254034188034
-0.0004614091330891,-0.0004338673992673,-0.0004288253968253,0.0004454778754578,-1.5192014652014368e-05,-0.0004316116727716,-0.0005274026862026,-0.0001460015873015,-0.0004264811965811,-0.0004380095238095,-0.0004737114774114,-0.0004193687423687
-0.0004523022466422,-0.0004247655677655,-0.0004288253968253,0.0004363869597069,-1.2152503052502767e-05,-0.0004255326007326,-0.0005304512820512,-0.0001247126984126,-0.0004204319169719,-0.0004319675213675,-0.0004646594627594,-0.0004072993894993
-0.0004553378754578,-0.0004065619047619,-0.0004105777777777,0.0004303263492063,-2.1271037851037568e-05,-0.0004072953846153,-0.0005304512820512,-0.000106465079365,-0.0004113579975579,-0.0004259255189255,-0.0004556074481074,-0.0003922126984126
-0.0004583735042735,-0.0003883582417582,-0.0003892888888888,0.0004212354334554,-3.342908424908396e-05,-0.0003890581684981,-0.0005274026862026,-9.125873015872984e-05,-0.0003992594383394,-0.0004168625152625,-0.000443538095238,-0.0003831606837606
-0.0004523022466422,-0.0003731885225885,-0.0003740825396825,0.0004121445177045,-3.950810744810717e-05,-0.0003738604884004,-0.0005274026862026,-7.30111111111108e-05,-0.0003871608791208,-0.0004047785103785,-0.0004375034188034,-0.0003741086691086
-0.0004401597313797,-0.0003549848595848,-0.0003679999999999,0.0003969929914529,-3.6468595848595565e-05,-0.0003617023443223,-0.0005304512820512,-6.084603174603144e-05,-0.0003811115995115,-0.0004017575091575,-0.0004314687423687,-0.0003650566544566
-0.0004371241025641,-0.0003367811965811,-0.0003527936507936,0.0003848717704517,-4.254761904761877e-05,-0.0003434651282051,-0.000539597069597,-5.172222222222191e-05,-0.0003780869597069,-0.0003957155067155,-0.0004193993894993,-0.0003529873015873
-0.0004371241025641,-0.0003155435897435,-0.0003315047619047,0.0003757808547008,-5.166615384615356e-05,-0.0003221883760683,-0.0005426456654456,-4.868095238095208e-05,-0.000369013040293,-0.0003866525030525,-0.00040733003663,-0.0003379006105006
-0.0004340884737484,-0.0003064417582417,-0.0003254222222222,0.0003697202442002,-5.470566544566516e-05,-0.0003161093040293,-0.000539597069597,-4.563968253968224e-05,-0.0003629637606837,-0.0003775894993894,-0.0003952606837606,-0.0003258312576312
-0.0004249815873015,-0.0002973399267399,-0.0003223809523809,0.0003606293284493,-5.166615384615356e-05,-0.0003100302319902,-0.000539597069597,-4.868095238095208e-05,-0.0003599391208791,-0.0003715474969474,-0.0003862086691086,-0.0003077272283272
-0.0004219459584859,-0.0002730683760683,-0.000301092063492,0.0003454778021978,-6.078468864468836e-05,-0.0002857139438339,-0.0005517914529914,-5.78047619047616e-05,-0.0003599391208791,-0.0003624844932844,-0.0003711219780219,-0.0002926405372405
-0.0004249815873015,-0.0002548647130647,-0.0002828444444444,0.0003394171916971,-6.990322344322315e-05,-0.0002674767277167,-0.0005609372405372,-7.909365079365048e-05,-0.0003659884004884,-0.0003655054945054,-0.0003650873015873,-0.0002896231990231
-0.0004249815873015,-0.0002457628815628,-0.0002767619047619,0.0003333565811965,-7.294273504273476e-05,-0.0002613976556776,-0.000570083028083,-0.0001003825396825,-0.0003720376800976,-0.0003655054945054,-0.0003590526251526,-0.0002805711843711
-0.0004249815873015,-0.0002427289377289,-0.0002706793650793,0.0003333565811965,-7.598224664224636e-05,-0.0002553185836385,-0.0005731316239316,-0.0001307952380952,-0.0003750623199023,-0.0003624844932844,-0.0003530179487179,-0.0002685018315018
-0.0004249815873015,-0.0002336271062271,-0.0002645968253968,0.0003272959706959,-7.902175824175796e-05,-0.0002492395115995,-0.000585326007326,-0.0001672904761904,-0.0003841362393162,-0.0003624844932844,-0.0003469832722832,-0.0002534151404151
-0.0004249815873015,-0.0002275592185592,-0.0002585142857142,0.0003242656654456,-8.206126984126955e-05,-0.0002431604395604,-0.0006005689865689,-0.0002129095238095,-0.000402284078144,-0.0003655054945054,-0.0003439659340659,-0.0002473804639804
-0.0004340884737484,-0.0002275592185592,-0.0002524317460317,0.0003303262759462,-9.117980463980436e-05,-0.0002401209035409,-0.0006127633699633,-0.0002585285714285,-0.0004143826373626,-0.0003715474969474,-0.0003439659340659,-0.0002503978021978
-0.0004462309890109,-0.0002396949938949,-0.0002524317460317,0.0003424474969474,-9.725882783882755e-05,-0.0002461999755799,-0.0006127633699633,-0.0003041476190476,-0.0004264811965811,-0.0003775894993894,-0.0003530179487179,-0.0002594498168498
-0.0004583735042735,-0.0002670004884004,-0.0002645968253968,0.0003606293284493,-9.725882783882755e-05,-0.0002644371916971,-0.0006158119658119,-0.0003497666666666,-0.0004416043956043,-0.0003866525030525,-0.0003650873015873,-0.0002715191697191
-0.0004644447619047,-0.0002791362637362,-0.0002706793650793,0.0003697202442002,-9.725882783882755e-05,-0.0002735557997557,-0.0006249577533577,-0.0003953857142857,-0.0004597522344322,-0.0003987365079365,-0.0003711219780219,-0.0002835885225885
-0.0004674803907203,-0.0003003738705738,-0.0002858857142857,0.0003818414652014,-9.117980463980436e-05,-0.000291793015873,-0.0006371521367521,-0.0004349222222222,-0.0004809247130647,-0.0004108205128205,-0.0003831913308913,-0.0002956578754578
-0.0004796229059829,-0.0003216114774114,-0.0002919682539682,0.0004000232967032,-9.421931623931596e-05,-0.0003069906959706,-0.0006432493284493,-0.0004744587301587,-0.0004990725518925,-0.0004229045177045,-0.0003952606837606,-0.0003107445665445
-0.0004887297924297,-0.0003398151404151,-0.000301092063492,0.0004121445177045,-9.421931623931596e-05,-0.0003191488400488,-0.0006432493284493,-0.0005079126984126,-0.0005232696703296,-0.0004440515262515,-0.000416382051282,-0.0003409179487179
-0.0005008723076923,-0.0003731885225885,-0.0003254222222222,0.0004363869597069,-8.814029304029276e-05,-0.0003495442002442,-0.0006432493284493,-0.0005413666666666,-0.0005444421489621,-0.0004712405372405,-0.0004465554334554,-0.0003741086691086
-0.0005099791941391,-0.0003944261294261,-0.0003375873015873,0.0004515384859584,-8.510078144078116e-05,-0.0003647418803418,-0.0006462979242979,-0.000568738095238,-0.0005625899877899,-0.0004863455433455,-0.0004676768009768,-0.00039523003663
-0.0005160504517704,-0.0004095958485958,-0.0003467111111111,0.0004606294017094,-8.510078144078116e-05,-0.00037690002442,-0.0006462979242979,-0.0005930682539682,-0.0005777131868131,-0.0004984295482295,-0.0004827634920634,-0.0004103167277167
-0.0005221217094017,-0.0004369013431013,-0.0003710412698412,0.0004788112332112,-7.598224664224636e-05,-0.0004042558485958,-0.0006462979242979,-0.0006113158730158,-0.0005898117460317,-0.0005105135531135,-0.0004948328449328,-0.0004193687423687
-0.0005312285958485,-0.0004733086691086,-0.0004014539682539,0.0005000233699633,-6.382420024419996e-05,-0.0004376907448107,-0.0006371521367521,-0.0006234809523809,-0.0005928363858363,-0.0005105135531135,-0.0004978501831501,-0.000422386080586
-0.0005433711111111,-0.000506682051282,-0.0004166603174603,0.0005242658119658,-6.382420024419996e-05,-0.000462007032967,-0.0006280063492063,-0.0006326047619047,-0.0006019103052503,-0.0005105135531135,-0.0005038848595848,-0.000422386080586
-0.0005524779975579,-0.0005157838827838,-0.0004166603174603,0.0005333567277167,-6.686371184371155e-05,-0.0004650465689865,-0.0006280063492063,-0.0006447698412698,-0.0006170335042735,-0.0005195765567765,-0.0005038848595848,-0.0004254034188034
-0.0005524779975579,-0.0005188178266178,-0.0004166603174603,0.0005333567277167,-6.686371184371155e-05,-0.0004680861050061,-0.0006371521367521,-0.0006569349206349,-0.0006321567032967,-0.0005346815628815,-0.0005159542124542,-0.0004435074481074
-0.0005464067399267,-0.0005188178266178,-0.0004197015873015,0.0005303264224664,-6.382420024419996e-05,-0.0004680861050061,-0.0006402007326007,-0.0006690999999999,-0.0006412306227106,-0.0005467655677655,-0.0005310409035409,-0.0004616114774114
-0.0005524779975579,-0.0005400554334554,-0.0004379492063492,0.0005454779487179,-5.774517704517676e-05,-0.0004893628571428,-0.0006371521367521,-0.0006690999999999,-0.0006472799023199,-0.0005588495726495,-0.0005461275946275,-0.0004736808302808
-0.0005585492551892,-0.000561293040293,-0.0004561968253968,0.0005575991697191,-5.166615384615356e-05,-0.00050760007326,-0.0006310549450549,-0.0006721412698412,-0.0006533291819291,-0.0005648915750915,-0.0005551796092796,-0.0004827328449328
-0.0005555136263736,-0.000561293040293,-0.0004622793650793,0.0005575991697191,-4.558713064713037e-05,-0.0005106396092796,-0.0006280063492063,-0.0006721412698412,-0.0006533291819291,-0.0005618705738705,-0.0005581969474969,-0.0004797155067155
-0.0005676561416361,-0.000561293040293,-0.0004501142857142,0.0005636597802197,-5.774517704517676e-05,-0.0005045605372405,-0.0006280063492063,-0.0006721412698412,-0.0006563538217338,-0.0005648915750915,-0.0005551796092796,-0.0004766981684981
-0.0005676561416361,-0.000558259096459,-0.000447073015873,0.0005606294749694,-6.078468864468836e-05,-0.000501521001221,-0.0006280063492063,-0.0006751825396825,-0.0006624031013431,-0.0005739545787545,-0.0005612142857142,-0.0004857501831501
-0.0005646205128205,-0.0005764627594627,-0.0004653206349206,0.0005697203907203,-4.862664224664196e-05,-0.0005197582173382,-0.0006249577533577,-0.0006751825396825,-0.0006654277411477,-0.0005769755799755,-0.0005672489621489,-0.0004948021978021
-0.0005646205128205,-0.0005946664224664,-0.0004805269841269,0.0005788113064713,-4.254761904761877e-05,-0.0005379954334554,-0.0006158119658119,-0.0006751825396825,-0.0006684523809523,-0.0005799965811965,-0.0005732836385836,-0.0004948021978021
-0.0005706917704517,-0.0005946664224664,-0.0004744444444444,0.0005818416117216,-4.862664224664196e-05,-0.0005349558974358,-0.0006158119658119,-0.0006721412698412,-0.0006745016605616,-0.0005860385836385,-0.0005763009768009,-0.0004948021978021
-0.0005646205128205,-0.0005855645909645,-0.0004744444444444,0.0005727506959706,-4.558713064713037e-05,-0.0005288768253968,-0.0006249577533577,-0.0006751825396825,-0.0006805509401709,-0.0005951015873015,-0.0005823356532356,-0.0004978195360195
-0.0005555136263736,-0.0005885985347985,-0.0004835682539682,0.0005697203907203,-3.6468595848595565e-05,-0.0005349558974358,-0.0006280063492063,-0.0006751825396825,-0.0006805509401709,-0.0005981225885225,-0.0005853529914529,-0.0005038542124542
-0.0005646205128205,-0.0005977003663003,-0.0004835682539682,0.0005788113064713,-3.950810744810717e-05,-0.0005410349694749,-0.0006188605616605,-0.0006690999999999,-0.0006745016605616,-0.0005951015873015,-0.0005823356532356,-0.0005038542124542
-0.000576763028083,-0.0006007343101343,-0.0004774857142857,0.0005879022222222,-4.862664224664196e-05,-0.0005379954334554,-0.0006127633699633,-0.0006630174603174,-0.0006684523809523,-0.0005830175824175,-0.0005763009768009,-0.0004978195360195
-0.0005676561416361,-0.0006007343101343,-0.0004896507936507,0.0005818416117216,-3.950810744810717e-05,-0.0005440745054945,-0.0006127633699633,-0.0006630174603174,-0.0006654277411477,-0.0005799965811965,-0.0005732836385836,-0.0004948021978021
-0.0005615848840048,-0.0005946664224664,-0.000492692063492,0.000575781001221,-3.342908424908396e-05,-0.0005440745054945,-0.0006158119658119,-0.0006569349206349,-0.0006684523809523,-0.0005830175824175,-0.0005732836385836,-0.0004917848595848
-0.0005615848840048,-0.0005916324786324,-0.0004835682539682,0.000575781001221,-3.950810744810717e-05,-0.0005379954334554,-0.0006188605616605,-0.0006538936507936,-0.0006684523809523,-0.0005860385836385,-0.0005763009768009,-0.0004978195360195
-0.0005615848840048,-0.0005916324786324,-0.0004835682539682,0.000575781001221,-3.950810744810717e-05,-0.0005379954334554,-0.0006188605616605,-0.0006508523809523,-0.000671477020757,-0.0005920805860805,-0.0005853529914529,-0.0005068715506715
-0.0005585492551892,-0.0005977003663003,-0.000492692063492,0.000575781001221,-3.342908424908396e-05,-0.0005440745054945,-0.0006127633699633,-0.0006478111111111,-0.0006684523809523,-0.0005951015873015,-0.0005913876678876,-0.0005129062271062
-0.0005615848840048,-0.0006068021978021,-0.0004987746031746,0.0005818416117216,-3.0389572649572364e-05,-0.0005531931135531,-0.0006066661782661,-0.0006447698412698,-0.0006593784615384,-0.0005890595848595,-0.0005883703296703,-0.0005068715506715
-0.0005676561416361,-0.0006189379731379,-0.0005018158730158,0.0005909325274725,-3.342908424908396e-05,-0.0005592721855921,-0.0006005689865689,-0.0006386873015873,-0.0006533291819291,-0.0005799965811965,-0.0005823356532356,-0.0004978195360195
-0.0005615848840048,-0.0006189379731379,-0.0005078984126984,0.0005879022222222,-2.735006105006077e-05,-0.0005623117216117,-0.0005975203907203,-0.0006326047619047,-0.0006533291819291,-0.0005830175824175,-0.0005763009768009,-0.0004948021978021
-0.0005615848840048,-0.0006098361416361,-0.0004987746031746,0.0005848719169719,-3.0389572649572364e-05,-0.0005531931135531,-0.0006036175824175,-0.000635646031746,-0.0006593784615384,-0.0005860385836385,-0.0005793183150183,-0.0004978195360195
-0.0005676561416361,-0.0005977003663003,-0.0004835682539682,0.0005818416117216,-4.254761904761877e-05,-0.0005410349694749,-0.0006036175824175,-0.000635646031746,-0.0006593784615384,-0.0005920805860805,-0.0005793183150183,-0.0004978195360195
-0.0005737273992673,-0.0005855645909645,-0.0004653206349206,0.0005788113064713,-5.470566544566516e-05,-0.0005258372893772,-0.0006036175824175,-0.0006326047619047,-0.0006533291819291,-0.0005860385836385,-0.0005763009768009,-0.0004917848595848
-0.0005676561416361,-0.0005825306471306,-0.0004714031746031,0.0005727506959706,-4.862664224664196e-05,-0.0005258372893772,-0.0006066661782661,-0.0006295634920634,-0.0006503045421245,-0.0005769755799755,-0.0005702663003663,-0.0004887675213675
-0.0005524779975579,-0.0005916324786324,-0.0004896507936507,0.0005697203907203,-3.0389572649572364e-05,-0.0005410349694749,-0.0006158119658119,-0.0006295634920634,-0.0006533291819291,-0.0005830175824175,-0.0005763009768009,-0.0004948021978021
-0.0005494423687423,-0.0005916324786324,-0.0004957333333333,0.0005697203907203,-2.735006105006077e-05,-0.0005440745054945,-0.0006158119658119,-0.0006295634920634,-0.0006563538217338,-0.0005860385836385,-0.0005763009768009,-0.0004978195360195
-0.0005615848840048,-0.0005885985347985,-0.0004805269841269,0.0005727506959706,-3.950810744810717e-05,-0.0005349558974358,-0.0006127633699633,-0.0006265222222222,-0.0006503045421245,-0.0005769755799755,-0.0005702663003663,-0.0004887675213675
-0.0005646205128205,-0.0005764627594627,-0.0004683619047619,0.0005697203907203,-4.862664224664196e-05,-0.0005227977533577,-0.0006158119658119,-0.0006265222222222,-0.0006472799023199,-0.0005709335775335,-0.0005642316239316,-0.0004827328449328
-0.0005555136263736,-0.0005643269841269,-0.0004622793650793,0.0005575991697191,-4.558713064713037e-05,-0.0005136791452991,-0.0006249577533577,-0.0006265222222222,-0.0006472799023199,-0.0005679125763125,-0.0005581969474969,-0.0004797155067155
-0.0005524779975579,-0.000561293040293,-0.0004622793650793,0.0005545688644688,-4.558713064713037e-05,-0.0005106396092796,-0.0006310549450549,-0.0006295634920634,-0.0006472799023199,-0.0005618705738705,-0.0005581969474969,-0.0004827328449328
-0.0005494423687423,-0.000558259096459,-0.0004622793650793,0.0005515385592185,-4.254761904761877e-05,-0.0005106396092796,-0.0006310549450549,-0.0006295634920634,-0.0006442552625152,-0.0005588495726495,-0.0005551796092796,-0.0004827328449328
-0.0005555136263736,-0.0005461233211233,-0.000447073015873,0.0005485082539682,-5.470566544566516e-05,-0.0004954419291819,-0.0006249577533577,-0.0006265222222222,-0.0006351813431013,-0.0005497865689865,-0.0005461275946275,-0.0004736808302808
-0.0005615848840048,-0.0005430893772893,-0.0004379492063492,0.0005515385592185,-6.078468864468836e-05,-0.0004893628571428,-0.0006188605616605,-0.0006265222222222,-0.0006321567032967,-0.0005467655677655,-0.0005431102564102,-0.0004676461538461
-0.0005615848840048,-0.0005552251526251,-0.0004440317460317,0.0005575991697191,-5.774517704517676e-05,-0.0004984814652014,-0.0006188605616605,-0.0006265222222222,-0.0006351813431013,-0.0005467655677655,-0.0005400929181929,-0.0004616114774114
-0.0005615848840048,-0.0005491572649572,-0.0004409904761904,0.0005545688644688,-6.078468864468836e-05,-0.0004954419291819,-0.0006249577533577,-0.0006295634920634,-0.0006412306227106,-0.0005467655677655,-0.0005400929181929,-0.0004616114774114
-0.0005524779975579,-0.0005339875457875,-0.0004379492063492,0.0005424476434676,-5.774517704517676e-05,-0.0004863233211233,-0.0006371521367521,-0.0006417285714285,-0.0006503045421245,-0.0005558285714285,-0.0005431102564102,-0.0004676461538461
-0.0005464067399267,-0.0005218517704517,-0.0004349079365079,0.0005333567277167,-5.470566544566516e-05,-0.0004772047130647,-0.0006432493284493,-0.0006478111111111,-0.0006503045421245,-0.0005528075702075,-0.0005461275946275,-0.0004736808302808
-0.0005433711111111,-0.0005279196581196,-0.0004409904761904,0.0005333567277167,-5.166615384615356e-05,-0.0004832837851037,-0.0006402007326007,-0.0006447698412698,-0.0006442552625152,-0.0005497865689865,-0.0005431102564102,-0.0004706634920634
-0.0005524779975579,-0.0005370214896214,-0.0004379492063492,0.0005424476434676,-5.774517704517676e-05,-0.0004863233211233,-0.0006341035409035,-0.0006386873015873,-0.0006412306227106,-0.0005407235653235,-0.0005340582417582,-0.0004616114774114
-0.0005524779975579,-0.0005370214896214,-0.0004349079365079,0.0005424476434676,-5.774517704517676e-05,-0.0004863233211233,-0.0006341035409035,-0.0006386873015873,-0.0006382059829059,-0.0005346815628815,-0.0005280235653235,-0.0004585941391941
-0.0005494423687423,-0.0005370214896214,-0.0004440317460317,0.0005424476434676,-5.166615384615356e-05,-0.0004893628571428,-0.0006402007326007,-0.0006478111111111,-0.0006472799023199,-0.0005467655677655,-0.0005400929181929,-0.0004736808302808
-0.0005494423687423,-0.0005339875457875,-0.0004379492063492,0.0005394173382173,-5.470566544566516e-05,-0.0004863233211233,-0.0006402007326007,-0.0006569349206349,-0.0006533291819291,-0.0005497865689865,-0.0005431102564102,-0.0004766981684981
-0.0005524779975579,-0.0005400554334554,-0.0004440317460317,0.0005454779487179,-5.470566544566516e-05,-0.0004924023931623,-0.0006371521367521,-0.0006569349206349,-0.0006533291819291,-0.0005467655677655,-0.0005431102564102,-0.0004706634920634
-0.0005464067399267,-0.0005400554334554,-0.0004440317460317,0.0005424476434676,-5.166615384615356e-05,-0.0004924023931623,-0.0006402007326007,-0.0006569349206349,-0.0006533291819291,-0.0005437445665445,-0.0005340582417582,-0.0004616114774114
-0.0005524779975579,-0.0005309536019536,-0.0004288253968253,0.0005394173382173,-6.078468864468836e-05,-0.0004802442490842,-0.0006402007326007,-0.0006569349206349,-0.0006503045421245,-0.0005377025641025,-0.0005250062271062,-0.0004525594627594
-0.0005615848840048,-0.0005339875457875,-0.0004257841269841,0.0005454779487179,-6.686371184371155e-05,-0.0004802442490842,-0.0006402007326007,-0.0006599761904761,-0.0006503045421245,-0.0005346815628815,-0.0005250062271062,-0.0004525594627594
-0.0005646205128205,-0.0005309536019536,-0.0004257841269841,0.0005454779487179,-6.990322344322315e-05,-0.0004772047130647,-0.0006402007326007,-0.0006630174603174,-0.0006503045421245,-0.0005377025641025,-0.0005280235653235,-0.0004555768009768
-0.0005615848840048,-0.0005218517704517,-0.0004197015873015,0.0005394173382173,-6.990322344322315e-05,-0.0004711256410256,-0.0006462979242979,-0.0006721412698412,-0.0006563538217338,-0.0005467655677655,-0.0005310409035409,-0.0004585941391941
-0.0005494423687423,-0.0005218517704517,-0.0004257841269841,0.0005333567277167,-6.078468864468836e-05,-0.0004741651770451,-0.0006462979242979,-0.0006690999999999,-0.0006593784615384,-0.0005467655677655,-0.0005340582417582,-0.0004616114774114
-0.0005494423687423,-0.0005309536019536,-0.0004379492063492,0.0005394173382173,-5.470566544566516e-05,-0.0004832837851037,-0.0006432493284493,-0.0006630174603174,-0.0006563538217338,-0.0005407235653235,-0.0005310409035409,-0.0004616114774114
-0.0005524779975579,-0.0005370214896214,-0.0004409904761904,0.0005424476434676,-5.470566544566516e-05,-0.0004893628571428,-0.0006432493284493,-0.0006660587301587,-0.0006593784615384,-0.0005437445665445,-0.0005340582417582,-0.0004646288156288
-0.0005555136263736,-0.0005309536019536,-0.0004257841269841,0.0005424476434676,-6.382420024419996e-05,-0.0004772047130647,-0.0006462979242979,-0.0006751825396825,-0.0006624031013431,-0.0005467655677655,-0.0005340582417582,-0.0004676461538461
-0.0005585492551892,-0.0005218517704517,-0.000413619047619,0.0005394173382173,-7.294273504273476e-05,-0.0004680861050061,-0.0006462979242979,-0.0006782238095238,-0.0006624031013431,-0.0005467655677655,-0.0005310409035409,-0.0004646288156288
-0.0005585492551892,-0.0005248857142857,-0.0004197015873015,0.0005394173382173,-6.990322344322315e-05,-0.0004711256410256,-0.0006432493284493,-0.0006751825396825,-0.0006624031013431,-0.0005467655677655,-0.0005370755799755,-0.0004676461538461
-0.0005585492551892,-0.0005339875457875,-0.0004288253968253,0.0005454779487179,-6.382420024419996e-05,-0.0004802442490842,-0.0006432493284493,-0.0006782238095238,-0.0006624031013431,-0.0005467655677655,-0.0005400929181929,-0.0004706634920634
-0.0005555136263736,-0.0005339875457875,-0.0004318666666666,0.0005424476434676,-6.078468864468836e-05,-0.0004832837851037,-0.0006402007326007,-0.0006751825396825,-0.0006593784615384,-0.0005467655677655,-0.0005400929181929,-0.0004736808302808
-0.0005585492551892,-0.0005370214896214,-0.0004349079365079,0.0005454779487179,-6.078468864468836e-05,-0.0004863233211233,-0.0006402007326007,-0.0006721412698412,-0.0006593784615384,-0.0005467655677655,-0.0005431102564102,-0.0004736808302808
-0.0005524779975579,-0.0005370214896214,-0.0004349079365079,0.0005424476434676,-5.774517704517676e-05,-0.0004863233211233,-0.0006432493284493,-0.000681265079365,-0.0006624031013431,-0.0005497865689865,-0.0005431102564102,-0.0004736808302808
-0.0005433711111111,-0.0005309536019536,-0.0004379492063492,0.000536387032967,-5.166615384615356e-05,-0.0004832837851037,-0.0006462979242979,-0.0006843063492063,-0.0006654277411477,-0.0005528075702075,-0.0005431102564102,-0.0004736808302808
-0.0005494423687423,-0.0005248857142857,-0.0004288253968253,0.000536387032967,-6.078468864468836e-05,-0.0004772047130647,-0.0006462979242979,-0.0006843063492063,-0.0006654277411477,-0.0005528075702075,-0.0005370755799755,-0.0004706634920634
-0.0005646205128205,-0.0005218517704517,-0.000413619047619,0.0005424476434676,-7.598224664224636e-05,-0.0004680861050061,-0.0006432493284493,-0.000681265079365,-0.0006624031013431,-0.0005467655677655,-0.0005370755799755,-0.0004646288156288
-0.0005737273992673,-0.0005248857142857,-0.0004075365079365,0.0005485082539682,-8.206126984126955e-05,-0.0004650465689865,-0.0006402007326007,-0.000681265079365,-0.0006624031013431,-0.0005497865689865,-0.0005400929181929,-0.0004676461538461
-0.0005706917704517,-0.0005248857142857,-0.0004075365079365,0.0005454779487179,-8.206126984126955e-05,-0.0004650465689865,-0.0006402007326007,-0.000681265079365,-0.0006624031013431,-0.0005467655677655,-0.0005400929181929,-0.0004706634920634
-0.0005585492551892,-0.0005248857142857,-0.0004166603174603,0.0005394173382173,-6.990322344322315e-05,-0.0004711256410256,-0.0006462979242979,-0.000681265079365,-0.0006593784615384,-0.0005407235653235,-0.0005370755799755,-0.0004676461538461
-0.0005555136263736,-0.0005309536019536,-0.0004288253968253,0.0005424476434676,-6.382420024419996e-05,-0.0004802442490842,-0.0006493465201465,-0.000681265079365,-0.0006624031013431,-0.0005437445665445,-0.0005340582417582,-0.0004616114774114
-0.0005585492551892,-0.0005309536019536,-0.0004257841269841,0.0005424476434676,-6.686371184371155e-05,-0.0004772047130647,-0.0006493465201465,-0.0006843063492063,-0.0006654277411477,-0.0005437445665445,-0.0005340582417582,-0.0004616114774114
-0.0005524779975579,-0.0005309536019536,-0.0004318666666666,0.0005394173382173,-6.078468864468836e-05,-0.0004802442490842,-0.0006493465201465,-0.0006873476190476,-0.0006654277411477,-0.0005467655677655,-0.0005370755799755,-0.0004676461538461
-0.0005464067399267,-0.0005309536019536,-0.0004349079365079,0.000536387032967,-5.470566544566516e-05,-0.0004832837851037,-0.0006493465201465,-0.0006873476190476,-0.0006684523809523,-0.0005497865689865,-0.0005400929181929,-0.0004736808302808
-0.0005555136263736,-0.0005248857142857,-0.0004197015873015,0.0005394173382173,-6.686371184371155e-05,-0.0004711256410256,-0.0006493465201465,-0.0006903888888888,-0.0006684523809523,-0.0005497865689865,-0.0005431102564102,-0.0004706634920634
-0.0005676561416361,-0.0005218517704517,-0.0004014539682539,0.0005424476434676,-8.206126984126955e-05,-0.000462007032967,-0.0006493465201465,-0.0006873476190476,-0.0006624031013431,-0.0005467655677655,-0.0005340582417582,-0.0004646288156288
-0.0005615848840048,-0.0005218517704517,-0.0004105777777777,0.0005394173382173,-7.598224664224636e-05,-0.0004650465689865,-0.0006523951159951,-0.0006843063492063,-0.0006624031013431,-0.0005407235653235,-0.0005340582417582,-0.0004646288156288
-0.0005555136263736,-0.0005309536019536,-0.0004288253968253,0.0005424476434676,-6.382420024419996e-05,-0.0004802442490842,-0.0006493465201465,-0.000681265079365,-0.0006624031013431,-0.0005437445665445,-0.0005340582417582,-0.0004646288156288
-0.0005585492551892,-0.0005430893772893,-0.0004349079365079,0.0005485082539682,-6.078468864468836e-05,-0.0004893628571428,-0.0006462979242979,-0.0006782238095238,-0.0006593784615384,-0.0005437445665445,-0.0005310409035409,-0.0004616114774114
-0.0005555136263736,-0.0005339875457875,-0.0004318666666666,0.0005424476434676,-6.078468864468836e-05,-0.0004832837851037,-0.0006462979242979,-0.000681265079365,-0.0006593784615384,-0.0005407235653235,-0.0005280235653235,-0.0004616114774114
-0.0005555136263736,-0.0005248857142857,-0.0004227428571428,0.0005394173382173,-6.686371184371155e-05,-0.0004741651770451,-0.0006523951159951,-0.0006843063492063,-0.0006654277411477,-0.0005437445665445,-0.0005310409035409,-0.0004646288156288
-0.0005555136263736,-0.0005218517704517,-0.0004166603174603,0.000536387032967,-6.990322344322315e-05,-0.0004680861050061,-0.0006554437118437,-0.0006873476190476,-0.000671477020757,-0.0005528075702075,-0.0005400929181929,-0.0004706634920634
-0.0005555136263736,-0.0005188178266178,-0.0004166603174603,0.000536387032967,-6.990322344322315e-05,-0.0004680861050061,-0.0006523951159951,-0.0006903888888888,-0.0006745016605616,-0.0005558285714285,-0.0005491449328449,-0.0004766981684981
-0.0005646205128205,-0.0005188178266178,-0.0004105777777777,0.0005394173382173,-7.598224664224636e-05,-0.0004650465689865,-0.0006462979242979,-0.0006903888888888,-0.0006654277411477,-0.0005497865689865,-0.0005400929181929,-0.0004676461538461
-0.0005646205128205,-0.0005279196581196,-0.0004197015873015,0.0005454779487179,-7.294273504273476e-05,-0.0004741651770451,-0.0006493465201465,-0.0006843063492063,-0.0006593784615384,-0.0005437445665445,-0.0005340582417582,-0.0004616114774114
-0.0005615848840048,-0.0005400554334554,-0.0004318666666666,0.0005485082539682,-6.382420024419996e-05,-0.0004863233211233,-0.0006523951159951,-0.000681265079365,-0.0006593784615384,-0.0005377025641025,-0.0005280235653235,-0.0004585941391941
-0.0005615848840048,-0.0005370214896214,-0.0004318666666666,0.0005485082539682,-6.382420024419996e-05,-0.0004832837851037,-0.0006493465201465,-0.0006843063492063,-0.0006654277411477,-0.0005407235653235,-0.0005280235653235,-0.0004585941391941
-0.0005646205128205,-0.0005339875457875,-0.0004227428571428,0.0005485082539682,-6.990322344322315e-05,-0.0004772047130647,-0.0006462979242979,-0.000681265079365,-0.0006654277411477,-0.0005407235653235,-0.0005280235653235,-0.0004585941391941
-0.0005585492551892,-0.0005309536019536,-0.0004227428571428,0.0005424476434676,-6.686371184371155e-05,-0.0004772047130647,-0.0006462979242979,-0.000681265079365,-0.0006654277411477,-0.0005497865689865,-0.0005370755799755,-0.0004646288156288
-0.0005494423687423,-0.0005309536019536,-0.0004349079365079,0.0005394173382173,-5.774517704517676e-05,-0.0004832837851037,-0.0006462979242979,-0.000681265079365,-0.0006654277411477,-0.0005528075702075,-0.0005431102564102,-0.0004766981684981
-0.0005494423687423,-0.0005279196581196,-0.0004318666666666,0.000536387032967,-5.774517704517676e-05,-0.0004802442490842,-0.0006462979242979,-0.000681265079365,-0.0006654277411477,-0.0005497865689865,-0.0005400929181929,-0.0004736808302808
-0.0005585492551892,-0.0005279196581196,-0.0004227428571428,0.0005424476434676,-6.686371184371155e-05,-0.0004741651770451,-0.0006432493284493,-0.000681265079365,-0.0006593784615384,-0.0005437445665445,-0.0005340582417582,-0.0004676461538461
-0.0005646205128205,-0.0005218517704517,-0.0004166603174603,0.0005424476434676,-7.294273504273476e-05,-0.0004680861050061,-0.0006371521367521,-0.0006782238095238,-0.0006533291819291,-0.0005377025641025,-0.0005310409035409,-0.0004616114774114
-0.0005585492551892,-0.0005157838827838,-0.0004166603174603,0.000536387032967,-6.990322344322315e-05,-0.0004650465689865,-0.0006341035409035,-0.0006751825396825,-0.0006533291819291,-0.0005377025641025,-0.0005280235653235,-0.0004555768009768
-0.0005524779975579,-0.0005006141636141,-0.0004075365079365,0.0005242658119658,-7.294273504273476e-05,-0.0004528884249084,-0.0006371521367521,-0.0006721412698412,-0.0006503045421245,-0.0005346815628815,-0.0005219888888888,-0.0004525594627594
-0.0005464067399267,-0.0004975802197802,-0.0004014539682539,0.0005212355067155,-7.294273504273476e-05,-0.0004498488888888,-0.0006402007326007,-0.0006690999999999,-0.0006442552625152,-0.0005286395604395,-0.0005189715506715,-0.0004525594627594
-0.0005372998534798,-0.0004763426129426,-0.0003892888888888,0.0005060839804639,-7.294273504273476e-05,-0.0004316116727716,-0.0006310549450549,-0.0006569349206349,-0.000629132063492,-0.0005165555555555,-0.0005099195360195,-0.0004495421245421
-0.0005403354822954,-0.0004490371184371,-0.0003649587301587,0.0004939627594627,-8.814029304029276e-05,-0.0004072953846153,-0.0006188605616605,-0.0006447698412698,-0.0006140088644688,-0.0005044715506715,-0.0004978501831501,-0.0004344554334554
-0.0005281929670329,-0.0004399352869352,-0.0003649587301587,0.0004818415384615,-8.206126984126955e-05,-0.0004012163125763,-0.0006219091575091,-0.0006386873015873,-0.0006049349450549,-0.0004954085470085,-0.0004918155067155,-0.000431438095238
-0.0005130148229548,-0.0004369013431013,-0.0003771238095238,0.0004727506227106,-6.686371184371155e-05,-0.0004072953846153,-0.0006341035409035,-0.0006295634920634,-0.0006019103052503,-0.0004893665445665,-0.0004857808302808,-0.0004284207570207
-0.000494801050061,-0.0004338673992673,-0.0003892888888888,0.0004636597069597,-5.166615384615356e-05,-0.0004103349206349,-0.0006402007326007,-0.0006204396825396,-0.000595861025641,-0.0004833245421245,-0.0004827634920634,-0.0004254034188034
-0.0004978366788766,-0.0004247655677655,-0.0003832063492063,0.0004606294017094,-5.774517704517676e-05,-0.0004042558485958,-0.0006493465201465,-0.0006265222222222,-0.0005898117460317,-0.0004772825396825,-0.0004767288156288,-0.0004193687423687
-0.0005160504517704,-0.0004338673992673,-0.0003740825396825,0.0004727506227106,-6.990322344322315e-05,-0.0004042558485958,-0.0006706866910866,-0.0006478111111111,-0.0006049349450549,-0.0004863455433455,-0.0004797461538461,-0.0004163514041514
-0.0005281929670329,-0.0004429692307692,-0.0003710412698412,0.0004848718437118,-7.902175824175796e-05,-0.0004072953846153,-0.0006767838827838,-0.0006599761904761,-0.0006140088644688,-0.0004923875457875,-0.0004827634920634,-0.0004193687423687
-0.0005281929670329,-0.000455105006105,-0.000380165079365,0.0004909324542124,-7.294273504273476e-05,-0.0004164139926739,-0.0006767838827838,-0.0006660587301587,-0.0006170335042735,-0.0004923875457875,-0.0004857808302808,-0.000422386080586
-0.0005281929670329,-0.0004702747252747,-0.0003953714285714,0.000496993064713,-6.686371184371155e-05,-0.0004316116727716,-0.0006798324786324,-0.000681265079365,-0.0006382059829059,-0.0005074925518925,-0.0004948328449328,-0.000431438095238
-0.0005251573382173,-0.0004824105006105,-0.0004075365079365,0.0005030536752136,-5.774517704517676e-05,-0.0004437698168498,-0.000682881074481,-0.0006903888888888,-0.0006533291819291,-0.0005256185592185,-0.0005069021978021,-0.0004404901098901
-0.0005251573382173,-0.0004702747252747,-0.0003984126984126,0.000496993064713,-6.382420024419996e-05,-0.0004346512087912,-0.000682881074481,-0.0006903888888888,-0.0006533291819291,-0.0005256185592185,-0.0005069021978021,-0.0004374727716727
-0.0005251573382173,-0.0004642068376068,-0.0003953714285714,0.0004939627594627,-6.382420024419996e-05,-0.0004285721367521,-0.000682881074481,-0.0006964714285714,-0.0006533291819291,-0.0005256185592185,-0.0005038848595848,-0.000431438095238
-0.000519086080586,-0.0004854444444444,-0.0004227428571428,0.0005000233699633,-4.862664224664196e-05,-0.0004528884249084,-0.000682881074481,-0.0006934301587301,-0.0006593784615384,-0.0005346815628815,-0.0005129368742368,-0.0004435074481074
-0.000519086080586,-0.0005157838827838,-0.0004531555555555,0.0005151748962148,-3.342908424908396e-05,-0.0004832837851037,-0.0006798324786324,-0.0006964714285714,-0.000671477020757,-0.0005437445665445,-0.0005280235653235,-0.0004585941391941
-0.0005342642246642,-0.0005248857142857,-0.000447073015873,0.0005272961172161,-4.254761904761877e-05,-0.0004863233211233,-0.0006737352869352,-0.0007025539682539,-0.0006745016605616,-0.0005467655677655,-0.0005340582417582,-0.0004616114774114
-0.0005494423687423,-0.0005188178266178,-0.0004227428571428,0.0005333567277167,-6.382420024419996e-05,-0.0004711256410256,-0.0006737352869352,-0.0007116777777777,-0.0006745016605616,-0.0005467655677655,-0.0005310409035409,-0.0004616114774114
-0.0005585492551892,-0.000506682051282,-0.0004014539682539,0.0005303264224664,-7.902175824175796e-05,-0.0004528884249084,-0.000667638095238,-0.0007116777777777,-0.0006684523809523,-0.0005407235653235,-0.0005250062271062,-0.0004555768009768
-0.0005676561416361,-0.0005218517704517,-0.0004044952380952,0.0005424476434676,-8.206126984126955e-05,-0.000462007032967,-0.0006645894993894,-0.0007086365079365,-0.0006684523809523,-0.0005407235653235,-0.0005250062271062,-0.0004555768009768
-0.0005737273992673,-0.0005430893772893,-0.0004227428571428,0.0005575991697191,-7.598224664224636e-05,-0.0004832837851037,-0.0006615409035409,-0.0007116777777777,-0.0006745016605616,-0.0005467655677655,-0.0005310409035409,-0.0004616114774114
-0.0005828342857142,-0.0005552251526251,-0.0004257841269841,0.00056669008547,-7.902175824175796e-05,-0.0004893628571428,-0.0006584923076923,-0.0007116777777777,-0.0006775263003663,-0.0005528075702075,-0.0005370755799755,-0.0004646288156288
-0.0005797986568986,-0.0005552251526251,-0.0004257841269841,0.00056669008547,-7.598224664224636e-05,-0.0004893628571428,-0.0006584923076923,-0.000714719047619,-0.0006835755799755,-0.0005588495726495,-0.0005400929181929,-0.0004706634920634
-0.0005737273992673,-0.0005430893772893,-0.0004227428571428,0.0005575991697191,-7.598224664224636e-05,-0.0004832837851037,-0.0006615409035409,-0.0007177603174603,-0.0006866002197802,-0.0005618705738705,-0.0005431102564102,-0.0004766981684981
-0.0005676561416361,-0.0005339875457875,-0.0004227428571428,0.0005485082539682,-7.294273504273476e-05,-0.0004772047130647,-0.0006706866910866,-0.0007238428571428,-0.0006866002197802,-0.0005648915750915,-0.0005491449328449,-0.0004797155067155
-0.0005646205128205,-0.0005309536019536,-0.0004197015873015,0.0005454779487179,-7.294273504273476e-05,-0.0004741651770451,-0.0006737352869352,-0.0007208015873015,-0.0006866002197802,-0.0005679125763125,-0.0005521622710622,-0.0004827328449328
-0.0005737273992673,-0.0005400554334554,-0.0004197015873015,0.0005545688644688,-7.598224664224636e-05,-0.0004802442490842,-0.0006706866910866,-0.0007208015873015,-0.0006866002197802,-0.0005679125763125,-0.0005521622710622,-0.0004827328449328
-0.0005797986568986,-0.0005370214896214,-0.0004075365079365,0.0005575991697191,-8.510078144078116e-05,-0.0004711256410256,-0.0006645894993894,-0.0007177603174603,-0.0006805509401709,-0.0005588495726495,-0.0005461275946275,-0.0004766981684981
-0.0005706917704517,-0.0005309536019536,-0.0004105777777777,0.0005485082539682,-7.902175824175796e-05,-0.0004711256410256,-0.0006645894993894,-0.000714719047619,-0.0006745016605616,-0.0005528075702075,-0.0005370755799755,-0.0004706634920634
-0.0005646205128205,-0.0005218517704517,-0.0004105777777777,0.0005424476434676,-7.598224664224636e-05,-0.0004650465689865,-0.000667638095238,-0.0007086365079365,-0.0006684523809523,-0.0005467655677655,-0.0005310409035409,-0.0004616114774114
-0.0005737273992673,-0.0005157838827838,-0.0004014539682539,0.0005424476434676,-8.510078144078116e-05,-0.0004589674969474,-0.000667638095238,-0.0007086365079365,-0.0006593784615384,-0.0005377025641025,-0.0005189715506715,-0.0004555768009768
-0.0005706917704517,-0.0005188178266178,-0.0003984126984126,0.0005424476434676,-8.510078144078116e-05,-0.0004589674969474,-0.0006706866910866,-0.0007086365079365,-0.0006593784615384,-0.0005346815628815,-0.0005189715506715,-0.0004525594627594
-0.0005676561416361,-0.0005188178266178,-0.0004014539682539,0.0005424476434676,-8.206126984126955e-05,-0.0004589674969474,-0.0006737352869352,-0.000714719047619,-0.0006593784615384,-0.0005346815628815,-0.0005219888888888,-0.0004555768009768
-0.0005646205128205,-0.0005127499389499,-0.0003984126984126,0.000536387032967,-8.206126984126955e-05,-0.0004559279609279,-0.0006737352869352,-0.0006995126984126,-0.0006472799023199,-0.0005377025641025,-0.0005310409035409,-0.0004736808302808
-0.0005615848840048,-0.0004884783882783,-0.0003771238095238,0.0005242658119658,-9.117980463980436e-05,-0.0004316116727716,-0.0006615409035409,-0.0006630174603174,-0.0005988856654456,-0.0005225975579975,-0.0005400929181929,-0.0004917848595848
-0.0005524779975579,-0.0004035279609279,-0.0003071746031746,0.0004757809279609,-0.0001215749206349,-0.0003556232722832,-0.000667638095238,-0.0006143571428571,-0.0005232696703296,-0.0004742615384615,-0.0005099195360195,-0.0004797155067155
-0.0005008723076923,-0.0002548647130647,-0.0002068126984126,0.0003757808547008,-0.000145891013431,-0.0002310022954822,-0.000698124053724,-0.0005018301587301,-0.0003871608791208,-0.0003473794871794,-0.0004133647130647,-0.0004163514041514
-0.0003976609279609,-3.338681318681299e-05,-8.82031746031745e-05,0.0002151746764346,-0.0001550095482295,-6.078827838827842e-05,-0.0007560473748473,-0.0003710555555555,-0.000175436092796,-0.0001087203907203,-0.000229307081807,-0.0002926405372405
-0.0002640932600732,0.0003185506715506,0.0001246857142857,-2.724974358974356e-05,-0.0001945231990231,0.0002218885714285,-0.0009176229548229,-0.0004653349206349,3.023941391941384e-05,0.0002175477411477,7.242673992673977e-05,-4.521880341880401e-05
-0.0001153474481074,0.0007433028083028,0.0003984,-0.0003120984371184,-0.0002553134310134,0.0005714352136752,-0.0011950451770451,-0.000793792063492,0.0001693728449328,0.0005830888888888,0.0004556286935286,0.0002957404151404
1.8220219780219504e-05,0.0010740026862026,0.0005930412698412,-0.0005454319413919,-0.0002857085470085,0.0008328353113553,-0.0015334393162393,-0.0011891571428571,0.0001482003663003,0.00088821001221,0.0008086572649572,0.0006276476190476
9.41109401709399e-05,0.0012560393162393,0.0006964444444444,-0.0006727047619047,-0.0003009061050061,0.0009756935042735,-0.0018291531135531,-0.0015115317460317,1.5116214896214815e-05,0.001012071062271,0.0010108189255189,0.0008690346764346
7.893279609279581e-05,0.0010284935286935,0.0004835555555555,-0.0005514925518925,-0.0002006022222222,0.0007568469108669,-0.001890125030525,-0.0016635952380952,-0.0002843231257631,0.0007160129426129,0.0008418479853479,0.0008328266178266
-0.0001274899633699,0.0003670937728937,3.344761904761914e-05,-0.0001181589010989,-7.902175824175796e-05,0.0002006118192918,-0.0016797719169719,-0.0017548333333333,-0.0007924626129426,5.743467643467591e-05,0.0003379525030525,0.0005220407814407
-0.0003915896703296,-4.552258852258832e-05,-0.0001125333333333,0.0002182049816849,-0.0001398119902319,-7.902549450549453e-05,-0.0014663702075702,-0.0019129793650793,-0.0012280107448107,-0.0004651985347985,-4.52494505494507e-05,0.0002776363858363
-0.0005464067399267,-0.0002548647130647,-0.0001642349206349,0.0004000232967032,-0.0001914836874236,-0.0002097255433455,-0.0013047946275946,-0.0018764841269841,-0.0013701688156288,-0.0007159416361416,-0.0002806018315018,7.849206349206289e-05
-0.000601048058608,-0.0004186976800976,-0.0002737206349206,0.0005091142857142,-0.000164128083028,-0.0003465046642246,-0.0011798021978021,-0.0016453476190476,-0.0012824542612942,-0.0007582356532356,-0.000416382051282,-0.0001025482295482
-0.0006071193162393,-0.0004884783882783,-0.000334546031746,0.0005454779487179,-0.0001367724786324,-0.0004103349206349,-0.0010852957264957,-0.0014142111111111,-0.0011402961904761,-0.0007189626373626,-0.0004767288156288,-0.000226259096459
-0.0005919411721611,-0.0005127499389499,-0.0003710412698412,0.0005515385592185,-0.0001094168742368,-0.0004407302808302,-0.0009724976800976,-0.0012013222222222,-0.0010102366788766,-0.0006736476190476,-0.0005069021978021,-0.0003107445665445
-0.000576763028083,-0.0005157838827838,-0.0003923301587301,0.0005454779487179,-9.117980463980436e-05,-0.0004528884249084,-0.000841408058608,-0.0009914746031746,-0.0008832018070818,-0.0006222905982905,-0.0005159542124542,-0.0003650566544566
-0.0005524779975579,-0.0004854444444444,-0.0003892888888888,0.0005182052014652,-8.206126984126955e-05,-0.0004376907448107,-0.0007377557997557,-0.0008181222222222,-0.0007712901343101,-0.0005679125763125,-0.0005069021978021,-0.00039523003663
-0.0005312285958485,-0.000452071062271,-0.0003771238095238,0.0004909324542124,-7.598224664224636e-05,-0.0004133744566544,-0.0006767838827838,-0.000714719047619,-0.0006896248595848,-0.0005286395604395,-0.0004948328449328,-0.0004012647130647
-0.0005372998534798,-0.0004308334554334,-0.0003527936507936,0.0004818415384615,-9.117980463980436e-05,-0.0003920977045177,-0.0006462979242979,-0.0006660587301587,-0.0006503045421245,-0.0005074925518925,-0.0004827634920634,-0.0004012647130647
-0.0005494423687423,-0.0004338673992673,-0.0003436698412698,0.0004909324542124,-0.0001033378510378,-0.0003890581684981,-0.0006310549450549,-0.0006478111111111,-0.0006351813431013,-0.0005044715506715,-0.0004857808302808,-0.0004072993894993
-0.0005433711111111,-0.0004460031746031,-0.0003558349206349,0.0004939627594627,-9.421931623931596e-05,-0.0004012163125763,-0.0006249577533577,-0.000635646031746,-0.000629132063492,-0.0005105135531135,-0.0004978501831501,-0.0004193687423687
-0.0005403354822954,-0.0004611728937728,-0.0003740825396825,0.0005000233699633,-8.206126984126955e-05,-0.0004164139926739,-0.0006158119658119,-0.0006173984126984,-0.0006230827838827,-0.0005165555555555,-0.0005069021978021,-0.000431438095238
-0.0005403354822954,-0.0004702747252747,-0.000380165079365,0.0005030536752136,-7.902175824175796e-05,-0.0004255326007326,-0.0006066661782661,-0.0006052333333333,-0.0006170335042735,-0.0005195765567765,-0.0005129368742368,-0.0004404901098901
-0.0005433711111111,-0.0004733086691086,-0.0003832063492063,0.0005060839804639,-7.902175824175796e-05,-0.0004285721367521,-0.0005975203907203,-0.0005961095238095,-0.0006079595848595,-0.0005135345543345,-0.0005129368742368,-0.0004404901098901
-0.0005524779975579,-0.0004763426129426,-0.0003771238095238,0.0005121445909645,-8.814029304029276e-05,-0.0004255326007326,-0.0005883746031746,-0.0005839444444444,-0.000595861025641,-0.0005044715506715,-0.0005069021978021,-0.0004374727716727
-0.0005524779975579,-0.0004672407814407,-0.0003679999999999,0.0005091142857142,-9.117980463980436e-05,-0.0004164139926739,-0.000585326007326,-0.0005748206349206,-0.0005898117460317,-0.0004984295482295,-0.0005038848595848,-0.0004374727716727
-0.0005403354822954,-0.000455105006105,-0.0003679999999999,0.000496993064713,-8.510078144078116e-05,-0.0004103349206349,-0.0005944717948717,-0.0005809031746031,-0.0005928363858363,-0.0005044715506715,-0.0005069021978021,-0.0004495421245421
-0.0005464067399267,-0.000455105006105,-0.0003619174603174,0.0005000233699633,-9.117980463980436e-05,-0.0004072953846153,-0.0005944717948717,-0.0005809031746031,-0.0005928363858363,-0.0005105135531135,-0.0005129368742368,-0.0004555768009768
-0.0005494423687423,-0.0004642068376068,-0.0003679999999999,0.0005060839804639,-9.117980463980436e-05,-0.0004164139926739,-0.0005883746031746,-0.0005717793650793,-0.0005867871062271,-0.0005074925518925,-0.0005159542124542,-0.0004585941391941
-0.0005403354822954,-0.0004672407814407,-0.0003832063492063,0.0005030536752136,-7.902175824175796e-05,-0.0004255326007326,-0.000585326007326,-0.0005626555555555,-0.0005807378266178,-0.0005014505494505,-0.0005129368742368,-0.0004525594627594
-0.0005372998534798,-0.0004733086691086,-0.0003923301587301,0.0005030536752136,-7.294273504273476e-05,-0.0004316116727716,-0.000585326007326,-0.0005535317460317,-0.0005746885470085,-0.0004984295482295,-0.0005069021978021,-0.0004465247863247
-0.0005403354822954,-0.0004733086691086,-0.0003892888888888,0.0005060839804639,-7.598224664224636e-05,-0.0004316116727716,-0.0005883746031746,-0.0005474492063492,-0.0005746885470085,-0.0004984295482295,-0.0005069021978021,-0.0004435074481074
-0.0005403354822954,-0.0004702747252747,-0.0003832063492063,0.0005030536752136,-7.902175824175796e-05,-0.0004255326007326,-0.0005883746031746,-0.0005474492063492,-0.0005777131868131,-0.0004984295482295,-0.0005069021978021,-0.0004404901098901
-0.0005342642246642,-0.0004642068376068,-0.0003832063492063,0.000496993064713,-7.598224664224636e-05,-0.000422493064713,-0.0005914231990231,-0.0005504904761904,-0.0005807378266178,-0.0005074925518925,-0.0005129368742368,-0.0004465247863247
-0.0005342642246642,-0.0004581389499389,-0.0003771238095238,0.0004939627594627,-7.902175824175796e-05,-0.0004164139926739,-0.0005944717948717,-0.0005444079365079,-0.0005746885470085,-0.0005074925518925,-0.0005129368742368,-0.0004495421245421
-0.0005403354822954,-0.000455105006105,-0.0003740825396825,0.000496993064713,-8.206126984126955e-05,-0.0004133744566544,-0.0005944717948717,-0.0005383253968253,-0.0005686392673992,-0.0004954085470085,-0.0005069021978021,-0.0004495421245421
-0.0005372998534798,-0.0004642068376068,-0.0003832063492063,0.0005000233699633,-7.598224664224636e-05,-0.000422493064713,-0.0005883746031746,-0.0005292015873015,-0.0005625899877899,-0.0004893665445665,-0.0005008675213675,-0.0004435074481074
-0.0005342642246642,-0.0004763426129426,-0.0003984126984126,0.0005030536752136,-6.686371184371155e-05,-0.0004376907448107,-0.0005792288156288,-0.0005200777777777,-0.0005595653479853,-0.0004923875457875,-0.0005038848595848,-0.0004465247863247
-0.0005403354822954,-0.0004702747252747,-0.0003892888888888,0.0005030536752136,-7.598224664224636e-05,-0.0004285721367521,-0.0005761802197802,-0.0005170365079365,-0.0005595653479853,-0.0004923875457875,-0.0005038848595848,-0.0004435074481074
-0.0005433711111111,-0.0004581389499389,-0.0003710412698412,0.0005000233699633,-8.510078144078116e-05,-0.0004133744566544,-0.0005761802197802,-0.0005139952380952,-0.0005595653479853,-0.0004863455433455,-0.0005008675213675,-0.0004374727716727
-0.0005403354822954,-0.000452071062271,-0.0003710412698412,0.0004939627594627,-8.510078144078116e-05,-0.0004103349206349,-0.0005792288156288,-0.0005139952380952,-0.0005595653479853,-0.0004893665445665,-0.0005008675213675,-0.0004404901098901
-0.0005372998534798,-0.0004672407814407,-0.000380165079365,0.0005000233699633,-7.902175824175796e-05,-0.000422493064713,-0.0005731316239316,-0.0005048714285714,-0.0005504914285714,-0.0004893665445665,-0.0005038848595848,-0.0004435074481074
-0.0005372998534798,-0.0004733086691086,-0.0003923301587301,0.0005030536752136,-7.294273504273476e-05,-0.0004316116727716,-0.0005670344322344,-0.0004927063492063,-0.0005414175091575,-0.0004863455433455,-0.0005069021978021,-0.0004435074481074
-0.0005312285958485,-0.0004702747252747,-0.0003953714285714,0.0005000233699633,-6.686371184371155e-05,-0.0004316116727716,-0.0005670344322344,-0.0004866238095238,-0.0005383928693528,-0.0004863455433455,-0.0005069021978021,-0.0004465247863247
-0.0005342642246642,-0.0004702747252747,-0.0003923301587301,0.0005000233699633,-6.990322344322315e-05,-0.0004316116727716,-0.0005670344322344,-0.0004774999999999,-0.0005353682295482,-0.0004833245421245,-0.0005038848595848,-0.0004435074481074
-0.0005281929670329,-0.0004702747252747,-0.0003984126984126,0.000496993064713,-6.382420024419996e-05,-0.0004346512087912,-0.0005670344322344,-0.0004683761904761,-0.0005353682295482,-0.0004863455433455,-0.0005069021978021,-0.0004465247863247
-0.0005281929670329,-0.0004733086691086,-0.0003984126984126,0.0005000233699633,-6.382420024419996e-05,-0.0004346512087912,-0.0005670344322344,-0.0004592523809523,-0.0005323435897435,-0.0004863455433455,-0.0005069021978021,-0.0004495421245421
-0.0005312285958485,-0.0004763426129426,-0.0003953714285714,0.0005030536752136,-6.686371184371155e-05,-0.0004346512087912,-0.0005578886446886,-0.0004470873015873,-0.0005232696703296,-0.0004833245421245,-0.0005069021978021,-0.0004465247863247
-0.0005403354822954,-0.0004733086691086,-0.0003862476190476,0.0005060839804639,-7.598224664224636e-05,-0.0004285721367521,-0.0005487428571428,-0.0004349222222222,-0.0005172203907203,-0.0004803035409035,-0.0005038848595848,-0.0004465247863247
-0.0005312285958485,-0.0004611728937728,-0.0003832063492063,0.0004939627594627,-7.294273504273476e-05,-0.000422493064713,-0.0005517914529914,-0.0004288396825396,-0.0005141957509157,-0.0004803035409035,-0.0005038848595848,-0.0004525594627594
-0.0005160504517704,-0.0004581389499389,-0.0003953714285714,0.0004848718437118,-6.078468864468836e-05,-0.0004255326007326,-0.0005578886446886,-0.0004227571428571,-0.0005141957509157,-0.0004833245421245,-0.0005099195360195,-0.0004555768009768
-0.0005221217094017,-0.0004581389499389,-0.0003923301587301,0.0004879021489621,-6.382420024419996e-05,-0.0004255326007326,-0.0005517914529914,-0.0004075507936507,-0.0005081464713064,-0.0004803035409035,-0.0005069021978021,-0.0004525594627594
-0.000519086080586,-0.0004611728937728,-0.0003984126984126,0.0004879021489621,-6.078468864468836e-05,-0.0004285721367521,-0.0005456942612942,-0.0003893031746031,-0.0004990725518925,-0.0004772825396825,-0.0005069021978021,-0.0004525594627594
-0.0005069435653235,-0.0004672407814407,-0.0004105777777777,0.0004848718437118,-4.862664224664196e-05,-0.0004376907448107,-0.000539597069597,-0.0003740968253968,-0.0004930232722832,-0.0004772825396825,-0.0005099195360195,-0.0004525594627594
-0.0005099791941391,-0.0004642068376068,-0.0004044952380952,0.0004848718437118,-5.166615384615356e-05,-0.0004346512087912,-0.0005365484737484,-0.0003528079365079,-0.0004809247130647,-0.0004682195360195,-0.0005008675213675,-0.0004465247863247
-0.000519086080586,-0.0004611728937728,-0.0003953714285714,0.0004879021489621,-6.078468864468836e-05,-0.0004285721367521,-0.0005334998778998,-0.000331519047619,-0.0004688261538461,-0.0004591565323565,-0.0004887981684981,-0.0004344554334554
-0.0005039079365079,-0.000455105006105,-0.0004014539682539,0.0004788112332112,-5.166615384615356e-05,-0.0004285721367521,-0.0005334998778998,-0.0003132714285714,-0.0004658015140415,-0.0004591565323565,-0.0004918155067155,-0.0004344554334554
-0.0005008723076923,-0.0004490371184371,-0.0003984126984126,0.0004727506227106,-5.166615384615356e-05,-0.000422493064713,-0.0005334998778998,-0.000298065079365,-0.0004567275946275,-0.0004561355311355,-0.0004857808302808,-0.0004344554334554
-0.0005039079365079,-0.0004429692307692,-0.0003923301587301,0.0004727506227106,-5.470566544566516e-05,-0.0004164139926739,-0.0005274026862026,-0.0002767761904761,-0.0004476536752136,-0.0004470725274725,-0.0004827634920634,-0.000431438095238
-0.0005008723076923,-0.0004338673992673,-0.0003892888888888,0.00046669001221,-5.470566544566516e-05,-0.0004103349206349,-0.000524354090354,-0.0002554873015873,-0.0004355551159951,-0.0004410305250305,-0.0004767288156288,-0.000422386080586
-0.0004917654212454,-0.0004247655677655,-0.0003892888888888,0.000457599096459,-5.166615384615356e-05,-0.0004072953846153,-0.0005213054945054,-0.0002341984126984,-0.0004295058363858,-0.0004349885225885,-0.0004737114774114,-0.0004163514041514
-0.0004796229059829,-0.0004186976800976,-0.0003923301587301,0.0004485081807081,-4.254761904761877e-05,-0.0004042558485958,-0.0005213054945054,-0.0002129095238095,-0.0004264811965811,-0.0004349885225885,-0.0004676768009768,-0.000413334065934
-0.0004735516483516,-0.0004095958485958,-0.0003923301587301,0.0004394172649572,-3.950810744810717e-05,-0.0004012163125763,-0.0005121597069597,-0.0001916206349206,-0.0004204319169719,-0.0004349885225885,-0.0004676768009768,-0.0004103167277167
-0.0004765872771672,-0.0003944261294261,-0.0003710412698412,0.0004333566544566,-5.166615384615356e-05,-0.000382979096459,-0.0005060625152625,-0.0001703317460317,-0.0004143826373626,-0.0004289465201465,-0.0004616421245421,-0.0004012647130647
-0.0004796229059829,-0.0003671206349206,-0.0003436698412698,0.0004212354334554,-6.686371184371155e-05,-0.0003556232722832,-0.0005030139194139,-0.0001490428571428,-0.000402284078144,-0.0004168625152625,-0.0004495727716727,-0.0003922126984126
-0.0004674803907203,-0.0003580188034188,-0.0003436698412698,0.0004121445177045,-6.078468864468836e-05,-0.0003495442002442,-0.0005030139194139,-0.0001247126984126,-0.0003901855189255,-0.0004047785103785,-0.0004405207570207,-0.0003831606837606
-0.0004614091330891,-0.0003549848595848,-0.0003467111111111,0.0004060839072039,-5.774517704517676e-05,-0.0003495442002442,-0.0005030139194139,-0.000106465079365,-0.0003780869597069,-0.0003987365079365,-0.0004314687423687,-0.000377126007326
-0.0004553378754578,-0.000342849084249,-0.0003436698412698,0.0003969929914529,-5.470566544566516e-05,-0.0003434651282051,-0.0005030139194139,-8.821746031746001e-05,-0.000369013040293,-0.0003896735042735,-0.0004224167277167,-0.0003710913308913
-0.0004492666178266,-0.0003185775335775,-0.0003223809523809,0.0003818414652014,-6.382420024419996e-05,-0.0003191488400488,-0.0005030139194139,-7.605238095238064e-05,-0.0003629637606837,-0.0003775894993894,-0.0004133647130647,-0.0003590219780219
-0.0004492666178266,-0.0002943059829059,-0.0002980507936507,0.0003697202442002,-7.598224664224636e-05,-0.0002948325518925,-0.0005060625152625,-6.084603174603144e-05,-0.0003508652014652,-0.0003655054945054,-0.000398278021978,-0.0003409179487179
-0.0004401597313797,-0.0002852041514041,-0.0002980507936507,0.0003606293284493,-6.990322344322315e-05,-0.000291793015873,-0.0005060625152625,-4.563968253968224e-05,-0.0003387666422466,-0.0003534214896214,-0.0003831913308913,-0.0003228139194139
-0.0004371241025641,-0.0002791362637362,-0.0002919682539682,0.000357599023199,-7.294273504273476e-05,-0.0002857139438339,-0.0005030139194139,-3.955714285714255e-05,-0.0003327173626373,-0.0003443584859584,-0.0003711219780219,-0.0003047098901098
-0.0004371241025641,-0.0002609326007326,-0.0002767619047619,0.0003485081074481,-7.902175824175796e-05,-0.0002674767277167,-0.0005091111111111,-3.955714285714255e-05,-0.0003296927228327,-0.0003383164835164,-0.0003590526251526,-0.0002926405372405
-0.0004280172161172,-0.0002427289377289,-0.000267638095238,0.0003333565811965,-7.902175824175796e-05,-0.0002553185836385,-0.0005152083028083,-4.563968253968224e-05,-0.0003296927228327,-0.0003352954822954,-0.0003469832722832,-0.0002775538461538
-0.0004189103296703,-0.0002214913308913,-0.000255473015873,0.000318205054945,-8.206126984126955e-05,-0.0002370813675213,-0.000524354090354,-6.388730158730128e-05,-0.000335742002442,-0.0003352954822954,-0.0003409485958485,-0.0002685018315018
-0.0004189103296703,-0.0001972197802197,-0.0002311428571428,0.0003060838339438,-9.421931623931596e-05,-0.000212765079365,-0.0005365484737484,-8.213492063492033e-05,-0.0003387666422466,-0.0003322744810744,-0.0003318965811965,-0.0002594498168498
-0.0004158747008547,-0.0001759821733821,-0.0002128952380952,0.0002939626129426,-0.0001002983394383,-0.0001945278632478,-0.0005487428571428,-0.000106465079365,-0.0003448159218559,-0.0003292534798534,-0.0003258619047619,-0.0002503978021978
-0.0004189103296703,-0.0001729482295482,-0.0002098539682539,0.0002939626129426,-0.0001033378510378,-0.0001914883272283,-0.0005578886446886,-0.000139919047619,-0.0003538898412698,-0.0003352954822954,-0.0003258619047619,-0.0002473804639804
-0.0004249815873015,-0.0001790161172161,-0.0002037714285714,0.0003000232234432,-0.0001094168742368,-0.0001914883272283,-0.0005639858363858,-0.0001764142857142,-0.0003569144810744,-0.0003322744810744,-0.0003198272283272,-0.0002413457875457
-0.0004280172161172,-0.0001790161172161,-0.0002037714285714,0.0003030535286935,-0.0001124563858363,-0.0001914883272283,-0.0005670344322344,-0.0002129095238095,-0.0003599391208791,-0.0003262324786324,-0.0003107752136752,-0.000226259096459
-0.0004340884737484,-0.000185084004884,-0.0002068126984126,0.0003091141391941,-0.0001124563858363,-0.0001945278632478,-0.0005792288156288,-0.0002554873015873,-0.0003720376800976,-0.0003262324786324,-0.0003077578754578,-0.0002202244200244
-0.0004401597313797,-0.0001941858363858,-0.0002098539682539,0.0003151747496947,-0.0001154958974358,-0.0002006069352869,-0.0005914231990231,-0.0003011063492063,-0.0003901855189255,-0.0003352954822954,-0.0003137925518925,-0.000226259096459
-0.0004553378754578,-0.0002093555555555,-0.0002068126984126,0.0003303262759462,-0.0001246144322344,-0.000206686007326,-0.0005975203907203,-0.0003497666666666,-0.0004143826373626,-0.0003534214896214,-0.0003258619047619,-0.0002413457875457
-0.0004674803907203,-0.0002214913308913,-0.0002068126984126,0.0003424474969474,-0.0001306934554334,-0.000212765079365,-0.0006066661782661,-0.0003984269841269,-0.0004355551159951,-0.0003715474969474,-0.0003379312576312,-0.0002534151404151
-0.0004796229059829,-0.0002427289377289,-0.0002159365079365,0.0003606293284493,-0.0001306934554334,-0.0002279627594627,-0.0006127633699633,-0.000444046031746,-0.0004537029548229,-0.0003836315018315,-0.0003560352869352,-0.0002685018315018
-0.0004796229059829,-0.0002700344322344,-0.0002402666666666,0.0003727505494505,-0.0001185354090354,-0.0002553185836385,-0.0006158119658119,-0.0004805412698412,-0.0004748754334554,-0.0003987365079365,-0.0003741393162393,-0.0002896231990231
-0.0004887297924297,-0.0002943059829059,-0.000255473015873,0.0003909323809523,-0.0001154958974358,-0.0002735557997557,-0.0006188605616605,-0.0005109539682539,-0.0004930232722832,-0.0004108205128205,-0.000389226007326,-0.0003137619047619
-0.0004917654212454,-0.0003185775335775,-0.0002767619047619,0.0004030536019536,-0.0001063773626373,-0.000297872087912,-0.0006249577533577,-0.0005444079365079,-0.0005111711111111,-0.0004289465201465,-0.00040733003663,-0.0003379006105006
-0.0005008723076923,-0.000342849084249,-0.0002950095238095,0.0004212354334554,-0.0001033378510378,-0.0003191488400488,-0.0006280063492063,-0.0005778619047619,-0.0005323435897435,-0.0004470725274725,-0.0004284514041514,-0.0003590219780219
-0.0005130148229548,-0.0003731885225885,-0.0003132571428571,0.0004424475702075,-0.0001002983394383,-0.0003434651282051,-0.0006219091575091,-0.0005961095238095,-0.0005474667887667,-0.0004591565323565,-0.0004405207570207,-0.0003680739926739
-0.0005312285958485,-0.0004035279609279,-0.0003284634920634,0.00046669001221,-0.0001002983394383,-0.0003647418803418,-0.0006188605616605,-0.0006113158730158,-0.0005595653479853,-0.0004712405372405,-0.0004525901098901,-0.0003801433455433
-0.0005372998534798,-0.0004277995115995,-0.0003436698412698,0.0004818415384615,-9.725882783882755e-05,-0.0003860186324786,-0.0006158119658119,-0.0006265222222222,-0.0005716639072039,-0.0004803035409035,-0.0004646594627594,-0.00039523003663
-0.0005403354822954,-0.0004429692307692,-0.0003619174603174,0.0004909324542124,-8.814029304029276e-05,-0.0004012163125763,-0.0006158119658119,-0.0006447698412698,-0.0005867871062271,-0.0004923875457875,-0.0004767288156288,-0.0004072993894993
-0.0005494423687423,-0.0004581389499389,-0.0003710412698412,0.0005030536752136,-8.814029304029276e-05,-0.0004133744566544,-0.0006127633699633,-0.0006569349206349,-0.0005928363858363,-0.0004984295482295,-0.0004887981684981,-0.0004163514041514
-0.0005433711111111,-0.0004702747252747,-0.000380165079365,0.0005060839804639,-8.206126984126955e-05,-0.0004255326007326,-0.0006127633699633,-0.0006660587301587,-0.0006019103052503,-0.0005044715506715,-0.0004948328449328,-0.000422386080586
-0.0005494423687423,-0.0004733086691086,-0.0003771238095238,0.0005091142857142,-8.510078144078116e-05,-0.0004255326007326,-0.0006097147741147,-0.0006721412698412,-0.0006079595848595,-0.0005074925518925,-0.0004948328449328,-0.0004284207570207
-0.0005676561416361,-0.0004733086691086,-0.0003619174603174,0.0005182052014652,-0.0001033378510378,-0.0004164139926739,-0.0006066661782661,-0.0006782238095238,-0.0006109842246642,-0.0005135345543345,-0.0004978501831501,-0.0004344554334554
-0.0005706917704517,-0.0004793765567765,-0.0003649587301587,0.0005242658119658,-0.0001033378510378,-0.000422493064713,-0.0006066661782661,-0.0006843063492063,-0.0006200581440781,-0.0005225975579975,-0.0005099195360195,-0.0004465247863247
-0.0005646205128205,-0.0004884783882783,-0.000380165079365,0.0005242658119658,-9.117980463980436e-05,-0.0004346512087912,-0.0006036175824175,-0.0006873476190476,-0.0006200581440781,-0.0005286395604395,-0.0005189715506715,-0.0004555768009768
-0.0005585492551892,-0.0005006141636141,-0.0003984126984126,0.0005272961172161,-7.902175824175796e-05,-0.0004498488888888,-0.0006036175824175,-0.0006873476190476,-0.0006200581440781,-0.0005316605616605,-0.0005219888888888,-0.0004555768009768
-0.0005555136263736,-0.0005097159951159,-0.0004075365079365,0.0005303264224664,-7.294273504273476e-05,-0.0004589674969474,-0.0006036175824175,-0.0006843063492063,-0.0006230827838827,-0.0005316605616605,-0.0005250062271062,-0.0004525594627594
-0.0005585492551892,-0.0005157838827838,-0.0004105777777777,0.000536387032967,-7.294273504273476e-05,-0.000462007032967,-0.0006005689865689,-0.0006843063492063,-0.0006230827838827,-0.0005316605616605,-0.0005219888888888,-0.0004495421245421
-0.0005585492551892,-0.0005279196581196,-0.0004197015873015,0.0005424476434676,-6.990322344322315e-05,-0.0004741651770451,-0.0005944717948717,-0.000681265079365,-0.0006230827838827,-0.0005346815628815,-0.0005219888888888,-0.0004525594627594
-0.0005676561416361,-0.0005279196581196,-0.0004105777777777,0.0005454779487179,-7.902175824175796e-05,-0.0004680861050061,-0.0005883746031746,-0.000681265079365,-0.0006261074236874,-0.0005346815628815,-0.0005250062271062,-0.0004525594627594
-0.000576763028083,-0.0005279196581196,-0.0004044952380952,0.0005515385592185,-8.510078144078116e-05,-0.0004650465689865,-0.0005883746031746,-0.0006843063492063,-0.000629132063492,-0.0005437445665445,-0.0005340582417582,-0.0004616114774114
-0.0005737273992673,-0.0005309536019536,-0.0004105777777777,0.0005515385592185,-8.206126984126955e-05,-0.0004711256410256,-0.0005914231990231,-0.0006843063492063,-0.0006321567032967,-0.0005528075702075,-0.0005431102564102,-0.0004676461538461
-0.0005676561416361,-0.0005279196581196,-0.000413619047619,0.0005454779487179,-7.598224664224636e-05,-0.0004711256410256,-0.0005914231990231,-0.000681265079365,-0.000629132063492,-0.0005528075702075,-0.0005400929181929,-0.0004706634920634
-0.0005706917704517,-0.0005248857142857,-0.000413619047619,0.0005454779487179,-7.902175824175796e-05,-0.0004680861050061,-0.000585326007326,-0.0006751825396825,-0.0006261074236874,-0.0005467655677655,-0.0005400929181929,-0.0004706634920634
-0.0005797986568986,-0.0005370214896214,-0.000413619047619,0.0005575991697191,-8.206126984126955e-05,-0.0004741651770451,-0.0005822774114774,-0.0006721412698412,-0.0006261074236874,-0.0005467655677655,-0.0005400929181929,-0.0004706634920634
-0.000576763028083,-0.0005400554334554,-0.0004166603174603,0.0005575991697191,-7.902175824175796e-05,-0.0004772047130647,-0.0005792288156288,-0.0006690999999999,-0.0006230827838827,-0.0005467655677655,-0.0005400929181929,-0.0004676461538461
-0.0005676561416361,-0.0005430893772893,-0.0004288253968253,0.0005545688644688,-6.990322344322315e-05,-0.0004863233211233,-0.0005792288156288,-0.0006660587301587,-0.0006200581440781,-0.0005497865689865,-0.0005400929181929,-0.0004676461538461
-0.0005706917704517,-0.0005491572649572,-0.0004318666666666,0.0005575991697191,-6.990322344322315e-05,-0.0004893628571428,-0.0005792288156288,-0.0006630174603174,-0.0006230827838827,-0.0005558285714285,-0.0005461275946275,-0.0004706634920634
-0.0005737273992673,-0.0005461233211233,-0.0004257841269841,0.0005575991697191,-7.294273504273476e-05,-0.0004863233211233,-0.0005761802197802,-0.0006599761904761,-0.0006230827838827,-0.0005588495726495,-0.0005491449328449,-0.0004766981684981
-0.0005706917704517,-0.0005400554334554,-0.0004257841269841,0.0005545688644688,-7.294273504273476e-05,-0.0004832837851037,-0.0005792288156288,-0.0006569349206349,-0.0006261074236874,-0.0005588495726495,-0.0005521622710622,-0.0004766981684981
-0.000576763028083,-0.0005430893772893,-0.0004227428571428,0.0005575991697191,-7.598224664224636e-05,-0.0004832837851037,-0.0005761802197802,-0.0006508523809523,-0.0006200581440781,-0.0005497865689865,-0.0005491449328449,-0.0004766981684981
-0.0005706917704517,-0.0005430893772893,-0.0004257841269841,0.0005545688644688,-7.294273504273476e-05,-0.0004832837851037,-0.0005761802197802,-0.0006447698412698,-0.0006170335042735,-0.0005437445665445,-0.0005431102564102,-0.0004706634920634
-0.0005555136263736,-0.0005400554334554,-0.0004379492063492,0.0005454779487179,-5.774517704517676e-05,-0.0004893628571428,-0.0005822774114774,-0.0006417285714285,-0.0006170335042735,-0.0005467655677655,-0.0005431102564102,-0.0004676461538461
-0.0005615848840048,-0.0005430893772893,-0.0004379492063492,0.0005515385592185,-6.078468864468836e-05,-0.0004893628571428,-0.000585326007326,-0.0006417285714285,-0.0006170335042735,-0.0005497865689865,-0.0005461275946275,-0.0004706634920634
-0.0005646205128205,-0.0005400554334554,-0.0004288253968253,0.0005515385592185,-6.686371184371155e-05,-0.0004832837851037,-0.0005822774114774,-0.0006417285714285,-0.0006170335042735,-0.0005467655677655,-0.0005461275946275,-0.0004706634920634
-0.0005615848840048,-0.0005339875457875,-0.0004257841269841,0.0005454779487179,-6.686371184371155e-05,-0.0004802442490842,-0.0005822774114774,-0.0006417285714285,-0.0006140088644688,-0.0005437445665445,-0.0005431102564102,-0.0004706634920634
-0.0005494423687423,-0.0005248857142857,-0.0004227428571428,0.000536387032967,-6.382420024419996e-05,-0.0004741651770451,-0.0005883746031746,-0.0006386873015873,-0.0006140088644688,-0.0005407235653235,-0.0005370755799755,-0.0004706634920634
-0.0005585492551892,-0.0005218517704517,-0.0004166603174603,0.0005394173382173,-6.990322344322315e-05,-0.0004680861050061,-0.000585326007326,-0.000635646031746,-0.0006079595848595,-0.0005346815628815,-0.0005310409035409,-0.0004646288156288
-0.0005585492551892,-0.0005248857142857,-0.0004166603174603,0.0005394173382173,-6.990322344322315e-05,-0.0004711256410256,-0.000585326007326,-0.000635646031746,-0.0006049349450549,-0.0005316605616605,-0.0005280235653235,-0.0004616114774114
-0.0005555136263736,-0.0005248857142857,-0.0004227428571428,0.0005394173382173,-6.686371184371155e-05,-0.0004741651770451,-0.000585326007326,-0.0006295634920634,-0.0006019103052503,-0.0005316605616605,-0.0005280235653235,-0.0004646288156288
-0.0005555136263736,-0.0005218517704517,-0.0004227428571428,0.000536387032967,-6.686371184371155e-05,-0.0004711256410256,-0.0005883746031746,-0.0006265222222222,-0.0006049349450549,-0.0005286395604395,-0.0005250062271062,-0.0004555768009768
-0.0005464067399267,-0.0005127499389499,-0.0004197015873015,0.0005272961172161,-6.382420024419996e-05,-0.0004650465689865,-0.0005975203907203,-0.0006295634920634,-0.0006049349450549,-0.0005225975579975,-0.0005189715506715,-0.0004495421245421
-0.0005464067399267,-0.0005036481074481,-0.000413619047619,0.0005242658119658,-6.686371184371155e-05,-0.0004589674969474,-0.0005975203907203,-0.0006326047619047,-0.0006049349450549,-0.0005165555555555,-0.0005159542124542,-0.0004495421245421
-0.0005494423687423,-0.0004975802197802,-0.0004044952380952,0.0005212355067155,-7.294273504273476e-05,-0.0004498488888888,-0.0005975203907203,-0.000635646031746,-0.0006079595848595,-0.0005195765567765,-0.0005189715506715,-0.0004525594627594
-0.0005524779975579,-0.0004915123321123,-0.0003923301587301,0.0005212355067155,-7.902175824175796e-05,-0.0004407302808302,-0.0005975203907203,-0.000635646031746,-0.0006049349450549,-0.0005195765567765,-0.0005159542124542,-0.0004495421245421
-0.0005464067399267,-0.0004854444444444,-0.0003892888888888,0.0005151748962148,-7.902175824175796e-05,-0.0004376907448107,-0.0005975203907203,-0.0006326047619047,-0.0006019103052503,-0.0005135345543345,-0.0005069021978021,-0.0004435074481074
-0.0005433711111111,-0.0004824105006105,-0.0003923301587301,0.0005121445909645,-7.598224664224636e-05,-0.0004376907448107,-0.0006036175824175,-0.0006295634920634,-0.000595861025641,-0.0005105135531135,-0.0005038848595848,-0.0004404901098901
-0.0005464067399267,-0.0004884783882783,-0.0003953714285714,0.0005151748962148,-7.598224664224636e-05,-0.0004407302808302,-0.0006066661782661,-0.000635646031746,-0.000595861025641,-0.0005074925518925,-0.0005038848595848,-0.0004435074481074
-0.0005433711111111,-0.0004945462759462,-0.0004044952380952,0.0005182052014652,-6.990322344322315e-05,-0.0004498488888888,-0.0006066661782661,-0.0006417285714285,-0.0005988856654456,-0.0005074925518925,-0.0005038848595848,-0.0004435074481074
-0.0005433711111111,-0.0004854444444444,-0.0003984126984126,0.0005121445909645,-7.294273504273476e-05,-0.0004407302808302,-0.0006097147741147,-0.0006417285714285,-0.0005988856654456,-0.0005014505494505,-0.0004978501831501,-0.0004344554334554
-0.0005464067399267,-0.0004733086691086,-0.000380165079365,0.0005091142857142,-8.206126984126955e-05,-0.0004255326007326,-0.0006097147741147,-0.0006417285714285,-0.000595861025641,-0.0004984295482295,-0.0004887981684981,-0.0004284207570207
-0.0005403354822954,-0.0004702747252747,-0.0003892888888888,0.0005030536752136,-7.598224664224636e-05,-0.0004285721367521,-0.0006158119658119,-0.0006447698412698,-0.0006019103052503,-0.0005014505494505,-0.0004918155067155,-0.000431438095238
-0.0005342642246642,-0.0004733086691086,-0.0003953714285714,0.0005030536752136,-6.990322344322315e-05,-0.0004346512087912,-0.0006188605616605,-0.0006478111111111,-0.0006049349450549,-0.0005074925518925,-0.0004978501831501,-0.0004374727716727
-0.0005403354822954,-0.0004793765567765,-0.0003923301587301,0.0005091142857142,-7.294273504273476e-05,-0.0004346512087912,-0.0006219091575091,-0.0006508523809523,-0.0006079595848595,-0.0005105135531135,-0.0005008675213675,-0.0004404901098901
-0.0005524779975579,-0.0004793765567765,-0.0003832063492063,0.0005151748962148,-8.510078144078116e-05,-0.0004316116727716,-0.0006158119658119,-0.0006538936507936,-0.0006019103052503,-0.0005014505494505,-0.0004948328449328,-0.0004344554334554
-0.0005464067399267,-0.0004763426129426,-0.0003862476190476,0.0005091142857142,-7.902175824175796e-05,-0.0004316116727716,-0.0006188605616605,-0.0006538936507936,-0.0006019103052503,-0.0004984295482295,-0.0004918155067155,-0.0004284207570207
-0.0005372998534798,-0.0004824105006105,-0.0003984126984126,0.0005091142857142,-6.990322344322315e-05,-0.0004407302808302,-0.0006249577533577,-0.0006599761904761,-0.0006079595848595,-0.0005074925518925,-0.0004978501831501,-0.0004344554334554
-0.0005403354822954,-0.0004793765567765,-0.0003892888888888,0.0005091142857142,-7.598224664224636e-05,-0.0004346512087912,-0.0006280063492063,-0.0006660587301587,-0.0006140088644688,-0.0005105135531135,-0.0005008675213675,-0.0004374727716727
-0.0005464067399267,-0.0004702747252747,-0.0003771238095238,0.0005060839804639,-8.510078144078116e-05,-0.000422493064713,-0.0006249577533577,-0.0006690999999999,-0.0006109842246642,-0.0005074925518925,-0.0004978501831501,-0.0004374727716727
-0.0005524779975579,-0.0004672407814407,-0.0003679999999999,0.0005091142857142,-9.117980463980436e-05,-0.0004164139926739,-0.0006219091575091,-0.0006721412698412,-0.0006109842246642,-0.0005044715506715,-0.0004948328449328,-0.0004374727716727
-0.0005555136263736,-0.0004702747252747,-0.0003679999999999,0.0005121445909645,-9.421931623931596e-05,-0.0004194535286935,-0.0006249577533577,-0.0006690999999999,-0.0006079595848595,-0.0005014505494505,-0.0004918155067155,-0.0004344554334554
-0.0005433711111111,-0.0004672407814407,-0.0003771238095238,0.0005030536752136,-8.206126984126955e-05,-0.000422493064713,-0.0006310549450549,-0.0006721412698412,-0.0006109842246642,-0.0005014505494505,-0.0004918155067155,-0.0004344554334554
-0.0005403354822954,-0.0004672407814407,-0.000380165079365,0.0005030536752136,-7.902175824175796e-05,-0.000422493064713,-0.0006371521367521,-0.0006751825396825,-0.0006140088644688,-0.0005044715506715,-0.0004918155067155,-0.0004344554334554
-0.0005403354822954,-0.0004642068376068,-0.000380165079365,0.0005000233699633,-7.902175824175796e-05,-0.000422493064713,-0.0006371521367521,-0.0006782238095238,-0.0006170335042735,-0.0005074925518925,-0.0004918155067155,-0.0004344554334554
-0.0005372998534798,-0.0004642068376068,-0.0003832063492063,0.0005000233699633,-7.598224664224636e-05,-0.000422493064713,-0.0006341035409035,-0.0006782238095238,-0.0006170335042735,-0.0005074925518925,-0.0004978501831501,-0.0004374727716727
-0.0005372998534798,-0.0004642068376068,-0.0003862476190476,0.0005000233699633,-7.598224664224636e-05,-0.0004255326007326,-0.0006341035409035,-0.000681265079365,-0.0006170335042735,-0.0005044715506715,-0.0004948328449328,-0.0004374727716727
-0.0005403354822954,-0.0004672407814407,-0.0003832063492063,0.0005030536752136,-7.902175824175796e-05,-0.0004255326007326,-0.0006371521367521,-0.000681265079365,-0.0006140088644688,-0.0005014505494505,-0.0004887981684981,-0.0004344554334554
-0.0005494423687423,-0.0004702747252747,-0.0003740825396825,0.0005091142857142,-8.814029304029276e-05,-0.000422493064713,-0.0006371521367521,-0.000681265079365,-0.0006140088644688,-0.0005014505494505,-0.0004857808302808,-0.0004344554334554
-0.0005524779975579,-0.0004702747252747,-0.0003710412698412,0.0005091142857142,-9.117980463980436e-05,-0.0004194535286935,-0.0006371521367521,-0.0006843063492063,-0.0006170335042735,-0.0005014505494505,-0.0004918155067155,-0.0004374727716727
-0.0005464067399267,-0.0004702747252747,-0.0003771238095238,0.0005060839804639,-8.510078144078116e-05,-0.000422493064713,-0.0006371521367521,-0.0006873476190476,-0.0006170335042735,-0.0005044715506715,-0.0004948328449328,-0.0004374727716727
-0.0005433711111111,-0.0004642068376068,-0.0003771238095238,0.0005030536752136,-8.206126984126955e-05,-0.0004194535286935,-0.0006341035409035,-0.0006843063492063,-0.0006170335042735,-0.0005074925518925,-0.0004948328449328,-0.0004374727716727
-0.0005433711111111,-0.0004611728937728,-0.0003740825396825,0.0005000233699633,-8.510078144078116e-05,-0.0004164139926739,-0.0006371521367521,-0.0006843063492063,-0.0006170335042735,-0.0005074925518925,-0.0004948328449328,-0.0004374727716727
-0.0005403354822954,-0.0004642068376068,-0.000380165079365,0.0005000233699633,-7.902175824175796e-05,-0.000422493064713,-0.0006402007326007,-0.0006903888888888,-0.0006200581440781,-0.0005105135531135,-0.0004978501831501,-0.0004404901098901
-0.0005372998534798,-0.0004642068376068,-0.0003862476190476,0.0005000233699633,-7.598224664224636e-05,-0.0004255326007326,-0.0006462979242979,-0.0006934301587301,-0.0006230827838827,-0.0005105135531135,-0.0004978501831501,-0.0004435074481074
-0.0005464067399267,-0.0004581389499389,-0.0003710412698412,0.0005000233699633,-8.814029304029276e-05,-0.0004133744566544,-0.0006402007326007,-0.0006934301587301,-0.0006200581440781,-0.0005074925518925,-0.0004918155067155,-0.0004344554334554
-0.0005555136263736,-0.0004581389499389,-0.0003558349206349,0.0005060839804639,-0.0001002983394383,-0.0004072953846153,-0.0006371521367521,-0.0006903888888888,-0.0006170335042735,-0.0005044715506715,-0.0004887981684981,-0.0004284207570207
-0.0005494423687423,-0.000452071062271,-0.0003588761904761,0.0005000233699633,-9.421931623931596e-05,-0.0004042558485958,-0.0006402007326007,-0.0006903888888888,-0.0006170335042735,-0.0005014505494505,-0.0004887981684981,-0.0004344554334554
-0.0005464067399267,-0.0004490371184371,-0.0003588761904761,0.000496993064713,-9.421931623931596e-05,-0.0004042558485958,-0.0006432493284493,-0.0006934301587301,-0.0006170335042735,-0.0005044715506715,-0.0004887981684981,-0.000431438095238
-0.0005433711111111,-0.000452071062271,-0.0003649587301587,0.000496993064713,-8.814029304029276e-05,-0.0004072953846153,-0.0006402007326007,-0.0006964714285714,-0.0006170335042735,-0.0005014505494505,-0.0004887981684981,-0.000431438095238
-0.0005433711111111,-0.0004581389499389,-0.0003679999999999,0.0005000233699633,-8.814029304029276e-05,-0.0004133744566544,-0.0006371521367521,-0.0006964714285714,-0.0006140088644688,-0.0005014505494505,-0.0004918155067155,-0.0004284207570207
-0.0005464067399267,-0.0004642068376068,-0.0003679999999999,0.0005030536752136,-8.814029304029276e-05,-0.0004164139926739,-0.0006371521367521,-0.0006903888888888,-0.0006109842246642,-0.0004984295482295,-0.0004887981684981,-0.0004254034188034
-0.0005433711111111,-0.0004672407814407,-0.0003771238095238,0.0005030536752136,-8.206126984126955e-05,-0.000422493064713,-0.0006402007326007,-0.0006903888888888,-0.0006109842246642,-0.0004984295482295,-0.0004857808302808,-0.0004254034188034
-0.0005433711111111,-0.0004672407814407,-0.000380165079365,0.0005030536752136,-8.206126984126955e-05,-0.000422493064713,-0.0006432493284493,-0.0006964714285714,-0.0006140088644688,-0.0005014505494505,-0.0004887981684981,-0.000431438095238
-0.0005494423687423,-0.0004672407814407,-0.0003740825396825,0.0005060839804639,-8.814029304029276e-05,-0.0004194535286935,-0.0006432493284493,-0.0006964714285714,-0.0006200581440781,-0.0005074925518925,-0.0004918155067155,-0.0004344554334554
-0.0005524779975579,-0.0004581389499389,-0.0003619174603174,0.0005030536752136,-9.421931623931596e-05,-0.0004103349206349,-0.0006462979242979,-0.0006995126984126,-0.0006230827838827,-0.0005044715506715,-0.0004918155067155,-0.000431438095238
-0.0005494423687423,-0.0004490371184371,-0.0003497523809523,0.000496993064713,-0.0001002983394383,-0.0003981767765567,-0.0006462979242979,-0.0006964714285714,-0.0006170335042735,-0.0004984295482295,-0.0004857808302808,-0.0004254034188034
-0.0005433711111111,-0.000455105006105,-0.0003649587301587,0.000496993064713,-8.814029304029276e-05,-0.0004103349206349,-0.0006493465201465,-0.0006934301587301,-0.0006140088644688,-0.0004954085470085,-0.0004857808302808,-0.0004284207570207
-0.0005433711111111,-0.0004642068376068,-0.0003771238095238,0.0005030536752136,-8.206126984126955e-05,-0.0004194535286935,-0.0006462979242979,-0.0006964714285714,-0.0006170335042735,-0.0005014505494505,-0.0004887981684981,-0.0004344554334554
-0.0005494423687423,-0.0004642068376068,-0.0003710412698412,0.0005060839804639,-8.814029304029276e-05,-0.0004164139926739,-0.0006432493284493,-0.0006964714285714,-0.0006140088644688,-0.0005014505494505,-0.0004887981684981,-0.0004344554334554
-0.0005524779975579,-0.0004581389499389,-0.0003649587301587,0.0005030536752136,-9.421931623931596e-05,-0.0004103349206349,-0.0006432493284493,-0.0006964714285714,-0.0006170335042735,-0.0005014505494505,-0.0004887981684981,-0.000431438095238
-0.0005494423687423,-0.0004611728937728,-0.0003649587301587,0.0005030536752136,-9.117980463980436e-05,-0.0004133744566544,-0.0006462979242979,-0.0006964714285714,-0.0006170335042735,-0.0005014505494505,-0.0004918155067155,-0.000431438095238
-0.0005464067399267,-0.0004611728937728,-0.0003710412698412,0.0005030536752136,-8.814029304029276e-05,-0.0004164139926739,-0.0006462979242979,-0.0006964714285714,-0.0006200581440781,-0.0005014505494505,-0.0004918155067155,-0.000431438095238
-0.0005403354822954,-0.0004672407814407,-0.000380165079365,0.0005030536752136,-7.902175824175796e-05,-0.000422493064713,-0.0006432493284493,-0.0006934301587301,-0.0006200581440781,-0.0005044715506715,-0.0004918155067155,-0.0004374727716727
-0.0005342642246642,-0.0004733086691086,-0.0003953714285714,0.0005030536752136,-6.990322344322315e-05,-0.0004346512087912,-0.0006402007326007,-0.0006934301587301,-0.0006200581440781,-0.0005044715506715,-0.0004948328449328,-0.0004404901098901
-0.0005372998534798,-0.0004611728937728,-0.0003771238095238,0.000496993064713,-7.902175824175796e-05,-0.0004194535286935,-0.0006310549450549,-0.0006873476190476,-0.0006109842246642,-0.0004954085470085,-0.0004857808302808,-0.0004284207570207
-0.0005494423687423,-0.0004460031746031,-0.0003527936507936,0.000496993064713,-9.725882783882755e-05,-0.0003981767765567,-0.0006219091575091,-0.0006782238095238,-0.0005988856654456,-0.0004833245421245,-0.0004706941391941,-0.000413334065934
-0.0005403354822954,-0.0004429692307692,-0.0003588761904761,0.0004909324542124,-9.117980463980436e-05,-0.0004012163125763,-0.0006249577533577,-0.0006751825396825,-0.0005988856654456,-0.0004863455433455,-0.0004767288156288,-0.0004163514041514
-0.0005251573382173,-0.0004338673992673,-0.0003619174603174,0.0004788112332112,-8.206126984126955e-05,-0.0003981767765567,-0.0006249577533577,-0.0006721412698412,-0.0006019103052503,-0.0004863455433455,-0.0004767288156288,-0.0004163514041514
-0.0005251573382173,-0.0004095958485958,-0.0003436698412698,0.00046669001221,-9.117980463980436e-05,-0.00037690002442,-0.0006097147741147,-0.0006569349206349,-0.0005898117460317,-0.0004742615384615,-0.0004676768009768,-0.0004103167277167
-0.0005221217094017,-0.0003883582417582,-0.0003223809523809,0.0004545687912087,-0.0001002983394383,-0.0003556232722832,-0.0005975203907203,-0.0006447698412698,-0.0005716639072039,-0.0004561355311355,-0.0004556074481074,-0.0004012647130647
-0.0005130148229548,-0.0003731885225885,-0.0003193396825396,0.0004424475702075,-9.725882783882755e-05,-0.0003465046642246,-0.0006005689865689,-0.000635646031746,-0.0005625899877899,-0.0004500935286935,-0.0004465554334554,-0.0003922126984126
-0.0005069435653235,-0.0003671206349206,-0.0003132571428571,0.0004363869597069,-9.725882783882755e-05,-0.0003404255921855,-0.0006066661782661,-0.0006265222222222,-0.000553516068376,-0.0004410305250305,-0.0004405207570207,-0.000386178021978
-0.0005069435653235,-0.0003671206349206,-0.0003132571428571,0.0004363869597069,-9.725882783882755e-05,-0.0003404255921855,-0.0006097147741147,-0.0006204396825396,-0.0005474667887667,-0.0004349885225885,-0.000434486080586,-0.0003801433455433
-0.0005008723076923,-0.0003701545787545,-0.0003254222222222,0.0004333566544566,-8.814029304029276e-05,-0.0003465046642246,-0.0006280063492063,-0.0006234809523809,-0.0005474667887667,-0.0004349885225885,-0.000434486080586,-0.0003801433455433
-0.0004978366788766,-0.0003822903540903,-0.0003375873015873,0.0004394172649572,-7.902175824175796e-05,-0.0003586628083028,-0.0006584923076923,-0.0006478111111111,-0.0005625899877899,-0.0004470725274725,-0.0004405207570207,-0.000386178021978
-0.000494801050061,-0.0003913921855921,-0.0003497523809523,0.0004424475702075,-7.294273504273476e-05,-0.0003708209523809,-0.0006737352869352,-0.0006660587301587,-0.0005777131868131,-0.0004591565323565,-0.0004495727716727,-0.0003891953601953
-0.0005008723076923,-0.00039746007326,-0.0003497523809523,0.0004485081807081,-7.598224664224636e-05,-0.0003738604884004,-0.0006706866910866,-0.0006690999999999,-0.0005837624664224,-0.0004621775335775,-0.0004525901098901,-0.0003922126984126
-0.0005160504517704,-0.0004217316239316,-0.0003649587301587,0.00046669001221,-7.598224664224636e-05,-0.0003920977045177,-0.0006645894993894,-0.000681265079365,-0.0006019103052503,-0.0004742615384615,-0.0004646594627594,-0.0004012647130647
-0.0005130148229548,-0.0004490371184371,-0.0003892888888888,0.0004788112332112,-6.078468864468836e-05,-0.0004194535286935,-0.000667638095238,-0.0006873476190476,-0.0006230827838827,-0.0004954085470085,-0.0004797461538461,-0.0004193687423687
-0.0005099791941391,-0.0004460031746031,-0.0003923301587301,0.0004757809279609,-5.774517704517676e-05,-0.0004194535286935,-0.0006645894993894,-0.0006843063492063,-0.0006230827838827,-0.0004954085470085,-0.0004827634920634,-0.0004163514041514
-0.0005160504517704,-0.0004308334554334,-0.0003710412698412,0.0004727506227106,-7.294273504273476e-05,-0.0004012163125763,-0.000667638095238,-0.0006873476190476,-0.0006170335042735,-0.0004863455433455,-0.0004706941391941,-0.0004072993894993
-0.0005221217094017,-0.0004399352869352,-0.0003740825396825,0.0004788112332112,-7.294273504273476e-05,-0.0004072953846153,-0.0006645894993894,-0.0006873476190476,-0.0006200581440781,-0.0004954085470085,-0.0004767288156288,-0.000413334065934
-0.0005221217094017,-0.0004702747252747,-0.0003984126984126,0.0004939627594627,-6.078468864468836e-05,-0.0004346512087912,-0.0006645894993894,-0.0006964714285714,-0.0006351813431013,-0.0005105135531135,-0.0004948328449328,-0.0004284207570207
-0.0005251573382173,-0.0004824105006105,-0.0004075365079365,0.0005030536752136,-5.774517704517676e-05,-0.0004437698168498,-0.0006615409035409,-0.0007055952380952,-0.0006412306227106,-0.0005105135531135,-0.0004978501831501,-0.0004284207570207
-0.0005281929670329,-0.0004793765567765,-0.0004044952380952,0.0005030536752136,-6.078468864468836e-05,-0.0004407302808302,-0.0006584923076923,-0.0007055952380952,-0.0006382059829059,-0.0005044715506715,-0.0004918155067155,-0.000422386080586
-0.0005342642246642,-0.0004793765567765,-0.0003984126984126,0.0005060839804639,-6.686371184371155e-05,-0.0004376907448107,-0.0006584923076923,-0.0007086365079365,-0.0006382059829059,-0.0005074925518925,-0.0004887981684981,-0.0004254034188034
-0.0005494423687423,-0.0004854444444444,-0.0003923301587301,0.0005151748962148,-7.902175824175796e-05,-0.0004376907448107,-0.0006523951159951,-0.0007116777777777,-0.0006382059829059,-0.0005105135531135,-0.0004948328449328,-0.000431438095238
-0.0005615848840048,-0.0004945462759462,-0.0003862476190476,0.0005272961172161,-8.814029304029276e-05,-0.0004407302808302,-0.0006493465201465,-0.0007177603174603,-0.0006442552625152,-0.0005195765567765,-0.0005038848595848,-0.0004404901098901
-0.0005737273992673,-0.0005097159951159,-0.0003862476190476,0.0005394173382173,-9.421931623931596e-05,-0.0004468093528693,-0.0006462979242979,-0.0007208015873015,-0.0006503045421245,-0.0005286395604395,-0.0005069021978021,-0.0004465247863247
-0.0005737273992673,-0.0005127499389499,-0.0003923301587301,0.0005424476434676,-9.117980463980436e-05,-0.0004528884249084,-0.0006462979242979,-0.0007208015873015,-0.0006533291819291,-0.0005286395604395,-0.0005129368742368,-0.0004495421245421
-0.0005676561416361,-0.0005036481074481,-0.0003923301587301,0.0005333567277167,-8.814029304029276e-05,-0.0004468093528693,-0.0006523951159951,-0.0007238428571428,-0.0006563538217338,-0.0005286395604395,-0.0005129368742368,-0.0004525594627594
-0.0005676561416361,-0.0004975802197802,-0.0003832063492063,0.0005303264224664,-9.117980463980436e-05,-0.0004407302808302,-0.0006523951159951,-0.0007268841269841,-0.0006624031013431,-0.0005316605616605,-0.0005129368742368,-0.0004555768009768
-0.0005615848840048,-0.0004915123321123,-0.0003832063492063,0.0005242658119658,-8.814029304029276e-05,-0.0004376907448107,-0.0006584923076923,-0.0007268841269841,-0.0006593784615384,-0.0005316605616605,-0.0005159542124542,-0.0004555768009768
-0.0005615848840048,-0.0004945462759462,-0.0003832063492063,0.0005272961172161,-8.814029304029276e-05,-0.0004376907448107,-0.0006523951159951,-0.0007238428571428,-0.0006563538217338,-0.0005256185592185,-0.0005129368742368,-0.0004555768009768
-0.0005646205128205,-0.0004975802197802,-0.0003862476190476,0.0005303264224664,-8.814029304029276e-05,-0.0004407302808302,-0.0006462979242979,-0.0007208015873015,-0.0006503045421245,-0.0005195765567765,-0.0005069021978021,-0.0004495421245421
-0.0005706917704517,-0.0004975802197802,-0.000380165079365,0.0005333567277167,-9.421931623931596e-05,-0.0004376907448107,-0.0006432493284493,-0.0007177603174603,-0.0006472799023199,-0.0005165555555555,-0.0005008675213675,-0.0004435074481074
-0.0005646205128205,-0.0004854444444444,-0.0003771238095238,0.0005242658119658,-9.421931623931596e-05,-0.0004316116727716,-0.0006462979242979,-0.0007177603174603,-0.0006442552625152,-0.0005135345543345,-0.0004978501831501,-0.0004374727716727
-0.0005615848840048,-0.0004824105006105,-0.000380165079365,0.0005212355067155,-9.117980463980436e-05,-0.0004316116727716,-0.0006493465201465,-0.0007177603174603,-0.0006382059829059,-0.0005135345543345,-0.0004978501831501,-0.0004374727716727
-0.0005585492551892,-0.0004884783882783,-0.0003862476190476,0.0005212355067155,-8.510078144078116e-05,-0.0004376907448107,-0.0006462979242979,-0.000714719047619,-0.0006382059829059,-0.0005105135531135,-0.0004978501831501,-0.0004344554334554
-0.0005676561416361,-0.0004945462759462,-0.000380165079365,0.0005303264224664,-9.421931623931596e-05,-0.0004376907448107,-0.0006462979242979,-0.0007177603174603,-0.0006382059829059,-0.0005105135531135,-0.0005008675213675,-0.0004344554334554
-0.0005646205128205,-0.0004793765567765,-0.0003679999999999,0.0005212355067155,-9.725882783882755e-05,-0.000422493064713,-0.0006493465201465,-0.0007025539682539,-0.0006200581440781,-0.0005044715506715,-0.0004978501831501,-0.0004404901098901
-0.0005615848840048,-0.0004399352869352,-0.000334546031746,0.0005000233699633,-0.0001124563858363,-0.0003860186324786,-0.0006462979242979,-0.0006630174603174,-0.0005686392673992,-0.0004863455433455,-0.0004978501831501,-0.0004555768009768
-0.0005585492551892,-0.0003549848595848,-0.0002524317460317,0.0004545687912087,-0.00015197003663,-0.0003039511599511,-0.0006462979242979,-0.000602192063492,-0.0004809247130647,-0.0004319675213675,-0.0004646594627594,-0.0004404901098901
-0.0005160504517704,-0.0002002537240537,-0.0001368634920634,0.000357599023199,-0.0001884441758241,-0.000167172039072,-0.0006706866910866,-0.0005018301587301,-0.0003296927228327,-0.0002960224664224,-0.0003620699633699,-0.0003710913308913
-0.0004037321855921,6.05445665445685e-06,-4.562539682539673e-05,0.0001969928449328,-0.0001793256410256,-1.823477411477415e-05,-0.0007347072039072,-0.0004136333333333,-0.0001330911355311,-8.153137973138024e-05,-0.0001961163614163,-0.0002564324786324
-0.0002762357753357,0.0003185506715506,0.0001338095238095,-2.118913308913306e-05,-0.0002036417338217,0.0002249281074481,-0.0008901855921855,-0.0005352841269841,5.141189255189247e-05,0.0002054637362637,6.639206349206333e-05,-4.521880341880401e-05
-0.0001335612210012,0.0007220652014652,0.0003923174603174,-0.0002939166056166,-0.0002613924542124,0.0005562375335775,-0.001173705006105,-0.0008637412698412,0.0001784467643467,0.0005438158730158,0.0004224379731379,0.0002685843711843
3.64339926739924e-05,0.001055799023199,0.0005595873015873,-0.0005454319413919,-0.0002613924542124,0.000808519023199,-0.0015395365079365,-0.0012256523809523,0.0001663482051282,0.0008368529914529,0.0007573625152625,0.0005854048840048
0.0001608947741147,0.0012621072039072,0.0006386603174603,-0.0007090684249084,-0.0002370763614163,0.0009513772161172,-0.0018687848595848,-0.0015206555555555,5.746117216117208e-05,0.00097884004884,0.0009746108669108,0.0008328266178266
0.0001700016605616,0.0010679347985347,0.0004348952380952,-0.0006181592673992,-0.0001306934554334,0.0007507678388278,-0.0019785343101343,-0.0016696777777777,-0.0002389535286935,0.0007220549450549,0.0008448653235653,0.0008328266178266
-2.7314212454212727e-05,0.0004095689865689,-2.433650793650784e-05,-0.0001908862271062,5.543345543628675e-09,0.0001914932112332,-0.0017925699633699,-0.0017822047619047,-0.0007652408547008,7.858168498168446e-05,0.0003590738705738,0.0005310927960927
-0.0003126633211233,-4.552258852258832e-05,-0.000188565079365,0.000178811013431,-6.078468864468836e-05,-0.0001154999267399,-0.0015639252747252,-0.001976846031746,-0.0012159121855921,-0.0004440515262515,-2.71454212454214e-05,0.0002866884004883
-0.0004978366788766,-0.0002730683760683,-0.0002250603174603,0.0003848717704517,-0.0001367724786324,-0.0002492395115995,-0.0013779609279609,-0.0019464333333333,-0.0013701688156288,-0.0006978156288156,-0.0002594804639804,9.96134310134304e-05
-0.0005706917704517,-0.0004126297924297,-0.000301092063492,0.0004909324542124,-0.0001337329670329,-0.0003556232722832,-0.0012316283272283,-0.0017092142857142,-0.0012824542612942,-0.0007491726495726,-0.0003952606837606,-7.237484737484797e-05
-0.0005949768009768,-0.0004581389499389,-0.0003193396825396,0.0005242658119658,-0.0001367724786324,-0.0003890581684981,-0.0011035873015873,-0.0014446238095238,-0.0011130744322344,-0.0006887526251526,-0.000434486080586,-0.000180999023199
-0.0005828342857142,-0.0004581389499389,-0.0003315047619047,0.0005182052014652,-0.0001246144322344,-0.0003951372405372,-0.000969449084249,-0.0012074047619047,-0.0009588178021978,-0.0006222905982905,-0.0004465554334554,-0.0002534151404151
-0.0005585492551892,-0.0004581389499389,-0.0003558349206349,0.0005060839804639,-0.0001002983394383,-0.0004072953846153,-0.0008322622710622,-0.0009884333333333,-0.0008378322100122,-0.0005739545787545,-0.0004586247863247,-0.0003137619047619
-0.0005372998534798,-0.0004369013431013,-0.0003588761904761,0.0004848718437118,-8.814029304029276e-05,-0.0003981767765567,-0.0007225128205128,-0.0008120396825396,-0.0007319698168498,-0.0005256185592185,-0.0004556074481074,-0.0003499699633699
-0.0005312285958485,-0.0004035279609279,-0.0003284634920634,0.00046669001221,-0.0001002983394383,-0.0003647418803418,-0.0006615409035409,-0.0007086365079365,-0.0006533291819291,-0.0004863455433455,-0.0004375034188034,-0.0003529873015873
-0.0005312285958485,-0.0003913921855921,-0.0003162984126984,0.0004606294017094,-0.0001063773626373,-0.0003525837362637,-0.0006341035409035,-0.0006599761904761,-0.0006140088644688,-0.0004742615384615,-0.0004375034188034,-0.0003590219780219
-0.0005342642246642,-0.000400494017094,-0.0003223809523809,0.00046669001221,-0.0001063773626373,-0.0003617023443223,-0.0006188605616605,-0.0006417285714285,-0.0006079595848595,-0.0004772825396825,-0.0004495727716727,-0.0003741086691086
-0.0005494423687423,-0.0004186976800976,-0.0003254222222222,0.0004818415384615,-0.0001124563858363,-0.0003708209523809,-0.0006036175824175,-0.0006265222222222,-0.0006049349450549,-0.0004803035409035,-0.0004616421245421,-0.0003891953601953
-0.0005585492551892,-0.0004308334554334,-0.0003315047619047,0.0004939627594627,-0.0001124563858363,-0.0003799395604395,-0.0005975203907203,-0.0006113158730158,-0.0005988856654456,-0.0004833245421245,-0.0004676768009768,-0.0003982473748473
-0.0005433711111111,-0.0004308334554334,-0.0003467111111111,0.0004848718437118,-9.725882783882755e-05,-0.0003890581684981,-0.0005944717948717,-0.000602192063492,-0.000595861025641,-0.0004833245421245,-0.0004737114774114,-0.0004072993894993
-0.0005342642246642,-0.0004338673992673,-0.0003497523809523,0.0004818415384615,-9.117980463980436e-05,-0.0003920977045177,-0.0005883746031746,-0.0005930682539682,-0.0005867871062271,-0.0004803035409035,-0.0004737114774114,-0.0004103167277167
-0.0005342642246642,-0.0004277995115995,-0.0003497523809523,0.0004788112332112,-9.117980463980436e-05,-0.0003890581684981,-0.0005883746031746,-0.0005839444444444,-0.0005777131868131,-0.0004772825396825,-0.0004737114774114,-0.0004103167277167
-0.0005372998534798,-0.0004308334554334,-0.0003436698412698,0.0004818415384615,-9.725882783882755e-05,-0.0003860186324786,-0.000585326007326,-0.0005748206349206,-0.0005716639072039,-0.0004772825396825,-0.0004706941391941,-0.0004072993894993
-0.0005403354822954,-0.0004308334554334,-0.0003436698412698,0.0004848718437118,-9.725882783882755e-05,-0.0003860186324786,-0.0005792288156288,-0.000568738095238,-0.0005686392673992,-0.0004803035409035,-0.0004767288156288,-0.0004103167277167
-0.0005342642246642,-0.0004338673992673,-0.0003527936507936,0.0004818415384615,-9.117980463980436e-05,-0.0003920977045177,-0.0005792288156288,-0.0005656968253968,-0.0005716639072039,-0.0004833245421245,-0.0004827634920634,-0.0004193687423687
-0.0005342642246642,-0.0004277995115995,-0.0003527936507936,0.0004788112332112,-9.117980463980436e-05,-0.0003890581684981,-0.0005792288156288,-0.000556573015873,-0.0005656146275946,-0.0004803035409035,-0.0004797461538461,-0.0004193687423687
-0.0005372998534798,-0.0004217316239316,-0.0003406285714285,0.0004788112332112,-9.725882783882755e-05,-0.0003799395604395,-0.0005761802197802,-0.0005504904761904,-0.0005625899877899,-0.0004742615384615,-0.0004737114774114,-0.000413334065934
-0.0005372998534798,-0.0004186976800976,-0.0003406285714285,0.0004757809279609,-9.725882783882755e-05,-0.0003799395604395,-0.0005792288156288,-0.0005474492063492,-0.0005565407081807,-0.0004742615384615,-0.0004737114774114,-0.0004163514041514
-0.0005281929670329,-0.0004217316239316,-0.0003467111111111,0.0004727506227106,-9.117980463980436e-05,-0.000382979096459,-0.0005792288156288,-0.0005444079365079,-0.0005565407081807,-0.0004772825396825,-0.0004767288156288,-0.0004193687423687
-0.0005251573382173,-0.0004217316239316,-0.0003527936507936,0.0004727506227106,-8.510078144078116e-05,-0.0003860186324786,-0.0005761802197802,-0.0005413666666666,-0.0005565407081807,-0.0004803035409035,-0.0004827634920634,-0.000422386080586
-0.0005312285958485,-0.0004247655677655,-0.0003436698412698,0.0004757809279609,-9.421931623931596e-05,-0.000382979096459,-0.0005731316239316,-0.0005352841269841,-0.0005504914285714,-0.0004772825396825,-0.0004797461538461,-0.0004193687423687
-0.0005251573382173,-0.0004186976800976,-0.0003467111111111,0.0004697203174603,-8.814029304029276e-05,-0.000382979096459,-0.0005761802197802,-0.0005322428571428,-0.0005474667887667,-0.0004742615384615,-0.0004767288156288,-0.0004193687423687
-0.0005312285958485,-0.0004217316239316,-0.0003497523809523,0.0004757809279609,-9.117980463980436e-05,-0.0003860186324786,-0.0005731316239316,-0.000523119047619,-0.0005444421489621,-0.0004742615384615,-0.0004767288156288,-0.0004193687423687
-0.0005312285958485,-0.0004247655677655,-0.0003527936507936,0.0004757809279609,-8.814029304029276e-05,-0.0003890581684981,-0.0005670344322344,-0.0005139952380952,-0.0005414175091575,-0.0004712405372405,-0.0004767288156288,-0.000422386080586
-0.0005251573382173,-0.0004277995115995,-0.0003588761904761,0.0004757809279609,-8.206126984126955e-05,-0.0003920977045177,-0.0005609372405372,-0.0005079126984126,-0.0005383928693528,-0.0004742615384615,-0.0004827634920634,-0.000422386080586
-0.0005312285958485,-0.0004308334554334,-0.0003527936507936,0.0004788112332112,-8.814029304029276e-05,-0.0003920977045177,-0.0005609372405372,-0.0005018301587301,-0.0005323435897435,-0.0004742615384615,-0.0004797461538461,-0.0004193687423687
-0.0005372998534798,-0.0004277995115995,-0.0003467111111111,0.0004818415384615,-9.421931623931596e-05,-0.0003860186324786,-0.0005609372405372,-0.0004987888888888,-0.0005293189499389,-0.0004712405372405,-0.0004827634920634,-0.0004193687423687
-0.0005281929670329,-0.0004247655677655,-0.0003497523809523,0.0004757809279609,-8.814029304029276e-05,-0.0003860186324786,-0.0005609372405372,-0.000489665079365,-0.0005293189499389,-0.0004742615384615,-0.0004857808302808,-0.000422386080586
-0.0005251573382173,-0.0004308334554334,-0.0003619174603174,0.0004757809279609,-8.206126984126955e-05,-0.0003951372405372,-0.00055484004884,-0.0004805412698412,-0.0005262943101343,-0.0004742615384615,-0.0004857808302808,-0.0004254034188034
-0.0005281929670329,-0.0004399352869352,-0.0003679999999999,0.0004818415384615,-7.902175824175796e-05,-0.0004042558485958,-0.0005487428571428,-0.0004683761904761,-0.0005232696703296,-0.0004712405372405,-0.0004857808302808,-0.0004284207570207
-0.0005281929670329,-0.0004399352869352,-0.0003679999999999,0.0004818415384615,-7.902175824175796e-05,-0.0004042558485958,-0.0005426456654456,-0.0004622936507936,-0.0005232696703296,-0.0004712405372405,-0.0004857808302808,-0.0004284207570207
-0.0005160504517704,-0.0004338673992673,-0.0003710412698412,0.0004727506227106,-7.294273504273476e-05,-0.0004012163125763,-0.0005487428571428,-0.0004531698412698,-0.0005232696703296,-0.0004712405372405,-0.0004857808302808,-0.0004284207570207
-0.0005069435653235,-0.0004369013431013,-0.0003832063492063,0.0004697203174603,-6.078468864468836e-05,-0.0004103349206349,-0.0005487428571428,-0.000444046031746,-0.0005172203907203,-0.0004712405372405,-0.0004857808302808,-0.0004284207570207
-0.000519086080586,-0.000455105006105,-0.0003892888888888,0.0004848718437118,-6.382420024419996e-05,-0.000422493064713,-0.0005334998778998,-0.0004257984126984,-0.0005051218315018,-0.0004651985347985,-0.0004857808302808,-0.0004284207570207
-0.0005281929670329,-0.0004581389499389,-0.0003832063492063,0.0004909324542124,-7.294273504273476e-05,-0.0004194535286935,-0.000524354090354,-0.0004136333333333,-0.0005020971916971,-0.0004591565323565,-0.0004857808302808,-0.0004254034188034
-0.0005281929670329,-0.000455105006105,-0.0003832063492063,0.0004909324542124,-7.294273504273476e-05,-0.0004194535286935,-0.0005213054945054,-0.0004075507936507,-0.0005020971916971,-0.0004621775335775,-0.0004857808302808,-0.000431438095238
-0.0005221217094017,-0.0004490371184371,-0.0003862476190476,0.0004848718437118,-6.686371184371155e-05,-0.0004164139926739,-0.0005213054945054,-0.0003984269841269,-0.0004990725518925,-0.0004621775335775,-0.0004857808302808,-0.0004284207570207
-0.0005099791941391,-0.0004460031746031,-0.0003923301587301,0.0004757809279609,-5.774517704517676e-05,-0.0004194535286935,-0.000524354090354,-0.0003862619047619,-0.0004960479120879,-0.0004621775335775,-0.0004857808302808,-0.0004284207570207
-0.0004978366788766,-0.000452071062271,-0.0004044952380952,0.0004727506227106,-4.558713064713037e-05,-0.0004285721367521,-0.0005213054945054,-0.0003710555555555,-0.0004930232722832,-0.0004651985347985,-0.0004918155067155,-0.0004344554334554
-0.0005099791941391,-0.000452071062271,-0.0003984126984126,0.0004788112332112,-5.470566544566516e-05,-0.0004255326007326,-0.0005121597069597,-0.0003528079365079,-0.0004839493528693,-0.0004591565323565,-0.0004857808302808,-0.000431438095238
-0.000519086080586,-0.0004490371184371,-0.0003892888888888,0.0004818415384615,-6.382420024419996e-05,-0.0004194535286935,-0.0005060625152625,-0.0003345603174603,-0.0004718507936507,-0.0004561355311355,-0.0004797461538461,-0.0004254034188034
-0.0005008723076923,-0.0004460031746031,-0.0004014539682539,0.0004727506227106,-4.862664224664196e-05,-0.000422493064713,-0.0005060625152625,-0.0003193539682539,-0.0004688261538461,-0.0004531145299145,-0.0004827634920634,-0.0004284207570207
-0.0004978366788766,-0.0004369013431013,-0.0003923301587301,0.00046669001221,-5.166615384615356e-05,-0.0004133744566544,-0.0004999653235653,-0.000298065079365,-0.0004597522344322,-0.0004500935286935,-0.0004767288156288,-0.000422386080586
-0.0005008723076923,-0.0004277995115995,-0.0003832063492063,0.0004636597069597,-5.774517704517676e-05,-0.0004042558485958,-0.0004999653235653,-0.0002828587301587,-0.0004537029548229,-0.0004500935286935,-0.0004767288156288,-0.000422386080586
-0.0004917654212454,-0.0004247655677655,-0.0003832063492063,0.000457599096459,-5.470566544566516e-05,-0.0004042558485958,-0.0004938681318681,-0.0002646111111111,-0.0004506783150183,-0.0004470725274725,-0.0004797461538461,-0.0004254034188034
-0.000494801050061,-0.0004186976800976,-0.0003771238095238,0.0004545687912087,-5.774517704517676e-05,-0.0003981767765567,-0.0004877709401709,-0.0002433222222222,-0.0004416043956043,-0.0004410305250305,-0.0004767288156288,-0.0004254034188034
-0.0004917654212454,-0.0004126297924297,-0.0003740825396825,0.0004515384859584,-5.774517704517676e-05,-0.0003920977045177,-0.0004877709401709,-0.000218992063492,-0.0004295058363858,-0.0004349885225885,-0.0004706941391941,-0.0004193687423687
-0.0004765872771672,-0.0004065619047619,-0.0003832063492063,0.0004394172649572,-4.558713064713037e-05,-0.0003951372405372,-0.0004847223443223,-0.0001916206349206,-0.0004174072771672,-0.0004259255189255,-0.0004646594627594,-0.0004163514041514
-0.000470516019536,-0.0004095958485958,-0.0003923301587301,0.0004394172649572,-3.950810744810717e-05,-0.0004012163125763,-0.0004786251526251,-0.0001672904761904,-0.0004083333577533,-0.0004168625152625,-0.0004586247863247,-0.0004072993894993
-0.0004735516483516,-0.0004035279609279,-0.0003892888888888,0.0004363869597069,-4.254761904761877e-05,-0.0003951372405372,-0.0004694793650793,-0.0001429603174603,-0.000402284078144,-0.0004108205128205,-0.0004525901098901,-0.0003982473748473
-0.000470516019536,-0.0003883582417582,-0.0003740825396825,0.000427296043956,-4.862664224664196e-05,-0.0003799395604395,-0.0004633821733821,-0.0001186301587301,-0.0003932101587301,-0.0004017575091575,-0.0004405207570207,-0.000386178021978
-0.0004614091330891,-0.0003701545787545,-0.0003649587301587,0.0004151748229548,-4.862664224664196e-05,-0.0003677814163614,-0.0004694793650793,-9.429999999999968e-05,-0.0003811115995115,-0.0003957155067155,-0.0004314687423687,-0.000377126007326
-0.0004492666178266,-0.0003519509157509,-0.0003558349206349,0.0004000232967032,-4.558713064713037e-05,-0.0003525837362637,-0.0004694793650793,-6.996984126984096e-05,-0.0003720376800976,-0.0003836315018315,-0.0004193993894993,-0.0003710913308913
-0.0004492666178266,-0.0003367811965811,-0.0003406285714285,0.0003909323809523,-5.470566544566516e-05,-0.000337386056166,-0.0004694793650793,-5.172222222222191e-05,-0.0003629637606837,-0.0003745684981684,-0.0004103473748473,-0.0003620393162393
-0.0004492666178266,-0.0003216114774114,-0.0003254222222222,0.0003848717704517,-6.078468864468836e-05,-0.0003221883760683,-0.0004633821733821,-3.3474603174602874e-05,-0.0003538898412698,-0.0003685264957264,-0.0004012953601953,-0.0003499699633699
-0.0004462309890109,-0.0003064417582417,-0.0003071746031746,0.0003757808547008,-6.990322344322315e-05,-0.0003069906959706,-0.0004572849816849,-2.130952380952351e-05,-0.0003417912820512,-0.0003564424908424,-0.0003922433455433,-0.0003348832722832
-0.0004310528449328,-0.000288238095238,-0.0003071746031746,0.000357599023199,-6.078468864468836e-05,-0.000297872087912,-0.0004633821733821,-9.144444444444142e-06,-0.000335742002442,-0.0003534214896214,-0.0003862086691086,-0.0003228139194139
-0.0004219459584859,-0.0002730683760683,-0.000301092063492,0.0003454778021978,-6.078468864468836e-05,-0.0002857139438339,-0.0004725279609279,-2.063492063462036e-08,-0.0003296927228327,-0.0003473794871794,-0.0003741393162393,-0.0003167792429792
-0.0004158747008547,-0.0002487968253968,-0.0002858857142857,0.0003303262759462,-6.382420024419996e-05,-0.0002674767277167,-0.0004786251526251,3.0206349206352205e-06,-0.000326668083028,-0.0003413374847374,-0.0003650873015873,-0.0003077272283272
-0.0004189103296703,-0.0002275592185592,-0.0002645968253968,0.0003212353601953,-7.598224664224636e-05,-0.0002461999755799,-0.0004816737484737,-2.063492063462036e-08,-0.0003236434432234,-0.0003383164835164,-0.0003590526251526,-0.0003016925518925
-0.0004280172161172,-0.0002002537240537,-0.0002281015873015,0.0003121444444444,-0.0001002983394383,-0.000212765079365,-0.0004816737484737,-3.061904761904461e-06,-0.0003145695238095,-0.0003262324786324,-0.0003439659340659,-0.0002866058608058
-0.0004219459584859,-0.0001790161172161,-0.0002098539682539,0.0003000232234432,-0.0001063773626373,-0.0001945278632478,-0.0004877709401709,-9.144444444444142e-06,-0.0003085202442002,-0.0003111274725274,-0.0003318965811965,-0.0002654844932844
-0.0004158747008547,-0.0001759821733821,-0.0002189777777777,0.0002939626129426,-9.725882783882755e-05,-0.0001975673992673,-0.0004938681318681,-3.043333333333303e-05,-0.0003085202442002,-0.0003050854700854,-0.0003198272283272,-0.0002534151404151
-0.0004098034432234,-0.0001668803418803,-0.0002159365079365,0.000287902002442,-9.725882783882755e-05,-0.0001914883272283,-0.0005030139194139,-5.476349206349176e-05,-0.0003115448840048,-0.0002990434676434,-0.0003077578754578,-0.0002383284493284
-0.0004158747008547,-0.0001547445665445,-0.0001976888888888,0.0002848716971916,-0.0001094168742368,-0.0001762906471306,-0.0005121597069597,-8.821746031746001e-05,-0.0003175941636141,-0.0002930014652014,-0.0002956885225885,-0.0002232417582417
-0.0004158747008547,-0.0001426087912087,-0.0001824825396825,0.000278811086691,-0.0001154958974358,-0.0001610929670329,-0.0005274026862026,-0.0001338365079365,-0.0003296927228327,-0.0002960224664224,-0.0002896538461538,-0.000217207081807
-0.0004158747008547,-0.0001335069597069,-0.0001763999999999,0.0002727504761904,-0.0001185354090354,-0.0001550138949938,-0.000539597069597,-0.0001824968253968,-0.0003448159218559,-0.0003020644688644,-0.0002896538461538,-0.0002141897435897
-0.0004280172161172,-0.0001395748473748,-0.0001703174603174,0.0002818413919413,-0.0001276539438339,-0.0001550138949938,-0.0005487428571428,-0.0002281158730158,-0.0003569144810744,-0.0003081064713064,-0.0002926711843711,-0.000217207081807
-0.0004371241025641,-0.0001547445665445,-0.0001733587301587,0.0002939626129426,-0.0001306934554334,-0.0001641325030525,-0.0005609372405372,-0.0002767761904761,-0.0003720376800976,-0.0003141484737484,-0.0003017231990231,-0.0002232417582417
-0.0004492666178266,-0.0001759821733821,-0.0001855238095238,0.0003121444444444,-0.0001306934554334,-0.0001793301831501,-0.0005670344322344,-0.0003254365079365,-0.0003871608791208,-0.0003232114774114,-0.0003107752136752,-0.0002353111111111
-0.0004583735042735,-0.0001941858363858,-0.0001916063492063,0.0003242656654456,-0.0001337329670329,-0.0001914883272283,-0.0005731316239316,-0.0003710555555555,-0.0004053087179487,-0.0003352954822954,-0.0003198272283272,-0.0002443631257631
-0.0004735516483516,-0.0002123894993894,-0.0001946476190476,0.0003424474969474,-0.0001398119902319,-0.0002036464713064,-0.0005761802197802,-0.0004136333333333,-0.0004234565567765,-0.0003443584859584,-0.0003318965811965,-0.0002564324786324
-0.0004735516483516,-0.000236661050061,-0.000222019047619,0.0003545687179487,-0.0001246144322344,-0.0002279627594627,-0.0005822774114774,-0.0004592523809523,-0.0004506783150183,-0.0003655054945054,-0.0003530179487179,-0.0002775538461538
-0.0004674803907203,-0.0002670004884004,-0.0002585142857142,0.0003666899389499,-0.0001033378510378,-0.0002613976556776,-0.0005914231990231,-0.0004987888888888,-0.00047790007326,-0.0003866525030525,-0.0003801739926739,-0.0003077272283272
-0.0004796229059829,-0.0002943059829059,-0.0002706793650793,0.0003848717704517,-0.0001033378510378,-0.0002826744078144,-0.0005914231990231,-0.0005322428571428,-0.0004960479120879,-0.0004047785103785,-0.000398278021978,-0.0003318659340659
-0.0005099791941391,-0.0003185775335775,-0.0002645968253968,0.0004121445177045,-0.0001215749206349,-0.000291793015873,-0.0005883746031746,-0.0005626555555555,-0.0005141957509157,-0.0004168625152625,-0.0004103473748473,-0.0003469526251526
-0.0005221217094017,-0.0003367811965811,-0.000267638095238,0.000427296043956,-0.0001276539438339,-0.0003009116239316,-0.0005944717948717,-0.0005839444444444,-0.0005293189499389,-0.0004289465201465,-0.0004224167277167,-0.0003560046398046
-0.0005251573382173,-0.0003549848595848,-0.0002858857142857,0.0004394172649572,-0.0001185354090354,-0.0003191488400488,-0.0005975203907203,-0.0006052333333333,-0.0005414175091575,-0.0004410305250305,-0.000434486080586,-0.0003680739926739
-0.0005281929670329,-0.0003853242979242,-0.0003102158730158,0.0004545687912087,-0.0001094168742368,-0.0003465046642246,-0.0005975203907203,-0.0006234809523809,-0.0005565407081807,-0.0004500935286935,-0.0004465554334554,-0.0003831606837606
-0.0005251573382173,-0.0004035279609279,-0.000334546031746,0.0004636597069597,-9.421931623931596e-05,-0.0003677814163614,-0.0005944717948717,-0.000635646031746,-0.0005686392673992,-0.0004621775335775,-0.0004616421245421,-0.00039523003663
-0.0005372998534798,-0.0004156637362637,-0.000334546031746,0.0004757809279609,-0.0001002983394383,-0.0003738604884004,-0.0005944717948717,-0.0006508523809523,-0.0005807378266178,-0.0004742615384615,-0.0004706941391941,-0.0004012647130647
-0.0005403354822954,-0.0004217316239316,-0.0003315047619047,0.0004788112332112,-0.0001033378510378,-0.00037690002442,-0.0005944717948717,-0.0006630174603174,-0.0005898117460317,-0.0004803035409035,-0.0004706941391941,-0.0004072993894993
-0.0005372998534798,-0.0004277995115995,-0.0003467111111111,0.0004818415384615,-9.421931623931596e-05,-0.0003860186324786,-0.0005975203907203,-0.0006721412698412,-0.0005988856654456,-0.0004893665445665,-0.0004797461538461,-0.0004163514041514
-0.0005372998534798,-0.0004369013431013,-0.0003558349206349,0.0004848718437118,-9.117980463980436e-05,-0.0003951372405372,-0.0006005689865689,-0.0006782238095238,-0.0006049349450549,-0.0004954085470085,-0.0004857808302808,-0.0004254034188034
-0.0005433711111111,-0.0004490371184371,-0.0003588761904761,0.0004939627594627,-9.117980463980436e-05,-0.0004042558485958,-0.0005975203907203,-0.0006843063492063,-0.0006079595848595,-0.0005044715506715,-0.0004978501831501,-0.0004374727716727
-0.0005464067399267,-0.0004490371184371,-0.0003588761904761,0.000496993064713,-9.421931623931596e-05,-0.0004042558485958,-0.0005944717948717,-0.0006843063492063,-0.0006109842246642,-0.0005074925518925,-0.0005008675213675,-0.0004374727716727
-0.0005494423687423,-0.0004490371184371,-0.0003527936507936,0.000496993064713,-9.725882783882755e-05,-0.0004012163125763,-0.0005914231990231,-0.0006903888888888,-0.0006170335042735,-0.0005105135531135,-0.0005038848595848,-0.0004374727716727
-0.0005464067399267,-0.000452071062271,-0.0003558349206349,0.000496993064713,-9.421931623931596e-05,-0.0004042558485958,-0.0005944717948717,-0.0006934301587301,-0.0006200581440781,-0.0005105135531135,-0.0005038848595848,-0.0004344554334554
-0.0005433711111111,-0.0004611728937728,-0.0003679999999999,0.0005000233699633,-8.814029304029276e-05,-0.0004133744566544,-0.0005944717948717,-0.0006934301587301,-0.0006230827838827,-0.0005105135531135,-0.0005038848595848,-0.0004344554334554
-0.0005524779975579,-0.0004733086691086,-0.0003740825396825,0.0005121445909645,-8.814029304029276e-05,-0.000422493064713,-0.0005883746031746,-0.0006934301587301,-0.0006200581440781,-0.0005105135531135,-0.0005038848595848,-0.0004374727716727
-0.0005494423687423,-0.0004763426129426,-0.000380165079365,0.0005121445909645,-8.510078144078116e-05,-0.0004285721367521,-0.000585326007326,-0.0006873476190476,-0.0006170335042735,-0.0005074925518925,-0.0005008675213675,-0.0004344554334554
-0.0005464067399267,-0.0004793765567765,-0.0003892888888888,0.0005121445909645,-7.902175824175796e-05,-0.0004346512087912,-0.000585326007326,-0.0006873476190476,-0.0006170335042735,-0.0005105135531135,-0.0005038848595848,-0.0004344554334554
-0.0005464067399267,-0.0004884783882783,-0.0004014539682539,0.0005151748962148,-7.294273504273476e-05,-0.0004437698168498,-0.000585326007326,-0.0006843063492063,-0.0006230827838827,-0.0005165555555555,-0.0005129368742368,-0.0004435074481074
-0.0005524779975579,-0.0004945462759462,-0.0003984126984126,0.0005212355067155,-7.598224664224636e-05,-0.0004468093528693,-0.0005792288156288,-0.0006843063492063,-0.0006230827838827,-0.0005195765567765,-0.0005129368742368,-0.0004465247863247
-0.0005676561416361,-0.0004945462759462,-0.0003832063492063,0.0005303264224664,-9.117980463980436e-05,-0.0004376907448107,-0.000570083028083,-0.0006782238095238,-0.0006200581440781,-0.0005165555555555,-0.0005129368742368,-0.0004435074481074
-0.0005676561416361,-0.0004945462759462,-0.0003832063492063,0.0005303264224664,-9.117980463980436e-05,-0.0004376907448107,-0.000570083028083,-0.0006782238095238,-0.0006200581440781,-0.0005225975579975,-0.0005189715506715,-0.0004495421245421
-0.0005615848840048,-0.0004945462759462,-0.0003892888888888,0.0005272961172161,-8.510078144078116e-05,-0.0004407302808302,-0.0005670344322344,-0.0006782238095238,-0.0006230827838827,-0.0005256185592185,-0.0005219888888888,-0.0004555768009768
-0.0005615848840048,-0.0005036481074481,-0.0003953714285714,0.0005303264224664,-8.206126984126955e-05,-0.0004498488888888,-0.0005639858363858,-0.0006690999999999,-0.0006200581440781,-0.0005286395604395,-0.0005219888888888,-0.0004585941391941
-0.0005615848840048,-0.0005036481074481,-0.0003984126984126,0.0005303264224664,-8.206126984126955e-05,-0.0004498488888888,-0.0005639858363858,-0.0006660587301587,-0.0006170335042735,-0.0005256185592185,-0.0005250062271062,-0.0004585941391941
-0.0005646205128205,-0.0005036481074481,-0.0003953714285714,0.0005333567277167,-8.510078144078116e-05,-0.0004498488888888,-0.0005639858363858,-0.0006630174603174,-0.0006200581440781,-0.0005256185592185,-0.0005310409035409,-0.0004585941391941
-0.0005615848840048,-0.0005036481074481,-0.0003953714285714,0.0005303264224664,-8.206126984126955e-05,-0.0004498488888888,-0.0005609372405372,-0.0006599761904761,-0.0006200581440781,-0.0005286395604395,-0.0005310409035409,-0.0004585941391941
-0.0005555136263736,-0.0005006141636141,-0.0004014539682539,0.0005272961172161,-7.598224664224636e-05,-0.0004498488888888,-0.0005639858363858,-0.0006599761904761,-0.0006230827838827,-0.0005316605616605,-0.0005370755799755,-0.0004646288156288
-0.0005585492551892,-0.0005097159951159,-0.0004044952380952,0.0005333567277167,-7.598224664224636e-05,-0.0004559279609279,-0.0005609372405372,-0.0006538936507936,-0.0006200581440781,-0.0005346815628815,-0.0005400929181929,-0.0004646288156288
-0.0005524779975579,-0.0005127499389499,-0.0004105777777777,0.0005303264224664,-6.990322344322315e-05,-0.000462007032967,-0.0005609372405372,-0.0006508523809523,-0.0006170335042735,-0.0005316605616605,-0.0005370755799755,-0.0004646288156288
-0.0005494423687423,-0.0005127499389499,-0.0004197015873015,0.0005303264224664,-6.382420024419996e-05,-0.0004650465689865,-0.0005578886446886,-0.0006478111111111,-0.0006170335042735,-0.0005286395604395,-0.0005340582417582,-0.0004676461538461
-0.0005494423687423,-0.0005127499389499,-0.000413619047619,0.0005303264224664,-6.686371184371155e-05,-0.000462007032967,-0.00055484004884,-0.0006447698412698,-0.0006140088644688,-0.0005256185592185,-0.0005340582417582,-0.0004676461538461
-0.0005585492551892,-0.000506682051282,-0.0003953714285714,0.0005303264224664,-8.206126984126955e-05,-0.0004498488888888,-0.0005517914529914,-0.0006417285714285,-0.0006109842246642,-0.0005225975579975,-0.0005280235653235,-0.0004616114774114
-0.0005737273992673,-0.0005036481074481,-0.0003832063492063,0.000536387032967,-9.421931623931596e-05,-0.0004437698168498,-0.0005517914529914,-0.0006386873015873,-0.0006079595848595,-0.0005195765567765,-0.0005250062271062,-0.0004585941391941
-0.0005646205128205,-0.0005036481074481,-0.0003953714285714,0.0005333567277167,-8.510078144078116e-05,-0.0004498488888888,-0.00055484004884,-0.000635646031746,-0.0006079595848595,-0.0005195765567765,-0.0005280235653235,-0.0004585941391941
-0.0005555136263736,-0.000506682051282,-0.0004044952380952,0.0005303264224664,-7.598224664224636e-05,-0.0004559279609279,-0.00055484004884,-0.0006386873015873,-0.0006079595848595,-0.0005225975579975,-0.0005310409035409,-0.0004616114774114
-0.0005464067399267,-0.000506682051282,-0.000413619047619,0.0005242658119658,-6.686371184371155e-05,-0.0004589674969474,-0.00055484004884,-0.0006386873015873,-0.0006079595848595,-0.0005225975579975,-0.0005340582417582,-0.0004676461538461
-0.0005403354822954,-0.0005006141636141,-0.0004166603174603,0.0005182052014652,-6.078468864468836e-05,-0.0004589674969474,-0.0005609372405372,-0.0006386873015873,-0.0006049349450549,-0.0005225975579975,-0.0005310409035409,-0.0004676461538461
-0.0005494423687423,-0.0004915123321123,-0.0004014539682539,0.0005182052014652,-7.294273504273476e-05,-0.0004468093528693,-0.0005609372405372,-0.0006386873015873,-0.0006049349450549,-0.0005195765567765,-0.0005250062271062,-0.0004646288156288
-0.0005615848840048,-0.0004824105006105,-0.000380165079365,0.0005212355067155,-9.117980463980436e-05,-0.0004316116727716,-0.0005609372405372,-0.0006386873015873,-0.0006019103052503,-0.0005135345543345,-0.0005219888888888,-0.0004585941391941
-0.0005585492551892,-0.0004793765567765,-0.0003740825396825,0.0005182052014652,-9.117980463980436e-05,-0.0004255326007326,-0.0005639858363858,-0.0006386873015873,-0.0005988856654456,-0.0005105135531135,-0.0005159542124542,-0.0004525594627594
-0.0005555136263736,-0.0004793765567765,-0.000380165079365,0.0005151748962148,-8.814029304029276e-05,-0.0004285721367521,-0.000570083028083,-0.000635646031746,-0.0005988856654456,-0.0005074925518925,-0.0005129368742368,-0.0004465247863247
-0.0005464067399267,-0.0004763426129426,-0.0003862476190476,0.0005091142857142,-7.902175824175796e-05,-0.0004316116727716,-0.0005731316239316,-0.0006386873015873,-0.0006019103052503,-0.0005044715506715,-0.0005129368742368,-0.0004465247863247
-0.0005403354822954,-0.0004793765567765,-0.0003923301587301,0.0005091142857142,-7.294273504273476e-05,-0.0004346512087912,-0.0005792288156288,-0.0006447698412698,-0.0006019103052503,-0.0005014505494505,-0.0005069021978021,-0.0004465247863247
-0.0005494423687423,-0.0004824105006105,-0.0003862476190476,0.0005151748962148,-8.206126984126955e-05,-0.0004346512087912,-0.0005731316239316,-0.0006447698412698,-0.0005988856654456,-0.0004954085470085,-0.0005008675213675,-0.0004435074481074
-0.0005494423687423,-0.0004824105006105,-0.0003892888888888,0.0005151748962148,-7.902175824175796e-05,-0.0004346512087912,-0.000570083028083,-0.0006478111111111,-0.0005988856654456,-0.0004954085470085,-0.0005038848595848,-0.0004435074481074
-0.0005464067399267,-0.0004824105006105,-0.0003892888888888,0.0005121445909645,-7.902175824175796e-05,-0.0004346512087912,-0.0005731316239316,-0.0006478111111111,-0.0006019103052503,-0.0004984295482295,-0.0005038848595848,-0.0004404901098901
-0.0005464067399267,-0.0004733086691086,-0.000380165079365,0.0005091142857142,-8.206126984126955e-05,-0.0004255326007326,-0.0005822774114774,-0.0006538936507936,-0.0006049349450549,-0.0004984295482295,-0.0005038848595848,-0.0004374727716727
-0.0005433711111111,-0.0004611728937728,-0.0003710412698412,0.0005000233699633,-8.510078144078116e-05,-0.0004164139926739,-0.000585326007326,-0.0006599761904761,-0.0006079595848595,-0.0004984295482295,-0.0004978501831501,-0.0004374727716727
-0.0005403354822954,-0.0004611728937728,-0.0003710412698412,0.0005000233699633,-8.510078144078116e-05,-0.0004164139926739,-0.000585326007326,-0.0006630174603174,-0.0006079595848595,-0.0005014505494505,-0.0005008675213675,-0.0004435074481074
-0.0005372998534798,-0.0004672407814407,-0.0003832063492063,0.0005000233699633,-7.598224664224636e-05,-0.0004255326007326,-0.000585326007326,-0.0006630174603174,-0.0006109842246642,-0.0005044715506715,-0.0005038848595848,-0.0004465247863247
-0.0005312285958485,-0.0004672407814407,-0.0003923301587301,0.000496993064713,-6.990322344322315e-05,-0.0004285721367521,-0.000585326007326,-0.0006630174603174,-0.0006109842246642,-0.0005044715506715,-0.0005038848595848,-0.0004465247863247
-0.0005433711111111,-0.0004642068376068,-0.0003771238095238,0.0005030536752136,-8.206126984126955e-05,-0.0004194535286935,-0.0005822774114774,-0.0006630174603174,-0.0006079595848595,-0.0004954085470085,-0.0004978501831501,-0.0004374727716727
-0.0005433711111111,-0.0004672407814407,-0.0003740825396825,0.0005030536752136,-8.510078144078116e-05,-0.0004194535286935,-0.000585326007326,-0.0006660587301587,-0.0006079595848595,-0.0004954085470085,-0.0004948328449328,-0.0004374727716727
-0.0005372998534798,-0.0004702747252747,-0.0003832063492063,0.0005030536752136,-7.598224664224636e-05,-0.0004255326007326,-0.0005914231990231,-0.0006721412698412,-0.0006170335042735,-0.0005014505494505,-0.0005038848595848,-0.0004465247863247
-0.0005372998534798,-0.0004642068376068,-0.0003832063492063,0.0005000233699633,-7.598224664224636e-05,-0.000422493064713,-0.0005914231990231,-0.0006751825396825,-0.0006200581440781,-0.0005044715506715,-0.0005099195360195,-0.0004525594627594
-0.0005464067399267,-0.0004581389499389,-0.0003679999999999,0.0005000233699633,-8.814029304029276e-05,-0.0004133744566544,-0.0005883746031746,-0.0006721412698412,-0.0006140088644688,-0.0004984295482295,-0.0005038848595848,-0.0004435074481074
-0.0005555136263736,-0.0004611728937728,-0.0003649587301587,0.0005060839804639,-9.421931623931596e-05,-0.0004133744566544,-0.0005883746031746,-0.0006690999999999,-0.0006109842246642,-0.0004923875457875,-0.0004978501831501,-0.0004374727716727
-0.0005494423687423,-0.0004672407814407,-0.0003710412698412,0.0005060839804639,-8.814029304029276e-05,-0.0004194535286935,-0.0005883746031746,-0.0006690999999999,-0.0006079595848595,-0.0004893665445665,-0.0004918155067155,-0.0004344554334554
-0.0005372998534798,-0.0004672407814407,-0.000380165079365,0.0005000233699633,-7.902175824175796e-05,-0.000422493064713,-0.0005914231990231,-0.0006751825396825,-0.0006140088644688,-0.0004954085470085,-0.0004948328449328,-0.0004344554334554
-0.0005403354822954,-0.0004672407814407,-0.0003832063492063,0.0005030536752136,-7.902175824175796e-05,-0.0004255326007326,-0.0005914231990231,-0.0006782238095238,-0.0006170335042735,-0.0004984295482295,-0.0004978501831501,-0.0004404901098901
-0.0005494423687423,-0.0004672407814407,-0.0003710412698412,0.0005060839804639,-8.814029304029276e-05,-0.0004194535286935,-0.000585326007326,-0.0006782238095238,-0.0006170335042735,-0.0004954085470085,-0.0004948328449328,-0.0004404901098901
-0.0005494423687423,-0.0004611728937728,-0.0003710412698412,0.0005030536752136,-8.814029304029276e-05,-0.0004164139926739,-0.0005914231990231,-0.0006843063492063,-0.0006200581440781,-0.0004984295482295,-0.0004978501831501,-0.0004404901098901
-0.0005464067399267,-0.0004581389499389,-0.0003710412698412,0.0005000233699633,-8.814029304029276e-05,-0.0004133744566544,-0.0005975203907203,-0.0006873476190476,-0.0006261074236874,-0.0005014505494505,-0.0005008675213675,-0.0004465247863247
-0.0005464067399267,-0.000455105006105,-0.0003679999999999,0.0005000233699633,-8.814029304029276e-05,-0.0004103349206349,-0.0006036175824175,-0.0006934301587301,-0.0006321567032967,-0.0005105135531135,-0.0005099195360195,-0.0004585941391941
-0.0005433711111111,-0.0004581389499389,-0.0003710412698412,0.0005000233699633,-8.510078144078116e-05,-0.0004133744566544,-0.0006066661782661,-0.0007025539682539,-0.0006351813431013,-0.0005165555555555,-0.0005159542124542,-0.0004646288156288
-0.0005464067399267,-0.0004611728937728,-0.0003740825396825,0.0005030536752136,-8.510078144078116e-05,-0.0004164139926739,-0.0006005689865689,-0.0006964714285714,-0.000629132063492,-0.0005105135531135,-0.0005129368742368,-0.0004585941391941
-0.0005524779975579,-0.0004702747252747,-0.0003710412698412,0.0005091142857142,-9.117980463980436e-05,-0.0004194535286935,-0.0005883746031746,-0.0006873476190476,-0.0006170335042735,-0.0004954085470085,-0.0005008675213675,-0.0004435074481074
-0.0005433711111111,-0.0004733086691086,-0.0003862476190476,0.0005060839804639,-7.902175824175796e-05,-0.0004285721367521,-0.0005883746031746,-0.0006843063492063,-0.0006170335042735,-0.0004923875457875,-0.0004978501831501,-0.0004404901098901
-0.0005433711111111,-0.0004793765567765,-0.0003892888888888,0.0005091142857142,-7.598224664224636e-05,-0.0004346512087912,-0.0005914231990231,-0.0006873476190476,-0.0006200581440781,-0.0004954085470085,-0.0004978501831501,-0.0004435074481074
-0.0005555136263736,-0.0004793765567765,-0.000380165079365,0.0005151748962148,-8.814029304029276e-05,-0.0004285721367521,-0.0005883746031746,-0.0006873476190476,-0.0006200581440781,-0.0004984295482295,-0.0004978501831501,-0.0004404901098901
-0.0005403354822954,-0.0004763426129426,-0.0003892888888888,0.0005060839804639,-7.598224664224636e-05,-0.0004316116727716,-0.0005975203907203,-0.0006934301587301,-0.0006230827838827,-0.0004984295482295,-0.0005008675213675,-0.0004435074481074
-0.0005372998534798,-0.0004733086691086,-0.0003923301587301,0.0005030536752136,-7.294273504273476e-05,-0.0004316116727716,-0.0006036175824175,-0.0006995126984126,-0.0006261074236874,-0.0005014505494505,-0.0005069021978021,-0.0004465247863247
-0.0005464067399267,-0.0004672407814407,-0.0003771238095238,0.0005060839804639,-8.510078144078116e-05,-0.000422493064713,-0.0006066661782661,-0.0006995126984126,-0.000629132063492,-0.0005044715506715,-0.0005069021978021,-0.0004465247863247
-0.0005494423687423,-0.0004702747252747,-0.0003740825396825,0.0005091142857142,-8.814029304029276e-05,-0.000422493064713,-0.0006066661782661,-0.0006995126984126,-0.000629132063492,-0.0005074925518925,-0.0005069021978021,-0.0004495421245421
-0.0005524779975579,-0.0004733086691086,-0.0003740825396825,0.0005121445909645,-8.814029304029276e-05,-0.000422493064713,-0.0006066661782661,-0.0006995126984126,-0.000629132063492,-0.0005044715506715,-0.0005069021978021,-0.0004495421245421
-0.0005524779975579,-0.0004793765567765,-0.0003771238095238,0.0005151748962148,-8.814029304029276e-05,-0.0004285721367521,-0.0006005689865689,-0.0006964714285714,-0.0006261074236874,-0.0005014505494505,-0.0005038848595848,-0.0004465247863247
-0.0005464067399267,-0.0004733086691086,-0.0003771238095238,0.0005091142857142,-8.510078144078116e-05,-0.0004255326007326,-0.0005975203907203,-0.0006903888888888,-0.0006230827838827,-0.0004984295482295,-0.0004978501831501,-0.0004374727716727
-0.0005403354822954,-0.0004642068376068,-0.000380165079365,0.0005000233699633,-7.902175824175796e-05,-0.000422493064713,-0.0005975203907203,-0.0006934301587301,-0.0006230827838827,-0.0004954085470085,-0.0004948328449328,-0.0004374727716727
-0.0005372998534798,-0.000455105006105,-0.0003771238095238,0.0004939627594627,-7.902175824175796e-05,-0.0004164139926739,-0.0005944717948717,-0.0006903888888888,-0.0006200581440781,-0.0004954085470085,-0.0004948328449328,-0.0004404901098901
-0.0005403354822954,-0.000452071062271,-0.0003679999999999,0.0004939627594627,-8.510078144078116e-05,-0.0004103349206349,-0.0005883746031746,-0.0006873476190476,-0.0006200581440781,-0.0004954085470085,-0.0004948328449328,-0.0004374727716727
-0.0005372998534798,-0.000452071062271,-0.0003679999999999,0.0004939627594627,-8.510078144078116e-05,-0.0004103349206349,-0.000585326007326,-0.000681265079365,-0.0006140088644688,-0.0004923875457875,-0.0004948328449328,-0.0004374727716727
-0.0005342642246642,-0.0004429692307692,-0.0003619174603174,0.0004879021489621,-8.510078144078116e-05,-0.0004012163125763,-0.0005822774114774,-0.0006721412698412,-0.0006049349450549,-0.0004833245421245,-0.0004857808302808,-0.000431438095238
-0.0005221217094017,-0.0004156637362637,-0.0003467111111111,0.00046669001221,-8.814029304029276e-05,-0.0003799395604395,-0.0005761802197802,-0.0006599761904761,-0.0005928363858363,-0.0004712405372405,-0.0004767288156288,-0.0004193687423687
-0.0005160504517704,-0.0003944261294261,-0.0003315047619047,0.0004545687912087,-9.117980463980436e-05,-0.0003617023443223,-0.0005609372405372,-0.0006478111111111,-0.0005777131868131,-0.0004621775335775,-0.0004676768009768,-0.000413334065934
-0.0005130148229548,-0.0003853242979242,-0.0003284634920634,0.0004485081807081,-9.117980463980436e-05,-0.0003556232722832,-0.0005578886446886,-0.0006417285714285,-0.0005716639072039,-0.0004561355311355,-0.0004646594627594,-0.000413334065934
-0.0005039079365079,-0.0003731885225885,-0.0003254222222222,0.0004363869597069,-8.814029304029276e-05,-0.0003495442002442,-0.0005670344322344,-0.000635646031746,-0.0005686392673992,-0.0004531145299145,-0.0004616421245421,-0.0004072993894993
-0.0004917654212454,-0.0003671206349206,-0.0003284634920634,0.000427296043956,-8.206126984126955e-05,-0.0003465046642246,-0.0005761802197802,-0.0006234809523809,-0.0005656146275946,-0.0004440515262515,-0.0004525901098901,-0.0004012647130647
-0.0004856941636141,-0.0003701545787545,-0.0003375873015873,0.000427296043956,-7.294273504273476e-05,-0.0003525837362637,-0.0005975203907203,-0.0006265222222222,-0.0005625899877899,-0.0004440515262515,-0.0004525901098901,-0.0004012647130647
-0.0004887297924297,-0.0003853242979242,-0.0003527936507936,0.0004363869597069,-6.686371184371155e-05,-0.0003677814163614,-0.0006280063492063,-0.0006538936507936,-0.0005807378266178,-0.0004561355311355,-0.0004616421245421,-0.0004072993894993
-0.0005039079365079,-0.0004065619047619,-0.0003588761904761,0.0004545687912087,-7.294273504273476e-05,-0.000382979096459,-0.0006371521367521,-0.0006751825396825,-0.000595861025641,-0.0004651985347985,-0.0004676768009768,-0.0004103167277167
-0.0005160504517704,-0.0004217316239316,-0.0003558349206349,0.00046669001221,-7.902175824175796e-05,-0.0003890581684981,-0.0006249577533577,-0.0006751825396825,-0.000595861025641,-0.0004621775335775,-0.0004676768009768,-0.0004072993894993
-0.000519086080586,-0.0004399352869352,-0.0003740825396825,0.0004788112332112,-7.294273504273476e-05,-0.0004072953846153,-0.0006219091575091,-0.0006843063492063,-0.0006109842246642,-0.0004742615384615,-0.0004767288156288,-0.000413334065934
-0.000519086080586,-0.000455105006105,-0.0003892888888888,0.0004848718437118,-6.382420024419996e-05,-0.000422493064713,-0.0006249577533577,-0.0006934301587301,-0.0006261074236874,-0.0004863455433455,-0.0004857808302808,-0.0004254034188034
-0.0005099791941391,-0.000455105006105,-0.0004044952380952,0.0004818415384615,-5.166615384615356e-05,-0.0004285721367521,-0.0006249577533577,-0.0006934301587301,-0.000629132063492,-0.0004923875457875,-0.0004918155067155,-0.000431438095238
-0.0005039079365079,-0.000452071062271,-0.0004044952380952,0.0004757809279609,-4.862664224664196e-05,-0.0004285721367521,-0.0006280063492063,-0.0006934301587301,-0.000629132063492,-0.0004954085470085,-0.0004918155067155,-0.0004284207570207
-0.0005160504517704,-0.0004581389499389,-0.0004014539682539,0.0004848718437118,-5.774517704517676e-05,-0.0004285721367521,-0.0006280063492063,-0.0006995126984126,-0.0006351813431013,-0.0004984295482295,-0.0004948328449328,-0.0004284207570207
-0.0005251573382173,-0.0004824105006105,-0.0004075365079365,0.0005030536752136,-5.774517704517676e-05,-0.0004437698168498,-0.0006249577533577,-0.0007025539682539,-0.0006472799023199,-0.0005105135531135,-0.0005069021978021,-0.0004374727716727
-0.000519086080586,-0.0004945462759462,-0.0004227428571428,0.0005060839804639,-4.862664224664196e-05,-0.0004589674969474,-0.0006249577533577,-0.0007086365079365,-0.0006563538217338,-0.0005225975579975,-0.0005129368742368,-0.0004465247863247
-0.0005221217094017,-0.0005006141636141,-0.0004349079365079,0.0005091142857142,-4.254761904761877e-05,-0.0004680861050061,-0.0006219091575091,-0.0007086365079365,-0.0006563538217338,-0.0005225975579975,-0.0005159542124542,-0.0004495421245421
-0.0005403354822954,-0.0005157838827838,-0.0004257841269841,0.0005272961172161,-5.774517704517676e-05,-0.0004711256410256,-0.0006127633699633,-0.0007086365079365,-0.0006533291819291,-0.0005225975579975,-0.0005189715506715,-0.0004525594627594
-0.0005585492551892,-0.0005157838827838,-0.0004105777777777,0.000536387032967,-7.294273504273476e-05,-0.000462007032967,-0.0006066661782661,-0.0007116777777777,-0.0006533291819291,-0.0005225975579975,-0.0005189715506715,-0.0004616114774114
-0.0005646205128205,-0.0005157838827838,-0.0004044952380952,0.0005394173382173,-7.902175824175796e-05,-0.0004589674969474,-0.0006066661782661,-0.0007208015873015,-0.0006593784615384,-0.0005286395604395,-0.0005310409035409,-0.0004736808302808
-0.0005646205128205,-0.0005218517704517,-0.0004075365079365,0.0005424476434676,-7.902175824175796e-05,-0.0004650465689865,-0.0006127633699633,-0.0007299253968253,-0.0006684523809523,-0.0005377025641025,-0.0005431102564102,-0.0004857501831501
-0.0005676561416361,-0.0005279196581196,-0.0004105777777777,0.0005454779487179,-7.902175824175796e-05,-0.0004680861050061,-0.0006127633699633,-0.0007299253968253,-0.000671477020757,-0.0005377025641025,-0.0005431102564102,-0.0004857501831501
-0.0005706917704517,-0.0005370214896214,-0.0004227428571428,0.0005515385592185,-7.294273504273476e-05,-0.0004802442490842,-0.0006036175824175,-0.0007238428571428,-0.0006654277411477,-0.0005346815628815,-0.0005431102564102,-0.0004827328449328
-0.0005676561416361,-0.0005430893772893,-0.0004288253968253,0.0005545688644688,-6.990322344322315e-05,-0.0004863233211233,-0.0005944717948717,-0.0007208015873015,-0.0006624031013431,-0.0005316605616605,-0.0005400929181929,-0.0004766981684981
-0.0005676561416361,-0.0005552251526251,-0.0004440317460317,0.0005606294749694,-6.078468864468836e-05,-0.0004984814652014,-0.0005883746031746,-0.000714719047619,-0.0006563538217338,-0.0005316605616605,-0.0005370755799755,-0.0004736808302808
-0.0005615848840048,-0.000558259096459,-0.000447073015873,0.0005575991697191,-5.774517704517676e-05,-0.000501521001221,-0.0005944717948717,-0.0007116777777777,-0.0006593784615384,-0.0005286395604395,-0.0005310409035409,-0.0004706634920634
-0.0005646205128205,-0.0005521912087912,-0.0004379492063492,0.0005575991697191,-6.382420024419996e-05,-0.0004954419291819,-0.0005944717948717,-0.000714719047619,-0.0006563538217338,-0.0005256185592185,-0.0005280235653235,-0.0004646288156288
-0.000576763028083,-0.0005430893772893,-0.0004166603174603,0.0005575991697191,-7.902175824175796e-05,-0.0004802442490842,-0.0005944717948717,-0.000714719047619,-0.0006503045421245,-0.0005225975579975,-0.0005280235653235,-0.0004676461538461
-0.0005646205128205,-0.0005279196581196,-0.000413619047619,0.0005454779487179,-7.598224664224636e-05,-0.0004711256410256,-0.0005975203907203,-0.000714719047619,-0.0006503045421245,-0.0005225975579975,-0.0005280235653235,-0.0004676461538461
-0.0005555136263736,-0.0005127499389499,-0.0004075365079365,0.0005333567277167,-7.294273504273476e-05,-0.0004589674969474,-0.0006036175824175,-0.0007177603174603,-0.0006503045421245,-0.0005195765567765,-0.0005250062271062,-0.0004616114774114
-0.0005615848840048,-0.0005097159951159,-0.0004044952380952,0.0005333567277167,-7.902175824175796e-05,-0.0004559279609279,-0.0006066661782661,-0.0007208015873015,-0.0006503045421245,-0.0005195765567765,-0.0005219888888888,-0.0004616114774114
-0.0005646205128205,-0.0005097159951159,-0.0004044952380952,0.000536387032967,-7.902175824175796e-05,-0.0004559279609279,-0.0006097147741147,-0.0007238428571428,-0.0006503045421245,-0.0005195765567765,-0.0005250062271062,-0.0004676461538461
-0.0005646205128205,-0.0005097159951159,-0.0004014539682539,0.000536387032967,-8.206126984126955e-05,-0.0004559279609279,-0.0006066661782661,-0.0007086365079365,-0.0006351813431013,-0.0005105135531135,-0.0005250062271062,-0.0004736808302808
-0.0005737273992673,-0.0004884783882783,-0.0003710412698412,0.0005303264224664,-0.0001002983394383,-0.0004285721367521,-0.0005944717948717,-0.0006751825396825,-0.0005837624664224,-0.0004923875457875,-0.0005250062271062,-0.0004797155067155
-0.0005737273992673,-0.0004065619047619,-0.0002889269841269,0.0004879021489621,-0.0001428515018315,-0.0003465046642246,-0.0005944717948717,-0.0006265222222222,-0.0005020971916971,-0.0004410305250305,-0.0004918155067155,-0.0004616114774114
-0.0005281929670329,-0.0002487968253968,-0.0001763999999999,0.000387902075702,-0.0001762861294261,-0.000212765079365,-0.0006249577533577,-0.0005292015873015,-0.0003659884004884,-0.0003171694749694,-0.000398278021978,-0.0003982473748473
-0.0004219459584859,-3.338681318681299e-05,-7.29968253968253e-05,0.0002272958974358,-0.0001732466178266,-5.166967032967036e-05,-0.0006889782661782,-0.0004227571428571,-0.0001693868131868,-0.0001026783882783,-0.0002353417582417,-0.0002896231990231
-0.0002883782905982,0.0002730415140415,0.0001003555555555,6.083614163614193e-06,-0.0001945231990231,0.0001854141391941,-0.0008322622710622,-0.0005139952380952,2.1165494505494422e-05,0.0001843167277167,2.716666666666651e-05,-7.539218559218619e-05
-0.0001365968498168,0.0006613863247863,0.000331492063492,-0.0002605832478632,-0.0002340368498168,0.0004954468131868,-0.0011066358974358,-0.0008485349206349,0.0001391264468864,0.0005166268620268,0.0003771778998778,0.0002384109890109
3.339836385836358e-05,0.0009860183150183,0.000489638095238,-0.0005090682783882,-0.0002279578266178,0.0007386096947496,-0.0014755159951159,-0.0012469412698412,0.0001119046886446,0.0007975799755799,0.0007090851037851,0.0005552315018315
0.0001517878876678,0.0011832246642246,0.0005656698412698,-0.0006666441514041,-0.0002066812454212,0.0008753888156288,-0.0018078129426129,-0.0015571507936507,-6.0562637362638166e-06,0.000933525030525,0.0009172814407814,0.0007996358974358
0.0001608947741147,0.0009678146520146,0.0003466984126984,-0.0005636137728937,-9.117980463980436e-05,0.0006565422222222,-0.0019114652014652,-0.0017031317460317,-0.0003145695238095,0.0006646559218559,0.0007724492063492,0.0007785145299145
-3.945672771672799e-05,0.000297313064713,-0.0001186158730158,-0.0001272498168498,3.9519194139194425e-05,8.814898656898652e-05,-0.0017285494505494,-0.0018126174603174,-0.0008348075702075,1.21196581196576e-05,0.0002685537240537,0.0004586766788766
-0.0003187345787545,-0.0001426087912087,-0.0002767619047619,0.0002303262026862,-2.1271037851037568e-05,-0.0002097255433455,-0.0015060019536019,-0.0020042174603174,-0.001267331062271,-0.0005014505494505,-0.0001146482295482,0.0002112549450549
-0.0005008723076923,-0.0003398151404151,-0.0002889269841269,0.0004182051282051,-0.0001063773626373,-0.0003130697680097,-0.0013230862026862,-0.0019616396825396,-0.0014034398534798,-0.0007280256410256,-0.0003228445665445,4.5301343101342495e-05
-0.0005737273992673,-0.0004702747252747,-0.0003527936507936,0.0005212355067155,-0.0001094168742368,-0.0004103349206349,-0.0011858993894993,-0.0017122555555555,-0.0013036267399267,-0.0007612566544566,-0.0004405207570207,-0.0001146175824175
-0.0005919411721611,-0.0004945462759462,-0.0003527936507936,0.0005424476434676,-0.0001185354090354,-0.000422493064713,-0.0010670041514041,-0.001447665079365,-0.0011281976312576,-0.0006917736263736,-0.0004706941391941,-0.000217207081807
-0.0005889055433455,-0.0004824105006105,-0.0003467111111111,0.0005333567277167,-0.0001215749206349,-0.0004133744566544,-0.0009267687423687,-0.0012043634920634,-0.0009709163614163,-0.0006222905982905,-0.0004827634920634,-0.0002896231990231
-0.0005615848840048,-0.0004733086691086,-0.0003679999999999,0.0005151748962148,-9.725882783882755e-05,-0.0004194535286935,-0.0007865333333333,-0.0009762682539682,-0.0008438814896214,-0.0005709335775335,-0.0004918155067155,-0.0003469526251526
-0.0005403354822954,-0.000452071062271,-0.0003649587301587,0.0004939627594627,-8.814029304029276e-05,-0.0004072953846153,-0.0006767838827838,-0.0007998746031746,-0.000738019096459,-0.0005195765567765,-0.0004887981684981,-0.0003801433455433
-0.0005312285958485,-0.0004277995115995,-0.0003527936507936,0.0004788112332112,-8.814029304029276e-05,-0.0003890581684981,-0.0006249577533577,-0.0006995126984126,-0.0006654277411477,-0.0004833245421245,-0.0004767288156288,-0.0003922126984126
-0.0005342642246642,-0.0004277995115995,-0.0003527936507936,0.0004788112332112,-9.117980463980436e-05,-0.0003890581684981,-0.0006005689865689,-0.0006569349206349,-0.0006351813431013,-0.0004772825396825,-0.0004827634920634,-0.0004072993894993
-0.0005433711111111,-0.0004429692307692,-0.0003558349206349,0.0004909324542124,-9.421931623931596e-05,-0.0003981767765567,-0.0005822774114774,-0.0006417285714285,-0.000629132063492,-0.0004833245421245,-0.0004918155067155,-0.000422386080586
-0.0005524779975579,-0.000452071062271,-0.0003527936507936,0.0005000233699633,-0.0001002983394383,-0.0004012163125763,-0.0005670344322344,-0.0006234809523809,-0.0006170335042735,-0.0004833245421245,-0.0005008675213675,-0.0004254034188034
-0.0005464067399267,-0.000452071062271,-0.0003588761904761,0.000496993064713,-9.421931623931596e-05,-0.0004042558485958,-0.0005609372405372,-0.0006113158730158,-0.0006140088644688,-0.0004833245421245,-0.0005038848595848,-0.0004344554334554
-0.0005342642246642,-0.0004490371184371,-0.0003710412698412,0.0004909324542124,-8.206126984126955e-05,-0.0004103349206349,-0.0005609372405372,-0.0006052333333333,-0.0006109842246642,-0.0004893665445665,-0.0005099195360195,-0.0004435074481074
-0.0005433711111111,-0.0004490371184371,-0.0003619174603174,0.0004939627594627,-9.117980463980436e-05,-0.0004042558485958,-0.0005517914529914,-0.0005961095238095,-0.0006019103052503,-0.0004863455433455,-0.0005069021978021,-0.0004465247863247
-0.0005464067399267,-0.0004490371184371,-0.0003588761904761,0.000496993064713,-9.421931623931596e-05,-0.0004042558485958,-0.0005456942612942,-0.0005809031746031,-0.0005928363858363,-0.0004803035409035,-0.0005099195360195,-0.0004495421245421
-0.0005403354822954,-0.000452071062271,-0.0003710412698412,0.0004939627594627,-8.510078144078116e-05,-0.0004103349206349,-0.000539597069597,-0.0005748206349206,-0.0005867871062271,-0.0004742615384615,-0.0005099195360195,-0.0004525594627594
-0.0005403354822954,-0.000455105006105,-0.0003710412698412,0.000496993064713,-8.510078144078116e-05,-0.0004133744566544,-0.000539597069597,-0.000568738095238,-0.0005837624664224,-0.0004712405372405,-0.0005069021978021,-0.0004495421245421
-0.0005403354822954,-0.0004581389499389,-0.0003710412698412,0.000496993064713,-8.510078144078116e-05,-0.0004133744566544,-0.0005426456654456,-0.0005656968253968,-0.0005777131868131,-0.0004712405372405,-0.0005038848595848,-0.0004495421245421
-0.0005464067399267,-0.000455105006105,-0.0003649587301587,0.0005000233699633,-9.117980463980436e-05,-0.0004103349206349,-0.000539597069597,-0.0005596142857142,-0.0005746885470085,-0.0004682195360195,-0.0005038848595848,-0.0004465247863247
-0.0005524779975579,-0.0004490371184371,-0.0003497523809523,0.0005000233699633,-0.0001002983394383,-0.0003981767765567,-0.0005365484737484,-0.000556573015873,-0.0005656146275946,-0.0004621775335775,-0.0004978501831501,-0.0004435074481074
-0.0005464067399267,-0.0004460031746031,-0.0003527936507936,0.0004939627594627,-9.725882783882755e-05,-0.0003981767765567,-0.0005334998778998,-0.0005535317460317,-0.0005625899877899,-0.0004621775335775,-0.0005008675213675,-0.0004465247863247
-0.0005403354822954,-0.0004429692307692,-0.0003588761904761,0.0004909324542124,-9.117980463980436e-05,-0.0004012163125763,-0.0005334998778998,-0.0005444079365079,-0.0005625899877899,-0.0004651985347985,-0.0005008675213675,-0.0004495421245421
-0.0005372998534798,-0.0004460031746031,-0.0003649587301587,0.0004909324542124,-8.510078144078116e-05,-0.0004042558485958,-0.0005365484737484,-0.0005383253968253,-0.0005625899877899,-0.0004651985347985,-0.0005008675213675,-0.0004555768009768
-0.0005342642246642,-0.0004460031746031,-0.0003679999999999,0.0004879021489621,-8.206126984126955e-05,-0.0004072953846153,-0.000539597069597,-0.0005383253968253,-0.0005625899877899,-0.0004712405372405,-0.0005099195360195,-0.0004616114774114
-0.0005342642246642,-0.0004429692307692,-0.0003679999999999,0.0004879021489621,-8.206126984126955e-05,-0.0004042558485958,-0.0005365484737484,-0.0005352841269841,-0.0005625899877899,-0.0004712405372405,-0.0005129368742368,-0.0004616114774114
-0.0005312285958485,-0.0004429692307692,-0.0003649587301587,0.0004848718437118,-8.206126984126955e-05,-0.0004042558485958,-0.0005365484737484,-0.0005292015873015,-0.0005595653479853,-0.0004712405372405,-0.0005129368742368,-0.0004616114774114
-0.0005372998534798,-0.0004460031746031,-0.0003588761904761,0.0004909324542124,-8.814029304029276e-05,-0.0004012163125763,-0.0005365484737484,-0.000523119047619,-0.000553516068376,-0.0004651985347985,-0.0005099195360195,-0.0004555768009768
-0.0005372998534798,-0.0004490371184371,-0.0003649587301587,0.0004909324542124,-8.510078144078116e-05,-0.0004072953846153,-0.0005334998778998,-0.0005109539682539,-0.0005444421489621,-0.0004591565323565,-0.0005038848595848,-0.0004495421245421
-0.0005312285958485,-0.0004490371184371,-0.0003710412698412,0.0004879021489621,-7.902175824175796e-05,-0.0004103349206349,-0.0005304512820512,-0.0005048714285714,-0.0005444421489621,-0.0004561355311355,-0.0005008675213675,-0.0004495421245421
-0.0005342642246642,-0.0004460031746031,-0.0003649587301587,0.0004879021489621,-8.510078144078116e-05,-0.0004042558485958,-0.0005274026862026,-0.0005048714285714,-0.0005474667887667,-0.0004591565323565,-0.0005038848595848,-0.0004525594627594
-0.0005342642246642,-0.0004369013431013,-0.0003619174603174,0.0004848718437118,-8.510078144078116e-05,-0.0003981767765567,-0.0005274026862026,-0.0005048714285714,-0.0005474667887667,-0.0004651985347985,-0.0005069021978021,-0.0004585941391941
-0.0005281929670329,-0.0004338673992673,-0.0003649587301587,0.0004788112332112,-8.206126984126955e-05,-0.0003981767765567,-0.0005304512820512,-0.0004957476190476,-0.0005444421489621,-0.0004682195360195,-0.0005129368742368,-0.0004616114774114
-0.0005221217094017,-0.0004429692307692,-0.0003740825396825,0.0004818415384615,-7.294273504273476e-05,-0.0004072953846153,-0.0005274026862026,-0.0004805412698412,-0.0005383928693528,-0.0004651985347985,-0.0005129368742368,-0.0004616114774114
-0.0005160504517704,-0.000455105006105,-0.0003953714285714,0.0004848718437118,-6.078468864468836e-05,-0.0004255326007326,-0.0005152083028083,-0.0004683761904761,-0.0005323435897435,-0.0004591565323565,-0.0005129368742368,-0.0004646288156288
-0.0005251573382173,-0.0004611728937728,-0.0003984126984126,0.0004909324542124,-6.382420024419996e-05,-0.0004285721367521,-0.0005060625152625,-0.0004562111111111,-0.0005232696703296,-0.0004531145299145,-0.0005099195360195,-0.0004616114774114
-0.0005342642246642,-0.0004611728937728,-0.0003892888888888,0.000496993064713,-7.294273504273476e-05,-0.0004255326007326,-0.0004999653235653,-0.000444046031746,-0.0005172203907203,-0.0004470725274725,-0.0005069021978021,-0.0004555768009768
-0.0005372998534798,-0.000455105006105,-0.0003740825396825,0.0004939627594627,-8.206126984126955e-05,-0.0004133744566544,-0.0004999653235653,-0.0004318809523809,-0.0005111711111111,-0.0004440515262515,-0.0005008675213675,-0.0004525594627594
-0.0005281929670329,-0.000455105006105,-0.000380165079365,0.0004909324542124,-7.294273504273476e-05,-0.0004164139926739,-0.0005030139194139,-0.0004227571428571,-0.0005081464713064,-0.0004500935286935,-0.0005038848595848,-0.0004585941391941
-0.0005221217094017,-0.0004581389499389,-0.0003892888888888,0.0004879021489621,-6.686371184371155e-05,-0.000422493064713,-0.0004999653235653,-0.0004136333333333,-0.0005081464713064,-0.0004531145299145,-0.0005099195360195,-0.0004616114774114
-0.0005251573382173,-0.0004611728937728,-0.0003923301587301,0.0004909324542124,-6.686371184371155e-05,-0.0004255326007326,-0.0004938681318681,-0.0004014682539682,-0.0005020971916971,-0.0004500935286935,-0.0005099195360195,-0.0004616114774114
-0.0005221217094017,-0.0004642068376068,-0.0003953714285714,0.0004909324542124,-6.382420024419996e-05,-0.0004285721367521,-0.0004877709401709,-0.0003832206349206,-0.0004990725518925,-0.0004470725274725,-0.0005099195360195,-0.0004646288156288
-0.0005130148229548,-0.0004611728937728,-0.0003984126984126,0.0004848718437118,-5.774517704517676e-05,-0.0004285721367521,-0.0004847223443223,-0.0003740968253968,-0.0004930232722832,-0.0004440515262515,-0.0005099195360195,-0.0004676461538461
-0.0005039079365079,-0.000455105006105,-0.0004014539682539,0.0004788112332112,-5.166615384615356e-05,-0.0004285721367521,-0.0004816737484737,-0.0003619317460317,-0.0004899986324786,-0.0004470725274725,-0.0005159542124542,-0.0004736808302808
-0.0005069435653235,-0.000452071062271,-0.0003984126984126,0.0004788112332112,-5.470566544566516e-05,-0.0004255326007326,-0.0004786251526251,-0.0003497666666666,-0.0004839493528693,-0.0004470725274725,-0.0005159542124542,-0.0004736808302808
-0.000519086080586,-0.000452071062271,-0.0003862476190476,0.0004848718437118,-6.686371184371155e-05,-0.0004194535286935,-0.0004694793650793,-0.0003254365079365,-0.0004718507936507,-0.0004380095238095,-0.0005069021978021,-0.0004676461538461
-0.0005160504517704,-0.0004490371184371,-0.0003862476190476,0.0004818415384615,-6.382420024419996e-05,-0.0004164139926739,-0.0004664307692307,-0.0003041476190476,-0.0004597522344322,-0.0004319675213675,-0.0005038848595848,-0.0004646288156288
-0.000494801050061,-0.0004429692307692,-0.0004014539682539,0.00046669001221,-4.558713064713037e-05,-0.000422493064713,-0.0004664307692307,-0.0002858999999999,-0.0004567275946275,-0.0004319675213675,-0.0005038848595848,-0.0004616114774114
-0.0004917654212454,-0.0004399352869352,-0.0004044952380952,0.0004636597069597,-4.254761904761877e-05,-0.000422493064713,-0.0004664307692307,-0.0002646111111111,-0.0004506783150183,-0.0004289465201465,-0.0005008675213675,-0.0004616114774114
-0.0004978366788766,-0.0004369013431013,-0.0003923301587301,0.00046669001221,-5.166615384615356e-05,-0.0004133744566544,-0.0004603335775335,-0.0002402809523809,-0.0004385797557997,-0.0004198835164835,-0.0004948328449328,-0.0004555768009768
-0.0004978366788766,-0.0004338673992673,-0.0003892888888888,0.0004636597069597,-5.470566544566516e-05,-0.0004103349206349,-0.0004511877899877,-0.000218992063492,-0.0004325304761904,-0.0004168625152625,-0.0004918155067155,-0.0004495421245421
-0.0004856941636141,-0.0004217316239316,-0.0003892888888888,0.0004515384859584,-4.862664224664196e-05,-0.0004042558485958,-0.0004481391941391,-0.0001946619047619,-0.0004204319169719,-0.0004108205128205,-0.0004887981684981,-0.0004465247863247
-0.0004796229059829,-0.0004126297924297,-0.0003862476190476,0.0004454778754578,-4.558713064713037e-05,-0.0003981767765567,-0.0004481391941391,-0.0001703317460317,-0.0004113579975579,-0.0004017575091575,-0.0004827634920634,-0.0004435074481074
-0.000470516019536,-0.0004035279609279,-0.0003892888888888,0.0004363869597069,-3.950810744810717e-05,-0.0003951372405372,-0.0004450905982905,-0.0001429603174603,-0.000402284078144,-0.0003957155067155,-0.0004767288156288,-0.0004374727716727
-0.0004735516483516,-0.0003913921855921,-0.0003771238095238,0.0004303263492063,-4.862664224664196e-05,-0.000382979096459,-0.0004389934065934,-0.0001155888888888,-0.0003901855189255,-0.0003836315018315,-0.0004676768009768,-0.0004254034188034
-0.0004735516483516,-0.0003762224664224,-0.0003619174603174,0.0004242657387057,-5.470566544566516e-05,-0.0003677814163614,-0.0004328962148962,-9.125873015872984e-05,-0.0003780869597069,-0.0003745684981684,-0.0004556074481074,-0.0004163514041514
-0.0004644447619047,-0.0003640866910866,-0.0003527936507936,0.0004121445177045,-5.470566544566516e-05,-0.0003586628083028,-0.0004298476190476,-6.996984126984096e-05,-0.0003659884004884,-0.0003624844932844,-0.000443538095238,-0.000404282051282
-0.0004523022466422,-0.000345883028083,-0.0003436698412698,0.0003969929914529,-5.470566544566516e-05,-0.0003434651282051,-0.0004298476190476,-5.172222222222191e-05,-0.0003569144810744,-0.0003564424908424,-0.000434486080586,-0.0003922126984126
-0.0004431953601953,-0.0003337472527472,-0.0003406285714285,0.000387902075702,-5.166615384615356e-05,-0.000337386056166,-0.0004298476190476,-3.3474603174602874e-05,-0.0003478405616605,-0.0003473794871794,-0.0004224167277167,-0.0003801433455433
-0.0004340884737484,-0.0003185775335775,-0.000334546031746,0.0003757808547008,-4.862664224664196e-05,-0.0003252279120879,-0.0004298476190476,-1.8268253968253663e-05,-0.0003417912820512,-0.0003413374847374,-0.0004103473748473,-0.0003741086691086
-0.0004340884737484,-0.0003003738705738,-0.0003162984126984,0.0003666899389499,-5.774517704517676e-05,-0.0003069906959706,-0.0004328962148962,-6.103174603174302e-06,-0.0003327173626373,-0.0003322744810744,-0.0004043126984126,-0.0003620393162393
-0.0004401597313797,-0.0002730683760683,-0.0002858857142857,0.0003545687179487,-7.598224664224636e-05,-0.0002796348717948,-0.0004298476190476,3.0206349206352205e-06,-0.0003236434432234,-0.0003232114774114,-0.0003922433455433,-0.0003469526251526
-0.0004310528449328,-0.0002457628815628,-0.0002706793650793,0.0003363868864468,-7.902175824175796e-05,-0.0002583581196581,-0.0004389934065934,3.0206349206352205e-06,-0.0003175941636141,-0.0003171694749694,-0.0003801739926739,-0.0003318659340659
-0.0004219459584859,-0.0002336271062271,-0.0002615555555555,0.0003272959706959,-7.902175824175796e-05,-0.0002461999755799,-0.0004481391941391,-2.063492063462036e-08,-0.0003145695238095,-0.0003111274725274,-0.0003741393162393,-0.0003228139194139
-0.0004158747008547,-0.0002184573870573,-0.0002615555555555,0.0003151747496947,-7.598224664224636e-05,-0.0002401209035409,-0.0004511877899877,-6.103174603174302e-06,-0.0003145695238095,-0.0003020644688644,-0.0003650873015873,-0.0003167792429792
-0.000412839072039,-0.0002032876678876,-0.0002493904761904,0.0003060838339438,-8.206126984126955e-05,-0.0002249232234432,-0.0004542363858363,-1.8268253968253663e-05,-0.0003115448840048,-0.0002960224664224,-0.0003560352869352,-0.0003016925518925
-0.0004158747008547,-0.000185084004884,-0.0002250603174603,0.0003000232234432,-9.421931623931596e-05,-0.0002036464713064,-0.0004603335775335,-3.955714285714255e-05,-0.0003054956043956,-0.0002869594627594,-0.0003409485958485,-0.0002866058608058
-0.0004219459584859,-0.0001729482295482,-0.0002098539682539,0.0002969929181929,-0.0001063773626373,-0.0001914883272283,-0.0004725279609279,-6.996984126984096e-05,-0.0003115448840048,-0.0002809174603174,-0.0003318965811965,-0.0002745365079365
-0.0004219459584859,-0.0001668803418803,-0.0002037714285714,0.0002939626129426,-0.0001094168742368,-0.0001854092551892,-0.0004847223443223,-0.0001095063492063,-0.0003175941636141,-0.0002809174603174,-0.0003258619047619,-0.0002685018315018
-0.0004219459584859,-0.0001638463980463,-0.0002007301587301,0.0002909323076923,-0.0001094168742368,-0.0001823697191697,-0.0004908195360195,-0.0001490428571428,-0.0003236434432234,-0.0002839384615384,-0.0003258619047619,-0.0002654844932844
-0.0004401597313797,-0.0001729482295482,-0.000188565079365,0.0003060838339438,-0.0001246144322344,-0.0001793301831501,-0.0004938681318681,-0.0001946619047619,-0.000335742002442,-0.0002869594627594,-0.0003228445665445,-0.0002624671550671
-0.0004462309890109,-0.0001699142857142,-0.0001763999999999,0.0003060838339438,-0.0001337329670329,-0.0001732511111111,-0.0005060625152625,-0.0002433222222222,-0.0003478405616605,-0.0002930014652014,-0.0003258619047619,-0.0002624671550671
-0.0004462309890109,-0.0001729482295482,-0.0001824825396825,0.0003091141391941,-0.0001306934554334,-0.0001762906471306,-0.0005182568986568,-0.000298065079365,-0.000369013040293,-0.0003050854700854,-0.0003349139194139,-0.0002685018315018
-0.0004431953601953,-0.0001881179487179,-0.0002007301587301,0.0003151747496947,-0.0001215749206349,-0.0001945278632478,-0.0005334998778998,-0.0003467253968253,-0.0003901855189255,-0.0003232114774114,-0.0003500006105006,-0.0002866058608058
-0.0004583735042735,-0.0002123894993894,-0.0002068126984126,0.0003333565811965,-0.0001246144322344,-0.0002097255433455,-0.0005365484737484,-0.0003923444444444,-0.0004113579975579,-0.0003352954822954,-0.0003620699633699,-0.0003016925518925
-0.0004856941636141,-0.0002396949938949,-0.0002068126984126,0.0003606293284493,-0.0001398119902319,-0.0002218836874236,-0.0005334998778998,-0.0004288396825396,-0.0004264811965811,-0.0003443584859584,-0.0003711219780219,-0.0003137619047619
-0.0004978366788766,-0.0002700344322344,-0.0002250603174603,0.0003818414652014,-0.0001367724786324,-0.0002461999755799,-0.0005365484737484,-0.0004683761904761,-0.0004476536752136,-0.0003564424908424,-0.000389226007326,-0.0003318659340659
-0.000494801050061,-0.0002973399267399,-0.0002585142857142,0.0003939626862026,-0.0001185354090354,-0.0002765953357753,-0.0005426456654456,-0.0005109539682539,-0.0004718507936507,-0.0003745684981684,-0.00040733003663,-0.0003529873015873
-0.0004978366788766,-0.0003276793650793,-0.0002798031746031,0.0004121445177045,-0.0001094168742368,-0.0003039511599511,-0.0005487428571428,-0.0005444079365079,-0.0004930232722832,-0.0003926945054945,-0.000425434065934,-0.0003741086691086
-0.0005099791941391,-0.0003519509157509,-0.0002919682539682,0.0004303263492063,-0.0001094168742368,-0.0003221883760683,-0.0005487428571428,-0.0005717793650793,-0.0005141957509157,-0.0004108205128205,-0.000443538095238,-0.0003922126984126
-0.0005221217094017,-0.0003731885225885,-0.0003071746031746,0.0004454778754578,-0.0001063773626373,-0.0003404255921855,-0.0005487428571428,-0.0005991507936507,-0.0005293189499389,-0.0004259255189255,-0.0004586247863247,-0.0004072993894993
-0.0005342642246642,-0.0003883582417582,-0.0003132571428571,0.0004606294017094,-0.0001094168742368,-0.0003495442002442,-0.0005426456654456,-0.0006173984126984,-0.0005414175091575,-0.0004349885225885,-0.0004646594627594,-0.000413334065934
-0.0005433711111111,-0.0004035279609279,-0.0003162984126984,0.0004727506227106,-0.0001124563858363,-0.0003586628083028,-0.0005426456654456,-0.0006326047619047,-0.0005504914285714,-0.0004410305250305,-0.0004706941391941,-0.0004193687423687
-0.0005494423687423,-0.0004186976800976,-0.0003284634920634,0.0004818415384615,-0.0001094168742368,-0.0003738604884004,-0.0005456942612942,-0.0006478111111111,-0.0005625899877899,-0.0004500935286935,-0.0004827634920634,-0.0004344554334554
-0.0005494423687423,-0.0004338673992673,-0.0003436698412698,0.0004909324542124,-0.0001033378510378,-0.0003890581684981,-0.0005456942612942,-0.0006599761904761,-0.0005746885470085,-0.0004651985347985,-0.0004978501831501,-0.0004525594627594
-0.0005555136263736,-0.0004460031746031,-0.0003436698412698,0.0005000233699633,-0.0001063773626373,-0.0003951372405372,-0.0005426456654456,-0.0006690999999999,-0.0005807378266178,-0.0004682195360195,-0.0005038848595848,-0.0004555768009768
-0.0005524779975579,-0.000452071062271,-0.0003527936507936,0.0005000233699633,-0.0001002983394383,-0.0004012163125763,-0.0005456942612942,-0.0006751825396825,-0.0005898117460317,-0.0004772825396825,-0.0005129368742368,-0.0004616114774114
-0.0005494423687423,-0.000455105006105,-0.0003619174603174,0.0005000233699633,-9.421931623931596e-05,-0.0004072953846153,-0.0005517914529914,-0.0006843063492063,-0.000595861025641,-0.0004863455433455,-0.0005189715506715,-0.0004676461538461
-0.0005524779975579,-0.000455105006105,-0.0003619174603174,0.0005030536752136,-9.421931623931596e-05,-0.0004072953846153,-0.0005517914529914,-0.0006873476190476,-0.000595861025641,-0.0004863455433455,-0.0005189715506715,-0.0004646288156288
-0.0005676561416361,-0.0004581389499389,-0.0003497523809523,0.0005121445909645,-0.0001094168742368,-0.0004042558485958,-0.0005456942612942,-0.0006873476190476,-0.0005898117460317,-0.0004772825396825,-0.0005129368742368,-0.0004646288156288
-0.0005737273992673,-0.0004763426129426,-0.0003588761904761,0.0005242658119658,-0.0001063773626373,-0.0004164139926739,-0.000539597069597,-0.0006873476190476,-0.0005928363858363,-0.0004833245421245,-0.0005189715506715,-0.0004706634920634
-0.0005676561416361,-0.0004884783882783,-0.0003740825396825,0.0005272961172161,-9.725882783882755e-05,-0.0004316116727716,-0.0005365484737484,-0.0006873476190476,-0.000595861025641,-0.0004863455433455,-0.0005250062271062,-0.0004766981684981
-0.0005615848840048,-0.0004854444444444,-0.0003771238095238,0.0005212355067155,-9.117980463980436e-05,-0.0004316116727716,-0.000539597069597,-0.0006873476190476,-0.0005988856654456,-0.0004893665445665,-0.0005250062271062,-0.0004766981684981
-0.0005615848840048,-0.0004793765567765,-0.0003771238095238,0.0005182052014652,-9.117980463980436e-05,-0.0004285721367521,-0.000539597069597,-0.0006843063492063,-0.0005988856654456,-0.0004893665445665,-0.0005250062271062,-0.0004797155067155
-0.0005615848840048,-0.0004793765567765,-0.0003771238095238,0.0005182052014652,-9.117980463980436e-05,-0.0004285721367521,-0.0005426456654456,-0.000681265079365,-0.0005988856654456,-0.0004923875457875,-0.0005310409035409,-0.0004766981684981
-0.0005646205128205,-0.0004854444444444,-0.000380165079365,0.0005242658119658,-9.117980463980436e-05,-0.0004316116727716,-0.0005365484737484,-0.000681265079365,-0.0006019103052503,-0.0004984295482295,-0.0005340582417582,-0.0004827328449328
-0.0005615848840048,-0.0004854444444444,-0.000380165079365,0.0005212355067155,-9.117980463980436e-05,-0.0004316116727716,-0.0005334998778998,-0.0006782238095238,-0.0006019103052503,-0.0005014505494505,-0.0005370755799755,-0.0004827328449328
-0.0005615848840048,-0.0004915123321123,-0.000380165079365,0.0005242658119658,-9.117980463980436e-05,-0.0004346512087912,-0.0005274026862026,-0.0006751825396825,-0.0005988856654456,-0.0005014505494505,-0.0005370755799755,-0.0004827328449328
-0.0005676561416361,-0.0004975802197802,-0.0003832063492063,0.0005303264224664,-9.117980463980436e-05,-0.0004407302808302,-0.0005274026862026,-0.0006721412698412,-0.0005988856654456,-0.0005044715506715,-0.0005400929181929,-0.0004887675213675
-0.0005676561416361,-0.0005006141636141,-0.0003892888888888,0.0005333567277167,-8.814029304029276e-05,-0.0004437698168498,-0.000524354090354,-0.0006721412698412,-0.0006019103052503,-0.0005074925518925,-0.0005491449328449,-0.0004948021978021
-0.0005676561416361,-0.0005036481074481,-0.0003923301587301,0.0005333567277167,-8.814029304029276e-05,-0.0004468093528693,-0.000524354090354,-0.0006721412698412,-0.0006049349450549,-0.0005105135531135,-0.0005521622710622,-0.0004948021978021
-0.0005676561416361,-0.000506682051282,-0.0003984126984126,0.000536387032967,-8.510078144078116e-05,-0.0004528884249084,-0.0005182568986568,-0.0006690999999999,-0.0006019103052503,-0.0005105135531135,-0.0005551796092796,-0.0005008368742368
-0.0005737273992673,-0.0005006141636141,-0.0003862476190476,0.000536387032967,-9.421931623931596e-05,-0.0004437698168498,-0.0005152083028083,-0.0006599761904761,-0.000595861025641,-0.0005044715506715,-0.0005491449328449,-0.0004978195360195
-0.0005706917704517,-0.0004975802197802,-0.000380165079365,0.0005333567277167,-9.421931623931596e-05,-0.0004376907448107,-0.0005152083028083,-0.0006569349206349,-0.000595861025641,-0.0005044715506715,-0.0005491449328449,-0.0004978195360195
-0.0005797986568986,-0.0005036481074481,-0.0003771238095238,0.0005394173382173,-0.0001002983394383,-0.0004407302808302,-0.0005091111111111,-0.0006538936507936,-0.0005928363858363,-0.0005044715506715,-0.0005521622710622,-0.0005008368742368
-0.0005858699145299,-0.0005097159951159,-0.000380165079365,0.0005454779487179,-0.0001033378510378,-0.0004437698168498,-0.0005030139194139,-0.0006478111111111,-0.0005898117460317,-0.0005014505494505,-0.0005491449328449,-0.0005008368742368
-0.0005706917704517,-0.0005127499389499,-0.0003923301587301,0.0005394173382173,-8.814029304029276e-05,-0.0004528884249084,-0.0005030139194139,-0.0006478111111111,-0.0005867871062271,-0.0005014505494505,-0.0005521622710622,-0.0005008368742368
-0.0005646205128205,-0.0005157838827838,-0.0004044952380952,0.0005394173382173,-7.902175824175796e-05,-0.0004589674969474,-0.0005030139194139,-0.0006447698412698,-0.0005867871062271,-0.0005014505494505,-0.0005521622710622,-0.0005008368742368
-0.0005676561416361,-0.0005157838827838,-0.0004014539682539,0.0005394173382173,-8.206126984126955e-05,-0.0004589674969474,-0.0004999653235653,-0.0006417285714285,-0.0005837624664224,-0.0004984295482295,-0.0005521622710622,-0.0004978195360195
-0.0005676561416361,-0.0005127499389499,-0.0003984126984126,0.0005394173382173,-8.510078144078116e-05,-0.0004559279609279,-0.0004999653235653,-0.0006417285714285,-0.0005807378266178,-0.0005014505494505,-0.0005521622710622,-0.0004978195360195
-0.0005646205128205,-0.0005127499389499,-0.0004044952380952,0.000536387032967,-7.902175824175796e-05,-0.0004589674969474,-0.0005030139194139,-0.0006417285714285,-0.0005837624664224,-0.0005044715506715,-0.0005551796092796,-0.0005038542124542
-0.0005585492551892,-0.0005097159951159,-0.0004044952380952,0.0005333567277167,-7.598224664224636e-05,-0.0004559279609279,-0.0004999653235653,-0.0006417285714285,-0.0005837624664224,-0.0005014505494505,-0.0005551796092796,-0.0005038542124542
-0.0005585492551892,-0.0005006141636141,-0.0003984126984126,0.0005272961172161,-7.902175824175796e-05,-0.0004498488888888,-0.0004969167277167,-0.0006386873015873,-0.0005777131868131,-0.0004954085470085,-0.0005461275946275,-0.0004978195360195
-0.0005646205128205,-0.0004975802197802,-0.0003892888888888,0.0005303264224664,-8.814029304029276e-05,-0.0004437698168498,-0.0004999653235653,-0.0006386873015873,-0.0005777131868131,-0.0004923875457875,-0.0005431102564102,-0.0004948021978021
-0.0005737273992673,-0.0004975802197802,-0.000380165079365,0.0005333567277167,-9.725882783882755e-05,-0.0004376907448107,-0.0004999653235653,-0.0006386873015873,-0.0005746885470085,-0.0004923875457875,-0.0005400929181929,-0.0004917848595848
-0.0005646205128205,-0.0004945462759462,-0.0003832063492063,0.0005272961172161,-9.117980463980436e-05,-0.0004376907448107,-0.0004969167277167,-0.000635646031746,-0.0005716639072039,-0.0004893665445665,-0.0005400929181929,-0.0004917848595848
-0.0005555136263736,-0.0004884783882783,-0.0003892888888888,0.0005212355067155,-8.206126984126955e-05,-0.0004376907448107,-0.0004969167277167,-0.0006386873015873,-0.0005716639072039,-0.0004863455433455,-0.0005370755799755,-0.0004887675213675
-0.0005464067399267,-0.0004824105006105,-0.0003923301587301,0.0005121445909645,-7.598224664224636e-05,-0.0004376907448107,-0.0005030139194139,-0.0006386873015873,-0.0005716639072039,-0.0004863455433455,-0.0005340582417582,-0.0004857501831501
-0.0005464067399267,-0.0004824105006105,-0.0003892888888888,0.0005121445909645,-7.902175824175796e-05,-0.0004346512087912,-0.0005060625152625,-0.0006386873015873,-0.0005716639072039,-0.0004833245421245,-0.0005310409035409,-0.0004857501831501
-0.0005555136263736,-0.0004763426129426,-0.000380165079365,0.0005151748962148,-8.814029304029276e-05,-0.0004285721367521,-0.0005060625152625,-0.0006386873015873,-0.0005686392673992,-0.0004772825396825,-0.0005250062271062,-0.0004827328449328
-0.0005555136263736,-0.0004702747252747,-0.0003740825396825,0.0005121445909645,-9.117980463980436e-05,-0.000422493064713,-0.0005060625152625,-0.0006417285714285,-0.0005686392673992,-0.0004772825396825,-0.0005250062271062,-0.0004827328449328
-0.0005555136263736,-0.0004702747252747,-0.0003710412698412,0.0005121445909645,-9.117980463980436e-05,-0.0004194535286935,-0.0005060625152625,-0.0006447698412698,-0.0005656146275946,-0.0004742615384615,-0.0005219888888888,-0.0004797155067155
-0.0005494423687423,-0.0004672407814407,-0.0003710412698412,0.0005060839804639,-8.814029304029276e-05,-0.0004194535286935,-0.0005091111111111,-0.0006447698412698,-0.0005625899877899,-0.0004712405372405,-0.0005189715506715,-0.0004736808302808
-0.0005403354822954,-0.0004642068376068,-0.0003771238095238,0.0005000233699633,-8.206126984126955e-05,-0.0004194535286935,-0.0005121597069597,-0.0006478111111111,-0.0005656146275946,-0.0004742615384615,-0.0005189715506715,-0.0004736808302808
-0.0005403354822954,-0.0004611728937728,-0.0003771238095238,0.0005000233699633,-8.206126984126955e-05,-0.0004194535286935,-0.0005182568986568,-0.0006508523809523,-0.0005716639072039,-0.0004772825396825,-0.0005189715506715,-0.0004797155067155
-0.0005464067399267,-0.0004611728937728,-0.0003740825396825,0.0005030536752136,-8.510078144078116e-05,-0.0004164139926739,-0.0005182568986568,-0.0006538936507936,-0.0005716639072039,-0.0004772825396825,-0.0005219888888888,-0.0004797155067155
-0.0005464067399267,-0.0004672407814407,-0.0003771238095238,0.0005060839804639,-8.510078144078116e-05,-0.000422493064713,-0.0005152083028083,-0.0006569349206349,-0.0005716639072039,-0.0004742615384615,-0.0005189715506715,-0.0004797155067155
-0.0005524779975579,-0.0004672407814407,-0.0003679999999999,0.0005091142857142,-9.117980463980436e-05,-0.0004164139926739,-0.0005152083028083,-0.0006569349206349,-0.0005686392673992,-0.0004682195360195,-0.0005159542124542,-0.0004736808302808
-0.0005646205128205,-0.0004642068376068,-0.0003527936507936,0.0005121445909645,-0.0001063773626373,-0.0004072953846153,-0.0005121597069597,-0.0006538936507936,-0.0005656146275946,-0.0004621775335775,-0.0005099195360195,-0.0004676461538461
-0.0005585492551892,-0.0004642068376068,-0.0003588761904761,0.0005091142857142,-0.0001002983394383,-0.0004103349206349,-0.0005152083028083,-0.0006599761904761,-0.0005686392673992,-0.0004651985347985,-0.0005099195360195,-0.0004706634920634
-0.0005403354822954,-0.0004642068376068,-0.0003771238095238,0.0005000233699633,-8.206126984126955e-05,-0.0004194535286935,-0.0005213054945054,-0.0006690999999999,-0.0005777131868131,-0.0004712405372405,-0.0005159542124542,-0.0004797155067155
-0.0005312285958485,-0.0004642068376068,-0.0003862476190476,0.000496993064713,-7.294273504273476e-05,-0.0004255326007326,-0.0005274026862026,-0.0006751825396825,-0.0005837624664224,-0.0004772825396825,-0.0005219888888888,-0.0004857501831501
-0.0005433711111111,-0.0004611728937728,-0.0003710412698412,0.0005000233699633,-8.510078144078116e-05,-0.0004164139926739,-0.000524354090354,-0.0006751825396825,-0.0005807378266178,-0.0004742615384615,-0.0005159542124542,-0.0004766981684981
-0.0005555136263736,-0.000452071062271,-0.0003527936507936,0.0005030536752136,-0.0001002983394383,-0.0004012163125763,-0.0005213054945054,-0.0006690999999999,-0.0005777131868131,-0.0004651985347985,-0.0005069021978021,-0.0004706634920634
-0.0005615848840048,-0.0004460031746031,-0.0003406285714285,0.0005030536752136,-0.0001094168742368,-0.0003920977045177,-0.0005213054945054,-0.0006721412698412,-0.0005746885470085,-0.0004621775335775,-0.0005069021978021,-0.0004646288156288
-0.0005646205128205,-0.0004460031746031,-0.0003375873015873,0.0005030536752136,-0.0001124563858363,-0.0003920977045177,-0.0005274026862026,-0.000681265079365,-0.0005807378266178,-0.0004682195360195,-0.0005069021978021,-0.0004646288156288
-0.0005676561416361,-0.000452071062271,-0.0003375873015873,0.0005091142857142,-0.0001154958974358,-0.0003951372405372,-0.0005304512820512,-0.0006843063492063,-0.0005867871062271,-0.0004682195360195,-0.0005099195360195,-0.0004646288156288
-0.0005585492551892,-0.000452071062271,-0.0003467111111111,0.0005030536752136,-0.0001063773626373,-0.0003981767765567,-0.0005334998778998,-0.0006873476190476,-0.0005867871062271,-0.0004682195360195,-0.0005099195360195,-0.0004676461538461
-0.0005555136263736,-0.0004581389499389,-0.0003558349206349,0.0005060839804639,-0.0001002983394383,-0.0004072953846153,-0.0005426456654456,-0.0006873476190476,-0.0005898117460317,-0.0004712405372405,-0.0005159542124542,-0.0004766981684981
-0.0005676561416361,-0.0004672407814407,-0.0003527936507936,0.0005151748962148,-0.0001063773626373,-0.0004103349206349,-0.0005426456654456,-0.0006843063492063,-0.0005928363858363,-0.0004712405372405,-0.0005159542124542,-0.0004766981684981
-0.0005676561416361,-0.0004672407814407,-0.0003527936507936,0.0005151748962148,-0.0001063773626373,-0.0004103349206349,-0.0005426456654456,-0.0006873476190476,-0.0005867871062271,-0.0004712405372405,-0.0005129368742368,-0.0004736808302808
-0.0005555136263736,-0.000452071062271,-0.0003527936507936,0.0005030536752136,-0.0001002983394383,-0.0004012163125763,-0.0005456942612942,-0.0006873476190476,-0.0005867871062271,-0.0004682195360195,-0.0005099195360195,-0.0004676461538461
-0.0005555136263736,-0.0004399352869352,-0.0003406285714285,0.000496993064713,-0.0001063773626373,-0.0003890581684981,-0.0005456942612942,-0.0006873476190476,-0.0005867871062271,-0.0004651985347985,-0.0005038848595848,-0.0004616114774114
-0.0005524779975579,-0.0004429692307692,-0.0003497523809523,0.000496993064713,-0.0001002983394383,-0.0003951372405372,-0.0005456942612942,-0.0006903888888888,-0.0005898117460317,-0.0004682195360195,-0.0005069021978021,-0.0004676461538461
-0.0005524779975579,-0.0004581389499389,-0.0003619174603174,0.0005030536752136,-9.421931623931596e-05,-0.0004103349206349,-0.0005456942612942,-0.0006934301587301,-0.0005928363858363,-0.0004712405372405,-0.0005099195360195,-0.0004706634920634
-0.0005615848840048,-0.0004611728937728,-0.0003497523809523,0.0005091142857142,-0.0001063773626373,-0.0004042558485958,-0.0005365484737484,-0.0006903888888888,-0.0005867871062271,-0.0004682195360195,-0.0005099195360195,-0.0004646288156288
-0.0005615848840048,-0.000455105006105,-0.0003467111111111,0.0005060839804639,-0.0001063773626373,-0.0004012163125763,-0.0005365484737484,-0.0006873476190476,-0.0005837624664224,-0.0004651985347985,-0.0005038848595848,-0.0004616114774114
-0.0005524779975579,-0.000452071062271,-0.0003527936507936,0.0005000233699633,-0.0001002983394383,-0.0004012163125763,-0.0005426456654456,-0.0006934301587301,-0.0005898117460317,-0.0004682195360195,-0.0005038848595848,-0.0004646288156288
-0.0005494423687423,-0.000455105006105,-0.0003588761904761,0.0005000233699633,-9.421931623931596e-05,-0.0004072953846153,-0.0005426456654456,-0.0006934301587301,-0.0005928363858363,-0.0004712405372405,-0.0005099195360195,-0.0004706634920634
-0.0005555136263736,-0.000452071062271,-0.0003497523809523,0.0005030536752136,-0.0001033378510378,-0.0004012163125763,-0.000539597069597,-0.0006903888888888,-0.0005898117460317,-0.0004712405372405,-0.0005069021978021,-0.0004676461538461
-0.0005646205128205,-0.0004429692307692,-0.000334546031746,0.0005030536752136,-0.0001154958974358,-0.0003890581684981,-0.0005274026862026,-0.0006843063492063,-0.0005807378266178,-0.0004621775335775,-0.0005008675213675,-0.0004616114774114
-0.0005555136263736,-0.0004338673992673,-0.0003315047619047,0.0004939627594627,-0.0001124563858363,-0.000382979096459,-0.000524354090354,-0.0006782238095238,-0.0005746885470085,-0.0004531145299145,-0.0004978501831501,-0.0004555768009768
-0.0005464067399267,-0.0004277995115995,-0.0003315047619047,0.0004848718437118,-0.0001063773626373,-0.0003799395604395,-0.000524354090354,-0.0006751825396825,-0.0005716639072039,-0.0004500935286935,-0.0004948328449328,-0.0004555768009768
-0.0005372998534798,-0.0004186976800976,-0.0003375873015873,0.0004757809279609,-0.0001002983394383,-0.00037690002442,-0.0005213054945054,-0.0006721412698412,-0.0005716639072039,-0.0004500935286935,-0.0004918155067155,-0.0004555768009768
-0.0005251573382173,-0.0004095958485958,-0.0003375873015873,0.00046669001221,-9.421931623931596e-05,-0.0003738604884004,-0.0005152083028083,-0.0006660587301587,-0.0005686392673992,-0.0004470725274725,-0.0004887981684981,-0.0004525594627594
-0.0005251573382173,-0.0003883582417582,-0.0003162984126984,0.0004545687912087,-0.0001033378510378,-0.0003525837362637,-0.0005030139194139,-0.0006538936507936,-0.000553516068376,-0.0004319675213675,-0.0004797461538461,-0.0004404901098901
-0.0005251573382173,-0.0003671206349206,-0.0002950095238095,0.0004454778754578,-0.0001154958974358,-0.0003313069841269,-0.0004938681318681,-0.0006417285714285,-0.0005383928693528,-0.0004198835164835,-0.0004646594627594,-0.0004284207570207
-0.0005160504517704,-0.0003489169719169,-0.0002858857142857,0.0004303263492063,-0.0001154958974358,-0.0003161093040293,-0.0004999653235653,-0.000635646031746,-0.0005323435897435,-0.0004108205128205,-0.0004586247863247,-0.0004254034188034
-0.0005099791941391,-0.0003367811965811,-0.0002767619047619,0.0004212354334554,-0.0001154958974358,-0.0003069906959706,-0.0005060625152625,-0.0006265222222222,-0.0005262943101343,-0.0004077995115995,-0.0004525901098901,-0.000422386080586
-0.0005130148229548,-0.0003307133089133,-0.0002706793650793,0.0004212354334554,-0.0001215749206349,-0.0003009116239316,-0.0005121597069597,-0.0006204396825396,-0.000520245030525,-0.0004017575091575,-0.0004525901098901,-0.0004193687423687
-0.0005008723076923,-0.000342849084249,-0.0002919682539682,0.0004212354334554,-0.0001033378510378,-0.0003161093040293,-0.000539597069597,-0.0006326047619047,-0.0005262943101343,-0.0004077995115995,-0.0004586247863247,-0.000422386080586
-0.000494801050061,-0.0003671206349206,-0.0003223809523809,0.0004303263492063,-8.510078144078116e-05,-0.0003434651282051,-0.0005670344322344,-0.0006569349206349,-0.0005444421489621,-0.0004198835164835,-0.0004676768009768,-0.000431438095238
-0.0005039079365079,-0.0003822903540903,-0.0003315047619047,0.0004424475702075,-8.510078144078116e-05,-0.0003556232722832,-0.000570083028083,-0.0006630174603174,-0.000553516068376,-0.0004259255189255,-0.0004706941391941,-0.000431438095238
-0.0005099791941391,-0.0003883582417582,-0.000334546031746,0.0004485081807081,-8.814029304029276e-05,-0.0003617023443223,-0.0005670344322344,-0.0006721412698412,-0.0005625899877899,-0.0004319675213675,-0.0004767288156288,-0.0004344554334554
-0.000519086080586,-0.0004035279609279,-0.0003406285714285,0.0004606294017094,-8.814029304029276e-05,-0.0003708209523809,-0.0005670344322344,-0.0006873476190476,-0.0005777131868131,-0.0004470725274725,-0.0004857808302808,-0.0004404901098901
-0.000519086080586,-0.0004126297924297,-0.0003497523809523,0.0004636597069597,-8.510078144078116e-05,-0.0003799395604395,-0.0005670344322344,-0.0006903888888888,-0.0005867871062271,-0.0004561355311355,-0.0004918155067155,-0.0004495421245421
-0.000519086080586,-0.0004065619047619,-0.0003467111111111,0.0004606294017094,-8.510078144078116e-05,-0.00037690002442,-0.0005670344322344,-0.0006873476190476,-0.0005837624664224,-0.0004500935286935,-0.0004887981684981,-0.0004465247863247
-0.0005221217094017,-0.0004095958485958,-0.0003467111111111,0.0004636597069597,-8.814029304029276e-05,-0.00037690002442,-0.000570083028083,-0.0006903888888888,-0.0005837624664224,-0.0004500935286935,-0.0004857808302808,-0.0004435074481074
-0.0005281929670329,-0.0004369013431013,-0.0003649587301587,0.0004818415384615,-8.206126984126955e-05,-0.0004012163125763,-0.0005670344322344,-0.0006934301587301,-0.000595861025641,-0.0004621775335775,-0.0004978501831501,-0.0004555768009768
-0.0005342642246642,-0.0004642068376068,-0.0003832063492063,0.000496993064713,-7.598224664224636e-05,-0.000422493064713,-0.0005639858363858,-0.0007055952380952,-0.0006140088644688,-0.0004772825396825,-0.0005129368742368,-0.0004676461538461
-0.0005312285958485,-0.0004702747252747,-0.0003892888888888,0.0005000233699633,-6.990322344322315e-05,-0.0004285721367521,-0.0005609372405372,-0.000714719047619,-0.0006170335042735,-0.0004803035409035,-0.0005159542124542,-0.0004706634920634
-0.0005433711111111,-0.0004672407814407,-0.0003771238095238,0.0005030536752136,-8.206126984126955e-05,-0.000422493064713,-0.0005578886446886,-0.000714719047619,-0.0006170335042735,-0.0004803035409035,-0.0005129368742368,-0.0004676461538461
-0.0005524779975579,-0.0004672407814407,-0.0003679999999999,0.0005091142857142,-9.117980463980436e-05,-0.0004164139926739,-0.0005487428571428,-0.0007116777777777,-0.0006140088644688,-0.0004772825396825,-0.0005129368742368,-0.0004676461538461
-0.0005585492551892,-0.0004733086691086,-0.0003679999999999,0.0005151748962148,-9.421931623931596e-05,-0.0004194535286935,-0.0005426456654456,-0.0007116777777777,-0.0006140088644688,-0.0004803035409035,-0.0005189715506715,-0.0004766981684981
-0.0005706917704517,-0.0004945462759462,-0.0003771238095238,0.0005303264224664,-9.725882783882755e-05,-0.0004346512087912,-0.000539597069597,-0.0007208015873015,-0.0006200581440781,-0.0004893665445665,-0.0005280235653235,-0.0004857501831501
-0.0005797986568986,-0.000506682051282,-0.000380165079365,0.0005424476434676,-0.0001002983394383,-0.0004437698168498,-0.0005365484737484,-0.0007268841269841,-0.0006261074236874,-0.0004984295482295,-0.0005340582417582,-0.0004917848595848
-0.0005737273992673,-0.0005097159951159,-0.0003862476190476,0.0005394173382173,-9.421931623931596e-05,-0.0004468093528693,-0.000539597069597,-0.0007299253968253,-0.0006321567032967,-0.0005014505494505,-0.0005370755799755,-0.0004948021978021
-0.0005706917704517,-0.0005036481074481,-0.0003862476190476,0.000536387032967,-9.117980463980436e-05,-0.0004437698168498,-0.0005426456654456,-0.0007268841269841,-0.000629132063492,-0.0004984295482295,-0.0005370755799755,-0.0004917848595848
-0.000576763028083,-0.0005036481074481,-0.000380165079365,0.0005394173382173,-9.725882783882755e-05,-0.0004407302808302,-0.0005426456654456,-0.0007238428571428,-0.000629132063492,-0.0004984295482295,-0.0005340582417582,-0.0004887675213675
-0.0005797986568986,-0.0005006141636141,-0.0003740825396825,0.0005394173382173,-0.0001033378510378,-0.0004376907448107,-0.000539597069597,-0.0007238428571428,-0.0006261074236874,-0.0004954085470085,-0.0005310409035409,-0.0004857501831501
-0.0005858699145299,-0.0004945462759462,-0.0003649587301587,0.0005394173382173,-0.0001094168742368,-0.0004285721367521,-0.0005334998778998,-0.0007208015873015,-0.0006200581440781,-0.0004923875457875,-0.0005310409035409,-0.0004827328449328
-0.0005858699145299,-0.0004915123321123,-0.0003588761904761,0.000536387032967,-0.0001124563858363,-0.0004255326007326,-0.0005334998778998,-0.0007208015873015,-0.0006170335042735,-0.0004923875457875,-0.0005280235653235,-0.0004827328449328
-0.0005797986568986,-0.0004854444444444,-0.0003649587301587,0.0005303264224664,-0.0001063773626373,-0.0004255326007326,-0.000539597069597,-0.0007208015873015,-0.0006170335042735,-0.0004893665445665,-0.0005280235653235,-0.0004827328449328
-0.0005737273992673,-0.0004793765567765,-0.0003619174603174,0.0005242658119658,-0.0001063773626373,-0.0004194535286935,-0.0005426456654456,-0.000714719047619,-0.0006109842246642,-0.0004863455433455,-0.0005250062271062,-0.0004827328449328
-0.0005797986568986,-0.0004824105006105,-0.0003588761904761,0.0005303264224664,-0.0001094168742368,-0.0004194535286935,-0.000539597069597,-0.000714719047619,-0.0006079595848595,-0.0004803035409035,-0.0005219888888888,-0.0004797155067155
-0.0005797986568986,-0.0004824105006105,-0.0003558349206349,0.0005303264224664,-0.0001124563858363,-0.0004194535286935,-0.000539597069597,-0.0007208015873015,-0.0006079595848595,-0.0004803035409035,-0.0005219888888888,-0.0004797155067155
-0.0005737273992673,-0.0004702747252747,-0.0003527936507936,0.0005212355067155,-0.0001094168742368,-0.0004103349206349,-0.0005426456654456,-0.0007208015873015,-0.0006019103052503,-0.0004742615384615,-0.0005159542124542,-0.0004766981684981
-0.0005737273992673,-0.0004611728937728,-0.0003406285714285,0.0005151748962148,-0.0001154958974358,-0.0004012163125763,-0.0005456942612942,-0.0006995126984126,-0.0005777131868131,-0.0004621775335775,-0.0005129368742368,-0.0004797155067155
-0.0005797986568986,-0.0004277995115995,-0.000301092063492,0.0005030536752136,-0.0001398119902319,-0.0003647418803418,-0.000539597069597,-0.0006599761904761,-0.0005172203907203,-0.0004349885225885,-0.0005069021978021,-0.0004857501831501
-0.0005706917704517,-0.0003276793650793,-0.0002128952380952,0.0004485081807081,-0.0001793256410256,-0.0002705162637362,-0.0005426456654456,-0.0005991507936507,-0.0004204319169719,-0.0003685264957264,-0.0004616421245421,-0.0004585941391941
-0.0005160504517704,-0.0001608124542124,-9.732698412698404e-05,0.0003363868864468,-0.0002097207570207,-0.000127658070818,-0.000570083028083,-0.0004805412698412,-0.0002661752869352,-0.0002235184371184,-0.0003530179487179,-0.000386178021978
-0.0004037321855921,5.156361416361436e-05,-3.047619047618955e-06,0.0001757807081807,-0.0002006022222222,2.431873015873012e-05,-0.0006310549450549,-0.0003832206349206,-7.864761904761912e-05,-6.006349206349725e-06,-0.0001810296703296,-0.0002654844932844
-0.0002549863736263,0.0003640598290598,0.0001611809523809,-5.4522490842490816e-05,-0.0002066812454212,0.0002614025396825,-0.0007956791208791,-0.0005261603174603,8.165829059829052e-05,0.0002719257631257,9.053076923076906e-05,-3.616678876678936e-05
-8.802678876678904e-05,0.0007190312576312,0.0003436571428571,-0.0003151287423687,-0.0002157997802197,0.0005319212454212,-0.0010913929181929,-0.0008941539682539,0.0001542496459096,0.0005710048840048,0.0004194206349206,0.000265567032967
7.5897167277167e-05,0.001001188034188,0.0004592253968253,-0.000536341025641,-0.0001914836874236,0.000729491086691,-0.0014572244200244,-0.0013016841269841,8.770757020757013e-05,0.0007915379731379,0.0007060677655677,0.0005582488400488
0.0001791085470085,0.0011286136752136,0.0004835555555555,-0.0006514926251526,-0.00015197003663,0.0008054794871794,-0.001746841025641,-0.001593646031746,-7.562297924297932e-05,0.0008277899877899,0.0008358133089133,0.0007483411477411
0.0001396453724053,0.0007766761904761,0.0001763873015873,-0.000457553089133,-1.823152625152597e-05,0.0004772095970695,-0.0017773269841269,-0.0017274619047619,-0.0004416043956043,0.0004411018315018,0.0005702875457875,0.0006246302808302
-0.0001032049328449,0.00013348009768,-0.000222019047619,-1.512852258852256e-05,5.7756263736264016e-05,-4.25510622710623e-05,-0.001573071062271,-0.0018764841269841,-0.0009436946031746,-0.0001812244200244,8.147875457875442e-05,0.0002987577533577
-0.0003824827838827,-0.000185084004884,-0.000255473015873,0.0002818413919413,-6.382420024419996e-05,-0.0002188441514041,-0.0013718637362637,-0.0020528777777777,-0.0012764049816849,-0.0005709335775335,-0.0002081857142857,0.0001116827838827
-0.0005524779975579,-0.0003549848595848,-0.000255473015873,0.0004515384859584,-0.0001489305250305,-0.0003039511599511,-0.0011980937728937,-0.0019312269841269,-0.0013278238583638,-0.0007189626373626,-0.0003711219780219,-3.616678876678936e-05
-0.0006101549450549,-0.000455105006105,-0.000301092063492,0.0005303264224664,-0.0001550095482295,-0.00037690002442,-0.0010731013431013,-0.0016635952380952,-0.0012007889865689,-0.0007129206349206,-0.0004556074481074,-0.000171947008547
-0.0006101549450549,-0.0004611728937728,-0.0003071746031746,0.0005333567277167,-0.00015197003663,-0.000382979096459,-0.0009572547008547,-0.0013990047619047,-0.0010314091575091,-0.0006404166056166,-0.0004706941391941,-0.0002594498168498
-0.0005889055433455,-0.0004429692307692,-0.0003071746031746,0.0005151748962148,-0.0001398119902319,-0.0003738604884004,-0.0008200678876678,-0.0011557031746031,-0.0008862264468864,-0.0005769755799755,-0.0004767288156288,-0.0003197965811965
-0.0005706917704517,-0.0004338673992673,-0.0003193396825396,0.0005000233699633,-0.0001246144322344,-0.00037690002442,-0.0006798324786324,-0.0009367317460317,-0.0007652408547008,-0.0005225975579975,-0.0004827634920634,-0.0003741086691086
-0.0005585492551892,-0.0004065619047619,-0.0003071746031746,0.0004818415384615,-0.0001246144322344,-0.0003556232722832,-0.0005792288156288,-0.0007725031746031,-0.0006624031013431,-0.0004712405372405,-0.0004706941391941,-0.0004012647130647
-0.0005524779975579,-0.0003853242979242,-0.0002858857142857,0.00046669001221,-0.0001337329670329,-0.0003343465201465,-0.0005334998778998,-0.0006873476190476,-0.0005988856654456,-0.0004380095238095,-0.0004616421245421,-0.0004072993894993
-0.0005494423687423,-0.0003883582417582,-0.0002919682539682,0.00046669001221,-0.0001276539438339,-0.0003404255921855,-0.0005152083028083,-0.0006569349206349,-0.0005777131868131,-0.0004380095238095,-0.0004706941391941,-0.0004193687423687
-0.0005524779975579,-0.000400494017094,-0.000301092063492,0.0004757809279609,-0.0001246144322344,-0.0003495442002442,-0.0005091111111111,-0.0006478111111111,-0.0005777131868131,-0.0004470725274725,-0.0004827634920634,-0.0004344554334554
-0.0005615848840048,-0.0004095958485958,-0.0003041333333333,0.0004848718437118,-0.0001276539438339,-0.0003556232722832,-0.0004969167277167,-0.0006326047619047,-0.0005746885470085,-0.0004500935286935,-0.0004887981684981,-0.0004465247863247
-0.0005585492551892,-0.0004095958485958,-0.0003071746031746,0.0004818415384615,-0.0001246144322344,-0.0003586628083028,-0.0004938681318681,-0.0006173984126984,-0.0005656146275946,-0.0004500935286935,-0.0004948328449328,-0.0004525594627594
-0.0005585492551892,-0.0004065619047619,-0.0003041333333333,0.0004818415384615,-0.0001276539438339,-0.0003556232722832,-0.0004877709401709,-0.0006052333333333,-0.0005565407081807,-0.0004470725274725,-0.0004948328449328,-0.0004495421245421
-0.0005646205128205,-0.0004126297924297,-0.000301092063492,0.0004879021489621,-0.0001306934554334,-0.0003556232722832,-0.0004755765567765,-0.0005930682539682,-0.0005474667887667,-0.0004410305250305,-0.0004918155067155,-0.0004495421245421
-0.0005615848840048,-0.0004126297924297,-0.0003041333333333,0.0004848718437118,-0.0001276539438339,-0.0003586628083028,-0.0004725279609279,-0.0005869857142857,-0.0005414175091575,-0.0004380095238095,-0.0004887981684981,-0.0004525594627594
-0.0005585492551892,-0.0004095958485958,-0.0003102158730158,0.0004818415384615,-0.0001246144322344,-0.0003586628083028,-0.0004725279609279,-0.0005778619047619,-0.0005414175091575,-0.0004380095238095,-0.0004918155067155,-0.0004555768009768
-0.0005555136263736,-0.0004095958485958,-0.0003132571428571,0.0004818415384615,-0.0001215749206349,-0.0003617023443223,-0.0004694793650793,-0.0005748206349206,-0.0005383928693528,-0.0004410305250305,-0.0004978501831501,-0.0004646288156288
-0.0005585492551892,-0.0004126297924297,-0.0003102158730158,0.0004848718437118,-0.0001246144322344,-0.0003617023443223,-0.0004664307692307,-0.0005717793650793,-0.0005353682295482,-0.0004440515262515,-0.0005008675213675,-0.0004676461538461
-0.0005555136263736,-0.0004126297924297,-0.0003132571428571,0.0004818415384615,-0.0001215749206349,-0.0003617023443223,-0.0004664307692307,-0.000568738095238,-0.0005293189499389,-0.0004410305250305,-0.0005008675213675,-0.0004676461538461
-0.0005494423687423,-0.0004095958485958,-0.0003162984126984,0.0004788112332112,-0.0001154958974358,-0.0003617023443223,-0.0004664307692307,-0.0005626555555555,-0.0005262943101343,-0.0004380095238095,-0.0004978501831501,-0.0004646288156288
-0.0005585492551892,-0.0004126297924297,-0.0003102158730158,0.0004848718437118,-0.0001246144322344,-0.0003617023443223,-0.0004633821733821,-0.0005535317460317,-0.0005232696703296,-0.0004349885225885,-0.0004948328449328,-0.0004616114774114
-0.0005585492551892,-0.0004065619047619,-0.0003041333333333,0.0004818415384615,-0.0001276539438339,-0.0003556232722832,-0.0004603335775335,-0.0005474492063492,-0.000520245030525,-0.0004289465201465,-0.0004887981684981,-0.0004616114774114
-0.0005524779975579,-0.000400494017094,-0.0003071746031746,0.0004757809279609,-0.0001215749206349,-0.0003525837362637,-0.0004603335775335,-0.0005474492063492,-0.000520245030525,-0.0004319675213675,-0.0004918155067155,-0.0004616114774114
-0.0005464067399267,-0.0004065619047619,-0.0003162984126984,0.0004757809279609,-0.0001154958974358,-0.0003617023443223,-0.0004603335775335,-0.0005413666666666,-0.000520245030525,-0.0004349885225885,-0.0004978501831501,-0.0004646288156288
-0.0005464067399267,-0.0004065619047619,-0.0003193396825396,0.0004757809279609,-0.0001124563858363,-0.0003617023443223,-0.0004633821733821,-0.0005322428571428,-0.0005172203907203,-0.0004319675213675,-0.0004948328449328,-0.0004616114774114
-0.0005372998534798,-0.0004035279609279,-0.0003223809523809,0.0004697203174603,-0.0001063773626373,-0.0003617023443223,-0.0004633821733821,-0.0005292015873015,-0.0005141957509157,-0.0004349885225885,-0.0004948328449328,-0.0004616114774114
-0.0005342642246642,-0.0004095958485958,-0.0003315047619047,0.0004697203174603,-0.0001002983394383,-0.0003708209523809,-0.0004633821733821,-0.0005261603174603,-0.0005172203907203,-0.0004410305250305,-0.0005008675213675,-0.0004706634920634
-0.0005464067399267,-0.0004156637362637,-0.0003223809523809,0.0004788112332112,-0.0001124563858363,-0.0003677814163614,-0.0004572849816849,-0.0005170365079365,-0.0005111711111111,-0.0004349885225885,-0.0005008675213675,-0.0004706634920634
-0.0005615848840048,-0.0004095958485958,-0.0003071746031746,0.0004848718437118,-0.0001276539438339,-0.0003586628083028,-0.0004481391941391,-0.0005018301587301,-0.0004990725518925,-0.0004259255189255,-0.0004918155067155,-0.0004616114774114
-0.0005524779975579,-0.0004035279609279,-0.0003132571428571,0.0004757809279609,-0.0001185354090354,-0.0003586628083028,-0.0004481391941391,-0.0004927063492063,-0.0004960479120879,-0.0004259255189255,-0.0004918155067155,-0.0004616114774114
-0.0005372998534798,-0.0004065619047619,-0.0003254222222222,0.0004697203174603,-0.0001063773626373,-0.0003647418803418,-0.0004481391941391,-0.0004866238095238,-0.0004960479120879,-0.0004289465201465,-0.0004948328449328,-0.0004646288156288
-0.0005342642246642,-0.0004126297924297,-0.0003315047619047,0.0004727506227106,-0.0001002983394383,-0.0003708209523809,-0.0004481391941391,-0.0004805412698412,-0.0004960479120879,-0.0004349885225885,-0.0005008675213675,-0.0004706634920634
-0.0005342642246642,-0.0004156637362637,-0.0003375873015873,0.0004727506227106,-9.725882783882755e-05,-0.00037690002442,-0.0004481391941391,-0.0004744587301587,-0.0004960479120879,-0.0004349885225885,-0.0005038848595848,-0.0004766981684981
-0.0005372998534798,-0.0004126297924297,-0.0003315047619047,0.0004727506227106,-0.0001033378510378,-0.0003708209523809,-0.0004450905982905,-0.0004622936507936,-0.0004899986324786,-0.0004319675213675,-0.0005008675213675,-0.0004736808302808
-0.0005342642246642,-0.0004217316239316,-0.0003406285714285,0.0004757809279609,-9.725882783882755e-05,-0.0003799395604395,-0.000442042002442,-0.0004470873015873,-0.0004839493528693,-0.0004289465201465,-0.0005008675213675,-0.0004766981684981
-0.0005312285958485,-0.0004247655677655,-0.0003467111111111,0.0004757809279609,-9.117980463980436e-05,-0.0003860186324786,-0.0004389934065934,-0.0004349222222222,-0.0004809247130647,-0.0004259255189255,-0.0004978501831501,-0.0004736808302808
-0.0005464067399267,-0.0004247655677655,-0.000334546031746,0.0004848718437118,-0.0001063773626373,-0.0003799395604395,-0.0004298476190476,-0.0004227571428571,-0.0004718507936507,-0.0004198835164835,-0.0004918155067155,-0.0004676461538461
-0.0005342642246642,-0.0004277995115995,-0.0003497523809523,0.0004788112332112,-9.117980463980436e-05,-0.0003890581684981,-0.0004298476190476,-0.0004166746031746,-0.0004718507936507,-0.0004259255189255,-0.0004978501831501,-0.0004736808302808
-0.0005312285958485,-0.0004217316239316,-0.0003467111111111,0.0004757809279609,-9.117980463980436e-05,-0.000382979096459,-0.000426799023199,-0.0004045095238095,-0.0004658015140415,-0.0004229045177045,-0.0004948328449328,-0.0004706634920634
-0.0005342642246642,-0.0004156637362637,-0.000334546031746,0.0004727506227106,-0.0001002983394383,-0.0003738604884004,-0.0004237504273504,-0.0003893031746031,-0.0004597522344322,-0.0004168625152625,-0.0004918155067155,-0.0004676461538461
-0.0005312285958485,-0.0004126297924297,-0.0003406285714285,0.0004697203174603,-9.421931623931596e-05,-0.00037690002442,-0.000426799023199,-0.000377138095238,-0.0004567275946275,-0.0004168625152625,-0.0004918155067155,-0.0004706634920634
-0.000519086080586,-0.0004126297924297,-0.0003497523809523,0.0004636597069597,-8.510078144078116e-05,-0.0003799395604395,-0.0004237504273504,-0.000364973015873,-0.0004506783150183,-0.0004168625152625,-0.0004948328449328,-0.0004736808302808
-0.000519086080586,-0.0004126297924297,-0.0003558349206349,0.0004636597069597,-8.206126984126955e-05,-0.000382979096459,-0.0004176532356532,-0.0003467253968253,-0.0004416043956043,-0.0004138415140415,-0.0004948328449328,-0.0004736808302808
-0.000519086080586,-0.0004156637362637,-0.0003497523809523,0.00046669001221,-8.510078144078116e-05,-0.000382979096459,-0.0004085074481074,-0.0003254365079365,-0.0004325304761904,-0.0004047785103785,-0.0004918155067155,-0.0004676461538461
-0.000519086080586,-0.0004126297924297,-0.0003467111111111,0.0004636597069597,-8.510078144078116e-05,-0.0003799395604395,-0.0004054588522588,-0.0003071888888888,-0.0004264811965811,-0.0004017575091575,-0.0004857808302808,-0.0004676461538461
-0.0005221217094017,-0.0004126297924297,-0.0003467111111111,0.00046669001221,-8.814029304029276e-05,-0.0003799395604395,-0.0004024102564102,-0.0002858999999999,-0.0004204319169719,-0.0003987365079365,-0.0004857808302808,-0.0004676461538461
-0.0005160504517704,-0.0004065619047619,-0.0003467111111111,0.0004606294017094,-8.510078144078116e-05,-0.00037690002442,-0.0003993616605616,-0.0002676523809523,-0.0004143826373626,-0.0003987365079365,-0.0004827634920634,-0.0004676461538461
-0.0005160504517704,-0.00039746007326,-0.0003406285714285,0.0004545687912087,-8.814029304029276e-05,-0.0003677814163614,-0.0003932644688644,-0.0002463634920634,-0.0004053087179487,-0.0003926945054945,-0.0004797461538461,-0.0004616114774114
-0.0005160504517704,-0.0003944261294261,-0.000334546031746,0.0004545687912087,-9.117980463980436e-05,-0.0003647418803418,-0.0003902158730158,-0.000218992063492,-0.0003962347985347,-0.0003866525030525,-0.0004767288156288,-0.0004555768009768
-0.0005008723076923,-0.0003792564102564,-0.000334546031746,0.0004394172649572,-8.206126984126955e-05,-0.0003556232722832,-0.0003902158730158,-0.0001977031746031,-0.0003871608791208,-0.0003806105006105,-0.0004706941391941,-0.0004495421245421
-0.0004826585347985,-0.0003731885225885,-0.0003436698412698,0.000427296043956,-6.990322344322315e-05,-0.0003586628083028,-0.0003932644688644,-0.0001764142857142,-0.0003841362393162,-0.0003806105006105,-0.0004706941391941,-0.0004555768009768
-0.0004765872771672,-0.0003731885225885,-0.0003527936507936,0.0004242657387057,-6.078468864468836e-05,-0.0003617023443223,-0.0003902158730158,-0.0001520841269841,-0.0003750623199023,-0.0003775894993894,-0.0004706941391941,-0.0004555768009768
-0.0004735516483516,-0.0003610527472527,-0.0003406285714285,0.0004151748229548,-6.686371184371155e-05,-0.0003495442002442,-0.0003841186813186,-0.0001277539682539,-0.0003629637606837,-0.0003655054945054,-0.0004586247863247,-0.0004435074481074
-0.0004796229059829,-0.000342849084249,-0.0003193396825396,0.0004091142124542,-7.902175824175796e-05,-0.0003313069841269,-0.0003780214896214,-0.0001034238095238,-0.0003508652014652,-0.0003534214896214,-0.0004495727716727,-0.000431438095238
-0.0004796229059829,-0.0003307133089133,-0.000301092063492,0.0004030536019536,-8.814029304029276e-05,-0.0003161093040293,-0.0003749728937728,-7.909365079365048e-05,-0.0003387666422466,-0.0003413374847374,-0.0004375034188034,-0.0004193687423687
-0.0004765872771672,-0.0003155435897435,-0.0002889269841269,0.0003939626862026,-9.421931623931596e-05,-0.0003009116239316,-0.0003749728937728,-5.172222222222191e-05,-0.000326668083028,-0.0003322744810744,-0.0004284514041514,-0.0004072993894993
-0.0004644447619047,-0.0003064417582417,-0.0002919682539682,0.0003848717704517,-8.510078144078116e-05,-0.000297872087912,-0.0003780214896214,-3.651587301587271e-05,-0.0003236434432234,-0.0003322744810744,-0.000425434065934,-0.000404282051282
-0.0004553378754578,-0.0002852041514041,-0.0002798031746031,0.0003697202442002,-8.814029304029276e-05,-0.0002826744078144,-0.0003780214896214,-2.435079365079335e-05,-0.0003145695238095,-0.0003232114774114,-0.0004133647130647,-0.0003891953601953
-0.0004401597313797,-0.0002609326007326,-0.0002737206349206,0.0003485081074481,-8.206126984126955e-05,-0.0002674767277167,-0.0003780214896214,-9.144444444444142e-06,-0.0003085202442002,-0.0003141484737484,-0.0004012953601953,-0.000377126007326
-0.0004371241025641,-0.0002427289377289,-0.0002615555555555,0.0003394171916971,-8.814029304029276e-05,-0.000252279047619,-0.0003841186813186,3.0206349206352205e-06,-0.0002994463247863,-0.0003020644688644,-0.000389226007326,-0.0003650566544566
-0.0004280172161172,-0.0002245252747252,-0.0002524317460317,0.0003242656654456,-8.814029304029276e-05,-0.0002370813675213,-0.0003871672771672,9.103174603174904e-06,-0.0002964216849816,-0.0002990434676434,-0.0003831913308913,-0.0003560046398046
-0.0004219459584859,-0.0002063216117216,-0.0002433079365079,0.0003121444444444,-8.814029304029276e-05,-0.0002249232234432,-0.0003932644688644,9.103174603174904e-06,-0.0002903724053724,-0.0002930014652014,-0.0003741393162393,-0.0003469526251526
-0.0004280172161172,-0.0001881179487179,-0.0002159365079365,0.0003060838339438,-0.0001063773626373,-0.0002006069352869,-0.0003902158730158,9.103174603174904e-06,-0.0002812984859584,-0.0002778964590964,-0.0003590526251526,-0.0003258312576312
-0.0004340884737484,-0.0001790161172161,-0.0001976888888888,0.0003060838339438,-0.0001185354090354,-0.0001884487912087,-0.0003932644688644,-2.063492063462036e-08,-0.0002722245665445,-0.0002658124542124,-0.0003439659340659,-0.0003137619047619
-0.0004219459584859,-0.0001668803418803,-0.0002007301587301,0.0002939626129426,-0.0001094168742368,-0.0001823697191697,-0.0004054588522588,-1.5226984126983825e-05,-0.0002752492063492,-0.0002627914529914,-0.0003349139194139,-0.0003016925518925
-0.0004189103296703,-0.0001547445665445,-0.0001916063492063,0.0002848716971916,-0.0001124563858363,-0.0001732511111111,-0.0004146046398046,-3.651587301587271e-05,-0.0002782738461538,-0.0002597704517704,-0.0003258619047619,-0.0002896231990231
-0.0004189103296703,-0.0001456427350427,-0.0001824825396825,0.0002818413919413,-0.0001185354090354,-0.0001641325030525,-0.0004237504273504,-7.605238095238064e-05,-0.0002873477655677,-0.0002627914529914,-0.0003228445665445,-0.0002835885225885
-0.0004249815873015,-0.0001365409035409,-0.0001672761904761,0.000278811086691,-0.0001276539438339,-0.0001519743589743,-0.0004328962148962,-0.0001155888888888,-0.000293397045177,-0.0002627914529914,-0.0003168098901098,-0.0002775538461538
-0.0004371241025641,-0.000130473015873,-0.0001520698412698,0.0002818413919413,-0.0001428515018315,-0.0001398162148962,-0.000442042002442,-0.0001581666666666,-0.0003024709645909,-0.0002627914529914,-0.0003137925518925,-0.0002715191697191
-0.0004401597313797,-0.0001335069597069,-0.0001490285714285,0.0002848716971916,-0.000145891013431,-0.0001398162148962,-0.0004542363858363,-0.0002068269841269,-0.0003145695238095,-0.0002688334554334,-0.0003137925518925,-0.0002715191697191
-0.0004431953601953,-0.0001426087912087,-0.0001520698412698,0.0002909323076923,-0.000145891013431,-0.0001458952869352,-0.0004664307692307,-0.0002585285714285,-0.0003296927228327,-0.0002778964590964,-0.0003228445665445,-0.0002775538461538
-0.0004492666178266,-0.0001547445665445,-0.0001581523809523,0.0003000232234432,-0.000145891013431,-0.0001550138949938,-0.0004725279609279,-0.0003132714285714,-0.0003478405616605,-0.0002899804639804,-0.0003318965811965,-0.0002896231990231
-0.0004644447619047,-0.0001759821733821,-0.0001672761904761,0.000318205054945,-0.0001489305250305,-0.0001702115750915,-0.0004755765567765,-0.0003619317460317,-0.0003659884004884,-0.0003020644688644,-0.0003469832722832,-0.0003047098901098
-0.0004826585347985,-0.0002002537240537,-0.0001703174603174,0.0003394171916971,-0.0001550095482295,-0.0001854092551892,-0.0004786251526251,-0.0004045095238095,-0.0003841362393162,-0.0003141484737484,-0.0003590526251526,-0.0003167792429792
-0.000494801050061,-0.0002214913308913,-0.0001824825396825,0.000357599023199,-0.0001550095482295,-0.0002006069352869,-0.0004816737484737,-0.000444046031746,-0.000402284078144,-0.0003262324786324,-0.0003711219780219,-0.0003318659340659
-0.0005039079365079,-0.0002518307692307,-0.0002037714285714,0.0003757808547008,-0.0001489305250305,-0.0002279627594627,-0.0004847223443223,-0.0004835825396825,-0.0004234565567765,-0.0003473794871794,-0.0003922433455433,-0.0003529873015873
-0.0005160504517704,-0.0002852041514041,-0.000222019047619,0.0004000232967032,-0.000145891013431,-0.000252279047619,-0.0004877709401709,-0.0005200777777777,-0.0004476536752136,-0.0003655054945054,-0.0004133647130647,-0.000377126007326
-0.0005221217094017,-0.0003155435897435,-0.0002433079365079,0.0004182051282051,-0.0001398119902319,-0.0002796348717948,-0.0004908195360195,-0.000556573015873,-0.0004688261538461,-0.0003866525030525,-0.0004314687423687,-0.0003982473748473
-0.0005160504517704,-0.0003367811965811,-0.0002706793650793,0.0004242657387057,-0.0001215749206349,-0.0003039511599511,-0.0004999653235653,-0.0005869857142857,-0.0004899986324786,-0.0004047785103785,-0.0004495727716727,-0.000413334065934
-0.000519086080586,-0.0003519509157509,-0.0002858857142857,0.0004333566544566,-0.0001154958974358,-0.0003191488400488,-0.0005030139194139,-0.0006052333333333,-0.0005051218315018,-0.0004168625152625,-0.0004616421245421,-0.0004284207570207
-0.0005433711111111,-0.0003610527472527,-0.0002798031746031,0.0004515384859584,-0.0001306934554334,-0.0003191488400488,-0.0004999653235653,-0.0006173984126984,-0.0005141957509157,-0.0004198835164835,-0.0004646594627594,-0.000431438095238
-0.0005676561416361,-0.0003792564102564,-0.0002737206349206,0.0004727506227106,-0.000145891013431,-0.0003252279120879,-0.0004908195360195,-0.0006265222222222,-0.000520245030525,-0.0004229045177045,-0.0004676768009768,-0.0004374727716727
-0.0005585492551892,-0.00039746007326,-0.0002950095238095,0.0004757809279609,-0.0001306934554334,-0.0003465046642246,-0.0004908195360195,-0.0006386873015873,-0.0005323435897435,-0.0004349885225885,-0.0004797461538461,-0.0004495421245421
-0.0005524779975579,-0.0004095958485958,-0.0003162984126984,0.0004788112332112,-0.0001185354090354,-0.0003617023443223,-0.0004938681318681,-0.0006508523809523,-0.0005414175091575,-0.0004440515262515,-0.0004887981684981,-0.0004585941391941
-0.0005524779975579,-0.0004186976800976,-0.0003223809523809,0.0004848718437118,-0.0001154958974358,-0.0003708209523809,-0.0004969167277167,-0.0006569349206349,-0.0005474667887667,-0.0004500935286935,-0.0004948328449328,-0.0004646288156288
-0.0005524779975579,-0.0004277995115995,-0.0003315047619047,0.0004879021489621,-0.0001094168742368,-0.0003799395604395,-0.0004999653235653,-0.0006630174603174,-0.0005565407081807,-0.0004561355311355,-0.0005008675213675,-0.0004706634920634
-0.0005555136263736,-0.0004369013431013,-0.000334546031746,0.0004939627594627,-0.0001094168742368,-0.0003860186324786,-0.0004969167277167,-0.0006660587301587,-0.0005625899877899,-0.0004621775335775,-0.0005069021978021,-0.0004797155067155
-0.0005737273992673,-0.0004399352869352,-0.0003193396825396,0.0005060839804639,-0.0001276539438339,-0.0003799395604395,-0.0004938681318681,-0.0006660587301587,-0.0005595653479853,-0.0004591565323565,-0.0005069021978021,-0.0004766981684981
-0.0005797986568986,-0.0004399352869352,-0.0003162984126984,0.0005091142857142,-0.0001306934554334,-0.00037690002442,-0.0004938681318681,-0.0006660587301587,-0.0005595653479853,-0.0004621775335775,-0.0005038848595848,-0.0004766981684981
-0.0005706917704517,-0.0004460031746031,-0.0003315047619047,0.0005060839804639,-0.0001185354090354,-0.0003890581684981,-0.0004969167277167,-0.0006660587301587,-0.0005656146275946,-0.0004651985347985,-0.0005099195360195,-0.0004797155067155
-0.0005646205128205,-0.000452071062271,-0.0003436698412698,0.0005060839804639,-0.0001094168742368,-0.0003981767765567,-0.0004999653235653,-0.0006660587301587,-0.0005656146275946,-0.0004682195360195,-0.0005129368742368,-0.0004827328449328
-0.0005706917704517,-0.0004581389499389,-0.0003406285714285,0.0005121445909645,-0.0001154958974358,-0.0003981767765567,-0.0004969167277167,-0.0006660587301587,-0.0005656146275946,-0.0004712405372405,-0.0005159542124542,-0.0004857501831501
-0.0005828342857142,-0.0004611728937728,-0.000334546031746,0.0005212355067155,-0.0001246144322344,-0.0003981767765567,-0.0004908195360195,-0.0006630174603174,-0.0005625899877899,-0.0004682195360195,-0.0005159542124542,-0.0004827328449328
-0.0005797986568986,-0.000455105006105,-0.000334546031746,0.0005151748962148,-0.0001215749206349,-0.0003951372405372,-0.0004877709401709,-0.0006630174603174,-0.0005625899877899,-0.0004712405372405,-0.0005189715506715,-0.0004857501831501
-0.0005646205128205,-0.0004581389499389,-0.0003497523809523,0.0005091142857142,-0.0001063773626373,-0.0004042558485958,-0.0004938681318681,-0.0006630174603174,-0.0005686392673992,-0.0004772825396825,-0.0005250062271062,-0.0004948021978021
-0.0005555136263736,-0.0004642068376068,-0.0003619174603174,0.0005091142857142,-9.725882783882755e-05,-0.0004133744566544,-0.0004969167277167,-0.0006630174603174,-0.0005686392673992,-0.0004833245421245,-0.0005310409035409,-0.0005038542124542
-0.0005646205128205,-0.0004702747252747,-0.0003619174603174,0.0005151748962148,-0.0001002983394383,-0.0004164139926739,-0.0004938681318681,-0.0006599761904761,-0.0005686392673992,-0.0004833245421245,-0.0005340582417582,-0.0005038542124542
-0.0005797986568986,-0.0004702747252747,-0.0003467111111111,0.0005242658119658,-0.0001154958974358,-0.0004072953846153,-0.0004847223443223,-0.0006538936507936,-0.0005625899877899,-0.0004803035409035,-0.0005310409035409,-0.0004978195360195
-0.0005797986568986,-0.0004702747252747,-0.0003436698412698,0.0005242658119658,-0.0001185354090354,-0.0004072953846153,-0.0004816737484737,-0.0006538936507936,-0.0005625899877899,-0.0004803035409035,-0.0005280235653235,-0.0004948021978021
-0.0005737273992673,-0.0004733086691086,-0.0003527936507936,0.0005212355067155,-0.0001094168742368,-0.0004133744566544,-0.0004877709401709,-0.0006508523809523,-0.0005656146275946,-0.0004833245421245,-0.0005310409035409,-0.0005008368742368
-0.0005706917704517,-0.0004763426129426,-0.0003558349206349,0.0005212355067155,-0.0001063773626373,-0.0004164139926739,-0.0004847223443223,-0.0006447698412698,-0.0005686392673992,-0.0004863455433455,-0.0005370755799755,-0.0005038542124542
-0.0005706917704517,-0.0004793765567765,-0.0003619174603174,0.0005242658119658,-0.0001033378510378,-0.0004194535286935,-0.0004786251526251,-0.0006447698412698,-0.0005716639072039,-0.0004893665445665,-0.0005431102564102,-0.0005068715506715
-0.0005737273992673,-0.0004763426129426,-0.0003588761904761,0.0005242658119658,-0.0001063773626373,-0.0004164139926739,-0.0004725279609279,-0.0006386873015873,-0.0005686392673992,-0.0004893665445665,-0.0005431102564102,-0.0005098888888888
-0.0005858699145299,-0.0004763426129426,-0.0003467111111111,0.0005303264224664,-0.0001185354090354,-0.0004103349206349,-0.0004694793650793,-0.0006326047619047,-0.0005625899877899,-0.0004833245421245,-0.0005340582417582,-0.0005068715506715
-0.0005858699145299,-0.0004763426129426,-0.0003497523809523,0.0005303264224664,-0.0001185354090354,-0.0004133744566544,-0.0004725279609279,-0.0006265222222222,-0.0005595653479853,-0.0004803035409035,-0.0005340582417582,-0.0005038542124542
-0.000576763028083,-0.0004793765567765,-0.0003588761904761,0.0005272961172161,-0.0001094168742368,-0.0004194535286935,-0.0004755765567765,-0.0006265222222222,-0.0005565407081807,-0.0004772825396825,-0.0005340582417582,-0.0005038542124542
-0.000576763028083,-0.0004793765567765,-0.0003588761904761,0.0005272961172161,-0.0001094168742368,-0.0004194535286935,-0.0004694793650793,-0.0006234809523809,-0.0005565407081807,-0.0004772825396825,-0.0005340582417582,-0.0005038542124542
-0.000576763028083,-0.0004793765567765,-0.0003558349206349,0.0005272961172161,-0.0001094168742368,-0.0004164139926739,-0.0004664307692307,-0.0006204396825396,-0.000553516068376,-0.0004772825396825,-0.0005340582417582,-0.0005038542124542
-0.0005676561416361,-0.0004793765567765,-0.0003679999999999,0.0005212355067155,-0.0001002983394383,-0.000422493064713,-0.0004755765567765,-0.0006204396825396,-0.0005565407081807,-0.0004803035409035,-0.0005370755799755,-0.0005098888888888
-0.0005646205128205,-0.0004793765567765,-0.0003679999999999,0.0005212355067155,-9.725882783882755e-05,-0.000422493064713,-0.0004786251526251,-0.0006234809523809,-0.0005565407081807,-0.0004803035409035,-0.0005370755799755,-0.0005098888888888
-0.000576763028083,-0.0004793765567765,-0.0003527936507936,0.0005272961172161,-0.0001124563858363,-0.0004164139926739,-0.0004786251526251,-0.0006234809523809,-0.000553516068376,-0.0004772825396825,-0.0005310409035409,-0.0005038542124542
-0.0005828342857142,-0.0004763426129426,-0.0003497523809523,0.0005272961172161,-0.0001154958974358,-0.0004133744566544,-0.0004755765567765,-0.0006204396825396,-0.000553516068376,-0.0004742615384615,-0.0005310409035409,-0.0005038542124542
-0.0005737273992673,-0.0004763426129426,-0.0003588761904761,0.0005242658119658,-0.0001063773626373,-0.0004164139926739,-0.0004816737484737,-0.0006234809523809,-0.0005565407081807,-0.0004772825396825,-0.0005340582417582,-0.0005068715506715
-0.0005706917704517,-0.0004672407814407,-0.0003527936507936,0.0005182052014652,-0.0001094168742368,-0.0004103349206349,-0.0004847223443223,-0.0006234809523809,-0.0005565407081807,-0.0004742615384615,-0.0005280235653235,-0.0005038542124542
-0.0005737273992673,-0.0004581389499389,-0.0003375873015873,0.0005151748962148,-0.0001185354090354,-0.0003981767765567,-0.0004847223443223,-0.0006204396825396,-0.000553516068376,-0.0004712405372405,-0.0005250062271062,-0.0005038542124542
-0.0005737273992673,-0.000455105006105,-0.000334546031746,0.0005121445909645,-0.0001185354090354,-0.0003951372405372,-0.0004877709401709,-0.0006234809523809,-0.0005504914285714,-0.0004742615384615,-0.0005280235653235,-0.0005068715506715
-0.0005676561416361,-0.000455105006105,-0.0003406285714285,0.0005091142857142,-0.0001124563858363,-0.0003981767765567,-0.0004847223443223,-0.0006234809523809,-0.0005504914285714,-0.0004682195360195,-0.0005280235653235,-0.0005038542124542
-0.0005646205128205,-0.0004611728937728,-0.0003527936507936,0.0005121445909645,-0.0001063773626373,-0.0004072953846153,-0.0004816737484737,-0.0006204396825396,-0.0005444421489621,-0.0004621775335775,-0.0005219888888888,-0.0005008368742368
-0.0005676561416361,-0.0004611728937728,-0.0003497523809523,0.0005121445909645,-0.0001094168742368,-0.0004042558485958,-0.0004816737484737,-0.0006204396825396,-0.0005383928693528,-0.0004561355311355,-0.0005129368742368,-0.0004917848595848
-0.0005615848840048,-0.0004611728937728,-0.0003558349206349,0.0005091142857142,-0.0001033378510378,-0.0004072953846153,-0.0004908195360195,-0.0006265222222222,-0.0005474667887667,-0.0004591565323565,-0.0005159542124542,-0.0004948021978021
-0.0005524779975579,-0.0004642068376068,-0.0003649587301587,0.0005060839804639,-9.421931623931596e-05,-0.0004133744566544,-0.0004999653235653,-0.0006326047619047,-0.0005565407081807,-0.0004651985347985,-0.0005189715506715,-0.0005008368742368
-0.0005646205128205,-0.000455105006105,-0.0003436698412698,0.0005091142857142,-0.0001094168742368,-0.0003981767765567,-0.0005030139194139,-0.000635646031746,-0.0005565407081807,-0.0004621775335775,-0.0005129368742368,-0.0004917848595848
-0.000576763028083,-0.0004490371184371,-0.0003254222222222,0.0005121445909645,-0.0001246144322344,-0.0003860186324786,-0.0004999653235653,-0.0006386873015873,-0.0005504914285714,-0.0004561355311355,-0.0005038848595848,-0.0004857501831501
-0.0005737273992673,-0.0004460031746031,-0.0003284634920634,0.0005091142857142,-0.0001215749206349,-0.0003860186324786,-0.0004999653235653,-0.0006386873015873,-0.0005474667887667,-0.0004531145299145,-0.0005069021978021,-0.0004827328449328
-0.0005706917704517,-0.000452071062271,-0.000334546031746,0.0005091142857142,-0.0001185354090354,-0.0003920977045177,-0.0004999653235653,-0.0006386873015873,-0.0005474667887667,-0.0004470725274725,-0.0005008675213675,-0.0004766981684981
-0.0005676561416361,-0.000455105006105,-0.0003375873015873,0.0005091142857142,-0.0001154958974358,-0.0003951372405372,-0.0005060625152625,-0.0006417285714285,-0.0005504914285714,-0.0004470725274725,-0.0004978501831501,-0.0004766981684981
-0.0005676561416361,-0.000455105006105,-0.0003375873015873,0.0005091142857142,-0.0001154958974358,-0.0003951372405372,-0.0005060625152625,-0.0006417285714285,-0.000553516068376,-0.0004500935286935,-0.0004978501831501,-0.0004766981684981
-0.0005676561416361,-0.000452071062271,-0.000334546031746,0.0005091142857142,-0.0001154958974358,-0.0003920977045177,-0.0005091111111111,-0.0006478111111111,-0.0005595653479853,-0.0004531145299145,-0.0005008675213675,-0.0004797155067155
-0.0005615848840048,-0.0004460031746031,-0.0003375873015873,0.0005030536752136,-0.0001124563858363,-0.0003920977045177,-0.0005121597069597,-0.0006538936507936,-0.0005595653479853,-0.0004561355311355,-0.0005008675213675,-0.0004827328449328
-0.0005555136263736,-0.0004429692307692,-0.0003436698412698,0.000496993064713,-0.0001063773626373,-0.0003920977045177,-0.0005152083028083,-0.0006569349206349,-0.0005625899877899,-0.0004561355311355,-0.0005038848595848,-0.0004857501831501
-0.0005585492551892,-0.0004460031746031,-0.0003436698412698,0.0005000233699633,-0.0001063773626373,-0.0003951372405372,-0.0005152083028083,-0.0006569349206349,-0.0005625899877899,-0.0004561355311355,-0.0005038848595848,-0.0004857501831501
-0.0005646205128205,-0.0004490371184371,-0.0003406285714285,0.0005060839804639,-0.0001124563858363,-0.0003951372405372,-0.0005121597069597,-0.0006599761904761,-0.0005595653479853,-0.0004561355311355,-0.0005038848595848,-0.0004857501831501
-0.0005646205128205,-0.0004399352869352,-0.0003315047619047,0.0005000233699633,-0.0001154958974358,-0.0003860186324786,-0.0005091111111111,-0.0006599761904761,-0.0005625899877899,-0.0004531145299145,-0.0005038848595848,-0.0004827328449328
-0.0005585492551892,-0.0004338673992673,-0.0003315047619047,0.0004939627594627,-0.0001124563858363,-0.000382979096459,-0.0005152083028083,-0.0006690999999999,-0.0005656146275946,-0.0004531145299145,-0.0005038848595848,-0.0004827328449328
-0.0005676561416361,-0.0004338673992673,-0.0003223809523809,0.0005000233699633,-0.0001215749206349,-0.00037690002442,-0.0005182568986568,-0.0006660587301587,-0.0005625899877899,-0.0004531145299145,-0.0005008675213675,-0.0004827328449328
-0.0005706917704517,-0.0004460031746031,-0.0003284634920634,0.0005060839804639,-0.0001215749206349,-0.0003860186324786,-0.0005182568986568,-0.0006630174603174,-0.0005656146275946,-0.0004531145299145,-0.0005008675213675,-0.0004827328449328
-0.0005615848840048,-0.0004490371184371,-0.0003436698412698,0.0005030536752136,-0.0001094168742368,-0.0003951372405372,-0.0005182568986568,-0.0006660587301587,-0.0005686392673992,-0.0004561355311355,-0.0005069021978021,-0.0004857501831501
-0.0005615848840048,-0.0004460031746031,-0.0003375873015873,0.0005030536752136,-0.0001124563858363,-0.0003920977045177,-0.0005152083028083,-0.0006660587301587,-0.0005686392673992,-0.0004561355311355,-0.0005069021978021,-0.0004827328449328
-0.0005615848840048,-0.0004429692307692,-0.0003315047619047,0.0005000233699633,-0.0001154958974358,-0.0003860186324786,-0.0005213054945054,-0.0006721412698412,-0.0005686392673992,-0.0004561355311355,-0.0005038848595848,-0.0004827328449328
-0.0005585492551892,-0.0004460031746031,-0.0003375873015873,0.0005000233699633,-0.0001094168742368,-0.0003920977045177,-0.0005274026862026,-0.0006751825396825,-0.0005746885470085,-0.0004621775335775,-0.0005069021978021,-0.0004857501831501
-0.0005615848840048,-0.0004490371184371,-0.0003375873015873,0.0005030536752136,-0.0001124563858363,-0.0003920977045177,-0.0005304512820512,-0.0006721412698412,-0.0005716639072039,-0.0004591565323565,-0.0005038848595848,-0.0004827328449328
-0.0005646205128205,-0.000452071062271,-0.0003375873015873,0.0005060839804639,-0.0001124563858363,-0.0003951372405372,-0.0005274026862026,-0.0006721412698412,-0.0005686392673992,-0.0004621775335775,-0.0005038848595848,-0.0004827328449328
-0.0005706917704517,-0.000452071062271,-0.0003375873015873,0.0005091142857142,-0.0001154958974358,-0.0003951372405372,-0.0005274026862026,-0.0006721412698412,-0.0005686392673992,-0.0004591565323565,-0.0005038848595848,-0.0004797155067155
-0.000576763028083,-0.0004460031746031,-0.0003254222222222,0.0005091142857142,-0.0001246144322344,-0.0003860186324786,-0.0005274026862026,-0.0006721412698412,-0.0005686392673992,-0.0004561355311355,-0.0005008675213675,-0.0004736808302808
-0.0005706917704517,-0.0004429692307692,-0.0003284634920634,0.0005060839804639,-0.0001215749206349,-0.0003860186324786,-0.0005304512820512,-0.0006751825396825,-0.0005716639072039,-0.0004591565323565,-0.0005008675213675,-0.0004766981684981
-0.0005494423687423,-0.0004429692307692,-0.0003497523809523,0.0004939627594627,-0.0001002983394383,-0.0003951372405372,-0.000539597069597,-0.000681265079365,-0.0005777131868131,-0.0004651985347985,-0.0005099195360195,-0.0004827328449328
-0.0005524779975579,-0.0004460031746031,-0.0003467111111111,0.000496993064713,-0.0001033378510378,-0.0003951372405372,-0.000539597069597,-0.0006843063492063,-0.0005807378266178,-0.0004651985347985,-0.0005069021978021,-0.0004827328449328
-0.0005737273992673,-0.0004460031746031,-0.0003284634920634,0.0005091142857142,-0.0001215749206349,-0.0003860186324786,-0.0005334998778998,-0.000681265079365,-0.0005746885470085,-0.0004591565323565,-0.0005008675213675,-0.0004766981684981
-0.0005706917704517,-0.0004369013431013,-0.0003223809523809,0.0005030536752136,-0.0001246144322344,-0.0003799395604395,-0.0005365484737484,-0.0006782238095238,-0.0005716639072039,-0.0004531145299145,-0.0004948328449328,-0.0004706634920634
-0.0005646205128205,-0.0004399352869352,-0.0003254222222222,0.0005000233699633,-0.0001185354090354,-0.000382979096459,-0.000539597069597,-0.000681265079365,-0.0005777131868131,-0.0004561355311355,-0.0004978501831501,-0.0004706634920634
-0.0005646205128205,-0.0004460031746031,-0.0003315047619047,0.0005030536752136,-0.0001154958974358,-0.0003890581684981,-0.0005365484737484,-0.0006782238095238,-0.0005777131868131,-0.0004561355311355,-0.0005008675213675,-0.0004736808302808
-0.0005646205128205,-0.0004490371184371,-0.0003375873015873,0.0005060839804639,-0.0001124563858363,-0.0003920977045177,-0.0005334998778998,-0.000681265079365,-0.0005777131868131,-0.0004591565323565,-0.0005038848595848,-0.0004797155067155
-0.0005615848840048,-0.0004490371184371,-0.0003406285714285,0.0005030536752136,-0.0001094168742368,-0.0003951372405372,-0.0005274026862026,-0.0006782238095238,-0.0005777131868131,-0.0004591565323565,-0.0005038848595848,-0.0004797155067155
-0.0005585492551892,-0.0004460031746031,-0.0003375873015873,0.0005000233699633,-0.0001094168742368,-0.0003920977045177,-0.0005304512820512,-0.0006782238095238,-0.0005777131868131,-0.0004561355311355,-0.0005008675213675,-0.0004766981684981
-0.0005585492551892,-0.0004369013431013,-0.0003284634920634,0.000496993064713,-0.0001154958974358,-0.000382979096459,-0.0005304512820512,-0.0006751825396825,-0.0005686392673992,-0.0004531145299145,-0.0004948328449328,-0.0004706634920634
-0.0005585492551892,-0.0004247655677655,-0.0003223809523809,0.0004909324542124,-0.0001185354090354,-0.0003738604884004,-0.000524354090354,-0.0006690999999999,-0.0005625899877899,-0.0004440515262515,-0.0004887981684981,-0.0004676461538461
-0.0005555136263736,-0.0004247655677655,-0.0003254222222222,0.0004879021489621,-0.0001154958974358,-0.0003738604884004,-0.0005152083028083,-0.0006630174603174,-0.0005565407081807,-0.0004410305250305,-0.0004857808302808,-0.0004676461538461
-0.0005524779975579,-0.0004186976800976,-0.0003254222222222,0.0004848718437118,-0.0001124563858363,-0.0003708209523809,-0.0005091111111111,-0.0006630174603174,-0.0005625899877899,-0.0004500935286935,-0.0004918155067155,-0.0004706634920634
-0.0005494423687423,-0.0004035279609279,-0.0003132571428571,0.0004757809279609,-0.0001185354090354,-0.0003586628083028,-0.0005091111111111,-0.0006599761904761,-0.0005595653479853,-0.0004470725274725,-0.0004887981684981,-0.0004676461538461
-0.0005372998534798,-0.0003762224664224,-0.0002919682539682,0.0004545687912087,-0.0001215749206349,-0.0003343465201465,-0.0005030139194139,-0.0006478111111111,-0.0005444421489621,-0.0004289465201465,-0.0004737114774114,-0.0004525594627594
-0.0005251573382173,-0.0003610527472527,-0.0002858857142857,0.0004424475702075,-0.0001185354090354,-0.0003221883760683,-0.0004938681318681,-0.0006265222222222,-0.0005262943101343,-0.0004138415140415,-0.0004646594627594,-0.0004465247863247
-0.0005160504517704,-0.0003580188034188,-0.0002889269841269,0.0004363869597069,-0.0001124563858363,-0.0003221883760683,-0.0004877709401709,-0.0006143571428571,-0.0005141957509157,-0.0004047785103785,-0.0004586247863247,-0.0004404901098901
-0.0005130148229548,-0.000345883028083,-0.0002889269841269,0.000427296043956,-0.0001124563858363,-0.0003161093040293,-0.0004877709401709,-0.0006082746031746,-0.0005051218315018,-0.0003926945054945,-0.0004465554334554,-0.0004284207570207
-0.0005069435653235,-0.0003337472527472,-0.0002919682539682,0.0004182051282051,-0.0001063773626373,-0.0003130697680097,-0.0004938681318681,-0.0005991507936507,-0.0004990725518925,-0.0003896735042735,-0.0004405207570207,-0.0004254034188034
-0.000494801050061,-0.0003307133089133,-0.0002950095238095,0.0004121445177045,-0.0001002983394383,-0.0003130697680097,-0.0005121597069597,-0.000602192063492,-0.0005051218315018,-0.0003957155067155,-0.000443538095238,-0.0004284207570207
-0.0004978366788766,-0.0003398151404151,-0.0002919682539682,0.0004182051282051,-0.0001033378510378,-0.0003161093040293,-0.0005487428571428,-0.0006234809523809,-0.000520245030525,-0.0004077995115995,-0.0004525901098901,-0.0004344554334554
-0.0005069435653235,-0.0003549848595848,-0.0002980507936507,0.0004303263492063,-0.0001033378510378,-0.0003252279120879,-0.000570083028083,-0.0006478111111111,-0.0005383928693528,-0.0004198835164835,-0.0004616421245421,-0.0004465247863247
-0.0005130148229548,-0.0003640866910866,-0.0003041333333333,0.0004363869597069,-0.0001033378510378,-0.0003343465201465,-0.0005639858363858,-0.0006538936507936,-0.0005444421489621,-0.0004229045177045,-0.0004646594627594,-0.0004465247863247
-0.0005281929670329,-0.0003883582417582,-0.0003162984126984,0.000457599096459,-0.0001063773626373,-0.0003525837362637,-0.0005578886446886,-0.0006569349206349,-0.000553516068376,-0.0004259255189255,-0.0004676768009768,-0.0004435074481074
-0.0005342642246642,-0.0004126297924297,-0.000334546031746,0.0004727506227106,-0.0001002983394383,-0.0003738604884004,-0.0005578886446886,-0.0006690999999999,-0.0005686392673992,-0.0004349885225885,-0.0004737114774114,-0.0004495421245421
-0.0005160504517704,-0.0004156637362637,-0.0003558349206349,0.0004636597069597,-7.902175824175796e-05,-0.0003860186324786,-0.0005609372405372,-0.0006721412698412,-0.0005777131868131,-0.0004410305250305,-0.0004827634920634,-0.0004555768009768
-0.0005069435653235,-0.0004126297924297,-0.0003588761904761,0.000457599096459,-7.294273504273476e-05,-0.0003860186324786,-0.0005639858363858,-0.0006782238095238,-0.0005807378266178,-0.0004470725274725,-0.0004827634920634,-0.0004555768009768
-0.0005130148229548,-0.0004247655677655,-0.0003679999999999,0.00046669001221,-7.294273504273476e-05,-0.0003951372405372,-0.0005639858363858,-0.000681265079365,-0.0005867871062271,-0.0004531145299145,-0.0004918155067155,-0.0004616114774114
-0.0005312285958485,-0.000455105006105,-0.0003771238095238,0.0004909324542124,-7.598224664224636e-05,-0.0004164139926739,-0.0005578886446886,-0.0006843063492063,-0.000595861025641,-0.0004621775335775,-0.0005008675213675,-0.0004706634920634
-0.0005312285958485,-0.0004733086691086,-0.0003953714285714,0.0005000233699633,-6.686371184371155e-05,-0.0004346512087912,-0.0005578886446886,-0.0006903888888888,-0.0006019103052503,-0.0004682195360195,-0.0005069021978021,-0.0004736808302808
-0.0005251573382173,-0.0004793765567765,-0.0004075365079365,0.0005000233699633,-5.774517704517676e-05,-0.0004437698168498,-0.0005578886446886,-0.0006934301587301,-0.0006109842246642,-0.0004712405372405,-0.0005129368742368,-0.0004766981684981
-0.0005403354822954,-0.0004854444444444,-0.0003984126984126,0.0005121445909645,-6.990322344322315e-05,-0.0004407302808302,-0.0005517914529914,-0.0006964714285714,-0.0006140088644688,-0.0004772825396825,-0.0005159542124542,-0.0004857501831501
-0.0005737273992673,-0.0004884783882783,-0.0003679999999999,0.0005303264224664,-0.0001033378510378,-0.0004285721367521,-0.000539597069597,-0.0006964714285714,-0.0006109842246642,-0.0004772825396825,-0.0005159542124542,-0.0004857501831501
-0.0005980124297924,-0.0004915123321123,-0.0003467111111111,0.0005424476434676,-0.0001246144322344,-0.0004194535286935,-0.0005334998778998,-0.0006964714285714,-0.0006109842246642,-0.0004803035409035,-0.0005189715506715,-0.0004857501831501
-0.0005858699145299,-0.0005006141636141,-0.0003679999999999,0.0005424476434676,-0.0001094168742368,-0.0004346512087912,-0.000539597069597,-0.0007055952380952,-0.0006200581440781,-0.0004923875457875,-0.0005310409035409,-0.0004978195360195
-0.0005676561416361,-0.0005097159951159,-0.0003953714285714,0.000536387032967,-8.510078144078116e-05,-0.0004528884249084,-0.0005426456654456,-0.0007116777777777,-0.0006261074236874,-0.0004984295482295,-0.0005400929181929,-0.0005098888888888
-0.0005706917704517,-0.0005188178266178,-0.0004044952380952,0.0005424476434676,-8.206126984126955e-05,-0.000462007032967,-0.0005426456654456,-0.0007116777777777,-0.0006261074236874,-0.0005014505494505,-0.0005400929181929,-0.0005098888888888
-0.0005706917704517,-0.0005188178266178,-0.0004014539682539,0.0005424476434676,-8.510078144078116e-05,-0.0004589674969474,-0.000539597069597,-0.0007116777777777,-0.000629132063492,-0.0004984295482295,-0.0005370755799755,-0.0005068715506715
-0.0005706917704517,-0.0005036481074481,-0.0003862476190476,0.000536387032967,-9.117980463980436e-05,-0.0004437698168498,-0.0005426456654456,-0.0007086365079365,-0.0006261074236874,-0.0004954085470085,-0.0005310409035409,-0.0004978195360195
-0.0005797986568986,-0.0004915123321123,-0.0003710412698412,0.0005333567277167,-0.0001033378510378,-0.0004316116727716,-0.0005456942612942,-0.0007086365079365,-0.0006261074236874,-0.0004954085470085,-0.0005310409035409,-0.0004948021978021
-0.0005828342857142,-0.0004915123321123,-0.0003679999999999,0.000536387032967,-0.0001063773626373,-0.0004285721367521,-0.0005456942612942,-0.0007086365079365,-0.0006200581440781,-0.0004954085470085,-0.0005280235653235,-0.0004948021978021
-0.0005858699145299,-0.0005036481074481,-0.0003740825396825,0.0005424476434676,-0.0001063773626373,-0.0004376907448107,-0.0005365484737484,-0.0007025539682539,-0.0006109842246642,-0.0004893665445665,-0.0005250062271062,-0.0004948021978021
-0.0005828342857142,-0.000506682051282,-0.000380165079365,0.0005424476434676,-0.0001002983394383,-0.0004437698168498,-0.0005304512820512,-0.0006964714285714,-0.0006049349450549,-0.0004772825396825,-0.0005189715506715,-0.0004917848595848
-0.0005797986568986,-0.0004945462759462,-0.0003710412698412,0.000536387032967,-0.0001033378510378,-0.0004316116727716,-0.0005334998778998,-0.0006964714285714,-0.0005988856654456,-0.0004772825396825,-0.0005189715506715,-0.0004887675213675
-0.000576763028083,-0.0004884783882783,-0.0003649587301587,0.0005303264224664,-0.0001063773626373,-0.0004255326007326,-0.000539597069597,-0.0006995126984126,-0.0006019103052503,-0.0004833245421245,-0.0005189715506715,-0.0004887675213675
-0.0005828342857142,-0.0004884783882783,-0.0003619174603174,0.0005333567277167,-0.0001094168742368,-0.0004255326007326,-0.000539597069597,-0.0007025539682539,-0.0006019103052503,-0.0004803035409035,-0.0005189715506715,-0.0004917848595848
-0.0005828342857142,-0.0004945462759462,-0.0003679999999999,0.000536387032967,-0.0001063773626373,-0.0004316116727716,-0.000539597069597,-0.0006934301587301,-0.0005898117460317,-0.0004712405372405,-0.0005189715506715,-0.0004948021978021
-0.0005797986568986,-0.0004793765567765,-0.0003558349206349,0.0005272961172161,-0.0001124563858363,-0.0004164139926739,-0.0005304512820512,-0.0006599761904761,-0.0005474667887667,-0.0004531145299145,-0.0005189715506715,-0.0005038542124542
-0.0005828342857142,-0.0004095958485958,-0.0002828444444444,0.0004939627594627,-0.0001489305250305,-0.0003465046642246,-0.0005304512820512,-0.0006173984126984,-0.0004748754334554,-0.0004108205128205,-0.0004918155067155,-0.0004887675213675
-0.0005615848840048,-0.0002670004884004,-0.0001672761904761,0.0004121445177045,-0.0001975627106227,-0.0002158046153846,-0.0005517914529914,-0.0005383253968253,-0.0003599391208791,-0.0003141484737484,-0.0004133647130647,-0.0004344554334554
-0.0004674803907203,-8.192991452991433e-05,-7.603809523809514e-05,0.0002727504761904,-0.0001945231990231,-7.902549450549453e-05,-0.0006005689865689,-0.0004014682539682,-0.0001905592918192,-0.0001359094017094,-0.0002806018315018,-0.0003499699633699
-0.0003187345787545,0.0001668534798534,2.4323809523809613e-05,7.578063492063494e-05,-0.0001702071062271,9.422805860805856e-05,-0.0007072698412698,-0.0003832206349206,-9.080903540903622e-06,0.0001087916971916,-7.240549450549465e-05,-0.0001870336996337
-0.0001578462515262,0.0005096891330891,0.0002068,-0.0001757347008547,-0.0001823651526251,0.0003586676923076,-0.0009359145299145,-0.0006417285714285,0.0001270278876678,0.0004048498168498,0.0002413976800976,9.357875457875396e-05
1.8220219780219504e-05,0.0008221853479853,0.0003406158730158,-0.0004181591208791,-0.0001610885714285,0.0005805538217338,-0.00127126007326,-0.0010462174603174,0.0001209786080586,0.0006646559218559,0.0005491661782661,0.0003922952380952
0.0001396453724053,0.0010315274725274,0.0004227301587301,-0.0005848259096459,-0.0001398119902319,0.0007264515506715,-0.0016096542124542,-0.0014263761904761,3.017655677655597e-06,0.0008066429792429,0.0007754665445665,0.0006487689865689
0.0001791085470085,0.0009496109890109,0.0003071619047619,-0.0005636137728937,-6.382420024419996e-05,0.0006291863980463,-0.0017803755799755,-0.0016423063492063,-0.0002480274481074,0.0006465299145299,0.0007241717948717,0.000703081074481
2.125584859584832e-05,0.0003761956043956,-0.0001064507936507,-0.0001969468376068,6.383528693528722e-05,0.000133742026862,-0.0016553831501831,-0.0017609158730158,-0.000704748058608,8.46236874236869e-05,0.0002836404151404,0.0004254859584859
-0.0002610576312576,-9.70996336996335e-05,-0.0002919682539682,0.000178811013431,1.5203101343101623e-05,-0.0001945278632478,-0.0014389328449328,-0.0019646809523809,-0.0011342469108669,-0.0004259255189255,-0.0001055962148962,0.0001690122100122
-0.0004765872771672,-0.0002761023199023,-0.000255473015873,0.0003757808547008,-0.0001094168742368,-0.0002644371916971,-0.0012651628815628,-0.0020133412698412,-0.0013157252991452,-0.0006676056166056,-0.0002987058608058,2.417997557997498e-05
-0.000576763028083,-0.0004308334554334,-0.0003102158730158,0.0005030536752136,-0.0001337329670329,-0.0003708209523809,-0.001127976068376,-0.0017882873015873,-0.0012703557020757,-0.0007340676434676,-0.0004284514041514,-0.0001327216117216
-0.0006131905738705,-0.0004945462759462,-0.0003375873015873,0.0005515385592185,-0.0001367724786324,-0.0004164139926739,-0.0010243238095238,-0.0015176142857142,-0.0011281976312576,-0.0006978156288156,-0.0004827634920634,-0.0002503978021978
-0.0006071193162393,-0.0004975802197802,-0.0003436698412698,0.0005515385592185,-0.0001306934554334,-0.0004194535286935,-0.0009023799755799,-0.0012743126984126,-0.0009769656410256,-0.0006313536019536,-0.0004978501831501,-0.0003228139194139
-0.0005828342857142,-0.0004884783882783,-0.0003588761904761,0.0005333567277167,-0.0001124563858363,-0.000422493064713,-0.0007560473748473,-0.0010370936507936,-0.0008408568498168,-0.0005709335775335,-0.0005008675213675,-0.0003741086691086
-0.0005585492551892,-0.0004672407814407,-0.0003649587301587,0.0005121445909645,-9.725882783882755e-05,-0.0004164139926739,-0.0006371521367521,-0.0008333285714285,-0.0007228958974358,-0.0005135345543345,-0.0004918155067155,-0.000404282051282
-0.0005403354822954,-0.0004338673992673,-0.0003527936507936,0.0004848718437118,-9.421931623931596e-05,-0.0003920977045177,-0.0005670344322344,-0.0007086365079365,-0.0006351813431013,-0.0004651985347985,-0.0004706941391941,-0.0004103167277167
-0.0005464067399267,-0.0004217316239316,-0.0003284634920634,0.0004818415384615,-0.0001094168742368,-0.0003738604884004,-0.0005365484737484,-0.0006478111111111,-0.0005898117460317,-0.0004440515262515,-0.0004646594627594,-0.0004103167277167
-0.000576763028083,-0.0004338673992673,-0.0003102158730158,0.0005030536752136,-0.0001337329670329,-0.0003708209523809,-0.0005121597069597,-0.0006265222222222,-0.0005746885470085,-0.0004440515262515,-0.0004706941391941,-0.0004193687423687
-0.0005797986568986,-0.0004399352869352,-0.0003102158730158,0.0005091142857142,-0.0001337329670329,-0.0003738604884004,-0.0005030139194139,-0.0006173984126984,-0.0005777131868131,-0.0004531145299145,-0.0004857808302808,-0.0004404901098901
-0.0005585492551892,-0.0004369013431013,-0.0003315047619047,0.000496993064713,-0.0001124563858363,-0.000382979096459,-0.0005060625152625,-0.0006113158730158,-0.0005837624664224,-0.0004651985347985,-0.0005008675213675,-0.0004616114774114
-0.0005433711111111,-0.0004399352869352,-0.0003497523809523,0.0004909324542124,-9.725882783882755e-05,-0.0003951372405372,-0.0005060625152625,-0.0005991507936507,-0.0005777131868131,-0.0004651985347985,-0.0005038848595848,-0.0004706634920634
-0.0005524779975579,-0.000455105006105,-0.0003558349206349,0.0005030536752136,-9.725882783882755e-05,-0.0004042558485958,-0.0004938681318681,-0.0005839444444444,-0.0005625899877899,-0.0004561355311355,-0.0005008675213675,-0.0004736808302808
-0.0005585492551892,-0.0004611728937728,-0.0003588761904761,0.0005091142857142,-0.0001002983394383,-0.0004103349206349,-0.0004877709401709,-0.0005717793650793,-0.000553516068376,-0.0004531145299145,-0.0005008675213675,-0.0004706634920634
-0.0005555136263736,-0.0004581389499389,-0.0003558349206349,0.0005060839804639,-0.0001002983394383,-0.0004072953846153,-0.0004847223443223,-0.0005656968253968,-0.0005474667887667,-0.0004500935286935,-0.0005008675213675,-0.0004736808302808
-0.0005494423687423,-0.000452071062271,-0.0003558349206349,0.0005000233699633,-9.725882783882755e-05,-0.0004042558485958,-0.0004908195360195,-0.0005626555555555,-0.0005444421489621,-0.0004531145299145,-0.0005038848595848,-0.0004736808302808
-0.0005494423687423,-0.0004429692307692,-0.0003527936507936,0.0004939627594627,-9.725882783882755e-05,-0.0003981767765567,-0.0004908195360195,-0.000556573015873,-0.0005444421489621,-0.0004531145299145,-0.0005008675213675,-0.0004736808302808
-0.0005555136263736,-0.0004460031746031,-0.0003436698412698,0.0005000233699633,-0.0001063773626373,-0.0003951372405372,-0.0004877709401709,-0.0005504904761904,-0.0005383928693528,-0.0004500935286935,-0.0005008675213675,-0.0004706634920634
-0.0005585492551892,-0.0004490371184371,-0.0003436698412698,0.0005030536752136,-0.0001063773626373,-0.0003951372405372,-0.0004847223443223,-0.0005413666666666,-0.0005353682295482,-0.0004500935286935,-0.0005038848595848,-0.0004736808302808
-0.0005615848840048,-0.0004490371184371,-0.0003436698412698,0.0005030536752136,-0.0001094168742368,-0.0003951372405372,-0.0004816737484737,-0.0005383253968253,-0.0005323435897435,-0.0004470725274725,-0.0005008675213675,-0.0004736808302808
-0.0005585492551892,-0.0004460031746031,-0.0003406285714285,0.0005000233699633,-0.0001094168742368,-0.0003920977045177,-0.0004816737484737,-0.0005322428571428,-0.0005262943101343,-0.0004410305250305,-0.0004978501831501,-0.0004706634920634
-0.0005524779975579,-0.0004460031746031,-0.0003497523809523,0.000496993064713,-0.0001002983394383,-0.0003981767765567,-0.0004847223443223,-0.0005261603174603,-0.000520245030525,-0.0004410305250305,-0.0004978501831501,-0.0004706634920634
-0.0005494423687423,-0.000455105006105,-0.0003588761904761,0.0005000233699633,-9.421931623931596e-05,-0.0004072953846153,-0.0004847223443223,-0.0005200777777777,-0.0005172203907203,-0.0004440515262515,-0.0005008675213675,-0.0004706634920634
-0.0005494423687423,-0.0004581389499389,-0.0003619174603174,0.0005030536752136,-9.421931623931596e-05,-0.0004103349206349,-0.0004816737484737,-0.0005170365079365,-0.0005172203907203,-0.0004470725274725,-0.0005038848595848,-0.0004736808302808
-0.0005494423687423,-0.000455105006105,-0.0003588761904761,0.0005000233699633,-9.421931623931596e-05,-0.0004072953846153,-0.0004786251526251,-0.0005079126984126,-0.0005141957509157,-0.0004470725274725,-0.0005038848595848,-0.0004736808302808
-0.0005464067399267,-0.000455105006105,-0.0003619174603174,0.0005000233699633,-9.117980463980436e-05,-0.0004072953846153,-0.0004786251526251,-0.0005048714285714,-0.000520245030525,-0.0004470725274725,-0.0005038848595848,-0.0004736808302808
-0.0005464067399267,-0.0004490371184371,-0.0003588761904761,0.000496993064713,-9.421931623931596e-05,-0.0004042558485958,-0.0004816737484737,-0.0005048714285714,-0.000520245030525,-0.0004531145299145,-0.0005099195360195,-0.0004827328449328
-0.0005494423687423,-0.0004460031746031,-0.0003527936507936,0.000496993064713,-9.725882783882755e-05,-0.0003981767765567,-0.0004786251526251,-0.0004957476190476,-0.0005141957509157,-0.0004531145299145,-0.0005129368742368,-0.0004827328449328
-0.0005464067399267,-0.000455105006105,-0.0003619174603174,0.0005000233699633,-9.117980463980436e-05,-0.0004072953846153,-0.0004725279609279,-0.0004835825396825,-0.0005051218315018,-0.0004410305250305,-0.0005069021978021,-0.0004797155067155
-0.0005433711111111,-0.0004581389499389,-0.0003710412698412,0.0005000233699633,-8.510078144078116e-05,-0.0004133744566544,-0.0004694793650793,-0.0004744587301587,-0.0005020971916971,-0.0004380095238095,-0.0005038848595848,-0.0004766981684981
-0.0005464067399267,-0.000455105006105,-0.0003649587301587,0.0005000233699633,-9.117980463980436e-05,-0.0004103349206349,-0.0004725279609279,-0.0004744587301587,-0.0005081464713064,-0.0004410305250305,-0.0005069021978021,-0.0004766981684981
-0.0005524779975579,-0.0004490371184371,-0.0003527936507936,0.0005000233699633,-0.0001002983394383,-0.0004012163125763,-0.0004725279609279,-0.0004683761904761,-0.0005020971916971,-0.0004410305250305,-0.0005008675213675,-0.0004766981684981
-0.0005433711111111,-0.000452071062271,-0.0003649587301587,0.000496993064713,-8.814029304029276e-05,-0.0004072953846153,-0.0004725279609279,-0.0004592523809523,-0.0004960479120879,-0.0004380095238095,-0.0005038848595848,-0.0004827328449328
-0.0005372998534798,-0.0004702747252747,-0.0003892888888888,0.0005030536752136,-7.294273504273476e-05,-0.0004285721367521,-0.0004664307692307,-0.000444046031746,-0.0004930232722832,-0.0004380095238095,-0.0005099195360195,-0.0004827328449328
-0.0005403354822954,-0.0004702747252747,-0.0003832063492063,0.0005030536752136,-7.902175824175796e-05,-0.0004255326007326,-0.0004603335775335,-0.0004318809523809,-0.0004869739926739,-0.0004319675213675,-0.0005038848595848,-0.0004766981684981
-0.0005342642246642,-0.0004642068376068,-0.000380165079365,0.000496993064713,-7.598224664224636e-05,-0.000422493064713,-0.0004633821733821,-0.0004257984126984,-0.0004839493528693,-0.0004349885225885,-0.0005008675213675,-0.0004736808302808
-0.0005372998534798,-0.000455105006105,-0.0003710412698412,0.0004939627594627,-8.206126984126955e-05,-0.0004133744566544,-0.0004664307692307,-0.0004166746031746,-0.0004869739926739,-0.0004380095238095,-0.0005038848595848,-0.0004766981684981
-0.0005403354822954,-0.0004460031746031,-0.0003649587301587,0.0004909324542124,-8.814029304029276e-05,-0.0004042558485958,-0.0004725279609279,-0.0004136333333333,-0.0004899986324786,-0.0004410305250305,-0.0005129368742368,-0.0004887675213675
-0.0005342642246642,-0.0004460031746031,-0.0003679999999999,0.0004879021489621,-8.206126984126955e-05,-0.0004072953846153,-0.0004694793650793,-0.0004014682539682,-0.0004869739926739,-0.0004440515262515,-0.0005189715506715,-0.0004948021978021
-0.0005342642246642,-0.000452071062271,-0.0003771238095238,0.0004909324542124,-7.902175824175796e-05,-0.0004133744566544,-0.0004603335775335,-0.0003801793650793,-0.0004658015140415,-0.0004319675213675,-0.0005129368742368,-0.0004857501831501
-0.0005312285958485,-0.0004581389499389,-0.000380165079365,0.0004939627594627,-7.598224664224636e-05,-0.0004194535286935,-0.0004572849816849,-0.0003619317460317,-0.0004537029548229,-0.0004259255189255,-0.0005069021978021,-0.0004797155067155
-0.0005312285958485,-0.0004581389499389,-0.000380165079365,0.0004939627594627,-7.598224664224636e-05,-0.0004194535286935,-0.0004572849816849,-0.0003497666666666,-0.0004506783150183,-0.0004229045177045,-0.0005038848595848,-0.0004797155067155
-0.0005372998534798,-0.000455105006105,-0.0003740825396825,0.0004939627594627,-8.206126984126955e-05,-0.0004133744566544,-0.0004511877899877,-0.0003345603174603,-0.0004506783150183,-0.0004229045177045,-0.0005069021978021,-0.0004797155067155
-0.0005281929670329,-0.0004460031746031,-0.000380165079365,0.0004848718437118,-7.294273504273476e-05,-0.0004133744566544,-0.0004481391941391,-0.0003193539682539,-0.0004476536752136,-0.0004259255189255,-0.0005069021978021,-0.0004857501831501
-0.000519086080586,-0.0004429692307692,-0.0003832063492063,0.0004788112332112,-6.686371184371155e-05,-0.0004133744566544,-0.000442042002442,-0.0003041476190476,-0.0004416043956043,-0.0004229045177045,-0.0005038848595848,-0.0004827328449328
-0.0005160504517704,-0.0004429692307692,-0.0003832063492063,0.0004788112332112,-6.686371184371155e-05,-0.0004133744566544,-0.0004389934065934,-0.0002858999999999,-0.0004295058363858,-0.0004138415140415,-0.0004948328449328,-0.0004736808302808
-0.000519086080586,-0.0004338673992673,-0.0003740825396825,0.0004757809279609,-7.294273504273476e-05,-0.0004042558485958,-0.0004389934065934,-0.0002615698412698,-0.0004143826373626,-0.0003987365079365,-0.0004857808302808,-0.0004585941391941
-0.0005160504517704,-0.0004277995115995,-0.0003679999999999,0.0004697203174603,-7.294273504273476e-05,-0.0003981767765567,-0.0004359448107448,-0.0002433222222222,-0.0004113579975579,-0.0003957155067155,-0.0004827634920634,-0.0004585941391941
-0.0005099791941391,-0.0004217316239316,-0.0003649587301587,0.0004636597069597,-7.294273504273476e-05,-0.0003920977045177,-0.0004328962148962,-0.0002281158730158,-0.0004113579975579,-0.0003987365079365,-0.0004827634920634,-0.0004676461538461
-0.0005039079365079,-0.000400494017094,-0.0003558349206349,0.0004515384859584,-7.294273504273476e-05,-0.00037690002442,-0.0004328962148962,-0.0002129095238095,-0.0004083333577533,-0.0003987365079365,-0.0004857808302808,-0.0004706634920634
-0.0005008723076923,-0.0003944261294261,-0.0003497523809523,0.0004454778754578,-7.598224664224636e-05,-0.0003708209523809,-0.0004298476190476,-0.0001946619047619,-0.0003932101587301,-0.0003926945054945,-0.0004797461538461,-0.0004676461538461
-0.000494801050061,-0.00039746007326,-0.0003619174603174,0.0004454778754578,-6.686371184371155e-05,-0.0003799395604395,-0.0004237504273504,-0.0001672904761904,-0.0003780869597069,-0.0003806105006105,-0.0004676768009768,-0.0004525594627594
-0.0004856941636141,-0.00039746007326,-0.0003710412698412,0.0004394172649572,-5.774517704517676e-05,-0.000382979096459,-0.0004176532356532,-0.0001490428571428,-0.0003720376800976,-0.0003775894993894,-0.0004676768009768,-0.0004465247863247
-0.0004796229059829,-0.0003822903540903,-0.0003558349206349,0.0004303263492063,-6.078468864468836e-05,-0.0003677814163614,-0.0004146046398046,-0.0001338365079365,-0.000369013040293,-0.0003745684981684,-0.0004616421245421,-0.0004404901098901
-0.0004887297924297,-0.0003580188034188,-0.0003284634920634,0.0004212354334554,-7.902175824175796e-05,-0.0003434651282051,-0.0004054588522588,-0.0001125476190476,-0.0003538898412698,-0.0003564424908424,-0.0004465554334554,-0.000422386080586
-0.0004856941636141,-0.0003489169719169,-0.0003193396825396,0.0004151748229548,-8.206126984126955e-05,-0.0003343465201465,-0.0004024102564102,-8.821746031746001e-05,-0.000335742002442,-0.0003413374847374,-0.000434486080586,-0.0004103167277167
-0.000470516019536,-0.0003398151404151,-0.0003223809523809,0.0004030536019536,-7.294273504273476e-05,-0.0003313069841269,-0.0004085074481074,-7.605238095238064e-05,-0.0003327173626373,-0.0003383164835164,-0.0004284514041514,-0.000404282051282
-0.0004614091330891,-0.0003276793650793,-0.0003193396825396,0.0003939626862026,-6.990322344322315e-05,-0.0003221883760683,-0.0004146046398046,-6.692857142857113e-05,-0.0003327173626373,-0.0003383164835164,-0.0004224167277167,-0.00039523003663
-0.0004553378754578,-0.0003064417582417,-0.0003071746031746,0.0003788111599511,-7.294273504273476e-05,-0.0003069906959706,-0.0004146046398046,-6.084603174603144e-05,-0.0003296927228327,-0.0003352954822954,-0.000416382051282,-0.0003891953601953
-0.0004553378754578,-0.0002852041514041,-0.0002858857142857,0.0003697202442002,-8.510078144078116e-05,-0.0002857139438339,-0.0004146046398046,-5.476349206349176e-05,-0.0003206188034188,-0.0003232114774114,-0.00040733003663,-0.0003741086691086
-0.0004523022466422,-0.0002761023199023,-0.0002798031746031,0.0003636596336996,-8.510078144078116e-05,-0.0002765953357753,-0.0004146046398046,-4.868095238095208e-05,-0.0003145695238095,-0.0003171694749694,-0.000398278021978,-0.0003650566544566
-0.0004462309890109,-0.0002670004884004,-0.0002706793650793,0.0003545687179487,-8.814029304029276e-05,-0.0002674767277167,-0.0004207018315018,-5.172222222222191e-05,-0.0003115448840048,-0.0003111274725274,-0.000389226007326,-0.0003560046398046
-0.0004431953601953,-0.0002487968253968,-0.0002615555555555,0.0003454778021978,-9.117980463980436e-05,-0.0002553185836385,-0.0004298476190476,-5.78047619047616e-05,-0.0003085202442002,-0.0003020644688644,-0.0003801739926739,-0.0003409179487179
-0.0004371241025641,-0.0002396949938949,-0.000255473015873,0.0003363868864468,-9.117980463980436e-05,-0.0002461999755799,-0.0004359448107448,-6.996984126984096e-05,-0.0003054956043956,-0.0002960224664224,-0.0003711219780219,-0.0003258312576312
-0.0004371241025641,-0.0002245252747252,-0.0002402666666666,0.0003303262759462,-9.725882783882755e-05,-0.0002310022954822,-0.0004389934065934,-8.821746031746001e-05,-0.0003085202442002,-0.0002899804639804,-0.0003590526251526,-0.0003167792429792
-0.0004462309890109,-0.0002093555555555,-0.0002128952380952,0.0003272959706959,-0.0001154958974358,-0.0002097255433455,-0.0004450905982905,-0.0001125476190476,-0.0003085202442002,-0.0002839384615384,-0.0003439659340659,-0.0002986752136752
-0.0004462309890109,-0.0002063216117216,-0.0002128952380952,0.0003242656654456,-0.0001154958974358,-0.0002097255433455,-0.0004511877899877,-0.0001460015873015,-0.0003175941636141,-0.0002869594627594,-0.0003409485958485,-0.0002926405372405
-0.0004492666178266,-0.0002002537240537,-0.0002068126984126,0.0003242656654456,-0.0001215749206349,-0.0002036464713064,-0.0004664307692307,-0.0001946619047619,-0.000335742002442,-0.0002960224664224,-0.0003409485958485,-0.0002956578754578
-0.0004553378754578,-0.0001972197802197,-0.0001976888888888,0.0003242656654456,-0.0001276539438339,-0.0001975673992673,-0.0004786251526251,-0.0002402809523809,-0.0003508652014652,-0.0003050854700854,-0.0003500006105006,-0.0002986752136752
-0.0004583735042735,-0.0002063216117216,-0.0002037714285714,0.0003303262759462,-0.0001276539438339,-0.0002036464713064,-0.0004877709401709,-0.0002858999999999,-0.0003599391208791,-0.0003081064713064,-0.0003530179487179,-0.0003016925518925
-0.0004644447619047,-0.0002154234432234,-0.0002098539682539,0.0003394171916971,-0.0001276539438339,-0.000212765079365,-0.0004969167277167,-0.0003284777777777,-0.000369013040293,-0.0003141484737484,-0.0003590526251526,-0.0003016925518925
-0.0004796229059829,-0.0002305931623931,-0.0002037714285714,0.0003545687179487,-0.0001367724786324,-0.0002158046153846,-0.0005030139194139,-0.000377138095238,-0.0003932101587301,-0.0003262324786324,-0.0003711219780219,-0.0003137619047619
-0.0004917654212454,-0.0002487968253968,-0.0002068126984126,0.0003697202442002,-0.0001428515018315,-0.0002279627594627,-0.0005121597069597,-0.0004257984126984,-0.0004143826373626,-0.0003443584859584,-0.0003862086691086,-0.0003318659340659
-0.0005039079365079,-0.0002730683760683,-0.000222019047619,0.000387902075702,-0.0001398119902319,-0.0002461999755799,-0.0005121597069597,-0.0004683761904761,-0.0004325304761904,-0.0003594634920634,-0.0004012953601953,-0.0003529873015873
-0.0005160504517704,-0.0003064417582417,-0.0002463492063492,0.0004091142124542,-0.0001337329670329,-0.0002765953357753,-0.0005091111111111,-0.0005018301587301,-0.0004537029548229,-0.0003745684981684,-0.0004193993894993,-0.0003710913308913
-0.0005251573382173,-0.0003337472527472,-0.0002615555555555,0.000427296043956,-0.0001306934554334,-0.000297872087912,-0.0005121597069597,-0.0005383253968253,-0.0004718507936507,-0.0003836315018315,-0.0004284514041514,-0.0003831606837606
-0.0005221217094017,-0.0003549848595848,-0.0002858857142857,0.0004363869597069,-0.0001185354090354,-0.0003191488400488,-0.0005213054945054,-0.0005717793650793,-0.0004960479120879,-0.0004017575091575,-0.000443538095238,-0.0004012647130647
-0.0005251573382173,-0.0003822903540903,-0.0003071746031746,0.0004515384859584,-0.0001094168742368,-0.0003434651282051,-0.0005274026862026,-0.0005991507936507,-0.0005111711111111,-0.0004168625152625,-0.0004616421245421,-0.0004193687423687
-0.0005464067399267,-0.0004065619047619,-0.0003162984126984,0.0004757809279609,-0.0001154958974358,-0.0003617023443223,-0.0005213054945054,-0.0006173984126984,-0.0005232696703296,-0.0004289465201465,-0.0004737114774114,-0.000431438095238
-0.0005706917704517,-0.0004247655677655,-0.0003071746031746,0.000496993064713,-0.0001306934554334,-0.0003647418803418,-0.0005152083028083,-0.000635646031746,-0.0005383928693528,-0.0004380095238095,-0.0004857808302808,-0.0004435074481074
-0.0005676561416361,-0.0004277995115995,-0.0003162984126984,0.000496993064713,-0.0001246144322344,-0.0003708209523809,-0.000524354090354,-0.0006538936507936,-0.000553516068376,-0.0004531145299145,-0.0004978501831501,-0.0004616114774114
-0.0005555136263736,-0.0004399352869352,-0.0003375873015873,0.000496993064713,-0.0001094168742368,-0.0003890581684981,-0.0005304512820512,-0.0006690999999999,-0.0005656146275946,-0.0004621775335775,-0.0005099195360195,-0.0004736808302808
-0.0005615848840048,-0.0004672407814407,-0.0003588761904761,0.0005121445909645,-0.0001002983394383,-0.0004133744566544,-0.000524354090354,-0.0006751825396825,-0.0005686392673992,-0.0004682195360195,-0.0005189715506715,-0.0004766981684981
-0.0005737273992673,-0.0004854444444444,-0.0003710412698412,0.0005272961172161,-0.0001002983394383,-0.0004285721367521,-0.0005152083028083,-0.000681265079365,-0.0005716639072039,-0.0004742615384615,-0.0005219888888888,-0.0004797155067155
-0.0005676561416361,-0.0004884783882783,-0.0003771238095238,0.0005272961172161,-9.421931623931596e-05,-0.0004316116727716,-0.0005182568986568,-0.0006873476190476,-0.0005807378266178,-0.0004803035409035,-0.0005250062271062,-0.0004827328449328
-0.0005737273992673,-0.0004884783882783,-0.0003740825396825,0.0005303264224664,-0.0001002983394383,-0.0004316116727716,-0.0005213054945054,-0.0006903888888888,-0.0005837624664224,-0.0004833245421245,-0.0005280235653235,-0.0004797155067155
-0.000576763028083,-0.0004915123321123,-0.0003710412698412,0.0005333567277167,-0.0001033378510378,-0.0004316116727716,-0.0005182568986568,-0.0006934301587301,-0.0005867871062271,-0.0004863455433455,-0.0005310409035409,-0.0004827328449328
-0.000576763028083,-0.0005036481074481,-0.0003862476190476,0.0005394173382173,-9.421931623931596e-05,-0.0004437698168498,-0.0005213054945054,-0.0006934301587301,-0.0005928363858363,-0.0004923875457875,-0.0005370755799755,-0.0004917848595848
-0.0005797986568986,-0.0005097159951159,-0.0003832063492063,0.0005424476434676,-9.725882783882755e-05,-0.0004468093528693,-0.0005213054945054,-0.0006934301587301,-0.000595861025641,-0.0004954085470085,-0.0005400929181929,-0.0004978195360195
-0.0005828342857142,-0.0005097159951159,-0.000380165079365,0.0005454779487179,-0.0001002983394383,-0.0004437698168498,-0.0005182568986568,-0.0006934301587301,-0.000595861025641,-0.0004954085470085,-0.0005431102564102,-0.0004978195360195
-0.0005797986568986,-0.0005097159951159,-0.0003832063492063,0.0005424476434676,-9.725882783882755e-05,-0.0004468093528693,-0.0005182568986568,-0.0006934301587301,-0.0005988856654456,-0.0005014505494505,-0.0005461275946275,-0.0004978195360195
-0.0005797986568986,-0.000506682051282,-0.000380165079365,0.0005424476434676,-0.0001002983394383,-0.0004437698168498,-0.0005213054945054,-0.0006934301587301,-0.0005988856654456,-0.0005014505494505,-0.0005461275946275,-0.0005008368742368
-0.0005889055433455,-0.0005127499389499,-0.000380165079365,0.0005485082539682,-0.0001033378510378,-0.0004468093528693,-0.0005152083028083,-0.0006903888888888,-0.0005988856654456,-0.0005014505494505,-0.0005461275946275,-0.0005038542124542
-0.0005828342857142,-0.0005339875457875,-0.0004075365079365,0.0005575991697191,-8.814029304029276e-05,-0.0004711256410256,-0.0005121597069597,-0.0006843063492063,-0.0006019103052503,-0.0005014505494505,-0.0005521622710622,-0.0005129062271062
-0.0005797986568986,-0.0005400554334554,-0.0004166603174603,0.0005575991697191,-8.206126984126955e-05,-0.0004772047130647,-0.0005121597069597,-0.000681265079365,-0.0006079595848595,-0.0005105135531135,-0.0005612142857142,-0.0005219582417582
-0.0005797986568986,-0.0005248857142857,-0.0003953714285714,0.0005515385592185,-9.117980463980436e-05,-0.0004589674969474,-0.0005182568986568,-0.0006782238095238,-0.0006079595848595,-0.0005135345543345,-0.0005642316239316,-0.0005219582417582
-0.0005858699145299,-0.0005097159951159,-0.0003771238095238,0.0005454779487179,-0.0001033378510378,-0.0004437698168498,-0.0005213054945054,-0.0006782238095238,-0.0005988856654456,-0.0005105135531135,-0.0005612142857142,-0.0005219582417582
-0.0005889055433455,-0.0005248857142857,-0.0003892888888888,0.0005545688644688,-0.0001002983394383,-0.0004559279609279,-0.0005121597069597,-0.0006690999999999,-0.000595861025641,-0.0005105135531135,-0.0005642316239316,-0.0005219582417582
-0.0005889055433455,-0.0005279196581196,-0.0003923301587301,0.0005575991697191,-9.725882783882755e-05,-0.0004589674969474,-0.0005091111111111,-0.0006630174603174,-0.0005898117460317,-0.0005105135531135,-0.0005642316239316,-0.0005189409035409
-0.0005858699145299,-0.0005188178266178,-0.0003892888888888,0.0005515385592185,-9.725882783882755e-05,-0.0004528884249084,-0.0005091111111111,-0.0006630174603174,-0.0005898117460317,-0.0005044715506715,-0.0005581969474969,-0.0005129062271062
-0.0005828342857142,-0.0005248857142857,-0.0003953714285714,0.0005515385592185,-9.421931623931596e-05,-0.0004589674969474,-0.0005091111111111,-0.0006599761904761,-0.0005867871062271,-0.0005014505494505,-0.0005551796092796,-0.0005098888888888
-0.0005797986568986,-0.0005309536019536,-0.0004044952380952,0.0005545688644688,-8.814029304029276e-05,-0.0004680861050061,-0.0005091111111111,-0.0006508523809523,-0.0005867871062271,-0.0005014505494505,-0.0005551796092796,-0.0005038542124542
-0.0005797986568986,-0.0005218517704517,-0.0003953714285714,0.0005485082539682,-9.117980463980436e-05,-0.0004589674969474,-0.0005121597069597,-0.0006508523809523,-0.0005898117460317,-0.0004984295482295,-0.0005521622710622,-0.0005008368742368
-0.0005828342857142,-0.0005127499389499,-0.0003862476190476,0.0005454779487179,-9.725882783882755e-05,-0.0004498488888888,-0.0005152083028083,-0.0006569349206349,-0.000595861025641,-0.0005044715506715,-0.0005551796092796,-0.0005068715506715
-0.0005828342857142,-0.000506682051282,-0.000380165079365,0.0005424476434676,-0.0001002983394383,-0.0004437698168498,-0.0005213054945054,-0.0006569349206349,-0.0005988856654456,-0.0005044715506715,-0.0005551796092796,-0.0005098888888888
-0.0005797986568986,-0.0005127499389499,-0.0003832063492063,0.0005454779487179,-9.725882783882755e-05,-0.0004468093528693,-0.0005182568986568,-0.0006508523809523,-0.0005898117460317,-0.0004984295482295,-0.0005521622710622,-0.0005068715506715
-0.000576763028083,-0.0005248857142857,-0.0004044952380952,0.0005485082539682,-8.510078144078116e-05,-0.0004650465689865,-0.0005091111111111,-0.0006386873015873,-0.0005807378266178,-0.0004954085470085,-0.0005491449328449,-0.0005038542124542
-0.000576763028083,-0.0005339875457875,-0.000413619047619,0.0005545688644688,-8.206126984126955e-05,-0.0004741651770451,-0.0005030139194139,-0.0006326047619047,-0.0005777131868131,-0.0004954085470085,-0.0005551796092796,-0.0005098888888888
-0.0005797986568986,-0.0005279196581196,-0.0004044952380952,0.0005515385592185,-8.814029304029276e-05,-0.0004650465689865,-0.0005030139194139,-0.000635646031746,-0.0005807378266178,-0.0005014505494505,-0.0005612142857142,-0.0005159235653235
-0.0005828342857142,-0.0005248857142857,-0.0003984126984126,0.0005515385592185,-9.117980463980436e-05,-0.000462007032967,-0.0005091111111111,-0.0006417285714285,-0.0005837624664224,-0.0004984295482295,-0.0005612142857142,-0.0005189409035409
-0.000576763028083,-0.0005188178266178,-0.0003984126984126,0.0005454779487179,-8.814029304029276e-05,-0.0004589674969474,-0.0005182568986568,-0.0006417285714285,-0.0005867871062271,-0.0004984295482295,-0.0005551796092796,-0.0005159235653235
-0.0005676561416361,-0.0005036481074481,-0.0003862476190476,0.0005333567277167,-9.117980463980436e-05,-0.0004437698168498,-0.0005274026862026,-0.0006417285714285,-0.0005837624664224,-0.0004923875457875,-0.0005461275946275,-0.0005068715506715
-0.0005676561416361,-0.0004945462759462,-0.0003771238095238,0.0005303264224664,-9.421931623931596e-05,-0.0004346512087912,-0.0005274026862026,-0.0006417285714285,-0.0005837624664224,-0.0004863455433455,-0.0005400929181929,-0.0005008368742368
-0.0005706917704517,-0.0004945462759462,-0.000380165079365,0.0005303264224664,-9.421931623931596e-05,-0.0004376907448107,-0.000524354090354,-0.0006417285714285,-0.0005807378266178,-0.0004833245421245,-0.0005400929181929,-0.0005038542124542
-0.0005737273992673,-0.0004915123321123,-0.0003771238095238,0.0005303264224664,-9.725882783882755e-05,-0.0004346512087912,-0.0005304512820512,-0.0006447698412698,-0.0005867871062271,-0.0004863455433455,-0.0005431102564102,-0.0005038542124542
-0.0005737273992673,-0.0004763426129426,-0.0003558349206349,0.0005242658119658,-0.0001094168742368,-0.0004164139926739,-0.000539597069597,-0.0006478111111111,-0.0005898117460317,-0.0004833245421245,-0.0005370755799755,-0.0004978195360195
-0.000576763028083,-0.0004733086691086,-0.0003497523809523,0.0005242658119658,-0.0001124563858363,-0.0004103349206349,-0.0005426456654456,-0.0006447698412698,-0.0005807378266178,-0.0004803035409035,-0.0005310409035409,-0.0004948021978021
-0.0005706917704517,-0.0004824105006105,-0.0003710412698412,0.0005242658119658,-0.0001002983394383,-0.0004255326007326,-0.0005365484737484,-0.0006447698412698,-0.0005746885470085,-0.0004742615384615,-0.0005280235653235,-0.0004917848595848
-0.0005585492551892,-0.0004945462759462,-0.0003923301587301,0.0005242658119658,-8.206126984126955e-05,-0.0004437698168498,-0.0005304512820512,-0.0006417285714285,-0.0005716639072039,-0.0004682195360195,-0.0005250062271062,-0.0004887675213675
-0.0005615848840048,-0.0004945462759462,-0.0003892888888888,0.0005272961172161,-8.510078144078116e-05,-0.0004407302808302,-0.0005304512820512,-0.0006417285714285,-0.0005716639072039,-0.0004682195360195,-0.0005219888888888,-0.0004827328449328
-0.0005676561416361,-0.0004854444444444,-0.0003710412698412,0.0005242658119658,-9.725882783882755e-05,-0.0004285721367521,-0.000539597069597,-0.0006447698412698,-0.0005807378266178,-0.0004712405372405,-0.0005250062271062,-0.0004857501831501
-0.0005585492551892,-0.0004733086691086,-0.0003679999999999,0.0005151748962148,-9.421931623931596e-05,-0.0004194535286935,-0.0005517914529914,-0.0006569349206349,-0.0005928363858363,-0.0004833245421245,-0.0005340582417582,-0.0005008368742368
-0.0005555136263736,-0.0004702747252747,-0.0003710412698412,0.0005121445909645,-9.117980463980436e-05,-0.0004194535286935,-0.00055484004884,-0.0006630174603174,-0.0005928363858363,-0.0004863455433455,-0.0005370755799755,-0.0005038542124542
-0.0005706917704517,-0.0004763426129426,-0.0003619174603174,0.0005212355067155,-0.0001033378510378,-0.0004194535286935,-0.0005426456654456,-0.0006569349206349,-0.0005837624664224,-0.0004742615384615,-0.0005280235653235,-0.0004948021978021
-0.0005797986568986,-0.0004884783882783,-0.0003619174603174,0.0005333567277167,-0.0001094168742368,-0.0004255326007326,-0.0005365484737484,-0.0006538936507936,-0.0005807378266178,-0.0004682195360195,-0.0005219888888888,-0.0004857501831501
-0.0005706917704517,-0.0004824105006105,-0.0003679999999999,0.0005242658119658,-0.0001002983394383,-0.0004255326007326,-0.0005487428571428,-0.0006538936507936,-0.0005867871062271,-0.0004682195360195,-0.0005189715506715,-0.0004857501831501
-0.0005615848840048,-0.0004733086691086,-0.0003649587301587,0.0005151748962148,-9.725882783882755e-05,-0.0004194535286935,-0.0005639858363858,-0.0006569349206349,-0.0005928363858363,-0.0004712405372405,-0.0005159542124542,-0.0004827328449328
-0.0005646205128205,-0.0004793765567765,-0.0003649587301587,0.0005212355067155,-0.0001002983394383,-0.000422493064713,-0.0005639858363858,-0.0006630174603174,-0.0005988856654456,-0.0004803035409035,-0.0005250062271062,-0.0004887675213675
-0.0005706917704517,-0.0004884783882783,-0.0003740825396825,0.0005272961172161,-9.725882783882755e-05,-0.0004316116727716,-0.00055484004884,-0.0006630174603174,-0.0005928363858363,-0.0004772825396825,-0.0005280235653235,-0.0004917848595848
-0.0005676561416361,-0.0004915123321123,-0.000380165079365,0.0005272961172161,-9.421931623931596e-05,-0.0004346512087912,-0.0005456942612942,-0.0006630174603174,-0.0005898117460317,-0.0004712405372405,-0.0005250062271062,-0.0004917848595848
-0.0005737273992673,-0.0004884783882783,-0.0003710412698412,0.0005303264224664,-0.0001002983394383,-0.0004285721367521,-0.0005517914529914,-0.0006660587301587,-0.0005988856654456,-0.0004742615384615,-0.0005250062271062,-0.0004917848595848
-0.0005706917704517,-0.0004824105006105,-0.0003679999999999,0.0005242658119658,-0.0001002983394383,-0.0004255326007326,-0.0005639858363858,-0.0006751825396825,-0.0006079595848595,-0.0004833245421245,-0.0005310409035409,-0.0004978195360195
-0.0005615848840048,-0.0004824105006105,-0.0003740825396825,0.0005212355067155,-9.421931623931596e-05,-0.0004285721367521,-0.0005670344322344,-0.0006782238095238,-0.0006079595848595,-0.0004833245421245,-0.0005280235653235,-0.0005038542124542
-0.0005706917704517,-0.0004945462759462,-0.0003771238095238,0.0005303264224664,-9.725882783882755e-05,-0.0004346512087912,-0.0005609372405372,-0.0006721412698412,-0.0006019103052503,-0.0004803035409035,-0.0005310409035409,-0.0005068715506715
-0.0005737273992673,-0.0005036481074481,-0.0003832063492063,0.000536387032967,-9.421931623931596e-05,-0.0004437698168498,-0.0005578886446886,-0.0006690999999999,-0.0006019103052503,-0.0004803035409035,-0.0005310409035409,-0.0005038542124542
-0.0005676561416361,-0.0004975802197802,-0.0003832063492063,0.0005303264224664,-9.117980463980436e-05,-0.0004407302808302,-0.0005639858363858,-0.0006721412698412,-0.0006019103052503,-0.0004742615384615,-0.0005250062271062,-0.0004948021978021
-0.0005706917704517,-0.0005006141636141,-0.0003832063492063,0.0005333567277167,-9.421931623931596e-05,-0.0004407302808302,-0.0005639858363858,-0.0006690999999999,-0.0006019103052503,-0.0004712405372405,-0.0005189715506715,-0.0004827328449328
-0.0005706917704517,-0.0004915123321123,-0.0003771238095238,0.0005303264224664,-9.725882783882755e-05,-0.0004346512087912,-0.0005670344322344,-0.0006690999999999,-0.0006049349450549,-0.0004742615384615,-0.0005189715506715,-0.0004797155067155
-0.0005646205128205,-0.0004824105006105,-0.0003740825396825,0.0005212355067155,-9.421931623931596e-05,-0.0004285721367521,-0.0005731316239316,-0.000681265079365,-0.0006140088644688,-0.0004863455433455,-0.0005310409035409,-0.0004917848595848
-0.0005676561416361,-0.0004763426129426,-0.0003649587301587,0.0005212355067155,-0.0001002983394383,-0.0004194535286935,-0.0005761802197802,-0.0006873476190476,-0.0006140088644688,-0.0004893665445665,-0.0005340582417582,-0.0004948021978021
-0.0005676561416361,-0.0004915123321123,-0.0003771238095238,0.0005272961172161,-9.421931623931596e-05,-0.0004346512087912,-0.0005731316239316,-0.000681265079365,-0.0006049349450549,-0.0004833245421245,-0.0005340582417582,-0.0004948021978021
-0.0005676561416361,-0.0005036481074481,-0.0003953714285714,0.0005333567277167,-8.510078144078116e-05,-0.0004498488888888,-0.000570083028083,-0.0006751825396825,-0.0006049349450549,-0.0004772825396825,-0.0005280235653235,-0.0004917848595848
-0.0005676561416361,-0.0005006141636141,-0.0003892888888888,0.0005333567277167,-8.814029304029276e-05,-0.0004437698168498,-0.0005731316239316,-0.0006751825396825,-0.0006079595848595,-0.0004772825396825,-0.0005250062271062,-0.0004887675213675
-0.0005706917704517,-0.0004945462759462,-0.0003771238095238,0.0005303264224664,-9.725882783882755e-05,-0.0004346512087912,-0.0005731316239316,-0.0006782238095238,-0.0006140088644688,-0.0004833245421245,-0.0005310409035409,-0.0004948021978021
-0.0005706917704517,-0.0004854444444444,-0.0003679999999999,0.0005272961172161,-0.0001002983394383,-0.0004255326007326,-0.000570083028083,-0.000681265079365,-0.0006170335042735,-0.0004833245421245,-0.0005310409035409,-0.0004978195360195
-0.0005706917704517,-0.0004884783882783,-0.0003710412698412,0.0005272961172161,-0.0001002983394383,-0.0004285721367521,-0.0005670344322344,-0.0006782238095238,-0.0006140088644688,-0.0004833245421245,-0.0005310409035409,-0.0004948021978021
-0.0005706917704517,-0.0004945462759462,-0.000380165079365,0.0005303264224664,-9.421931623931596e-05,-0.0004376907448107,-0.0005670344322344,-0.0006751825396825,-0.0006140088644688,-0.0004863455433455,-0.0005340582417582,-0.0004948021978021
-0.0005585492551892,-0.0004975802197802,-0.0003892888888888,0.0005272961172161,-8.510078144078116e-05,-0.0004437698168498,-0.0005731316239316,-0.0006782238095238,-0.0006200581440781,-0.0004923875457875,-0.0005370755799755,-0.0005008368742368
-0.0005585492551892,-0.0004975802197802,-0.0003892888888888,0.0005272961172161,-8.510078144078116e-05,-0.0004437698168498,-0.0005731316239316,-0.000681265079365,-0.0006230827838827,-0.0004984295482295,-0.0005431102564102,-0.0005008368742368
-0.0005706917704517,-0.0004915123321123,-0.0003771238095238,0.0005303264224664,-9.725882783882755e-05,-0.0004346512087912,-0.000570083028083,-0.000681265079365,-0.0006200581440781,-0.0004923875457875,-0.0005370755799755,-0.0004948021978021
-0.0005706917704517,-0.0004884783882783,-0.0003740825396825,0.0005272961172161,-9.725882783882755e-05,-0.0004316116727716,-0.000570083028083,-0.0006782238095238,-0.0006170335042735,-0.0004863455433455,-0.0005340582417582,-0.0004917848595848
-0.0005676561416361,-0.0004945462759462,-0.0003832063492063,0.0005303264224664,-9.117980463980436e-05,-0.0004376907448107,-0.000570083028083,-0.0006751825396825,-0.0006109842246642,-0.0004803035409035,-0.0005310409035409,-0.0004917848595848
-0.0005737273992673,-0.0005097159951159,-0.0003892888888888,0.0005394173382173,-9.117980463980436e-05,-0.0004498488888888,-0.0005639858363858,-0.0006690999999999,-0.0006079595848595,-0.0004742615384615,-0.0005250062271062,-0.0004917848595848
-0.0005737273992673,-0.0005097159951159,-0.0003892888888888,0.0005394173382173,-9.117980463980436e-05,-0.0004498488888888,-0.0005609372405372,-0.0006721412698412,-0.0006140088644688,-0.0004772825396825,-0.0005250062271062,-0.0004948021978021
-0.0005706917704517,-0.0004975802197802,-0.000380165079365,0.0005333567277167,-9.421931623931596e-05,-0.0004376907448107,-0.0005670344322344,-0.000681265079365,-0.0006230827838827,-0.0004833245421245,-0.0005310409035409,-0.0004978195360195
-0.0005676561416361,-0.0004824105006105,-0.0003649587301587,0.0005242658119658,-0.0001002983394383,-0.000422493064713,-0.0005731316239316,-0.0006873476190476,-0.0006261074236874,-0.0004863455433455,-0.0005310409035409,-0.0004948021978021
-0.0005646205128205,-0.0004702747252747,-0.0003619174603174,0.0005151748962148,-0.0001002983394383,-0.0004164139926739,-0.0005761802197802,-0.0006873476190476,-0.000629132063492,-0.0004893665445665,-0.0005400929181929,-0.0005008368742368
-0.0005615848840048,-0.0004763426129426,-0.0003740825396825,0.0005182052014652,-9.421931623931596e-05,-0.0004255326007326,-0.0005731316239316,-0.0006873476190476,-0.0006321567032967,-0.0004954085470085,-0.0005461275946275,-0.0005068715506715
-0.0005706917704517,-0.0005006141636141,-0.0003832063492063,0.0005333567277167,-9.421931623931596e-05,-0.0004407302808302,-0.0005609372405372,-0.0006843063492063,-0.000629132063492,-0.0004923875457875,-0.0005461275946275,-0.0005038542124542
-0.0005737273992673,-0.0005036481074481,-0.0003862476190476,0.000536387032967,-9.421931623931596e-05,-0.0004437698168498,-0.0005578886446886,-0.0006782238095238,-0.0006230827838827,-0.0004803035409035,-0.0005370755799755,-0.0004948021978021
-0.0005706917704517,-0.0005006141636141,-0.0003862476190476,0.0005333567277167,-9.117980463980436e-05,-0.0004437698168498,-0.0005578886446886,-0.0006721412698412,-0.0006140088644688,-0.0004712405372405,-0.0005250062271062,-0.0004827328449328
-0.0005646205128205,-0.0004854444444444,-0.000380165079365,0.0005242658119658,-9.117980463980436e-05,-0.0004316116727716,-0.0005578886446886,-0.0006660587301587,-0.0006140088644688,-0.0004742615384615,-0.0005189715506715,-0.0004766981684981
-0.0005555136263736,-0.0004763426129426,-0.0003740825396825,0.0005151748962148,-9.117980463980436e-05,-0.0004255326007326,-0.0005578886446886,-0.0006690999999999,-0.0006170335042735,-0.0004772825396825,-0.0005250062271062,-0.0004827328449328
-0.0005464067399267,-0.0004763426129426,-0.0003832063492063,0.0005091142857142,-8.206126984126955e-05,-0.0004285721367521,-0.0005578886446886,-0.0006690999999999,-0.0006230827838827,-0.0004803035409035,-0.0005310409035409,-0.0004948021978021
-0.0005464067399267,-0.0004702747252747,-0.0003771238095238,0.0005060839804639,-8.510078144078116e-05,-0.000422493064713,-0.0005517914529914,-0.0006660587301587,-0.0006200581440781,-0.0004833245421245,-0.0005340582417582,-0.0004978195360195
-0.0005524779975579,-0.0004460031746031,-0.0003527936507936,0.000496993064713,-0.0001002983394383,-0.0003981767765567,-0.0005487428571428,-0.0006569349206349,-0.0006079595848595,-0.0004712405372405,-0.0005250062271062,-0.0004857501831501
-0.0005524779975579,-0.0004217316239316,-0.0003254222222222,0.0004848718437118,-0.0001124563858363,-0.0003738604884004,-0.0005334998778998,-0.000635646031746,-0.0005837624664224,-0.0004500935286935,-0.0005038848595848,-0.0004676461538461
-0.0005464067399267,-0.0004126297924297,-0.0003223809523809,0.0004788112332112,-0.0001124563858363,-0.0003677814163614,-0.000524354090354,-0.0006204396825396,-0.0005656146275946,-0.0004319675213675,-0.0004918155067155,-0.0004585941391941
-0.0005342642246642,-0.0004095958485958,-0.0003284634920634,0.0004697203174603,-0.0001033378510378,-0.0003677814163614,-0.0005274026862026,-0.0006143571428571,-0.0005625899877899,-0.0004289465201465,-0.0004857808302808,-0.0004525594627594
-0.000519086080586,-0.0003913921855921,-0.0003284634920634,0.0004545687912087,-9.421931623931596e-05,-0.0003586628083028,-0.000539597069597,-0.0006143571428571,-0.0005656146275946,-0.0004259255189255,-0.0004827634920634,-0.0004555768009768
-0.0005130148229548,-0.0003822903540903,-0.0003254222222222,0.0004454778754578,-9.421931623931596e-05,-0.0003525837362637,-0.0005487428571428,-0.0006082746031746,-0.0005565407081807,-0.0004229045177045,-0.0004827634920634,-0.0004555768009768
-0.000519086080586,-0.0003944261294261,-0.0003375873015873,0.0004545687912087,-9.117980463980436e-05,-0.0003647418803418,-0.0005670344322344,-0.0006082746031746,-0.000553516068376,-0.0004229045177045,-0.0004827634920634,-0.0004495421245421
-0.0005160504517704,-0.0004095958485958,-0.0003527936507936,0.0004606294017094,-8.206126984126955e-05,-0.0003799395604395,-0.0005944717948717,-0.0006295634920634,-0.0005716639072039,-0.0004319675213675,-0.0004918155067155,-0.0004585941391941
-0.0005160504517704,-0.0004095958485958,-0.0003497523809523,0.0004606294017094,-8.206126984126955e-05,-0.0003799395604395,-0.0006066661782661,-0.0006478111111111,-0.0005898117460317,-0.0004440515262515,-0.0005008675213675,-0.0004676461538461
-0.0005281929670329,-0.0004095958485958,-0.0003406285714285,0.00046669001221,-9.421931623931596e-05,-0.0003738604884004,-0.0006066661782661,-0.0006599761904761,-0.0006019103052503,-0.0004500935286935,-0.0005069021978021,-0.0004736808302808
-0.0005342642246642,-0.0004338673992673,-0.0003558349206349,0.0004818415384615,-8.814029304029276e-05,-0.0003951372405372,-0.0006036175824175,-0.0006660587301587,-0.0006109842246642,-0.0004621775335775,-0.0005159542124542,-0.0004827328449328
-0.0005342642246642,-0.0004642068376068,-0.0003862476190476,0.000496993064713,-7.294273504273476e-05,-0.0004255326007326,-0.0005975203907203,-0.0006599761904761,-0.0006140088644688,-0.0004682195360195,-0.0005189715506715,-0.0004827328449328
-0.0005342642246642,-0.0004733086691086,-0.0003953714285714,0.0005030536752136,-6.990322344322315e-05,-0.0004346512087912,-0.0005914231990231,-0.0006569349206349,-0.0006109842246642,-0.0004621775335775,-0.0005129368742368,-0.0004706634920634
-0.0005372998534798,-0.0004733086691086,-0.0003923301587301,0.0005030536752136,-7.294273504273476e-05,-0.0004316116727716,-0.0005975203907203,-0.0006630174603174,-0.0006140088644688,-0.0004621775335775,-0.0005069021978021,-0.0004616114774114
-0.0005403354822954,-0.0004884783882783,-0.0004044952380952,0.0005121445909645,-6.686371184371155e-05,-0.0004468093528693,-0.0005975203907203,-0.0006690999999999,-0.0006230827838827,-0.0004742615384615,-0.0005189715506715,-0.0004676461538461
-0.0005403354822954,-0.0005036481074481,-0.0004197015873015,0.0005212355067155,-6.078468864468836e-05,-0.000462007032967,-0.0006005689865689,-0.000681265079365,-0.0006412306227106,-0.0004893665445665,-0.0005310409035409,-0.0004797155067155
-0.0005372998534798,-0.0005036481074481,-0.0004227428571428,0.0005182052014652,-5.774517704517676e-05,-0.000462007032967,-0.0006036175824175,-0.0006873476190476,-0.0006503045421245,-0.0005014505494505,-0.0005400929181929,-0.0004948021978021
-0.0005464067399267,-0.000506682051282,-0.0004166603174603,0.0005242658119658,-6.382420024419996e-05,-0.000462007032967,-0.0006036175824175,-0.0006964714285714,-0.0006563538217338,-0.0005105135531135,-0.0005521622710622,-0.0005068715506715
-0.0005676561416361,-0.000506682051282,-0.0003984126984126,0.000536387032967,-8.510078144078116e-05,-0.0004528884249084,-0.0005944717948717,-0.0006964714285714,-0.0006533291819291,-0.0005074925518925,-0.0005521622710622,-0.0005098888888888
-0.0005889055433455,-0.0005157838827838,-0.0003832063492063,0.0005515385592185,-0.0001033378510378,-0.0004498488888888,-0.0005822774114774,-0.0006934301587301,-0.0006472799023199,-0.0004984295482295,-0.0005461275946275,-0.0005038542124542
-0.0005889055433455,-0.0005279196581196,-0.0003892888888888,0.0005575991697191,-0.0001002983394383,-0.0004589674969474,-0.0005792288156288,-0.0006964714285714,-0.0006533291819291,-0.0005014505494505,-0.0005461275946275,-0.0005068715506715
-0.0005797986568986,-0.0005370214896214,-0.0004105777777777,0.0005575991697191,-8.510078144078116e-05,-0.0004741651770451,-0.000585326007326,-0.0007025539682539,-0.0006593784615384,-0.0005074925518925,-0.0005521622710622,-0.0005129062271062
-0.000576763028083,-0.0005370214896214,-0.0004197015873015,0.0005545688644688,-7.902175824175796e-05,-0.0004772047130647,-0.000585326007326,-0.0007025539682539,-0.0006654277411477,-0.0005165555555555,-0.0005642316239316,-0.0005249755799755
-0.0005828342857142,-0.0005400554334554,-0.000413619047619,0.0005606294749694,-8.510078144078116e-05,-0.0004772047130647,-0.0005822774114774,-0.0007025539682539,-0.0006654277411477,-0.0005195765567765,-0.0005672489621489,-0.0005249755799755
-0.0005889055433455,-0.0005400554334554,-0.0004044952380952,0.0005636597802197,-9.117980463980436e-05,-0.0004711256410256,-0.0005761802197802,-0.0007025539682539,-0.0006624031013431,-0.0005135345543345,-0.0005642316239316,-0.0005189409035409
-0.0005858699145299,-0.0005309536019536,-0.0003984126984126,0.0005575991697191,-9.421931623931596e-05,-0.0004650465689865,-0.0005822774114774,-0.0007025539682539,-0.0006624031013431,-0.0005105135531135,-0.0005551796092796,-0.0005129062271062
-0.0005828342857142,-0.0005248857142857,-0.0003984126984126,0.0005515385592185,-9.117980463980436e-05,-0.000462007032967,-0.0005883746031746,-0.0006964714285714,-0.0006563538217338,-0.0005044715506715,-0.0005521622710622,-0.0005098888888888
-0.0005828342857142,-0.0005279196581196,-0.0003984126984126,0.0005545688644688,-9.117980463980436e-05,-0.000462007032967,-0.0005883746031746,-0.0006934301587301,-0.0006563538217338,-0.0005105135531135,-0.0005581969474969,-0.0005129062271062
-0.0005828342857142,-0.0005157838827838,-0.0003892888888888,0.0005485082539682,-9.725882783882755e-05,-0.0004528884249084,-0.000585326007326,-0.0006964714285714,-0.0006563538217338,-0.0005135345543345,-0.0005581969474969,-0.0005189409035409
-0.0005889055433455,-0.0005036481074481,-0.0003740825396825,0.0005454779487179,-0.0001063773626373,-0.0004376907448107,-0.000585326007326,-0.0006995126984126,-0.0006563538217338,-0.0005135345543345,-0.0005581969474969,-0.0005159235653235
-0.0005889055433455,-0.000506682051282,-0.0003771238095238,0.0005454779487179,-0.0001063773626373,-0.0004407302808302,-0.000585326007326,-0.0006934301587301,-0.0006442552625152,-0.0005014505494505,-0.0005521622710622,-0.0005098888888888
-0.0005828342857142,-0.0005248857142857,-0.0004014539682539,0.0005515385592185,-9.117980463980436e-05,-0.000462007032967,-0.000585326007326,-0.0006873476190476,-0.0006351813431013,-0.0004893665445665,-0.0005461275946275,-0.0005098888888888
-0.0005828342857142,-0.0005370214896214,-0.0004075365079365,0.0005575991697191,-8.814029304029276e-05,-0.0004711256410256,-0.000585326007326,-0.0006873476190476,-0.000629132063492,-0.0004833245421245,-0.0005400929181929,-0.0005068715506715
-0.0005919411721611,-0.0005279196581196,-0.0003923301587301,0.0005575991697191,-0.0001002983394383,-0.0004589674969474,-0.0005761802197802,-0.0006630174603174,-0.0006079595848595,-0.0004772825396825,-0.0005400929181929,-0.0005098888888888
-0.0005949768009768,-0.0004915123321123,-0.0003527936507936,0.0005424476434676,-0.0001215749206349,-0.000422493064713,-0.000570083028083,-0.0006295634920634,-0.0005565407081807,-0.0004561355311355,-0.0005340582417582,-0.0005189409035409
-0.0005797986568986,-0.00039746007326,-0.0002737206349206,0.0004879021489621,-0.00015197003663,-0.0003343465201465,-0.000585326007326,-0.0005900269841269,-0.0004839493528693,-0.0004077995115995,-0.0005038848595848,-0.0005008368742368
-0.000519086080586,-0.0002518307692307,-0.0001916063492063,0.0003848717704517,-0.000164128083028,-0.0002218836874236,-0.0006188605616605,-0.0004683761904761,-0.0003538898412698,-0.0002809174603174,-0.0004103473748473,-0.0004404901098901
-0.0003946252991452,-3.035286935286916e-05,-9.42857142857142e-05,0.0002121443711843,-0.0001489305250305,-6.078827838827842e-05,-0.0006920268620268,-0.0003223952380952,-0.0001451896947496,-3.923736263736316e-05,-0.0002232724053724,-0.0003137619047619
-0.0002458794871794,0.0003246185592185,0.0001125206349206,-3.937096459096456e-05,-0.0001793256410256,0.000218849035409,-0.0008596996336996,-0.0004136333333333,5.443653235653228e-05,0.0002870307692307,8.751343101343085e-05,-5.728815628815688e-05
-0.0001123118192918,0.0007190312576312,0.0003740698412698,-0.0003030075213675,-0.0002431553846153,0.0005471189255189,-0.0011218788766788,-0.0007329666666666,0.0001693728449328,0.0006374669108669,0.0004616633699633,0.0002806537240537
1.5184590964590688e-05,0.0010284935286935,0.0005504634920634,-0.0005211894993894,-0.0002674714774114,0.0007902818070818,-0.00144503003663,-0.001143538095238,0.0001209786080586,0.000900294017094,0.0007815012210012,0.0005974742368742
7.893279609279581e-05,0.0011528852258852,0.0006112888888888,-0.0006151289621489,-0.0002644319658119,0.0008814678876678,-0.0017041606837606,-0.0014689539682539,-4.840122100122108e-05,0.000945609035409,0.0009233161172161,0.0007966185592185
1.2148962148961872e-05,0.0007979137973137,0.0003223682539682,-0.0004030075946275,-0.0001550095482295,0.000559277069597,-0.0016980634920634,-0.0016088523809523,-0.0003871608791208,0.0005589208791208,0.0006517556776556,0.0006698903540903
-0.0002094519413919,0.0001547177045177,-9.42857142857142e-05,2.7295750915750945e-05,-5.774517704517676e-05,3.039780219780216e-05,-0.0014724673992673,-0.0017244206349206,-0.0008832018070818,-9.05943833943839e-05,0.0001388081807081,0.0003349658119658
-0.0004371241025641,-0.0001456427350427,-0.0001672761904761,0.0002909323076923,-0.0001337329670329,-0.0001550138949938,-0.0012926002442002,-0.0018825666666666,-0.0012522078632478,-0.0005346815628815,-0.0001870643467643,0.0001207347985347
-0.0005646205128205,-0.0003003738705738,-0.0001946476190476,0.0004303263492063,-0.0001854046642246,-0.0002461999755799,-0.0011554134310134,-0.0018065349206349,-0.0013368977777777,-0.0007129206349206,-0.0003711219780219,-4.521880341880401e-05
-0.0006101549450549,-0.0004460031746031,-0.0002950095238095,0.0005272961172161,-0.000158049059829,-0.0003708209523809,-0.0010487125763125,-0.0015723571428571,-0.0012370846642246,-0.0007280256410256,-0.0004797461538461,-0.000199103052503
-0.000625333089133,-0.0005157838827838,-0.0003467111111111,0.0005697203907203,-0.0001398119902319,-0.0004316116727716,-0.0009603032967032,-0.0013503444444444,-0.0011009758730158,-0.0006796896214896,-0.0005189715506715,-0.0003047098901098
-0.0006222974603174,-0.0005491572649572,-0.000380165079365,0.0005848719169719,-0.0001215749206349,-0.0004650465689865,-0.0008505538461538,-0.0011465793650793,-0.0009769656410256,-0.0006343746031746,-0.0005461275946275,-0.0003831606837606
-0.000601048058608,-0.0005400554334554,-0.0003984126984126,0.0005697203907203,-0.0001002983394383,-0.0004680861050061,-0.0007316586080586,-0.000939773015873,-0.00085598004884,-0.0005799965811965,-0.0005521622710622,-0.000431438095238
-0.0005737273992673,-0.0004884783882783,-0.0003740825396825,0.0005303264224664,-0.0001002983394383,-0.0004316116727716,-0.0006432493284493,-0.0007725031746031,-0.0007440683760683,-0.0005256185592185,-0.0005310409035409,-0.0004495421245421
-0.0005585492551892,-0.0004429692307692,-0.0003436698412698,0.0005000233699633,-0.0001063773626373,-0.0003920977045177,-0.0005975203907203,-0.0006751825396825,-0.0006684523809523,-0.0004833245421245,-0.0005129368742368,-0.0004495421245421
-0.0005585492551892,-0.0004369013431013,-0.000334546031746,0.000496993064713,-0.0001124563858363,-0.0003860186324786,-0.0005731316239316,-0.000635646031746,-0.000629132063492,-0.0004651985347985,-0.0005038848595848,-0.0004525594627594
-0.0005676561416361,-0.0004611728937728,-0.0003497523809523,0.0005121445909645,-0.0001094168742368,-0.0004042558485958,-0.0005487428571428,-0.0006082746031746,-0.0006079595848595,-0.0004561355311355,-0.0005038848595848,-0.0004525594627594
-0.0005676561416361,-0.0004793765567765,-0.0003649587301587,0.0005212355067155,-0.0001002983394383,-0.000422493064713,-0.0005334998778998,-0.0005930682539682,-0.0006019103052503,-0.0004531145299145,-0.0005069021978021,-0.0004555768009768
-0.0005615848840048,-0.0004763426129426,-0.0003710412698412,0.0005182052014652,-9.421931623931596e-05,-0.000422493064713,-0.0005304512820512,-0.0005839444444444,-0.0006019103052503,-0.0004591565323565,-0.0005129368742368,-0.0004676461538461
-0.0005615848840048,-0.0004702747252747,-0.0003679999999999,0.0005151748962148,-9.725882783882755e-05,-0.0004194535286935,-0.0005334998778998,-0.0005778619047619,-0.0006049349450549,-0.0004651985347985,-0.0005219888888888,-0.0004797155067155
-0.0005615848840048,-0.0004672407814407,-0.0003588761904761,0.0005121445909645,-0.0001002983394383,-0.0004133744566544,-0.0005365484737484,-0.0005717793650793,-0.0006019103052503,-0.0004682195360195,-0.0005310409035409,-0.0004917848595848
-0.0005615848840048,-0.0004763426129426,-0.0003679999999999,0.0005182052014652,-9.725882783882755e-05,-0.000422493064713,-0.000524354090354,-0.0005656968253968,-0.000595861025641,-0.0004712405372405,-0.0005370755799755,-0.0004948021978021
-0.0005646205128205,-0.0004793765567765,-0.0003710412698412,0.0005212355067155,-9.725882783882755e-05,-0.0004255326007326,-0.0005182568986568,-0.000556573015873,-0.0005867871062271,-0.0004682195360195,-0.0005340582417582,-0.0004948021978021
-0.0005646205128205,-0.0004763426129426,-0.0003710412698412,0.0005182052014652,-9.725882783882755e-05,-0.000422493064713,-0.0005152083028083,-0.0005474492063492,-0.0005777131868131,-0.0004621775335775,-0.0005280235653235,-0.0004887675213675
-0.0005585492551892,-0.0004824105006105,-0.000380165079365,0.0005182052014652,-8.814029304029276e-05,-0.0004316116727716,-0.0005152083028083,-0.0005413666666666,-0.0005746885470085,-0.0004591565323565,-0.0005310409035409,-0.0004887675213675
-0.0005555136263736,-0.0004824105006105,-0.000380165079365,0.0005182052014652,-8.814029304029276e-05,-0.0004316116727716,-0.0005182568986568,-0.0005383253968253,-0.0005746885470085,-0.0004591565323565,-0.0005310409035409,-0.0004917848595848
-0.0005555136263736,-0.0004733086691086,-0.0003740825396825,0.0005121445909645,-9.117980463980436e-05,-0.000422493064713,-0.0005182568986568,-0.0005413666666666,-0.0005746885470085,-0.0004591565323565,-0.0005280235653235,-0.0004887675213675
-0.0005646205128205,-0.0004672407814407,-0.0003588761904761,0.0005151748962148,-0.0001033378510378,-0.0004133744566544,-0.0005152083028083,-0.0005383253968253,-0.0005716639072039,-0.0004621775335775,-0.0005280235653235,-0.0004857501831501
-0.0005585492551892,-0.0004642068376068,-0.0003588761904761,0.0005091142857142,-0.0001002983394383,-0.0004103349206349,-0.0005182568986568,-0.0005352841269841,-0.0005686392673992,-0.0004621775335775,-0.0005250062271062,-0.0004857501831501
-0.0005494423687423,-0.0004672407814407,-0.0003771238095238,0.0005060839804639,-8.510078144078116e-05,-0.000422493064713,-0.0005213054945054,-0.0005292015873015,-0.0005656146275946,-0.0004621775335775,-0.0005310409035409,-0.0004948021978021
-0.0005494423687423,-0.0004733086691086,-0.000380165079365,0.0005091142857142,-8.510078144078116e-05,-0.0004255326007326,-0.0005182568986568,-0.000523119047619,-0.0005656146275946,-0.0004621775335775,-0.0005370755799755,-0.0005008368742368
-0.0005615848840048,-0.0004733086691086,-0.0003679999999999,0.0005151748962148,-9.725882783882755e-05,-0.0004194535286935,-0.0005152083028083,-0.0005200777777777,-0.0005625899877899,-0.0004621775335775,-0.0005370755799755,-0.0005008368742368
-0.0005585492551892,-0.0004642068376068,-0.0003588761904761,0.0005091142857142,-0.0001002983394383,-0.0004103349206349,-0.0005152083028083,-0.0005139952380952,-0.0005565407081807,-0.0004561355311355,-0.0005310409035409,-0.0004917848595848
-0.0005524779975579,-0.0004672407814407,-0.0003710412698412,0.0005091142857142,-9.117980463980436e-05,-0.0004194535286935,-0.0005152083028083,-0.0005079126984126,-0.000553516068376,-0.0004531145299145,-0.0005250062271062,-0.0004917848595848
-0.0005524779975579,-0.0004763426129426,-0.000380165079365,0.0005121445909645,-8.510078144078116e-05,-0.0004285721367521,-0.0005152083028083,-0.0005018301587301,-0.0005504914285714,-0.0004500935286935,-0.0005250062271062,-0.0004887675213675
-0.0005615848840048,-0.0004733086691086,-0.0003679999999999,0.0005151748962148,-9.725882783882755e-05,-0.0004194535286935,-0.0005091111111111,-0.0004927063492063,-0.0005444421489621,-0.0004470725274725,-0.0005219888888888,-0.0004887675213675
-0.0005615848840048,-0.0004672407814407,-0.0003619174603174,0.0005121445909645,-0.0001002983394383,-0.0004133744566544,-0.0005091111111111,-0.0004927063492063,-0.0005444421489621,-0.0004531145299145,-0.0005280235653235,-0.0004917848595848
-0.0005524779975579,-0.0004672407814407,-0.0003740825396825,0.0005091142857142,-8.814029304029276e-05,-0.0004194535286935,-0.0005152083028083,-0.0004927063492063,-0.0005474667887667,-0.0004591565323565,-0.0005340582417582,-0.0004978195360195
-0.0005464067399267,-0.0004702747252747,-0.000380165079365,0.0005060839804639,-8.206126984126955e-05,-0.0004255326007326,-0.0005182568986568,-0.0004835825396825,-0.0005474667887667,-0.0004591565323565,-0.0005340582417582,-0.0004948021978021
-0.0005342642246642,-0.0004702747252747,-0.0003862476190476,0.0005000233699633,-7.294273504273476e-05,-0.0004285721367521,-0.0005152083028083,-0.0004744587301587,-0.0005414175091575,-0.0004561355311355,-0.0005340582417582,-0.0004948021978021
-0.0005312285958485,-0.0004702747252747,-0.0003892888888888,0.0005000233699633,-6.990322344322315e-05,-0.0004285721367521,-0.0005121597069597,-0.0004683761904761,-0.0005383928693528,-0.0004561355311355,-0.0005340582417582,-0.0004948021978021
-0.0005403354822954,-0.0004702747252747,-0.0003832063492063,0.0005030536752136,-7.902175824175796e-05,-0.0004255326007326,-0.0005060625152625,-0.0004592523809523,-0.0005323435897435,-0.0004531145299145,-0.0005310409035409,-0.0004948021978021
-0.0005494423687423,-0.0004642068376068,-0.0003679999999999,0.0005060839804639,-9.117980463980436e-05,-0.0004164139926739,-0.0005030139194139,-0.0004531698412698,-0.0005323435897435,-0.0004500935286935,-0.0005250062271062,-0.0004887675213675
-0.0005494423687423,-0.0004611728937728,-0.0003679999999999,0.0005030536752136,-9.117980463980436e-05,-0.0004133744566544,-0.0004999653235653,-0.0004470873015873,-0.0005232696703296,-0.0004440515262515,-0.0005219888888888,-0.0004887675213675
-0.0005403354822954,-0.0004733086691086,-0.0003862476190476,0.0005060839804639,-7.598224664224636e-05,-0.0004285721367521,-0.0004999653235653,-0.0004379634920634,-0.000520245030525,-0.0004470725274725,-0.0005250062271062,-0.0004917848595848
-0.0005342642246642,-0.0004763426129426,-0.0003953714285714,0.0005030536752136,-6.990322344322315e-05,-0.0004346512087912,-0.0004999653235653,-0.0004257984126984,-0.000520245030525,-0.0004500935286935,-0.0005310409035409,-0.0004978195360195
-0.0005342642246642,-0.0004672407814407,-0.0003862476190476,0.0005000233699633,-7.294273504273476e-05,-0.0004255326007326,-0.0004969167277167,-0.0004136333333333,-0.0005141957509157,-0.0004440515262515,-0.0005280235653235,-0.0004948021978021
-0.0005372998534798,-0.0004642068376068,-0.000380165079365,0.0005000233699633,-7.902175824175796e-05,-0.000422493064713,-0.0004938681318681,-0.0004014682539682,-0.0005051218315018,-0.0004380095238095,-0.0005219888888888,-0.0004917848595848
-0.0005312285958485,-0.0004581389499389,-0.0003771238095238,0.0004939627594627,-7.598224664224636e-05,-0.0004164139926739,-0.0004908195360195,-0.0003923444444444,-0.0005020971916971,-0.0004349885225885,-0.0005219888888888,-0.0004887675213675
-0.0005372998534798,-0.0004490371184371,-0.0003649587301587,0.0004909324542124,-8.510078144078116e-05,-0.0004072953846153,-0.0004908195360195,-0.0003801793650793,-0.0004930232722832,-0.0004319675213675,-0.0005189715506715,-0.0004887675213675
-0.0005403354822954,-0.0004460031746031,-0.0003619174603174,0.0004909324542124,-8.814029304029276e-05,-0.0004042558485958,-0.0004877709401709,-0.000364973015873,-0.0004839493528693,-0.0004319675213675,-0.0005189715506715,-0.0004887675213675
-0.0005312285958485,-0.000452071062271,-0.0003771238095238,0.0004909324542124,-7.598224664224636e-05,-0.0004133744566544,-0.0004816737484737,-0.0003497666666666,-0.00047790007326,-0.0004289465201465,-0.0005219888888888,-0.0004917848595848
-0.0005221217094017,-0.0004490371184371,-0.0003832063492063,0.0004848718437118,-6.990322344322315e-05,-0.0004164139926739,-0.0004755765567765,-0.000331519047619,-0.0004718507936507,-0.0004259255189255,-0.0005250062271062,-0.0004948021978021
-0.0005160504517704,-0.0004399352869352,-0.0003832063492063,0.0004757809279609,-6.686371184371155e-05,-0.0004103349206349,-0.0004755765567765,-0.0003132714285714,-0.0004627768742368,-0.0004198835164835,-0.0005189715506715,-0.0004887675213675
-0.0005130148229548,-0.0004399352869352,-0.0003862476190476,0.0004757809279609,-6.382420024419996e-05,-0.0004133744566544,-0.0004755765567765,-0.0002919825396825,-0.0004567275946275,-0.0004138415140415,-0.0005129368742368,-0.0004857501831501
-0.0005160504517704,-0.0004429692307692,-0.0003832063492063,0.0004788112332112,-6.686371184371155e-05,-0.0004133744566544,-0.0004694793650793,-0.0002737349206349,-0.0004476536752136,-0.0004077995115995,-0.0005099195360195,-0.0004827328449328
-0.0005130148229548,-0.0004338673992673,-0.0003771238095238,0.0004727506227106,-6.686371184371155e-05,-0.0004042558485958,-0.0004633821733821,-0.0002554873015873,-0.0004355551159951,-0.0004047785103785,-0.0005038848595848,-0.0004766981684981
-0.0005039079365079,-0.0004247655677655,-0.0003740825396825,0.0004636597069597,-6.382420024419996e-05,-0.0003981767765567,-0.0004633821733821,-0.0002341984126984,-0.0004264811965811,-0.0003987365079365,-0.0004978501831501,-0.0004706634920634
-0.0005008723076923,-0.0004126297924297,-0.0003649587301587,0.0004545687912087,-6.686371184371155e-05,-0.0003890581684981,-0.0004603335775335,-0.0002129095238095,-0.0004174072771672,-0.0003957155067155,-0.0004918155067155,-0.0004646288156288
-0.0004978366788766,-0.0003944261294261,-0.0003497523809523,0.0004454778754578,-7.294273504273476e-05,-0.0003708209523809,-0.0004572849816849,-0.0001885793650793,-0.0004083333577533,-0.0003836315018315,-0.0004827634920634,-0.0004555768009768
-0.0004978366788766,-0.0003853242979242,-0.0003436698412698,0.0004394172649572,-7.598224664224636e-05,-0.0003647418803418,-0.0004542363858363,-0.0001703317460317,-0.000402284078144,-0.0003775894993894,-0.0004767288156288,-0.0004495421245421
-0.0004887297924297,-0.0003792564102564,-0.0003406285714285,0.0004333566544566,-7.294273504273476e-05,-0.0003586628083028,-0.0004542363858363,-0.0001490428571428,-0.0003901855189255,-0.0003685264957264,-0.0004706941391941,-0.0004404901098901
-0.0004796229059829,-0.0003701545787545,-0.0003436698412698,0.0004242657387057,-6.686371184371155e-05,-0.0003556232722832,-0.0004511877899877,-0.0001338365079365,-0.0003811115995115,-0.0003655054945054,-0.0004616421245421,-0.0004284207570207
-0.0004644447619047,-0.0003519509157509,-0.0003375873015873,0.0004060839072039,-6.382420024419996e-05,-0.0003434651282051,-0.0004542363858363,-0.0001186301587301,-0.0003780869597069,-0.0003624844932844,-0.0004556074481074,-0.0004193687423687
-0.0004523022466422,-0.0003246454212454,-0.0003284634920634,0.000387902075702,-6.078468864468836e-05,-0.0003252279120879,-0.0004603335775335,-0.0001095063492063,-0.0003750623199023,-0.0003594634920634,-0.0004465554334554,-0.0004103167277167
-0.0004583735042735,-0.0003125096459096,-0.0003071746031746,0.0003848717704517,-7.598224664224636e-05,-0.0003100302319902,-0.0004603335775335,-0.0001003825396825,-0.000369013040293,-0.0003504004884004,-0.000434486080586,-0.0003982473748473
-0.0004674803907203,-0.0003003738705738,-0.0002858857142857,0.0003818414652014,-9.117980463980436e-05,-0.000291793015873,-0.0004603335775335,-9.125873015872984e-05,-0.0003629637606837,-0.0003383164835164,-0.0004224167277167,-0.0003831606837606
-0.0004614091330891,-0.0002852041514041,-0.0002767619047619,0.0003727505494505,-9.117980463980436e-05,-0.0002796348717948,-0.0004603335775335,-8.517619047619017e-05,-0.0003569144810744,-0.0003322744810744,-0.0004103473748473,-0.0003680739926739
-0.0004523022466422,-0.0002730683760683,-0.0002767619047619,0.0003606293284493,-8.814029304029276e-05,-0.0002735557997557,-0.0004664307692307,-8.213492063492033e-05,-0.0003538898412698,-0.0003262324786324,-0.0004012953601953,-0.0003590219780219
-0.0004492666178266,-0.0002578986568986,-0.0002645968253968,0.0003515384126984,-9.117980463980436e-05,-0.0002613976556776,-0.0004694793650793,-8.213492063492033e-05,-0.0003569144810744,-0.0003262324786324,-0.0003952606837606,-0.0003529873015873
-0.0004523022466422,-0.0002518307692307,-0.0002524317460317,0.0003515384126984,-0.0001002983394383,-0.000252279047619,-0.0004694793650793,-9.125873015872984e-05,-0.0003569144810744,-0.0003262324786324,-0.0003922433455433,-0.0003469526251526
-0.0004462309890109,-0.0002457628815628,-0.0002524317460317,0.0003454778021978,-9.725882783882755e-05,-0.0002492395115995,-0.0004755765567765,-0.000106465079365,-0.0003599391208791,-0.0003262324786324,-0.0003922433455433,-0.0003439352869352
-0.0004401597313797,-0.0002396949938949,-0.0002524317460317,0.0003394171916971,-9.421931623931596e-05,-0.0002461999755799,-0.0004816737484737,-0.0001277539682539,-0.0003599391208791,-0.0003232114774114,-0.0003862086691086,-0.0003379006105006
-0.0004401597313797,-0.0002396949938949,-0.0002524317460317,0.0003394171916971,-9.421931623931596e-05,-0.0002461999755799,-0.0004877709401709,-0.0001520841269841,-0.0003659884004884,-0.0003171694749694,-0.0003741393162393,-0.0003228139194139
-0.0004462309890109,-0.0002396949938949,-0.0002493904761904,0.0003424474969474,-9.725882783882755e-05,-0.0002431604395604,-0.0004938681318681,-0.0001824968253968,-0.0003780869597069,-0.0003201904761904,-0.0003681046398046,-0.0003107445665445
-0.0004523022466422,-0.0002275592185592,-0.0002311428571428,0.0003394171916971,-0.0001094168742368,-0.0002279627594627,-0.0005060625152625,-0.0002220333333333,-0.0003901855189255,-0.0003262324786324,-0.0003650873015873,-0.0003016925518925
-0.0004644447619047,-0.0002184573870573,-0.0002098539682539,0.0003394171916971,-0.0001276539438339,-0.000212765079365,-0.0005152083028083,-0.0002676523809523,-0.0004083333577533,-0.0003352954822954,-0.0003681046398046,-0.0003016925518925
-0.000470516019536,-0.0002184573870573,-0.0002037714285714,0.0003424474969474,-0.0001337329670329,-0.0002097255433455,-0.0005274026862026,-0.0003132714285714,-0.0004234565567765,-0.0003352954822954,-0.0003681046398046,-0.0003047098901098
-0.0004765872771672,-0.0002305931623931,-0.0002068126984126,0.0003515384126984,-0.0001337329670329,-0.0002188441514041,-0.0005365484737484,-0.0003558492063492,-0.0004355551159951,-0.0003413374847374,-0.0003771566544566,-0.0003137619047619
-0.0004826585347985,-0.0002548647130647,-0.0002311428571428,0.0003666899389499,-0.0001246144322344,-0.0002431604395604,-0.000539597069597,-0.0003953857142857,-0.0004537029548229,-0.0003534214896214,-0.0003862086691086,-0.0003288485958485
-0.0004856941636141,-0.0002791362637362,-0.0002493904761904,0.0003818414652014,-0.0001185354090354,-0.0002644371916971,-0.0005426456654456,-0.0004349222222222,-0.0004748754334554,-0.0003685264957264,-0.0004043126984126,-0.0003499699633699
-0.0004978366788766,-0.0002943059829059,-0.0002493904761904,0.0003939626862026,-0.0001246144322344,-0.0002705162637362,-0.0005426456654456,-0.0004744587301587,-0.0004930232722832,-0.0003896735042735,-0.000425434065934,-0.0003741086691086
-0.0005069435653235,-0.0003155435897435,-0.0002615555555555,0.0004091142124542,-0.0001215749206349,-0.0002887534798534,-0.0005456942612942,-0.0005109539682539,-0.0005111711111111,-0.0004047785103785,-0.0004465554334554,-0.00039523003663
-0.0005130148229548,-0.000345883028083,-0.0002889269841269,0.000427296043956,-0.0001124563858363,-0.0003161093040293,-0.0005517914529914,-0.0005383253968253,-0.0005293189499389,-0.0004168625152625,-0.0004616421245421,-0.000413334065934
-0.0005281929670329,-0.0003792564102564,-0.0003102158730158,0.0004515384859584,-0.0001094168742368,-0.0003434651282051,-0.0005487428571428,-0.0005596142857142,-0.0005383928693528,-0.0004259255189255,-0.0004737114774114,-0.000422386080586
-0.0005433711111111,-0.000400494017094,-0.0003132571428571,0.0004697203174603,-0.0001154958974358,-0.0003556232722832,-0.0005426456654456,-0.0005748206349206,-0.0005474667887667,-0.0004289465201465,-0.0004797461538461,-0.0004284207570207
-0.0005524779975579,-0.0004126297924297,-0.0003162984126984,0.0004818415384615,-0.0001185354090354,-0.0003647418803418,-0.0005426456654456,-0.0005961095238095,-0.0005595653479853,-0.0004380095238095,-0.0004857808302808,-0.0004344554334554
-0.0005615848840048,-0.0004308334554334,-0.0003254222222222,0.0004939627594627,-0.0001185354090354,-0.00037690002442,-0.0005426456654456,-0.0006113158730158,-0.0005686392673992,-0.0004470725274725,-0.0004948328449328,-0.0004465247863247
-0.0005615848840048,-0.0004429692307692,-0.0003375873015873,0.0005000233699633,-0.0001124563858363,-0.0003890581684981,-0.0005487428571428,-0.0006265222222222,-0.0005837624664224,-0.0004591565323565,-0.0005038848595848,-0.0004585941391941
-0.0005646205128205,-0.000455105006105,-0.0003436698412698,0.0005091142857142,-0.0001094168742368,-0.0003981767765567,-0.0005487428571428,-0.0006386873015873,-0.000595861025641,-0.0004682195360195,-0.0005189715506715,-0.0004736808302808
-0.0005706917704517,-0.0004672407814407,-0.0003497523809523,0.0005182052014652,-0.0001094168742368,-0.0004072953846153,-0.0005426456654456,-0.0006478111111111,-0.0005988856654456,-0.0004742615384615,-0.0005250062271062,-0.0004827328449328
-0.0005706917704517,-0.0004793765567765,-0.0003619174603174,0.0005242658119658,-0.0001033378510378,-0.0004194535286935,-0.0005365484737484,-0.0006508523809523,-0.0006079595848595,-0.0004803035409035,-0.0005340582417582,-0.0004917848595848
-0.0005676561416361,-0.0004884783882783,-0.0003771238095238,0.0005272961172161,-9.421931623931596e-05,-0.0004316116727716,-0.0005365484737484,-0.0006508523809523,-0.0006109842246642,-0.0004863455433455,-0.0005400929181929,-0.0004978195360195
-0.0005615848840048,-0.0004945462759462,-0.0003892888888888,0.0005272961172161,-8.510078144078116e-05,-0.0004407302808302,-0.0005426456654456,-0.0006569349206349,-0.0006170335042735,-0.0004893665445665,-0.0005431102564102,-0.0005038542124542
-0.0005615848840048,-0.0004975802197802,-0.0003923301587301,0.0005272961172161,-8.510078144078116e-05,-0.0004437698168498,-0.0005456942612942,-0.0006569349206349,-0.0006200581440781,-0.0004923875457875,-0.0005461275946275,-0.0005068715506715
-0.0005676561416361,-0.000506682051282,-0.0003892888888888,0.000536387032967,-8.814029304029276e-05,-0.0004468093528693,-0.0005426456654456,-0.0006599761904761,-0.0006200581440781,-0.0004923875457875,-0.0005491449328449,-0.0005098888888888
-0.0005706917704517,-0.0005157838827838,-0.0003984126984126,0.0005424476434676,-8.510078144078116e-05,-0.0004559279609279,-0.0005365484737484,-0.0006599761904761,-0.0006200581440781,-0.0004984295482295,-0.0005551796092796,-0.0005189409035409
-0.0005676561416361,-0.0005188178266178,-0.0004075365079365,0.0005424476434676,-7.902175824175796e-05,-0.000462007032967,-0.0005365484737484,-0.0006599761904761,-0.0006230827838827,-0.0005074925518925,-0.0005612142857142,-0.0005219582417582
-0.000576763028083,-0.0005127499389499,-0.0003892888888888,0.0005424476434676,-9.421931623931596e-05,-0.0004498488888888,-0.0005365484737484,-0.0006569349206349,-0.0006200581440781,-0.0005014505494505,-0.0005551796092796,-0.0005159235653235
-0.0005889055433455,-0.0005097159951159,-0.0003771238095238,0.0005485082539682,-0.0001063773626373,-0.0004437698168498,-0.0005274026862026,-0.0006508523809523,-0.0006140088644688,-0.0004893665445665,-0.0005461275946275,-0.0005068715506715
-0.0005858699145299,-0.0005188178266178,-0.0003862476190476,0.0005515385592185,-0.0001002983394383,-0.0004528884249084,-0.000524354090354,-0.0006478111111111,-0.0006170335042735,-0.0004954085470085,-0.0005521622710622,-0.0005098888888888
-0.0005828342857142,-0.0005157838827838,-0.0003862476190476,0.0005485082539682,-9.725882783882755e-05,-0.0004498488888888,-0.0005274026862026,-0.0006508523809523,-0.0006200581440781,-0.0005014505494505,-0.0005581969474969,-0.0005189409035409
-0.0005797986568986,-0.000506682051282,-0.0003832063492063,0.0005424476434676,-9.725882783882755e-05,-0.0004437698168498,-0.0005304512820512,-0.0006508523809523,-0.0006200581440781,-0.0005014505494505,-0.0005581969474969,-0.0005189409035409
-0.0005737273992673,-0.0005097159951159,-0.0003923301587301,0.0005394173382173,-9.117980463980436e-05,-0.0004498488888888,-0.0005304512820512,-0.0006447698412698,-0.0006170335042735,-0.0004984295482295,-0.0005581969474969,-0.0005189409035409
-0.0005615848840048,-0.0005248857142857,-0.000413619047619,0.0005424476434676,-7.294273504273476e-05,-0.0004680861050061,-0.0005274026862026,-0.0006386873015873,-0.0006170335042735,-0.0005044715506715,-0.0005642316239316,-0.0005219582417582
-0.0005676561416361,-0.0005248857142857,-0.0004075365079365,0.0005454779487179,-7.902175824175796e-05,-0.0004650465689865,-0.000524354090354,-0.000635646031746,-0.0006170335042735,-0.0005044715506715,-0.0005642316239316,-0.0005219582417582
-0.0005858699145299,-0.0005218517704517,-0.0003832063492063,0.0005515385592185,-0.0001002983394383,-0.0004528884249084,-0.0005182568986568,-0.000635646031746,-0.0006170335042735,-0.0005014505494505,-0.0005612142857142,-0.0005189409035409
-0.0005797986568986,-0.0005097159951159,-0.000380165079365,0.0005424476434676,-0.0001002983394383,-0.0004437698168498,-0.0005213054945054,-0.000635646031746,-0.0006170335042735,-0.0005014505494505,-0.0005612142857142,-0.0005159235653235
-0.0005706917704517,-0.0005036481074481,-0.0003862476190476,0.000536387032967,-9.117980463980436e-05,-0.0004437698168498,-0.0005274026862026,-0.0006326047619047,-0.0006170335042735,-0.0005044715506715,-0.0005612142857142,-0.0005189409035409
-0.000576763028083,-0.0005036481074481,-0.0003832063492063,0.0005394173382173,-9.725882783882755e-05,-0.0004437698168498,-0.0005274026862026,-0.0006326047619047,-0.0006170335042735,-0.0005014505494505,-0.0005612142857142,-0.0005189409035409
-0.0005737273992673,-0.000506682051282,-0.0003892888888888,0.0005394173382173,-9.117980463980436e-05,-0.0004468093528693,-0.000524354090354,-0.0006326047619047,-0.0006170335042735,-0.0005044715506715,-0.0005642316239316,-0.0005219582417582
-0.0005737273992673,-0.0005127499389499,-0.0003892888888888,0.0005424476434676,-9.117980463980436e-05,-0.0004498488888888,-0.0005182568986568,-0.0006234809523809,-0.0006109842246642,-0.0005014505494505,-0.0005642316239316,-0.0005189409035409
-0.0005737273992673,-0.0005127499389499,-0.0003923301587301,0.0005424476434676,-9.117980463980436e-05,-0.0004528884249084,-0.0005182568986568,-0.0006173984126984,-0.0006079595848595,-0.0004954085470085,-0.0005581969474969,-0.0005159235653235
-0.0005646205128205,-0.0005127499389499,-0.0004014539682539,0.000536387032967,-8.206126984126955e-05,-0.0004559279609279,-0.000524354090354,-0.0006173984126984,-0.0006140088644688,-0.0004954085470085,-0.0005551796092796,-0.0005159235653235
-0.0005555136263736,-0.0005006141636141,-0.0004014539682539,0.0005272961172161,-7.598224664224636e-05,-0.0004498488888888,-0.0005334998778998,-0.0006234809523809,-0.0006170335042735,-0.0004954085470085,-0.0005551796092796,-0.0005159235653235
-0.0005585492551892,-0.0004915123321123,-0.0003892888888888,0.0005242658119658,-8.510078144078116e-05,-0.0004407302808302,-0.0005365484737484,-0.0006234809523809,-0.0006140088644688,-0.0004954085470085,-0.0005521622710622,-0.0005189409035409
-0.0005615848840048,-0.0004945462759462,-0.0003862476190476,0.0005272961172161,-8.814029304029276e-05,-0.0004407302808302,-0.0005304512820512,-0.0006173984126984,-0.0006079595848595,-0.0004893665445665,-0.0005461275946275,-0.0005159235653235
-0.0005555136263736,-0.0004975802197802,-0.0003953714285714,0.0005242658119658,-7.902175824175796e-05,-0.0004468093528693,-0.0005274026862026,-0.0006143571428571,-0.0006019103052503,-0.0004833245421245,-0.0005400929181929,-0.0005068715506715
-0.0005585492551892,-0.0004884783882783,-0.0003862476190476,0.0005212355067155,-8.510078144078116e-05,-0.0004376907448107,-0.0005304512820512,-0.0006143571428571,-0.0005988856654456,-0.0004772825396825,-0.0005340582417582,-0.0004978195360195
-0.0005646205128205,-0.0004793765567765,-0.0003679999999999,0.0005212355067155,-9.725882783882755e-05,-0.000422493064713,-0.0005304512820512,-0.0006143571428571,-0.0005988856654456,-0.0004712405372405,-0.0005280235653235,-0.0004917848595848
-0.0005676561416361,-0.0004733086691086,-0.0003619174603174,0.0005182052014652,-0.0001033378510378,-0.0004164139926739,-0.0005304512820512,-0.0006173984126984,-0.0005988856654456,-0.0004651985347985,-0.0005219888888888,-0.0004917848595848
-0.0005646205128205,-0.0004702747252747,-0.0003649587301587,0.0005151748962148,-0.0001002983394383,-0.0004164139926739,-0.0005334998778998,-0.0006173984126984,-0.000595861025641,-0.0004621775335775,-0.0005189715506715,-0.0004917848595848
-0.0005585492551892,-0.0004642068376068,-0.0003619174603174,0.0005091142857142,-9.725882783882755e-05,-0.0004133744566544,-0.000539597069597,-0.0006204396825396,-0.0005898117460317,-0.0004591565323565,-0.0005189715506715,-0.0004887675213675
-0.0005524779975579,-0.0004642068376068,-0.0003679999999999,0.0005060839804639,-9.117980463980436e-05,-0.0004164139926739,-0.000539597069597,-0.0006173984126984,-0.0005898117460317,-0.0004561355311355,-0.0005159542124542,-0.0004857501831501
-0.0005464067399267,-0.0004642068376068,-0.0003740825396825,0.0005030536752136,-8.510078144078116e-05,-0.0004194535286935,-0.0005456942612942,-0.0006204396825396,-0.000595861025641,-0.0004591565323565,-0.0005189715506715,-0.0004917848595848
-0.0005433711111111,-0.0004611728937728,-0.0003740825396825,0.0005000233699633,-8.510078144078116e-05,-0.0004164139926739,-0.0005487428571428,-0.0006265222222222,-0.0006019103052503,-0.0004621775335775,-0.0005219888888888,-0.0004917848595848
-0.0005524779975579,-0.0004611728937728,-0.0003679999999999,0.0005060839804639,-9.117980463980436e-05,-0.0004133744566544,-0.0005517914529914,-0.0006295634920634,-0.0006049349450549,-0.0004682195360195,-0.0005250062271062,-0.0004948021978021
-0.0005555136263736,-0.0004672407814407,-0.0003679999999999,0.0005091142857142,-9.421931623931596e-05,-0.0004164139926739,-0.0005487428571428,-0.0006295634920634,-0.0006049349450549,-0.0004651985347985,-0.0005250062271062,-0.0004948021978021
-0.0005524779975579,-0.0004581389499389,-0.0003649587301587,0.0005030536752136,-9.421931623931596e-05,-0.0004103349206349,-0.0005517914529914,-0.0006295634920634,-0.0006019103052503,-0.0004621775335775,-0.0005219888888888,-0.0004887675213675
-0.0005494423687423,-0.0004581389499389,-0.0003649587301587,0.0005030536752136,-9.117980463980436e-05,-0.0004103349206349,-0.0005578886446886,-0.0006326047619047,-0.0006049349450549,-0.0004621775335775,-0.0005219888888888,-0.0004887675213675
-0.0005464067399267,-0.0004611728937728,-0.0003710412698412,0.0005030536752136,-8.814029304029276e-05,-0.0004164139926739,-0.0005609372405372,-0.000635646031746,-0.0006079595848595,-0.0004621775335775,-0.0005189715506715,-0.0004917848595848
-0.0005555136263736,-0.0004611728937728,-0.0003619174603174,0.0005060839804639,-9.725882783882755e-05,-0.0004103349206349,-0.00055484004884,-0.000635646031746,-0.0006019103052503,-0.0004531145299145,-0.0005129368742368,-0.0004857501831501
-0.0005615848840048,-0.0004611728937728,-0.0003558349206349,0.0005091142857142,-0.0001033378510378,-0.0004072953846153,-0.0005517914529914,-0.000635646031746,-0.0005988856654456,-0.0004500935286935,-0.0005069021978021,-0.0004857501831501
-0.0005494423687423,-0.0004702747252747,-0.0003740825396825,0.0005091142857142,-8.814029304029276e-05,-0.000422493064713,-0.0005517914529914,-0.0006386873015873,-0.0006019103052503,-0.0004561355311355,-0.0005129368742368,-0.0004887675213675
-0.0005464067399267,-0.0004733086691086,-0.0003832063492063,0.0005091142857142,-8.206126984126955e-05,-0.0004285721367521,-0.0005578886446886,-0.0006417285714285,-0.0006049349450549,-0.0004621775335775,-0.0005189715506715,-0.0004948021978021
-0.0005585492551892,-0.0004642068376068,-0.0003588761904761,0.0005091142857142,-0.0001002983394383,-0.0004103349206349,-0.00055484004884,-0.0006447698412698,-0.0006019103052503,-0.0004591565323565,-0.0005159542124542,-0.0004887675213675
-0.0005585492551892,-0.0004581389499389,-0.0003558349206349,0.0005060839804639,-0.0001002983394383,-0.0004072953846153,-0.00055484004884,-0.0006478111111111,-0.0006079595848595,-0.0004591565323565,-0.0005189715506715,-0.0004948021978021
-0.0005494423687423,-0.0004642068376068,-0.0003679999999999,0.0005060839804639,-9.117980463980436e-05,-0.0004164139926739,-0.00055484004884,-0.0006508523809523,-0.0006049349450549,-0.0004591565323565,-0.0005219888888888,-0.0004948021978021
-0.0005555136263736,-0.0004733086691086,-0.0003710412698412,0.0005121445909645,-9.117980463980436e-05,-0.000422493064713,-0.0005517914529914,-0.0006478111111111,-0.0006019103052503,-0.0004561355311355,-0.0005159542124542,-0.0004887675213675
-0.0005555136263736,-0.0004793765567765,-0.0003771238095238,0.0005151748962148,-8.814029304029276e-05,-0.0004285721367521,-0.0005517914529914,-0.0006447698412698,-0.0006079595848595,-0.0004621775335775,-0.0005159542124542,-0.0004887675213675
-0.0005433711111111,-0.0004763426129426,-0.000380165079365,0.0005091142857142,-8.206126984126955e-05,-0.0004285721367521,-0.0005578886446886,-0.0006538936507936,-0.0006170335042735,-0.0004651985347985,-0.0005189715506715,-0.0004917848595848
-0.0005494423687423,-0.0004672407814407,-0.0003771238095238,0.0005060839804639,-8.510078144078116e-05,-0.000422493064713,-0.0005609372405372,-0.0006599761904761,-0.0006200581440781,-0.0004651985347985,-0.0005219888888888,-0.0004948021978021
-0.0005555136263736,-0.0004642068376068,-0.0003679999999999,0.0005091142857142,-9.421931623931596e-05,-0.0004164139926739,-0.0005578886446886,-0.0006599761904761,-0.0006200581440781,-0.0004682195360195,-0.0005219888888888,-0.0004948021978021
-0.0005524779975579,-0.0004733086691086,-0.0003771238095238,0.0005121445909645,-8.814029304029276e-05,-0.0004255326007326,-0.0005578886446886,-0.0006569349206349,-0.0006140088644688,-0.0004682195360195,-0.0005189715506715,-0.0004948021978021
-0.0005524779975579,-0.0004763426129426,-0.0003771238095238,0.0005121445909645,-8.814029304029276e-05,-0.0004255326007326,-0.0005609372405372,-0.0006569349206349,-0.0006170335042735,-0.0004651985347985,-0.0005189715506715,-0.0004948021978021
-0.0005615848840048,-0.0004763426129426,-0.0003710412698412,0.0005182052014652,-9.421931623931596e-05,-0.000422493064713,-0.0005609372405372,-0.0006599761904761,-0.0006170335042735,-0.0004651985347985,-0.0005189715506715,-0.0004948021978021
-0.0005585492551892,-0.0004763426129426,-0.0003710412698412,0.0005151748962148,-9.421931623931596e-05,-0.000422493064713,-0.0005639858363858,-0.0006630174603174,-0.0006200581440781,-0.0004682195360195,-0.0005219888888888,-0.0004978195360195
-0.0005555136263736,-0.0004702747252747,-0.0003679999999999,0.0005121445909645,-9.421931623931596e-05,-0.0004194535286935,-0.0005670344322344,-0.0006660587301587,-0.0006261074236874,-0.0004682195360195,-0.0005250062271062,-0.0004978195360195
-0.0005524779975579,-0.0004672407814407,-0.0003710412698412,0.0005091142857142,-9.117980463980436e-05,-0.0004194535286935,-0.000570083028083,-0.0006660587301587,-0.0006261074236874,-0.0004682195360195,-0.0005250062271062,-0.0004978195360195
-0.0005524779975579,-0.0004702747252747,-0.0003740825396825,0.0005091142857142,-8.814029304029276e-05,-0.000422493064713,-0.000570083028083,-0.0006660587301587,-0.0006230827838827,-0.0004682195360195,-0.0005250062271062,-0.0004948021978021
-0.0005585492551892,-0.0004763426129426,-0.0003710412698412,0.0005151748962148,-9.421931623931596e-05,-0.000422493064713,-0.0005639858363858,-0.0006660587301587,-0.0006200581440781,-0.0004651985347985,-0.0005219888888888,-0.0004948021978021
-0.0005524779975579,-0.0004793765567765,-0.0003771238095238,0.0005151748962148,-8.814029304029276e-05,-0.0004285721367521,-0.0005578886446886,-0.0006630174603174,-0.0006200581440781,-0.0004682195360195,-0.0005219888888888,-0.0004948021978021
-0.0005524779975579,-0.0004733086691086,-0.0003771238095238,0.0005121445909645,-8.814029304029276e-05,-0.0004255326007326,-0.0005609372405372,-0.0006630174603174,-0.0006230827838827,-0.0004682195360195,-0.0005189715506715,-0.0004948021978021
-0.0005555136263736,-0.0004702747252747,-0.0003679999999999,0.0005121445909645,-9.421931623931596e-05,-0.0004194535286935,-0.0005639858363858,-0.0006630174603174,-0.0006230827838827,-0.0004651985347985,-0.0005189715506715,-0.0004887675213675
-0.0005585492551892,-0.0004733086691086,-0.0003679999999999,0.0005151748962148,-9.421931623931596e-05,-0.0004194535286935,-0.0005670344322344,-0.0006660587301587,-0.0006261074236874,-0.0004682195360195,-0.0005189715506715,-0.0004917848595848
-0.0005585492551892,-0.0004763426129426,-0.0003740825396825,0.0005151748962148,-9.117980463980436e-05,-0.0004255326007326,-0.000570083028083,-0.0006690999999999,-0.000629132063492,-0.0004712405372405,-0.0005189715506715,-0.0004948021978021
-0.0005555136263736,-0.0004733086691086,-0.000380165079365,0.0005121445909645,-8.814029304029276e-05,-0.0004255326007326,-0.0005731316239316,-0.0006721412698412,-0.0006321567032967,-0.0004712405372405,-0.0005250062271062,-0.0004978195360195
-0.0005615848840048,-0.0004702747252747,-0.0003679999999999,0.0005151748962148,-9.725882783882755e-05,-0.0004194535286935,-0.000570083028083,-0.0006721412698412,-0.000629132063492,-0.0004682195360195,-0.0005189715506715,-0.0004917848595848
-0.0005615848840048,-0.0004702747252747,-0.0003619174603174,0.0005151748962148,-0.0001002983394383,-0.0004164139926739,-0.0005670344322344,-0.0006721412698412,-0.0006261074236874,-0.0004651985347985,-0.0005159542124542,-0.0004917848595848
-0.0005615848840048,-0.0004763426129426,-0.0003710412698412,0.0005182052014652,-9.421931623931596e-05,-0.000422493064713,-0.000570083028083,-0.0006721412698412,-0.000629132063492,-0.0004682195360195,-0.0005189715506715,-0.0004948021978021
-0.0005615848840048,-0.0004702747252747,-0.0003679999999999,0.0005151748962148,-9.725882783882755e-05,-0.0004194535286935,-0.0005761802197802,-0.0006721412698412,-0.000629132063492,-0.0004712405372405,-0.0005250062271062,-0.0004978195360195
-0.0005585492551892,-0.0004642068376068,-0.0003619174603174,0.0005091142857142,-9.725882783882755e-05,-0.0004133744566544,-0.0005792288156288,-0.0006751825396825,-0.0006321567032967,-0.0004712405372405,-0.0005219888888888,-0.0004948021978021
-0.0005555136263736,-0.0004672407814407,-0.0003649587301587,0.0005091142857142,-9.421931623931596e-05,-0.0004164139926739,-0.0005792288156288,-0.0006751825396825,-0.0006321567032967,-0.0004682195360195,-0.0005219888888888,-0.0004978195360195
-0.0005585492551892,-0.0004702747252747,-0.0003679999999999,0.0005121445909645,-9.421931623931596e-05,-0.0004194535286935,-0.0005761802197802,-0.0006751825396825,-0.0006321567032967,-0.0004682195360195,-0.0005219888888888,-0.0004978195360195
-0.0005524779975579,-0.0004642068376068,-0.0003679999999999,0.0005060839804639,-9.117980463980436e-05,-0.0004164139926739,-0.0005822774114774,-0.0006782238095238,-0.0006321567032967,-0.0004712405372405,-0.0005189715506715,-0.0005008368742368
-0.0005464067399267,-0.0004672407814407,-0.0003740825396825,0.0005060839804639,-8.510078144078116e-05,-0.0004194535286935,-0.0005822774114774,-0.0006782238095238,-0.000629132063492,-0.0004682195360195,-0.0005189715506715,-0.0005008368742368
-0.0005494423687423,-0.0004763426129426,-0.000380165079365,0.0005121445909645,-8.510078144078116e-05,-0.0004285721367521,-0.0005761802197802,-0.0006751825396825,-0.000629132063492,-0.0004682195360195,-0.0005189715506715,-0.0004978195360195
-0.0005555136263736,-0.0004672407814407,-0.0003710412698412,0.0005091142857142,-9.117980463980436e-05,-0.0004194535286935,-0.0005792288156288,-0.0006721412698412,-0.0006261074236874,-0.0004651985347985,-0.0005129368742368,-0.0004917848595848
-0.0005524779975579,-0.0004702747252747,-0.0003740825396825,0.0005091142857142,-8.814029304029276e-05,-0.000422493064713,-0.0005792288156288,-0.0006721412698412,-0.000629132063492,-0.0004621775335775,-0.0005129368742368,-0.0004917848595848
-0.0005524779975579,-0.0004702747252747,-0.0003710412698412,0.0005091142857142,-9.117980463980436e-05,-0.0004194535286935,-0.0005792288156288,-0.0006721412698412,-0.000629132063492,-0.0004651985347985,-0.0005159542124542,-0.0004948021978021
-0.0005585492551892,-0.0004672407814407,-0.0003619174603174,0.0005121445909645,-9.725882783882755e-05,-0.0004133744566544,-0.0005761802197802,-0.0006782238095238,-0.000629132063492,-0.0004651985347985,-0.0005129368742368,-0.0004917848595848
-0.0005555136263736,-0.0004642068376068,-0.0003588761904761,0.0005091142857142,-9.725882783882755e-05,-0.0004103349206349,-0.0005761802197802,-0.0006782238095238,-0.000629132063492,-0.0004651985347985,-0.0005159542124542,-0.0004948021978021
-0.0005524779975579,-0.0004611728937728,-0.0003619174603174,0.0005060839804639,-9.421931623931596e-05,-0.0004103349206349,-0.0005792288156288,-0.000681265079365,-0.0006321567032967,-0.0004651985347985,-0.0005159542124542,-0.0004978195360195
-0.0005494423687423,-0.0004581389499389,-0.0003619174603174,0.0005030536752136,-9.421931623931596e-05,-0.0004103349206349,-0.0005822774114774,-0.000681265079365,-0.0006321567032967,-0.0004651985347985,-0.0005159542124542,-0.0004978195360195
-0.0005494423687423,-0.0004642068376068,-0.0003679999999999,0.0005060839804639,-9.117980463980436e-05,-0.0004164139926739,-0.0005822774114774,-0.000681265079365,-0.0006351813431013,-0.0004682195360195,-0.0005189715506715,-0.0004978195360195
-0.0005585492551892,-0.0004672407814407,-0.0003649587301587,0.0005121445909645,-9.725882783882755e-05,-0.0004164139926739,-0.0005792288156288,-0.0006782238095238,-0.0006321567032967,-0.0004651985347985,-0.0005159542124542,-0.0004948021978021
-0.0005585492551892,-0.0004642068376068,-0.0003588761904761,0.0005091142857142,-0.0001002983394383,-0.0004103349206349,-0.0005761802197802,-0.0006751825396825,-0.0006321567032967,-0.0004621775335775,-0.0005129368742368,-0.0004887675213675
-0.0005494423687423,-0.000455105006105,-0.0003619174603174,0.0005000233699633,-9.421931623931596e-05,-0.0004072953846153,-0.000570083028083,-0.0006721412698412,-0.000629132063492,-0.0004621775335775,-0.0005129368742368,-0.0004887675213675
-0.0005464067399267,-0.0004490371184371,-0.0003588761904761,0.000496993064713,-9.421931623931596e-05,-0.0004042558485958,-0.0005670344322344,-0.0006660587301587,-0.0006230827838827,-0.0004561355311355,-0.0005099195360195,-0.0004887675213675
-0.0005433711111111,-0.0004460031746031,-0.0003619174603174,0.0004939627594627,-9.117980463980436e-05,-0.0004042558485958,-0.0005639858363858,-0.0006630174603174,-0.0006200581440781,-0.0004531145299145,-0.0005099195360195,-0.0004887675213675
-0.0005433711111111,-0.0004460031746031,-0.0003588761904761,0.0004939627594627,-9.117980463980436e-05,-0.0004012163125763,-0.0005609372405372,-0.0006599761904761,-0.0006170335042735,-0.0004531145299145,-0.0005069021978021,-0.0004857501831501
-0.0005433711111111,-0.0004369013431013,-0.0003467111111111,0.0004879021489621,-9.725882783882755e-05,-0.0003920977045177,-0.00055484004884,-0.0006508523809523,-0.0006049349450549,-0.0004440515262515,-0.0005008675213675,-0.0004797155067155
-0.0005372998534798,-0.0004126297924297,-0.000334546031746,0.0004727506227106,-0.0001002983394383,-0.0003738604884004,-0.0005426456654456,-0.0006386873015873,-0.0005898117460317,-0.0004289465201465,-0.0004857808302808,-0.0004706634920634
-0.0005281929670329,-0.0003883582417582,-0.0003193396825396,0.000457599096459,-0.0001033378510378,-0.0003525837362637,-0.0005334998778998,-0.0006265222222222,-0.0005777131868131,-0.0004168625152625,-0.0004737114774114,-0.0004585941391941
-0.000519086080586,-0.0003731885225885,-0.0003071746031746,0.0004454778754578,-0.0001063773626373,-0.0003404255921855,-0.0005365484737484,-0.0006173984126984,-0.0005686392673992,-0.0004077995115995,-0.0004676768009768,-0.0004555768009768
-0.0005130148229548,-0.0003640866910866,-0.0003071746031746,0.0004363869597069,-0.0001033378510378,-0.0003343465201465,-0.000539597069597,-0.0006143571428571,-0.0005686392673992,-0.0004077995115995,-0.0004646594627594,-0.0004585941391941
-0.0005069435653235,-0.0003640866910866,-0.0003102158730158,0.0004333566544566,-9.725882783882755e-05,-0.000337386056166,-0.0005426456654456,-0.0006082746031746,-0.0005625899877899,-0.0004077995115995,-0.0004676768009768,-0.0004555768009768
-0.0004978366788766,-0.0003610527472527,-0.0003193396825396,0.000427296043956,-8.814029304029276e-05,-0.0003404255921855,-0.0005639858363858,-0.0006113158730158,-0.0005595653479853,-0.0004047785103785,-0.0004646594627594,-0.0004525594627594
-0.000494801050061,-0.0003762224664224,-0.0003375873015873,0.0004333566544566,-7.902175824175796e-05,-0.0003556232722832,-0.0005944717948717,-0.0006295634920634,-0.0005746885470085,-0.0004108205128205,-0.0004706941391941,-0.0004495421245421
-0.0005069435653235,-0.0003913921855921,-0.0003406285714285,0.0004485081807081,-8.206126984126955e-05,-0.0003647418803418,-0.0006005689865689,-0.0006447698412698,-0.0005837624664224,-0.0004168625152625,-0.0004706941391941,-0.0004495421245421
-0.0005160504517704,-0.0004035279609279,-0.0003436698412698,0.000457599096459,-8.510078144078116e-05,-0.0003738604884004,-0.0005914231990231,-0.0006478111111111,-0.0005898117460317,-0.0004229045177045,-0.0004737114774114,-0.0004525594627594
-0.0005281929670329,-0.0004217316239316,-0.0003467111111111,0.0004727506227106,-9.117980463980436e-05,-0.000382979096459,-0.0005883746031746,-0.0006630174603174,-0.0006079595848595,-0.0004349885225885,-0.0004827634920634,-0.0004616114774114
-0.0005281929670329,-0.0004277995115995,-0.0003527936507936,0.0004757809279609,-8.814029304029276e-05,-0.0003890581684981,-0.0005944717948717,-0.0006721412698412,-0.0006230827838827,-0.0004470725274725,-0.0004887981684981,-0.0004676461538461
-0.0005160504517704,-0.0004186976800976,-0.0003588761904761,0.00046669001221,-7.902175824175796e-05,-0.0003890581684981,-0.0006066661782661,-0.0006721412698412,-0.0006261074236874,-0.0004470725274725,-0.0004887981684981,-0.0004676461538461
-0.0005130148229548,-0.0004186976800976,-0.0003619174603174,0.0004636597069597,-7.598224664224636e-05,-0.0003890581684981,-0.0006097147741147,-0.0006782238095238,-0.0006261074236874,-0.0004470725274725,-0.0004887981684981,-0.0004706634920634
-0.0005221217094017,-0.0004399352869352,-0.0003740825396825,0.0004788112332112,-7.294273504273476e-05,-0.0004072953846153,-0.0006036175824175,-0.000681265079365,-0.0006321567032967,-0.0004561355311355,-0.0005008675213675,-0.0004827328449328
-0.0005221217094017,-0.0004581389499389,-0.0003923301587301,0.0004879021489621,-6.382420024419996e-05,-0.0004255326007326,-0.0006005689865689,-0.0006873476190476,-0.0006472799023199,-0.0004742615384615,-0.0005219888888888,-0.0005008368742368
-0.000519086080586,-0.0004642068376068,-0.0003984126984126,0.0004909324542124,-6.078468864468836e-05,-0.0004316116727716,-0.0006005689865689,-0.0006903888888888,-0.0006533291819291,-0.0004742615384615,-0.0005280235653235,-0.0005038542124542
-0.0005342642246642,-0.0004702747252747,-0.0003892888888888,0.0005000233699633,-7.294273504273476e-05,-0.0004285721367521,-0.0005944717948717,-0.0006934301587301,-0.0006442552625152,-0.0004682195360195,-0.0005189715506715,-0.0004948021978021
-0.0005555136263736,-0.0004763426129426,-0.0003740825396825,0.0005151748962148,-9.117980463980436e-05,-0.0004255326007326,-0.0005883746031746,-0.0006903888888888,-0.0006382059829059,-0.0004651985347985,-0.0005129368742368,-0.0004887675213675
-0.0005676561416361,-0.0004824105006105,-0.0003679999999999,0.0005242658119658,-0.0001002983394383,-0.0004255326007326,-0.0005822774114774,-0.0006934301587301,-0.0006412306227106,-0.0004712405372405,-0.0005159542124542,-0.0004917848595848
-0.000576763028083,-0.0004945462759462,-0.0003679999999999,0.0005333567277167,-0.0001033378510378,-0.0004316116727716,-0.0005792288156288,-0.0007025539682539,-0.0006503045421245,-0.0004803035409035,-0.0005250062271062,-0.0005008368742368
-0.000576763028083,-0.0005036481074481,-0.000380165079365,0.0005394173382173,-9.725882783882755e-05,-0.0004407302808302,-0.0005822774114774,-0.0007086365079365,-0.0006563538217338,-0.0004863455433455,-0.0005310409035409,-0.0005068715506715
-0.0005706917704517,-0.0005036481074481,-0.0003832063492063,0.000536387032967,-9.421931623931596e-05,-0.0004437698168498,-0.0005822774114774,-0.0007086365079365,-0.0006563538217338,-0.0004863455433455,-0.0005280235653235,-0.0005098888888888
-0.0005737273992673,-0.0004975802197802,-0.0003771238095238,0.0005333567277167,-9.725882783882755e-05,-0.0004376907448107,-0.000585326007326,-0.0007025539682539,-0.0006563538217338,-0.0004833245421245,-0.0005280235653235,-0.0005098888888888
-0.000576763028083,-0.0005006141636141,-0.000380165079365,0.000536387032967,-9.725882783882755e-05,-0.0004407302808302,-0.0005883746031746,-0.0007086365079365,-0.0006593784615384,-0.0004863455433455,-0.0005340582417582,-0.0005129062271062
-0.0005676561416361,-0.0005036481074481,-0.0003862476190476,0.0005333567277167,-9.117980463980436e-05,-0.0004437698168498,-0.0005883746031746,-0.0007086365079365,-0.0006593784615384,-0.0004863455433455,-0.0005370755799755,-0.0005159235653235
-0.0005646205128205,-0.0005006141636141,-0.0003892888888888,0.0005303264224664,-8.814029304029276e-05,-0.0004437698168498,-0.000585326007326,-0.0007055952380952,-0.0006563538217338,-0.0004863455433455,-0.0005340582417582,-0.0005098888888888
-0.0005676561416361,-0.0004945462759462,-0.000380165079365,0.0005303264224664,-9.421931623931596e-05,-0.0004376907448107,-0.000585326007326,-0.0007055952380952,-0.0006533291819291,-0.0004833245421245,-0.0005280235653235,-0.0005068715506715
-0.0005676561416361,-0.0004884783882783,-0.0003771238095238,0.0005272961172161,-9.421931623931596e-05,-0.0004316116727716,-0.000585326007326,-0.0007025539682539,-0.0006503045421245,-0.0004772825396825,-0.0005280235653235,-0.0005038542124542
-0.0005706917704517,-0.0004824105006105,-0.0003710412698412,0.0005242658119658,-0.0001002983394383,-0.0004255326007326,-0.000585326007326,-0.0007025539682539,-0.0006442552625152,-0.0004712405372405,-0.0005250062271062,-0.0005038542124542
-0.0005737273992673,-0.0004824105006105,-0.0003649587301587,0.0005272961172161,-0.0001033378510378,-0.000422493064713,-0.0005822774114774,-0.0007025539682539,-0.0006382059829059,-0.0004682195360195,-0.0005189715506715,-0.0005008368742368
-0.0005737273992673,-0.0004793765567765,-0.0003649587301587,0.0005242658119658,-0.0001033378510378,-0.000422493064713,-0.0005822774114774,-0.0007025539682539,-0.0006412306227106,-0.0004682195360195,-0.0005159542124542,-0.0004948021978021
-0.0005676561416361,-0.0004733086691086,-0.0003619174603174,0.0005182052014652,-0.0001033378510378,-0.0004164139926739,-0.0005914231990231,-0.0007086365079365,-0.0006412306227106,-0.0004651985347985,-0.0005129368742368,-0.0004948021978021
-0.0005706917704517,-0.0004672407814407,-0.0003497523809523,0.0005182052014652,-0.0001094168742368,-0.0004072953846153,-0.0005944717948717,-0.0006934301587301,-0.0006230827838827,-0.0004591565323565,-0.0005129368742368,-0.0005008368742368
-0.0005737273992673,-0.000455105006105,-0.0003315047619047,0.0005121445909645,-0.0001215749206349,-0.0003920977045177,-0.0005792288156288,-0.0006538936507936,-0.0005746885470085,-0.0004410305250305,-0.0005159542124542,-0.0005159235653235
-0.0005706917704517,-0.0003883582417582,-0.000267638095238,0.0004788112332112,-0.00015197003663,-0.0003282674481074,-0.0005761802197802,-0.000602192063492,-0.0005051218315018,-0.0003987365079365,-0.0004948328449328,-0.0005038542124542
-0.0005221217094017,-0.0002336271062271,-0.0001672761904761,0.0003757808547008,-0.0001762861294261,-0.0002006069352869,-0.0006066661782661,-0.0005018301587301,-0.0003780869597069,-0.0002839384615384,-0.0004043126984126,-0.0004435074481074
-0.000412839072039,-1.5183150183149986e-05,-6.387301587301577e-05,0.0002121443711843,-0.0001732466178266,-3.9511526251526285e-05,-0.0006737352869352,-0.0003801793650793,-0.0001784607326007,-6.340537240537292e-05,-0.0002353417582417,-0.0003318659340659
-0.0002701645177045,0.0003033809523809,0.0001125206349206,-1.512852258852256e-05,-0.0001914836874236,0.0002066908913308,-0.000826165079365,-0.0004653349206349,2.1165494505494422e-05,0.0002356737484737,3.923601953601938e-05,-0.0001116002442002
-0.0001214187057387,0.0006856578754578,0.0003466984126984,-0.0002817953846153,-0.0002340368498168,0.0005167235653235,-0.0010944415140415,-0.0007785857142857,0.0001572742857142,0.0005800678876678,0.0003922645909645,0.0001991855921855
3.339836385836358e-05,0.0010163577533577,0.0005139682539682,-0.0005242198046398,-0.0002401158730158,0.0007659655189255,-0.0014358842490842,-0.0011496206349206,0.0001572742857142,0.000876126007326,0.0007302064713064,0.0005129887667887
0.0001366097435897,0.0012226659340659,0.0006173714285714,-0.0006787653724053,-0.0002401158730158,0.0009209818559218,-0.0017498896214896,-0.0014598301587301,4.536261294261286e-05,0.001012071062271,0.0009384028083028,0.0007573931623931
0.0001275028571428,0.0010193916971916,0.0004288126984126,-0.0005727046886446,-0.0001489305250305,0.000723412014652,-0.0018413474969474,-0.0016149349206349,-0.000251052087912,0.0007371599511599,0.0007875358974358,0.0007362717948717
-7.588427350427377e-05,0.0003579919413919,-2.1295238095238e-05,-0.000139371037851,-2.735006105006077e-05,0.0001671769230769,-0.0016462373626373,-0.0017274619047619,-0.0007591915750915,8.46236874236869e-05,0.000289675091575,0.0004254859584859
-0.0003521264957264,-6.372625152625133e-05,-0.0001703174603174,0.0002060837606837,-9.117980463980436e-05,-0.0001154999267399,-0.001429787057387,-0.0019129793650793,-0.001191715067155,-0.0004198835164835,-8.14575091575093e-05,0.0001840989010989
-0.0005221217094017,-0.0002609326007326,-0.0001916063492063,0.0003909323809523,-0.000164128083028,-0.0002249232234432,-0.0012590656898656,-0.0018886492063492,-0.0013399224175824,-0.0006525006105006,-0.0002956885225885,1.5127960927960329e-05
-0.0005889055433455,-0.0004035279609279,-0.000267638095238,0.0004939627594627,-0.0001610885714285,-0.0003343465201465,-0.0011340732600732,-0.0016635952380952,-0.0012582571428571,-0.0006917736263736,-0.0004133647130647,-0.0001417736263736
-0.0006040836874236,-0.0004490371184371,-0.000301092063492,0.0005242658119658,-0.00015197003663,-0.0003738604884004,-0.0010426153846153,-0.0014263761904761,-0.0011130744322344,-0.0006464586080586,-0.0004586247863247,-0.0002503978021978
-0.000601048058608,-0.0004611728937728,-0.0003162984126984,0.0005303264224664,-0.0001428515018315,-0.0003890581684981,-0.0009267687423687,-0.001210446031746,-0.0009830149206349,-0.0005951015873015,-0.0004827634920634,-0.0003348832722832
-0.0005949768009768,-0.0004581389499389,-0.0003193396825396,0.0005242658119658,-0.0001367724786324,-0.0003890581684981,-0.0007834847374847,-0.0009914746031746,-0.0008590046886446,-0.0005467655677655,-0.0005008675213675,-0.0003982473748473
-0.000576763028083,-0.0004338673992673,-0.0003162984126984,0.0005030536752136,-0.0001306934554334,-0.0003738604884004,-0.000667638095238,-0.0008120396825396,-0.000747093015873,-0.0004954085470085,-0.0004948328449328,-0.000431438095238
-0.0005464067399267,-0.0004065619047619,-0.0003132571428571,0.0004757809279609,-0.0001154958974358,-0.0003586628083028,-0.0006097147741147,-0.0007055952380952,-0.0006624031013431,-0.0004500935286935,-0.0004767288156288,-0.0004344554334554
-0.0005281929670329,-0.0003913921855921,-0.0003162984126984,0.000457599096459,-0.0001063773626373,-0.0003525837362637,-0.0005883746031746,-0.0006538936507936,-0.0006230827838827,-0.0004289465201465,-0.0004706941391941,-0.0004344554334554
-0.0005372998534798,-0.0004035279609279,-0.0003193396825396,0.0004697203174603,-0.0001094168742368,-0.0003617023443223,-0.0005731316239316,-0.000635646031746,-0.0006109842246642,-0.0004289465201465,-0.0004737114774114,-0.0004404901098901
-0.0005403354822954,-0.0004126297924297,-0.0003254222222222,0.0004757809279609,-0.0001063773626373,-0.0003677814163614,-0.0005639858363858,-0.0006234809523809,-0.0006109842246642,-0.0004349885225885,-0.0004797461538461,-0.0004525594627594
-0.0005403354822954,-0.0004126297924297,-0.0003284634920634,0.0004757809279609,-0.0001063773626373,-0.0003708209523809,-0.0005578886446886,-0.0006113158730158,-0.0006079595848595,-0.0004380095238095,-0.0004857808302808,-0.0004616114774114
-0.0005433711111111,-0.0004126297924297,-0.0003254222222222,0.0004757809279609,-0.0001094168742368,-0.0003677814163614,-0.00055484004884,-0.0005991507936507,-0.0005988856654456,-0.0004349885225885,-0.0004857808302808,-0.0004646288156288
-0.0005433711111111,-0.0004126297924297,-0.0003284634920634,0.0004757809279609,-0.0001063773626373,-0.0003708209523809,-0.0005517914529914,-0.0005869857142857,-0.0005928363858363,-0.0004349885225885,-0.0004887981684981,-0.0004706634920634
-0.0005403354822954,-0.0004156637362637,-0.000334546031746,0.0004757809279609,-0.0001033378510378,-0.0003738604884004,-0.0005426456654456,-0.0005778619047619,-0.0005898117460317,-0.0004380095238095,-0.0004918155067155,-0.0004797155067155
-0.0005403354822954,-0.0004186976800976,-0.000334546031746,0.0004788112332112,-0.0001033378510378,-0.00037690002442,-0.000539597069597,-0.0005778619047619,-0.0005837624664224,-0.0004380095238095,-0.0004948328449328,-0.0004827328449328
-0.0005464067399267,-0.0004186976800976,-0.0003315047619047,0.0004818415384615,-0.0001063773626373,-0.0003738604884004,-0.0005334998778998,-0.000568738095238,-0.0005746885470085,-0.0004349885225885,-0.0004948328449328,-0.0004797155067155
-0.0005555136263736,-0.0004217316239316,-0.0003223809523809,0.0004879021489621,-0.0001154958974358,-0.0003708209523809,-0.000524354090354,-0.000556573015873,-0.0005625899877899,-0.0004259255189255,-0.0004887981684981,-0.0004706634920634
-0.0005555136263736,-0.0004247655677655,-0.0003254222222222,0.0004879021489621,-0.0001154958974358,-0.0003738604884004,-0.000524354090354,-0.0005504904761904,-0.0005595653479853,-0.0004229045177045,-0.0004857808302808,-0.0004706634920634
-0.0005433711111111,-0.0004217316239316,-0.000334546031746,0.0004818415384615,-0.0001033378510378,-0.00037690002442,-0.0005274026862026,-0.0005504904761904,-0.0005625899877899,-0.0004289465201465,-0.0004887981684981,-0.0004736808302808
-0.0005372998534798,-0.0004217316239316,-0.0003406285714285,0.0004788112332112,-9.725882783882755e-05,-0.0003799395604395,-0.0005274026862026,-0.0005504904761904,-0.0005656146275946,-0.0004289465201465,-0.0004918155067155,-0.0004797155067155
-0.0005403354822954,-0.0004186976800976,-0.0003375873015873,0.0004788112332112,-0.0001002983394383,-0.00037690002442,-0.0005274026862026,-0.0005504904761904,-0.0005656146275946,-0.0004319675213675,-0.0004978501831501,-0.0004857501831501
-0.0005464067399267,-0.0004156637362637,-0.0003284634920634,0.0004788112332112,-0.0001094168742368,-0.0003708209523809,-0.000524354090354,-0.0005444079365079,-0.0005625899877899,-0.0004319675213675,-0.0004978501831501,-0.0004857501831501
-0.0005433711111111,-0.0004095958485958,-0.0003254222222222,0.0004757809279609,-0.0001094168742368,-0.0003677814163614,-0.000524354090354,-0.0005413666666666,-0.0005565407081807,-0.0004319675213675,-0.0004978501831501,-0.0004827328449328
-0.0005433711111111,-0.0004095958485958,-0.0003254222222222,0.0004757809279609,-0.0001094168742368,-0.0003677814163614,-0.000524354090354,-0.0005352841269841,-0.000553516068376,-0.0004289465201465,-0.0004978501831501,-0.0004857501831501
-0.0005464067399267,-0.0004156637362637,-0.0003254222222222,0.0004788112332112,-0.0001094168742368,-0.0003708209523809,-0.0005213054945054,-0.0005292015873015,-0.0005504914285714,-0.0004319675213675,-0.0005008675213675,-0.0004887675213675
-0.0005403354822954,-0.0004186976800976,-0.000334546031746,0.0004788112332112,-0.0001033378510378,-0.00037690002442,-0.0005182568986568,-0.000523119047619,-0.0005474667887667,-0.0004319675213675,-0.0005008675213675,-0.0004827328449328
-0.0005342642246642,-0.0004126297924297,-0.000334546031746,0.0004727506227106,-0.0001002983394383,-0.0003738604884004,-0.0005182568986568,-0.0005139952380952,-0.0005444421489621,-0.0004289465201465,-0.0004978501831501,-0.0004797155067155
-0.0005312285958485,-0.0004095958485958,-0.0003375873015873,0.0004697203174603,-9.725882783882755e-05,-0.0003738604884004,-0.0005182568986568,-0.0005079126984126,-0.0005414175091575,-0.0004259255189255,-0.0004948328449328,-0.0004797155067155
-0.0005342642246642,-0.0004126297924297,-0.0003315047619047,0.0004727506227106,-0.0001002983394383,-0.0003708209523809,-0.0005182568986568,-0.0005018301587301,-0.0005353682295482,-0.0004198835164835,-0.0004887981684981,-0.0004736808302808
-0.0005433711111111,-0.0004095958485958,-0.0003162984126984,0.0004757809279609,-0.0001124563858363,-0.0003617023443223,-0.0005091111111111,-0.000489665079365,-0.0005262943101343,-0.0004138415140415,-0.0004857808302808,-0.0004676461538461
-0.0005464067399267,-0.0004095958485958,-0.0003132571428571,0.0004757809279609,-0.0001154958974358,-0.0003617023443223,-0.0005030139194139,-0.0004835825396825,-0.0005232696703296,-0.0004108205128205,-0.0004827634920634,-0.0004736808302808
-0.0005342642246642,-0.0004035279609279,-0.0003254222222222,0.00046669001221,-0.0001033378510378,-0.0003647418803418,-0.0005030139194139,-0.0004805412698412,-0.0005262943101343,-0.0004168625152625,-0.0004918155067155,-0.0004797155067155
-0.0005221217094017,-0.000400494017094,-0.000334546031746,0.0004606294017094,-9.421931623931596e-05,-0.0003677814163614,-0.0005091111111111,-0.0004744587301587,-0.0005293189499389,-0.0004198835164835,-0.0004948328449328,-0.0004857501831501
-0.0005160504517704,-0.0003944261294261,-0.000334546031746,0.0004545687912087,-9.117980463980436e-05,-0.0003647418803418,-0.0005121597069597,-0.0004653349206349,-0.0005262943101343,-0.0004198835164835,-0.0004948328449328,-0.0004857501831501
-0.0005221217094017,-0.0004035279609279,-0.0003375873015873,0.0004606294017094,-9.117980463980436e-05,-0.0003708209523809,-0.0005060625152625,-0.0004531698412698,-0.0005172203907203,-0.0004168625152625,-0.0004948328449328,-0.0004857501831501
-0.0005251573382173,-0.0004095958485958,-0.0003406285714285,0.00046669001221,-9.117980463980436e-05,-0.0003738604884004,-0.0004999653235653,-0.000444046031746,-0.0005111711111111,-0.0004138415140415,-0.0004978501831501,-0.0004887675213675
-0.0005281929670329,-0.0004065619047619,-0.0003375873015873,0.00046669001221,-9.421931623931596e-05,-0.0003708209523809,-0.0004999653235653,-0.0004349222222222,-0.0005081464713064,-0.0004108205128205,-0.0004948328449328,-0.0004857501831501
-0.0005251573382173,-0.000400494017094,-0.0003315047619047,0.0004606294017094,-9.725882783882755e-05,-0.0003647418803418,-0.0004969167277167,-0.0004227571428571,-0.0005020971916971,-0.0004077995115995,-0.0004857808302808,-0.0004797155067155
-0.0005221217094017,-0.0003913921855921,-0.0003284634920634,0.0004545687912087,-9.725882783882755e-05,-0.0003586628083028,-0.0004938681318681,-0.0004075507936507,-0.0004899986324786,-0.0004017575091575,-0.0004827634920634,-0.0004766981684981
-0.0005281929670329,-0.0003944261294261,-0.0003223809523809,0.0004606294017094,-0.0001033378510378,-0.0003586628083028,-0.0004908195360195,-0.0003953857142857,-0.0004839493528693,-0.0003987365079365,-0.0004797461538461,-0.0004766981684981
-0.0005281929670329,-0.00039746007326,-0.0003223809523809,0.0004606294017094,-0.0001033378510378,-0.0003586628083028,-0.0004877709401709,-0.0003801793650793,-0.00047790007326,-0.0003957155067155,-0.0004827634920634,-0.0004797155067155
-0.000519086080586,-0.00039746007326,-0.0003315047619047,0.000457599096459,-9.421931623931596e-05,-0.0003647418803418,-0.0004847223443223,-0.0003680142857142,-0.0004688261538461,-0.0003926945054945,-0.0004827634920634,-0.0004827328449328
-0.0005069435653235,-0.0003944261294261,-0.0003436698412698,0.0004485081807081,-8.206126984126955e-05,-0.0003677814163614,-0.0004877709401709,-0.0003588904761904,-0.0004688261538461,-0.0003926945054945,-0.0004827634920634,-0.0004827328449328
-0.0005039079365079,-0.0003913921855921,-0.0003436698412698,0.0004454778754578,-7.902175824175796e-05,-0.0003677814163614,-0.0004877709401709,-0.0003406428571428,-0.0004627768742368,-0.0003926945054945,-0.0004827634920634,-0.0004857501831501
-0.0005099791941391,-0.0003822903540903,-0.0003315047619047,0.0004454778754578,-8.814029304029276e-05,-0.0003556232722832,-0.0004786251526251,-0.0003223952380952,-0.0004567275946275,-0.0003866525030525,-0.0004767288156288,-0.0004766981684981
-0.0005099791941391,-0.0003701545787545,-0.0003162984126984,0.0004394172649572,-9.725882783882755e-05,-0.0003434651282051,-0.0004694793650793,-0.0003041476190476,-0.000444629035409,-0.0003806105006105,-0.0004706941391941,-0.0004706634920634
-0.0005069435653235,-0.0003610527472527,-0.0003132571428571,0.0004333566544566,-9.725882783882755e-05,-0.000337386056166,-0.0004664307692307,-0.0002858999999999,-0.0004385797557997,-0.0003775894993894,-0.0004706941391941,-0.0004646288156288
-0.0004978366788766,-0.0003549848595848,-0.0003102158730158,0.0004242657387057,-9.421931623931596e-05,-0.0003313069841269,-0.0004694793650793,-0.0002676523809523,-0.0004355551159951,-0.0003775894993894,-0.0004676768009768,-0.0004676461538461
-0.0004887297924297,-0.0003489169719169,-0.0003102158730158,0.0004182051282051,-8.814029304029276e-05,-0.0003282674481074,-0.0004694793650793,-0.0002494047619047,-0.0004295058363858,-0.0003745684981684,-0.0004646594627594,-0.0004706634920634
-0.0004887297924297,-0.0003489169719169,-0.0003162984126984,0.0004182051282051,-8.510078144078116e-05,-0.0003313069841269,-0.0004603335775335,-0.0002250746031746,-0.0004174072771672,-0.0003655054945054,-0.0004616421245421,-0.0004676461538461
-0.0004917654212454,-0.000345883028083,-0.0003071746031746,0.0004182051282051,-9.117980463980436e-05,-0.0003252279120879,-0.0004511877899877,-0.0002007444444444,-0.000402284078144,-0.0003564424908424,-0.0004525901098901,-0.0004585941391941
-0.0004856941636141,-0.0003307133089133,-0.0002980507936507,0.0004060839072039,-9.421931623931596e-05,-0.0003130697680097,-0.0004511877899877,-0.0001794555555555,-0.0003932101587301,-0.0003473794871794,-0.000443538095238,-0.0004495421245421
-0.0004765872771672,-0.0003155435897435,-0.0002919682539682,0.0003939626862026,-9.117980463980436e-05,-0.0003039511599511,-0.0004542363858363,-0.0001551253968253,-0.0003901855189255,-0.0003443584859584,-0.0004375034188034,-0.0004404901098901
-0.000470516019536,-0.0003034078144078,-0.0002828444444444,0.0003848717704517,-9.421931623931596e-05,-0.000291793015873,-0.0004542363858363,-0.0001338365079365,-0.0003811115995115,-0.0003383164835164,-0.0004284514041514,-0.0004344554334554
-0.0004644447619047,-0.000291272039072,-0.0002767619047619,0.0003757808547008,-9.421931623931596e-05,-0.0002826744078144,-0.0004511877899877,-0.0001125476190476,-0.0003720376800976,-0.0003292534798534,-0.0004224167277167,-0.0004284207570207
-0.000470516019536,-0.0002821702075702,-0.000267638095238,0.0003757808547008,-0.0001002983394383,-0.0002735557997557,-0.000442042002442,-9.125873015872984e-05,-0.0003599391208791,-0.0003201904761904,-0.0004133647130647,-0.0004163514041514
-0.0004674803907203,-0.0002700344322344,-0.000255473015873,0.0003666899389499,-0.0001063773626373,-0.0002613976556776,-0.0004359448107448,-7.30111111111108e-05,-0.0003508652014652,-0.0003081064713064,-0.0004012953601953,-0.0004012647130647
-0.0004553378754578,-0.0002518307692307,-0.000255473015873,0.0003515384126984,-0.0001002983394383,-0.000252279047619,-0.0004389934065934,-6.388730158730128e-05,-0.0003478405616605,-0.0003050854700854,-0.0003922433455433,-0.0003922126984126
-0.0004431953601953,-0.0002396949938949,-0.0002524317460317,0.0003394171916971,-9.421931623931596e-05,-0.0002461999755799,-0.0004450905982905,-5.476349206349176e-05,-0.0003448159218559,-0.0003020644688644,-0.0003862086691086,-0.000386178021978
-0.0004371241025641,-0.0002275592185592,-0.0002433079365079,0.0003303262759462,-9.725882783882755e-05,-0.0002340418315018,-0.0004481391941391,-4.868095238095208e-05,-0.0003417912820512,-0.0002990434676434,-0.0003831913308913,-0.0003801433455433
-0.0004340884737484,-0.0002123894993894,-0.0002372253968253,0.0003212353601953,-9.725882783882755e-05,-0.0002249232234432,-0.0004511877899877,-4.868095238095208e-05,-0.0003387666422466,-0.0002960224664224,-0.0003741393162393,-0.0003710913308913
-0.0004340884737484,-0.0001972197802197,-0.000222019047619,0.0003151747496947,-0.0001063773626373,-0.0002097255433455,-0.0004542363858363,-4.868095238095208e-05,-0.000335742002442,-0.0002869594627594,-0.0003650873015873,-0.0003560046398046
-0.0004340884737484,-0.000185084004884,-0.0002098539682539,0.0003091141391941,-0.0001124563858363,-0.0001975673992673,-0.0004572849816849,-4.868095238095208e-05,-0.0003296927228327,-0.0002748754578754,-0.0003500006105006,-0.0003379006105006
-0.0004340884737484,-0.0001790161172161,-0.0002007301587301,0.0003060838339438,-0.0001154958974358,-0.0001884487912087,-0.0004603335775335,-5.78047619047616e-05,-0.0003296927228327,-0.0002718544566544,-0.0003409485958485,-0.0003258312576312
-0.0004340884737484,-0.0001668803418803,-0.000188565079365,0.0003000232234432,-0.0001215749206349,-0.0001762906471306,-0.0004664307692307,-7.909365079365048e-05,-0.0003327173626373,-0.0002748754578754,-0.0003379312576312,-0.0003167792429792
-0.0004340884737484,-0.0001608124542124,-0.0001794412698412,0.0002969929181929,-0.0001276539438339,-0.0001702115750915,-0.0004755765567765,-0.0001125476190476,-0.0003417912820512,-0.0002748754578754,-0.0003349139194139,-0.0003107445665445
-0.0004401597313797,-0.0001547445665445,-0.0001703174603174,0.0002969929181929,-0.0001337329670329,-0.0001610929670329,-0.0004847223443223,-0.0001460015873015,-0.0003478405616605,-0.0002748754578754,-0.0003288792429792,-0.0003047098901098
-0.0004340884737484,-0.0001517106227106,-0.0001703174603174,0.0002909323076923,-0.0001306934554334,-0.0001610929670329,-0.0004999653235653,-0.0001824968253968,-0.0003599391208791,-0.0002809174603174,-0.0003288792429792,-0.0002986752136752
-0.0004371241025641,-0.0001547445665445,-0.0001703174603174,0.0002939626129426,-0.0001337329670329,-0.0001610929670329,-0.0005121597069597,-0.0002281158730158,-0.0003750623199023,-0.0002869594627594,-0.0003318965811965,-0.0002986752136752
-0.0004492666178266,-0.0001608124542124,-0.0001703174603174,0.0003030535286935,-0.0001398119902319,-0.0001641325030525,-0.0005213054945054,-0.0002767761904761,-0.0003932101587301,-0.0002960224664224,-0.0003379312576312,-0.0003077272283272
-0.0004583735042735,-0.0001729482295482,-0.0001733587301587,0.0003151747496947,-0.0001428515018315,-0.0001732511111111,-0.0005304512820512,-0.0003284777777777,-0.0004113579975579,-0.0003081064713064,-0.0003469832722832,-0.0003107445665445
-0.0004614091330891,-0.00018205006105,-0.0001733587301587,0.0003212353601953,-0.0001428515018315,-0.0001762906471306,-0.000539597069597,-0.0003710555555555,-0.0004264811965811,-0.0003171694749694,-0.0003530179487179,-0.0003197965811965
-0.0004674803907203,-0.0001972197802197,-0.0001855238095238,0.0003303262759462,-0.0001398119902319,-0.0001914883272283,-0.0005456942612942,-0.0004136333333333,-0.000444629035409,-0.0003292534798534,-0.0003650873015873,-0.0003348832722832
-0.0004826585347985,-0.0002275592185592,-0.0001976888888888,0.0003545687179487,-0.0001428515018315,-0.000212765079365,-0.0005487428571428,-0.0004501285714285,-0.0004597522344322,-0.0003413374847374,-0.0003801739926739,-0.0003529873015873
-0.0005008723076923,-0.0002609326007326,-0.0002098539682539,0.0003788111599511,-0.000145891013431,-0.0002340418315018,-0.0005456942612942,-0.0004835825396825,-0.00047790007326,-0.0003534214896214,-0.0003952606837606,-0.0003710913308913
-0.0005130148229548,-0.0002852041514041,-0.0002281015873015,0.0003969929914529,-0.0001428515018315,-0.0002553185836385,-0.0005456942612942,-0.0005170365079365,-0.0004930232722832,-0.0003685264957264,-0.0004103473748473,-0.000386178021978
-0.0005160504517704,-0.0003094757020757,-0.0002493904761904,0.0004121445177045,-0.0001337329670329,-0.0002796348717948,-0.0005517914529914,-0.0005504904761904,-0.0005111711111111,-0.0003806105006105,-0.0004284514041514,-0.0004072993894993
-0.0005221217094017,-0.0003307133089133,-0.0002645968253968,0.0004242657387057,-0.0001276539438339,-0.000297872087912,-0.0005578886446886,-0.0005778619047619,-0.0005293189499389,-0.0003926945054945,-0.0004405207570207,-0.0004193687423687
-0.0005281929670329,-0.0003519509157509,-0.0002767619047619,0.0004394172649572,-0.0001246144322344,-0.0003130697680097,-0.0005578886446886,-0.0005991507936507,-0.0005414175091575,-0.0004017575091575,-0.0004495727716727,-0.0004344554334554
-0.0005312285958485,-0.0003731885225885,-0.000301092063492,0.0004515384859584,-0.0001154958974358,-0.000337386056166,-0.0005578886446886,-0.0006204396825396,-0.0005565407081807,-0.0004168625152625,-0.0004706941391941,-0.0004555768009768
-0.0005433711111111,-0.0003853242979242,-0.0003041333333333,0.0004636597069597,-0.0001185354090354,-0.0003434651282051,-0.0005578886446886,-0.0006326047619047,-0.0005656146275946,-0.0004259255189255,-0.0004767288156288,-0.0004616114774114
-0.0005524779975579,-0.0003944261294261,-0.000301092063492,0.0004727506227106,-0.0001246144322344,-0.0003465046642246,-0.00055484004884,-0.0006447698412698,-0.0005716639072039,-0.0004289465201465,-0.0004797461538461,-0.0004646288156288
-0.0005464067399267,-0.0004095958485958,-0.0003223809523809,0.0004757809279609,-0.0001124563858363,-0.0003647418803418,-0.0005578886446886,-0.0006538936507936,-0.0005807378266178,-0.0004410305250305,-0.0004887981684981,-0.0004736808302808
-0.0005433711111111,-0.0004277995115995,-0.0003406285714285,0.0004848718437118,-0.0001002983394383,-0.000382979096459,-0.0005609372405372,-0.0006599761904761,-0.0005898117460317,-0.0004470725274725,-0.0004978501831501,-0.0004827328449328
-0.0005524779975579,-0.0004338673992673,-0.0003406285714285,0.0004909324542124,-0.0001063773626373,-0.0003860186324786,-0.0005578886446886,-0.0006690999999999,-0.0005928363858363,-0.0004561355311355,-0.0005038848595848,-0.0004887675213675
-0.0005615848840048,-0.0004338673992673,-0.000334546031746,0.000496993064713,-0.0001124563858363,-0.000382979096459,-0.0005578886446886,-0.0006751825396825,-0.000595861025641,-0.0004621775335775,-0.0005099195360195,-0.0004948021978021
-0.0005615848840048,-0.0004338673992673,-0.0003315047619047,0.000496993064713,-0.0001154958974358,-0.000382979096459,-0.0005609372405372,-0.0006843063492063,-0.0006049349450549,-0.0004682195360195,-0.0005159542124542,-0.0004978195360195
-0.0005646205128205,-0.0004399352869352,-0.000334546031746,0.0005000233699633,-0.0001154958974358,-0.0003860186324786,-0.0005609372405372,-0.0006843063492063,-0.0006079595848595,-0.0004712405372405,-0.0005189715506715,-0.0005008368742368
-0.0005828342857142,-0.000452071062271,-0.0003254222222222,0.0005151748962148,-0.0001276539438339,-0.0003890581684981,-0.00055484004884,-0.0006782238095238,-0.0006019103052503,-0.0004682195360195,-0.0005159542124542,-0.0004978195360195
-0.0005858699145299,-0.0004611728937728,-0.0003315047619047,0.0005212355067155,-0.0001276539438339,-0.0003951372405372,-0.0005517914529914,-0.0006751825396825,-0.0006019103052503,-0.0004621775335775,-0.0005129368742368,-0.0005008368742368
-0.0005676561416361,-0.0004672407814407,-0.0003558349206349,0.0005151748962148,-0.0001063773626373,-0.0004103349206349,-0.0005517914529914,-0.000681265079365,-0.0006079595848595,-0.0004682195360195,-0.0005159542124542,-0.0005038542124542
-0.0005585492551892,-0.0004672407814407,-0.0003619174603174,0.0005121445909645,-9.725882783882755e-05,-0.0004133744566544,-0.00055484004884,-0.0006782238095238,-0.0006109842246642,-0.0004712405372405,-0.0005189715506715,-0.0005068715506715
-0.0005646205128205,-0.0004642068376068,-0.0003558349206349,0.0005121445909645,-0.0001033378510378,-0.0004103349206349,-0.00055484004884,-0.0006751825396825,-0.0006079595848595,-0.0004712405372405,-0.0005189715506715,-0.0005098888888888
-0.0005676561416361,-0.0004642068376068,-0.0003527936507936,0.0005151748962148,-0.0001063773626373,-0.0004072953846153,-0.0005517914529914,-0.0006782238095238,-0.0006079595848595,-0.0004742615384615,-0.0005219888888888,-0.0005129062271062
-0.0005676561416361,-0.0004672407814407,-0.0003497523809523,0.0005151748962148,-0.0001094168742368,-0.0004072953846153,-0.0005487428571428,-0.0006782238095238,-0.0006079595848595,-0.0004772825396825,-0.0005250062271062,-0.0005189409035409
-0.0005676561416361,-0.0004611728937728,-0.0003497523809523,0.0005121445909645,-0.0001094168742368,-0.0004042558485958,-0.0005487428571428,-0.0006721412698412,-0.0006079595848595,-0.0004772825396825,-0.0005280235653235,-0.0005159235653235
-0.0005615848840048,-0.0004611728937728,-0.0003527936507936,0.0005091142857142,-0.0001033378510378,-0.0004072953846153,-0.0005487428571428,-0.0006660587301587,-0.0006049349450549,-0.0004772825396825,-0.0005280235653235,-0.0005159235653235
-0.0005676561416361,-0.0004611728937728,-0.0003527936507936,0.0005121445909645,-0.0001063773626373,-0.0004072953846153,-0.0005456942612942,-0.0006630174603174,-0.0006049349450549,-0.0004772825396825,-0.0005280235653235,-0.0005189409035409
-0.0005737273992673,-0.0004642068376068,-0.0003467111111111,0.0005182052014652,-0.0001124563858363,-0.0004042558485958,-0.000539597069597,-0.0006599761904761,-0.0006049349450549,-0.0004772825396825,-0.0005280235653235,-0.0005189409035409
-0.0005737273992673,-0.0004672407814407,-0.0003467111111111,0.0005182052014652,-0.0001124563858363,-0.0004072953846153,-0.000539597069597,-0.0006599761904761,-0.0006049349450549,-0.0004803035409035,-0.0005340582417582,-0.0005249755799755
-0.0005737273992673,-0.0004642068376068,-0.0003497523809523,0.0005182052014652,-0.0001124563858363,-0.0004072953846153,-0.000539597069597,-0.0006599761904761,-0.0006079595848595,-0.0004863455433455,-0.0005400929181929,-0.0005279929181929
-0.0005646205128205,-0.0004581389499389,-0.0003497523809523,0.0005091142857142,-0.0001063773626373,-0.0004042558485958,-0.000539597069597,-0.0006569349206349,-0.0006049349450549,-0.0004863455433455,-0.0005400929181929,-0.0005279929181929
-0.0005706917704517,-0.000455105006105,-0.0003406285714285,0.0005121445909645,-0.0001154958974358,-0.0003981767765567,-0.000539597069597,-0.0006508523809523,-0.0006019103052503,-0.0004803035409035,-0.0005340582417582,-0.0005219582417582
-0.0005737273992673,-0.000455105006105,-0.0003375873015873,0.0005121445909645,-0.0001185354090354,-0.0003951372405372,-0.0005426456654456,-0.0006447698412698,-0.0005988856654456,-0.0004742615384615,-0.0005310409035409,-0.0005189409035409
-0.0005676561416361,-0.0004581389499389,-0.0003497523809523,0.0005121445909645,-0.0001094168742368,-0.0004042558485958,-0.0005426456654456,-0.0006417285714285,-0.0006019103052503,-0.0004772825396825,-0.0005310409035409,-0.0005219582417582
-0.0005676561416361,-0.000452071062271,-0.0003406285714285,0.0005091142857142,-0.0001124563858363,-0.0003951372405372,-0.000539597069597,-0.0006417285714285,-0.0005988856654456,-0.0004712405372405,-0.0005310409035409,-0.0005159235653235
-0.0005737273992673,-0.0004490371184371,-0.0003315047619047,0.0005091142857142,-0.0001215749206349,-0.0003890581684981,-0.0005365484737484,-0.0006386873015873,-0.0005928363858363,-0.0004651985347985,-0.0005250062271062,-0.0005098888888888
-0.0005706917704517,-0.0004460031746031,-0.0003315047619047,0.0005060839804639,-0.0001185354090354,-0.0003890581684981,-0.000539597069597,-0.0006386873015873,-0.0005928363858363,-0.0004682195360195,-0.0005219888888888,-0.0005129062271062
-0.0005585492551892,-0.0004460031746031,-0.0003467111111111,0.0005000233699633,-0.0001063773626373,-0.0003951372405372,-0.0005456942612942,-0.0006386873015873,-0.0005928363858363,-0.0004682195360195,-0.0005219888888888,-0.0005159235653235
-0.0005555136263736,-0.0004490371184371,-0.0003558349206349,0.0005000233699633,-0.0001002983394383,-0.0004012163125763,-0.0005456942612942,-0.0006386873015873,-0.000595861025641,-0.0004682195360195,-0.0005250062271062,-0.0005189409035409
-0.0005524779975579,-0.0004460031746031,-0.0003527936507936,0.000496993064713,-0.0001002983394383,-0.0003981767765567,-0.0005456942612942,-0.0006386873015873,-0.000595861025641,-0.0004682195360195,-0.0005250062271062,-0.0005159235653235
-0.0005524779975579,-0.0004369013431013,-0.0003436698412698,0.0004939627594627,-0.0001033378510378,-0.0003890581684981,-0.0005456942612942,-0.0006386873015873,-0.0005928363858363,-0.0004651985347985,-0.0005189715506715,-0.0005098888888888
-0.0005585492551892,-0.0004338673992673,-0.0003315047619047,0.0004939627594627,-0.0001124563858363,-0.000382979096459,-0.0005487428571428,-0.000635646031746,-0.0005867871062271,-0.0004591565323565,-0.0005099195360195,-0.0005038542124542
-0.0005646205128205,-0.0004308334554334,-0.0003193396825396,0.000496993064713,-0.0001215749206349,-0.0003738604884004,-0.0005456942612942,-0.000635646031746,-0.0005867871062271,-0.0004531145299145,-0.0005038848595848,-0.0004978195360195
-0.0005555136263736,-0.0004277995115995,-0.0003284634920634,0.0004909324542124,-0.0001124563858363,-0.00037690002442,-0.0005517914529914,-0.0006386873015873,-0.0005898117460317,-0.0004561355311355,-0.0005099195360195,-0.0005008368742368
-0.0005494423687423,-0.0004217316239316,-0.0003254222222222,0.0004848718437118,-0.0001124563858363,-0.0003738604884004,-0.00055484004884,-0.0006386873015873,-0.0005867871062271,-0.0004531145299145,-0.0005069021978021,-0.0004978195360195
-0.0005524779975579,-0.0004217316239316,-0.0003223809523809,0.0004848718437118,-0.0001154958974358,-0.0003708209523809,-0.0005517914529914,-0.0006386873015873,-0.0005807378266178,-0.0004470725274725,-0.0005008675213675,-0.0004887675213675
-0.0005524779975579,-0.0004247655677655,-0.0003284634920634,0.0004879021489621,-0.0001124563858363,-0.00037690002442,-0.0005578886446886,-0.000635646031746,-0.0005777131868131,-0.0004440515262515,-0.0004978501831501,-0.0004887675213675
-0.0005464067399267,-0.0004247655677655,-0.000334546031746,0.0004848718437118,-0.0001063773626373,-0.0003799395604395,-0.0005639858363858,-0.0006417285714285,-0.0005837624664224,-0.0004470725274725,-0.0005008675213675,-0.0004948021978021
-0.0005464067399267,-0.0004217316239316,-0.0003315047619047,0.0004818415384615,-0.0001063773626373,-0.00037690002442,-0.0005670344322344,-0.0006478111111111,-0.0005867871062271,-0.0004500935286935,-0.0005008675213675,-0.0004917848595848
-0.0005494423687423,-0.0004126297924297,-0.0003193396825396,0.0004788112332112,-0.0001154958974358,-0.0003647418803418,-0.0005670344322344,-0.0006508523809523,-0.0005867871062271,-0.0004470725274725,-0.0004978501831501,-0.0004887675213675
-0.0005494423687423,-0.0004065619047619,-0.0003132571428571,0.0004757809279609,-0.0001185354090354,-0.0003586628083028,-0.000570083028083,-0.0006538936507936,-0.0005898117460317,-0.0004440515262515,-0.0004948328449328,-0.0004857501831501
-0.0005464067399267,-0.0004095958485958,-0.0003193396825396,0.0004757809279609,-0.0001124563858363,-0.0003647418803418,-0.0005731316239316,-0.0006538936507936,-0.0005867871062271,-0.0004380095238095,-0.0004918155067155,-0.0004857501831501
-0.0005494423687423,-0.0004186976800976,-0.0003254222222222,0.0004818415384615,-0.0001124563858363,-0.0003708209523809,-0.0005731316239316,-0.0006569349206349,-0.0005867871062271,-0.0004380095238095,-0.0004948328449328,-0.0004887675213675
-0.0005524779975579,-0.0004217316239316,-0.0003223809523809,0.0004848718437118,-0.0001154958974358,-0.0003708209523809,-0.000570083028083,-0.0006599761904761,-0.0005898117460317,-0.0004380095238095,-0.0004918155067155,-0.0004887675213675
-0.0005524779975579,-0.0004156637362637,-0.0003193396825396,0.0004818415384615,-0.0001154958974358,-0.0003677814163614,-0.000570083028083,-0.0006599761904761,-0.0005867871062271,-0.0004380095238095,-0.0004918155067155,-0.0004857501831501
-0.0005555136263736,-0.0004156637362637,-0.0003162984126984,0.0004848718437118,-0.0001185354090354,-0.0003647418803418,-0.000570083028083,-0.0006599761904761,-0.0005898117460317,-0.0004349885225885,-0.0004887981684981,-0.0004797155067155
-0.0005555136263736,-0.0004126297924297,-0.0003162984126984,0.0004818415384615,-0.0001185354090354,-0.0003647418803418,-0.0005731316239316,-0.0006630174603174,-0.0005928363858363,-0.0004380095238095,-0.0004857808302808,-0.0004797155067155
-0.0005524779975579,-0.0004186976800976,-0.0003193396825396,0.0004848718437118,-0.0001154958974358,-0.0003677814163614,-0.0005761802197802,-0.0006690999999999,-0.0005928363858363,-0.0004380095238095,-0.0004918155067155,-0.0004857501831501
-0.0005555136263736,-0.0004186976800976,-0.0003193396825396,0.0004848718437118,-0.0001185354090354,-0.0003677814163614,-0.0005731316239316,-0.0006690999999999,-0.000595861025641,-0.0004410305250305,-0.0004948328449328,-0.0004887675213675
-0.0005585492551892,-0.0004156637362637,-0.0003132571428571,0.0004848718437118,-0.0001215749206349,-0.0003647418803418,-0.000570083028083,-0.0006690999999999,-0.0005988856654456,-0.0004440515262515,-0.0004948328449328,-0.0004887675213675
-0.0005524779975579,-0.0004156637362637,-0.0003193396825396,0.0004818415384615,-0.0001154958974358,-0.0003677814163614,-0.0005731316239316,-0.0006751825396825,-0.0006019103052503,-0.0004440515262515,-0.0004948328449328,-0.0004887675213675
-0.0005524779975579,-0.0004156637362637,-0.0003254222222222,0.0004818415384615,-0.0001124563858363,-0.0003708209523809,-0.0005792288156288,-0.0006751825396825,-0.0006019103052503,-0.0004440515262515,-0.0004948328449328,-0.0004887675213675
-0.0005464067399267,-0.0004247655677655,-0.000334546031746,0.0004848718437118,-0.0001063773626373,-0.0003799395604395,-0.0005822774114774,-0.0006751825396825,-0.0006049349450549,-0.0004440515262515,-0.0004978501831501,-0.0004948021978021
-0.0005403354822954,-0.0004308334554334,-0.0003436698412698,0.0004848718437118,-9.725882783882755e-05,-0.0003860186324786,-0.0005822774114774,-0.0006782238095238,-0.0006079595848595,-0.0004500935286935,-0.0005038848595848,-0.0004978195360195
-0.0005494423687423,-0.0004308334554334,-0.0003375873015873,0.0004879021489621,-0.0001063773626373,-0.000382979096459,-0.0005792288156288,-0.0006782238095238,-0.0006079595848595,-0.0004500935286935,-0.0005038848595848,-0.0004948021978021
-0.0005646205128205,-0.0004247655677655,-0.0003162984126984,0.0004939627594627,-0.0001246144322344,-0.0003708209523809,-0.0005731316239316,-0.0006751825396825,-0.0006019103052503,-0.0004410305250305,-0.0004918155067155,-0.0004827328449328
-0.0005615848840048,-0.0004186976800976,-0.0003132571428571,0.0004879021489621,-0.0001246144322344,-0.0003647418803418,-0.0005761802197802,-0.0006782238095238,-0.0006049349450549,-0.0004380095238095,-0.0004887981684981,-0.0004827328449328
-0.0005524779975579,-0.0004186976800976,-0.0003254222222222,0.0004848718437118,-0.0001124563858363,-0.0003708209523809,-0.000585326007326,-0.0006843063492063,-0.0006140088644688,-0.0004500935286935,-0.0004978501831501,-0.0004917848595848
-0.0005524779975579,-0.0004217316239316,-0.0003284634920634,0.0004848718437118,-0.0001124563858363,-0.0003738604884004,-0.0005822774114774,-0.0006873476190476,-0.0006170335042735,-0.0004531145299145,-0.0005008675213675,-0.0004948021978021
-0.0005585492551892,-0.0004308334554334,-0.0003284634920634,0.0004939627594627,-0.0001154958974358,-0.0003799395604395,-0.0005822774114774,-0.0006873476190476,-0.0006170335042735,-0.0004531145299145,-0.0005069021978021,-0.0004978195360195
-0.0005555136263736,-0.0004338673992673,-0.000334546031746,0.0004939627594627,-0.0001094168742368,-0.000382979096459,-0.000585326007326,-0.0006843063492063,-0.0006170335042735,-0.0004531145299145,-0.0005038848595848,-0.0005008368742368
-0.0005555136263736,-0.0004338673992673,-0.000334546031746,0.0004939627594627,-0.0001094168742368,-0.000382979096459,-0.0005914231990231,-0.000681265079365,-0.0006200581440781,-0.0004531145299145,-0.0005038848595848,-0.0004978195360195
-0.0005555136263736,-0.0004369013431013,-0.000334546031746,0.0004939627594627,-0.0001094168742368,-0.0003860186324786,-0.0005914231990231,-0.0006843063492063,-0.0006200581440781,-0.0004561355311355,-0.0005038848595848,-0.0004978195360195
-0.0005615848840048,-0.0004399352869352,-0.0003315047619047,0.0005000233699633,-0.0001154958974358,-0.0003860186324786,-0.000585326007326,-0.0006873476190476,-0.0006170335042735,-0.0004531145299145,-0.0005038848595848,-0.0004978195360195
-0.0005676561416361,-0.0004460031746031,-0.000334546031746,0.0005060839804639,-0.0001154958974358,-0.0003890581684981,-0.0005761802197802,-0.0006873476190476,-0.0006200581440781,-0.0004561355311355,-0.0005069021978021,-0.0004978195360195
-0.0005615848840048,-0.0004460031746031,-0.0003406285714285,0.0005030536752136,-0.0001094168742368,-0.0003920977045177,-0.0005792288156288,-0.0006903888888888,-0.0006230827838827,-0.0004591565323565,-0.0005069021978021,-0.0004978195360195
-0.0005524779975579,-0.0004460031746031,-0.0003497523809523,0.000496993064713,-0.0001002983394383,-0.0003981767765567,-0.000585326007326,-0.0006903888888888,-0.0006261074236874,-0.0004591565323565,-0.0005069021978021,-0.0004978195360195
-0.0005524779975579,-0.0004490371184371,-0.0003527936507936,0.0005000233699633,-0.0001002983394383,-0.0004012163125763,-0.000585326007326,-0.0006873476190476,-0.0006321567032967,-0.0004621775335775,-0.0005069021978021,-0.0005008368742368
-0.0005524779975579,-0.000452071062271,-0.0003558349206349,0.0005000233699633,-9.725882783882755e-05,-0.0004042558485958,-0.0005822774114774,-0.0006934301587301,-0.0006351813431013,-0.0004651985347985,-0.0005129368742368,-0.0005038542124542
-0.0005524779975579,-0.000452071062271,-0.0003588761904761,0.0005000233699633,-9.725882783882755e-05,-0.0004042558485958,-0.000585326007326,-0.0006995126984126,-0.0006412306227106,-0.0004712405372405,-0.0005189715506715,-0.0005098888888888
-0.0005464067399267,-0.000452071062271,-0.0003588761904761,0.000496993064713,-9.421931623931596e-05,-0.0004042558485958,-0.000585326007326,-0.0006964714285714,-0.0006382059829059,-0.0004712405372405,-0.0005189715506715,-0.0005098888888888
-0.0005524779975579,-0.000452071062271,-0.0003558349206349,0.0005000233699633,-9.725882783882755e-05,-0.0004042558485958,-0.000585326007326,-0.0006964714285714,-0.0006351813431013,-0.0004682195360195,-0.0005129368742368,-0.0005038542124542
-0.0005646205128205,-0.000455105006105,-0.0003467111111111,0.0005091142857142,-0.0001094168742368,-0.0004012163125763,-0.0005792288156288,-0.0006934301587301,-0.0006321567032967,-0.0004651985347985,-0.0005099195360195,-0.0005008368742368
-0.0005737273992673,-0.0004611728937728,-0.0003406285714285,0.0005151748962148,-0.0001154958974358,-0.0004012163125763,-0.0005731316239316,-0.0006903888888888,-0.000629132063492,-0.0004621775335775,-0.0005099195360195,-0.0005008368742368
-0.0005706917704517,-0.0004611728937728,-0.0003467111111111,0.0005151748962148,-0.0001124563858363,-0.0004042558485958,-0.0005731316239316,-0.0006964714285714,-0.0006321567032967,-0.0004651985347985,-0.0005099195360195,-0.0005008368742368
-0.0005646205128205,-0.0004581389499389,-0.0003497523809523,0.0005091142857142,-0.0001063773626373,-0.0004042558485958,-0.0005731316239316,-0.0006964714285714,-0.0006321567032967,-0.0004682195360195,-0.0005099195360195,-0.0004978195360195
-0.0005676561416361,-0.0004611728937728,-0.0003467111111111,0.0005121445909645,-0.0001094168742368,-0.0004042558485958,-0.0005792288156288,-0.0006934301587301,-0.0006321567032967,-0.0004682195360195,-0.0005069021978021,-0.0004978195360195
-0.0005615848840048,-0.0004581389499389,-0.0003558349206349,0.0005091142857142,-0.0001033378510378,-0.0004072953846153,-0.000585326007326,-0.0006964714285714,-0.0006351813431013,-0.0004682195360195,-0.0005129368742368,-0.0005008368742368
-0.0005555136263736,-0.0004611728937728,-0.0003588761904761,0.0005060839804639,-9.725882783882755e-05,-0.0004103349206349,-0.000585326007326,-0.0006995126984126,-0.0006382059829059,-0.0004712405372405,-0.0005129368742368,-0.0005038542124542
-0.0005555136263736,-0.0004581389499389,-0.0003588761904761,0.0005060839804639,-9.725882783882755e-05,-0.0004072953846153,-0.000585326007326,-0.0007025539682539,-0.0006412306227106,-0.0004742615384615,-0.0005159542124542,-0.0005068715506715
-0.0005555136263736,-0.000452071062271,-0.0003558349206349,0.0005030536752136,-0.0001002983394383,-0.0004042558485958,-0.000585326007326,-0.0007025539682539,-0.0006442552625152,-0.0004742615384615,-0.0005129368742368,-0.0005038542124542
-0.0005494423687423,-0.0004490371184371,-0.0003558349206349,0.000496993064713,-9.725882783882755e-05,-0.0004012163125763,-0.0005914231990231,-0.0007025539682539,-0.0006442552625152,-0.0004712405372405,-0.0005129368742368,-0.0005008368742368
-0.0005524779975579,-0.000455105006105,-0.0003588761904761,0.0005030536752136,-9.725882783882755e-05,-0.0004072953846153,-0.0005944717948717,-0.0007025539682539,-0.0006472799023199,-0.0004742615384615,-0.0005159542124542,-0.0005068715506715
-0.0005615848840048,-0.0004581389499389,-0.0003527936507936,0.0005091142857142,-0.0001033378510378,-0.0004042558485958,-0.0005914231990231,-0.0007025539682539,-0.0006442552625152,-0.0004742615384615,-0.0005159542124542,-0.0005068715506715
-0.0005646205128205,-0.0004581389499389,-0.0003467111111111,0.0005091142857142,-0.0001094168742368,-0.0004012163125763,-0.000585326007326,-0.0007025539682539,-0.0006442552625152,-0.0004712405372405,-0.0005099195360195,-0.0005038542124542
-0.0005737273992673,-0.0004611728937728,-0.0003436698412698,0.0005151748962148,-0.0001154958974358,-0.0004012163125763,-0.000585326007326,-0.0006995126984126,-0.0006442552625152,-0.0004682195360195,-0.0005069021978021,-0.0005008368742368
-0.0005676561416361,-0.0004672407814407,-0.0003558349206349,0.0005151748962148,-0.0001063773626373,-0.0004103349206349,-0.000585326007326,-0.0007025539682539,-0.0006442552625152,-0.0004712405372405,-0.0005129368742368,-0.0005038542124542
-0.0005676561416361,-0.0004642068376068,-0.0003527936507936,0.0005151748962148,-0.0001063773626373,-0.0004072953846153,-0.000585326007326,-0.0007055952380952,-0.0006472799023199,-0.0004712405372405,-0.0005099195360195,-0.0005038542124542
-0.0005706917704517,-0.0004642068376068,-0.0003497523809523,0.0005151748962148,-0.0001094168742368,-0.0004072953846153,-0.000585326007326,-0.0007055952380952,-0.0006472799023199,-0.0004712405372405,-0.0005129368742368,-0.0005008368742368
-0.0005585492551892,-0.0004642068376068,-0.0003619174603174,0.0005091142857142,-9.725882783882755e-05,-0.0004133744566544,-0.0005914231990231,-0.0007055952380952,-0.0006503045421245,-0.0004772825396825,-0.0005159542124542,-0.0005038542124542
-0.0005524779975579,-0.0004611728937728,-0.0003649587301587,0.0005060839804639,-9.421931623931596e-05,-0.0004133744566544,-0.0005914231990231,-0.0007055952380952,-0.0006533291819291,-0.0004772825396825,-0.0005159542124542,-0.0005068715506715
-0.0005494423687423,-0.000455105006105,-0.0003588761904761,0.0005000233699633,-9.421931623931596e-05,-0.0004072953846153,-0.0005975203907203,-0.0007025539682539,-0.0006503045421245,-0.0004772825396825,-0.0005129368742368,-0.0005038542124542
-0.0005615848840048,-0.000455105006105,-0.0003497523809523,0.0005060839804639,-0.0001063773626373,-0.0004012163125763,-0.0005944717948717,-0.0007055952380952,-0.0006472799023199,-0.0004742615384615,-0.0005099195360195,-0.0005008368742368
-0.0005676561416361,-0.000455105006105,-0.0003436698412698,0.0005091142857142,-0.0001124563858363,-0.0003981767765567,-0.0005914231990231,-0.0007055952380952,-0.0006442552625152,-0.0004712405372405,-0.0005099195360195,-0.0004978195360195
-0.0005676561416361,-0.0004611728937728,-0.0003467111111111,0.0005121445909645,-0.0001094168742368,-0.0004042558485958,-0.000585326007326,-0.0007025539682539,-0.0006412306227106,-0.0004712405372405,-0.0005099195360195,-0.0005008368742368
-0.0005646205128205,-0.0004611728937728,-0.0003497523809523,0.0005121445909645,-0.0001063773626373,-0.0004042558485958,-0.0005883746031746,-0.0007055952380952,-0.0006412306227106,-0.0004742615384615,-0.0005129368742368,-0.0005038542124542
-0.0005646205128205,-0.0004611728937728,-0.0003527936507936,0.0005121445909645,-0.0001063773626373,-0.0004072953846153,-0.0005883746031746,-0.0007025539682539,-0.0006412306227106,-0.0004742615384615,-0.0005099195360195,-0.0005008368742368
-0.0005676561416361,-0.0004642068376068,-0.0003497523809523,0.0005151748962148,-0.0001094168742368,-0.0004072953846153,-0.0005883746031746,-0.0007055952380952,-0.0006412306227106,-0.0004742615384615,-0.0005099195360195,-0.0005008368742368
-0.0005737273992673,-0.0004672407814407,-0.0003497523809523,0.0005182052014652,-0.0001124563858363,-0.0004072953846153,-0.000585326007326,-0.0007055952380952,-0.0006412306227106,-0.0004742615384615,-0.0005099195360195,-0.0004978195360195
-0.0005706917704517,-0.0004642068376068,-0.0003497523809523,0.0005151748962148,-0.0001094168742368,-0.0004072953846153,-0.0005822774114774,-0.0007055952380952,-0.0006412306227106,-0.0004712405372405,-0.0005099195360195,-0.0004978195360195
-0.0005615848840048,-0.0004611728937728,-0.0003527936507936,0.0005091142857142,-0.0001033378510378,-0.0004072953846153,-0.0005883746031746,-0.0007055952380952,-0.0006412306227106,-0.0004742615384615,-0.0005129368742368,-0.0005008368742368
-0.0005615848840048,-0.0004581389499389,-0.0003497523809523,0.0005091142857142,-0.0001063773626373,-0.0004042558485958,-0.0005914231990231,-0.0007055952380952,-0.0006382059829059,-0.0004712405372405,-0.0005099195360195,-0.0005008368742368
-0.0005615848840048,-0.0004581389499389,-0.0003497523809523,0.0005091142857142,-0.0001063773626373,-0.0004042558485958,-0.0005914231990231,-0.0007086365079365,-0.0006382059829059,-0.0004742615384615,-0.0005129368742368,-0.0005038542124542
-0.0005615848840048,-0.0004581389499389,-0.0003527936507936,0.0005091142857142,-0.0001033378510378,-0.0004042558485958,-0.0005944717948717,-0.0007116777777777,-0.0006412306227106,-0.0004742615384615,-0.0005129368742368,-0.0005068715506715
-0.0005615848840048,-0.0004581389499389,-0.0003558349206349,0.0005091142857142,-0.0001033378510378,-0.0004072953846153,-0.0005944717948717,-0.0007116777777777,-0.0006412306227106,-0.0004742615384615,-0.0005129368742368,-0.0005038542124542
-0.0005555136263736,-0.0004611728937728,-0.0003649587301587,0.0005060839804639,-9.421931623931596e-05,-0.0004133744566544,-0.0005975203907203,-0.0007116777777777,-0.0006442552625152,-0.0004803035409035,-0.0005159542124542,-0.0005068715506715
-0.0005615848840048,-0.000452071062271,-0.0003497523809523,0.0005060839804639,-0.0001063773626373,-0.0004012163125763,-0.0006005689865689,-0.0007086365079365,-0.0006412306227106,-0.0004742615384615,-0.0005099195360195,-0.0004978195360195
-0.000576763028083,-0.0004490371184371,-0.0003284634920634,0.0005121445909645,-0.0001246144322344,-0.0003890581684981,-0.0005944717948717,-0.0007055952380952,-0.0006351813431013,-0.0004682195360195,-0.0005038848595848,-0.0004917848595848
-0.0005676561416361,-0.000455105006105,-0.0003436698412698,0.0005091142857142,-0.0001124563858363,-0.0003981767765567,-0.0005914231990231,-0.0007055952380952,-0.0006351813431013,-0.0004712405372405,-0.0005099195360195,-0.0004978195360195
-0.0005524779975579,-0.000452071062271,-0.0003588761904761,0.0005000233699633,-9.725882783882755e-05,-0.0004042558485958,-0.000585326007326,-0.0007025539682539,-0.0006321567032967,-0.0004712405372405,-0.0005129368742368,-0.0005008368742368
-0.0005524779975579,-0.0004399352869352,-0.0003436698412698,0.0004939627594627,-0.0001033378510378,-0.0003920977045177,-0.0005822774114774,-0.0006964714285714,-0.0006230827838827,-0.0004651985347985,-0.0005069021978021,-0.0004948021978021
-0.0005555136263736,-0.0004308334554334,-0.0003315047619047,0.0004909324542124,-0.0001124563858363,-0.0003799395604395,-0.0005792288156288,-0.0006934301587301,-0.0006140088644688,-0.0004591565323565,-0.0004978501831501,-0.0004887675213675
-0.0005403354822954,-0.0004308334554334,-0.0003406285714285,0.0004848718437118,-0.0001002983394383,-0.0003860186324786,-0.0005792288156288,-0.0006903888888888,-0.0006170335042735,-0.0004591565323565,-0.0004948328449328,-0.0004887675213675
-0.0005342642246642,-0.0004217316239316,-0.0003406285714285,0.0004757809279609,-9.725882783882755e-05,-0.0003799395604395,-0.0005761802197802,-0.000681265079365,-0.0006109842246642,-0.0004561355311355,-0.0004918155067155,-0.0004857501831501
-0.0005312285958485,-0.0003944261294261,-0.0003162984126984,0.0004606294017094,-0.0001063773626373,-0.0003556232722832,-0.0005639858363858,-0.0006690999999999,-0.000595861025641,-0.0004380095238095,-0.0004797461538461,-0.0004736808302808
-0.0005342642246642,-0.0003640866910866,-0.0002889269841269,0.0004485081807081,-0.0001215749206349,-0.0003252279120879,-0.0005517914529914,-0.0006538936507936,-0.0005777131868131,-0.0004229045177045,-0.0004646594627594,-0.0004585941391941
-0.000519086080586,-0.0003519509157509,-0.0002858857142857,0.0004333566544566,-0.0001154958974358,-0.0003191488400488,-0.0005578886446886,-0.0006447698412698,-0.0005686392673992,-0.0004138415140415,-0.0004586247863247,-0.0004525594627594
-0.0005160504517704,-0.0003489169719169,-0.0002858857142857,0.0004303263492063,-0.0001154958974358,-0.0003161093040293,-0.0005639858363858,-0.0006386873015873,-0.0005625899877899,-0.0004077995115995,-0.0004525901098901,-0.0004495421245421
-0.0005130148229548,-0.000345883028083,-0.0002858857142857,0.000427296043956,-0.0001124563858363,-0.0003161093040293,-0.0005670344322344,-0.0006326047619047,-0.0005565407081807,-0.0004047785103785,-0.0004525901098901,-0.0004495421245421
-0.0005008723076923,-0.0003519509157509,-0.000301092063492,0.0004242657387057,-0.0001002983394383,-0.0003252279120879,-0.0005914231990231,-0.0006447698412698,-0.0005656146275946,-0.0004108205128205,-0.0004586247863247,-0.0004555768009768
-0.000494801050061,-0.0003610527472527,-0.0003223809523809,0.000427296043956,-8.510078144078116e-05,-0.0003404255921855,-0.0006249577533577,-0.0006690999999999,-0.0005837624664224,-0.0004229045177045,-0.0004676768009768,-0.0004616114774114
-0.0005069435653235,-0.0003731885225885,-0.0003223809523809,0.0004394172649572,-9.117980463980436e-05,-0.0003465046642246,-0.0006310549450549,-0.000681265079365,-0.0005867871062271,-0.0004259255189255,-0.0004676768009768,-0.0004585941391941
-0.0005281929670329,-0.0003853242979242,-0.0003132571428571,0.0004545687912087,-0.0001063773626373,-0.0003495442002442,-0.0006219091575091,-0.0006843063492063,-0.000595861025641,-0.0004289465201465,-0.0004676768009768,-0.0004555768009768
-0.0005281929670329,-0.0004035279609279,-0.0003284634920634,0.0004636597069597,-0.0001002983394383,-0.0003647418803418,-0.0006249577533577,-0.0006995126984126,-0.0006170335042735,-0.0004440515262515,-0.0004797461538461,-0.0004646288156288
-0.0005251573382173,-0.0004095958485958,-0.0003406285714285,0.00046669001221,-9.117980463980436e-05,-0.0003738604884004,-0.0006280063492063,-0.0007055952380952,-0.000629132063492,-0.0004531145299145,-0.0004887981684981,-0.0004706634920634
-0.000519086080586,-0.0003944261294261,-0.0003284634920634,0.0004545687912087,-9.421931623931596e-05,-0.0003617023443223,-0.0006310549450549,-0.0007055952380952,-0.0006261074236874,-0.0004500935286935,-0.0004827634920634,-0.0004646288156288
-0.000519086080586,-0.0003944261294261,-0.0003284634920634,0.0004545687912087,-9.421931623931596e-05,-0.0003617023443223,-0.0006371521367521,-0.0007116777777777,-0.000629132063492,-0.0004531145299145,-0.0004827634920634,-0.0004646288156288
-0.0005221217094017,-0.0004186976800976,-0.0003527936507936,0.0004697203174603,-8.510078144078116e-05,-0.0003860186324786,-0.0006371521367521,-0.000714719047619,-0.0006442552625152,-0.0004682195360195,-0.0004978501831501,-0.0004797155067155
-0.0005281929670329,-0.0004399352869352,-0.0003710412698412,0.0004818415384615,-7.902175824175796e-05,-0.0004042558485958,-0.0006371521367521,-0.0007238428571428,-0.0006533291819291,-0.0004772825396825,-0.0005069021978021,-0.0004887675213675
-0.0005342642246642,-0.0004460031746031,-0.0003679999999999,0.0004879021489621,-8.206126984126955e-05,-0.0004072953846153,-0.0006310549450549,-0.0007238428571428,-0.0006503045421245,-0.0004742615384615,-0.0005038848595848,-0.0004827328449328
-0.0005494423687423,-0.000452071062271,-0.0003558349206349,0.0005000233699633,-9.725882783882755e-05,-0.0004042558485958,-0.0006219091575091,-0.0007268841269841,-0.0006472799023199,-0.0004742615384615,-0.0005038848595848,-0.0004857501831501
-0.0005615848840048,-0.000455105006105,-0.0003497523809523,0.0005060839804639,-0.0001063773626373,-0.0004012163125763,-0.0006158119658119,-0.0007268841269841,-0.0006442552625152,-0.0004742615384615,-0.0005038848595848,-0.0004887675213675
-0.0005706917704517,-0.0004642068376068,-0.0003497523809523,0.0005151748962148,-0.0001094168742368,-0.0004072953846153,-0.0006097147741147,-0.0007329666666666,-0.0006472799023199,-0.0004803035409035,-0.0005129368742368,-0.0004948021978021
-0.0005797986568986,-0.0004733086691086,-0.0003467111111111,0.0005242658119658,-0.0001154958974358,-0.0004103349206349,-0.0006066661782661,-0.0007390492063492,-0.0006533291819291,-0.0004893665445665,-0.0005219888888888,-0.0005008368742368
-0.0005797986568986,-0.0004793765567765,-0.0003558349206349,0.0005272961172161,-0.0001124563858363,-0.0004164139926739,-0.0006097147741147,-0.0007420904761904,-0.0006624031013431,-0.0004984295482295,-0.0005280235653235,-0.0005068715506715
-0.0005828342857142,-0.0004763426129426,-0.0003497523809523,0.0005272961172161,-0.0001154958974358,-0.0004133744566544,-0.0006127633699633,-0.0007451317460317,-0.0006624031013431,-0.0004923875457875,-0.0005250062271062,-0.0005038542124542
-0.0005797986568986,-0.0004733086691086,-0.0003467111111111,0.0005242658119658,-0.0001154958974358,-0.0004103349206349,-0.0006158119658119,-0.0007420904761904,-0.0006593784615384,-0.0004893665445665,-0.0005189715506715,-0.0005008368742368
-0.000576763028083,-0.0004793765567765,-0.0003558349206349,0.0005272961172161,-0.0001094168742368,-0.0004164139926739,-0.0006158119658119,-0.0007390492063492,-0.0006563538217338,-0.0004893665445665,-0.0005189715506715,-0.0005008368742368
-0.000576763028083,-0.0004793765567765,-0.0003588761904761,0.0005272961172161,-0.0001094168742368,-0.0004194535286935,-0.0006127633699633,-0.0007390492063492,-0.0006593784615384,-0.0004893665445665,-0.0005219888888888,-0.0005038542124542
-0.000576763028083,-0.0004733086691086,-0.0003527936507936,0.0005242658119658,-0.0001124563858363,-0.0004133744566544,-0.0006127633699633,-0.0007390492063492,-0.0006563538217338,-0.0004893665445665,-0.0005219888888888,-0.0005008368742368
-0.0005737273992673,-0.0004642068376068,-0.0003436698412698,0.0005182052014652,-0.0001154958974358,-0.0004042558485958,-0.0006127633699633,-0.0007390492063492,-0.0006503045421245,-0.0004833245421245,-0.0005159542124542,-0.0004948021978021
-0.0005706917704517,-0.0004642068376068,-0.0003497523809523,0.0005151748962148,-0.0001094168742368,-0.0004072953846153,-0.0006127633699633,-0.0007360079365079,-0.0006472799023199,-0.0004803035409035,-0.0005129368742368,-0.0004978195360195
-0.0005706917704517,-0.0004611728937728,-0.0003467111111111,0.0005151748962148,-0.0001124563858363,-0.0004042558485958,-0.0006158119658119,-0.0007299253968253,-0.0006412306227106,-0.0004772825396825,-0.0005069021978021,-0.0004948021978021
-0.0005797986568986,-0.000452071062271,-0.0003284634920634,0.0005151748962148,-0.0001246144322344,-0.0003890581684981,-0.0006127633699633,-0.0007299253968253,-0.0006351813431013,-0.0004682195360195,-0.0005008675213675,-0.0004857501831501
-0.0005828342857142,-0.0004490371184371,-0.0003193396825396,0.0005151748962148,-0.0001306934554334,-0.000382979096459,-0.0006158119658119,-0.0007329666666666,-0.0006351813431013,-0.0004651985347985,-0.0004978501831501,-0.0004827328449328
-0.0005797986568986,-0.0004429692307692,-0.0003132571428571,0.0005091142857142,-0.0001337329670329,-0.00037690002442,-0.0006249577533577,-0.0007360079365079,-0.0006321567032967,-0.0004621775335775,-0.0004948328449328,-0.0004797155067155
-0.0005676561416361,-0.0004338673992673,-0.0003193396825396,0.0005000233699633,-0.0001246144322344,-0.00037690002442,-0.0006280063492063,-0.0007116777777777,-0.0006109842246642,-0.0004561355311355,-0.0005008675213675,-0.0004917848595848
-0.0005676561416361,-0.0004065619047619,-0.0002950095238095,0.0004848718437118,-0.0001367724786324,-0.0003495442002442,-0.0006158119658119,-0.0006660587301587,-0.0005565407081807,-0.0004349885225885,-0.0005008675213675,-0.0005068715506715
-0.0005676561416361,-0.0003125096459096,-0.0002007301587301,0.0004394172649572,-0.0001823651526251,-0.0002553185836385,-0.0006127633699633,-0.0005961095238095,-0.0004597522344322,-0.0003685264957264,-0.0004556074481074,-0.0004827328449328
-0.0005160504517704,-0.000130473015873,-7.29968253968253e-05,0.0003212353601953,-0.0002218788034188,-0.0001003022466422,-0.0006493465201465,-0.0004957476190476,-0.0003054956043956,-0.0002235184371184,-0.0003439659340659,-0.0004072993894993
-0.000388554041514,0.0001031406593406,3.0406349206349296e-05,0.0001424473504273,-0.0002097207570207,6.687223443223439e-05,-0.0007316586080586,-0.0004288396825396,-0.0001179679365079,3.5653235652716827e-08,-0.0001659429792429,-0.0002835885225885
-0.0002398082295482,0.0004277726495726,0.0002037587301587,-9.391645909645908e-05,-0.0002218788034188,0.0003161141880341,-0.0009145743589743,-0.0005961095238095,5.443653235653228e-05,0.0002930727716727,0.0001207041514041,-4.22014652014658e-05
-7.588427350427377e-05,0.000782744078144,0.0003984,-0.0003514924053724,-0.0002370763614163,0.0005896724297924,-0.0012163853479853,-0.0009428142857142,0.000142151086691,0.0006102778998778,0.000458646031746,0.0002685843711843
8.803968253968226e-05,0.0010618669108669,0.0005109269841269,-0.0005727046886446,-0.0002097207570207,0.0007872422710622,-0.0015791682539682,-0.0013168904761904,9.375684981684972e-05,0.0008549789987789,0.0007573625152625,0.0005612661782661
0.0001791085470085,0.0011983943833943,0.0005535047619047,-0.0006878562881562,-0.0001854046642246,0.0008753888156288,-0.0018657362637362,-0.0015906047619047,-5.142586080586088e-05,0.000912378021978,0.0009082294261294,0.0007694625152625
0.0001244672283272,0.0008646605616605,0.0002797904761904,-0.0004939167521367,-7.598224664224636e-05,0.0005714352136752,-0.001890125030525,-0.001718338095238,-0.0004053087179487,0.0005377738705738,0.0006608076923076,0.0006698903540903
-0.0001214187057387,0.0002153965811965,-0.0001216571428571,-4.543157509157507e-05,5.543345543628675e-09,4.559548229548225e-05,-0.0016767233211233,-0.0018612777777777,-0.0009164728449328,-9.663638583638636e-05,0.0001659642246642,0.0003500525030525
-0.0003824827838827,-0.000130473015873,-0.0002007301587301,0.0002545686446886,-9.117980463980436e-05,-0.0001641325030525,-0.0014633216117216,-0.0020194238095238,-0.0012703557020757,-0.0005195765567765,-0.0001478389499389,0.0001358214896214
-0.0005372998534798,-0.0003216114774114,-0.0002372253968253,0.000427296043956,-0.0001489305250305,-0.0002796348717948,-0.0012956488400488,-0.0019160206349206,-0.0013489963369963,-0.0006978156288156,-0.0003379312576312,-3.616678876678936e-05
-0.000601048058608,-0.0004277995115995,-0.0002828444444444,0.0005121445909645,-0.000158049059829,-0.0003556232722832,-0.0011767536019536,-0.001672719047619,-0.0012370846642246,-0.0007068786324786,-0.000434486080586,-0.0001840163614163
-0.0006071193162393,-0.0004429692307692,-0.0002919682539682,0.0005242658119658,-0.000158049059829,-0.0003677814163614,-0.0010700527472527,-0.0014233349206349,-0.0010798033943833,-0.0006434376068376,-0.0004586247863247,-0.0002745365079365
-0.0005919411721611,-0.0004429692307692,-0.0003071746031746,0.0005151748962148,-0.0001428515018315,-0.0003738604884004,-0.0009328659340659,-0.0011861158730158,-0.0009436946031746,-0.0005860385836385,-0.0004706941391941,-0.0003439352869352
-0.0005737273992673,-0.0004399352869352,-0.0003193396825396,0.0005060839804639,-0.0001276539438339,-0.0003799395604395,-0.0007895819291819,-0.0009641031746031,-0.0008196843711843,-0.0005316605616605,-0.0004797461538461,-0.00039523003663
-0.0005585492551892,-0.0004065619047619,-0.0003041333333333,0.0004818415384615,-0.0001276539438339,-0.0003556232722832,-0.000682881074481,-0.0007998746031746,-0.0007138219780219,-0.0004803035409035,-0.0004676768009768,-0.0004163514041514
-0.0005555136263736,-0.0003822903540903,-0.0002858857142857,0.00046669001221,-0.0001337329670329,-0.0003343465201465,-0.0006341035409035,-0.0007086365079365,-0.0006472799023199,-0.0004440515262515,-0.0004556074481074,-0.0004193687423687
-0.0005494423687423,-0.0003762224664224,-0.0002828444444444,0.0004606294017094,-0.0001337329670329,-0.0003282674481074,-0.0006127633699633,-0.0006751825396825,-0.0006230827838827,-0.0004349885225885,-0.0004525901098901,-0.0004254034188034
-0.0005464067399267,-0.0003883582417582,-0.0002950095238095,0.00046669001221,-0.0001246144322344,-0.0003404255921855,-0.0006066661782661,-0.0006599761904761,-0.0006200581440781,-0.0004440515262515,-0.0004646594627594,-0.0004374727716727
-0.0005494423687423,-0.00039746007326,-0.000301092063492,0.0004727506227106,-0.0001246144322344,-0.0003495442002442,-0.0005975203907203,-0.0006447698412698,-0.0006200581440781,-0.0004470725274725,-0.0004706941391941,-0.0004465247863247
-0.0005615848840048,-0.00039746007326,-0.0002919682539682,0.0004788112332112,-0.0001337329670329,-0.0003434651282051,-0.000585326007326,-0.0006326047619047,-0.0006109842246642,-0.0004470725274725,-0.0004706941391941,-0.0004495421245421
-0.0005646205128205,-0.0003944261294261,-0.0002889269841269,0.0004788112332112,-0.0001367724786324,-0.0003404255921855,-0.0005761802197802,-0.0006173984126984,-0.0006019103052503,-0.0004410305250305,-0.0004737114774114,-0.0004555768009768
-0.0005555136263736,-0.0003913921855921,-0.0002950095238095,0.0004727506227106,-0.0001306934554334,-0.0003434651282051,-0.0005761802197802,-0.0006113158730158,-0.0006019103052503,-0.0004440515262515,-0.0004767288156288,-0.0004616114774114
-0.0005494423687423,-0.0003883582417582,-0.0002950095238095,0.00046669001221,-0.0001276539438339,-0.0003404255921855,-0.0005822774114774,-0.0006052333333333,-0.0006019103052503,-0.0004500935286935,-0.0004827634920634,-0.0004706634920634
-0.0005555136263736,-0.0003883582417582,-0.0002889269841269,0.0004697203174603,-0.0001337329670329,-0.000337386056166,-0.0005792288156288,-0.000602192063492,-0.0006019103052503,-0.0004531145299145,-0.0004887981684981,-0.0004797155067155
-0.0005585492551892,-0.0003853242979242,-0.0002889269841269,0.0004697203174603,-0.0001337329670329,-0.000337386056166,-0.0005731316239316,-0.0005961095238095,-0.0005928363858363,-0.0004470725274725,-0.0004887981684981,-0.0004766981684981
-0.0005615848840048,-0.0003944261294261,-0.0002919682539682,0.0004757809279609,-0.0001337329670329,-0.0003434651282051,-0.0005639858363858,-0.0005809031746031,-0.0005777131868131,-0.0004380095238095,-0.0004797461538461,-0.0004676461538461
-0.0005615848840048,-0.0004065619047619,-0.000301092063492,0.0004818415384615,-0.0001306934554334,-0.0003525837362637,-0.0005578886446886,-0.0005717793650793,-0.0005716639072039,-0.0004319675213675,-0.0004737114774114,-0.0004616114774114
-0.0005555136263736,-0.0004065619047619,-0.0003102158730158,0.0004788112332112,-0.0001215749206349,-0.0003586628083028,-0.0005609372405372,-0.0005656968253968,-0.0005716639072039,-0.0004319675213675,-0.0004737114774114,-0.0004616114774114
-0.0005494423687423,-0.0004035279609279,-0.0003102158730158,0.0004757809279609,-0.0001185354090354,-0.0003556232722832,-0.0005670344322344,-0.0005626555555555,-0.0005716639072039,-0.0004349885225885,-0.0004767288156288,-0.0004646288156288
-0.0005494423687423,-0.0004035279609279,-0.0003102158730158,0.0004757809279609,-0.0001185354090354,-0.0003556232722832,-0.0005670344322344,-0.0005626555555555,-0.0005746885470085,-0.0004380095238095,-0.0004827634920634,-0.0004676461538461
-0.0005433711111111,-0.000400494017094,-0.0003132571428571,0.0004697203174603,-0.0001154958974358,-0.0003556232722832,-0.000570083028083,-0.0005596142857142,-0.0005716639072039,-0.0004380095238095,-0.0004857808302808,-0.0004706634920634
-0.0005464067399267,-0.0003944261294261,-0.0003071746031746,0.0004697203174603,-0.0001185354090354,-0.0003495442002442,-0.0005670344322344,-0.0005535317460317,-0.0005686392673992,-0.0004349885225885,-0.0004827634920634,-0.0004706634920634
-0.0005494423687423,-0.0003944261294261,-0.0003041333333333,0.0004697203174603,-0.0001215749206349,-0.0003495442002442,-0.0005639858363858,-0.0005444079365079,-0.0005625899877899,-0.0004319675213675,-0.0004797461538461,-0.0004676461538461
-0.0005494423687423,-0.0003944261294261,-0.0002980507936507,0.0004697203174603,-0.0001246144322344,-0.0003465046642246,-0.0005609372405372,-0.0005383253968253,-0.0005595653479853,-0.0004319675213675,-0.0004797461538461,-0.0004676461538461
-0.0005464067399267,-0.00039746007326,-0.0003041333333333,0.0004697203174603,-0.0001215749206349,-0.0003495442002442,-0.0005578886446886,-0.0005352841269841,-0.0005595653479853,-0.0004319675213675,-0.0004827634920634,-0.0004676461538461
-0.0005464067399267,-0.0003944261294261,-0.0003071746031746,0.0004697203174603,-0.0001185354090354,-0.0003495442002442,-0.0005578886446886,-0.0005292015873015,-0.0005565407081807,-0.0004289465201465,-0.0004797461538461,-0.0004676461538461
-0.0005433711111111,-0.0003913921855921,-0.0003071746031746,0.00046669001221,-0.0001185354090354,-0.0003495442002442,-0.0005578886446886,-0.000523119047619,-0.0005504914285714,-0.0004259255189255,-0.0004767288156288,-0.0004646288156288
-0.0005464067399267,-0.0003944261294261,-0.0003041333333333,0.0004697203174603,-0.0001215749206349,-0.0003495442002442,-0.00055484004884,-0.0005139952380952,-0.0005504914285714,-0.0004259255189255,-0.0004767288156288,-0.0004676461538461
-0.0005464067399267,-0.00039746007326,-0.0003071746031746,0.0004697203174603,-0.0001185354090354,-0.0003525837362637,-0.0005578886446886,-0.0005079126984126,-0.0005504914285714,-0.0004259255189255,-0.0004797461538461,-0.0004706634920634
-0.0005403354822954,-0.0003944261294261,-0.0003132571428571,0.00046669001221,-0.0001124563858363,-0.0003525837362637,-0.00055484004884,-0.0005018301587301,-0.0005474667887667,-0.0004259255189255,-0.0004797461538461,-0.0004736808302808
-0.0005372998534798,-0.0003913921855921,-0.0003102158730158,0.0004636597069597,-0.0001124563858363,-0.0003495442002442,-0.0005517914529914,-0.000489665079365,-0.0005383928693528,-0.0004198835164835,-0.0004767288156288,-0.0004676461538461
-0.0005342642246642,-0.0003853242979242,-0.0003041333333333,0.000457599096459,-0.0001154958974358,-0.0003434651282051,-0.0005487428571428,-0.0004835825396825,-0.0005323435897435,-0.0004168625152625,-0.0004706941391941,-0.0004646288156288
-0.0005342642246642,-0.0003822903540903,-0.0003071746031746,0.000457599096459,-0.0001124563858363,-0.0003434651282051,-0.0005456942612942,-0.0004714174603174,-0.0005293189499389,-0.0004108205128205,-0.0004676768009768,-0.0004646288156288
-0.0005342642246642,-0.0003913921855921,-0.0003132571428571,0.0004606294017094,-0.0001094168742368,-0.0003525837362637,-0.0005426456654456,-0.0004592523809523,-0.0005262943101343,-0.0004138415140415,-0.0004737114774114,-0.0004706634920634
-0.0005312285958485,-0.0003944261294261,-0.0003162984126984,0.0004606294017094,-0.0001063773626373,-0.0003556232722832,-0.000539597069597,-0.0004531698412698,-0.0005262943101343,-0.0004198835164835,-0.0004797461538461,-0.0004797155067155
-0.0005403354822954,-0.0003913921855921,-0.0003041333333333,0.0004636597069597,-0.0001185354090354,-0.0003465046642246,-0.0005365484737484,-0.000444046031746,-0.000520245030525,-0.0004168625152625,-0.0004767288156288,-0.0004766981684981
-0.0005403354822954,-0.0003822903540903,-0.0002950095238095,0.0004606294017094,-0.0001215749206349,-0.000337386056166,-0.0005365484737484,-0.0004288396825396,-0.0005141957509157,-0.0004077995115995,-0.0004737114774114,-0.0004706634920634
-0.0005342642246642,-0.0003792564102564,-0.000301092063492,0.0004545687912087,-0.0001154958974358,-0.0003404255921855,-0.0005334998778998,-0.0004166746031746,-0.0005051218315018,-0.0004047785103785,-0.0004676768009768,-0.0004676461538461
-0.0005251573382173,-0.0003853242979242,-0.0003132571428571,0.0004545687912087,-0.0001063773626373,-0.0003495442002442,-0.0005304512820512,-0.0004045095238095,-0.0005051218315018,-0.0004077995115995,-0.0004706941391941,-0.0004736808302808
-0.0005160504517704,-0.0003853242979242,-0.0003223809523809,0.0004485081807081,-9.725882783882755e-05,-0.0003525837362637,-0.0005304512820512,-0.0003953857142857,-0.0005051218315018,-0.0004077995115995,-0.0004767288156288,-0.0004766981684981
-0.0005251573382173,-0.0003792564102564,-0.0003102158730158,0.0004515384859584,-0.0001063773626373,-0.0003434651282051,-0.0005213054945054,-0.000377138095238,-0.0004960479120879,-0.0004017575091575,-0.0004706941391941,-0.0004706634920634
-0.0005281929670329,-0.0003731885225885,-0.0002980507936507,0.0004485081807081,-0.0001154958974358,-0.0003343465201465,-0.0005213054945054,-0.0003588904761904,-0.0004869739926739,-0.0003957155067155,-0.0004646594627594,-0.0004646288156288
-0.0005221217094017,-0.0003640866910866,-0.0002980507936507,0.0004424475702075,-0.0001124563858363,-0.0003313069841269,-0.0005213054945054,-0.0003436841269841,-0.0004809247130647,-0.0003957155067155,-0.0004646594627594,-0.0004616114774114
-0.0005160504517704,-0.0003580188034188,-0.0002950095238095,0.0004363869597069,-0.0001094168742368,-0.0003252279120879,-0.0005182568986568,-0.0003284777777777,-0.0004748754334554,-0.0003957155067155,-0.0004646594627594,-0.0004646288156288
-0.0005099791941391,-0.0003489169719169,-0.0002950095238095,0.000427296043956,-0.0001063773626373,-0.0003221883760683,-0.0005182568986568,-0.0003132714285714,-0.0004718507936507,-0.0003926945054945,-0.0004646594627594,-0.0004676461538461
-0.0005039079365079,-0.000345883028083,-0.000301092063492,0.0004242657387057,-0.0001002983394383,-0.0003221883760683,-0.0005121597069597,-0.0002919825396825,-0.0004627768742368,-0.0003866525030525,-0.0004616421245421,-0.0004646288156288
-0.000494801050061,-0.0003489169719169,-0.0003071746031746,0.0004212354334554,-9.421931623931596e-05,-0.0003282674481074,-0.0005091111111111,-0.0002676523809523,-0.0004537029548229,-0.0003836315018315,-0.0004586247863247,-0.0004616114774114
-0.000494801050061,-0.0003489169719169,-0.0003102158730158,0.0004212354334554,-9.117980463980436e-05,-0.0003282674481074,-0.0005060625152625,-0.0002463634920634,-0.0004476536752136,-0.0003775894993894,-0.0004525901098901,-0.0004585941391941
-0.0005008723076923,-0.0003398151404151,-0.0002950095238095,0.0004182051282051,-0.0001033378510378,-0.0003161093040293,-0.0004969167277167,-0.000218992063492,-0.0004355551159951,-0.0003685264957264,-0.000443538095238,-0.0004495421245421
-0.0005039079365079,-0.0003276793650793,-0.0002767619047619,0.0004151748229548,-0.0001124563858363,-0.0003009116239316,-0.0004908195360195,-0.0001916206349206,-0.0004234565567765,-0.0003564424908424,-0.000434486080586,-0.0004344554334554
-0.0005008723076923,-0.0003155435897435,-0.0002706793650793,0.0004060839072039,-0.0001154958974358,-0.000291793015873,-0.0004847223443223,-0.0001672904761904,-0.0004143826373626,-0.0003504004884004,-0.000425434065934,-0.0004284207570207
-0.000494801050061,-0.0003064417582417,-0.000267638095238,0.0004000232967032,-0.0001124563858363,-0.0002857139438339,-0.0004816737484737,-0.0001429603174603,-0.0004053087179487,-0.0003473794871794,-0.0004224167277167,-0.0004254034188034
-0.0004826585347985,-0.0003003738705738,-0.000267638095238,0.0003909323809523,-0.0001063773626373,-0.0002826744078144,-0.0004816737484737,-0.0001247126984126,-0.0003992594383394,-0.0003383164835164,-0.0004193993894993,-0.0004193687423687
-0.0004674803907203,-0.000291272039072,-0.0002737206349206,0.0003788111599511,-9.725882783882755e-05,-0.0002826744078144,-0.0004847223443223,-0.0001034238095238,-0.0003962347985347,-0.0003352954822954,-0.0004133647130647,-0.0004163514041514
-0.0004583735042735,-0.0002821702075702,-0.0002767619047619,0.0003697202442002,-9.117980463980436e-05,-0.0002796348717948,-0.0004816737484737,-8.821746031746001e-05,-0.0003871608791208,-0.0003322744810744,-0.00040733003663,-0.000413334065934
-0.0004614091330891,-0.0002609326007326,-0.0002585142857142,0.0003606293284493,-0.0001002983394383,-0.0002583581196581,-0.0004786251526251,-6.996984126984096e-05,-0.0003780869597069,-0.0003232114774114,-0.000398278021978,-0.0003982473748473
-0.0004674803907203,-0.0002427289377289,-0.0002281015873015,0.0003545687179487,-0.0001185354090354,-0.0002340418315018,-0.0004755765567765,-5.172222222222191e-05,-0.000369013040293,-0.0003081064713064,-0.0003801739926739,-0.0003801433455433
-0.0004614091330891,-0.0002305931623931,-0.000222019047619,0.0003454778021978,-0.0001185354090354,-0.0002249232234432,-0.0004847223443223,-3.955714285714255e-05,-0.0003629637606837,-0.0003050854700854,-0.0003741393162393,-0.0003710913308913
-0.0004462309890109,-0.0002154234432234,-0.0002189777777777,0.0003303262759462,-0.0001124563858363,-0.0002158046153846,-0.0004908195360195,-3.651587301587271e-05,-0.0003629637606837,-0.0003050854700854,-0.0003711219780219,-0.0003650566544566
-0.0004371241025641,-0.0002002537240537,-0.0002128952380952,0.000318205054945,-0.0001124563858363,-0.000206686007326,-0.0004938681318681,-3.3474603174602874e-05,-0.0003569144810744,-0.0002990434676434,-0.0003590526251526,-0.0003560046398046
-0.0004371241025641,-0.000185084004884,-0.0002007301587301,0.0003091141391941,-0.0001185354090354,-0.0001914883272283,-0.0004938681318681,-3.043333333333303e-05,-0.0003508652014652,-0.0002899804639804,-0.0003469832722832,-0.0003409179487179
-0.0004401597313797,-0.0001729482295482,-0.0001916063492063,0.0003060838339438,-0.0001246144322344,-0.0001823697191697,-0.0004938681318681,-3.3474603174602874e-05,-0.0003448159218559,-0.0002778964590964,-0.0003349139194139,-0.0003258312576312
-0.0004310528449328,-0.0001577785103785,-0.0001855238095238,0.0002939626129426,-0.0001215749206349,-0.0001702115750915,-0.0004969167277167,-4.259841269841239e-05,-0.0003448159218559,-0.0002748754578754,-0.0003258619047619,-0.0003107445665445
-0.0004280172161172,-0.0001547445665445,-0.0001824825396825,0.0002909323076923,-0.0001215749206349,-0.000167172039072,-0.0005060625152625,-6.996984126984096e-05,-0.0003538898412698,-0.0002778964590964,-0.0003258619047619,-0.0003107445665445
-0.0004340884737484,-0.0001486766788766,-0.0001733587301587,0.0002909323076923,-0.0001306934554334,-0.0001610929670329,-0.0005121597069597,-9.734126984126952e-05,-0.0003629637606837,-0.0002809174603174,-0.0003258619047619,-0.0003047098901098
-0.0004462309890109,-0.0001365409035409,-0.0001490285714285,0.0002909323076923,-0.0001489305250305,-0.0001428557509157,-0.0005182568986568,-0.0001307952380952,-0.0003659884004884,-0.0002778964590964,-0.0003137925518925,-0.0002896231990231
-0.0004431953601953,-0.0001244051282051,-0.000142946031746,0.0002818413919413,-0.0001489305250305,-0.0001337371428571,-0.0005334998778998,-0.000173373015873,-0.0003750623199023,-0.0002809174603174,-0.0003107752136752,-0.0002805711843711
-0.0004401597313797,-0.0001244051282051,-0.0001399047619047,0.0002818413919413,-0.0001489305250305,-0.0001306976068376,-0.0005456942612942,-0.000218992063492,-0.0003901855189255,-0.0002869594627594,-0.0003107752136752,-0.0002775538461538
-0.0004523022466422,-0.0001335069597069,-0.0001399047619047,0.0002909323076923,-0.0001550095482295,-0.0001367766788766,-0.00055484004884,-0.0002676523809523,-0.000402284078144,-0.0002930014652014,-0.0003137925518925,-0.0002805711843711
-0.0004583735042735,-0.0001456427350427,-0.000142946031746,0.0003000232234432,-0.000158049059829,-0.0001428557509157,-0.0005639858363858,-0.0003163126984126,-0.0004174072771672,-0.0003020644688644,-0.0003168098901098,-0.0002866058608058
-0.0004674803907203,-0.0001638463980463,-0.0001490285714285,0.0003151747496947,-0.000158049059829,-0.0001550138949938,-0.000570083028083,-0.000364973015873,-0.0004385797557997,-0.0003141484737484,-0.0003288792429792,-0.0002986752136752
-0.0004765872771672,-0.00018205006105,-0.0001611936507936,0.0003272959706959,-0.000158049059829,-0.0001702115750915,-0.0005761802197802,-0.0004075507936507,-0.0004567275946275,-0.0003262324786324,-0.0003409485958485,-0.0003107445665445
-0.0004826585347985,-0.0002032876678876,-0.0001763999999999,0.0003424474969474,-0.00015197003663,-0.0001884487912087,-0.000585326007326,-0.0004501285714285,-0.00047790007326,-0.0003383164835164,-0.0003560352869352,-0.0003258312576312
-0.0004917654212454,-0.0002275592185592,-0.0001976888888888,0.000357599023199,-0.000145891013431,-0.000212765079365,-0.0005914231990231,-0.0004927063492063,-0.0004960479120879,-0.0003564424908424,-0.0003741393162393,-0.0003469526251526
-0.0005069435653235,-0.0002578986568986,-0.0002098539682539,0.0003818414652014,-0.0001489305250305,-0.0002340418315018,-0.0005914231990231,-0.0005261603174603,-0.0005111711111111,-0.0003715474969474,-0.000389226007326,-0.0003650566544566
-0.000519086080586,-0.0002821702075702,-0.0002189777777777,0.0004000232967032,-0.0001489305250305,-0.0002492395115995,-0.0005914231990231,-0.0005535317460317,-0.0005232696703296,-0.0003806105006105,-0.0004012953601953,-0.000377126007326
-0.0005281929670329,-0.0003034078144078,-0.0002311428571428,0.0004151748229548,-0.0001489305250305,-0.0002674767277167,-0.0005944717948717,-0.0005809031746031,-0.0005414175091575,-0.0003926945054945,-0.0004133647130647,-0.0003922126984126
-0.0005281929670329,-0.0003276793650793,-0.0002585142857142,0.000427296043956,-0.0001337329670329,-0.000291793015873,-0.0006005689865689,-0.0006082746031746,-0.0005625899877899,-0.0004077995115995,-0.0004284514041514,-0.0004103167277167
-0.0005372998534798,-0.0003549848595848,-0.0002737206349206,0.0004454778754578,-0.0001306934554334,-0.0003130697680097,-0.0005975203907203,-0.0006265222222222,-0.0005777131868131,-0.0004229045177045,-0.0004465554334554,-0.0004254034188034
-0.0005494423687423,-0.0003640866910866,-0.0002737206349206,0.0004545687912087,-0.0001367724786324,-0.0003191488400488,-0.0005944717948717,-0.0006447698412698,-0.0005837624664224,-0.0004289465201465,-0.0004525901098901,-0.0004284207570207
-0.0005585492551892,-0.0003731885225885,-0.0002767619047619,0.0004636597069597,-0.0001398119902319,-0.0003252279120879,-0.0005914231990231,-0.0006569349206349,-0.0005928363858363,-0.0004349885225885,-0.0004556074481074,-0.0004344554334554
-0.0005585492551892,-0.0003913921855921,-0.0002919682539682,0.0004727506227106,-0.0001337329670329,-0.0003404255921855,-0.0005944717948717,-0.0006690999999999,-0.0006049349450549,-0.0004410305250305,-0.0004646594627594,-0.0004435074481074
-0.0005615848840048,-0.0004065619047619,-0.0002980507936507,0.0004818415384615,-0.0001306934554334,-0.0003525837362637,-0.0005944717948717,-0.0006751825396825,-0.0006140088644688,-0.0004470725274725,-0.0004706941391941,-0.0004525594627594
-0.0005676561416361,-0.0004126297924297,-0.0003041333333333,0.0004879021489621,-0.0001306934554334,-0.0003586628083028,-0.0005914231990231,-0.000681265079365,-0.0006170335042735,-0.0004531145299145,-0.0004737114774114,-0.0004585941391941
-0.0005646205128205,-0.0004186976800976,-0.0003132571428571,0.0004909324542124,-0.0001246144322344,-0.0003647418803418,-0.0005914231990231,-0.0006873476190476,-0.0006230827838827,-0.0004591565323565,-0.0004827634920634,-0.0004676461538461
-0.0005585492551892,-0.0004217316239316,-0.0003223809523809,0.0004879021489621,-0.0001185354090354,-0.0003708209523809,-0.0005944717948717,-0.0006934301587301,-0.000629132063492,-0.0004621775335775,-0.0004887981684981,-0.0004706634920634
-0.0005615848840048,-0.0004247655677655,-0.0003193396825396,0.0004909324542124,-0.0001215749206349,-0.0003708209523809,-0.0005944717948717,-0.0006934301587301,-0.000629132063492,-0.0004621775335775,-0.0004857808302808,-0.0004676461538461
-0.0005615848840048,-0.0004277995115995,-0.0003223809523809,0.0004939627594627,-0.0001185354090354,-0.0003738604884004,-0.0005944717948717,-0.0006964714285714,-0.0006351813431013,-0.0004682195360195,-0.0004887981684981,-0.0004736808302808
-0.0005555136263736,-0.0004338673992673,-0.000334546031746,0.0004939627594627,-0.0001094168742368,-0.000382979096459,-0.0005975203907203,-0.0007055952380952,-0.0006442552625152,-0.0004772825396825,-0.0004978501831501,-0.0004857501831501
-0.0005706917704517,-0.0004369013431013,-0.0003193396825396,0.0005030536752136,-0.0001246144322344,-0.00037690002442,-0.0005914231990231,-0.0007025539682539,-0.0006412306227106,-0.0004742615384615,-0.0004978501831501,-0.0004827328449328
-0.0005919411721611,-0.0004399352869352,-0.0003041333333333,0.0005151748962148,-0.0001428515018315,-0.0003708209523809,-0.000585326007326,-0.0006934301587301,-0.0006351813431013,-0.0004682195360195,-0.0004948328449328,-0.0004766981684981
-0.0005828342857142,-0.0004399352869352,-0.0003132571428571,0.0005091142857142,-0.0001337329670329,-0.00037690002442,-0.000585326007326,-0.0006934301587301,-0.0006351813431013,-0.0004712405372405,-0.0004978501831501,-0.0004797155067155
-0.0005706917704517,-0.0004429692307692,-0.0003254222222222,0.0005060839804639,-0.0001215749206349,-0.000382979096459,-0.0005883746031746,-0.0006903888888888,-0.0006351813431013,-0.0004742615384615,-0.0005008675213675,-0.0004857501831501
-0.000576763028083,-0.000452071062271,-0.0003315047619047,0.0005121445909645,-0.0001215749206349,-0.0003920977045177,-0.0005883746031746,-0.0006873476190476,-0.0006382059829059,-0.0004803035409035,-0.0005038848595848,-0.0004887675213675
-0.0005706917704517,-0.0004581389499389,-0.0003406285714285,0.0005121445909645,-0.0001154958974358,-0.0003981767765567,-0.0005914231990231,-0.0006903888888888,-0.0006412306227106,-0.0004833245421245,-0.0005099195360195,-0.0004948021978021
-0.0005706917704517,-0.0004581389499389,-0.0003406285714285,0.0005121445909645,-0.0001154958974358,-0.0003981767765567,-0.0005883746031746,-0.0006903888888888,-0.0006442552625152,-0.0004863455433455,-0.0005099195360195,-0.0004948021978021
-0.0005828342857142,-0.0004460031746031,-0.0003223809523809,0.0005121445909645,-0.0001306934554334,-0.000382979096459,-0.0005822774114774,-0.0006843063492063,-0.0006382059829059,-0.0004772825396825,-0.0005038848595848,-0.0004857501831501
-0.0005797986568986,-0.0004399352869352,-0.0003193396825396,0.0005091142857142,-0.0001306934554334,-0.0003799395604395,-0.0005822774114774,-0.000681265079365,-0.0006382059829059,-0.0004772825396825,-0.0005008675213675,-0.0004857501831501
-0.0005737273992673,-0.0004490371184371,-0.0003315047619047,0.0005091142857142,-0.0001215749206349,-0.0003890581684981,-0.0005822774114774,-0.0006782238095238,-0.0006382059829059,-0.0004833245421245,-0.0005099195360195,-0.0004917848595848
-0.0005706917704517,-0.000455105006105,-0.0003436698412698,0.0005121445909645,-0.0001124563858363,-0.0003981767765567,-0.0005792288156288,-0.0006782238095238,-0.0006382059829059,-0.0004863455433455,-0.0005159542124542,-0.0004978195360195
-0.000576763028083,-0.0004581389499389,-0.0003406285714285,0.0005151748962148,-0.0001185354090354,-0.0003981767765567,-0.0005731316239316,-0.0006721412698412,-0.0006321567032967,-0.0004803035409035,-0.0005129368742368,-0.0004978195360195
-0.000576763028083,-0.000455105006105,-0.000334546031746,0.0005151748962148,-0.0001215749206349,-0.0003951372405372,-0.0005731316239316,-0.0006660587301587,-0.0006261074236874,-0.0004742615384615,-0.0005069021978021,-0.0004917848595848
-0.0005706917704517,-0.000452071062271,-0.0003375873015873,0.0005091142857142,-0.0001154958974358,-0.0003951372405372,-0.0005792288156288,-0.0006630174603174,-0.0006261074236874,-0.0004742615384615,-0.0005069021978021,-0.0004917848595848
-0.0005676561416361,-0.000452071062271,-0.0003406285714285,0.0005091142857142,-0.0001124563858363,-0.0003951372405372,-0.0005792288156288,-0.0006630174603174,-0.0006321567032967,-0.0004772825396825,-0.0005099195360195,-0.0004948021978021
-0.0005706917704517,-0.0004490371184371,-0.0003375873015873,0.0005091142857142,-0.0001154958974358,-0.0003920977045177,-0.0005761802197802,-0.0006599761904761,-0.0006321567032967,-0.0004742615384615,-0.0005099195360195,-0.0004948021978021
-0.0005737273992673,-0.0004460031746031,-0.0003254222222222,0.0005091142857142,-0.0001246144322344,-0.0003860186324786,-0.0005731316239316,-0.0006569349206349,-0.0006230827838827,-0.0004742615384615,-0.0005069021978021,-0.0004887675213675
-0.0005737273992673,-0.0004399352869352,-0.0003193396825396,0.0005060839804639,-0.0001276539438339,-0.0003799395604395,-0.0005731316239316,-0.0006538936507936,-0.0006200581440781,-0.0004742615384615,-0.0005069021978021,-0.0004887675213675
-0.0005676561416361,-0.0004369013431013,-0.0003223809523809,0.0005000233699633,-0.0001215749206349,-0.0003799395604395,-0.0005761802197802,-0.0006508523809523,-0.0006230827838827,-0.0004712405372405,-0.0005069021978021,-0.0004887675213675
-0.0005676561416361,-0.0004338673992673,-0.0003254222222222,0.0005000233699633,-0.0001215749206349,-0.0003799395604395,-0.0005761802197802,-0.0006508523809523,-0.0006261074236874,-0.0004742615384615,-0.0005069021978021,-0.0004917848595848
-0.0005737273992673,-0.0004338673992673,-0.0003162984126984,0.0005030536752136,-0.0001276539438339,-0.0003738604884004,-0.0005761802197802,-0.0006508523809523,-0.0006200581440781,-0.0004742615384615,-0.0005069021978021,-0.0004917848595848
-0.0005797986568986,-0.0004369013431013,-0.0003102158730158,0.0005060839804639,-0.0001337329670329,-0.0003738604884004,-0.0005731316239316,-0.0006478111111111,-0.0006140088644688,-0.0004682195360195,-0.0005008675213675,-0.0004857501831501
-0.0005706917704517,-0.0004429692307692,-0.0003284634920634,0.0005060839804639,-0.0001215749206349,-0.0003860186324786,-0.0005761802197802,-0.0006447698412698,-0.0006140088644688,-0.0004651985347985,-0.0004978501831501,-0.0004887675213675
-0.0005555136263736,-0.0004399352869352,-0.0003406285714285,0.000496993064713,-0.0001063773626373,-0.0003890581684981,-0.000585326007326,-0.0006478111111111,-0.0006140088644688,-0.0004621775335775,-0.0004978501831501,-0.0004857501831501
-0.0005555136263736,-0.0004338673992673,-0.0003315047619047,0.0004939627594627,-0.0001124563858363,-0.000382979096459,-0.0005883746031746,-0.0006478111111111,-0.0006109842246642,-0.0004591565323565,-0.0004918155067155,-0.0004797155067155
-0.0005585492551892,-0.0004308334554334,-0.0003254222222222,0.0004939627594627,-0.0001154958974358,-0.00037690002442,-0.0005883746031746,-0.0006478111111111,-0.0006109842246642,-0.0004531145299145,-0.0004887981684981,-0.0004766981684981
-0.0005555136263736,-0.0004217316239316,-0.0003254222222222,0.0004879021489621,-0.0001154958974358,-0.0003738604884004,-0.0005914231990231,-0.0006508523809523,-0.0006140088644688,-0.0004531145299145,-0.0004857808302808,-0.0004736808302808
-0.0005615848840048,-0.0004126297924297,-0.0003132571428571,0.0004848718437118,-0.0001246144322344,-0.0003617023443223,-0.0005975203907203,-0.0006538936507936,-0.0006140088644688,-0.0004500935286935,-0.0004827634920634,-0.0004676461538461
-0.0005676561416361,-0.0004095958485958,-0.000301092063492,0.0004879021489621,-0.0001337329670329,-0.0003556232722832,-0.0005975203907203,-0.0006508523809523,-0.0006140088644688,-0.0004500935286935,-0.0004767288156288,-0.0004646288156288
-0.0005615848840048,-0.0004126297924297,-0.0003102158730158,0.0004848718437118,-0.0001246144322344,-0.0003617023443223,-0.0006036175824175,-0.0006569349206349,-0.0006200581440781,-0.0004531145299145,-0.0004827634920634,-0.0004706634920634
-0.0005524779975579,-0.0004186976800976,-0.0003193396825396,0.0004848718437118,-0.0001154958974358,-0.0003677814163614,-0.0006066661782661,-0.0006630174603174,-0.0006200581440781,-0.0004531145299145,-0.0004857808302808,-0.0004706634920634
-0.0005524779975579,-0.0004126297924297,-0.0003162984126984,0.0004818415384615,-0.0001185354090354,-0.0003647418803418,-0.0006036175824175,-0.0006599761904761,-0.0006140088644688,-0.0004470725274725,-0.0004797461538461,-0.0004676461538461
-0.0005524779975579,-0.0004126297924297,-0.0003132571428571,0.0004818415384615,-0.0001185354090354,-0.0003617023443223,-0.0006036175824175,-0.0006569349206349,-0.0006140088644688,-0.0004440515262515,-0.0004737114774114,-0.0004646288156288
-0.0005494423687423,-0.0004095958485958,-0.0003193396825396,0.0004788112332112,-0.0001154958974358,-0.0003647418803418,-0.0006097147741147,-0.0006630174603174,-0.0006200581440781,-0.0004410305250305,-0.0004737114774114,-0.0004646288156288
-0.0005464067399267,-0.0004126297924297,-0.0003223809523809,0.0004788112332112,-0.0001124563858363,-0.0003677814163614,-0.0006158119658119,-0.0006660587301587,-0.0006261074236874,-0.0004470725274725,-0.0004767288156288,-0.0004676461538461
-0.0005494423687423,-0.0004095958485958,-0.0003193396825396,0.0004788112332112,-0.0001154958974358,-0.0003647418803418,-0.0006158119658119,-0.0006690999999999,-0.000629132063492,-0.0004500935286935,-0.0004827634920634,-0.0004676461538461
-0.0005464067399267,-0.0004035279609279,-0.0003132571428571,0.0004727506227106,-0.0001154958974358,-0.0003586628083028,-0.0006158119658119,-0.0006721412698412,-0.0006321567032967,-0.0004500935286935,-0.0004767288156288,-0.0004646288156288
-0.0005464067399267,-0.0004035279609279,-0.0003132571428571,0.0004727506227106,-0.0001154958974358,-0.0003586628083028,-0.0006188605616605,-0.0006751825396825,-0.000629132063492,-0.0004470725274725,-0.0004737114774114,-0.0004616114774114
-0.0005464067399267,-0.0004065619047619,-0.0003132571428571,0.0004757809279609,-0.0001154958974358,-0.0003586628083028,-0.0006188605616605,-0.0006751825396825,-0.0006261074236874,-0.0004440515262515,-0.0004737114774114,-0.0004616114774114
-0.0005585492551892,-0.0004186976800976,-0.0003132571428571,0.0004879021489621,-0.0001215749206349,-0.0003647418803418,-0.0006188605616605,-0.0006751825396825,-0.0006261074236874,-0.0004470725274725,-0.0004767288156288,-0.0004616114774114
-0.0005555136263736,-0.0004217316239316,-0.0003193396825396,0.0004879021489621,-0.0001185354090354,-0.0003708209523809,-0.0006188605616605,-0.0006782238095238,-0.0006321567032967,-0.0004500935286935,-0.0004737114774114,-0.0004616114774114
-0.0005433711111111,-0.0004186976800976,-0.0003284634920634,0.0004788112332112,-0.0001063773626373,-0.0003738604884004,-0.0006249577533577,-0.000681265079365,-0.0006382059829059,-0.0004531145299145,-0.0004767288156288,-0.0004676461538461
-0.0005433711111111,-0.0004126297924297,-0.0003254222222222,0.0004757809279609,-0.0001094168742368,-0.0003677814163614,-0.0006280063492063,-0.0006843063492063,-0.0006382059829059,-0.0004500935286935,-0.0004767288156288,-0.0004646288156288
-0.0005464067399267,-0.0004126297924297,-0.0003223809523809,0.0004788112332112,-0.0001124563858363,-0.0003677814163614,-0.0006310549450549,-0.0006903888888888,-0.0006412306227106,-0.0004531145299145,-0.0004767288156288,-0.0004616114774114
-0.0005464067399267,-0.0004156637362637,-0.0003284634920634,0.0004788112332112,-0.0001094168742368,-0.0003708209523809,-0.0006341035409035,-0.0006934301587301,-0.0006472799023199,-0.0004591565323565,-0.0004797461538461,-0.0004646288156288
-0.0005372998534798,-0.0004217316239316,-0.0003375873015873,0.0004788112332112,-0.0001002983394383,-0.0003799395604395,-0.0006341035409035,-0.0006934301587301,-0.0006472799023199,-0.0004621775335775,-0.0004857808302808,-0.0004676461538461
-0.0005433711111111,-0.0004247655677655,-0.0003406285714285,0.0004818415384615,-0.0001002983394383,-0.000382979096459,-0.0006280063492063,-0.0006903888888888,-0.0006442552625152,-0.0004591565323565,-0.0004827634920634,-0.0004676461538461
-0.0005555136263736,-0.0004247655677655,-0.0003284634920634,0.0004879021489621,-0.0001124563858363,-0.00037690002442,-0.0006249577533577,-0.0006873476190476,-0.0006382059829059,-0.0004500935286935,-0.0004737114774114,-0.0004585941391941
-0.0005615848840048,-0.0004247655677655,-0.0003223809523809,0.0004909324542124,-0.0001185354090354,-0.0003738604884004,-0.0006280063492063,-0.0006873476190476,-0.0006412306227106,-0.0004500935286935,-0.0004706941391941,-0.0004555768009768
-0.0005555136263736,-0.0004277995115995,-0.0003284634920634,0.0004909324542124,-0.0001124563858363,-0.00037690002442,-0.0006280063492063,-0.0006903888888888,-0.0006472799023199,-0.0004591565323565,-0.0004767288156288,-0.0004616114774114
-0.0005494423687423,-0.0004277995115995,-0.000334546031746,0.0004879021489621,-0.0001063773626373,-0.0003799395604395,-0.0006280063492063,-0.0006964714285714,-0.0006533291819291,-0.0004651985347985,-0.0004827634920634,-0.0004676461538461
-0.0005433711111111,-0.0004338673992673,-0.0003467111111111,0.0004879021489621,-9.725882783882755e-05,-0.0003890581684981,-0.0006310549450549,-0.0006995126984126,-0.0006563538217338,-0.0004682195360195,-0.0004857808302808,-0.0004706634920634
-0.0005433711111111,-0.0004308334554334,-0.0003436698412698,0.0004848718437118,-0.0001002983394383,-0.0003860186324786,-0.0006341035409035,-0.0007025539682539,-0.0006563538217338,-0.0004682195360195,-0.0004887981684981,-0.0004706634920634
-0.0005555136263736,-0.0004308334554334,-0.0003284634920634,0.0004909324542124,-0.0001124563858363,-0.0003799395604395,-0.0006341035409035,-0.0006995126984126,-0.0006533291819291,-0.0004682195360195,-0.0004827634920634,-0.0004676461538461
-0.0005676561416361,-0.0004338673992673,-0.0003223809523809,0.0005000233699633,-0.0001215749206349,-0.00037690002442,-0.0006310549450549,-0.0006964714285714,-0.0006503045421245,-0.0004682195360195,-0.0004857808302808,-0.0004676461538461
-0.0005555136263736,-0.0004338673992673,-0.000334546031746,0.0004939627594627,-0.0001094168742368,-0.000382979096459,-0.0006310549450549,-0.0007025539682539,-0.0006563538217338,-0.0004712405372405,-0.0004887981684981,-0.0004706634920634
-0.0005464067399267,-0.0004308334554334,-0.0003436698412698,0.0004879021489621,-0.0001002983394383,-0.0003860186324786,-0.0006310549450549,-0.0007025539682539,-0.0006563538217338,-0.0004682195360195,-0.0004857808302808,-0.0004706634920634
-0.0005524779975579,-0.0004338673992673,-0.0003406285714285,0.0004909324542124,-0.0001063773626373,-0.0003860186324786,-0.0006280063492063,-0.0007025539682539,-0.0006533291819291,-0.0004651985347985,-0.0004827634920634,-0.0004646288156288
-0.0005494423687423,-0.0004308334554334,-0.0003406285714285,0.0004879021489621,-0.0001033378510378,-0.0003860186324786,-0.0006310549450549,-0.0007025539682539,-0.0006563538217338,-0.0004682195360195,-0.0004827634920634,-0.0004646288156288
-0.0005464067399267,-0.0004277995115995,-0.0003436698412698,0.0004848718437118,-0.0001002983394383,-0.0003860186324786,-0.0006371521367521,-0.0007055952380952,-0.0006624031013431,-0.0004742615384615,-0.0004887981684981,-0.0004706634920634
-0.0005464067399267,-0.0004338673992673,-0.0003436698412698,0.0004879021489621,-0.0001002983394383,-0.0003890581684981,-0.0006341035409035,-0.0007086365079365,-0.0006624031013431,-0.0004772825396825,-0.0004948328449328,-0.0004766981684981
-0.0005494423687423,-0.0004369013431013,-0.0003436698412698,0.0004909324542124,-0.0001033378510378,-0.0003890581684981,-0.0006341035409035,-0.0007086365079365,-0.0006624031013431,-0.0004742615384615,-0.0004918155067155,-0.0004706634920634
-0.0005585492551892,-0.0004338673992673,-0.000334546031746,0.0004939627594627,-0.0001124563858363,-0.000382979096459,-0.0006341035409035,-0.0007055952380952,-0.0006593784615384,-0.0004682195360195,-0.0004887981684981,-0.0004676461538461
-0.0005646205128205,-0.0004338673992673,-0.0003284634920634,0.000496993064713,-0.0001185354090354,-0.0003799395604395,-0.0006341035409035,-0.0007055952380952,-0.0006593784615384,-0.0004682195360195,-0.0004857808302808,-0.0004676461538461
-0.0005615848840048,-0.0004338673992673,-0.0003254222222222,0.000496993064713,-0.0001185354090354,-0.0003799395604395,-0.0006371521367521,-0.0007086365079365,-0.0006654277411477,-0.0004742615384615,-0.0004887981684981,-0.0004706634920634
-0.0005585492551892,-0.0004308334554334,-0.0003284634920634,0.0004939627594627,-0.0001154958974358,-0.0003799395604395,-0.0006371521367521,-0.0007116777777777,-0.0006654277411477,-0.0004742615384615,-0.0004887981684981,-0.0004736808302808
-0.0005585492551892,-0.0004338673992673,-0.000334546031746,0.0004939627594627,-0.0001124563858363,-0.000382979096459,-0.0006371521367521,-0.0007086365079365,-0.0006593784615384,-0.0004712405372405,-0.0004857808302808,-0.0004736808302808
-0.0005555136263736,-0.0004369013431013,-0.0003406285714285,0.0004939627594627,-0.0001063773626373,-0.0003890581684981,-0.0006371521367521,-0.0007055952380952,-0.0006563538217338,-0.0004651985347985,-0.0004827634920634,-0.0004676461538461
-0.0005524779975579,-0.0004429692307692,-0.0003497523809523,0.000496993064713,-0.0001002983394383,-0.0003951372405372,-0.0006341035409035,-0.0007025539682539,-0.0006563538217338,-0.0004621775335775,-0.0004797461538461,-0.0004646288156288
-0.0005555136263736,-0.0004460031746031,-0.0003497523809523,0.0005000233699633,-0.0001033378510378,-0.0003981767765567,-0.0006341035409035,-0.0007025539682539,-0.0006593784615384,-0.0004682195360195,-0.0004797461538461,-0.0004676461538461
-0.0005524779975579,-0.0004399352869352,-0.0003436698412698,0.0004939627594627,-0.0001033378510378,-0.0003920977045177,-0.0006432493284493,-0.0007116777777777,-0.000671477020757,-0.0004772825396825,-0.0004887981684981,-0.0004736808302808
-0.0005494423687423,-0.0004277995115995,-0.0003315047619047,0.0004879021489621,-0.0001094168742368,-0.0003799395604395,-0.0006554437118437,-0.0007208015873015,-0.0006745016605616,-0.0004833245421245,-0.0004918155067155,-0.0004797155067155
-0.0005464067399267,-0.0004186976800976,-0.0003284634920634,0.0004818415384615,-0.0001094168742368,-0.0003738604884004,-0.0006584923076923,-0.0007177603174603,-0.000671477020757,-0.0004803035409035,-0.0004918155067155,-0.0004766981684981
-0.0005494423687423,-0.0004277995115995,-0.000334546031746,0.0004879021489621,-0.0001063773626373,-0.0003799395604395,-0.0006493465201465,-0.0007086365079365,-0.0006684523809523,-0.0004742615384615,-0.0004887981684981,-0.0004766981684981
-0.0005524779975579,-0.0004399352869352,-0.0003406285714285,0.0004939627594627,-0.0001063773626373,-0.0003890581684981,-0.0006402007326007,-0.0007055952380952,-0.0006624031013431,-0.0004651985347985,-0.0004857808302808,-0.0004706634920634
-0.0005555136263736,-0.0004429692307692,-0.0003406285714285,0.000496993064713,-0.0001063773626373,-0.0003920977045177,-0.0006371521367521,-0.0007086365079365,-0.0006624031013431,-0.0004651985347985,-0.0004827634920634,-0.0004676461538461
-0.0005585492551892,-0.0004399352869352,-0.000334546031746,0.000496993064713,-0.0001124563858363,-0.0003860186324786,-0.0006402007326007,-0.0007116777777777,-0.0006684523809523,-0.0004682195360195,-0.0004827634920634,-0.0004676461538461
-0.0005585492551892,-0.0004369013431013,-0.000334546031746,0.000496993064713,-0.0001124563858363,-0.0003860186324786,-0.0006462979242979,-0.0007116777777777,-0.000671477020757,-0.0004712405372405,-0.0004827634920634,-0.0004676461538461
-0.0005494423687423,-0.0004369013431013,-0.0003375873015873,0.0004909324542124,-0.0001063773626373,-0.0003860186324786,-0.0006493465201465,-0.000714719047619,-0.0006745016605616,-0.0004772825396825,-0.0004887981684981,-0.0004736808302808
-0.0005464067399267,-0.0004338673992673,-0.0003406285714285,0.0004879021489621,-0.0001033378510378,-0.0003860186324786,-0.0006523951159951,-0.000714719047619,-0.0006775263003663,-0.0004772825396825,-0.0004887981684981,-0.0004736808302808
-0.0005494423687423,-0.0004338673992673,-0.0003436698412698,0.0004909324542124,-0.0001033378510378,-0.0003890581684981,-0.0006523951159951,-0.000714719047619,-0.0006775263003663,-0.0004772825396825,-0.0004887981684981,-0.0004736808302808
-0.0005524779975579,-0.0004338673992673,-0.0003375873015873,0.0004909324542124,-0.0001063773626373,-0.0003860186324786,-0.0006493465201465,-0.0007116777777777,-0.000671477020757,-0.0004682195360195,-0.0004827634920634,-0.0004676461538461
-0.0005555136263736,-0.0004338673992673,-0.000334546031746,0.0004939627594627,-0.0001094168742368,-0.000382979096459,-0.0006462979242979,-0.0007086365079365,-0.0006684523809523,-0.0004651985347985,-0.0004797461538461,-0.0004616114774114
-0.0005524779975579,-0.0004338673992673,-0.0003375873015873,0.0004909324542124,-0.0001063773626373,-0.0003860186324786,-0.0006462979242979,-0.0007086365079365,-0.000671477020757,-0.0004682195360195,-0.0004797461538461,-0.0004646288156288
-0.0005524779975579,-0.0004338673992673,-0.000334546031746,0.0004909324542124,-0.0001094168742368,-0.000382979096459,-0.0006432493284493,-0.0007116777777777,-0.0006745016605616,-0.0004712405372405,-0.0004827634920634,-0.0004676461538461
-0.0005494423687423,-0.0004277995115995,-0.0003315047619047,0.0004879021489621,-0.0001094168742368,-0.0003799395604395,-0.0006462979242979,-0.0007177603174603,-0.0006805509401709,-0.0004772825396825,-0.0004857808302808,-0.0004676461538461
-0.0005524779975579,-0.0004308334554334,-0.000334546031746,0.0004909324542124,-0.0001094168742368,-0.000382979096459,-0.0006462979242979,-0.0007177603174603,-0.0006835755799755,-0.0004803035409035,-0.0004857808302808,-0.0004706634920634
-0.0005524779975579,-0.0004338673992673,-0.0003375873015873,0.0004909324542124,-0.0001063773626373,-0.0003860186324786,-0.0006493465201465,-0.0007116777777777,-0.0006805509401709,-0.0004772825396825,-0.0004857808302808,-0.0004706634920634
-0.0005464067399267,-0.0004369013431013,-0.0003436698412698,0.0004909324542124,-0.0001002983394383,-0.0003890581684981,-0.0006523951159951,-0.0007116777777777,-0.0006835755799755,-0.0004742615384615,-0.0004857808302808,-0.0004736808302808
-0.0005464067399267,-0.0004369013431013,-0.0003436698412698,0.0004909324542124,-0.0001002983394383,-0.0003890581684981,-0.0006523951159951,-0.0007116777777777,-0.0006805509401709,-0.0004772825396825,-0.0004857808302808,-0.0004766981684981
-0.0005494423687423,-0.0004338673992673,-0.0003406285714285,0.0004909324542124,-0.0001033378510378,-0.0003860186324786,-0.0006493465201465,-0.000714719047619,-0.0006835755799755,-0.0004803035409035,-0.0004918155067155,-0.0004827328449328
-0.0005555136263736,-0.0004217316239316,-0.0003254222222222,0.0004879021489621,-0.0001154958974358,-0.0003738604884004,-0.0006493465201465,-0.0007177603174603,-0.0006835755799755,-0.0004863455433455,-0.0004948328449328,-0.0004857501831501
-0.0005555136263736,-0.0004156637362637,-0.0003162984126984,0.0004848718437118,-0.0001185354090354,-0.0003647418803418,-0.0006493465201465,-0.0007177603174603,-0.0006805509401709,-0.0004833245421245,-0.0004887981684981,-0.0004797155067155
-0.0005555136263736,-0.0004308334554334,-0.0003315047619047,0.0004909324542124,-0.0001124563858363,-0.0003799395604395,-0.0006462979242979,-0.0007116777777777,-0.000671477020757,-0.0004772825396825,-0.0004857808302808,-0.0004766981684981
-0.0005615848840048,-0.0004460031746031,-0.0003436698412698,0.0005030536752136,-0.0001094168742368,-0.0003951372405372,-0.0006402007326007,-0.0007055952380952,-0.0006684523809523,-0.0004712405372405,-0.0004827634920634,-0.0004706634920634
-0.0005524779975579,-0.0004490371184371,-0.0003497523809523,0.0005000233699633,-0.0001002983394383,-0.0003981767765567,-0.0006432493284493,-0.0007116777777777,-0.0006775263003663,-0.0004803035409035,-0.0004887981684981,-0.0004766981684981
-0.0005433711111111,-0.0004369013431013,-0.0003497523809523,0.0004879021489621,-9.725882783882755e-05,-0.0003920977045177,-0.0006493465201465,-0.000714719047619,-0.0006805509401709,-0.0004833245421245,-0.0004887981684981,-0.0004736808302808
-0.0005433711111111,-0.0004338673992673,-0.0003497523809523,0.0004879021489621,-9.725882783882755e-05,-0.0003920977045177,-0.0006462979242979,-0.000714719047619,-0.0006775263003663,-0.0004742615384615,-0.0004827634920634,-0.0004676461538461
-0.0005494423687423,-0.0004338673992673,-0.000334546031746,0.0004909324542124,-0.0001063773626373,-0.000382979096459,-0.0006432493284493,-0.0007086365079365,-0.0006745016605616,-0.0004712405372405,-0.0004797461538461,-0.0004646288156288
-0.0005464067399267,-0.0004338673992673,-0.0003375873015873,0.0004879021489621,-0.0001033378510378,-0.0003860186324786,-0.0006493465201465,-0.0007116777777777,-0.0006805509401709,-0.0004772825396825,-0.0004857808302808,-0.0004706634920634
-0.0005494423687423,-0.0004308334554334,-0.0003375873015873,0.0004879021489621,-0.0001063773626373,-0.000382979096459,-0.0006493465201465,-0.000714719047619,-0.0006835755799755,-0.0004833245421245,-0.0004887981684981,-0.0004736808302808
-0.0005524779975579,-0.0004277995115995,-0.000334546031746,0.0004879021489621,-0.0001094168742368,-0.0003799395604395,-0.0006402007326007,-0.000714719047619,-0.0006835755799755,-0.0004803035409035,-0.0004857808302808,-0.0004706634920634
-0.0005494423687423,-0.0004338673992673,-0.0003406285714285,0.0004909324542124,-0.0001033378510378,-0.0003860186324786,-0.0006402007326007,-0.0007086365079365,-0.0006775263003663,-0.0004772825396825,-0.0004857808302808,-0.0004706634920634
-0.0005494423687423,-0.0004460031746031,-0.0003527936507936,0.000496993064713,-9.725882783882755e-05,-0.0003981767765567,-0.0006402007326007,-0.0007086365079365,-0.0006805509401709,-0.0004803035409035,-0.0004857808302808,-0.0004676461538461
-0.0005524779975579,-0.0004490371184371,-0.0003497523809523,0.0005000233699633,-0.0001002983394383,-0.0003981767765567,-0.0006432493284493,-0.0007116777777777,-0.0006805509401709,-0.0004803035409035,-0.0004857808302808,-0.0004706634920634
-0.0005555136263736,-0.0004460031746031,-0.0003436698412698,0.0005000233699633,-0.0001063773626373,-0.0003951372405372,-0.0006462979242979,-0.000714719047619,-0.0006805509401709,-0.0004772825396825,-0.0004857808302808,-0.0004706634920634
-0.0005555136263736,-0.0004460031746031,-0.0003467111111111,0.0005000233699633,-0.0001033378510378,-0.0003951372405372,-0.0006493465201465,-0.000714719047619,-0.0006866002197802,-0.0004833245421245,-0.0004887981684981,-0.0004766981684981
-0.0005464067399267,-0.0004399352869352,-0.0003497523809523,0.0004909324542124,-9.725882783882755e-05,-0.0003951372405372,-0.0006493465201465,-0.0007177603174603,-0.0006896248595848,-0.0004863455433455,-0.0004948328449328,-0.0004797155067155
-0.0005403354822954,-0.0004338673992673,-0.0003467111111111,0.0004848718437118,-9.725882783882755e-05,-0.0003890581684981,-0.0006523951159951,-0.000714719047619,-0.0006866002197802,-0.0004863455433455,-0.0004948328449328,-0.0004797155067155
-0.0005433711111111,-0.0004308334554334,-0.0003406285714285,0.0004848718437118,-0.0001002983394383,-0.0003860186324786,-0.0006523951159951,-0.000714719047619,-0.0006866002197802,-0.0004863455433455,-0.0004948328449328,-0.0004827328449328
-0.0005433711111111,-0.0004429692307692,-0.0003527936507936,0.0004909324542124,-9.421931623931596e-05,-0.0003981767765567,-0.0006462979242979,-0.0007116777777777,-0.0006866002197802,-0.0004833245421245,-0.0004948328449328,-0.0004827328449328
-0.0005433711111111,-0.0004460031746031,-0.0003558349206349,0.0004939627594627,-9.421931623931596e-05,-0.0004012163125763,-0.0006371521367521,-0.0007086365079365,-0.0006775263003663,-0.0004772825396825,-0.0004857808302808,-0.0004736808302808
-0.0005433711111111,-0.0004429692307692,-0.0003588761904761,0.0004909324542124,-9.117980463980436e-05,-0.0004012163125763,-0.0006341035409035,-0.0007055952380952,-0.0006775263003663,-0.0004742615384615,-0.0004827634920634,-0.0004676461538461
-0.0005342642246642,-0.0004308334554334,-0.0003558349206349,0.0004818415384615,-8.814029304029276e-05,-0.0003920977045177,-0.0006341035409035,-0.0007025539682539,-0.0006775263003663,-0.0004803035409035,-0.0004827634920634,-0.0004676461538461
-0.0005312285958485,-0.0004156637362637,-0.0003406285714285,0.0004727506227106,-9.421931623931596e-05,-0.00037690002442,-0.0006371521367521,-0.0007025539682539,-0.0006775263003663,-0.0004803035409035,-0.0004827634920634,-0.0004676461538461
-0.0005342642246642,-0.0004186976800976,-0.000334546031746,0.0004757809279609,-0.0001002983394383,-0.00037690002442,-0.0006310549450549,-0.0006964714285714,-0.000671477020757,-0.0004742615384615,-0.0004827634920634,-0.0004676461538461
-0.0005342642246642,-0.0004277995115995,-0.0003467111111111,0.0004788112332112,-9.421931623931596e-05,-0.0003860186324786,-0.0006188605616605,-0.0006843063492063,-0.0006563538217338,-0.0004621775335775,-0.0004767288156288,-0.0004616114774114
-0.0005160504517704,-0.0004095958485958,-0.0003497523809523,0.0004606294017094,-8.206126984126955e-05,-0.0003799395604395,-0.0006127633699633,-0.0006721412698412,-0.0006503045421245,-0.0004531145299145,-0.0004646594627594,-0.0004525594627594
-0.0005039079365079,-0.0003822903540903,-0.000334546031746,0.0004424475702075,-8.510078144078116e-05,-0.0003586628083028,-0.0006005689865689,-0.0006599761904761,-0.0006321567032967,-0.0004380095238095,-0.0004465554334554,-0.0004374727716727
-0.0005099791941391,-0.0003640866910866,-0.0003102158730158,0.0004363869597069,-0.0001002983394383,-0.000337386056166,-0.0005914231990231,-0.0006478111111111,-0.0006170335042735,-0.0004229045177045,-0.0004375034188034,-0.0004284207570207
-0.0005039079365079,-0.0003580188034188,-0.0003102158730158,0.0004303263492063,-9.725882783882755e-05,-0.0003343465201465,-0.0005975203907203,-0.0006447698412698,-0.0006170335042735,-0.0004198835164835,-0.0004375034188034,-0.000431438095238
-0.000494801050061,-0.000342849084249,-0.0003041333333333,0.0004182051282051,-9.421931623931596e-05,-0.0003221883760683,-0.0006066661782661,-0.0006386873015873,-0.0006140088644688,-0.0004229045177045,-0.0004375034188034,-0.000431438095238
-0.0004887297924297,-0.0003246454212454,-0.0002889269841269,0.0004060839072039,-0.0001002983394383,-0.0003069906959706,-0.0006219091575091,-0.0006386873015873,-0.0006140088644688,-0.0004229045177045,-0.000434486080586,-0.0004254034188034
-0.0004826585347985,-0.0003337472527472,-0.0003041333333333,0.0004060839072039,-8.814029304029276e-05,-0.0003191488400488,-0.0006615409035409,-0.0006599761904761,-0.0006321567032967,-0.0004380095238095,-0.0004465554334554,-0.0004344554334554
-0.0004917654212454,-0.0003519509157509,-0.0003193396825396,0.0004212354334554,-8.510078144078116e-05,-0.0003343465201465,-0.0006859296703296,-0.000681265079365,-0.0006503045421245,-0.0004470725274725,-0.0004525901098901,-0.0004404901098901
-0.0005008723076923,-0.0003640866910866,-0.0003223809523809,0.0004303263492063,-8.814029304029276e-05,-0.0003434651282051,-0.0006737352869352,-0.0006873476190476,-0.0006533291819291,-0.0004410305250305,-0.0004525901098901,-0.0004374727716727
-0.0005039079365079,-0.0003853242979242,-0.000334546031746,0.0004424475702075,-8.510078144078116e-05,-0.0003586628083028,-0.0006645894993894,-0.0006873476190476,-0.0006593784615384,-0.0004410305250305,-0.0004556074481074,-0.0004374727716727
-0.0005069435653235,-0.0004095958485958,-0.0003558349206349,0.000457599096459,-7.598224664224636e-05,-0.000382979096459,-0.000667638095238,-0.0006964714285714,-0.0006745016605616,-0.0004561355311355,-0.0004646594627594,-0.0004465247863247
-0.0005008723076923,-0.0004065619047619,-0.0003588761904761,0.0004515384859584,-6.990322344322315e-05,-0.000382979096459,-0.0006737352869352,-0.0006995126984126,-0.0006835755799755,-0.0004682195360195,-0.0004706941391941,-0.0004525594627594
-0.0004978366788766,-0.0003944261294261,-0.0003527936507936,0.0004454778754578,-7.294273504273476e-05,-0.0003738604884004,-0.0006767838827838,-0.0007055952380952,-0.0006896248595848,-0.0004712405372405,-0.0004737114774114,-0.0004555768009768
-0.0004978366788766,-0.0004095958485958,-0.0003679999999999,0.0004515384859584,-6.382420024419996e-05,-0.0003890581684981,-0.0006767838827838,-0.0007116777777777,-0.0006956741391941,-0.0004772825396825,-0.0004797461538461,-0.0004646288156288
-0.0005039079365079,-0.0004369013431013,-0.0003892888888888,0.0004697203174603,-5.774517704517676e-05,-0.0004133744566544,-0.0006706866910866,-0.000714719047619,-0.0006986987789987,-0.0004833245421245,-0.0004887981684981,-0.0004736808302808
-0.0004978366788766,-0.0004611728937728,-0.000413619047619,0.0004788112332112,-4.254761904761877e-05,-0.0004376907448107,-0.000667638095238,-0.0007208015873015,-0.0007077726984126,-0.0004923875457875,-0.0004978501831501,-0.0004797155067155
-0.0005069435653235,-0.0004581389499389,-0.0004075365079365,0.0004818415384615,-4.862664224664196e-05,-0.0004316116727716,-0.000667638095238,-0.0007238428571428,-0.0007107973382173,-0.0004923875457875,-0.0004948328449328,-0.0004766981684981
-0.0005281929670329,-0.0004581389499389,-0.0003832063492063,0.0004909324542124,-7.294273504273476e-05,-0.0004194535286935,-0.0006645894993894,-0.0007268841269841,-0.0007077726984126,-0.0004923875457875,-0.0004918155067155,-0.0004676461538461
-0.0005555136263736,-0.0004642068376068,-0.0003649587301587,0.0005091142857142,-9.421931623931596e-05,-0.0004133744566544,-0.0006554437118437,-0.0007268841269841,-0.000704748058608,-0.0004893665445665,-0.0004887981684981,-0.0004676461538461
-0.0005646205128205,-0.0004733086691086,-0.0003679999999999,0.0005182052014652,-9.725882783882755e-05,-0.0004194535286935,-0.0006493465201465,-0.0007299253968253,-0.0007077726984126,-0.0004923875457875,-0.0004948328449328,-0.0004736808302808
-0.0005585492551892,-0.0004793765567765,-0.000380165079365,0.0005182052014652,-8.814029304029276e-05,-0.0004285721367521,-0.0006554437118437,-0.0007360079365079,-0.0007168466178266,-0.0005074925518925,-0.0005069021978021,-0.0004827328449328
-0.0005555136263736,-0.0004733086691086,-0.0003740825396825,0.0005121445909645,-9.117980463980436e-05,-0.000422493064713,-0.0006615409035409,-0.0007360079365079,-0.0007259205372405,-0.0005165555555555,-0.0005129368742368,-0.0004887675213675
-0.0005555136263736,-0.0004672407814407,-0.0003710412698412,0.0005091142857142,-9.117980463980436e-05,-0.0004194535286935,-0.0006615409035409,-0.0007390492063492,-0.0007259205372405,-0.0005195765567765,-0.0005159542124542,-0.0004948021978021
-0.0005555136263736,-0.0004763426129426,-0.0003771238095238,0.0005151748962148,-8.814029304029276e-05,-0.0004255326007326,-0.0006554437118437,-0.0007451317460317,-0.0007289451770451,-0.0005165555555555,-0.0005189715506715,-0.0004978195360195
-0.0005524779975579,-0.0004793765567765,-0.0003862476190476,0.0005151748962148,-8.206126984126955e-05,-0.0004316116727716,-0.0006493465201465,-0.0007420904761904,-0.0007228958974358,-0.0005074925518925,-0.0005129368742368,-0.0004887675213675
-0.0005494423687423,-0.0004824105006105,-0.0003923301587301,0.0005151748962148,-7.902175824175796e-05,-0.0004376907448107,-0.0006462979242979,-0.0007360079365079,-0.0007168466178266,-0.0005014505494505,-0.0005008675213675,-0.0004797155067155
-0.0005524779975579,-0.0004854444444444,-0.0003892888888888,0.0005182052014652,-8.206126984126955e-05,-0.0004376907448107,-0.0006462979242979,-0.0007360079365079,-0.0007198712576312,-0.0005074925518925,-0.0005008675213675,-0.0004827328449328
-0.0005524779975579,-0.0004702747252747,-0.0003710412698412,0.0005091142857142,-9.117980463980436e-05,-0.0004194535286935,-0.0006523951159951,-0.0007390492063492,-0.0007198712576312,-0.0005105135531135,-0.0005038848595848,-0.0004857501831501
-0.0005524779975579,-0.0004642068376068,-0.0003710412698412,0.0005060839804639,-9.117980463980436e-05,-0.0004164139926739,-0.0006554437118437,-0.0007390492063492,-0.0007138219780219,-0.0005014505494505,-0.0005008675213675,-0.0004857501831501
-0.0005524779975579,-0.0004733086691086,-0.0003740825396825,0.0005121445909645,-8.814029304029276e-05,-0.000422493064713,-0.0006523951159951,-0.0007329666666666,-0.0007077726984126,-0.0005014505494505,-0.0005038848595848,-0.0004887675213675
-0.0005646205128205,-0.0004581389499389,-0.0003527936507936,0.0005091142857142,-0.0001063773626373,-0.0004042558485958,-0.0006523951159951,-0.0007299253968253,-0.0007077726984126,-0.0004954085470085,-0.0005008675213675,-0.0004857501831501
-0.0005585492551892,-0.000452071062271,-0.0003527936507936,0.0005030536752136,-0.0001033378510378,-0.0004012163125763,-0.0006615409035409,-0.0007360079365079,-0.0007017234188034,-0.0004923875457875,-0.0004948328449328,-0.0004827328449328
-0.0005494423687423,-0.0004672407814407,-0.0003710412698412,0.0005060839804639,-8.814029304029276e-05,-0.0004194535286935,-0.0006584923076923,-0.0007177603174603,-0.0006835755799755,-0.0004863455433455,-0.0004978501831501,-0.0004887675213675
-0.0005585492551892,-0.0004642068376068,-0.0003619174603174,0.0005091142857142,-9.725882783882755e-05,-0.0004133744566544,-0.0006371521367521,-0.0006721412698412,-0.0006351813431013,-0.0004651985347985,-0.0004978501831501,-0.0004948021978021
-0.0005585492551892,-0.0003883582417582,-0.0002858857142857,0.0004727506227106,-0.0001367724786324,-0.000337386056166,-0.0006371521367521,-0.0006234809523809,-0.0005565407081807,-0.0004138415140415,-0.0004676768009768,-0.0004766981684981
-0.0005130148229548,-0.000236661050061,-0.0001824825396825,0.0003727505494505,-0.000164128083028,-0.0002097255433455,-0.0006737352869352,-0.0005352841269841,-0.0004416043956043,-0.0003081064713064,-0.0003862086691086,-0.0004193687423687
-0.0004067678144078,-3.338681318681299e-05,-8.516190476190466e-05,0.0002182049816849,-0.0001610885714285,-5.77487423687424e-05,-0.0007408043956043,-0.0004197158730158,-0.0002631506471306,-0.0001117413919413,-0.0002323244200244,-0.0003258312576312
-0.000258022002442,0.0002609057387057,6.08190476190477e-05,2.300366300369205e-08,-0.000158049059829,0.0001610978510378,-0.0008810398046398,-0.0004744587301587,-8.469689865689874e-05,0.0001601487179487,1.2079975579975424e-05,-0.0001327216117216
-0.0001001693040293,0.0006280129426129,0.0002645841269841,-0.0002636135531135,-0.0001823651526251,0.0004468142368742,-0.001127976068376,-0.000760338095238,5.443653235653228e-05,0.0004803748473748,0.0003470045177045,0.0001659948717948
6.071902319902292e-05,0.0009496109890109,0.0004227301587301,-0.0005030076678876,-0.0001793256410256,0.0006869375824175,-0.001460273015873,-0.0011283317460317,6.048581196581188e-05,0.0007673699633699,0.0006758943833943,0.0004828153846153
0.0001760729181929,0.001161987057387,0.0005139682539682,-0.0006666441514041,-0.0001671675946275,0.0008389143833943,-0.0017803755799755,-0.0014628714285714,-5.445050061050069e-05,0.000900294017094,0.000887108058608,0.0007272197802197
0.0001821441758241,0.0010042219780219,0.0003588634920634,-0.0005908865201465,-8.814029304029276e-05,0.0006808585103785,-0.0018992708180708,-0.0016483888888888,-0.0003327173626373,0.0006676769230769,0.0007724492063492,0.0007302371184371
-1.213606837606865e-05,0.0003883313797313,-6.0831746031745936e-05,-0.0001878559218559,2.4321636141636424e-05,0.0001641373870573,-0.0017255008547008,-0.0017609158730158,-0.0008045611721611,7.253968253968202e-05,0.0003107964590964,0.0004435899877899
-0.0003005208058608,-5.159047619047599e-05,-0.0002098539682539,0.0001757807081807,-4.558713064713037e-05,-0.0001306976068376,-0.0014999047619047,-0.001943392063492,-0.0012219614652014,-0.0004289465201465,-6.335347985348e-05,0.0002022029304029
-0.000494801050061,-0.0002396949938949,-0.0002007301587301,0.0003666899389499,-0.000145891013431,-0.0002188441514041,-0.0013261347985347,-0.0019464333333333,-0.001376218095238,-0.0006645846153846,-0.0002685324786324,4.228400488400428e-05
-0.0005737273992673,-0.00039746007326,-0.0002798031746031,0.0004848718437118,-0.000145891013431,-0.000337386056166,-0.0011950451770451,-0.0017213793650793,-0.0013157252991452,-0.0007159416361416,-0.000389226007326,-0.0001116002442002
-0.0005949768009768,-0.0004763426129426,-0.000334546031746,0.0005333567277167,-0.0001306934554334,-0.0004042558485958,-0.0011035873015873,-0.0014750365079365,-0.0011796165079365,-0.0006796896214896,-0.0004495727716727,-0.0002383284493284
-0.0005797986568986,-0.0004945462759462,-0.0003649587301587,0.000536387032967,-0.0001063773626373,-0.0004285721367521,-0.0009968864468864,-0.0012621476190476,-0.0010616555555555,-0.0006404166056166,-0.0004797461538461,-0.0003258312576312
-0.0005585492551892,-0.0004945462759462,-0.0003862476190476,0.0005242658119658,-8.510078144078116e-05,-0.0004407302808302,-0.0008596996336996,-0.0010492587301587,-0.0009436946031746,-0.0006011435897435,-0.0004978501831501,-0.0003891953601953
-0.0005433711111111,-0.0004581389499389,-0.0003740825396825,0.0005000233699633,-8.510078144078116e-05,-0.0004164139926739,-0.0007408043956043,-0.0008606999999999,-0.0008317829304029,-0.0005437445665445,-0.0004857808302808,-0.0004163514041514
-0.0005342642246642,-0.0004126297924297,-0.0003375873015873,0.0004727506227106,-9.725882783882755e-05,-0.0003738604884004,-0.0006737352869352,-0.0007329666666666,-0.0007440683760683,-0.0004893665445665,-0.0004616421245421,-0.0004163514041514
-0.0005312285958485,-0.00039746007326,-0.0003254222222222,0.0004636597069597,-0.0001033378510378,-0.0003617023443223,-0.0006432493284493,-0.0006782238095238,-0.0006986987789987,-0.0004682195360195,-0.0004556074481074,-0.000422386080586
-0.0005221217094017,-0.0004126297924297,-0.0003406285714285,0.00046669001221,-9.117980463980436e-05,-0.00037690002442,-0.0006341035409035,-0.0006599761904761,-0.0006896248595848,-0.0004712405372405,-0.0004706941391941,-0.0004465247863247
-0.0005251573382173,-0.0004308334554334,-0.0003588761904761,0.0004757809279609,-8.206126984126955e-05,-0.0003951372405372,-0.0006188605616605,-0.0006478111111111,-0.0006866002197802,-0.0004772825396825,-0.0004827634920634,-0.0004616114774114
-0.0005281929670329,-0.0004399352869352,-0.0003619174603174,0.0004818415384615,-8.206126984126955e-05,-0.0004012163125763,-0.0006066661782661,-0.0006295634920634,-0.0006835755799755,-0.0004803035409035,-0.0004887981684981,-0.0004706634920634
-0.0005342642246642,-0.0004338673992673,-0.0003497523809523,0.0004818415384615,-9.117980463980436e-05,-0.0003920977045177,-0.0006005689865689,-0.0006204396825396,-0.0006775263003663,-0.0004772825396825,-0.0004887981684981,-0.0004706634920634
-0.0005372998534798,-0.0004217316239316,-0.0003406285714285,0.0004788112332112,-9.725882783882755e-05,-0.0003799395604395,-0.0006005689865689,-0.0006082746031746,-0.0006654277411477,-0.0004742615384615,-0.0004857808302808,-0.0004646288156288
-0.0005342642246642,-0.0004217316239316,-0.0003406285714285,0.0004757809279609,-9.725882783882755e-05,-0.0003799395604395,-0.0006005689865689,-0.0005961095238095,-0.0006624031013431,-0.0004742615384615,-0.0004857808302808,-0.0004646288156288
-0.0005342642246642,-0.0004247655677655,-0.0003467111111111,0.0004788112332112,-9.421931623931596e-05,-0.0003860186324786,-0.0006005689865689,-0.0005930682539682,-0.0006624031013431,-0.0004772825396825,-0.0004948328449328,-0.0004736808302808
-0.0005372998534798,-0.0004186976800976,-0.0003375873015873,0.0004757809279609,-0.0001002983394383,-0.00037690002442,-0.0005944717948717,-0.0005900269841269,-0.0006563538217338,-0.0004772825396825,-0.0004978501831501,-0.0004797155067155
-0.0005372998534798,-0.0004217316239316,-0.0003406285714285,0.0004788112332112,-9.725882783882755e-05,-0.0003799395604395,-0.0005914231990231,-0.0005839444444444,-0.0006503045421245,-0.0004712405372405,-0.0004948328449328,-0.0004797155067155
-0.0005251573382173,-0.0004369013431013,-0.0003649587301587,0.0004788112332112,-7.902175824175796e-05,-0.0004012163125763,-0.0005944717948717,-0.0005778619047619,-0.0006472799023199,-0.0004682195360195,-0.0004978501831501,-0.0004827328449328
-0.0005160504517704,-0.0004490371184371,-0.0003862476190476,0.0004818415384615,-6.382420024419996e-05,-0.0004164139926739,-0.0005914231990231,-0.0005656968253968,-0.0006412306227106,-0.0004651985347985,-0.0004948328449328,-0.0004827328449328
-0.0005281929670329,-0.000452071062271,-0.0003771238095238,0.0004879021489621,-7.598224664224636e-05,-0.0004133744566544,-0.000585326007326,-0.000556573015873,-0.0006351813431013,-0.0004591565323565,-0.0004887981684981,-0.0004736808302808
-0.0005372998534798,-0.0004399352869352,-0.0003588761904761,0.0004879021489621,-8.814029304029276e-05,-0.0003981767765567,-0.000585326007326,-0.000556573015873,-0.0006412306227106,-0.0004682195360195,-0.0004918155067155,-0.0004736808302808
-0.0005312285958485,-0.0004186976800976,-0.0003406285714285,0.0004727506227106,-9.421931623931596e-05,-0.0003799395604395,-0.0005914231990231,-0.0005596142857142,-0.0006472799023199,-0.0004772825396825,-0.0004978501831501,-0.0004797155067155
-0.0005251573382173,-0.0004126297924297,-0.0003375873015873,0.00046669001221,-9.421931623931596e-05,-0.0003738604884004,-0.0005975203907203,-0.0005535317460317,-0.0006412306227106,-0.0004742615384615,-0.0004978501831501,-0.0004797155067155
-0.0005342642246642,-0.0004338673992673,-0.0003527936507936,0.0004818415384615,-9.117980463980436e-05,-0.0003920977045177,-0.0005883746031746,-0.0005413666666666,-0.0006321567032967,-0.0004682195360195,-0.0004948328449328,-0.0004797155067155
-0.0005372998534798,-0.0004399352869352,-0.0003619174603174,0.0004879021489621,-8.814029304029276e-05,-0.0004012163125763,-0.0005822774114774,-0.0005322428571428,-0.000629132063492,-0.0004682195360195,-0.0004948328449328,-0.0004827328449328
-0.0005251573382173,-0.0004277995115995,-0.0003558349206349,0.0004757809279609,-8.510078144078116e-05,-0.0003920977045177,-0.000585326007326,-0.0005352841269841,-0.0006382059829059,-0.0004772825396825,-0.0005038848595848,-0.0004887675213675
-0.0005160504517704,-0.0004065619047619,-0.0003406285714285,0.0004606294017094,-8.814029304029276e-05,-0.0003738604884004,-0.0005944717948717,-0.0005383253968253,-0.0006382059829059,-0.0004742615384615,-0.0004978501831501,-0.0004887675213675
-0.0005160504517704,-0.0004156637362637,-0.0003527936507936,0.0004636597069597,-8.206126984126955e-05,-0.000382979096459,-0.000585326007326,-0.0005261603174603,-0.0006230827838827,-0.0004591565323565,-0.0004918155067155,-0.0004827328449328
-0.000519086080586,-0.0004460031746031,-0.0003832063492063,0.0004818415384615,-6.686371184371155e-05,-0.0004133744566544,-0.0005761802197802,-0.0005079126984126,-0.0006170335042735,-0.0004561355311355,-0.0004918155067155,-0.0004797155067155
-0.0005160504517704,-0.0004490371184371,-0.0003862476190476,0.0004818415384615,-6.382420024419996e-05,-0.0004164139926739,-0.0005792288156288,-0.0005048714285714,-0.0006170335042735,-0.0004591565323565,-0.0004918155067155,-0.0004797155067155
-0.0005130148229548,-0.0004308334554334,-0.0003740825396825,0.0004697203174603,-6.990322344322315e-05,-0.0004012163125763,-0.0005822774114774,-0.0004987888888888,-0.0006140088644688,-0.0004621775335775,-0.0004918155067155,-0.0004797155067155
-0.0005099791941391,-0.0004186976800976,-0.0003619174603174,0.0004636597069597,-7.294273504273476e-05,-0.0003890581684981,-0.0005822774114774,-0.0004927063492063,-0.0006140088644688,-0.0004682195360195,-0.0004978501831501,-0.0004857501831501
-0.0005160504517704,-0.0004217316239316,-0.0003649587301587,0.00046669001221,-7.598224664224636e-05,-0.0003920977045177,-0.0005792288156288,-0.0004835825396825,-0.0006170335042735,-0.0004712405372405,-0.0005038848595848,-0.0004948021978021
-0.0005069435653235,-0.0004277995115995,-0.0003771238095238,0.00046669001221,-6.382420024419996e-05,-0.0004012163125763,-0.0005731316239316,-0.0004774999999999,-0.0006140088644688,-0.0004682195360195,-0.0005099195360195,-0.0004978195360195
-0.0005039079365079,-0.0004369013431013,-0.0003862476190476,0.0004697203174603,-5.774517704517676e-05,-0.0004103349206349,-0.000570083028083,-0.0004653349206349,-0.0006079595848595,-0.0004682195360195,-0.0005099195360195,-0.0004948021978021
-0.0005130148229548,-0.0004338673992673,-0.0003740825396825,0.0004727506227106,-6.990322344322315e-05,-0.0004042558485958,-0.0005670344322344,-0.0004592523809523,-0.0005988856654456,-0.0004561355311355,-0.0004978501831501,-0.0004827328449328
-0.0005130148229548,-0.0004247655677655,-0.0003649587301587,0.00046669001221,-7.294273504273476e-05,-0.0003951372405372,-0.0005670344322344,-0.0004470873015873,-0.0005928363858363,-0.0004440515262515,-0.0004857808302808,-0.0004766981684981
-0.0005130148229548,-0.0004217316239316,-0.0003619174603174,0.00046669001221,-7.598224664224636e-05,-0.0003920977045177,-0.0005670344322344,-0.0004349222222222,-0.0005867871062271,-0.0004440515262515,-0.0004827634920634,-0.0004766981684981
-0.0005099791941391,-0.0004217316239316,-0.0003679999999999,0.0004636597069597,-6.990322344322315e-05,-0.0003951372405372,-0.0005639858363858,-0.0004257984126984,-0.0005867871062271,-0.0004531145299145,-0.0004887981684981,-0.0004827328449328
-0.0005039079365079,-0.0004186976800976,-0.0003740825396825,0.0004606294017094,-6.382420024419996e-05,-0.0003951372405372,-0.0005639858363858,-0.0004166746031746,-0.0005867871062271,-0.0004591565323565,-0.0004978501831501,-0.0004917848595848
-0.0005039079365079,-0.0004065619047619,-0.0003649587301587,0.0004545687912087,-6.990322344322315e-05,-0.0003860186324786,-0.0005639858363858,-0.0004045095238095,-0.0005777131868131,-0.0004531145299145,-0.0004918155067155,-0.0004857501831501
-0.0005069435653235,-0.0004095958485958,-0.0003619174603174,0.000457599096459,-7.294273504273476e-05,-0.0003860186324786,-0.00055484004884,-0.0003862619047619,-0.0005656146275946,-0.0004440515262515,-0.0004887981684981,-0.0004797155067155
-0.000494801050061,-0.0004156637362637,-0.0003740825396825,0.0004545687912087,-6.078468864468836e-05,-0.0003951372405372,-0.00055484004884,-0.0003710555555555,-0.0005595653479853,-0.0004440515262515,-0.0004918155067155,-0.0004857501831501
-0.0004917654212454,-0.0004035279609279,-0.0003649587301587,0.0004454778754578,-6.382420024419996e-05,-0.000382979096459,-0.00055484004884,-0.0003619317460317,-0.0005565407081807,-0.0004440515262515,-0.0004948328449328,-0.0004917848595848
-0.000494801050061,-0.0003913921855921,-0.0003558349206349,0.0004424475702075,-6.990322344322315e-05,-0.0003738604884004,-0.0005517914529914,-0.0003467253968253,-0.0005474667887667,-0.0004410305250305,-0.0004918155067155,-0.0004887675213675
-0.0004856941636141,-0.0003944261294261,-0.0003649587301587,0.0004394172649572,-6.078468864468836e-05,-0.0003799395604395,-0.0005517914529914,-0.0003284777777777,-0.0005414175091575,-0.0004380095238095,-0.0004887981684981,-0.0004827328449328
-0.0004796229059829,-0.00039746007326,-0.0003740825396825,0.0004363869597069,-5.166615384615356e-05,-0.0003860186324786,-0.0005456942612942,-0.0003041476190476,-0.0005323435897435,-0.0004319675213675,-0.0004857808302808,-0.0004766981684981
-0.0004826585347985,-0.0003944261294261,-0.0003740825396825,0.0004363869597069,-5.470566544566516e-05,-0.000382979096459,-0.000539597069597,-0.0002798174603174,-0.0005262943101343,-0.0004319675213675,-0.0004827634920634,-0.0004797155067155
-0.0004796229059829,-0.0003822903540903,-0.0003619174603174,0.0004303263492063,-5.774517704517676e-05,-0.0003708209523809,-0.0005365484737484,-0.0002646111111111,-0.0005172203907203,-0.0004229045177045,-0.0004797461538461,-0.0004736808302808
-0.0004735516483516,-0.0003762224664224,-0.0003588761904761,0.0004242657387057,-5.774517704517676e-05,-0.0003677814163614,-0.0005304512820512,-0.0002433222222222,-0.0005051218315018,-0.0004138415140415,-0.0004737114774114,-0.0004676461538461
-0.0004735516483516,-0.0003762224664224,-0.0003588761904761,0.0004242657387057,-5.774517704517676e-05,-0.0003677814163614,-0.000524354090354,-0.000218992063492,-0.0004960479120879,-0.0004077995115995,-0.0004676768009768,-0.0004555768009768
-0.0004644447619047,-0.0003640866910866,-0.0003588761904761,0.0004121445177045,-5.166615384615356e-05,-0.0003617023443223,-0.0005274026862026,-0.0001977031746031,-0.0004899986324786,-0.0004047785103785,-0.0004586247863247,-0.0004465247863247
-0.0004553378754578,-0.0003549848595848,-0.0003558349206349,0.0004030536019536,-4.862664224664196e-05,-0.0003556232722832,-0.0005274026862026,-0.0001764142857142,-0.0004809247130647,-0.0003987365079365,-0.0004495727716727,-0.0004404901098901
-0.0004523022466422,-0.0003519509157509,-0.0003558349206349,0.0004000232967032,-4.862664224664196e-05,-0.0003525837362637,-0.000524354090354,-0.0001581666666666,-0.00047790007326,-0.0003926945054945,-0.0004465554334554,-0.0004374727716727
-0.0004523022466422,-0.0003337472527472,-0.000334546031746,0.0003909323809523,-5.774517704517676e-05,-0.0003343465201465,-0.000524354090354,-0.000139919047619,-0.0004718507936507,-0.0003896735042735,-0.0004405207570207,-0.0004344554334554
-0.0004523022466422,-0.0003125096459096,-0.0003102158730158,0.0003818414652014,-6.990322344322315e-05,-0.0003100302319902,-0.0005182568986568,-0.0001186301587301,-0.0004597522344322,-0.0003836315018315,-0.0004314687423687,-0.0004284207570207
-0.0004523022466422,-0.0003003738705738,-0.000301092063492,0.0003757808547008,-7.598224664224636e-05,-0.0003009116239316,-0.0005152083028083,-9.125873015872984e-05,-0.0004416043956043,-0.0003715474969474,-0.0004224167277167,-0.0004163514041514
-0.0004371241025641,-0.0003003738705738,-0.0003132571428571,0.0003666899389499,-6.078468864468836e-05,-0.0003069906959706,-0.0005182568986568,-7.909365079365048e-05,-0.0004355551159951,-0.0003655054945054,-0.0004193993894993,-0.0004103167277167
-0.0004219459584859,-0.000291272039072,-0.0003193396825396,0.0003545687179487,-5.166615384615356e-05,-0.0003039511599511,-0.000524354090354,-7.30111111111108e-05,-0.0004355551159951,-0.0003655054945054,-0.0004193993894993,-0.0004072993894993
-0.0004158747008547,-0.0002730683760683,-0.0003102158730158,0.0003424474969474,-5.166615384615356e-05,-0.000291793015873,-0.000524354090354,-6.692857142857113e-05,-0.0004325304761904,-0.0003655054945054,-0.0004133647130647,-0.00039523003663
-0.0004249815873015,-0.0002518307692307,-0.0002889269841269,0.0003363868864468,-6.686371184371155e-05,-0.0002705162637362,-0.0005213054945054,-6.084603174603144e-05,-0.0004295058363858,-0.0003594634920634,-0.0004012953601953,-0.0003801433455433
-0.0004280172161172,-0.0002336271062271,-0.0002615555555555,0.0003303262759462,-8.206126984126955e-05,-0.0002461999755799,-0.0005213054945054,-5.78047619047616e-05,-0.0004264811965811,-0.0003534214896214,-0.0003862086691086,-0.0003680739926739
-0.0004189103296703,-0.0002154234432234,-0.0002524317460317,0.0003151747496947,-8.206126984126955e-05,-0.0002340418315018,-0.0005365484737484,-6.388730158730128e-05,-0.0004295058363858,-0.0003504004884004,-0.0003831913308913,-0.0003620393162393
-0.0004158747008547,-0.0002093555555555,-0.0002493904761904,0.0003121444444444,-8.206126984126955e-05,-0.0002279627594627,-0.000539597069597,-7.605238095238064e-05,-0.0004295058363858,-0.0003443584859584,-0.0003801739926739,-0.0003590219780219
-0.0004249815873015,-0.0002214913308913,-0.0002585142857142,0.0003212353601953,-8.206126984126955e-05,-0.0002401209035409,-0.0005334998778998,-7.909365079365048e-05,-0.0004204319169719,-0.0003352954822954,-0.0003711219780219,-0.0003439352869352
-0.0004310528449328,-0.0002214913308913,-0.0002524317460317,0.0003242656654456,-8.814029304029276e-05,-0.0002370813675213,-0.0005334998778998,-9.429999999999968e-05,-0.0004174072771672,-0.0003322744810744,-0.0003590526251526,-0.0003197965811965
-0.0004310528449328,-0.0002002537240537,-0.0002311428571428,0.0003151747496947,-0.0001002983394383,-0.0002158046153846,-0.0005517914529914,-0.0001307952380952,-0.0004355551159951,-0.0003352954822954,-0.0003469832722832,-0.0003047098901098
-0.000412839072039,-0.0001881179487179,-0.0002341841269841,0.0003000232234432,-8.814029304029276e-05,-0.0002097255433455,-0.0005761802197802,-0.0001764142857142,-0.0004597522344322,-0.0003473794871794,-0.0003530179487179,-0.0003077272283272
-0.0004037321855921,-0.00018205006105,-0.0002372253968253,0.0002909323076923,-8.206126984126955e-05,-0.0002097255433455,-0.0005914231990231,-0.0002281158730158,-0.0004839493528693,-0.0003655054945054,-0.0003650873015873,-0.0003167792429792
-0.0004189103296703,-0.000185084004884,-0.0002250603174603,0.0003000232234432,-9.725882783882755e-05,-0.0002036464713064,-0.0005944717948717,-0.0002737349206349,-0.0004960479120879,-0.0003745684981684,-0.0003681046398046,-0.0003167792429792
-0.0004371241025641,-0.0001881179487179,-0.0002068126984126,0.0003121444444444,-0.0001154958974358,-0.0001975673992673,-0.0006005689865689,-0.0003193539682539,-0.0005111711111111,-0.0003775894993894,-0.0003681046398046,-0.0003167792429792
-0.0004431953601953,-0.0002032876678876,-0.0002128952380952,0.0003212353601953,-0.0001154958974358,-0.000206686007326,-0.0006097147741147,-0.0003619317460317,-0.0005232696703296,-0.0003775894993894,-0.0003681046398046,-0.0003197965811965
-0.0004492666178266,-0.0002305931623931,-0.0002402666666666,0.0003394171916971,-0.0001033378510378,-0.0002340418315018,-0.0006127633699633,-0.0004014682539682,-0.0005383928693528,-0.0003836315018315,-0.0003771566544566,-0.0003318659340659
-0.0004553378754578,-0.0002670004884004,-0.000267638095238,0.0003606293284493,-9.421931623931596e-05,-0.0002674767277167,-0.0006158119658119,-0.0004410047619047,-0.000553516068376,-0.0003987365079365,-0.0003922433455433,-0.0003469526251526
-0.0004644447619047,-0.0002973399267399,-0.0002828444444444,0.0003788111599511,-9.117980463980436e-05,-0.0002887534798534,-0.0006219091575091,-0.0004774999999999,-0.0005777131868131,-0.0004168625152625,-0.0004103473748473,-0.0003680739926739
-0.0004765872771672,-0.0003125096459096,-0.0002858857142857,0.0003939626862026,-9.421931623931596e-05,-0.000297872087912,-0.0006280063492063,-0.0005139952380952,-0.0005988856654456,-0.0004289465201465,-0.0004224167277167,-0.0003831606837606
-0.0004856941636141,-0.0003307133089133,-0.0002950095238095,0.0004060839072039,-9.421931623931596e-05,-0.0003130697680097,-0.0006341035409035,-0.0005413666666666,-0.0006079595848595,-0.0004380095238095,-0.000434486080586,-0.00039523003663
-0.0004978366788766,-0.0003610527472527,-0.0003162984126984,0.000427296043956,-9.117980463980436e-05,-0.000337386056166,-0.0006341035409035,-0.0005656968253968,-0.0006230827838827,-0.0004531145299145,-0.0004495727716727,-0.0004163514041514
-0.0005008723076923,-0.0003792564102564,-0.000334546031746,0.0004394172649572,-8.206126984126955e-05,-0.0003556232722832,-0.0006371521367521,-0.0005930682539682,-0.0006442552625152,-0.0004621775335775,-0.0004616421245421,-0.0004344554334554
-0.0005130148229548,-0.0003913921855921,-0.000334546031746,0.0004515384859584,-8.814029304029276e-05,-0.0003617023443223,-0.0006341035409035,-0.0006143571428571,-0.0006593784615384,-0.0004682195360195,-0.0004706941391941,-0.0004435074481074
-0.0005312285958485,-0.0004065619047619,-0.0003315047619047,0.00046669001221,-0.0001002983394383,-0.0003677814163614,-0.0006280063492063,-0.0006295634920634,-0.0006684523809523,-0.0004772825396825,-0.0004767288156288,-0.0004495421245421
-0.0005312285958485,-0.0004217316239316,-0.0003436698412698,0.0004757809279609,-9.421931623931596e-05,-0.000382979096459,-0.0006280063492063,-0.0006417285714285,-0.0006835755799755,-0.0004984295482295,-0.0004978501831501,-0.0004646288156288
-0.0005281929670329,-0.0004308334554334,-0.0003558349206349,0.0004788112332112,-8.510078144078116e-05,-0.0003920977045177,-0.0006371521367521,-0.0006569349206349,-0.0007017234188034,-0.0005165555555555,-0.0005159542124542,-0.0004827328449328
-0.0005342642246642,-0.000455105006105,-0.000380165079365,0.0004939627594627,-7.598224664224636e-05,-0.0004164139926739,-0.0006341035409035,-0.0006630174603174,-0.0007017234188034,-0.0005195765567765,-0.0005219888888888,-0.0004917848595848
-0.0005372998534798,-0.0004824105006105,-0.0004014539682539,0.0005091142857142,-6.686371184371155e-05,-0.0004407302808302,-0.0006249577533577,-0.0006630174603174,-0.0007017234188034,-0.0005195765567765,-0.0005280235653235,-0.0005008368742368
-0.0005403354822954,-0.0004884783882783,-0.0004014539682539,0.0005121445909645,-6.990322344322315e-05,-0.0004437698168498,-0.0006280063492063,-0.0006690999999999,-0.0007107973382173,-0.0005225975579975,-0.0005310409035409,-0.0005008368742368
-0.0005433711111111,-0.0004915123321123,-0.0004014539682539,0.0005151748962148,-6.990322344322315e-05,-0.0004468093528693,-0.0006280063492063,-0.0006721412698412,-0.0007168466178266,-0.0005286395604395,-0.0005370755799755,-0.0005038542124542
-0.0005494423687423,-0.0004975802197802,-0.0004014539682539,0.0005212355067155,-7.294273504273476e-05,-0.0004498488888888,-0.0006280063492063,-0.0006751825396825,-0.0007198712576312,-0.0005346815628815,-0.0005461275946275,-0.0005159235653235
-0.0005524779975579,-0.0005127499389499,-0.0004105777777777,0.0005303264224664,-6.990322344322315e-05,-0.000462007032967,-0.0006280063492063,-0.0006782238095238,-0.0007228958974358,-0.0005407235653235,-0.0005521622710622,-0.0005249755799755
-0.0005494423687423,-0.0005188178266178,-0.0004227428571428,0.0005333567277167,-6.382420024419996e-05,-0.0004711256410256,-0.0006249577533577,-0.0006751825396825,-0.0007259205372405,-0.0005467655677655,-0.0005551796092796,-0.0005279929181929
-0.0005524779975579,-0.0005157838827838,-0.000413619047619,0.0005333567277167,-6.990322344322315e-05,-0.0004650465689865,-0.0006219091575091,-0.0006751825396825,-0.0007289451770451,-0.0005497865689865,-0.0005521622710622,-0.0005219582417582
-0.0005585492551892,-0.0005097159951159,-0.0004044952380952,0.0005333567277167,-7.598224664224636e-05,-0.0004559279609279,-0.0006249577533577,-0.0006721412698412,-0.0007289451770451,-0.0005467655677655,-0.0005461275946275,-0.0005159235653235
-0.0005555136263736,-0.0005127499389499,-0.0004105777777777,0.0005333567277167,-7.294273504273476e-05,-0.000462007032967,-0.0006280063492063,-0.0006721412698412,-0.0007319698168498,-0.0005497865689865,-0.0005521622710622,-0.0005189409035409
-0.0005555136263736,-0.0005127499389499,-0.0004105777777777,0.0005333567277167,-7.294273504273476e-05,-0.000462007032967,-0.0006249577533577,-0.0006751825396825,-0.0007319698168498,-0.0005558285714285,-0.0005581969474969,-0.0005249755799755
-0.0005646205128205,-0.0005188178266178,-0.0004105777777777,0.0005394173382173,-7.598224664224636e-05,-0.0004650465689865,-0.0006188605616605,-0.0006721412698412,-0.0007259205372405,-0.0005467655677655,-0.0005551796092796,-0.0005249755799755
-0.0005524779975579,-0.0005279196581196,-0.0004288253968253,0.0005394173382173,-6.078468864468836e-05,-0.0004772047130647,-0.0006219091575091,-0.0006630174603174,-0.0007259205372405,-0.0005437445665445,-0.0005551796092796,-0.0005249755799755
-0.0005372998534798,-0.0005248857142857,-0.0004440317460317,0.0005303264224664,-4.558713064713037e-05,-0.0004832837851037,-0.0006280063492063,-0.0006630174603174,-0.0007319698168498,-0.0005528075702075,-0.0005612142857142,-0.0005340275946275
-0.0005372998534798,-0.0005127499389499,-0.0004318666666666,0.0005242658119658,-5.166615384615356e-05,-0.0004711256410256,-0.0006310549450549,-0.0006660587301587,-0.0007349944566544,-0.0005558285714285,-0.0005612142857142,-0.0005400622710622
-0.0005585492551892,-0.0005157838827838,-0.000413619047619,0.000536387032967,-7.294273504273476e-05,-0.0004650465689865,-0.0006219091575091,-0.0006599761904761,-0.0007289451770451,-0.0005528075702075,-0.0005612142857142,-0.0005370449328449
-0.0005706917704517,-0.0005188178266178,-0.0004075365079365,0.0005424476434676,-8.206126984126955e-05,-0.000462007032967,-0.0006127633699633,-0.0006478111111111,-0.0007228958974358,-0.0005497865689865,-0.0005642316239316,-0.0005340275946275
-0.0005646205128205,-0.0005157838827838,-0.0004044952380952,0.0005394173382173,-7.902175824175796e-05,-0.0004589674969474,-0.0006127633699633,-0.0006447698412698,-0.0007198712576312,-0.0005497865689865,-0.0005672489621489,-0.0005370449328449
-0.0005585492551892,-0.0005127499389499,-0.0004044952380952,0.0005333567277167,-7.598224664224636e-05,-0.0004589674969474,-0.0006188605616605,-0.0006508523809523,-0.0007228958974358,-0.0005558285714285,-0.0005672489621489,-0.0005370449328449
-0.0005464067399267,-0.0005127499389499,-0.000413619047619,0.0005272961172161,-6.686371184371155e-05,-0.000462007032967,-0.0006188605616605,-0.0006478111111111,-0.0007228958974358,-0.0005588495726495,-0.0005672489621489,-0.0005370449328449
-0.0005494423687423,-0.0005248857142857,-0.0004318666666666,0.000536387032967,-5.774517704517676e-05,-0.0004772047130647,-0.0006097147741147,-0.000635646031746,-0.0007138219780219,-0.0005497865689865,-0.0005642316239316,-0.0005340275946275
-0.0005555136263736,-0.0005309536019536,-0.0004318666666666,0.0005424476434676,-6.078468864468836e-05,-0.0004802442490842,-0.0006036175824175,-0.0006295634920634,-0.0007107973382173,-0.0005437445665445,-0.0005581969474969,-0.0005249755799755
-0.0005524779975579,-0.0005127499389499,-0.0004166603174603,0.0005303264224664,-6.686371184371155e-05,-0.0004650465689865,-0.0006127633699633,-0.0006326047619047,-0.0007168466178266,-0.0005437445665445,-0.0005551796092796,-0.0005249755799755
-0.0005494423687423,-0.0004915123321123,-0.0003923301587301,0.0005182052014652,-7.902175824175796e-05,-0.0004407302808302,-0.0006280063492063,-0.000635646031746,-0.0007198712576312,-0.0005528075702075,-0.0005581969474969,-0.0005310102564102
-0.0005433711111111,-0.0004854444444444,-0.0003984126984126,0.0005121445909645,-7.294273504273476e-05,-0.0004407302808302,-0.0006371521367521,-0.0006386873015873,-0.0007168466178266,-0.0005528075702075,-0.0005612142857142,-0.0005340275946275
-0.0005372998534798,-0.0004975802197802,-0.0004197015873015,0.0005151748962148,-5.774517704517676e-05,-0.0004589674969474,-0.0006280063492063,-0.0006326047619047,-0.0007107973382173,-0.0005467655677655,-0.0005612142857142,-0.0005310102564102
-0.0005555136263736,-0.0005188178266178,-0.0004227428571428,0.000536387032967,-6.686371184371155e-05,-0.0004711256410256,-0.0006066661782661,-0.0006234809523809,-0.0006986987789987,-0.0005377025641025,-0.0005551796092796,-0.0005279929181929
-0.0005646205128205,-0.000506682051282,-0.0003984126984126,0.0005333567277167,-8.206126984126955e-05,-0.0004528884249084,-0.0006036175824175,-0.0006173984126984,-0.0006986987789987,-0.0005316605616605,-0.0005461275946275,-0.0005189409035409
-0.0005494423687423,-0.0004884783882783,-0.0003923301587301,0.0005182052014652,-7.902175824175796e-05,-0.0004407302808302,-0.0006188605616605,-0.0006265222222222,-0.000704748058608,-0.0005377025641025,-0.0005431102564102,-0.0005129062271062
-0.0005372998534798,-0.0004733086691086,-0.0003892888888888,0.0005030536752136,-7.294273504273476e-05,-0.0004316116727716,-0.0006371521367521,-0.0006326047619047,-0.0007077726984126,-0.0005377025641025,-0.0005461275946275,-0.0005159235653235
-0.0005342642246642,-0.0004763426129426,-0.0003953714285714,0.0005030536752136,-6.990322344322315e-05,-0.0004346512087912,-0.0006402007326007,-0.0006295634920634,-0.0006986987789987,-0.0005286395604395,-0.0005400929181929,-0.0005129062271062
-0.0005372998534798,-0.0004824105006105,-0.0004044952380952,0.0005091142857142,-6.686371184371155e-05,-0.0004437698168498,-0.0006371521367521,-0.0006234809523809,-0.0006956741391941,-0.0005195765567765,-0.0005340582417582,-0.0005098888888888
-0.0005372998534798,-0.0004733086691086,-0.0003953714285714,0.0005030536752136,-6.990322344322315e-05,-0.0004346512087912,-0.0006402007326007,-0.0006295634920634,-0.0007017234188034,-0.0005256185592185,-0.0005400929181929,-0.0005189409035409
-0.0005372998534798,-0.0004581389499389,-0.0003771238095238,0.000496993064713,-7.902175824175796e-05,-0.0004164139926739,-0.0006462979242979,-0.000635646031746,-0.000704748058608,-0.0005286395604395,-0.0005400929181929,-0.0005159235653235
-0.0005372998534798,-0.0004702747252747,-0.0003892888888888,0.0005030536752136,-7.294273504273476e-05,-0.0004285721367521,-0.0006432493284493,-0.0006326047619047,-0.0007017234188034,-0.0005256185592185,-0.0005400929181929,-0.0005129062271062
-0.0005403354822954,-0.0004793765567765,-0.0003953714285714,0.0005091142857142,-7.294273504273476e-05,-0.0004376907448107,-0.0006402007326007,-0.0006295634920634,-0.0006986987789987,-0.0005165555555555,-0.0005310409035409,-0.0005008368742368
-0.0005403354822954,-0.0004763426129426,-0.0003892888888888,0.0005060839804639,-7.598224664224636e-05,-0.0004316116727716,-0.0006402007326007,-0.0006326047619047,-0.0006956741391941,-0.0005074925518925,-0.0005219888888888,-0.0004948021978021
-0.0005372998534798,-0.0004642068376068,-0.0003771238095238,0.0005000233699633,-7.902175824175796e-05,-0.0004194535286935,-0.0006432493284493,-0.0006326047619047,-0.0006986987789987,-0.0005014505494505,-0.0005159542124542,-0.0004887675213675
-0.0005372998534798,-0.0004581389499389,-0.0003740825396825,0.000496993064713,-8.206126984126955e-05,-0.0004164139926739,-0.0006462979242979,-0.0006386873015873,-0.0007017234188034,-0.0005044715506715,-0.0005129368742368,-0.0004917848595848
-0.0005281929670329,-0.0004611728937728,-0.0003892888888888,0.0004939627594627,-6.990322344322315e-05,-0.0004255326007326,-0.0006493465201465,-0.0006417285714285,-0.000704748058608,-0.0005105135531135,-0.0005219888888888,-0.0005008368742368
-0.0005281929670329,-0.0004672407814407,-0.0003953714285714,0.000496993064713,-6.686371184371155e-05,-0.0004316116727716,-0.0006523951159951,-0.0006447698412698,-0.0007107973382173,-0.0005165555555555,-0.0005280235653235,-0.0005038542124542
-0.0005372998534798,-0.0004642068376068,-0.0003832063492063,0.0005000233699633,-7.598224664224636e-05,-0.000422493064713,-0.0006493465201465,-0.0006478111111111,-0.0007138219780219,-0.0005195765567765,-0.0005280235653235,-0.0005008368742368
-0.0005403354822954,-0.0004672407814407,-0.000380165079365,0.0005030536752136,-7.902175824175796e-05,-0.000422493064713,-0.0006462979242979,-0.0006447698412698,-0.0007138219780219,-0.0005135345543345,-0.0005219888888888,-0.0004948021978021
-0.0005372998534798,-0.0004672407814407,-0.0003832063492063,0.0005000233699633,-7.598224664224636e-05,-0.0004255326007326,-0.0006462979242979,-0.0006447698412698,-0.0007138219780219,-0.0005105135531135,-0.0005219888888888,-0.0004948021978021
-0.0005342642246642,-0.0004702747252747,-0.0003953714285714,0.0005000233699633,-6.990322344322315e-05,-0.0004316116727716,-0.0006523951159951,-0.0006478111111111,-0.0007168466178266,-0.0005165555555555,-0.0005250062271062,-0.0005008368742368
-0.0005372998534798,-0.0004763426129426,-0.0003984126984126,0.0005060839804639,-6.990322344322315e-05,-0.0004376907448107,-0.0006523951159951,-0.0006478111111111,-0.0007168466178266,-0.0005165555555555,-0.0005280235653235,-0.0005068715506715
-0.0005433711111111,-0.0004733086691086,-0.0003832063492063,0.0005060839804639,-7.902175824175796e-05,-0.0004285721367521,-0.0006554437118437,-0.0006538936507936,-0.0007198712576312,-0.0005165555555555,-0.0005310409035409,-0.0005098888888888
-0.0005464067399267,-0.0004611728937728,-0.0003710412698412,0.0005030536752136,-8.814029304029276e-05,-0.0004164139926739,-0.0006554437118437,-0.0006599761904761,-0.0007228958974358,-0.0005195765567765,-0.0005280235653235,-0.0005038542124542
-0.0005464067399267,-0.0004642068376068,-0.0003710412698412,0.0005030536752136,-8.814029304029276e-05,-0.0004164139926739,-0.0006584923076923,-0.0006599761904761,-0.0007228958974358,-0.0005165555555555,-0.0005280235653235,-0.0005008368742368
-0.0005372998534798,-0.0004763426129426,-0.0003923301587301,0.0005060839804639,-7.294273504273476e-05,-0.0004346512087912,-0.0006584923076923,-0.0006630174603174,-0.0007289451770451,-0.0005225975579975,-0.0005340582417582,-0.0005038542124542
-0.0005372998534798,-0.0004763426129426,-0.0003953714285714,0.0005060839804639,-6.990322344322315e-05,-0.0004346512087912,-0.0006615409035409,-0.0006660587301587,-0.0007319698168498,-0.0005256185592185,-0.0005310409035409,-0.0005068715506715
-0.0005372998534798,-0.0004672407814407,-0.0003892888888888,0.0005000233699633,-7.294273504273476e-05,-0.0004285721367521,-0.0006645894993894,-0.0006660587301587,-0.0007319698168498,-0.0005225975579975,-0.0005310409035409,-0.0005068715506715
-0.0005403354822954,-0.0004642068376068,-0.000380165079365,0.0005000233699633,-7.902175824175796e-05,-0.000422493064713,-0.0006645894993894,-0.0006690999999999,-0.0007349944566544,-0.0005225975579975,-0.0005280235653235,-0.0005068715506715
-0.0005372998534798,-0.0004672407814407,-0.0003862476190476,0.0005000233699633,-7.598224664224636e-05,-0.0004255326007326,-0.0006615409035409,-0.0006690999999999,-0.0007319698168498,-0.0005195765567765,-0.0005280235653235,-0.0005068715506715
-0.0005342642246642,-0.0004854444444444,-0.0004044952380952,0.0005091142857142,-6.382420024419996e-05,-0.0004437698168498,-0.0006584923076923,-0.0006630174603174,-0.0007289451770451,-0.0005195765567765,-0.0005310409035409,-0.0005068715506715
-0.0005403354822954,-0.000506682051282,-0.0004227428571428,0.0005212355067155,-5.774517704517676e-05,-0.0004650465689865,-0.0006523951159951,-0.0006630174603174,-0.0007259205372405,-0.0005195765567765,-0.0005310409035409,-0.0005038542124542
-0.0005464067399267,-0.0005006141636141,-0.0004105777777777,0.0005212355067155,-6.686371184371155e-05,-0.0004559279609279,-0.0006523951159951,-0.0006690999999999,-0.0007289451770451,-0.0005195765567765,-0.0005280235653235,-0.0005008368742368
-0.0005464067399267,-0.0004884783882783,-0.0003923301587301,0.0005151748962148,-7.598224664224636e-05,-0.0004407302808302,-0.0006584923076923,-0.0006721412698412,-0.0007319698168498,-0.0005225975579975,-0.0005280235653235,-0.0005008368742368
-0.0005464067399267,-0.0004915123321123,-0.0003984126984126,0.0005182052014652,-7.294273504273476e-05,-0.0004437698168498,-0.0006584923076923,-0.0006721412698412,-0.0007349944566544,-0.0005286395604395,-0.0005370755799755,-0.0005068715506715
-0.0005372998534798,-0.0004915123321123,-0.0004075365079365,0.0005121445909645,-6.382420024419996e-05,-0.0004498488888888,-0.0006645894993894,-0.0006721412698412,-0.000738019096459,-0.0005316605616605,-0.0005400929181929,-0.0005129062271062
-0.0005372998534798,-0.0004884783882783,-0.0004075365079365,0.0005121445909645,-6.382420024419996e-05,-0.0004468093528693,-0.000667638095238,-0.0006751825396825,-0.0007410437362637,-0.0005316605616605,-0.0005400929181929,-0.0005159235653235
-0.0005372998534798,-0.0004884783882783,-0.0004075365079365,0.0005121445909645,-6.382420024419996e-05,-0.0004468093528693,-0.000667638095238,-0.0006782238095238,-0.0007410437362637,-0.0005316605616605,-0.0005431102564102,-0.0005189409035409
-0.0005342642246642,-0.0004824105006105,-0.0004044952380952,0.0005060839804639,-6.382420024419996e-05,-0.0004437698168498,-0.000667638095238,-0.000681265079365,-0.0007410437362637,-0.0005316605616605,-0.0005431102564102,-0.0005189409035409
-0.0005403354822954,-0.0004824105006105,-0.0003984126984126,0.0005091142857142,-6.990322344322315e-05,-0.0004407302808302,-0.000667638095238,-0.000681265079365,-0.0007410437362637,-0.0005286395604395,-0.0005400929181929,-0.0005159235653235
-0.0005524779975579,-0.0004733086691086,-0.0003771238095238,0.0005121445909645,-8.814029304029276e-05,-0.0004255326007326,-0.0006645894993894,-0.000681265079365,-0.0007410437362637,-0.0005316605616605,-0.0005340582417582,-0.0005098888888888
-0.0005555136263736,-0.0004702747252747,-0.0003710412698412,0.0005121445909645,-9.117980463980436e-05,-0.0004194535286935,-0.0006615409035409,-0.000681265079365,-0.0007440683760683,-0.0005316605616605,-0.0005370755799755,-0.0005098888888888
-0.0005464067399267,-0.0004884783882783,-0.0003953714285714,0.0005151748962148,-7.598224664224636e-05,-0.0004407302808302,-0.0006584923076923,-0.0006782238095238,-0.0007410437362637,-0.0005316605616605,-0.0005400929181929,-0.0005098888888888
-0.0005372998534798,-0.0005006141636141,-0.0004227428571428,0.0005182052014652,-5.774517704517676e-05,-0.000462007032967,-0.0006584923076923,-0.0006782238095238,-0.000747093015873,-0.0005377025641025,-0.0005461275946275,-0.0005159235653235
-0.0005342642246642,-0.0004915123321123,-0.000413619047619,0.0005121445909645,-6.078468864468836e-05,-0.0004528884249084,-0.0006645894993894,-0.000681265079365,-0.0007501176556776,-0.0005377025641025,-0.0005461275946275,-0.0005189409035409
-0.0005433711111111,-0.0004854444444444,-0.0003923301587301,0.0005121445909645,-7.598224664224636e-05,-0.0004376907448107,-0.000667638095238,-0.0006782238095238,-0.0007440683760683,-0.0005316605616605,-0.0005431102564102,-0.0005159235653235
-0.0005372998534798,-0.0004915123321123,-0.0004044952380952,0.0005121445909645,-6.686371184371155e-05,-0.0004468093528693,-0.0006645894993894,-0.0006751825396825,-0.0007440683760683,-0.0005346815628815,-0.0005461275946275,-0.0005219582417582
-0.0005312285958485,-0.0004945462759462,-0.0004166603174603,0.0005121445909645,-5.774517704517676e-05,-0.0004559279609279,-0.0006584923076923,-0.000681265079365,-0.000747093015873,-0.0005377025641025,-0.0005461275946275,-0.0005219582417582
-0.0005464067399267,-0.0004915123321123,-0.0004014539682539,0.0005182052014652,-7.294273504273476e-05,-0.0004468093528693,-0.0006554437118437,-0.0006782238095238,-0.0007410437362637,-0.0005286395604395,-0.0005370755799755,-0.0005098888888888
-0.0005555136263736,-0.0004915123321123,-0.0003953714285714,0.0005212355067155,-7.902175824175796e-05,-0.0004437698168498,-0.0006584923076923,-0.0006751825396825,-0.000738019096459,-0.0005195765567765,-0.0005310409035409,-0.0005038542124542
-0.0005403354822954,-0.0004915123321123,-0.0004075365079365,0.0005151748962148,-6.686371184371155e-05,-0.0004498488888888,-0.0006645894993894,-0.0006782238095238,-0.0007440683760683,-0.0005256185592185,-0.0005400929181929,-0.0005159235653235
-0.0005312285958485,-0.0004884783882783,-0.0004105777777777,0.0005091142857142,-6.078468864468836e-05,-0.0004498488888888,-0.000667638095238,-0.0006843063492063,-0.000747093015873,-0.0005346815628815,-0.0005461275946275,-0.0005219582417582
-0.0005433711111111,-0.0004854444444444,-0.0003953714285714,0.0005121445909645,-7.294273504273476e-05,-0.0004407302808302,-0.0006645894993894,-0.0006843063492063,-0.0007440683760683,-0.0005316605616605,-0.0005431102564102,-0.0005159235653235
-0.0005524779975579,-0.0004854444444444,-0.0003892888888888,0.0005182052014652,-8.206126984126955e-05,-0.0004376907448107,-0.0006584923076923,-0.000681265079365,-0.0007440683760683,-0.0005316605616605,-0.0005431102564102,-0.0005159235653235
-0.0005494423687423,-0.0004793765567765,-0.0003862476190476,0.0005121445909645,-8.206126984126955e-05,-0.0004316116727716,-0.0006645894993894,-0.000681265079365,-0.000747093015873,-0.0005316605616605,-0.0005400929181929,-0.0005129062271062
-0.0005433711111111,-0.0004733086691086,-0.0003862476190476,0.0005060839804639,-7.902175824175796e-05,-0.0004285721367521,-0.0006706866910866,-0.0006843063492063,-0.0007501176556776,-0.0005286395604395,-0.0005370755799755,-0.0005129062271062
-0.0005372998534798,-0.0004824105006105,-0.0003984126984126,0.0005091142857142,-6.990322344322315e-05,-0.0004407302808302,-0.0006706866910866,-0.0006873476190476,-0.000747093015873,-0.0005286395604395,-0.0005370755799755,-0.0005159235653235
-0.0005433711111111,-0.0004945462759462,-0.0004075365079365,0.0005182052014652,-6.686371184371155e-05,-0.0004498488888888,-0.0006584923076923,-0.000681265079365,-0.0007410437362637,-0.0005225975579975,-0.0005310409035409,-0.0005129062271062
-0.0005464067399267,-0.0004945462759462,-0.0004044952380952,0.0005182052014652,-6.990322344322315e-05,-0.0004498488888888,-0.0006554437118437,-0.000681265079365,-0.0007410437362637,-0.0005195765567765,-0.0005310409035409,-0.0005068715506715
-0.0005403354822954,-0.0004884783882783,-0.0004014539682539,0.0005121445909645,-6.990322344322315e-05,-0.0004437698168498,-0.0006615409035409,-0.0006843063492063,-0.0007440683760683,-0.0005225975579975,-0.0005340582417582,-0.0005098888888888
-0.0005403354822954,-0.0004884783882783,-0.0004044952380952,0.0005121445909645,-6.686371184371155e-05,-0.0004468093528693,-0.0006706866910866,-0.0006873476190476,-0.000747093015873,-0.0005286395604395,-0.0005370755799755,-0.0005159235653235
-0.0005403354822954,-0.0004884783882783,-0.0004044952380952,0.0005121445909645,-6.686371184371155e-05,-0.0004468093528693,-0.0006706866910866,-0.0006903888888888,-0.0007501176556776,-0.0005316605616605,-0.0005431102564102,-0.0005189409035409
-0.0005433711111111,-0.0004763426129426,-0.0003892888888888,0.0005091142857142,-7.598224664224636e-05,-0.0004316116727716,-0.000667638095238,-0.0006903888888888,-0.0007501176556776,-0.0005286395604395,-0.0005400929181929,-0.0005159235653235
-0.0005494423687423,-0.0004672407814407,-0.0003771238095238,0.0005060839804639,-8.510078144078116e-05,-0.000422493064713,-0.0006645894993894,-0.0006903888888888,-0.0007501176556776,-0.0005256185592185,-0.0005340582417582,-0.0005098888888888
-0.0005372998534798,-0.0004763426129426,-0.0003923301587301,0.0005060839804639,-7.294273504273476e-05,-0.0004346512087912,-0.0006645894993894,-0.0006873476190476,-0.000747093015873,-0.0005225975579975,-0.0005340582417582,-0.0005098888888888
-0.0005342642246642,-0.0004915123321123,-0.0004105777777777,0.0005121445909645,-6.078468864468836e-05,-0.0004498488888888,-0.0006584923076923,-0.000681265079365,-0.0007440683760683,-0.0005225975579975,-0.0005340582417582,-0.0005098888888888
-0.0005433711111111,-0.0005006141636141,-0.0004105777777777,0.0005212355067155,-6.686371184371155e-05,-0.0004559279609279,-0.0006523951159951,-0.0006843063492063,-0.000747093015873,-0.0005225975579975,-0.0005370755799755,-0.0005129062271062
-0.0005433711111111,-0.0004884783882783,-0.0004014539682539,0.0005151748962148,-6.990322344322315e-05,-0.0004437698168498,-0.0006584923076923,-0.0006903888888888,-0.0007531422954822,-0.0005316605616605,-0.0005431102564102,-0.0005189409035409
-0.0005433711111111,-0.0004793765567765,-0.0003923301587301,0.0005091142857142,-7.598224664224636e-05,-0.0004346512087912,-0.0006615409035409,-0.0006934301587301,-0.0007531422954822,-0.0005346815628815,-0.0005431102564102,-0.0005189409035409
-0.0005464067399267,-0.0004793765567765,-0.0003862476190476,0.0005121445909645,-7.902175824175796e-05,-0.0004316116727716,-0.0006584923076923,-0.0006903888888888,-0.0007501176556776,-0.0005316605616605,-0.0005431102564102,-0.0005159235653235
-0.0005494423687423,-0.0004824105006105,-0.0003862476190476,0.0005151748962148,-8.206126984126955e-05,-0.0004346512087912,-0.0006554437118437,-0.000681265079365,-0.0007440683760683,-0.0005256185592185,-0.0005400929181929,-0.0005189409035409
-0.0005464067399267,-0.0004915123321123,-0.0003984126984126,0.0005182052014652,-7.294273504273476e-05,-0.0004437698168498,-0.0006493465201465,-0.000681265079365,-0.0007410437362637,-0.0005256185592185,-0.0005370755799755,-0.0005159235653235
-0.0005403354822954,-0.0004915123321123,-0.0004075365079365,0.0005151748962148,-6.686371184371155e-05,-0.0004498488888888,-0.0006462979242979,-0.0006843063492063,-0.000747093015873,-0.0005286395604395,-0.0005400929181929,-0.0005129062271062
-0.0005312285958485,-0.0004763426129426,-0.0004044952380952,0.0005030536752136,-6.382420024419996e-05,-0.0004407302808302,-0.0006493465201465,-0.000681265079365,-0.0007440683760683,-0.0005256185592185,-0.0005370755799755,-0.0005098888888888
-0.0005342642246642,-0.0004611728937728,-0.0003862476190476,0.000496993064713,-7.294273504273476e-05,-0.000422493064713,-0.0006493465201465,-0.000681265079365,-0.0007410437362637,-0.0005195765567765,-0.0005280235653235,-0.0005038542124542
-0.0005433711111111,-0.0004611728937728,-0.0003740825396825,0.0005000233699633,-8.510078144078116e-05,-0.0004164139926739,-0.0006432493284493,-0.0006751825396825,-0.000738019096459,-0.0005195765567765,-0.0005250062271062,-0.0005038542124542
-0.0005433711111111,-0.0004642068376068,-0.0003740825396825,0.0005030536752136,-8.510078144078116e-05,-0.0004194535286935,-0.0006371521367521,-0.0006690999999999,-0.0007349944566544,-0.0005165555555555,-0.0005250062271062,-0.0005038542124542
-0.0005312285958485,-0.000455105006105,-0.0003771238095238,0.0004909324542124,-7.598224664224636e-05,-0.0004164139926739,-0.0006371521367521,-0.0006690999999999,-0.0007319698168498,-0.0005105135531135,-0.0005219888888888,-0.0005008368742368
-0.0005221217094017,-0.0004369013431013,-0.0003740825396825,0.0004788112332112,-7.294273504273476e-05,-0.0004042558485958,-0.0006280063492063,-0.0006569349206349,-0.0007168466178266,-0.0004954085470085,-0.0005099195360195,-0.0004857501831501
-0.000519086080586,-0.0004065619047619,-0.0003467111111111,0.0004606294017094,-8.510078144078116e-05,-0.00037690002442,-0.0006188605616605,-0.0006386873015873,-0.0006956741391941,-0.0004772825396825,-0.0004887981684981,-0.0004676461538461
-0.0005099791941391,-0.0003913921855921,-0.0003375873015873,0.0004485081807081,-8.510078144078116e-05,-0.0003647418803418,-0.0006249577533577,-0.0006326047619047,-0.0006896248595848,-0.0004742615384615,-0.0004827634920634,-0.0004646288156288
-0.0004917654212454,-0.0003822903540903,-0.0003467111111111,0.0004363869597069,-7.294273504273476e-05,-0.0003647418803418,-0.0006341035409035,-0.000635646031746,-0.0006896248595848,-0.0004742615384615,-0.0004827634920634,-0.0004706634920634
-0.0004887297924297,-0.0003792564102564,-0.0003436698412698,0.0004333566544566,-7.294273504273476e-05,-0.0003617023443223,-0.0006310549450549,-0.0006234809523809,-0.0006805509401709,-0.0004651985347985,-0.0004797461538461,-0.0004646288156288
-0.0004978366788766,-0.0003792564102564,-0.0003375873015873,0.0004363869597069,-7.902175824175796e-05,-0.0003586628083028,-0.0006371521367521,-0.0006204396825396,-0.000671477020757,-0.0004531145299145,-0.0004676768009768,-0.0004555768009768
-0.0004887297924297,-0.0003792564102564,-0.0003497523809523,0.0004333566544566,-6.990322344322315e-05,-0.0003647418803418,-0.0006737352869352,-0.0006447698412698,-0.0006896248595848,-0.0004712405372405,-0.0004797461538461,-0.0004616114774114
-0.0004826585347985,-0.0003853242979242,-0.0003588761904761,0.0004333566544566,-6.078468864468836e-05,-0.0003708209523809,-0.0006950754578754,-0.0006660587301587,-0.0007077726984126,-0.0004863455433455,-0.0004918155067155,-0.0004706634920634
-0.0004917654212454,-0.00039746007326,-0.0003558349206349,0.0004424475702075,-6.686371184371155e-05,-0.00037690002442,-0.0006859296703296,-0.0006660587301587,-0.0007077726984126,-0.0004833245421245,-0.0004948328449328,-0.0004766981684981
-0.0005039079365079,-0.0004247655677655,-0.0003740825396825,0.0004636597069597,-6.382420024419996e-05,-0.0003981767765567,-0.0006767838827838,-0.0006721412698412,-0.0007168466178266,-0.0004893665445665,-0.0005008675213675,-0.0004827328449328
-0.0005008723076923,-0.0004490371184371,-0.0004014539682539,0.0004727506227106,-4.862664224664196e-05,-0.0004255326007326,-0.0006767838827838,-0.0006782238095238,-0.0007289451770451,-0.0005044715506715,-0.0005129368742368,-0.0004917848595848
-0.0005008723076923,-0.0004429692307692,-0.0003984126984126,0.0004697203174603,-5.166615384615356e-05,-0.0004194535286935,-0.0006798324786324,-0.000681265079365,-0.0007319698168498,-0.0005044715506715,-0.0005129368742368,-0.0004887675213675
-0.0005039079365079,-0.0004308334554334,-0.0003832063492063,0.00046669001221,-6.078468864468836e-05,-0.0004072953846153,-0.0006889782661782,-0.0006903888888888,-0.000738019096459,-0.0005074925518925,-0.0005099195360195,-0.0004857501831501
-0.0005008723076923,-0.0004460031746031,-0.0003984126984126,0.0004727506227106,-5.166615384615356e-05,-0.000422493064713,-0.0006889782661782,-0.0006934301587301,-0.000747093015873,-0.0005225975579975,-0.0005250062271062,-0.0005008368742368
-0.0005099791941391,-0.0004672407814407,-0.0004105777777777,0.0004879021489621,-4.862664224664196e-05,-0.0004376907448107,-0.0006859296703296,-0.0006964714285714,-0.0007561669352869,-0.0005346815628815,-0.0005370755799755,-0.0005129062271062
-0.0005130148229548,-0.0004702747252747,-0.000413619047619,0.0004909324542124,-4.862664224664196e-05,-0.0004407302808302,-0.0006889782661782,-0.0006995126984126,-0.0007561669352869,-0.0005316605616605,-0.0005340582417582,-0.0005098888888888
-0.0005130148229548,-0.0004824105006105,-0.0004197015873015,0.000496993064713,-4.558713064713037e-05,-0.0004498488888888,-0.0006889782661782,-0.0006995126984126,-0.0007531422954822,-0.0005256185592185,-0.0005280235653235,-0.0005068715506715
-0.0005221217094017,-0.0004975802197802,-0.0004288253968253,0.0005091142857142,-4.558713064713037e-05,-0.000462007032967,-0.0006798324786324,-0.0006995126984126,-0.0007561669352869,-0.0005316605616605,-0.0005340582417582,-0.0005129062271062
-0.0005342642246642,-0.0005036481074481,-0.0004197015873015,0.0005182052014652,-5.774517704517676e-05,-0.000462007032967,-0.0006737352869352,-0.0006995126984126,-0.0007591915750915,-0.0005377025641025,-0.0005431102564102,-0.0005219582417582
-0.0005555136263736,-0.0005006141636141,-0.0003984126984126,0.0005272961172161,-7.902175824175796e-05,-0.0004498488888888,-0.0006645894993894,-0.0007055952380952,-0.0007622162148962,-0.0005377025641025,-0.0005431102564102,-0.0005249755799755
-0.0005646205128205,-0.0005006141636141,-0.0003892888888888,0.0005303264224664,-8.814029304029276e-05,-0.0004437698168498,-0.0006645894993894,-0.000714719047619,-0.0007682654945054,-0.0005467655677655,-0.0005491449328449,-0.0005249755799755
-0.0005585492551892,-0.000506682051282,-0.0004014539682539,0.0005303264224664,-7.902175824175796e-05,-0.0004528884249084,-0.0006706866910866,-0.000714719047619,-0.0007682654945054,-0.0005497865689865,-0.0005521622710622,-0.0005249755799755
-0.0005494423687423,-0.0005188178266178,-0.0004257841269841,0.0005333567277167,-6.078468864468836e-05,-0.0004711256410256,-0.0006706866910866,-0.0007116777777777,-0.0007652408547008,-0.0005528075702075,-0.0005521622710622,-0.0005219582417582
-0.0005403354822954,-0.0005248857142857,-0.0004379492063492,0.0005303264224664,-5.166615384615356e-05,-0.0004802442490842,-0.000667638095238,-0.0007116777777777,-0.0007652408547008,-0.0005497865689865,-0.0005551796092796,-0.0005219582417582
-0.0005494423687423,-0.0005218517704517,-0.0004288253968253,0.0005333567277167,-6.078468864468836e-05,-0.0004741651770451,-0.0006645894993894,-0.0007055952380952,-0.0007622162148962,-0.0005437445665445,-0.0005491449328449,-0.0005219582417582
-0.0005615848840048,-0.0005097159951159,-0.0004075365079365,0.0005333567277167,-7.598224664224636e-05,-0.0004589674969474,-0.0006645894993894,-0.0006995126984126,-0.0007561669352869,-0.0005377025641025,-0.0005431102564102,-0.0005159235653235
-0.0005524779975579,-0.000506682051282,-0.0004075365079365,0.0005272961172161,-7.294273504273476e-05,-0.0004559279609279,-0.0006706866910866,-0.0007025539682539,-0.0007561669352869,-0.0005377025641025,-0.0005431102564102,-0.0005189409035409
-0.0005524779975579,-0.0005006141636141,-0.0004044952380952,0.0005242658119658,-7.294273504273476e-05,-0.0004528884249084,-0.0006767838827838,-0.0007025539682539,-0.0007531422954822,-0.0005346815628815,-0.0005400929181929,-0.0005189409035409
-0.0005585492551892,-0.0004945462759462,-0.0003953714285714,0.0005242658119658,-8.206126984126955e-05,-0.0004437698168498,-0.0006737352869352,-0.0006995126984126,-0.000747093015873,-0.0005286395604395,-0.0005370755799755,-0.0005159235653235
-0.0005524779975579,-0.0004915123321123,-0.0003953714285714,0.0005212355067155,-7.902175824175796e-05,-0.0004437698168498,-0.0006706866910866,-0.0006995126984126,-0.0007410437362637,-0.0005256185592185,-0.0005310409035409,-0.0005098888888888
-0.0005494423687423,-0.0004854444444444,-0.0003892888888888,0.0005151748962148,-7.902175824175796e-05,-0.0004376907448107,-0.000667638095238,-0.0007025539682539,-0.000738019096459,-0.0005195765567765,-0.0005250062271062,-0.0005068715506715
-0.0005464067399267,-0.0004854444444444,-0.0003923301587301,0.0005151748962148,-7.598224664224636e-05,-0.0004376907448107,-0.0006737352869352,-0.0007025539682539,-0.0007410437362637,-0.0005195765567765,-0.0005280235653235,-0.0005098888888888
-0.0005494423687423,-0.0004915123321123,-0.0003953714285714,0.0005182052014652,-7.598224664224636e-05,-0.0004437698168498,-0.0006706866910866,-0.0006843063492063,-0.0007259205372405,-0.0005195765567765,-0.0005370755799755,-0.0005279929181929
-0.0005494423687423,-0.0004702747252747,-0.0003771238095238,0.0005091142857142,-8.510078144078116e-05,-0.000422493064713,-0.0006584923076923,-0.0006447698412698,-0.0006805509401709,-0.0005105135531135,-0.0005461275946275,-0.0005491142857142
-0.0005372998534798,-0.000400494017094,-0.0003162984126984,0.00046669001221,-0.0001094168742368,-0.0003586628083028,-0.0006615409035409,-0.0006052333333333,-0.0006079595848595,-0.0004712405372405,-0.0005280235653235,-0.0005430796092796
-0.0004917654212454,-0.0002548647130647,-0.0002189777777777,0.0003727505494505,-0.0001367724786324,-0.0002370813675213,-0.0006920268620268,-0.0004987888888888,-0.0004809247130647,-0.0003504004884004,-0.0004375034188034,-0.0004857501831501
-0.0003915896703296,-3.035286935286916e-05,-9.42857142857142e-05,0.000209114065934,-0.0001489305250305,-6.078827838827842e-05,-0.0007560473748473,-0.0003619317460317,-0.0002631506471306,-0.0001117413919413,-0.0002534457875457,-0.0003620393162393
-0.0002489151159951,0.0003155167277167,0.000106438095238,-3.331035409035407e-05,-0.0001762861294261,0.0002097304273504,-0.0009115257631257,-0.0004318809523809,-4.840122100122108e-05,0.0002145267399267,4.527069597069581e-05,-0.0001236695970695
-0.0001092761904761,0.0007250991452991,0.0003710285714285,-0.0003060378266178,-0.0002401158730158,0.0005471189255189,-0.0011706564102564,-0.0007329666666666,9.980612942612936e-05,0.0005830888888888,0.0004254553113553,0.0002052202686202
2.732710622710595e-05,0.0010709687423687,0.0005747936507936,-0.0005484622466422,-0.0002735505006105,0.0008237167032967,-0.0014968561660561,-0.0011131253968253,0.0001028307692307,0.000900294017094,0.0007815012210012,0.0005401448107448
0.0001153603418803,0.0012651411477411,0.0006842793650793,-0.0006878562881562,-0.000282669035409,0.0009756935042735,-0.0017925699633699,-0.0014446238095238,-3.025338217338225e-05,0.001033218070818,0.0009927148962148,0.0007905838827838
9.107531135531109e-05,0.001052765079365,0.0004987619047619,-0.0005696743833943,-0.0002036417338217,0.0007750841269841,-0.0018687848595848,-0.0016118936507936,-0.000326668083028,0.0007552859584859,0.0008418479853479,0.0007724798534798
-0.0001123118192918,0.0003913653235653,4.257142857142866e-05,-0.000139371037851,-7.598224664224636e-05,0.0002158094993894,-0.0016645289377289,-0.001706173015873,-0.0008257336507936,9.67076923076918e-05,0.0003349351648351,0.0004556593406593
-0.000364269010989,-4.855653235653216e-05,-0.000142946031746,0.0002060837606837,-0.0001094168742368,-9.422317460317463e-05,-0.0014480786324786,-0.0018673603174603,-0.0012733803418803,-0.0004470725274725,-6.637081807081822e-05,0.0001961682539682
-0.0005221217094017,-0.0002457628815628,-0.0001794412698412,0.0003818414652014,-0.0001702071062271,-0.000212765079365,-0.0012895516483516,-0.0018521539682539,-0.0014336862515262,-0.0007008366300366,-0.0002896538461538,1.2110622710622109e-05
-0.0005828342857142,-0.0003913921855921,-0.000267638095238,0.0004848718437118,-0.000158049059829,-0.0003282674481074,-0.0011767536019536,-0.0016331825396825,-0.0013550456166056,-0.0007401096459096,-0.000416382051282,-0.0001478083028083
-0.0005919411721611,-0.0004702747252747,-0.000334546031746,0.0005303264224664,-0.0001276539438339,-0.0004012163125763,-0.0010974901098901,-0.0014081285714285,-0.0012189368253968,-0.0007068786324786,-0.0004767288156288,-0.0002745365079365
-0.0005797986568986,-0.0005006141636141,-0.0003771238095238,0.0005394173382173,-0.0001002983394383,-0.0004376907448107,-0.000999935042735,-0.0012074047619047,-0.0010979512332112,-0.0006645846153846,-0.0005099195360195,-0.0003620393162393
-0.0005615848840048,-0.0005036481074481,-0.0003984126984126,0.0005303264224664,-8.206126984126955e-05,-0.0004498488888888,-0.000871894017094,-0.0010005984126984,-0.0009769656410256,-0.0006192695970695,-0.0005280235653235,-0.0004254034188034
-0.0005494423687423,-0.0004672407814407,-0.0003740825396825,0.0005060839804639,-8.814029304029276e-05,-0.0004194535286935,-0.0007590959706959,-0.0008181222222222,-0.00085598004884,-0.0005618705738705,-0.0005159542124542,-0.0004525594627594
-0.0005372998534798,-0.0004186976800976,-0.0003406285714285,0.0004757809279609,-9.725882783882755e-05,-0.0003799395604395,-0.0006920268620268,-0.0006995126984126,-0.0007652408547008,-0.0005105135531135,-0.0004918155067155,-0.0004525594627594
-0.0005221217094017,-0.0003913921855921,-0.0003254222222222,0.0004545687912087,-9.725882783882755e-05,-0.0003586628083028,-0.0006706866910866,-0.0006538936507936,-0.0007198712576312,-0.0004893665445665,-0.0004797461538461,-0.0004555768009768
-0.0005251573382173,-0.00039746007326,-0.0003315047619047,0.0004606294017094,-9.725882783882755e-05,-0.0003647418803418,-0.0006584923076923,-0.0006326047619047,-0.0007017234188034,-0.0004863455433455,-0.0004857808302808,-0.0004616114774114
-0.0005342642246642,-0.0004186976800976,-0.0003406285714285,0.0004757809279609,-9.725882783882755e-05,-0.0003799395604395,-0.0006462979242979,-0.0006143571428571,-0.0006956741391941,-0.0004863455433455,-0.0004918155067155,-0.0004706634920634
-0.0005281929670329,-0.0004277995115995,-0.0003558349206349,0.0004757809279609,-8.510078144078116e-05,-0.0003920977045177,-0.0006371521367521,-0.000602192063492,-0.0006926494993894,-0.0004863455433455,-0.0004978501831501,-0.0004797155067155
-0.0005221217094017,-0.0004308334554334,-0.0003649587301587,0.0004757809279609,-7.902175824175796e-05,-0.0003981767765567,-0.0006310549450549,-0.0005930682539682,-0.0006866002197802,-0.0004833245421245,-0.0005008675213675,-0.0004887675213675
-0.0005130148229548,-0.0004338673992673,-0.0003771238095238,0.0004727506227106,-6.686371184371155e-05,-0.0004042558485958,-0.0006249577533577,-0.0005778619047619,-0.0006805509401709,-0.0004863455433455,-0.0005069021978021,-0.0004978195360195
-0.0005160504517704,-0.0004369013431013,-0.0003771238095238,0.0004757809279609,-6.990322344322315e-05,-0.0004072953846153,-0.0006219091575091,-0.000568738095238,-0.000671477020757,-0.0004833245421245,-0.0005099195360195,-0.0005008368742368
-0.0005342642246642,-0.0004308334554334,-0.0003527936507936,0.0004818415384615,-9.117980463980436e-05,-0.0003920977045177,-0.0006127633699633,-0.0005596142857142,-0.0006624031013431,-0.0004742615384615,-0.0005038848595848,-0.0004917848595848
-0.0005372998534798,-0.0004277995115995,-0.0003467111111111,0.0004818415384615,-9.421931623931596e-05,-0.0003860186324786,-0.0006097147741147,-0.0005535317460317,-0.0006563538217338,-0.0004712405372405,-0.0004978501831501,-0.0004917848595848
-0.0005251573382173,-0.0004247655677655,-0.0003527936507936,0.0004727506227106,-8.510078144078116e-05,-0.0003890581684981,-0.0006127633699633,-0.0005504904761904,-0.0006563538217338,-0.0004712405372405,-0.0004978501831501,-0.0004917848595848
-0.0005160504517704,-0.0004247655677655,-0.0003649587301587,0.0004697203174603,-7.598224664224636e-05,-0.0003951372405372,-0.0006188605616605,-0.0005474492063492,-0.0006533291819291,-0.0004712405372405,-0.0004978501831501,-0.0004978195360195
-0.000519086080586,-0.0004186976800976,-0.0003588761904761,0.00046669001221,-7.902175824175796e-05,-0.0003890581684981,-0.0006219091575091,-0.0005444079365079,-0.0006503045421245,-0.0004712405372405,-0.0005008675213675,-0.0005008368742368
-0.000519086080586,-0.0004126297924297,-0.0003467111111111,0.0004636597069597,-8.510078144078116e-05,-0.0003799395604395,-0.0006219091575091,-0.0005413666666666,-0.0006472799023199,-0.0004712405372405,-0.0005008675213675,-0.0004978195360195
-0.000519086080586,-0.0004156637362637,-0.0003497523809523,0.00046669001221,-8.510078144078116e-05,-0.000382979096459,-0.0006188605616605,-0.0005352841269841,-0.0006442552625152,-0.0004712405372405,-0.0005008675213675,-0.0004978195360195
-0.000519086080586,-0.0004156637362637,-0.0003497523809523,0.00046669001221,-8.510078144078116e-05,-0.000382979096459,-0.0006158119658119,-0.0005292015873015,-0.0006382059829059,-0.0004651985347985,-0.0004948328449328,-0.0004917848595848
-0.0005221217094017,-0.0004186976800976,-0.0003527936507936,0.0004697203174603,-8.510078144078116e-05,-0.0003860186324786,-0.0006097147741147,-0.000523119047619,-0.0006382059829059,-0.0004651985347985,-0.0004948328449328,-0.0004887675213675
-0.0005130148229548,-0.0004277995115995,-0.0003679999999999,0.0004697203174603,-7.294273504273476e-05,-0.0003981767765567,-0.0006097147741147,-0.0005170365079365,-0.0006382059829059,-0.0004682195360195,-0.0004978501831501,-0.0004917848595848
-0.0005160504517704,-0.0004308334554334,-0.0003710412698412,0.0004727506227106,-7.294273504273476e-05,-0.0004012163125763,-0.0006097147741147,-0.0005109539682539,-0.0006351813431013,-0.0004682195360195,-0.0005008675213675,-0.0004948021978021
-0.0005251573382173,-0.0004186976800976,-0.0003497523809523,0.0004697203174603,-8.814029304029276e-05,-0.000382979096459,-0.0006036175824175,-0.0005079126984126,-0.000629132063492,-0.0004621775335775,-0.0004948328449328,-0.0004887675213675
-0.000519086080586,-0.0004095958485958,-0.0003467111111111,0.0004636597069597,-8.510078144078116e-05,-0.00037690002442,-0.0006036175824175,-0.0005018301587301,-0.0006230827838827,-0.0004531145299145,-0.0004887981684981,-0.0004827328449328
-0.0005130148229548,-0.0004126297924297,-0.0003558349206349,0.0004606294017094,-7.902175824175796e-05,-0.000382979096459,-0.0006036175824175,-0.0004957476190476,-0.0006170335042735,-0.0004531145299145,-0.0004887981684981,-0.0004857501831501
-0.0005160504517704,-0.0004217316239316,-0.0003619174603174,0.00046669001221,-7.598224664224636e-05,-0.0003920977045177,-0.0006005689865689,-0.0004866238095238,-0.0006140088644688,-0.0004531145299145,-0.0004887981684981,-0.0004887675213675
-0.000519086080586,-0.0004247655677655,-0.0003619174603174,0.0004697203174603,-7.902175824175796e-05,-0.0003920977045177,-0.0005944717948717,-0.0004835825396825,-0.0006109842246642,-0.0004531145299145,-0.0004887981684981,-0.0004887675213675
-0.0005130148229548,-0.0004186976800976,-0.0003619174603174,0.0004636597069597,-7.598224664224636e-05,-0.0003890581684981,-0.0005944717948717,-0.0004805412698412,-0.0006109842246642,-0.0004531145299145,-0.0004918155067155,-0.0004887675213675
-0.0005069435653235,-0.0004126297924297,-0.0003619174603174,0.000457599096459,-7.294273504273476e-05,-0.0003860186324786,-0.0005944717948717,-0.0004744587301587,-0.0006049349450549,-0.0004500935286935,-0.0004918155067155,-0.0004917848595848
-0.0005130148229548,-0.0004156637362637,-0.0003558349206349,0.0004636597069597,-7.902175824175796e-05,-0.0003860186324786,-0.0005914231990231,-0.0004622936507936,-0.0005988856654456,-0.0004470725274725,-0.0004887981684981,-0.0004917848595848
-0.0005099791941391,-0.0004156637362637,-0.0003558349206349,0.0004606294017094,-7.598224664224636e-05,-0.0003860186324786,-0.0005944717948717,-0.0004562111111111,-0.000595861025641,-0.0004500935286935,-0.0004918155067155,-0.0004917848595848
-0.0005099791941391,-0.0004095958485958,-0.0003558349206349,0.000457599096459,-7.598224664224636e-05,-0.000382979096459,-0.0005914231990231,-0.0004470873015873,-0.0005928363858363,-0.0004500935286935,-0.0004918155067155,-0.0004917848595848
-0.0005160504517704,-0.0004126297924297,-0.0003497523809523,0.0004636597069597,-8.206126984126955e-05,-0.0003799395604395,-0.000585326007326,-0.0004349222222222,-0.0005867871062271,-0.0004440515262515,-0.0004887981684981,-0.0004917848595848
-0.0005130148229548,-0.0004095958485958,-0.0003497523809523,0.0004606294017094,-8.206126984126955e-05,-0.0003799395604395,-0.0005792288156288,-0.0004288396825396,-0.0005807378266178,-0.0004410305250305,-0.0004918155067155,-0.0004948021978021
-0.0005069435653235,-0.0004035279609279,-0.0003497523809523,0.0004545687912087,-7.902175824175796e-05,-0.00037690002442,-0.0005792288156288,-0.0004166746031746,-0.0005777131868131,-0.0004410305250305,-0.0004857808302808,-0.0004887675213675
-0.0005039079365079,-0.000400494017094,-0.0003497523809523,0.0004515384859584,-7.598224664224636e-05,-0.0003738604884004,-0.0005761802197802,-0.0004075507936507,-0.0005746885470085,-0.0004380095238095,-0.0004827634920634,-0.0004857501831501
-0.0004978366788766,-0.0003944261294261,-0.0003527936507936,0.0004454778754578,-7.294273504273476e-05,-0.0003738604884004,-0.0005792288156288,-0.0004014682539682,-0.0005746885470085,-0.0004380095238095,-0.0004857808302808,-0.0004917848595848
-0.0004978366788766,-0.0003883582417582,-0.0003467111111111,0.0004424475702075,-7.598224664224636e-05,-0.0003677814163614,-0.0005761802197802,-0.0003862619047619,-0.0005625899877899,-0.0004319675213675,-0.0004797461538461,-0.0004887675213675
-0.0005039079365079,-0.0003883582417582,-0.0003406285714285,0.0004454778754578,-8.206126984126955e-05,-0.0003647418803418,-0.0005670344322344,-0.000364973015873,-0.0005474667887667,-0.0004198835164835,-0.0004706941391941,-0.0004797155067155
-0.0004887297924297,-0.0003853242979242,-0.0003527936507936,0.0004363869597069,-6.686371184371155e-05,-0.0003677814163614,-0.0005670344322344,-0.0003497666666666,-0.0005383928693528,-0.0004168625152625,-0.0004676768009768,-0.0004766981684981
-0.0004796229059829,-0.0003883582417582,-0.0003679999999999,0.0004333566544566,-5.470566544566516e-05,-0.00037690002442,-0.0005639858363858,-0.0003376015873015,-0.0005353682295482,-0.0004168625152625,-0.0004706941391941,-0.0004797155067155
-0.0004856941636141,-0.0003883582417582,-0.0003588761904761,0.0004363869597069,-6.382420024419996e-05,-0.0003738604884004,-0.0005578886446886,-0.0003193539682539,-0.0005293189499389,-0.0004138415140415,-0.0004706941391941,-0.0004797155067155
-0.0004856941636141,-0.0003762224664224,-0.0003436698412698,0.0004303263492063,-6.990322344322315e-05,-0.0003586628083028,-0.00055484004884,-0.0003041476190476,-0.0005262943101343,-0.0004108205128205,-0.0004676768009768,-0.0004736808302808
-0.0004796229059829,-0.0003580188034188,-0.0003315047619047,0.0004182051282051,-7.294273504273476e-05,-0.0003434651282051,-0.0005578886446886,-0.0002889412698412,-0.0005172203907203,-0.0004077995115995,-0.0004616421245421,-0.0004706634920634
-0.0004735516483516,-0.0003489169719169,-0.0003254222222222,0.0004091142124542,-7.294273504273476e-05,-0.000337386056166,-0.00055484004884,-0.0002646111111111,-0.0005051218315018,-0.0003987365079365,-0.0004556074481074,-0.0004646288156288
-0.0004674803907203,-0.000345883028083,-0.0003315047619047,0.0004060839072039,-6.686371184371155e-05,-0.000337386056166,-0.0005517914529914,-0.0002433222222222,-0.0004960479120879,-0.0003926945054945,-0.0004525901098901,-0.0004616114774114
-0.0004674803907203,-0.0003519509157509,-0.0003406285714285,0.0004091142124542,-6.382420024419996e-05,-0.0003465046642246,-0.0005426456654456,-0.000218992063492,-0.0004869739926739,-0.0003836315018315,-0.0004465554334554,-0.0004585941391941
-0.0004644447619047,-0.000345883028083,-0.000334546031746,0.0004030536019536,-6.382420024419996e-05,-0.0003404255921855,-0.000539597069597,-0.0001946619047619,-0.0004748754334554,-0.0003806105006105,-0.0004405207570207,-0.0004495421245421
-0.0004553378754578,-0.0003276793650793,-0.0003254222222222,0.0003909323809523,-6.382420024419996e-05,-0.0003252279120879,-0.000539597069597,-0.000173373015873,-0.0004718507936507,-0.0003745684981684,-0.000434486080586,-0.0004435074481074
-0.0004462309890109,-0.0003155435897435,-0.0003162984126984,0.0003788111599511,-6.382420024419996e-05,-0.0003161093040293,-0.000539597069597,-0.0001520841269841,-0.0004627768742368,-0.0003745684981684,-0.0004314687423687,-0.0004404901098901
-0.0004462309890109,-0.0003034078144078,-0.0003102158730158,0.0003727505494505,-6.686371184371155e-05,-0.0003069906959706,-0.000539597069597,-0.0001338365079365,-0.0004537029548229,-0.0003685264957264,-0.000425434065934,-0.0004374727716727
-0.0004431953601953,-0.0002943059829059,-0.0003071746031746,0.0003666899389499,-6.686371184371155e-05,-0.0003009116239316,-0.0005365484737484,-0.0001095063492063,-0.0004416043956043,-0.0003564424908424,-0.000416382051282,-0.0004254034188034
-0.0004401597313797,-0.0002821702075702,-0.0002950095238095,0.0003606293284493,-7.294273504273476e-05,-0.0002887534798534,-0.0005304512820512,-9.125873015872984e-05,-0.0004295058363858,-0.0003473794871794,-0.00040733003663,-0.000413334065934
-0.0004401597313797,-0.0002639665445665,-0.0002798031746031,0.0003515384126984,-7.902175824175796e-05,-0.0002705162637362,-0.000524354090354,-6.996984126984096e-05,-0.0004204319169719,-0.0003352954822954,-0.0003922433455433,-0.0003982473748473
-0.0004431953601953,-0.0002457628815628,-0.0002615555555555,0.0003424474969474,-9.117980463980436e-05,-0.000252279047619,-0.0005213054945054,-5.476349206349176e-05,-0.0004113579975579,-0.0003262324786324,-0.0003801739926739,-0.0003831606837606
-0.0004340884737484,-0.0002305931623931,-0.000255473015873,0.0003303262759462,-8.814029304029276e-05,-0.0002431604395604,-0.000524354090354,-4.868095238095208e-05,-0.0004113579975579,-0.0003232114774114,-0.0003741393162393,-0.0003801433455433
-0.0004249815873015,-0.0002184573870573,-0.0002493904761904,0.0003212353601953,-8.814029304029276e-05,-0.0002340418315018,-0.0005304512820512,-3.955714285714255e-05,-0.0004083333577533,-0.0003232114774114,-0.0003741393162393,-0.000377126007326
-0.0004189103296703,-0.0002093555555555,-0.0002463492063492,0.0003121444444444,-8.510078144078116e-05,-0.0002279627594627,-0.0005304512820512,-3.651587301587271e-05,-0.0004053087179487,-0.0003171694749694,-0.0003681046398046,-0.0003710913308913
-0.0004158747008547,-0.0001972197802197,-0.0002341841269841,0.0003060838339438,-9.117980463980436e-05,-0.0002158046153846,-0.0005334998778998,-3.3474603174602874e-05,-0.0003992594383394,-0.0003081064713064,-0.0003560352869352,-0.0003529873015873
-0.000412839072039,-0.0001790161172161,-0.000222019047619,0.0002939626129426,-9.421931623931596e-05,-0.0002006069352869,-0.000539597069597,-3.955714285714255e-05,-0.0003962347985347,-0.0002990434676434,-0.0003409485958485,-0.0003348832722832
-0.0004037321855921,-0.0001668803418803,-0.0002189777777777,0.0002848716971916,-9.117980463980436e-05,-0.0001914883272283,-0.0005456942612942,-5.172222222222191e-05,-0.0003992594383394,-0.0002960224664224,-0.0003318965811965,-0.0003228139194139
-0.0004037321855921,-0.0001486766788766,-0.0002037714285714,0.0002757807814407,-0.0001002983394383,-0.0001762906471306,-0.0005517914529914,-7.30111111111108e-05,-0.0004083333577533,-0.0002990434676434,-0.0003258619047619,-0.0003137619047619
-0.0004067678144078,-0.0001395748473748,-0.0001916063492063,0.0002727504761904,-0.0001063773626373,-0.0001641325030525,-0.0005609372405372,-0.0001034238095238,-0.0004174072771672,-0.0003020644688644,-0.0003258619047619,-0.0003107445665445
-0.0004158747008547,-0.0001395748473748,-0.0001824825396825,0.0002757807814407,-0.0001154958974358,-0.0001610929670329,-0.0005639858363858,-0.0001307952380952,-0.0004204319169719,-0.0002960224664224,-0.0003137925518925,-0.0002986752136752
-0.0004280172161172,-0.0001456427350427,-0.0001763999999999,0.0002848716971916,-0.0001246144322344,-0.0001610929670329,-0.0005639858363858,-0.0001642492063492,-0.0004234565567765,-0.0002930014652014,-0.0003047405372405,-0.0002835885225885
-0.0004219459584859,-0.0001517106227106,-0.000188565079365,0.0002848716971916,-0.0001154958974358,-0.0001702115750915,-0.0005792288156288,-0.0002098682539682,-0.000444629035409,-0.0003020644688644,-0.0003107752136752,-0.0002866058608058
-0.0004067678144078,-0.0001638463980463,-0.0002128952380952,0.0002848716971916,-9.725882783882755e-05,-0.0001884487912087,-0.0005944717948717,-0.0002615698412698,-0.0004718507936507,-0.0003171694749694,-0.0003228445665445,-0.0002956578754578
-0.0004098034432234,-0.0001699142857142,-0.0002189777777777,0.000287902002442,-9.421931623931596e-05,-0.0001945278632478,-0.0006036175824175,-0.0003102301587301,-0.0004930232722832,-0.0003322744810744,-0.0003318965811965,-0.0003047098901098
-0.0004340884737484,-0.0001790161172161,-0.0002007301587301,0.0003060838339438,-0.0001154958974358,-0.0001884487912087,-0.0006066661782661,-0.0003497666666666,-0.0005051218315018,-0.0003322744810744,-0.0003318965811965,-0.0003047098901098
-0.0004553378754578,-0.0001972197802197,-0.0001946476190476,0.0003242656654456,-0.0001306934554334,-0.0001945278632478,-0.0006127633699633,-0.0003923444444444,-0.0005172203907203,-0.0003413374847374,-0.0003379312576312,-0.0003107445665445
-0.0004583735042735,-0.0002245252747252,-0.0002189777777777,0.0003394171916971,-0.0001185354090354,-0.0002218836874236,-0.0006219091575091,-0.0004318809523809,-0.0005383928693528,-0.0003594634920634,-0.0003590526251526,-0.0003318659340659
-0.0004674803907203,-0.0002518307692307,-0.0002372253968253,0.000357599023199,-0.0001154958974358,-0.0002431604395604,-0.0006219091575091,-0.0004683761904761,-0.0005656146275946,-0.0003806105006105,-0.0003801739926739,-0.0003590219780219
-0.0004796229059829,-0.0002791362637362,-0.0002524317460317,0.0003788111599511,-0.0001124563858363,-0.0002644371916971,-0.0006219091575091,-0.0005018301587301,-0.0005867871062271,-0.0003957155067155,-0.0004012953601953,-0.0003831606837606
-0.0004917654212454,-0.0003034078144078,-0.000267638095238,0.0003969929914529,-0.0001124563858363,-0.0002857139438339,-0.0006188605616605,-0.0005261603174603,-0.000595861025641,-0.0004077995115995,-0.0004133647130647,-0.0004012647130647
-0.0005008723076923,-0.0003398151404151,-0.0002919682539682,0.0004182051282051,-0.0001033378510378,-0.0003161093040293,-0.0006188605616605,-0.0005474492063492,-0.0006079595848595,-0.0004198835164835,-0.0004314687423687,-0.0004193687423687
-0.0005008723076923,-0.0003731885225885,-0.0003223809523809,0.0004363869597069,-8.814029304029276e-05,-0.0003465046642246,-0.0006188605616605,-0.000568738095238,-0.0006261074236874,-0.0004380095238095,-0.0004495727716727,-0.0004404901098901
-0.0005069435653235,-0.0003913921855921,-0.0003375873015873,0.0004485081807081,-8.510078144078116e-05,-0.0003647418803418,-0.0006219091575091,-0.0005900269841269,-0.0006412306227106,-0.0004500935286935,-0.0004646594627594,-0.0004585941391941
-0.000519086080586,-0.00039746007326,-0.000334546031746,0.000457599096459,-9.117980463980436e-05,-0.0003647418803418,-0.0006188605616605,-0.0006082746031746,-0.0006533291819291,-0.0004591565323565,-0.0004737114774114,-0.0004676461538461
-0.0005251573382173,-0.0004065619047619,-0.0003375873015873,0.0004636597069597,-9.421931623931596e-05,-0.0003708209523809,-0.0006188605616605,-0.0006173984126984,-0.0006593784615384,-0.0004651985347985,-0.0004797461538461,-0.0004706634920634
-0.0005281929670329,-0.0004277995115995,-0.0003558349206349,0.0004757809279609,-8.510078144078116e-05,-0.0003920977045177,-0.0006158119658119,-0.0006265222222222,-0.0006684523809523,-0.0004712405372405,-0.0004887981684981,-0.0004827328449328
-0.0005372998534798,-0.0004490371184371,-0.0003740825396825,0.0004909324542124,-8.206126984126955e-05,-0.0004103349206349,-0.0006127633699633,-0.000635646031746,-0.0006745016605616,-0.0004803035409035,-0.0004978501831501,-0.0004948021978021
-0.0005464067399267,-0.0004581389499389,-0.0003710412698412,0.0005000233699633,-8.814029304029276e-05,-0.0004133744566544,-0.0006036175824175,-0.0006447698412698,-0.0006805509401709,-0.0004863455433455,-0.0005069021978021,-0.0005008368742368
-0.0005464067399267,-0.0004581389499389,-0.0003679999999999,0.0005000233699633,-8.814029304029276e-05,-0.0004133744566544,-0.0006036175824175,-0.0006508523809523,-0.0006835755799755,-0.0004893665445665,-0.0005069021978021,-0.0005008368742368
-0.0005403354822954,-0.0004611728937728,-0.000380165079365,0.0005000233699633,-7.902175824175796e-05,-0.0004194535286935,-0.0006097147741147,-0.0006569349206349,-0.0006926494993894,-0.0004984295482295,-0.0005129368742368,-0.0005068715506715
-0.0005403354822954,-0.0004702747252747,-0.0003832063492063,0.0005030536752136,-7.902175824175796e-05,-0.0004255326007326,-0.0006097147741147,-0.0006569349206349,-0.0006926494993894,-0.0004984295482295,-0.0005129368742368,-0.0005098888888888
-0.0005433711111111,-0.0004733086691086,-0.0003832063492063,0.0005060839804639,-7.902175824175796e-05,-0.0004285721367521,-0.0006066661782661,-0.0006538936507936,-0.0006926494993894,-0.0004954085470085,-0.0005159542124542,-0.0005129062271062
-0.0005433711111111,-0.0004763426129426,-0.0003832063492063,0.0005091142857142,-7.902175824175796e-05,-0.0004285721367521,-0.0006066661782661,-0.0006599761904761,-0.0007017234188034,-0.0005074925518925,-0.0005219888888888,-0.0005189409035409
-0.0005524779975579,-0.0004793765567765,-0.000380165079365,0.0005151748962148,-8.510078144078116e-05,-0.0004285721367521,-0.0006036175824175,-0.0006630174603174,-0.000704748058608,-0.0005135345543345,-0.0005280235653235,-0.0005249755799755
-0.0005494423687423,-0.0004793765567765,-0.0003862476190476,0.0005121445909645,-8.206126984126955e-05,-0.0004316116727716,-0.0006036175824175,-0.0006630174603174,-0.000704748058608,-0.0005105135531135,-0.0005310409035409,-0.0005219582417582
-0.0005403354822954,-0.0004763426129426,-0.0003953714285714,0.0005060839804639,-7.294273504273476e-05,-0.0004346512087912,-0.0006097147741147,-0.0006630174603174,-0.0007077726984126,-0.0005135345543345,-0.0005340582417582,-0.0005249755799755
-0.0005433711111111,-0.0004793765567765,-0.0003923301587301,0.0005091142857142,-7.598224664224636e-05,-0.0004346512087912,-0.0006066661782661,-0.0006630174603174,-0.0007077726984126,-0.0005165555555555,-0.0005340582417582,-0.0005279929181929
-0.0005464067399267,-0.0004915123321123,-0.0004014539682539,0.0005182052014652,-7.294273504273476e-05,-0.0004468093528693,-0.0006066661782661,-0.0006599761904761,-0.0007077726984126,-0.0005165555555555,-0.0005370755799755,-0.0005310102564102
-0.0005464067399267,-0.0004945462759462,-0.0004014539682539,0.0005182052014652,-7.294273504273476e-05,-0.0004468093528693,-0.0006005689865689,-0.0006538936507936,-0.000704748058608,-0.0005165555555555,-0.0005370755799755,-0.0005310102564102
-0.0005494423687423,-0.0004884783882783,-0.0003923301587301,0.0005182052014652,-7.902175824175796e-05,-0.0004407302808302,-0.0006005689865689,-0.0006508523809523,-0.000704748058608,-0.0005165555555555,-0.0005370755799755,-0.0005310102564102
-0.0005433711111111,-0.0004824105006105,-0.0003923301587301,0.0005121445909645,-7.598224664224636e-05,-0.0004376907448107,-0.0006036175824175,-0.0006478111111111,-0.000704748058608,-0.0005195765567765,-0.0005370755799755,-0.0005340275946275
-0.0005433711111111,-0.0004824105006105,-0.0003923301587301,0.0005121445909645,-7.598224664224636e-05,-0.0004376907448107,-0.0006036175824175,-0.0006478111111111,-0.0007017234188034,-0.0005195765567765,-0.0005400929181929,-0.0005340275946275
-0.0005524779975579,-0.0004824105006105,-0.0003862476190476,0.0005151748962148,-8.206126984126955e-05,-0.0004346512087912,-0.0005975203907203,-0.0006417285714285,-0.0006956741391941,-0.0005165555555555,-0.0005400929181929,-0.0005310102564102
-0.0005494423687423,-0.0004824105006105,-0.0003892888888888,0.0005151748962148,-7.902175824175796e-05,-0.0004346512087912,-0.0005975203907203,-0.0006386873015873,-0.0006896248595848,-0.0005135345543345,-0.0005370755799755,-0.0005279929181929
-0.0005433711111111,-0.0004824105006105,-0.0003923301587301,0.0005121445909645,-7.598224664224636e-05,-0.0004376907448107,-0.0005975203907203,-0.000635646031746,-0.0006866002197802,-0.0005135345543345,-0.0005340582417582,-0.0005279929181929
-0.0005372998534798,-0.0004733086691086,-0.0003892888888888,0.0005030536752136,-7.294273504273476e-05,-0.0004316116727716,-0.0006005689865689,-0.000635646031746,-0.0006926494993894,-0.0005135345543345,-0.0005310409035409,-0.0005310102564102
-0.0005524779975579,-0.0004702747252747,-0.0003771238095238,0.0005091142857142,-8.814029304029276e-05,-0.000422493064713,-0.0006005689865689,-0.0006326047619047,-0.0006926494993894,-0.0005105135531135,-0.0005340582417582,-0.0005340275946275
-0.0005524779975579,-0.0004763426129426,-0.000380165079365,0.0005121445909645,-8.510078144078116e-05,-0.0004285721367521,-0.0005975203907203,-0.0006295634920634,-0.0006896248595848,-0.0005195765567765,-0.0005400929181929,-0.0005400622710622
-0.0005372998534798,-0.0004763426129426,-0.0003953714285714,0.0005060839804639,-6.990322344322315e-05,-0.0004346512087912,-0.0006005689865689,-0.0006265222222222,-0.0006866002197802,-0.0005195765567765,-0.0005431102564102,-0.0005400622710622
-0.0005251573382173,-0.0004672407814407,-0.0004014539682539,0.0004939627594627,-6.078468864468836e-05,-0.0004346512087912,-0.0006066661782661,-0.0006234809523809,-0.0006835755799755,-0.0005105135531135,-0.0005340582417582,-0.0005310102564102
-0.0005251573382173,-0.0004702747252747,-0.0004014539682539,0.000496993064713,-6.078468864468836e-05,-0.0004346512087912,-0.0006097147741147,-0.0006173984126984,-0.0006775263003663,-0.0005014505494505,-0.0005250062271062,-0.0005219582417582
-0.0005372998534798,-0.0004733086691086,-0.0003892888888888,0.0005030536752136,-7.294273504273476e-05,-0.0004316116727716,-0.0006066661782661,-0.0006082746031746,-0.000671477020757,-0.0004923875457875,-0.0005159542124542,-0.0005189409035409
-0.0005372998534798,-0.0004763426129426,-0.0003953714285714,0.0005060839804639,-6.990322344322315e-05,-0.0004346512087912,-0.0006036175824175,-0.0006082746031746,-0.0006684523809523,-0.0004923875457875,-0.0005159542124542,-0.0005189409035409
-0.0005251573382173,-0.0004733086691086,-0.0004014539682539,0.000496993064713,-6.078468864468836e-05,-0.0004376907448107,-0.0006066661782661,-0.0006113158730158,-0.000671477020757,-0.0004984295482295,-0.0005189715506715,-0.0005219582417582
-0.0005251573382173,-0.0004611728937728,-0.0003892888888888,0.0004909324542124,-6.686371184371155e-05,-0.0004255326007326,-0.0006097147741147,-0.0006113158730158,-0.000671477020757,-0.0004954085470085,-0.0005129368742368,-0.0005159235653235
-0.0005312285958485,-0.0004490371184371,-0.0003771238095238,0.0004879021489621,-7.598224664224636e-05,-0.0004133744566544,-0.0006097147741147,-0.0006113158730158,-0.0006684523809523,-0.0004893665445665,-0.0005069021978021,-0.0005098888888888
-0.0005312285958485,-0.0004460031746031,-0.0003710412698412,0.0004879021489621,-7.902175824175796e-05,-0.0004072953846153,-0.0006127633699633,-0.0006082746031746,-0.0006654277411477,-0.0004833245421245,-0.0005038848595848,-0.0005098888888888
-0.0005251573382173,-0.0004460031746031,-0.0003771238095238,0.0004848718437118,-7.294273504273476e-05,-0.0004103349206349,-0.0006127633699633,-0.0006082746031746,-0.0006654277411477,-0.0004863455433455,-0.0005099195360195,-0.0005129062271062
-0.0005160504517704,-0.0004460031746031,-0.0003862476190476,0.0004788112332112,-6.382420024419996e-05,-0.0004164139926739,-0.0006188605616605,-0.0006082746031746,-0.0006684523809523,-0.0004893665445665,-0.0005099195360195,-0.0005159235653235
-0.0005130148229548,-0.0004399352869352,-0.0003862476190476,0.0004757809279609,-6.382420024419996e-05,-0.0004133744566544,-0.0006219091575091,-0.0006082746031746,-0.0006654277411477,-0.0004833245421245,-0.0005069021978021,-0.0005129062271062
-0.0005160504517704,-0.0004338673992673,-0.000380165079365,0.0004727506227106,-6.686371184371155e-05,-0.0004072953846153,-0.0006280063492063,-0.0006082746031746,-0.0006624031013431,-0.0004742615384615,-0.0004978501831501,-0.0005068715506715
-0.0005160504517704,-0.0004429692307692,-0.0003832063492063,0.0004788112332112,-6.686371184371155e-05,-0.0004133744566544,-0.0006310549450549,-0.0006113158730158,-0.0006654277411477,-0.0004742615384615,-0.0004948328449328,-0.0005038542124542
-0.0005130148229548,-0.0004460031746031,-0.0003923301587301,0.0004788112332112,-6.078468864468836e-05,-0.0004194535286935,-0.0006341035409035,-0.0006204396825396,-0.0006684523809523,-0.0004772825396825,-0.0005008675213675,-0.0005098888888888
-0.0005099791941391,-0.0004369013431013,-0.0003892888888888,0.0004727506227106,-6.078468864468836e-05,-0.0004133744566544,-0.0006371521367521,-0.0006234809523809,-0.000671477020757,-0.0004803035409035,-0.0005008675213675,-0.0005098888888888
-0.0005069435653235,-0.0004277995115995,-0.000380165079365,0.00046669001221,-6.382420024419996e-05,-0.0004042558485958,-0.0006341035409035,-0.0006234809523809,-0.000671477020757,-0.0004742615384615,-0.0004978501831501,-0.0005068715506715
-0.000519086080586,-0.0004308334554334,-0.0003679999999999,0.0004727506227106,-7.598224664224636e-05,-0.0003981767765567,-0.0006310549450549,-0.0006204396825396,-0.0006654277411477,-0.0004712405372405,-0.0004918155067155,-0.0005008368742368
-0.0005251573382173,-0.0004308334554334,-0.0003619174603174,0.0004757809279609,-8.206126984126955e-05,-0.0003951372405372,-0.0006341035409035,-0.0006173984126984,-0.0006654277411477,-0.0004682195360195,-0.0004887981684981,-0.0005008368742368
-0.0005221217094017,-0.0004429692307692,-0.0003771238095238,0.0004818415384615,-7.294273504273476e-05,-0.0004103349206349,-0.0006310549450549,-0.0006173984126984,-0.0006654277411477,-0.0004712405372405,-0.0004948328449328,-0.0005038542124542
-0.0005160504517704,-0.0004490371184371,-0.0003892888888888,0.0004818415384615,-6.382420024419996e-05,-0.0004194535286935,-0.0006280063492063,-0.0006234809523809,-0.0006684523809523,-0.0004742615384615,-0.0004978501831501,-0.0005068715506715
-0.0005039079365079,-0.0004490371184371,-0.0003953714285714,0.0004757809279609,-5.470566544566516e-05,-0.000422493064713,-0.0006310549450549,-0.0006295634920634,-0.000671477020757,-0.0004772825396825,-0.0004978501831501,-0.0005098888888888
-0.0005069435653235,-0.0004460031746031,-0.0003923301587301,0.0004757809279609,-5.774517704517676e-05,-0.0004194535286935,-0.0006341035409035,-0.0006326047619047,-0.000671477020757,-0.0004803035409035,-0.0004978501831501,-0.0005068715506715
-0.000519086080586,-0.0004399352869352,-0.000380165079365,0.0004788112332112,-6.990322344322315e-05,-0.0004103349206349,-0.0006310549450549,-0.0006326047619047,-0.0006745016605616,-0.0004772825396825,-0.0004948328449328,-0.0005038542124542
-0.000519086080586,-0.0004429692307692,-0.0003740825396825,0.0004788112332112,-7.294273504273476e-05,-0.0004072953846153,-0.0006341035409035,-0.000635646031746,-0.0006805509401709,-0.0004772825396825,-0.0004978501831501,-0.0005068715506715
-0.000519086080586,-0.0004429692307692,-0.000380165079365,0.0004788112332112,-6.990322344322315e-05,-0.0004103349206349,-0.0006310549450549,-0.0006386873015873,-0.0006835755799755,-0.0004833245421245,-0.0004978501831501,-0.0005068715506715
-0.0005160504517704,-0.0004460031746031,-0.0003862476190476,0.0004788112332112,-6.382420024419996e-05,-0.0004164139926739,-0.0006310549450549,-0.0006417285714285,-0.0006835755799755,-0.0004803035409035,-0.0004948328449328,-0.0005068715506715
-0.0005130148229548,-0.0004490371184371,-0.0003923301587301,0.0004788112332112,-6.078468864468836e-05,-0.0004194535286935,-0.0006341035409035,-0.0006417285714285,-0.0006835755799755,-0.0004803035409035,-0.0004948328449328,-0.0005068715506715
-0.0005160504517704,-0.000455105006105,-0.0003953714285714,0.0004848718437118,-6.078468864468836e-05,-0.0004255326007326,-0.0006371521367521,-0.0006417285714285,-0.0006835755799755,-0.0004803035409035,-0.0004978501831501,-0.0005068715506715
-0.0005251573382173,-0.0004611728937728,-0.0003953714285714,0.0004909324542124,-6.382420024419996e-05,-0.0004285721367521,-0.0006341035409035,-0.0006417285714285,-0.0006835755799755,-0.0004803035409035,-0.0005008675213675,-0.0005068715506715
-0.0005281929670329,-0.0004611728937728,-0.0003892888888888,0.0004939627594627,-6.990322344322315e-05,-0.0004255326007326,-0.0006280063492063,-0.0006417285714285,-0.0006835755799755,-0.0004803035409035,-0.0005008675213675,-0.0005068715506715
-0.0005251573382173,-0.0004611728937728,-0.0003923301587301,0.0004909324542124,-6.686371184371155e-05,-0.0004255326007326,-0.0006280063492063,-0.0006447698412698,-0.0006835755799755,-0.0004833245421245,-0.0005038848595848,-0.0005098888888888
-0.000519086080586,-0.0004611728937728,-0.0003984126984126,0.0004879021489621,-6.078468864468836e-05,-0.0004285721367521,-0.0006310549450549,-0.0006478111111111,-0.0006866002197802,-0.0004863455433455,-0.0005038848595848,-0.0005098888888888
-0.0005251573382173,-0.0004642068376068,-0.0003953714285714,0.0004939627594627,-6.382420024419996e-05,-0.0004285721367521,-0.0006280063492063,-0.0006478111111111,-0.0006866002197802,-0.0004863455433455,-0.0005038848595848,-0.0005129062271062
-0.0005312285958485,-0.0004672407814407,-0.0003923301587301,0.000496993064713,-6.990322344322315e-05,-0.0004285721367521,-0.0006280063492063,-0.0006447698412698,-0.0006866002197802,-0.0004893665445665,-0.0005069021978021,-0.0005159235653235
-0.0005160504517704,-0.0004702747252747,-0.0004075365079365,0.0004909324542124,-5.470566544566516e-05,-0.0004376907448107,-0.0006341035409035,-0.0006508523809523,-0.0006926494993894,-0.0004923875457875,-0.0005129368742368,-0.0005189409035409
-0.0005130148229548,-0.0004642068376068,-0.0004075365079365,0.0004879021489621,-5.166615384615356e-05,-0.0004346512087912,-0.0006371521367521,-0.0006508523809523,-0.0006926494993894,-0.0004893665445665,-0.0005099195360195,-0.0005159235653235
-0.0005221217094017,-0.000455105006105,-0.0003923301587301,0.0004879021489621,-6.382420024419996e-05,-0.000422493064713,-0.0006402007326007,-0.0006508523809523,-0.0006896248595848,-0.0004833245421245,-0.0004978501831501,-0.0005098888888888
-0.0005312285958485,-0.0004611728937728,-0.0003862476190476,0.0004939627594627,-7.294273504273476e-05,-0.000422493064713,-0.0006402007326007,-0.0006478111111111,-0.0006926494993894,-0.0004863455433455,-0.0005008675213675,-0.0005098888888888
-0.0005342642246642,-0.0004642068376068,-0.0003892888888888,0.000496993064713,-7.294273504273476e-05,-0.0004255326007326,-0.0006371521367521,-0.0006508523809523,-0.0006926494993894,-0.0004863455433455,-0.0005008675213675,-0.0005098888888888
-0.0005221217094017,-0.0004642068376068,-0.0003953714285714,0.0004909324542124,-6.382420024419996e-05,-0.0004285721367521,-0.0006371521367521,-0.0006538936507936,-0.0006926494993894,-0.0004893665445665,-0.0005038848595848,-0.0005098888888888
-0.0005130148229548,-0.0004642068376068,-0.0004044952380952,0.0004879021489621,-5.470566544566516e-05,-0.0004346512087912,-0.0006402007326007,-0.0006538936507936,-0.0006956741391941,-0.0004863455433455,-0.0005038848595848,-0.0005098888888888
-0.0005160504517704,-0.0004672407814407,-0.0004044952380952,0.0004909324542124,-5.470566544566516e-05,-0.0004346512087912,-0.0006371521367521,-0.0006508523809523,-0.0006896248595848,-0.0004833245421245,-0.0005008675213675,-0.0005098888888888
-0.0005312285958485,-0.0004702747252747,-0.0003953714285714,0.0005000233699633,-6.686371184371155e-05,-0.0004316116727716,-0.0006341035409035,-0.0006478111111111,-0.0006896248595848,-0.0004803035409035,-0.0005008675213675,-0.0005129062271062
-0.0005372998534798,-0.0004733086691086,-0.0003923301587301,0.0005030536752136,-7.294273504273476e-05,-0.0004316116727716,-0.0006341035409035,-0.0006538936507936,-0.0006926494993894,-0.0004833245421245,-0.0005038848595848,-0.0005159235653235
-0.0005281929670329,-0.0004702747252747,-0.0003953714285714,0.000496993064713,-6.686371184371155e-05,-0.0004316116727716,-0.0006402007326007,-0.0006599761904761,-0.0006986987789987,-0.0004893665445665,-0.0005099195360195,-0.0005189409035409
-0.000519086080586,-0.0004611728937728,-0.0003953714285714,0.0004879021489621,-6.078468864468836e-05,-0.0004285721367521,-0.0006432493284493,-0.0006630174603174,-0.0006986987789987,-0.0004954085470085,-0.0005099195360195,-0.0005189409035409
-0.0005160504517704,-0.000455105006105,-0.0003953714285714,0.0004848718437118,-6.078468864468836e-05,-0.0004255326007326,-0.0006432493284493,-0.0006599761904761,-0.0006986987789987,-0.0004923875457875,-0.0005069021978021,-0.0005159235653235
-0.0005221217094017,-0.0004611728937728,-0.0003953714285714,0.0004909324542124,-6.382420024419996e-05,-0.0004285721367521,-0.0006402007326007,-0.0006538936507936,-0.0006986987789987,-0.0004893665445665,-0.0005069021978021,-0.0005159235653235
-0.0005251573382173,-0.0004702747252747,-0.0004014539682539,0.000496993064713,-6.078468864468836e-05,-0.0004346512087912,-0.0006371521367521,-0.0006538936507936,-0.0006986987789987,-0.0004893665445665,-0.0005099195360195,-0.0005189409035409
-0.0005221217094017,-0.0004702747252747,-0.0004044952380952,0.0004939627594627,-5.774517704517676e-05,-0.0004376907448107,-0.0006341035409035,-0.0006538936507936,-0.0006956741391941,-0.0004863455433455,-0.0005069021978021,-0.0005159235653235
-0.0005160504517704,-0.0004672407814407,-0.0004075365079365,0.0004909324542124,-5.470566544566516e-05,-0.0004376907448107,-0.0006371521367521,-0.0006538936507936,-0.0006926494993894,-0.0004863455433455,-0.0005008675213675,-0.0005098888888888
-0.0005130148229548,-0.0004672407814407,-0.0004105777777777,0.0004879021489621,-5.166615384615356e-05,-0.0004376907448107,-0.0006371521367521,-0.0006538936507936,-0.0006956741391941,-0.0004833245421245,-0.0004978501831501,-0.0005068715506715
-0.0005251573382173,-0.0004702747252747,-0.0004014539682539,0.000496993064713,-6.078468864468836e-05,-0.0004346512087912,-0.0006341035409035,-0.0006538936507936,-0.0006926494993894,-0.0004803035409035,-0.0004978501831501,-0.0005068715506715
-0.0005281929670329,-0.0004702747252747,-0.0003984126984126,0.000496993064713,-6.382420024419996e-05,-0.0004346512087912,-0.0006280063492063,-0.0006569349206349,-0.0006956741391941,-0.0004833245421245,-0.0005008675213675,-0.0005068715506715
-0.000519086080586,-0.0004702747252747,-0.0004044952380952,0.0004939627594627,-5.774517704517676e-05,-0.0004376907448107,-0.0006310549450549,-0.0006569349206349,-0.0006986987789987,-0.0004923875457875,-0.0005069021978021,-0.0005129062271062
-0.000519086080586,-0.0004611728937728,-0.0003923301587301,0.0004879021489621,-6.382420024419996e-05,-0.0004255326007326,-0.0006341035409035,-0.0006569349206349,-0.0007017234188034,-0.0004923875457875,-0.0005069021978021,-0.0005129062271062
-0.0005251573382173,-0.0004581389499389,-0.0003892888888888,0.0004909324542124,-6.686371184371155e-05,-0.000422493064713,-0.0006341035409035,-0.0006569349206349,-0.0006986987789987,-0.0004923875457875,-0.0005069021978021,-0.0005129062271062
-0.0005221217094017,-0.0004672407814407,-0.0003984126984126,0.0004939627594627,-6.078468864468836e-05,-0.0004316116727716,-0.0006310549450549,-0.0006569349206349,-0.0006986987789987,-0.0004923875457875,-0.0005069021978021,-0.0005189409035409
-0.0005251573382173,-0.0004793765567765,-0.0004075365079365,0.0005000233699633,-5.774517704517676e-05,-0.0004437698168498,-0.0006249577533577,-0.0006569349206349,-0.0006986987789987,-0.0004893665445665,-0.0005099195360195,-0.0005219582417582
-0.0005251573382173,-0.0004793765567765,-0.0004105777777777,0.0005000233699633,-5.774517704517676e-05,-0.0004437698168498,-0.0006219091575091,-0.0006569349206349,-0.0006986987789987,-0.0004893665445665,-0.0005099195360195,-0.0005219582417582
-0.0005312285958485,-0.0004763426129426,-0.0004014539682539,0.0005030536752136,-6.382420024419996e-05,-0.0004376907448107,-0.0006219091575091,-0.0006538936507936,-0.0006956741391941,-0.0004863455433455,-0.0005038848595848,-0.0005129062271062
-0.0005403354822954,-0.0004702747252747,-0.0003862476190476,0.0005030536752136,-7.598224664224636e-05,-0.0004285721367521,-0.0006188605616605,-0.0006538936507936,-0.0006926494993894,-0.0004803035409035,-0.0004978501831501,-0.0005068715506715
-0.0005342642246642,-0.0004702747252747,-0.0003923301587301,0.0005000233699633,-6.990322344322315e-05,-0.0004316116727716,-0.0006249577533577,-0.0006630174603174,-0.0007017234188034,-0.0004863455433455,-0.0005038848595848,-0.0005098888888888
-0.0005251573382173,-0.0004672407814407,-0.0003984126984126,0.0004939627594627,-6.382420024419996e-05,-0.0004316116727716,-0.0006249577533577,-0.0006630174603174,-0.0007017234188034,-0.0004893665445665,-0.0005069021978021,-0.0005159235653235
-0.0005221217094017,-0.0004672407814407,-0.0004014539682539,0.0004939627594627,-6.078468864468836e-05,-0.0004346512087912,-0.0006219091575091,-0.0006630174603174,-0.0006986987789987,-0.0004923875457875,-0.0005099195360195,-0.0005159235653235
-0.0005251573382173,-0.0004733086691086,-0.0004044952380952,0.000496993064713,-6.078468864468836e-05,-0.0004376907448107,-0.0006188605616605,-0.0006630174603174,-0.0006986987789987,-0.0004923875457875,-0.0005069021978021,-0.0005159235653235
-0.0005281929670329,-0.0004763426129426,-0.0004014539682539,0.0005000233699633,-6.382420024419996e-05,-0.0004376907448107,-0.0006158119658119,-0.0006599761904761,-0.0006986987789987,-0.0004863455433455,-0.0005038848595848,-0.0005129062271062
-0.0005372998534798,-0.0004793765567765,-0.0003984126984126,0.0005060839804639,-6.990322344322315e-05,-0.0004376907448107,-0.0006127633699633,-0.0006569349206349,-0.0006986987789987,-0.0004863455433455,-0.0005008675213675,-0.0005129062271062
-0.0005312285958485,-0.0004763426129426,-0.0004044952380952,0.0005030536752136,-6.382420024419996e-05,-0.0004407302808302,-0.0006127633699633,-0.0006630174603174,-0.0006986987789987,-0.0004863455433455,-0.0005038848595848,-0.0005159235653235
-0.0005281929670329,-0.0004763426129426,-0.0004044952380952,0.0005000233699633,-6.078468864468836e-05,-0.0004407302808302,-0.0006158119658119,-0.0006660587301587,-0.0007017234188034,-0.0004863455433455,-0.0005069021978021,-0.0005159235653235
-0.0005312285958485,-0.0004733086691086,-0.0003984126984126,0.0005000233699633,-6.686371184371155e-05,-0.0004346512087912,-0.0006158119658119,-0.0006630174603174,-0.0007017234188034,-0.0004833245421245,-0.0005038848595848,-0.0005159235653235
-0.0005281929670329,-0.0004702747252747,-0.0003984126984126,0.000496993064713,-6.382420024419996e-05,-0.0004346512087912,-0.0006188605616605,-0.0006599761904761,-0.0006986987789987,-0.0004803035409035,-0.0005008675213675,-0.0005129062271062
-0.0005221217094017,-0.0004733086691086,-0.0004044952380952,0.000496993064713,-5.774517704517676e-05,-0.0004376907448107,-0.0006188605616605,-0.0006569349206349,-0.0006956741391941,-0.0004803035409035,-0.0005008675213675,-0.0005098888888888
-0.0005312285958485,-0.0004733086691086,-0.0003953714285714,0.0005000233699633,-6.686371184371155e-05,-0.0004346512087912,-0.0006097147741147,-0.0006508523809523,-0.0006896248595848,-0.0004742615384615,-0.0004948328449328,-0.0005038542124542
-0.0005281929670329,-0.0004611728937728,-0.0003892888888888,0.0004939627594627,-6.990322344322315e-05,-0.0004255326007326,-0.0006005689865689,-0.0006417285714285,-0.0006835755799755,-0.0004682195360195,-0.0004887981684981,-0.0005008368742368
-0.0005130148229548,-0.000452071062271,-0.0003923301587301,0.0004818415384615,-6.078468864468836e-05,-0.000422493064713,-0.0006005689865689,-0.0006386873015873,-0.0006835755799755,-0.0004712405372405,-0.0004887981684981,-0.0004978195360195
-0.0005008723076923,-0.0004460031746031,-0.0003953714285714,0.0004727506227106,-5.166615384615356e-05,-0.0004194535286935,-0.0006036175824175,-0.0006417285714285,-0.0006866002197802,-0.0004712405372405,-0.0004887981684981,-0.0004978195360195
-0.0005069435653235,-0.0004399352869352,-0.0003862476190476,0.0004727506227106,-6.078468864468836e-05,-0.0004133744566544,-0.0005975203907203,-0.000635646031746,-0.0006835755799755,-0.0004651985347985,-0.0004857808302808,-0.0004948021978021
-0.0005069435653235,-0.0004186976800976,-0.0003679999999999,0.0004606294017094,-6.990322344322315e-05,-0.0003920977045177,-0.000585326007326,-0.0006234809523809,-0.0006684523809523,-0.0004531145299145,-0.0004737114774114,-0.0004857501831501
-0.0005008723076923,-0.00039746007326,-0.0003497523809523,0.0004485081807081,-7.598224664224636e-05,-0.0003738604884004,-0.0005731316239316,-0.0006113158730158,-0.0006503045421245,-0.0004380095238095,-0.0004586247863247,-0.0004766981684981
-0.0004826585347985,-0.0003792564102564,-0.0003558349206349,0.0004303263492063,-6.382420024419996e-05,-0.0003677814163614,-0.0005731316239316,-0.000602192063492,-0.0006442552625152,-0.0004319675213675,-0.0004525901098901,-0.0004706634920634
-0.000470516019536,-0.0003701545787545,-0.0003558349206349,0.0004182051282051,-5.774517704517676e-05,-0.0003617023443223,-0.000585326007326,-0.0005961095238095,-0.0006382059829059,-0.0004259255189255,-0.0004465554334554,-0.0004676461538461
-0.0004674803907203,-0.0003610527472527,-0.0003467111111111,0.0004121445177045,-6.078468864468836e-05,-0.0003525837362637,-0.0005883746031746,-0.0005869857142857,-0.0006321567032967,-0.0004198835164835,-0.000443538095238,-0.0004616114774114
-0.0004735516483516,-0.0003519509157509,-0.000334546031746,0.0004121445177045,-6.990322344322315e-05,-0.0003434651282051,-0.0005975203907203,-0.0005839444444444,-0.0006261074236874,-0.0004138415140415,-0.0004375034188034,-0.0004555768009768
-0.0004735516483516,-0.0003640866910866,-0.0003497523809523,0.0004182051282051,-6.078468864468836e-05,-0.0003556232722832,-0.0006280063492063,-0.0006052333333333,-0.0006382059829059,-0.0004229045177045,-0.0004465554334554,-0.0004616114774114
-0.0004765872771672,-0.0003853242979242,-0.0003649587301587,0.0004303263492063,-5.470566544566516e-05,-0.0003738604884004,-0.0006493465201465,-0.0006265222222222,-0.0006533291819291,-0.0004380095238095,-0.0004556074481074,-0.0004706634920634
-0.0004826585347985,-0.0003913921855921,-0.0003619174603174,0.0004363869597069,-6.078468864468836e-05,-0.00037690002442,-0.0006462979242979,-0.0006326047619047,-0.0006624031013431,-0.0004410305250305,-0.0004556074481074,-0.0004706634920634
-0.0004917654212454,-0.0004126297924297,-0.0003771238095238,0.0004515384859584,-5.774517704517676e-05,-0.0003951372405372,-0.0006432493284493,-0.0006417285714285,-0.0006745016605616,-0.0004531145299145,-0.0004676768009768,-0.0004797155067155
-0.0004887297924297,-0.0004369013431013,-0.0004044952380952,0.0004606294017094,-4.254761904761877e-05,-0.0004194535286935,-0.0006462979242979,-0.0006508523809523,-0.0006896248595848,-0.0004682195360195,-0.0004797461538461,-0.0004917848595848
-0.0004796229059829,-0.0004338673992673,-0.000413619047619,0.0004545687912087,-3.342908424908396e-05,-0.000422493064713,-0.0006462979242979,-0.0006478111111111,-0.0006926494993894,-0.0004651985347985,-0.0004797461538461,-0.0004917848595848
-0.0004796229059829,-0.0004277995115995,-0.0004044952380952,0.0004515384859584,-3.6468595848595565e-05,-0.0004164139926739,-0.0006493465201465,-0.0006508523809523,-0.0006896248595848,-0.0004591565323565,-0.0004706941391941,-0.0004766981684981
-0.0004917654212454,-0.0004429692307692,-0.0004044952380952,0.00046669001221,-4.254761904761877e-05,-0.000422493064713,-0.0006432493284493,-0.0006508523809523,-0.0006926494993894,-0.0004621775335775,-0.0004737114774114,-0.0004797155067155
-0.0005008723076923,-0.0004702747252747,-0.0004257841269841,0.0004848718437118,-3.6468595848595565e-05,-0.0004468093528693,-0.0006371521367521,-0.0006538936507936,-0.0007077726984126,-0.0004772825396825,-0.0004887981684981,-0.0004978195360195
-0.0004978366788766,-0.0004793765567765,-0.0004409904761904,0.0004879021489621,-2.735006105006077e-05,-0.0004589674969474,-0.0006402007326007,-0.0006660587301587,-0.0007198712576312,-0.0004893665445665,-0.0005038848595848,-0.0005068715506715
-0.0004978366788766,-0.0004733086691086,-0.0004349079365079,0.0004848718437118,-3.0389572649572364e-05,-0.0004528884249084,-0.0006402007326007,-0.0006721412698412,-0.0007228958974358,-0.0004923875457875,-0.0005038848595848,-0.0005068715506715
-0.0005099791941391,-0.0004702747252747,-0.0004166603174603,0.0004879021489621,-4.558713064713037e-05,-0.0004437698168498,-0.0006402007326007,-0.0006751825396825,-0.0007198712576312,-0.0004923875457875,-0.0005038848595848,-0.0005038542124542
-0.000519086080586,-0.0004702747252747,-0.0004075365079365,0.0004939627594627,-5.470566544566516e-05,-0.0004376907448107,-0.0006371521367521,-0.0006751825396825,-0.0007168466178266,-0.0004923875457875,-0.0005038848595848,-0.0005098888888888
-0.0005403354822954,-0.0004884783882783,-0.0004044952380952,0.0005121445909645,-6.686371184371155e-05,-0.0004468093528693,-0.0006249577533577,-0.0006751825396825,-0.0007168466178266,-0.0004954085470085,-0.0005099195360195,-0.0005159235653235
-0.0005555136263736,-0.0005127499389499,-0.000413619047619,0.0005333567277167,-6.990322344322315e-05,-0.000462007032967,-0.0006158119658119,-0.0006782238095238,-0.0007198712576312,-0.0005014505494505,-0.0005189715506715,-0.0005219582417582
-0.0005555136263736,-0.0005218517704517,-0.0004197015873015,0.000536387032967,-6.686371184371155e-05,-0.0004711256410256,-0.0006188605616605,-0.000681265079365,-0.0007198712576312,-0.0005044715506715,-0.0005189715506715,-0.0005219582417582
-0.0005464067399267,-0.0005127499389499,-0.0004197015873015,0.0005272961172161,-6.382420024419996e-05,-0.0004650465689865,-0.0006249577533577,-0.000681265079365,-0.0007198712576312,-0.0005014505494505,-0.0005159542124542,-0.0005189409035409
-0.0005342642246642,-0.000506682051282,-0.0004257841269841,0.0005182052014652,-5.470566544566516e-05,-0.0004650465689865,-0.0006341035409035,-0.000681265079365,-0.0007228958974358,-0.0005044715506715,-0.0005129368742368,-0.0005219582417582
-0.0005312285958485,-0.0005036481074481,-0.0004197015873015,0.0005151748962148,-5.470566544566516e-05,-0.000462007032967,-0.0006371521367521,-0.0006843063492063,-0.0007259205372405,-0.0005044715506715,-0.0005159542124542,-0.0005249755799755
-0.0005464067399267,-0.0005036481074481,-0.0004105777777777,0.0005242658119658,-6.686371184371155e-05,-0.0004559279609279,-0.0006310549450549,-0.000681265079365,-0.0007228958974358,-0.0005044715506715,-0.0005159542124542,-0.0005279929181929
-0.0005464067399267,-0.0005036481074481,-0.0004166603174603,0.0005242658119658,-6.382420024419996e-05,-0.0004589674969474,-0.0006249577533577,-0.0006782238095238,-0.0007198712576312,-0.0005044715506715,-0.0005159542124542,-0.0005249755799755
-0.0005372998534798,-0.0005006141636141,-0.0004197015873015,0.0005182052014652,-5.774517704517676e-05,-0.0004589674969474,-0.0006249577533577,-0.0006782238095238,-0.0007138219780219,-0.0005014505494505,-0.0005159542124542,-0.0005219582417582
-0.0005312285958485,-0.0004975802197802,-0.0004227428571428,0.0005121445909645,-5.470566544566516e-05,-0.0004589674969474,-0.0006280063492063,-0.0006751825396825,-0.0007107973382173,-0.0004954085470085,-0.0005099195360195,-0.0005189409035409
-0.0005342642246642,-0.0004915123321123,-0.0004105777777777,0.0005121445909645,-6.078468864468836e-05,-0.0004498488888888,-0.0006280063492063,-0.0006751825396825,-0.000704748058608,-0.0004923875457875,-0.0005069021978021,-0.0005129062271062
-0.0005433711111111,-0.0004824105006105,-0.0003984126984126,0.0005121445909645,-7.294273504273476e-05,-0.0004407302808302,-0.0006249577533577,-0.0006782238095238,-0.0007017234188034,-0.0004863455433455,-0.0005008675213675,-0.0005098888888888
-0.0005494423687423,-0.0004824105006105,-0.0003862476190476,0.0005151748962148,-8.206126984126955e-05,-0.0004346512087912,-0.0006280063492063,-0.0006782238095238,-0.0006956741391941,-0.0004833245421245,-0.0004978501831501,-0.0005068715506715
-0.0005372998534798,-0.0004763426129426,-0.0003953714285714,0.0005060839804639,-6.990322344322315e-05,-0.0004346512087912,-0.0006341035409035,-0.0006630174603174,-0.0006835755799755,-0.0004772825396825,-0.0004978501831501,-0.0005159235653235
-0.0005281929670329,-0.000455105006105,-0.000380165079365,0.0004909324542124,-7.294273504273476e-05,-0.0004164139926739,-0.0006280063492063,-0.0006173984126984,-0.0006321567032967,-0.0004591565323565,-0.0004978501831501,-0.0005279929181929
-0.0005342642246642,-0.0003731885225885,-0.0002980507936507,0.0004515384859584,-0.0001185354090354,-0.0003343465201465,-0.0006188605616605,-0.0005474492063492,-0.0005383928693528,-0.0004017575091575,-0.0004646594627594,-0.0005068715506715
-0.0004887297924297,-0.0002123894993894,-0.0001794412698412,0.0003485081074481,-0.0001550095482295,-0.0001945278632478,-0.0006462979242979,-0.0004531698412698,-0.0003962347985347,-0.0002718544566544,-0.0003711219780219,-0.0004435074481074
-0.0003946252991452,6.05445665445685e-06,-5.474920634920625e-05,0.0001939625396825,-0.0001702071062271,-2.4313846153846188e-05,-0.0007103184371184,-0.000377138095238,-0.0001996332112332,-5.4342368742369256e-05,-0.000202151037851,-0.0003348832722832
-0.000258022002442,0.0003215846153846,0.0001216444444444,-3.028004884004881e-05,-0.0001884441758241,0.0002218885714285,-0.0008627482295482,-0.0005018301587301,-1.5130183150183227e-05,0.0002326527472527,6.03573870573869e-05,-0.0001266869352869
-0.0001001693040293,0.0007099294261294,0.0003466984126984,-0.0003030075213675,-0.0002218788034188,0.0005288817094017,-0.0011462676434676,-0.0008211634920634,0.0001179539682539,0.0005679838827838,0.0004073512820512,0.0001810815628815
6.679028083028054e-05,0.0010315274725274,0.0005018031746031,-0.0005484622466422,-0.0002157997802197,0.0007659655189255,-0.0015120991452991,-0.0011678682539682,0.00010888004884,0.000861021001221,0.0007422758241758,0.0004948847374847
0.0001882154334554,0.0012317677655677,0.0005808761904761,-0.0007090684249084,-0.0001945231990231,0.0009057841758241,-0.001844396092796,-0.0014537476190476,-6.984126984207251e-09,0.000999987057387,0.0009534894993894,0.0007392891330891
0.0001973223199023,0.0010406293040293,0.0003801523809523,-0.0006181592673992,-9.117980463980436e-05,0.0007112538705738,-0.0019602427350427,-0.0016027698412698,-0.0003024709645909,0.0007432019536019,0.0008207266178266,0.0007362717948717
6.0777045177042414e-06,0.0003852974358974,-7.907936507936497e-05,-0.0001939165323565,4.255870573870602e-05,0.0001519792429792,-0.0017864727716727,-0.001718338095238,-0.0008287582905982,9.368669108669056e-05,0.0003349351648351,0.0004405726495726
-0.000282307032967,-6.372625152625133e-05,-0.0002372253968253,0.0001727504029304,-2.1271037851037568e-05,-0.0001489348229548,-0.0015547794871794,-0.0019129793650793,-0.001267331062271,-0.0004168625152625,-3.921477411477427e-05,0.0002052202686202
-0.0004765872771672,-0.0002791362637362,-0.0002585142857142,0.0003757808547008,-0.0001094168742368,-0.0002674767277167,-0.0013627179487179,-0.0018886492063492,-0.0014155384126984,-0.0006585426129426,-0.0002564631257631,3.0214652014651413e-05
-0.0005403354822954,-0.0004095958485958,-0.0003284634920634,0.0004727506227106,-0.0001063773626373,-0.0003677814163614,-0.0012255311355311,-0.0016666365079365,-0.0013338731379731,-0.0007098996336996,-0.000389226007326,-0.0001327216117216
-0.0005494423687423,-0.0004460031746031,-0.0003527936507936,0.000496993064713,-9.725882783882755e-05,-0.0003981767765567,-0.0011096844932844,-0.0014142111111111,-0.0011765918681318,-0.0006585426129426,-0.0004314687423687,-0.0002473804639804
-0.0005524779975579,-0.0004581389499389,-0.0003619174603174,0.0005030536752136,-9.421931623931596e-05,-0.0004103349206349,-0.000969449084249,-0.001176992063492,-0.0010314091575091,-0.0006011435897435,-0.0004495727716727,-0.0003258312576312
-0.0005342642246642,-0.0004672407814407,-0.0003862476190476,0.0005000233699633,-7.294273504273476e-05,-0.0004255326007326,-0.0008231164835164,-0.0009549793650793,-0.0009104235653235,-0.0005528075702075,-0.0004676768009768,-0.00039523003663
-0.000519086080586,-0.0004460031746031,-0.0003832063492063,0.0004818415384615,-6.686371184371155e-05,-0.0004133744566544,-0.0007042212454212,-0.0007755444444444,-0.0007985118925518,-0.0005014505494505,-0.0004646594627594,-0.000431438095238
-0.0005099791941391,-0.0004126297924297,-0.0003558349206349,0.0004606294017094,-7.598224664224636e-05,-0.000382979096459,-0.0006432493284493,-0.0006690999999999,-0.0007198712576312,-0.0004591565323565,-0.0004495727716727,-0.0004404901098901
-0.0005099791941391,-0.00039746007326,-0.0003436698412698,0.0004515384859584,-8.206126984126955e-05,-0.0003708209523809,-0.0006219091575091,-0.0006173984126984,-0.0006805509401709,-0.0004440515262515,-0.0004465554334554,-0.0004465247863247
-0.0005130148229548,-0.0004065619047619,-0.0003527936507936,0.000457599096459,-7.902175824175796e-05,-0.0003799395604395,-0.0006097147741147,-0.000602192063492,-0.000671477020757,-0.0004470725274725,-0.0004586247863247,-0.0004616114774114
-0.0005281929670329,-0.0004156637362637,-0.0003467111111111,0.0004697203174603,-9.117980463980436e-05,-0.0003799395604395,-0.0005944717948717,-0.0005900269841269,-0.0006624031013431,-0.0004470725274725,-0.0004586247863247,-0.0004676461538461
-0.0005372998534798,-0.0004277995115995,-0.0003436698412698,0.0004818415384615,-9.725882783882755e-05,-0.0003860186324786,-0.000585326007326,-0.000568738095238,-0.0006563538217338,-0.0004470725274725,-0.0004616421245421,-0.0004736808302808
-0.0005281929670329,-0.0004369013431013,-0.0003649587301587,0.0004818415384615,-8.206126984126955e-05,-0.0004012163125763,-0.0005761802197802,-0.0005596142857142,-0.0006533291819291,-0.0004500935286935,-0.0004737114774114,-0.0004827328449328
-0.0005130148229548,-0.0004338673992673,-0.0003771238095238,0.0004727506227106,-6.686371184371155e-05,-0.0004042558485958,-0.000570083028083,-0.000556573015873,-0.0006503045421245,-0.0004531145299145,-0.0004797461538461,-0.0004917848595848
-0.0005130148229548,-0.0004277995115995,-0.0003710412698412,0.0004697203174603,-6.990322344322315e-05,-0.0003981767765567,-0.000570083028083,-0.0005474492063492,-0.0006412306227106,-0.0004500935286935,-0.0004767288156288,-0.0004917848595848
-0.0005160504517704,-0.0004277995115995,-0.0003649587301587,0.0004697203174603,-7.598224664224636e-05,-0.0003951372405372,-0.0005670344322344,-0.0005383253968253,-0.0006321567032967,-0.0004470725274725,-0.0004706941391941,-0.0004887675213675
-0.000519086080586,-0.0004308334554334,-0.0003679999999999,0.0004727506227106,-7.598224664224636e-05,-0.0003981767765567,-0.0005670344322344,-0.0005322428571428,-0.000629132063492,-0.0004440515262515,-0.0004737114774114,-0.0004917848595848
-0.0005281929670329,-0.0004369013431013,-0.0003649587301587,0.0004818415384615,-8.206126984126955e-05,-0.0004012163125763,-0.0005609372405372,-0.0005200777777777,-0.0006230827838827,-0.0004440515262515,-0.0004737114774114,-0.0004917848595848
-0.0005281929670329,-0.0004369013431013,-0.0003619174603174,0.0004818415384615,-8.206126984126955e-05,-0.0003981767765567,-0.0005578886446886,-0.0005139952380952,-0.0006200581440781,-0.0004410305250305,-0.0004737114774114,-0.0004917848595848
-0.000519086080586,-0.0004277995115995,-0.0003649587301587,0.0004727506227106,-7.598224664224636e-05,-0.0003951372405372,-0.0005609372405372,-0.0005109539682539,-0.0006200581440781,-0.0004410305250305,-0.0004706941391941,-0.0004917848595848
-0.000519086080586,-0.0004247655677655,-0.0003619174603174,0.0004697203174603,-7.902175824175796e-05,-0.0003920977045177,-0.0005609372405372,-0.0005079126984126,-0.0006200581440781,-0.0004410305250305,-0.0004706941391941,-0.0004917848595848
-0.000519086080586,-0.0004277995115995,-0.0003649587301587,0.0004727506227106,-7.598224664224636e-05,-0.0003951372405372,-0.0005609372405372,-0.0005018301587301,-0.0006170335042735,-0.0004410305250305,-0.0004706941391941,-0.0004917848595848
-0.0005130148229548,-0.0004308334554334,-0.0003740825396825,0.0004697203174603,-6.990322344322315e-05,-0.0004012163125763,-0.0005578886446886,-0.0004987888888888,-0.0006140088644688,-0.0004410305250305,-0.0004706941391941,-0.0004917848595848
-0.0005069435653235,-0.0004277995115995,-0.0003771238095238,0.00046669001221,-6.382420024419996e-05,-0.0004012163125763,-0.00055484004884,-0.0004927063492063,-0.0006079595848595,-0.0004380095238095,-0.0004706941391941,-0.0004917848595848
-0.0005069435653235,-0.0004247655677655,-0.0003710412698412,0.0004636597069597,-6.686371184371155e-05,-0.0003981767765567,-0.00055484004884,-0.0004805412698412,-0.0006019103052503,-0.0004319675213675,-0.0004676768009768,-0.0004857501831501
-0.0005039079365079,-0.0004247655677655,-0.0003740825396825,0.0004636597069597,-6.382420024419996e-05,-0.0003981767765567,-0.0005609372405372,-0.0004774999999999,-0.0006019103052503,-0.0004349885225885,-0.0004706941391941,-0.0004887675213675
-0.0005008723076923,-0.0004217316239316,-0.0003771238095238,0.0004606294017094,-6.078468864468836e-05,-0.0003981767765567,-0.0005639858363858,-0.0004744587301587,-0.0006049349450549,-0.0004380095238095,-0.0004737114774114,-0.0004948021978021
-0.0005008723076923,-0.0004156637362637,-0.0003710412698412,0.000457599096459,-6.382420024419996e-05,-0.0003920977045177,-0.0005578886446886,-0.0004683761904761,-0.0006019103052503,-0.0004380095238095,-0.0004737114774114,-0.0004978195360195
-0.0005069435653235,-0.0004095958485958,-0.0003588761904761,0.000457599096459,-7.294273504273476e-05,-0.000382979096459,-0.0005517914529914,-0.0004622936507936,-0.0005988856654456,-0.0004349885225885,-0.0004737114774114,-0.0004948021978021
-0.0005099791941391,-0.0004156637362637,-0.0003588761904761,0.0004606294017094,-7.598224664224636e-05,-0.0003860186324786,-0.0005456942612942,-0.0004592523809523,-0.0005898117460317,-0.0004289465201465,-0.0004706941391941,-0.0004917848595848
-0.0005039079365079,-0.0004217316239316,-0.0003710412698412,0.0004606294017094,-6.686371184371155e-05,-0.0003951372405372,-0.000539597069597,-0.0004470873015873,-0.0005807378266178,-0.0004229045177045,-0.0004676768009768,-0.0004887675213675
-0.0005039079365079,-0.0004247655677655,-0.0003771238095238,0.0004636597069597,-6.382420024419996e-05,-0.0004012163125763,-0.000539597069597,-0.0004379634920634,-0.0005746885470085,-0.0004229045177045,-0.0004676768009768,-0.0004917848595848
-0.0005130148229548,-0.0004247655677655,-0.0003710412698412,0.00046669001221,-6.990322344322315e-05,-0.0003981767765567,-0.0005334998778998,-0.0004288396825396,-0.0005686392673992,-0.0004198835164835,-0.0004646594627594,-0.0004917848595848
-0.0005069435653235,-0.0004217316239316,-0.0003679999999999,0.0004636597069597,-6.990322344322315e-05,-0.0003951372405372,-0.0005334998778998,-0.0004197158730158,-0.0005656146275946,-0.0004198835164835,-0.0004646594627594,-0.0004887675213675
-0.000494801050061,-0.0004186976800976,-0.0003771238095238,0.0004545687912087,-5.774517704517676e-05,-0.0003981767765567,-0.0005334998778998,-0.000410592063492,-0.0005656146275946,-0.0004198835164835,-0.0004646594627594,-0.0004917848595848
-0.0004917654212454,-0.0004217316239316,-0.0003862476190476,0.0004545687912087,-5.166615384615356e-05,-0.0004042558485958,-0.0005334998778998,-0.0003984269841269,-0.0005656146275946,-0.0004198835164835,-0.0004676768009768,-0.0004917848595848
-0.0004887297924297,-0.0004186976800976,-0.0003892888888888,0.0004515384859584,-4.862664224664196e-05,-0.0004042558485958,-0.0005304512820512,-0.0003893031746031,-0.0005625899877899,-0.0004198835164835,-0.0004706941391941,-0.0004978195360195
-0.0004917654212454,-0.0004156637362637,-0.000380165079365,0.0004515384859584,-5.470566544566516e-05,-0.0003981767765567,-0.0005213054945054,-0.0003801793650793,-0.0005565407081807,-0.0004198835164835,-0.0004706941391941,-0.0005008368742368
-0.0005130148229548,-0.0004126297924297,-0.0003558349206349,0.0004606294017094,-7.902175824175796e-05,-0.000382979096459,-0.0005091111111111,-0.000364973015873,-0.0005414175091575,-0.0004047785103785,-0.0004616421245421,-0.0004887675213675
-0.0005069435653235,-0.0004065619047619,-0.0003527936507936,0.0004545687912087,-7.598224664224636e-05,-0.0003799395604395,-0.0005030139194139,-0.0003528079365079,-0.0005353682295482,-0.0004017575091575,-0.0004586247863247,-0.0004887675213675
-0.0004856941636141,-0.0004065619047619,-0.000380165079365,0.0004454778754578,-5.166615384615356e-05,-0.0003920977045177,-0.0005091111111111,-0.0003467253968253,-0.0005383928693528,-0.0004077995115995,-0.0004646594627594,-0.0004978195360195
-0.0004796229059829,-0.0004065619047619,-0.0003832063492063,0.0004424475702075,-4.862664224664196e-05,-0.0003951372405372,-0.0005091111111111,-0.000331519047619,-0.0005383928693528,-0.0004077995115995,-0.0004646594627594,-0.0004978195360195
-0.0004887297924297,-0.0004035279609279,-0.0003710412698412,0.0004454778754578,-5.774517704517676e-05,-0.0003860186324786,-0.0005030139194139,-0.0003163126984126,-0.0005293189499389,-0.0004047785103785,-0.0004586247863247,-0.0004948021978021
-0.0004856941636141,-0.0003913921855921,-0.0003619174603174,0.0004363869597069,-6.078468864468836e-05,-0.00037690002442,-0.0004969167277167,-0.000298065079365,-0.000520245030525,-0.0003957155067155,-0.0004495727716727,-0.0004887675213675
-0.0004765872771672,-0.0003822903540903,-0.0003649587301587,0.000427296043956,-5.470566544566516e-05,-0.0003738604884004,-0.0004969167277167,-0.0002828587301587,-0.0005141957509157,-0.0003926945054945,-0.0004495727716727,-0.0004887675213675
-0.0004735516483516,-0.0003822903540903,-0.0003588761904761,0.000427296043956,-5.774517704517676e-05,-0.0003708209523809,-0.0004969167277167,-0.0002615698412698,-0.0005020971916971,-0.0003896735042735,-0.0004495727716727,-0.0004887675213675
-0.0004826585347985,-0.0003792564102564,-0.0003527936507936,0.0004303263492063,-6.382420024419996e-05,-0.0003647418803418,-0.0004908195360195,-0.0002402809523809,-0.0004899986324786,-0.0003836315018315,-0.000443538095238,-0.0004857501831501
-0.0004796229059829,-0.0003762224664224,-0.0003527936507936,0.000427296043956,-6.382420024419996e-05,-0.0003647418803418,-0.0004847223443223,-0.0002220333333333,-0.0004869739926739,-0.0003806105006105,-0.0004405207570207,-0.0004827328449328
-0.000470516019536,-0.0003671206349206,-0.0003527936507936,0.0004182051282051,-5.774517704517676e-05,-0.0003586628083028,-0.0004816737484737,-0.0002037857142857,-0.0004809247130647,-0.0003745684981684,-0.0004375034188034,-0.0004766981684981
-0.0004583735042735,-0.0003580188034188,-0.0003558349206349,0.0004060839072039,-5.166615384615356e-05,-0.0003556232722832,-0.0004816737484737,-0.0001764142857142,-0.0004688261538461,-0.0003655054945054,-0.0004314687423687,-0.0004676461538461
-0.0004674803907203,-0.000345883028083,-0.0003315047619047,0.0004060839072039,-6.686371184371155e-05,-0.000337386056166,-0.0004755765567765,-0.0001460015873015,-0.0004537029548229,-0.0003504004884004,-0.000416382051282,-0.0004555768009768
-0.0004644447619047,-0.0003367811965811,-0.0003254222222222,0.0004000232967032,-6.990322344322315e-05,-0.0003313069841269,-0.0004725279609279,-0.0001247126984126,-0.0004416043956043,-0.0003473794871794,-0.0004133647130647,-0.0004525594627594
-0.0004401597313797,-0.0003307133089133,-0.0003436698412698,0.0003848717704517,-4.862664224664196e-05,-0.000337386056166,-0.0004755765567765,-0.000106465079365,-0.0004416043956043,-0.0003504004884004,-0.000416382051282,-0.0004555768009768
-0.0004310528449328,-0.0003155435897435,-0.0003406285714285,0.0003727505494505,-4.558713064713037e-05,-0.0003282674481074,-0.0004694793650793,-8.517619047619017e-05,-0.0004355551159951,-0.0003473794871794,-0.0004133647130647,-0.0004525594627594
-0.0004371241025641,-0.0002973399267399,-0.0003132571428571,0.0003666899389499,-6.078468864468836e-05,-0.0003039511599511,-0.0004633821733821,-6.084603174603144e-05,-0.0004204319169719,-0.0003322744810744,-0.000398278021978,-0.0004374727716727
-0.0004340884737484,-0.0002791362637362,-0.0002980507936507,0.0003545687179487,-6.686371184371155e-05,-0.0002887534798534,-0.0004603335775335,-3.651587301587271e-05,-0.0004083333577533,-0.0003201904761904,-0.000389226007326,-0.0004254034188034
-0.0004249815873015,-0.0002700344322344,-0.0002950095238095,0.0003454778021978,-6.382420024419996e-05,-0.0002826744078144,-0.0004633821733821,-1.8268253968253663e-05,-0.0004053087179487,-0.0003201904761904,-0.0003862086691086,-0.0004254034188034
-0.0004310528449328,-0.0002639665445665,-0.0002858857142857,0.0003454778021978,-7.294273504273476e-05,-0.0002735557997557,-0.0004542363858363,-2.063492063462036e-08,-0.0003962347985347,-0.0003171694749694,-0.0003831913308913,-0.0004193687423687
-0.0004371241025641,-0.0002396949938949,-0.0002585142857142,0.0003363868864468,-8.814029304029276e-05,-0.0002492395115995,-0.0004481391941391,2.1268253968254267e-05,-0.0003811115995115,-0.0002990434676434,-0.0003650873015873,-0.0003982473748473
-0.0004219459584859,-0.0002184573870573,-0.0002524317460317,0.000318205054945,-8.510078144078116e-05,-0.0002340418315018,-0.0004511877899877,3.343333333333364e-05,-0.000369013040293,-0.0002869594627594,-0.0003469832722832,-0.0003831606837606
-0.0004037321855921,-0.0002093555555555,-0.0002645968253968,0.0003060838339438,-6.990322344322315e-05,-0.0002370813675213,-0.0004572849816849,4.2557142857143154e-05,-0.0003629637606837,-0.0002809174603174,-0.0003409485958485,-0.000377126007326
-0.0004037321855921,-0.0001972197802197,-0.0002524317460317,0.0003000232234432,-7.598224664224636e-05,-0.0002249232234432,-0.0004572849816849,4.5598412698413e-05,-0.0003569144810744,-0.0002748754578754,-0.0003288792429792,-0.0003590219780219
-0.0004067678144078,-0.00018205006105,-0.0002341841269841,0.0002939626129426,-8.510078144078116e-05,-0.000206686007326,-0.0004572849816849,4.5598412698413e-05,-0.0003508652014652,-0.0002627914529914,-0.0003168098901098,-0.0003409179487179
-0.0004006965567765,-0.0001668803418803,-0.0002250603174603,0.0002818413919413,-8.814029304029276e-05,-0.0001945278632478,-0.0004603335775335,3.647460317460347e-05,-0.0003478405616605,-0.0002597704517704,-0.0003047405372405,-0.0003288485958485
-0.0003855184126984,-0.0001517106227106,-0.000222019047619,0.0002666898656898,-8.206126984126955e-05,-0.0001854092551892,-0.0004725279609279,2.4309523809524107e-05,-0.0003538898412698,-0.0002567494505494,-0.0002987058608058,-0.0003228139194139
-0.0003855184126984,-0.0001365409035409,-0.0002068126984126,0.0002606292551892,-8.814029304029276e-05,-0.0001702115750915,-0.0004847223443223,3.0206349206352205e-06,-0.0003569144810744,-0.0002507074481074,-0.0002896538461538,-0.0003107445665445
-0.0004037321855921,-0.0001244051282051,-0.0001763999999999,0.0002636595604395,-0.0001124563858363,-0.0001489348229548,-0.0004877709401709,-2.130952380952351e-05,-0.0003569144810744,-0.0002476864468864,-0.0002806018315018,-0.0002986752136752
-0.0004006965567765,-0.0001183372405372,-0.0001763999999999,0.0002575989499389,-0.0001124563858363,-0.0001458952869352,-0.0004969167277167,-5.78047619047616e-05,-0.0003659884004884,-0.0002537284493284,-0.0002806018315018,-0.0002956578754578
-0.0004006965567765,-0.0001122693528693,-0.0001763999999999,0.0002545686446886,-0.0001124563858363,-0.0001428557509157,-0.0005091111111111,-0.000106465079365,-0.0003811115995115,-0.0002567494505494,-0.0002775844932844,-0.0002896231990231
-0.0004037321855921,-0.0001122693528693,-0.0001703174603174,0.0002575989499389,-0.0001154958974358,-0.0001398162148962,-0.000524354090354,-0.0001520841269841,-0.0003932101587301,-0.0002567494505494,-0.0002775844932844,-0.0002835885225885
-0.0004067678144078,-0.0001183372405372,-0.0001703174603174,0.0002606292551892,-0.0001185354090354,-0.0001428557509157,-0.000539597069597,-0.0002007444444444,-0.0004083333577533,-0.0002627914529914,-0.0002806018315018,-0.0002866058608058
-0.0004189103296703,-0.0001365409035409,-0.0001733587301587,0.0002757807814407,-0.0001215749206349,-0.0001550138949938,-0.0005426456654456,-0.0002463634920634,-0.0004174072771672,-0.0002688334554334,-0.0002836191697191,-0.0002896231990231
-0.0004310528449328,-0.0001577785103785,-0.0001824825396825,0.0002939626129426,-0.0001246144322344,-0.0001702115750915,-0.0005456942612942,-0.0002919825396825,-0.0004355551159951,-0.0002809174603174,-0.0002896538461538,-0.0002986752136752
-0.0004340884737484,-0.00018205006105,-0.0002037714285714,0.0003060838339438,-0.0001154958974358,-0.0001914883272283,-0.00055484004884,-0.0003376015873015,-0.0004537029548229,-0.0002930014652014,-0.0003077578754578,-0.0003167792429792
-0.0004401597313797,-0.0002063216117216,-0.000222019047619,0.0003212353601953,-0.0001094168742368,-0.000212765079365,-0.0005609372405372,-0.0003832206349206,-0.00047790007326,-0.0003111274725274,-0.0003258619047619,-0.0003348832722832
-0.0004553378754578,-0.0002336271062271,-0.0002341841269841,0.0003424474969474,-0.0001094168742368,-0.0002340418315018,-0.0005670344322344,-0.0004197158730158,-0.0004990725518925,-0.0003232114774114,-0.0003439659340659,-0.0003560046398046
-0.0004765872771672,-0.0002670004884004,-0.0002433079365079,0.0003697202442002,-0.0001154958974358,-0.0002553185836385,-0.0005639858363858,-0.0004531698412698,-0.0005172203907203,-0.0003383164835164,-0.0003590526251526,-0.0003741086691086
-0.0004826585347985,-0.0002943059829059,-0.0002615555555555,0.000387902075702,-0.0001094168742368,-0.0002765953357753,-0.0005609372405372,-0.000489665079365,-0.0005353682295482,-0.0003594634920634,-0.0003801739926739,-0.00039523003663
-0.0004978366788766,-0.0003185775335775,-0.0002767619047619,0.0004060839072039,-0.0001094168742368,-0.000297872087912,-0.0005609372405372,-0.0005170365079365,-0.0005565407081807,-0.0003745684981684,-0.000398278021978,-0.000413334065934
-0.0005039079365079,-0.000342849084249,-0.0002919682539682,0.0004212354334554,-0.0001063773626373,-0.0003161093040293,-0.0005670344322344,-0.0005444079365079,-0.0005746885470085,-0.0003896735042735,-0.0004103473748473,-0.0004284207570207
-0.0005039079365079,-0.0003640866910866,-0.0003162984126984,0.0004333566544566,-9.421931623931596e-05,-0.0003404255921855,-0.000570083028083,-0.0005656968253968,-0.0005928363858363,-0.0004047785103785,-0.000425434065934,-0.0004465247863247
-0.0005130148229548,-0.0003853242979242,-0.0003284634920634,0.0004485081807081,-9.117980463980436e-05,-0.0003556232722832,-0.000570083028083,-0.0005809031746031,-0.0006079595848595,-0.0004168625152625,-0.0004405207570207,-0.0004585941391941
-0.0005160504517704,-0.000400494017094,-0.0003375873015873,0.000457599096459,-8.814029304029276e-05,-0.0003677814163614,-0.0005670344322344,-0.0005961095238095,-0.0006170335042735,-0.0004289465201465,-0.0004525901098901,-0.0004736808302808
-0.0005251573382173,-0.0004186976800976,-0.0003467111111111,0.0004697203174603,-8.814029304029276e-05,-0.000382979096459,-0.0005670344322344,-0.0006052333333333,-0.0006261074236874,-0.0004349885225885,-0.0004586247863247,-0.0004827328449328
-0.0005312285958485,-0.0004338673992673,-0.0003527936507936,0.0004818415384615,-8.814029304029276e-05,-0.0003920977045177,-0.0005670344322344,-0.0006143571428571,-0.0006321567032967,-0.0004380095238095,-0.0004646594627594,-0.0004857501831501
-0.0005312285958485,-0.0004460031746031,-0.0003679999999999,0.0004879021489621,-8.206126984126955e-05,-0.0004072953846153,-0.0005670344322344,-0.0006204396825396,-0.0006412306227106,-0.0004470725274725,-0.0004737114774114,-0.0004917848595848
-0.0005251573382173,-0.000452071062271,-0.000380165079365,0.0004879021489621,-7.294273504273476e-05,-0.0004164139926739,-0.0005670344322344,-0.0006295634920634,-0.0006472799023199,-0.0004561355311355,-0.0004797461538461,-0.0005008368742368
-0.0005372998534798,-0.0004581389499389,-0.0003771238095238,0.000496993064713,-7.902175824175796e-05,-0.0004164139926739,-0.0005609372405372,-0.000635646031746,-0.0006503045421245,-0.0004561355311355,-0.0004827634920634,-0.0005008368742368
-0.0005555136263736,-0.0004611728937728,-0.0003558349206349,0.0005060839804639,-0.0001002983394383,-0.0004072953846153,-0.00055484004884,-0.0006295634920634,-0.0006442552625152,-0.0004531145299145,-0.0004767288156288,-0.0004948021978021
-0.0005494423687423,-0.0004642068376068,-0.0003679999999999,0.0005060839804639,-9.117980463980436e-05,-0.0004164139926739,-0.0005578886446886,-0.0006295634920634,-0.0006472799023199,-0.0004561355311355,-0.0004767288156288,-0.0004978195360195
-0.0005221217094017,-0.0004763426129426,-0.0004075365079365,0.000496993064713,-5.774517704517676e-05,-0.0004407302808302,-0.0005670344322344,-0.0006417285714285,-0.0006624031013431,-0.0004682195360195,-0.0004887981684981,-0.0005129062271062
-0.0005160504517704,-0.0004824105006105,-0.0004227428571428,0.000496993064713,-4.558713064713037e-05,-0.0004528884249084,-0.000570083028083,-0.0006417285714285,-0.0006684523809523,-0.0004742615384615,-0.0004978501831501,-0.0005189409035409
-0.0005342642246642,-0.0004824105006105,-0.0004075365079365,0.0005060839804639,-6.382420024419996e-05,-0.0004437698168498,-0.0005609372405372,-0.0006386873015873,-0.0006654277411477,-0.0004742615384615,-0.0004948328449328,-0.0005159235653235
-0.0005464067399267,-0.0004854444444444,-0.0003953714285714,0.0005151748962148,-7.598224664224636e-05,-0.0004407302808302,-0.00055484004884,-0.0006386873015873,-0.0006624031013431,-0.0004742615384615,-0.0004948328449328,-0.0005159235653235
-0.0005433711111111,-0.0004854444444444,-0.0003984126984126,0.0005121445909645,-7.294273504273476e-05,-0.0004407302808302,-0.0005609372405372,-0.000635646031746,-0.0006654277411477,-0.0004772825396825,-0.0004978501831501,-0.0005159235653235
-0.0005555136263736,-0.0004793765567765,-0.000380165079365,0.0005151748962148,-8.814029304029276e-05,-0.0004285721367521,-0.0005578886446886,-0.0006326047619047,-0.0006624031013431,-0.0004712405372405,-0.0004918155067155,-0.0005129062271062
-0.0005706917704517,-0.0004763426129426,-0.0003619174603174,0.0005212355067155,-0.0001033378510378,-0.0004194535286935,-0.0005517914529914,-0.0006295634920634,-0.0006593784615384,-0.0004651985347985,-0.0004887981684981,-0.0005098888888888
-0.0005555136263736,-0.0004824105006105,-0.000380165079365,0.0005182052014652,-8.814029304029276e-05,-0.0004316116727716,-0.0005517914529914,-0.0006295634920634,-0.0006624031013431,-0.0004772825396825,-0.0004978501831501,-0.0005159235653235
-0.0005464067399267,-0.0004854444444444,-0.0003923301587301,0.0005151748962148,-7.598224664224636e-05,-0.0004376907448107,-0.0005487428571428,-0.0006295634920634,-0.0006654277411477,-0.0004803035409035,-0.0005038848595848,-0.0005189409035409
-0.0005585492551892,-0.0004793765567765,-0.0003771238095238,0.0005182052014652,-9.117980463980436e-05,-0.0004285721367521,-0.0005456942612942,-0.0006234809523809,-0.0006593784615384,-0.0004742615384615,-0.0005008675213675,-0.0005189409035409
-0.0005585492551892,-0.0004854444444444,-0.000380165079365,0.0005212355067155,-8.814029304029276e-05,-0.0004316116727716,-0.0005456942612942,-0.0006173984126984,-0.0006563538217338,-0.0004772825396825,-0.0005038848595848,-0.0005219582417582
-0.0005372998534798,-0.0004915123321123,-0.0004044952380952,0.0005121445909645,-6.686371184371155e-05,-0.0004468093528693,-0.0005517914529914,-0.0006204396825396,-0.0006624031013431,-0.0004833245421245,-0.0005099195360195,-0.0005310102564102
-0.0005342642246642,-0.0005006141636141,-0.0004197015873015,0.0005151748962148,-5.774517704517676e-05,-0.0004589674969474,-0.0005517914529914,-0.0006204396825396,-0.0006624031013431,-0.0004863455433455,-0.0005129368742368,-0.0005340275946275
-0.0005433711111111,-0.0004945462759462,-0.0004105777777777,0.0005182052014652,-6.686371184371155e-05,-0.0004528884249084,-0.0005456942612942,-0.0006143571428571,-0.0006563538217338,-0.0004803035409035,-0.0005069021978021,-0.0005279929181929
-0.0005372998534798,-0.0004854444444444,-0.0004044952380952,0.0005091142857142,-6.686371184371155e-05,-0.0004437698168498,-0.0005487428571428,-0.0006113158730158,-0.0006503045421245,-0.0004772825396825,-0.0005038848595848,-0.0005189409035409
-0.0005464067399267,-0.0004824105006105,-0.0003892888888888,0.0005121445909645,-7.902175824175796e-05,-0.0004346512087912,-0.0005426456654456,-0.0006052333333333,-0.0006472799023199,-0.0004682195360195,-0.0004978501831501,-0.0005159235653235
-0.0005555136263736,-0.0004824105006105,-0.0003832063492063,0.0005182052014652,-8.510078144078116e-05,-0.0004316116727716,-0.0005365484737484,-0.0005991507936507,-0.0006412306227106,-0.0004682195360195,-0.0004948328449328,-0.0005159235653235
-0.0005585492551892,-0.0004824105006105,-0.0003832063492063,0.0005182052014652,-8.814029304029276e-05,-0.0004316116727716,-0.0005365484737484,-0.0005961095238095,-0.0006442552625152,-0.0004682195360195,-0.0004978501831501,-0.0005159235653235
-0.0005615848840048,-0.0004733086691086,-0.0003710412698412,0.0005151748962148,-9.421931623931596e-05,-0.000422493064713,-0.0005334998778998,-0.0005961095238095,-0.0006412306227106,-0.0004651985347985,-0.0004948328449328,-0.0005129062271062
-0.0005524779975579,-0.0004642068376068,-0.0003679999999999,0.0005060839804639,-9.117980463980436e-05,-0.0004164139926739,-0.0005365484737484,-0.0005961095238095,-0.0006382059829059,-0.0004651985347985,-0.0004887981684981,-0.0005098888888888
-0.0005464067399267,-0.0004642068376068,-0.0003740825396825,0.0005030536752136,-8.510078144078116e-05,-0.0004194535286935,-0.000539597069597,-0.0005961095238095,-0.0006351813431013,-0.0004621775335775,-0.0004887981684981,-0.0005129062271062
-0.0005433711111111,-0.0004702747252747,-0.000380165079365,0.0005060839804639,-8.206126984126955e-05,-0.0004255326007326,-0.000539597069597,-0.0005961095238095,-0.0006351813431013,-0.0004651985347985,-0.0004918155067155,-0.0005159235653235
-0.0005464067399267,-0.0004702747252747,-0.000380165079365,0.0005060839804639,-8.206126984126955e-05,-0.0004255326007326,-0.000539597069597,-0.0005961095238095,-0.0006351813431013,-0.0004621775335775,-0.0004918155067155,-0.0005129062271062
-0.0005464067399267,-0.0004642068376068,-0.0003740825396825,0.0005030536752136,-8.510078144078116e-05,-0.0004194535286935,-0.000539597069597,-0.0005930682539682,-0.0006321567032967,-0.0004561355311355,-0.0004857808302808,-0.0005098888888888
-0.0005342642246642,-0.000455105006105,-0.0003740825396825,0.0004939627594627,-7.902175824175796e-05,-0.0004133744566544,-0.0005456942612942,-0.0005930682539682,-0.0006321567032967,-0.0004531145299145,-0.0004827634920634,-0.0005038542124542
-0.0005372998534798,-0.000455105006105,-0.0003740825396825,0.0004939627594627,-8.206126984126955e-05,-0.0004133744566544,-0.0005487428571428,-0.0005900269841269,-0.0006321567032967,-0.0004500935286935,-0.0004797461538461,-0.0005038542124542
-0.0005403354822954,-0.0004581389499389,-0.0003710412698412,0.000496993064713,-8.510078144078116e-05,-0.0004133744566544,-0.0005487428571428,-0.0005900269841269,-0.0006321567032967,-0.0004531145299145,-0.0004797461538461,-0.0005068715506715
-0.0005342642246642,-0.000455105006105,-0.0003710412698412,0.0004939627594627,-8.206126984126955e-05,-0.0004133744566544,-0.0005517914529914,-0.0005900269841269,-0.0006351813431013,-0.0004531145299145,-0.0004797461538461,-0.0005068715506715
-0.0005281929670329,-0.0004399352869352,-0.0003649587301587,0.0004818415384615,-8.206126984126955e-05,-0.0004012163125763,-0.0005517914529914,-0.0005900269841269,-0.000629132063492,-0.0004470725274725,-0.0004767288156288,-0.0005008368742368
-0.0005221217094017,-0.0004399352869352,-0.0003710412698412,0.0004788112332112,-7.598224664224636e-05,-0.0004042558485958,-0.0005578886446886,-0.0005930682539682,-0.0006321567032967,-0.0004470725274725,-0.0004706941391941,-0.0005008368742368
-0.0005251573382173,-0.0004399352869352,-0.0003710412698412,0.0004818415384615,-7.598224664224636e-05,-0.0004042558485958,-0.00055484004884,-0.0005930682539682,-0.0006321567032967,-0.0004440515262515,-0.0004676768009768,-0.0004978195360195
-0.0005372998534798,-0.0004429692307692,-0.0003649587301587,0.0004879021489621,-8.510078144078116e-05,-0.0004042558485958,-0.0005517914529914,-0.0005961095238095,-0.000629132063492,-0.0004380095238095,-0.0004646594627594,-0.0004887675213675
-0.0005281929670329,-0.0004460031746031,-0.0003740825396825,0.0004848718437118,-7.598224664224636e-05,-0.0004103349206349,-0.0005517914529914,-0.0005991507936507,-0.0006321567032967,-0.0004410305250305,-0.0004676768009768,-0.0004948021978021
-0.0005312285958485,-0.0004429692307692,-0.0003679999999999,0.0004848718437118,-8.206126984126955e-05,-0.0004042558485958,-0.0005517914529914,-0.0005991507936507,-0.0006351813431013,-0.0004380095238095,-0.0004646594627594,-0.0004917848595848
-0.0005312285958485,-0.0004369013431013,-0.0003649587301587,0.0004818415384615,-8.206126984126955e-05,-0.0004012163125763,-0.0005578886446886,-0.0005961095238095,-0.0006321567032967,-0.0004349885225885,-0.0004586247863247,-0.0004857501831501
-0.0005281929670329,-0.0004429692307692,-0.0003710412698412,0.0004848718437118,-7.902175824175796e-05,-0.0004072953846153,-0.0005578886446886,-0.0005991507936507,-0.0006351813431013,-0.0004349885225885,-0.0004616421245421,-0.0004827328449328
-0.0005342642246642,-0.0004490371184371,-0.0003679999999999,0.0004909324542124,-8.206126984126955e-05,-0.0004072953846153,-0.0005578886446886,-0.000602192063492,-0.0006351813431013,-0.0004349885225885,-0.0004616421245421,-0.0004887675213675
-0.0005372998534798,-0.0004490371184371,-0.0003679999999999,0.0004909324542124,-8.510078144078116e-05,-0.0004072953846153,-0.0005578886446886,-0.0006052333333333,-0.0006382059829059,-0.0004380095238095,-0.0004616421245421,-0.0004887675213675
-0.0005251573382173,-0.0004490371184371,-0.000380165079365,0.0004848718437118,-7.294273504273476e-05,-0.0004133744566544,-0.0005639858363858,-0.0006113158730158,-0.0006442552625152,-0.0004410305250305,-0.0004646594627594,-0.0004948021978021
-0.000519086080586,-0.0004460031746031,-0.0003862476190476,0.0004818415384615,-6.686371184371155e-05,-0.0004164139926739,-0.0005670344322344,-0.0006113158730158,-0.0006472799023199,-0.0004440515262515,-0.0004646594627594,-0.0004978195360195
-0.0005251573382173,-0.0004490371184371,-0.000380165079365,0.0004848718437118,-7.294273504273476e-05,-0.0004133744566544,-0.0005670344322344,-0.0006173984126984,-0.0006472799023199,-0.0004440515262515,-0.0004676768009768,-0.0004948021978021
-0.0005312285958485,-0.000455105006105,-0.000380165079365,0.0004909324542124,-7.598224664224636e-05,-0.0004164139926739,-0.0005639858363858,-0.0006204396825396,-0.0006472799023199,-0.0004470725274725,-0.0004676768009768,-0.0004978195360195
-0.0005464067399267,-0.0004581389499389,-0.0003679999999999,0.0005000233699633,-8.814029304029276e-05,-0.0004133744566544,-0.0005578886446886,-0.0006204396825396,-0.0006472799023199,-0.0004470725274725,-0.0004676768009768,-0.0004948021978021
-0.0005494423687423,-0.0004581389499389,-0.0003649587301587,0.0005030536752136,-9.117980463980436e-05,-0.0004103349206349,-0.00055484004884,-0.0006173984126984,-0.0006472799023199,-0.0004470725274725,-0.0004676768009768,-0.0004948021978021
-0.0005372998534798,-0.000455105006105,-0.0003740825396825,0.0004939627594627,-8.206126984126955e-05,-0.0004133744566544,-0.0005609372405372,-0.0006204396825396,-0.0006472799023199,-0.0004470725274725,-0.0004676768009768,-0.0004948021978021
-0.0005403354822954,-0.0004611728937728,-0.0003740825396825,0.0005000233699633,-8.206126984126955e-05,-0.0004164139926739,-0.0005609372405372,-0.0006204396825396,-0.0006472799023199,-0.0004470725274725,-0.0004676768009768,-0.0004948021978021
-0.0005251573382173,-0.0004672407814407,-0.0003953714285714,0.0004939627594627,-6.382420024419996e-05,-0.0004316116727716,-0.0005639858363858,-0.0006265222222222,-0.0006533291819291,-0.0004531145299145,-0.0004767288156288,-0.0005008368742368
-0.000519086080586,-0.0004642068376068,-0.0003984126984126,0.0004909324542124,-6.078468864468836e-05,-0.0004316116727716,-0.0005578886446886,-0.0006326047619047,-0.0006563538217338,-0.0004561355311355,-0.0004767288156288,-0.0004978195360195
-0.0005372998534798,-0.0004611728937728,-0.0003771238095238,0.000496993064713,-7.902175824175796e-05,-0.0004194535286935,-0.0005517914529914,-0.0006295634920634,-0.0006503045421245,-0.0004500935286935,-0.0004706941391941,-0.0004917848595848
-0.0005524779975579,-0.0004611728937728,-0.0003649587301587,0.0005060839804639,-9.421931623931596e-05,-0.0004133744566544,-0.0005487428571428,-0.0006265222222222,-0.0006442552625152,-0.0004440515262515,-0.0004676768009768,-0.0004887675213675
-0.0005464067399267,-0.0004611728937728,-0.0003679999999999,0.0005030536752136,-8.814029304029276e-05,-0.0004133744566544,-0.00055484004884,-0.0006265222222222,-0.0006472799023199,-0.0004470725274725,-0.0004676768009768,-0.0004887675213675
-0.0005403354822954,-0.0004642068376068,-0.0003771238095238,0.0005000233699633,-8.206126984126955e-05,-0.0004194535286935,-0.00055484004884,-0.0006265222222222,-0.0006503045421245,-0.0004500935286935,-0.0004706941391941,-0.0004948021978021
-0.0005403354822954,-0.0004672407814407,-0.0003832063492063,0.0005030536752136,-7.902175824175796e-05,-0.0004255326007326,-0.0005578886446886,-0.0006326047619047,-0.0006533291819291,-0.0004531145299145,-0.0004737114774114,-0.0004978195360195
-0.0005403354822954,-0.0004672407814407,-0.0003862476190476,0.0005030536752136,-7.598224664224636e-05,-0.0004255326007326,-0.0005609372405372,-0.000635646031746,-0.0006563538217338,-0.0004561355311355,-0.0004737114774114,-0.0004978195360195
-0.0005312285958485,-0.0004611728937728,-0.0003892888888888,0.0004939627594627,-6.990322344322315e-05,-0.0004255326007326,-0.0005670344322344,-0.000635646031746,-0.0006533291819291,-0.0004561355311355,-0.0004737114774114,-0.0005008368742368
-0.0005312285958485,-0.0004642068376068,-0.0003892888888888,0.000496993064713,-6.990322344322315e-05,-0.0004255326007326,-0.0005670344322344,-0.0006386873015873,-0.0006533291819291,-0.0004531145299145,-0.0004737114774114,-0.0005008368742368
-0.0005403354822954,-0.0004702747252747,-0.0003832063492063,0.0005030536752136,-7.902175824175796e-05,-0.0004255326007326,-0.0005639858363858,-0.0006386873015873,-0.0006563538217338,-0.0004531145299145,-0.0004737114774114,-0.0005008368742368
-0.0005464067399267,-0.0004702747252747,-0.000380165079365,0.0005060839804639,-8.206126984126955e-05,-0.0004255326007326,-0.0005578886446886,-0.0006417285714285,-0.0006563538217338,-0.0004561355311355,-0.0004767288156288,-0.0005038542124542
-0.0005615848840048,-0.0004672407814407,-0.0003588761904761,0.0005121445909645,-0.0001002983394383,-0.0004133744566544,-0.0005578886446886,-0.0006417285714285,-0.0006533291819291,-0.0004531145299145,-0.0004737114774114,-0.0004948021978021
-0.0005706917704517,-0.0004611728937728,-0.0003436698412698,0.0005151748962148,-0.0001124563858363,-0.0004012163125763,-0.0005578886446886,-0.0006417285714285,-0.0006533291819291,-0.0004500935286935,-0.0004646594627594,-0.0004887675213675
-0.0005494423687423,-0.0004611728937728,-0.0003649587301587,0.0005030536752136,-9.117980463980436e-05,-0.0004133744566544,-0.0005670344322344,-0.0006447698412698,-0.0006593784615384,-0.0004531145299145,-0.0004706941391941,-0.0004948021978021
-0.0005221217094017,-0.0004702747252747,-0.0004044952380952,0.0004939627594627,-5.774517704517676e-05,-0.0004376907448107,-0.000570083028083,-0.0006508523809523,-0.0006654277411477,-0.0004621775335775,-0.0004797461538461,-0.0005068715506715
-0.0005221217094017,-0.0004763426129426,-0.000413619047619,0.000496993064713,-5.470566544566516e-05,-0.0004437698168498,-0.0005639858363858,-0.0006508523809523,-0.0006654277411477,-0.0004621775335775,-0.0004827634920634,-0.0005129062271062
-0.0005342642246642,-0.0004733086691086,-0.0003953714285714,0.0005030536752136,-6.990322344322315e-05,-0.0004346512087912,-0.0005578886446886,-0.0006447698412698,-0.0006593784615384,-0.0004561355311355,-0.0004767288156288,-0.0005038542124542
-0.0005494423687423,-0.0004702747252747,-0.0003771238095238,0.0005091142857142,-8.510078144078116e-05,-0.000422493064713,-0.00055484004884,-0.0006386873015873,-0.0006563538217338,-0.0004500935286935,-0.0004706941391941,-0.0004917848595848
-0.0005464067399267,-0.0004702747252747,-0.000380165079365,0.0005060839804639,-8.206126984126955e-05,-0.0004255326007326,-0.00055484004884,-0.0006417285714285,-0.0006563538217338,-0.0004470725274725,-0.0004676768009768,-0.0004887675213675
-0.0005433711111111,-0.0004763426129426,-0.0003892888888888,0.0005091142857142,-7.598224664224636e-05,-0.0004316116727716,-0.0005578886446886,-0.0006447698412698,-0.0006593784615384,-0.0004531145299145,-0.0004737114774114,-0.0004978195360195
-0.0005464067399267,-0.0004763426129426,-0.0003862476190476,0.0005091142857142,-7.902175824175796e-05,-0.0004316116727716,-0.00055484004884,-0.0006447698412698,-0.0006624031013431,-0.0004561355311355,-0.0004737114774114,-0.0004978195360195
-0.0005524779975579,-0.0004702747252747,-0.0003740825396825,0.0005091142857142,-8.814029304029276e-05,-0.000422493064713,-0.00055484004884,-0.0006447698412698,-0.0006624031013431,-0.0004500935286935,-0.0004676768009768,-0.0004948021978021
-0.0005524779975579,-0.0004702747252747,-0.0003771238095238,0.0005091142857142,-8.814029304029276e-05,-0.000422493064713,-0.0005609372405372,-0.0006478111111111,-0.0006624031013431,-0.0004531145299145,-0.0004706941391941,-0.0004948021978021
-0.0005464067399267,-0.0004702747252747,-0.0003832063492063,0.0005060839804639,-8.206126984126955e-05,-0.0004255326007326,-0.0005639858363858,-0.0006508523809523,-0.0006624031013431,-0.0004591565323565,-0.0004737114774114,-0.0004978195360195
-0.0005342642246642,-0.0004672407814407,-0.0003892888888888,0.0005000233699633,-7.294273504273476e-05,-0.0004285721367521,-0.0005639858363858,-0.0006538936507936,-0.0006684523809523,-0.0004621775335775,-0.0004797461538461,-0.0005038542124542
-0.0005372998534798,-0.0004642068376068,-0.0003832063492063,0.0005000233699633,-7.598224664224636e-05,-0.000422493064713,-0.0005578886446886,-0.0006508523809523,-0.0006654277411477,-0.0004591565323565,-0.0004797461538461,-0.0005038542124542
-0.0005464067399267,-0.0004642068376068,-0.0003710412698412,0.0005030536752136,-8.814029304029276e-05,-0.0004164139926739,-0.00055484004884,-0.0006478111111111,-0.0006593784615384,-0.0004561355311355,-0.0004767288156288,-0.0005008368742368
-0.0005494423687423,-0.0004733086691086,-0.0003771238095238,0.0005091142857142,-8.510078144078116e-05,-0.0004255326007326,-0.00055484004884,-0.0006447698412698,-0.0006563538217338,-0.0004531145299145,-0.0004737114774114,-0.0005008368742368
-0.0005433711111111,-0.0004824105006105,-0.0003892888888888,0.0005121445909645,-7.598224664224636e-05,-0.0004346512087912,-0.0005578886446886,-0.0006447698412698,-0.0006563538217338,-0.0004531145299145,-0.0004706941391941,-0.0004978195360195
-0.0005372998534798,-0.0004793765567765,-0.0003984126984126,0.0005060839804639,-6.990322344322315e-05,-0.0004376907448107,-0.0005609372405372,-0.0006447698412698,-0.0006593784615384,-0.0004531145299145,-0.0004706941391941,-0.0004978195360195
-0.0005433711111111,-0.0004763426129426,-0.0003862476190476,0.0005091142857142,-7.902175824175796e-05,-0.0004316116727716,-0.0005578886446886,-0.0006478111111111,-0.0006563538217338,-0.0004500935286935,-0.0004676768009768,-0.0004917848595848
-0.0005464067399267,-0.0004702747252747,-0.0003771238095238,0.0005060839804639,-8.510078144078116e-05,-0.000422493064713,-0.0005609372405372,-0.0006478111111111,-0.0006563538217338,-0.0004500935286935,-0.0004646594627594,-0.0004887675213675
-0.0005464067399267,-0.0004672407814407,-0.0003771238095238,0.0005060839804639,-8.510078144078116e-05,-0.000422493064713,-0.0005639858363858,-0.0006478111111111,-0.0006563538217338,-0.0004500935286935,-0.0004646594627594,-0.0004887675213675
-0.0005433711111111,-0.0004672407814407,-0.000380165079365,0.0005030536752136,-8.206126984126955e-05,-0.000422493064713,-0.0005670344322344,-0.0006478111111111,-0.0006593784615384,-0.0004561355311355,-0.0004676768009768,-0.0004948021978021
-0.0005372998534798,-0.0004672407814407,-0.0003862476190476,0.0005000233699633,-7.598224664224636e-05,-0.0004255326007326,-0.0005670344322344,-0.0006508523809523,-0.0006654277411477,-0.0004591565323565,-0.0004737114774114,-0.0005008368742368
-0.0005372998534798,-0.0004702747252747,-0.0003892888888888,0.0005030536752136,-7.294273504273476e-05,-0.0004285721367521,-0.0005670344322344,-0.0006508523809523,-0.0006684523809523,-0.0004591565323565,-0.0004767288156288,-0.0005008368742368
-0.0005433711111111,-0.0004733086691086,-0.0003862476190476,0.0005060839804639,-7.902175824175796e-05,-0.0004285721367521,-0.0005670344322344,-0.0006538936507936,-0.0006654277411477,-0.0004591565323565,-0.0004737114774114,-0.0005008368742368
-0.0005403354822954,-0.0004763426129426,-0.0003923301587301,0.0005060839804639,-7.294273504273476e-05,-0.0004346512087912,-0.000570083028083,-0.0006538936507936,-0.0006654277411477,-0.0004591565323565,-0.0004737114774114,-0.0005008368742368
-0.0005433711111111,-0.0004702747252747,-0.000380165079365,0.0005060839804639,-8.206126984126955e-05,-0.0004255326007326,-0.0005670344322344,-0.0006508523809523,-0.0006624031013431,-0.0004531145299145,-0.0004676768009768,-0.0004978195360195
-0.0005676561416361,-0.0004702747252747,-0.0003558349206349,0.0005182052014652,-0.0001063773626373,-0.0004133744566544,-0.0005578886446886,-0.0006417285714285,-0.0006563538217338,-0.0004470725274725,-0.0004616421245421,-0.0004917848595848
-0.0005615848840048,-0.0004702747252747,-0.0003649587301587,0.0005151748962148,-9.725882783882755e-05,-0.0004164139926739,-0.0005578886446886,-0.0006478111111111,-0.0006624031013431,-0.0004531145299145,-0.0004676768009768,-0.0004978195360195
-0.0005251573382173,-0.0004763426129426,-0.0004075365079365,0.0005000233699633,-5.774517704517676e-05,-0.0004407302808302,-0.0005670344322344,-0.0006538936507936,-0.000671477020757,-0.0004621775335775,-0.0004797461538461,-0.0005068715506715
-0.0005251573382173,-0.0004733086691086,-0.0004075365079365,0.000496993064713,-5.774517704517676e-05,-0.0004407302808302,-0.000570083028083,-0.0006538936507936,-0.000671477020757,-0.0004621775335775,-0.0004737114774114,-0.0004978195360195
-0.0005403354822954,-0.0004672407814407,-0.0003832063492063,0.0005030536752136,-7.902175824175796e-05,-0.0004255326007326,-0.0005670344322344,-0.0006508523809523,-0.0006654277411477,-0.0004561355311355,-0.0004646594627594,-0.0004917848595848
-0.0005403354822954,-0.0004672407814407,-0.0003862476190476,0.0005030536752136,-7.598224664224636e-05,-0.0004255326007326,-0.0005670344322344,-0.0006508523809523,-0.0006684523809523,-0.0004591565323565,-0.0004676768009768,-0.0004948021978021
-0.0005312285958485,-0.0004672407814407,-0.0003953714285714,0.000496993064713,-6.686371184371155e-05,-0.0004316116727716,-0.0005731316239316,-0.0006569349206349,-0.0006745016605616,-0.0004651985347985,-0.0004737114774114,-0.0005008368742368
-0.0005464067399267,-0.0004672407814407,-0.0003771238095238,0.0005060839804639,-8.510078144078116e-05,-0.000422493064713,-0.000570083028083,-0.0006538936507936,-0.0006684523809523,-0.0004621775335775,-0.0004706941391941,-0.0004978195360195
-0.0005615848840048,-0.0004702747252747,-0.0003588761904761,0.0005151748962148,-0.0001002983394383,-0.0004133744566544,-0.0005609372405372,-0.0006447698412698,-0.0006593784615384,-0.0004500935286935,-0.0004616421245421,-0.0004857501831501
-0.0005433711111111,-0.0004702747252747,-0.0003832063492063,0.0005060839804639,-7.902175824175796e-05,-0.0004255326007326,-0.0005639858363858,-0.0006447698412698,-0.0006593784615384,-0.0004531145299145,-0.0004616421245421,-0.0004857501831501
-0.0005281929670329,-0.0004733086691086,-0.0004014539682539,0.0005000233699633,-6.382420024419996e-05,-0.0004376907448107,-0.0005639858363858,-0.0006417285714285,-0.0006624031013431,-0.0004561355311355,-0.0004676768009768,-0.0004917848595848
-0.0005403354822954,-0.0004642068376068,-0.0003832063492063,0.0005000233699633,-7.902175824175796e-05,-0.000422493064713,-0.0005517914529914,-0.000635646031746,-0.0006563538217338,-0.0004500935286935,-0.0004616421245421,-0.0004887675213675
-0.0005433711111111,-0.000452071062271,-0.0003649587301587,0.000496993064713,-8.814029304029276e-05,-0.0004072953846153,-0.0005426456654456,-0.0006295634920634,-0.0006503045421245,-0.0004440515262515,-0.0004556074481074,-0.0004827328449328
-0.0005342642246642,-0.0004460031746031,-0.0003679999999999,0.0004879021489621,-8.206126984126955e-05,-0.0004072953846153,-0.0005426456654456,-0.0006295634920634,-0.0006472799023199,-0.0004440515262515,-0.0004556074481074,-0.0004827328449328
-0.0005221217094017,-0.0004399352869352,-0.0003740825396825,0.0004788112332112,-7.294273504273476e-05,-0.0004072953846153,-0.0005426456654456,-0.0006265222222222,-0.0006442552625152,-0.0004440515262515,-0.0004556074481074,-0.0004827328449328
-0.000519086080586,-0.0004277995115995,-0.0003649587301587,0.0004727506227106,-7.598224664224636e-05,-0.0003951372405372,-0.0005334998778998,-0.0006113158730158,-0.0006351813431013,-0.0004349885225885,-0.0004495727716727,-0.0004766981684981
-0.0005099791941391,-0.0004095958485958,-0.0003558349206349,0.000457599096459,-7.598224664224636e-05,-0.000382979096459,-0.0005182568986568,-0.0005930682539682,-0.0006200581440781,-0.0004198835164835,-0.0004405207570207,-0.0004706634920634
-0.0005069435653235,-0.0003913921855921,-0.0003406285714285,0.0004485081807081,-8.206126984126955e-05,-0.0003647418803418,-0.0005060625152625,-0.0005809031746031,-0.0006049349450549,-0.0004077995115995,-0.0004284514041514,-0.0004585941391941
-0.0004978366788766,-0.0003792564102564,-0.0003375873015873,0.0004363869597069,-7.902175824175796e-05,-0.0003586628083028,-0.0005182568986568,-0.0005778619047619,-0.0006019103052503,-0.0004047785103785,-0.0004224167277167,-0.0004555768009768
-0.0004856941636141,-0.0003731885225885,-0.0003436698412698,0.000427296043956,-6.990322344322315e-05,-0.0003586628083028,-0.0005274026862026,-0.0005717793650793,-0.0005988856654456,-0.0004047785103785,-0.0004224167277167,-0.0004555768009768
-0.0004856941636141,-0.0003640866910866,-0.000334546031746,0.0004242657387057,-7.598224664224636e-05,-0.0003495442002442,-0.000539597069597,-0.000568738095238,-0.000595861025641,-0.0003987365079365,-0.0004193993894993,-0.0004495421245421
-0.0004917654212454,-0.0003701545787545,-0.000334546031746,0.0004303263492063,-7.902175824175796e-05,-0.0003525837362637,-0.0005639858363858,-0.0005839444444444,-0.0006019103052503,-0.0003987365079365,-0.000416382051282,-0.0004465247863247
-0.0004978366788766,-0.0003883582417582,-0.0003497523809523,0.0004424475702075,-7.294273504273476e-05,-0.0003677814163614,-0.0005914231990231,-0.0006082746031746,-0.0006140088644688,-0.0004077995115995,-0.000425434065934,-0.0004495421245421
-0.0004978366788766,-0.0004035279609279,-0.0003619174603174,0.0004485081807081,-6.686371184371155e-05,-0.000382979096459,-0.0005975203907203,-0.0006143571428571,-0.0006230827838827,-0.0004108205128205,-0.0004284514041514,-0.0004525594627594
-0.0004978366788766,-0.0004247655677655,-0.000380165079365,0.0004606294017094,-5.774517704517676e-05,-0.0004012163125763,-0.0005975203907203,-0.0006234809523809,-0.0006412306227106,-0.0004259255189255,-0.0004405207570207,-0.0004646288156288
-0.0005069435653235,-0.000452071062271,-0.0004014539682539,0.0004788112332112,-5.166615384615356e-05,-0.0004255326007326,-0.0005944717948717,-0.0006386873015873,-0.0006624031013431,-0.0004470725274725,-0.0004586247863247,-0.0004827328449328
-0.0005099791941391,-0.000452071062271,-0.0003984126984126,0.0004788112332112,-5.470566544566516e-05,-0.0004255326007326,-0.0005914231990231,-0.000635646031746,-0.0006624031013431,-0.0004470725274725,-0.0004586247863247,-0.0004827328449328
-0.0005069435653235,-0.0004399352869352,-0.0003862476190476,0.0004727506227106,-6.078468864468836e-05,-0.0004133744566544,-0.0005975203907203,-0.000635646031746,-0.0006593784615384,-0.0004440515262515,-0.0004556074481074,-0.0004766981684981
-0.0005130148229548,-0.0004490371184371,-0.0003892888888888,0.0004788112332112,-6.078468864468836e-05,-0.0004194535286935,-0.0006066661782661,-0.0006417285714285,-0.0006654277411477,-0.0004500935286935,-0.0004586247863247,-0.0004766981684981
-0.000519086080586,-0.0004642068376068,-0.0003984126984126,0.0004909324542124,-6.078468864468836e-05,-0.0004316116727716,-0.0006005689865689,-0.0006478111111111,-0.0006775263003663,-0.0004591565323565,-0.0004646594627594,-0.0004857501831501
-0.0005130148229548,-0.0004733086691086,-0.000413619047619,0.0004909324542124,-4.862664224664196e-05,-0.0004437698168498,-0.0006005689865689,-0.0006569349206349,-0.0006896248595848,-0.0004712405372405,-0.0004767288156288,-0.0004978195360195
-0.0005160504517704,-0.0004763426129426,-0.000413619047619,0.0004939627594627,-5.166615384615356e-05,-0.0004437698168498,-0.0005975203907203,-0.0006630174603174,-0.0006926494993894,-0.0004742615384615,-0.0004797461538461,-0.0005038542124542
-0.0005221217094017,-0.0004824105006105,-0.0004166603174603,0.0005000233699633,-5.166615384615356e-05,-0.0004498488888888,-0.0005914231990231,-0.0006660587301587,-0.0006896248595848,-0.0004742615384615,-0.0004797461538461,-0.0005008368742368
-0.0005372998534798,-0.0004975802197802,-0.0004166603174603,0.0005151748962148,-6.078468864468836e-05,-0.0004559279609279,-0.000585326007326,-0.0006630174603174,-0.0006835755799755,-0.0004712405372405,-0.0004827634920634,-0.0005038542124542
-0.0005646205128205,-0.0005157838827838,-0.0004044952380952,0.0005394173382173,-7.902175824175796e-05,-0.0004589674969474,-0.0005761802197802,-0.0006660587301587,-0.0006835755799755,-0.0004712405372405,-0.0004827634920634,-0.0005068715506715
-0.0005706917704517,-0.0005188178266178,-0.0004075365079365,0.0005424476434676,-8.206126984126955e-05,-0.000462007032967,-0.0005761802197802,-0.0006721412698412,-0.0006926494993894,-0.0004803035409035,-0.0004887981684981,-0.0005098888888888
-0.0005555136263736,-0.0005127499389499,-0.000413619047619,0.0005333567277167,-6.990322344322315e-05,-0.000462007032967,-0.0005822774114774,-0.0006782238095238,-0.0006986987789987,-0.0004893665445665,-0.0004948328449328,-0.0005159235653235
-0.0005555136263736,-0.000506682051282,-0.0004075365079365,0.0005303264224664,-7.294273504273476e-05,-0.0004559279609279,-0.000585326007326,-0.000681265079365,-0.0007017234188034,-0.0004893665445665,-0.0004978501831501,-0.0005159235653235
-0.0005646205128205,-0.000506682051282,-0.0003984126984126,0.0005333567277167,-8.206126984126955e-05,-0.0004528884249084,-0.0005883746031746,-0.0006782238095238,-0.0007017234188034,-0.0004893665445665,-0.0004948328449328,-0.0005129062271062
-0.0005676561416361,-0.0005097159951159,-0.0003984126984126,0.000536387032967,-8.510078144078116e-05,-0.0004528884249084,-0.0005822774114774,-0.0006782238095238,-0.0006956741391941,-0.0004863455433455,-0.0004918155067155,-0.0005098888888888
-0.0005706917704517,-0.0005097159951159,-0.0003923301587301,0.0005394173382173,-8.814029304029276e-05,-0.0004498488888888,-0.0005792288156288,-0.0006751825396825,-0.0006926494993894,-0.0004833245421245,-0.0004887981684981,-0.0005098888888888
-0.0005706917704517,-0.000506682051282,-0.0003923301587301,0.000536387032967,-8.814029304029276e-05,-0.0004498488888888,-0.0005761802197802,-0.0006721412698412,-0.0006866002197802,-0.0004803035409035,-0.0004887981684981,-0.0005098888888888
-0.0005615848840048,-0.0005127499389499,-0.0004075365079365,0.000536387032967,-7.598224664224636e-05,-0.0004589674969474,-0.0005761802197802,-0.0006751825396825,-0.0006896248595848,-0.0004803035409035,-0.0004918155067155,-0.0005159235653235
-0.0005555136263736,-0.0005097159951159,-0.0004075365079365,0.0005303264224664,-7.294273504273476e-05,-0.0004589674969474,-0.0005792288156288,-0.0006690999999999,-0.0006805509401709,-0.0004742615384615,-0.0004827634920634,-0.0005068715506715
-0.0005646205128205,-0.0005006141636141,-0.0003923301587301,0.0005303264224664,-8.510078144078116e-05,-0.0004468093528693,-0.000585326007326,-0.0006660587301587,-0.0006775263003663,-0.0004682195360195,-0.0004737114774114,-0.0004978195360195
-0.0005737273992673,-0.0004975802197802,-0.0003740825396825,0.0005333567277167,-0.0001002983394383,-0.0004346512087912,-0.0005822774114774,-0.0006690999999999,-0.0006775263003663,-0.0004651985347985,-0.0004706941391941,-0.0004917848595848
-0.0005706917704517,-0.0004884783882783,-0.0003710412698412,0.0005272961172161,-0.0001002983394383,-0.0004285721367521,-0.000585326007326,-0.0006782238095238,-0.0006835755799755,-0.0004712405372405,-0.0004737114774114,-0.0004978195360195
-0.0005585492551892,-0.0004793765567765,-0.0003740825396825,0.0005182052014652,-9.117980463980436e-05,-0.0004255326007326,-0.0005883746031746,-0.0006721412698412,-0.0006745016605616,-0.0004682195360195,-0.0004767288156288,-0.0005008368742368
-0.0005555136263736,-0.0004672407814407,-0.0003679999999999,0.0005091142857142,-9.421931623931596e-05,-0.0004164139926739,-0.0005792288156288,-0.0006265222222222,-0.0006261074236874,-0.0004470725274725,-0.0004767288156288,-0.0005068715506715
-0.0005494423687423,-0.0004065619047619,-0.0003132571428571,0.0004757809279609,-0.0001185354090354,-0.0003586628083028,-0.0005731316239316,-0.0005717793650793,-0.0005474667887667,-0.0003987365079365,-0.0004495727716727,-0.0005008368742368
-0.0005281929670329,-0.0002670004884004,-0.0001946476190476,0.0003969929914529,-0.0001671675946275,-0.0002310022954822,-0.0005883746031746,-0.0004805412698412,-0.0004174072771672,-0.0002930014652014,-0.0003711219780219,-0.0004495421245421
-0.0004462309890109,-6.979413919413899e-05,-8.212063492063482e-05,0.0002575989499389,-0.0001823651526251,-7.598595848595852e-05,-0.0006371521367521,-0.0003710555555555,-0.0002419781684981,-0.0001117413919413,-0.0002353417582417,-0.0003620393162393
-0.0003156989499389,0.0001971929181929,5.169523809523818e-05,5.759880341880346e-05,-0.0001823651526251,0.0001246234188034,-0.0007499501831501,-0.0003953857142857,-5.7475140415140494e-05,0.0001390017094017,-1.8093406593406748e-05,-0.0001930683760683
-0.0001548106227106,0.0005612661782661,0.0002554603174603,-0.0002030074481074,-0.0002036417338217,0.0004073002686202,-0.0009968864468864,-0.0006782238095238,8.468293040293032e-05,0.0004441228327228,0.0002957097680097,8.15094017094011e-05
3.339836385836358e-05,0.0008889321123321,0.0003862349206349,-0.0004605833943833,-0.0001762861294261,0.000638305006105,-0.0013474749694749,-0.0010583825396825,9.980612942612936e-05,0.0007220549450549,0.0006155476190476,0.0003862605616605
0.0001821441758241,0.00111041001221,0.0004592253968253,-0.000645432014652,-0.0001367724786324,0.0007842027350427,-0.0016980634920634,-0.0013929222222222,9.066935286935206e-06,0.000894252014652,0.000859952014652,0.0006517863247863
0.0002337498656898,0.001055799023199,0.0003558222222222,-0.0006424017094017,-6.078468864468836e-05,0.0007051747985347,-0.0018931736263736,-0.001593646031746,-0.0002298796092796,0.0007643489621489,0.0008388306471306,0.0007362717948717
8.500405372405345e-05,0.0004975533577533,-4.866666666666657e-05,-0.0002908863003663,6.687479853479882e-05,0.0002249281074481,-0.0017925699633699,-0.001706173015873,-0.0006986987789987,0.0002054637362637,0.0004224379731379,0.0004918673992673
-0.000200345054945,-1.821709401709382e-05,-0.0002737206349206,0.0001091139926739,3.647968253968283e-05,-0.0001458952869352,-0.001573071062271,-0.0019129793650793,-0.0011675179487179,-0.0003413374847374,1.2079975579975424e-05,0.0002233242979242
-0.0004249815873015,-0.000236661050061,-0.000267638095238,0.0003303262759462,-7.902175824175796e-05,-0.000252279047619,-0.0013840581196581,-0.001976846031746,-0.0013822673748473,-0.0006192695970695,-0.0002142203907203,6.038803418803358e-05
-0.0005403354822954,-0.0003944261294261,-0.0003041333333333,0.00046669001221,-0.0001185354090354,-0.0003495442002442,-0.0012285797313797,-0.0017669984126984,-0.001342947057387,-0.0007008366300366,-0.0003560352869352,-9.651355311355373e-05
-0.000576763028083,-0.000455105006105,-0.000334546031746,0.0005151748962148,-0.0001215749206349,-0.0003951372405372,-0.0011035873015873,-0.0014963253968253,-0.001191715067155,-0.0006645846153846,-0.0004133647130647,-0.000217207081807
-0.0005706917704517,-0.000455105006105,-0.0003436698412698,0.0005121445909645,-0.0001124563858363,-0.0003981767765567,-0.0009633518925518,-0.0012408587301587,-0.0010344337973137,-0.0005981225885225,-0.000425434065934,-0.0002896231990231
-0.0005676561416361,-0.0004611728937728,-0.0003497523809523,0.0005121445909645,-0.0001094168742368,-0.0004042558485958,-0.0008048249084249,-0.0010005984126984,-0.0009013496459096,-0.0005407235653235,-0.000434486080586,-0.0003499699633699
-0.0005585492551892,-0.0004581389499389,-0.0003527936507936,0.0005060839804639,-0.0001033378510378,-0.0004042558485958,-0.0006767838827838,-0.0008029158730158,-0.0007924626129426,-0.0004923875457875,-0.0004405207570207,-0.0004012647130647
-0.0005342642246642,-0.0004277995115995,-0.0003497523809523,0.0004788112332112,-9.117980463980436e-05,-0.0003890581684981,-0.0006005689865689,-0.0006782238095238,-0.0007107973382173,-0.0004531145299145,-0.0004284514041514,-0.0004193687423687
-0.0005312285958485,-0.0004126297924297,-0.0003375873015873,0.0004697203174603,-9.725882783882755e-05,-0.0003738604884004,-0.000570083028083,-0.0006204396825396,-0.0006654277411477,-0.0004319675213675,-0.0004224167277167,-0.0004254034188034
-0.0005494423687423,-0.0004186976800976,-0.0003284634920634,0.0004818415384615,-0.0001094168742368,-0.0003738604884004,-0.0005487428571428,-0.0005961095238095,-0.0006533291819291,-0.0004319675213675,-0.0004284514041514,-0.0004374727716727
-0.0005251573382173,-0.0004156637362637,-0.0003467111111111,0.0004697203174603,-8.814029304029276e-05,-0.0003799395604395,-0.0005456942612942,-0.0005809031746031,-0.0006533291819291,-0.0004380095238095,-0.0004375034188034,-0.0004465247863247
-0.0005099791941391,-0.0004247655677655,-0.0003740825396825,0.00046669001221,-6.686371184371155e-05,-0.0003981767765567,-0.0005456942612942,-0.0005717793650793,-0.0006503045421245,-0.0004470725274725,-0.0004525901098901,-0.0004646288156288
-0.0005130148229548,-0.0004369013431013,-0.000380165079365,0.0004727506227106,-6.686371184371155e-05,-0.0004072953846153,-0.0005334998778998,-0.0005596142857142,-0.0006472799023199,-0.0004500935286935,-0.0004616421245421,-0.0004766981684981
-0.000519086080586,-0.0004369013431013,-0.0003771238095238,0.0004757809279609,-6.990322344322315e-05,-0.0004072953846153,-0.000524354090354,-0.0005504904761904,-0.0006382059829059,-0.0004500935286935,-0.0004646594627594,-0.0004827328449328
-0.0005221217094017,-0.0004338673992673,-0.0003679999999999,0.0004757809279609,-7.598224664224636e-05,-0.0004012163125763,-0.0005182568986568,-0.0005413666666666,-0.000629132063492,-0.0004470725274725,-0.0004616421245421,-0.0004797155067155
-0.0005312285958485,-0.0004369013431013,-0.0003619174603174,0.0004818415384615,-8.510078144078116e-05,-0.0003981767765567,-0.0005060625152625,-0.000523119047619,-0.0006170335042735,-0.0004349885225885,-0.0004556074481074,-0.0004736808302808
-0.0005281929670329,-0.0004460031746031,-0.0003710412698412,0.0004848718437118,-7.902175824175796e-05,-0.0004072953846153,-0.0005030139194139,-0.0005139952380952,-0.0006140088644688,-0.0004380095238095,-0.0004616421245421,-0.0004797155067155
-0.0005099791941391,-0.0004460031746031,-0.0003923301587301,0.0004757809279609,-5.774517704517676e-05,-0.0004194535286935,-0.0005091111111111,-0.0005139952380952,-0.0006140088644688,-0.0004410305250305,-0.0004646594627594,-0.0004887675213675
-0.0005099791941391,-0.0004429692307692,-0.0003892888888888,0.0004757809279609,-6.078468864468836e-05,-0.0004164139926739,-0.0005091111111111,-0.0005139952380952,-0.0006140088644688,-0.0004410305250305,-0.0004646594627594,-0.0004887675213675
-0.000519086080586,-0.0004399352869352,-0.0003771238095238,0.0004788112332112,-6.990322344322315e-05,-0.0004072953846153,-0.0005030139194139,-0.0005048714285714,-0.0006079595848595,-0.0004349885225885,-0.0004586247863247,-0.0004827328449328
-0.0005130148229548,-0.0004308334554334,-0.0003710412698412,0.0004697203174603,-6.990322344322315e-05,-0.0004012163125763,-0.0005030139194139,-0.0004957476190476,-0.0006019103052503,-0.0004289465201465,-0.0004525901098901,-0.0004766981684981
-0.0005281929670329,-0.0004338673992673,-0.0003558349206349,0.0004788112332112,-8.510078144078116e-05,-0.0003951372405372,-0.0004999653235653,-0.0004835825396825,-0.0005988856654456,-0.0004259255189255,-0.0004495727716727,-0.0004706634920634
-0.0005312285958485,-0.0004338673992673,-0.0003558349206349,0.0004818415384615,-8.814029304029276e-05,-0.0003951372405372,-0.0005060625152625,-0.000489665079365,-0.0006049349450549,-0.0004319675213675,-0.0004525901098901,-0.0004736808302808
-0.0005251573382173,-0.0004308334554334,-0.0003588761904761,0.0004757809279609,-8.206126984126955e-05,-0.0003951372405372,-0.0005121597069597,-0.0004927063492063,-0.0006109842246642,-0.0004380095238095,-0.0004525901098901,-0.0004797155067155
-0.0005312285958485,-0.0004186976800976,-0.0003436698412698,0.0004727506227106,-9.421931623931596e-05,-0.0003799395604395,-0.0005121597069597,-0.0004835825396825,-0.0006019103052503,-0.0004289465201465,-0.0004465554334554,-0.0004736808302808
-0.0005221217094017,-0.0004156637362637,-0.0003497523809523,0.00046669001221,-8.510078144078116e-05,-0.000382979096459,-0.0004999653235653,-0.0004683761904761,-0.0005867871062271,-0.0004168625152625,-0.0004405207570207,-0.0004676461538461
-0.0005039079365079,-0.0004277995115995,-0.0003832063492063,0.0004636597069597,-6.078468864468836e-05,-0.0004042558485958,-0.0004999653235653,-0.0004683761904761,-0.0005867871062271,-0.0004229045177045,-0.0004495727716727,-0.0004736808302808
-0.000494801050061,-0.0004429692307692,-0.0004014539682539,0.00046669001221,-4.558713064713037e-05,-0.000422493064713,-0.0005030139194139,-0.0004653349206349,-0.0005928363858363,-0.0004319675213675,-0.0004616421245421,-0.0004827328449328
-0.0004978366788766,-0.0004399352869352,-0.0003953714285714,0.00046669001221,-5.166615384615356e-05,-0.0004164139926739,-0.0005030139194139,-0.0004592523809523,-0.0005928363858363,-0.0004319675213675,-0.0004676768009768,-0.0004887675213675
-0.0005039079365079,-0.0004308334554334,-0.0003832063492063,0.00046669001221,-6.078468864468836e-05,-0.0004072953846153,-0.0004999653235653,-0.0004470873015873,-0.0005898117460317,-0.0004289465201465,-0.0004616421245421,-0.0004827328449328
-0.0005008723076923,-0.0004277995115995,-0.0003832063492063,0.0004636597069597,-5.774517704517676e-05,-0.0004042558485958,-0.0004969167277167,-0.0004379634920634,-0.0005837624664224,-0.0004289465201465,-0.0004616421245421,-0.0004827328449328
-0.0005008723076923,-0.0004338673992673,-0.0003862476190476,0.00046669001221,-5.774517704517676e-05,-0.0004103349206349,-0.0004969167277167,-0.0004288396825396,-0.0005777131868131,-0.0004289465201465,-0.0004676768009768,-0.0004887675213675
-0.0005160504517704,-0.0004460031746031,-0.0003832063492063,0.0004788112332112,-6.686371184371155e-05,-0.0004133744566544,-0.0004847223443223,-0.0004197158730158,-0.0005716639072039,-0.0004198835164835,-0.0004616421245421,-0.0004857501831501
-0.000519086080586,-0.0004429692307692,-0.000380165079365,0.0004788112332112,-6.990322344322315e-05,-0.0004103349206349,-0.0004725279609279,-0.0004075507936507,-0.0005595653479853,-0.0004138415140415,-0.0004556074481074,-0.0004766981684981
-0.0005130148229548,-0.0004399352869352,-0.000380165079365,0.0004757809279609,-6.686371184371155e-05,-0.0004103349206349,-0.0004755765567765,-0.0004014682539682,-0.0005625899877899,-0.0004198835164835,-0.0004586247863247,-0.0004797155067155
-0.0005099791941391,-0.0004308334554334,-0.0003771238095238,0.0004697203174603,-6.686371184371155e-05,-0.0004042558485958,-0.0004816737484737,-0.0003953857142857,-0.0005595653479853,-0.0004138415140415,-0.0004525901098901,-0.0004766981684981
-0.0005008723076923,-0.0004277995115995,-0.0003832063492063,0.0004636597069597,-5.774517704517676e-05,-0.0004042558485958,-0.0004847223443223,-0.0003893031746031,-0.000553516068376,-0.0004138415140415,-0.0004525901098901,-0.0004766981684981
-0.000494801050061,-0.0004338673992673,-0.0003984126984126,0.0004636597069597,-4.862664224664196e-05,-0.0004164139926739,-0.0004786251526251,-0.0003740968253968,-0.0005474667887667,-0.0004138415140415,-0.0004586247863247,-0.0004827328449328
-0.0004978366788766,-0.0004308334554334,-0.0003892888888888,0.0004636597069597,-5.470566544566516e-05,-0.0004103349206349,-0.0004786251526251,-0.000364973015873,-0.0005474667887667,-0.0004138415140415,-0.0004586247863247,-0.0004857501831501
-0.0005039079365079,-0.0004186976800976,-0.0003649587301587,0.0004606294017094,-6.990322344322315e-05,-0.0003920977045177,-0.0004725279609279,-0.0003558492063492,-0.0005444421489621,-0.0004077995115995,-0.0004495727716727,-0.0004766981684981
-0.0005008723076923,-0.0004035279609279,-0.0003588761904761,0.0004515384859584,-6.990322344322315e-05,-0.0003799395604395,-0.0004725279609279,-0.0003345603174603,-0.0005323435897435,-0.0003987365079365,-0.000443538095238,-0.0004706634920634
-0.000494801050061,-0.0004126297924297,-0.0003740825396825,0.0004515384859584,-6.078468864468836e-05,-0.0003920977045177,-0.0004755765567765,-0.0003254365079365,-0.0005232696703296,-0.0003987365079365,-0.000443538095238,-0.0004766981684981
-0.0004856941636141,-0.0004308334554334,-0.0003984126984126,0.000457599096459,-4.254761904761877e-05,-0.0004133744566544,-0.0004694793650793,-0.0003163126984126,-0.0005262943101343,-0.0004017575091575,-0.0004525901098901,-0.0004827328449328
-0.0004856941636141,-0.0004277995115995,-0.0003984126984126,0.0004545687912087,-4.254761904761877e-05,-0.0004133744566544,-0.0004633821733821,-0.0002950238095238,-0.0005141957509157,-0.0003926945054945,-0.0004465554334554,-0.0004766981684981
-0.0004887297924297,-0.0004126297924297,-0.0003832063492063,0.0004485081807081,-5.166615384615356e-05,-0.0003981767765567,-0.0004603335775335,-0.0002737349206349,-0.0005051218315018,-0.0003866525030525,-0.000434486080586,-0.0004646288156288
-0.0004765872771672,-0.0004035279609279,-0.0003832063492063,0.0004394172649572,-4.558713064713037e-05,-0.0003920977045177,-0.0004664307692307,-0.0002554873015873,-0.0005020971916971,-0.0003836315018315,-0.0004314687423687,-0.0004616114774114
-0.0004492666178266,-0.0003944261294261,-0.0004014539682539,0.0004212354334554,-2.4310549450549165e-05,-0.0003981767765567,-0.0004755765567765,-0.0002433222222222,-0.0005020971916971,-0.0003836315018315,-0.0004375034188034,-0.0004646288156288
-0.0004431953601953,-0.0003883582417582,-0.0003984126984126,0.0004151748229548,-2.1271037851037568e-05,-0.0003920977045177,-0.0004664307692307,-0.0002250746031746,-0.0004960479120879,-0.0003836315018315,-0.0004375034188034,-0.0004646288156288
-0.0004523022466422,-0.0003792564102564,-0.0003832063492063,0.0004151748229548,-3.342908424908396e-05,-0.0003799395604395,-0.0004511877899877,-0.0002037857142857,-0.0004839493528693,-0.0003775894993894,-0.000434486080586,-0.0004676461538461
-0.0004614091330891,-0.0003701545787545,-0.0003619174603174,0.0004151748229548,-4.862664224664196e-05,-0.0003647418803418,-0.0004389934065934,-0.0001764142857142,-0.0004748754334554,-0.0003715474969474,-0.0004284514041514,-0.0004646288156288
-0.0004644447619047,-0.0003640866910866,-0.0003588761904761,0.0004121445177045,-5.166615384615356e-05,-0.0003617023443223,-0.0004359448107448,-0.0001520841269841,-0.0004688261538461,-0.0003655054945054,-0.0004224167277167,-0.0004555768009768
-0.0004523022466422,-0.0003580188034188,-0.0003619174603174,0.0004030536019536,-4.558713064713037e-05,-0.0003586628083028,-0.0004389934065934,-0.0001277539682539,-0.0004537029548229,-0.0003564424908424,-0.000416382051282,-0.0004525594627594
-0.0004431953601953,-0.0003519509157509,-0.0003619174603174,0.0003969929914529,-3.950810744810717e-05,-0.0003556232722832,-0.0004359448107448,-0.0001034238095238,-0.0004385797557997,-0.0003473794871794,-0.0004133647130647,-0.0004495421245421
-0.0004371241025641,-0.000342849084249,-0.0003558349206349,0.000387902075702,-3.950810744810717e-05,-0.0003495442002442,-0.0004328962148962,-7.909365079365048e-05,-0.0004295058363858,-0.0003443584859584,-0.00040733003663,-0.0004404901098901
-0.0004189103296703,-0.0003276793650793,-0.0003619174603174,0.0003727505494505,-2.735006105006077e-05,-0.0003434651282051,-0.0004359448107448,-5.78047619047616e-05,-0.0004264811965811,-0.0003413374847374,-0.0004043126984126,-0.0004284207570207
-0.0004098034432234,-0.0003125096459096,-0.0003497523809523,0.0003606293284493,-3.0389572649572364e-05,-0.0003313069841269,-0.000442042002442,-3.651587301587271e-05,-0.0004174072771672,-0.0003352954822954,-0.0003952606837606,-0.0004193687423687
-0.000412839072039,-0.000288238095238,-0.0003284634920634,0.0003485081074481,-4.254761904761877e-05,-0.0003069906959706,-0.0004389934065934,-1.2185714285713984e-05,-0.000402284078144,-0.0003201904761904,-0.0003771566544566,-0.0004012647130647
-0.0004098034432234,-0.0002761023199023,-0.0003193396825396,0.0003424474969474,-4.558713064713037e-05,-0.000297872087912,-0.0004328962148962,6.061904761905062e-06,-0.0003901855189255,-0.0003111274725274,-0.0003711219780219,-0.00039523003663
-0.0004098034432234,-0.0002609326007326,-0.0003041333333333,0.0003333565811965,-5.166615384615356e-05,-0.0002826744078144,-0.0004298476190476,2.4309523809524107e-05,-0.0003811115995115,-0.0003020644688644,-0.0003620699633699,-0.0003831606837606
-0.0004067678144078,-0.0002427289377289,-0.0002858857142857,0.0003242656654456,-6.078468864468836e-05,-0.0002644371916971,-0.000426799023199,4.2557142857143154e-05,-0.0003720376800976,-0.0002899804639804,-0.0003469832722832,-0.0003650566544566
-0.0003976609279609,-0.0002214913308913,-0.0002767619047619,0.0003091141391941,-6.078468864468836e-05,-0.0002492395115995,-0.0004328962148962,5.168095238095267e-05,-0.0003659884004884,-0.0002869594627594,-0.0003379312576312,-0.0003529873015873
-0.0003794471550671,-0.0002032876678876,-0.0002767619047619,0.0002909323076923,-5.166615384615356e-05,-0.0002401209035409,-0.0004481391941391,4.863968253968283e-05,-0.0003659884004884,-0.0002839384615384,-0.0003288792429792,-0.0003439352869352
-0.0003794471550671,-0.0001941858363858,-0.0002767619047619,0.0002848716971916,-5.166615384615356e-05,-0.0002340418315018,-0.0004511877899877,5.168095238095267e-05,-0.0003569144810744,-0.0002718544566544,-0.0003168098901098,-0.0003288485958485
-0.0003733758974358,-0.00018205006105,-0.0002645968253968,0.0002757807814407,-5.470566544566516e-05,-0.0002218836874236,-0.000442042002442,5.7763492063492365e-05,-0.0003448159218559,-0.0002567494505494,-0.0002987058608058,-0.0003077272283272
-0.0003703402686202,-0.0001699142857142,-0.000255473015873,0.0002697201709401,-5.774517704517676e-05,-0.000212765079365,-0.0004481391941391,4.863968253968283e-05,-0.0003448159218559,-0.0002476864468864,-0.0002866365079365,-0.0002926405372405
-0.0003703402686202,-0.0001638463980463,-0.0002524317460317,0.0002666898656898,-5.774517704517676e-05,-0.000206686007326,-0.0004664307692307,2.1268253968254267e-05,-0.0003599391208791,-0.0002567494505494,-0.0002926711843711,-0.0002926405372405
-0.0003673046398046,-0.0001486766788766,-0.0002402666666666,0.0002575989499389,-6.382420024419996e-05,-0.0001945278632478,-0.0004816737484737,-1.5226984126983825e-05,-0.0003780869597069,-0.0002658124542124,-0.0002926711843711,-0.0002896231990231
-0.0003673046398046,-0.000130473015873,-0.000222019047619,0.000248508034188,-7.294273504273476e-05,-0.0001762906471306,-0.0004877709401709,-4.868095238095208e-05,-0.0003841362393162,-0.0002688334554334,-0.0002896538461538,-0.0002835885225885
-0.0003915896703296,-0.000127439072039,-0.0001946476190476,0.0002575989499389,-9.725882783882755e-05,-0.0001610929670329,-0.0004847223443223,-7.605238095238064e-05,-0.0003811115995115,-0.0002567494505494,-0.0002745671550671,-0.0002685018315018
-0.0004219459584859,-0.0001365409035409,-0.0001733587301587,0.000278811086691,-0.0001246144322344,-0.0001550138949938,-0.0004847223443223,-0.0001125476190476,-0.0003841362393162,-0.0002476864468864,-0.0002655151404151,-0.0002594498168498
-0.0004219459584859,-0.0001456427350427,-0.0001824825396825,0.0002818413919413,-0.0001185354090354,-0.0001641325030525,-0.0004938681318681,-0.0001642492063492,-0.000402284078144,-0.0002537284493284,-0.0002685324786324,-0.0002564324786324
-0.0004006965567765,-0.0001486766788766,-0.0002098539682539,0.0002727504761904,-9.421931623931596e-05,-0.0001793301831501,-0.0005060625152625,-0.0002220333333333,-0.0004264811965811,-0.0002688334554334,-0.0002836191697191,-0.0002685018315018
-0.0003946252991452,-0.0001547445665445,-0.0002189777777777,0.0002727504761904,-8.814029304029276e-05,-0.0001854092551892,-0.0005213054945054,-0.0002737349206349,-0.0004476536752136,-0.0002839384615384,-0.0002896538461538,-0.0002775538461538
-0.0004219459584859,-0.0001881179487179,-0.000222019047619,0.0003030535286935,-0.0001002983394383,-0.0002036464713064,-0.00055484004884,-0.0003284777777777,-0.0004718507936507,-0.0003050854700854,-0.0003107752136752,-0.0003016925518925
-0.0004310528449328,-0.0002093555555555,-0.0002311428571428,0.000318205054945,-0.0001002983394383,-0.0002188441514041,-0.0005639858363858,-0.0003680142857142,-0.0004899986324786,-0.0003201904761904,-0.0003228445665445,-0.0003167792429792
-0.0004189103296703,-0.0002336271062271,-0.000267638095238,0.0003242656654456,-7.598224664224636e-05,-0.0002492395115995,-0.0005639858363858,-0.0004075507936507,-0.0005081464713064,-0.0003352954822954,-0.0003409485958485,-0.0003379006105006
-0.0004249815873015,-0.0002730683760683,-0.000301092063492,0.0003485081074481,-6.078468864468836e-05,-0.0002857139438339,-0.0005639858363858,-0.0004379634920634,-0.0005232696703296,-0.0003443584859584,-0.0003590526251526,-0.0003590219780219
-0.0004371241025641,-0.0003155435897435,-0.0003315047619047,0.0003757808547008,-5.166615384615356e-05,-0.0003221883760683,-0.0005609372405372,-0.0004653349206349,-0.0005383928693528,-0.0003564424908424,-0.0003741393162393,-0.000377126007326
-0.0004431953601953,-0.000345883028083,-0.0003558349206349,0.0003939626862026,-4.254761904761877e-05,-0.0003495442002442,-0.00055484004884,-0.0004957476190476,-0.0005565407081807,-0.0003745684981684,-0.000389226007326,-0.0003922126984126
-0.0004765872771672,-0.0003701545787545,-0.0003497523809523,0.0004212354334554,-6.382420024419996e-05,-0.0003586628083028,-0.0005517914529914,-0.000523119047619,-0.0005746885470085,-0.0003896735042735,-0.0004012953601953,-0.0004012647130647
-0.0004978366788766,-0.0003822903540903,-0.0003406285714285,0.0004394172649572,-7.902175824175796e-05,-0.0003617023443223,-0.0005578886446886,-0.0005474492063492,-0.0005928363858363,-0.0004047785103785,-0.0004133647130647,-0.0004103167277167
-0.0005099791941391,-0.00039746007326,-0.0003436698412698,0.0004515384859584,-8.206126984126955e-05,-0.0003708209523809,-0.0005609372405372,-0.000568738095238,-0.0006109842246642,-0.0004229045177045,-0.0004314687423687,-0.0004284207570207
-0.0005099791941391,-0.0004186976800976,-0.0003649587301587,0.0004636597069597,-7.294273504273476e-05,-0.0003920977045177,-0.0005609372405372,-0.0005839444444444,-0.000629132063492,-0.0004380095238095,-0.0004495727716727,-0.0004465247863247
-0.0005008723076923,-0.0004338673992673,-0.0003923301587301,0.00046669001221,-5.470566544566516e-05,-0.0004133744566544,-0.0005639858363858,-0.0005991507936507,-0.0006412306227106,-0.0004440515262515,-0.0004616421245421,-0.0004616114774114
-0.0005008723076923,-0.0004460031746031,-0.0004014539682539,0.0004727506227106,-4.862664224664196e-05,-0.000422493064713,-0.0005609372405372,-0.0006113158730158,-0.0006472799023199,-0.0004500935286935,-0.0004616421245421,-0.0004646288156288
-0.000494801050061,-0.0004642068376068,-0.0004288253968253,0.0004788112332112,-3.342908424908396e-05,-0.0004468093528693,-0.0005639858363858,-0.0006143571428571,-0.0006563538217338,-0.0004591565323565,-0.0004737114774114,-0.0004736808302808
-0.0005069435653235,-0.0004945462759462,-0.0004409904761904,0.0005000233699633,-3.342908424908396e-05,-0.0004680861050061,-0.000570083028083,-0.0006234809523809,-0.0006624031013431,-0.0004712405372405,-0.0004887981684981,-0.0004827328449328
-0.0005221217094017,-0.0004945462759462,-0.0004257841269841,0.0005060839804639,-4.862664224664196e-05,-0.0004589674969474,-0.0005670344322344,-0.0006265222222222,-0.0006654277411477,-0.0004682195360195,-0.0004887981684981,-0.0004827328449328
-0.0005281929670329,-0.0004975802197802,-0.0004227428571428,0.0005121445909645,-5.166615384615356e-05,-0.0004589674969474,-0.0005609372405372,-0.0006265222222222,-0.0006654277411477,-0.0004682195360195,-0.0004887981684981,-0.0004857501831501
-0.0005221217094017,-0.0004975802197802,-0.0004318666666666,0.0005091142857142,-4.558713064713037e-05,-0.0004650465689865,-0.0005609372405372,-0.0006265222222222,-0.0006684523809523,-0.0004712405372405,-0.0004918155067155,-0.0004887675213675
-0.000519086080586,-0.0005036481074481,-0.0004409904761904,0.0005091142857142,-3.950810744810717e-05,-0.0004711256410256,-0.0005670344322344,-0.0006326047619047,-0.0006775263003663,-0.0004863455433455,-0.0005008675213675,-0.0004948021978021
-0.0005251573382173,-0.000506682051282,-0.0004379492063492,0.0005151748962148,-4.254761904761877e-05,-0.0004711256410256,-0.000570083028083,-0.0006326047619047,-0.0006835755799755,-0.0004893665445665,-0.0005008675213675,-0.0005008368742368
-0.0005403354822954,-0.0005036481074481,-0.0004227428571428,0.0005212355067155,-5.774517704517676e-05,-0.000462007032967,-0.0005609372405372,-0.0006265222222222,-0.0006805509401709,-0.0004863455433455,-0.0005008675213675,-0.0005008368742368
-0.0005433711111111,-0.000506682051282,-0.0004197015873015,0.0005242658119658,-6.078468864468836e-05,-0.000462007032967,-0.0005517914529914,-0.0006234809523809,-0.0006775263003663,-0.0004803035409035,-0.0004978501831501,-0.0004978195360195
-0.0005251573382173,-0.0005188178266178,-0.0004501142857142,0.0005212355067155,-3.6468595848595565e-05,-0.0004832837851037,-0.0005487428571428,-0.0006234809523809,-0.0006775263003663,-0.0004833245421245,-0.0005008675213675,-0.0004978195360195
-0.0005130148229548,-0.0005248857142857,-0.0004683619047619,0.0005182052014652,-2.1271037851037568e-05,-0.0004954419291819,-0.0005517914529914,-0.0006173984126984,-0.0006775263003663,-0.0004863455433455,-0.0005038848595848,-0.0004948021978021
-0.0005281929670329,-0.0005248857142857,-0.0004531555555555,0.0005242658119658,-3.6468595848595565e-05,-0.0004893628571428,-0.0005517914529914,-0.0006143571428571,-0.0006805509401709,-0.0004863455433455,-0.0005038848595848,-0.0004978195360195
-0.0005221217094017,-0.0005157838827838,-0.000447073015873,0.0005182052014652,-3.6468595848595565e-05,-0.0004802442490842,-0.00055484004884,-0.0006173984126984,-0.0006805509401709,-0.0004954085470085,-0.0005099195360195,-0.0005008368742368
-0.000519086080586,-0.0005188178266178,-0.0004531555555555,0.0005182052014652,-3.342908424908396e-05,-0.0004863233211233,-0.0005517914529914,-0.0006173984126984,-0.0006835755799755,-0.0004984295482295,-0.0005129368742368,-0.0005068715506715
-0.0005251573382173,-0.0005248857142857,-0.0004501142857142,0.0005242658119658,-3.6468595848595565e-05,-0.0004863233211233,-0.0005487428571428,-0.0006143571428571,-0.0006866002197802,-0.0005014505494505,-0.0005189715506715,-0.0005129062271062
-0.0005342642246642,-0.0005309536019536,-0.0004501142857142,0.0005303264224664,-4.254761904761877e-05,-0.0004893628571428,-0.0005487428571428,-0.0006173984126984,-0.0006896248595848,-0.0005044715506715,-0.0005219888888888,-0.0005189409035409
-0.0005221217094017,-0.0005218517704517,-0.0004561968253968,0.0005212355067155,-3.342908424908396e-05,-0.0004893628571428,-0.0005487428571428,-0.0006143571428571,-0.0006896248595848,-0.0005014505494505,-0.0005159542124542,-0.0005189409035409
-0.0005130148229548,-0.0005218517704517,-0.0004653206349206,0.0005151748962148,-2.4310549450549165e-05,-0.0004924023931623,-0.0005426456654456,-0.0006052333333333,-0.0006805509401709,-0.0004984295482295,-0.0005159542124542,-0.0005189409035409
-0.0005281929670329,-0.0005339875457875,-0.0004622793650793,0.0005303264224664,-3.342908424908396e-05,-0.0004984814652014,-0.0005426456654456,-0.0005991507936507,-0.0006745016605616,-0.0004954085470085,-0.0005189715506715,-0.0005159235653235
-0.0005433711111111,-0.0005279196581196,-0.0004409904761904,0.0005333567277167,-5.166615384615356e-05,-0.0004832837851037,-0.0005426456654456,-0.0005961095238095,-0.000671477020757,-0.0004893665445665,-0.0005159542124542,-0.0005129062271062
-0.0005372998534798,-0.0005097159951159,-0.0004288253968253,0.0005212355067155,-5.470566544566516e-05,-0.0004680861050061,-0.0005487428571428,-0.0005991507936507,-0.0006684523809523,-0.0004893665445665,-0.0005159542124542,-0.0005159235653235
-0.0005251573382173,-0.0005127499389499,-0.0004440317460317,0.0005182052014652,-3.950810744810717e-05,-0.0004772047130647,-0.0005426456654456,-0.0005961095238095,-0.0006684523809523,-0.0004954085470085,-0.0005219888888888,-0.0005249755799755
-0.0005251573382173,-0.0005248857142857,-0.0004531555555555,0.0005242658119658,-3.6468595848595565e-05,-0.0004893628571428,-0.0005365484737484,-0.0005930682539682,-0.0006684523809523,-0.0004954085470085,-0.0005250062271062,-0.0005279929181929
-0.0005433711111111,-0.0005248857142857,-0.0004379492063492,0.0005333567277167,-5.166615384615356e-05,-0.0004802442490842,-0.0005334998778998,-0.0005869857142857,-0.0006684523809523,-0.0004893665445665,-0.0005159542124542,-0.0005129062271062
-0.0005372998534798,-0.0005188178266178,-0.0004379492063492,0.0005272961172161,-4.862664224664196e-05,-0.0004772047130647,-0.0005426456654456,-0.0005930682539682,-0.000671477020757,-0.0004893665445665,-0.0005159542124542,-0.0005068715506715
-0.0005281929670329,-0.0005097159951159,-0.0004379492063492,0.0005182052014652,-4.558713064713037e-05,-0.0004741651770451,-0.0005517914529914,-0.0005991507936507,-0.0006775263003663,-0.0004923875457875,-0.0005159542124542,-0.0005068715506715
-0.0005312285958485,-0.0005097159951159,-0.0004288253968253,0.0005182052014652,-5.166615384615356e-05,-0.0004680861050061,-0.00055484004884,-0.0005961095238095,-0.0006745016605616,-0.0004923875457875,-0.0005159542124542,-0.0005098888888888
-0.0005312285958485,-0.0005188178266178,-0.0004379492063492,0.0005242658119658,-4.558713064713037e-05,-0.0004772047130647,-0.00055484004884,-0.0005961095238095,-0.000671477020757,-0.0004893665445665,-0.0005159542124542,-0.0005159235653235
-0.0005281929670329,-0.0005370214896214,-0.000459238095238,0.0005303264224664,-3.342908424908396e-05,-0.0004984814652014,-0.0005578886446886,-0.0005961095238095,-0.0006745016605616,-0.0004954085470085,-0.0005219888888888,-0.0005219582417582
-0.0005251573382173,-0.0005248857142857,-0.0004531555555555,0.0005242658119658,-3.6468595848595565e-05,-0.0004893628571428,-0.0005609372405372,-0.0005900269841269,-0.0006684523809523,-0.0004833245421245,-0.0005099195360195,-0.0005129062271062
-0.0005251573382173,-0.0005127499389499,-0.0004379492063492,0.0005182052014652,-4.254761904761877e-05,-0.0004741651770451,-0.0005639858363858,-0.0005869857142857,-0.0006654277411477,-0.0004772825396825,-0.0005038848595848,-0.0005038542124542
-0.000519086080586,-0.0005097159951159,-0.0004409904761904,0.0005121445909645,-3.950810744810717e-05,-0.0004741651770451,-0.0005639858363858,-0.0005930682539682,-0.0006684523809523,-0.0004803035409035,-0.0005099195360195,-0.0005068715506715
-0.0005221217094017,-0.000506682051282,-0.0004379492063492,0.0005121445909645,-4.254761904761877e-05,-0.0004711256410256,-0.0005639858363858,-0.0005961095238095,-0.0006654277411477,-0.0004803035409035,-0.0005069021978021,-0.0005098888888888
-0.0005281929670329,-0.0005036481074481,-0.0004318666666666,0.0005151748962148,-4.862664224664196e-05,-0.0004680861050061,-0.0005609372405372,-0.0005930682539682,-0.0006654277411477,-0.0004742615384615,-0.0005008675213675,-0.0005068715506715
-0.0005342642246642,-0.000506682051282,-0.0004288253968253,0.0005182052014652,-5.166615384615356e-05,-0.0004680861050061,-0.0005670344322344,-0.0005930682539682,-0.0006654277411477,-0.0004682195360195,-0.0004948328449328,-0.0005008368742368
-0.0005312285958485,-0.0005006141636141,-0.0004227428571428,0.0005151748962148,-5.470566544566516e-05,-0.000462007032967,-0.000570083028083,-0.0005961095238095,-0.0006624031013431,-0.0004621775335775,-0.0004887981684981,-0.0004887675213675
-0.0005342642246642,-0.0004915123321123,-0.000413619047619,0.0005121445909645,-6.078468864468836e-05,-0.0004528884249084,-0.0005761802197802,-0.0005991507936507,-0.0006624031013431,-0.0004621775335775,-0.0004827634920634,-0.0004887675213675
-0.0005281929670329,-0.0005006141636141,-0.0004288253968253,0.0005121445909645,-4.862664224664196e-05,-0.0004650465689865,-0.0005822774114774,-0.0006052333333333,-0.0006684523809523,-0.0004742615384615,-0.0004948328449328,-0.0005008368742368
-0.0005221217094017,-0.0005097159951159,-0.0004440317460317,0.0005151748962148,-3.950810744810717e-05,-0.0004772047130647,-0.0005914231990231,-0.0006113158730158,-0.0006805509401709,-0.0004833245421245,-0.0005099195360195,-0.0005098888888888
-0.000519086080586,-0.000506682051282,-0.0004440317460317,0.0005121445909645,-3.6468595848595565e-05,-0.0004741651770451,-0.0006036175824175,-0.0006113158730158,-0.0006835755799755,-0.0004833245421245,-0.0005069021978021,-0.0005098888888888
-0.0005281929670329,-0.0005218517704517,-0.0004440317460317,0.0005242658119658,-4.254761904761877e-05,-0.0004832837851037,-0.0005944717948717,-0.0006052333333333,-0.0006805509401709,-0.0004772825396825,-0.0005008675213675,-0.0005038542124542
