I,II,III,aVR,aVL,aVF,v1,v2,v3,v4,v5,v6
-0.0005403354822954,-0.0003883582417582,-0.0003071746031746,0.0004636597069597,-0.0001154958974358,-0.0003465046642246,-0.0005914231990231,-0.0004744587301587,-0.0005081464713064,-0.0003957155067155,-0.0004405207570207,-0.0004284207570207
-0.0005160504517704,-0.0003853242979242,-0.0003254222222222,0.0004485081807081,-9.421931623931596e-05,-0.0003556232722832,-0.0005944717948717,-0.0004653349206349,-0.0005081464713064,-0.0003957155067155,-0.0004375034188034,-0.0004284207570207
-0.0005039079365079,-0.0003853242979242,-0.000334546031746,0.0004424475702075,-8.510078144078116e-05,-0.0003586628083028,-0.0005975203907203,-0.0004592523809523,-0.0005081464713064,-0.0003957155067155,-0.0004405207570207,-0.000431438095238
-0.0005130148229548,-0.0003853242979242,-0.0003254222222222,0.0004485081807081,-9.421931623931596e-05,-0.0003556232722832,-0.0006005689865689,-0.0004562111111111,-0.0005111711111111,-0.0003987365079365,-0.0004465554334554,-0.0004374727716727
-0.000519086080586,-0.0003792564102564,-0.0003193396825396,0.0004485081807081,-0.0001002983394383,-0.0003495442002442,-0.0006005689865689,-0.0004531698412698,-0.0005141957509157,-0.0004077995115995,-0.0004495727716727,-0.0004465247863247
-0.0005069435653235,-0.0003762224664224,-0.0003284634920634,0.0004394172649572,-8.814029304029276e-05,-0.0003525837362637,-0.0006036175824175,-0.0004470873015873,-0.0005111711111111,-0.0004108205128205,-0.0004586247863247,-0.0004525594627594
-0.0005099791941391,-0.0003822903540903,-0.0003254222222222,0.0004454778754578,-9.117980463980436e-05,-0.0003525837362637,-0.0005944717948717,-0.0004318809523809,-0.0004990725518925,-0.0004017575091575,-0.0004525901098901,-0.0004435074481074
-0.0005160504517704,-0.0003944261294261,-0.0003315047619047,0.0004545687912087,-9.117980463980436e-05,-0.0003617023443223,-0.000585326007326,-0.0004197158730158,-0.0004899986324786,-0.0003957155067155,-0.0004465554334554,-0.0004374727716727
-0.0005221217094017,-0.0003913921855921,-0.0003254222222222,0.0004545687912087,-9.725882783882755e-05,-0.0003586628083028,-0.000585326007326,-0.0004136333333333,-0.0004839493528693,-0.0003926945054945,-0.000443538095238,-0.0004344554334554
-0.0005221217094017,-0.0003822903540903,-0.0003132571428571,0.0004515384859584,-0.0001033378510378,-0.0003465046642246,-0.0005822774114774,-0.0004014682539682,-0.00047790007326,-0.0003896735042735,-0.0004405207570207,-0.0004374727716727
-0.0005130148229548,-0.0003792564102564,-0.0003193396825396,0.0004454778754578,-9.725882783882755e-05,-0.0003495442002442,-0.000585326007326,-0.0003953857142857,-0.00047790007326,-0.0003957155067155,-0.0004495727716727,-0.0004435074481074
-0.0005160504517704,-0.0003792564102564,-0.0003162984126984,0.0004454778754578,-0.0001002983394383,-0.0003465046642246,-0.000585326007326,-0.0003862619047619,-0.0004748754334554,-0.0003987365079365,-0.0004525901098901,-0.0004495421245421
-0.0005160504517704,-0.0003731885225885,-0.0003162984126984,0.0004424475702075,-0.0001002983394383,-0.0003434651282051,-0.0005792288156288,-0.0003740968253968,-0.0004688261538461,-0.0003957155067155,-0.0004525901098901,-0.0004495421245421
-0.0005099791941391,-0.0003762224664224,-0.0003254222222222,0.0004424475702075,-9.117980463980436e-05,-0.0003495442002442,-0.0005761802197802,-0.0003619317460317,-0.0004627768742368,-0.0003926945054945,-0.0004525901098901,-0.0004495421245421
-0.0005099791941391,-0.0003822903540903,-0.0003284634920634,0.0004454778754578,-9.117980463980436e-05,-0.0003556232722832,-0.0005670344322344,-0.0003436841269841,-0.0004537029548229,-0.0003866525030525,-0.0004465554334554,-0.0004435074481074
-0.0005099791941391,-0.0003853242979242,-0.0003315047619047,0.0004454778754578,-8.814029304029276e-05,-0.0003586628083028,-0.0005609372405372,-0.000331519047619,-0.0004506783150183,-0.0003836315018315,-0.000443538095238,-0.0004404901098901
-0.0004978366788766,-0.0003731885225885,-0.0003315047619047,0.0004333566544566,-8.206126984126955e-05,-0.0003525837362637,-0.0005670344322344,-0.0003163126984126,-0.0004506783150183,-0.0003836315018315,-0.000443538095238,-0.0004374727716727
-0.0005008723076923,-0.0003580188034188,-0.0003162984126984,0.000427296043956,-9.117980463980436e-05,-0.000337386056166,-0.000570083028083,-0.000298065079365,-0.000444629035409,-0.0003866525030525,-0.0004375034188034,-0.0004374727716727
-0.0005099791941391,-0.0003549848595848,-0.0003041333333333,0.0004303263492063,-0.0001033378510378,-0.0003282674481074,-0.0005609372405372,-0.0002767761904761,-0.0004325304761904,-0.0003775894993894,-0.0004375034188034,-0.0004344554334554
-0.0005069435653235,-0.0003610527472527,-0.0003132571428571,0.0004333566544566,-9.725882783882755e-05,-0.000337386056166,-0.0005487428571428,-0.000252446031746,-0.0004234565567765,-0.0003685264957264,-0.000434486080586,-0.000431438095238
-0.0004796229059829,-0.0003580188034188,-0.000334546031746,0.0004182051282051,-7.294273504273476e-05,-0.0003465046642246,-0.0005456942612942,-0.0002372396825396,-0.0004204319169719,-0.0003685264957264,-0.000434486080586,-0.000431438095238
-0.0004614091330891,-0.0003489169719169,-0.0003406285714285,0.0004030536019536,-6.078468864468836e-05,-0.0003434651282051,-0.0005456942612942,-0.0002129095238095,-0.0004113579975579,-0.0003594634920634,-0.0004284514041514,-0.0004254034188034
-0.0004765872771672,-0.0003519509157509,-0.0003284634920634,0.0004121445177045,-7.294273504273476e-05,-0.0003404255921855,-0.0005365484737484,-0.0001824968253968,-0.0003962347985347,-0.0003473794871794,-0.000416382051282,-0.000413334065934
-0.000494801050061,-0.000342849084249,-0.0003041333333333,0.0004182051282051,-9.421931623931596e-05,-0.0003221883760683,-0.0005274026862026,-0.0001612079365079,-0.0003901855189255,-0.0003443584859584,-0.0004133647130647,-0.0004103167277167
-0.0004826585347985,-0.0003185775335775,-0.0002889269841269,0.0004000232967032,-9.725882783882755e-05,-0.0003039511599511,-0.0005274026862026,-0.0001460015873015,-0.0003841362393162,-0.0003443584859584,-0.0004103473748473,-0.0004103167277167
-0.0004674803907203,-0.0003094757020757,-0.0002950095238095,0.000387902075702,-8.510078144078116e-05,-0.0003009116239316,-0.0005274026862026,-0.0001277539682539,-0.0003750623199023,-0.0003413374847374,-0.0004133647130647,-0.000404282051282
-0.0004583735042735,-0.0003064417582417,-0.0003041333333333,0.0003818414652014,-7.598224664224636e-05,-0.0003039511599511,-0.0005213054945054,-0.0001034238095238,-0.0003629637606837,-0.0003322744810744,-0.0004043126984126,-0.00039523003663
-0.0004462309890109,-0.000291272039072,-0.0002980507936507,0.0003666899389499,-7.294273504273476e-05,-0.0002948325518925,-0.0005213054945054,-8.213492063492033e-05,-0.0003508652014652,-0.0003201904761904,-0.0003922433455433,-0.000386178021978
-0.0004492666178266,-0.0002821702075702,-0.0002858857142857,0.0003636596336996,-8.206126984126955e-05,-0.0002826744078144,-0.0005182568986568,-6.388730158730128e-05,-0.0003448159218559,-0.0003111274725274,-0.0003862086691086,-0.0003801433455433
-0.0004492666178266,-0.0002700344322344,-0.0002737206349206,0.000357599023199,-8.814029304029276e-05,-0.0002705162637362,-0.0005121597069597,-4.563968253968224e-05,-0.0003417912820512,-0.0003111274725274,-0.0003831913308913,-0.0003741086691086
-0.0004431953601953,-0.0002487968253968,-0.0002615555555555,0.0003454778021978,-9.117980463980436e-05,-0.0002553185836385,-0.0005152083028083,-3.043333333333303e-05,-0.000335742002442,-0.0003111274725274,-0.0003771566544566,-0.0003680739926739
-0.0004401597313797,-0.0002305931623931,-0.0002463492063492,0.0003333565811965,-9.725882783882755e-05,-0.0002370813675213,-0.0005182568986568,-1.8268253968253663e-05,-0.0003296927228327,-0.0003050854700854,-0.0003681046398046,-0.0003560046398046
-0.0004280172161172,-0.0002123894993894,-0.0002402666666666,0.000318205054945,-9.421931623931596e-05,-0.0002249232234432,-0.0005182568986568,-9.144444444444142e-06,-0.0003175941636141,-0.0002899804639804,-0.0003530179487179,-0.0003348832722832
-0.000412839072039,-0.0002032876678876,-0.0002433079365079,0.0003060838339438,-8.510078144078116e-05,-0.0002218836874236,-0.0005182568986568,-2.063492063462036e-08,-0.0003085202442002,-0.0002778964590964,-0.0003379312576312,-0.0003137619047619
-0.0004158747008547,-0.0001911518925518,-0.0002311428571428,0.0003030535286935,-9.117980463980436e-05,-0.0002097255433455,-0.0005182568986568,6.061904761905062e-06,-0.0003024709645909,-0.0002688334554334,-0.0003198272283272,-0.0002956578754578
-0.0004280172161172,-0.0001699142857142,-0.0001976888888888,0.0002969929181929,-0.0001154958974358,-0.0001823697191697,-0.000524354090354,-2.063492063462036e-08,-0.0003024709645909,-0.0002627914529914,-0.0003047405372405,-0.0002775538461538
-0.0004219459584859,-0.0001456427350427,-0.0001824825396825,0.0002818413919413,-0.0001185354090354,-0.0001641325030525,-0.0005426456654456,-1.8268253968253663e-05,-0.0003115448840048,-0.0002627914529914,-0.0003017231990231,-0.0002715191697191
-0.0004067678144078,-0.000127439072039,-0.0001794412698412,0.0002666898656898,-0.0001124563858363,-0.0001519743589743,-0.0005578886446886,-3.955714285714255e-05,-0.0003175941636141,-0.0002627914529914,-0.0002956885225885,-0.0002654844932844
-0.000412839072039,-0.0001153032967032,-0.0001642349206349,0.0002636595604395,-0.0001246144322344,-0.0001398162148962,-0.0005609372405372,-5.78047619047616e-05,-0.0003145695238095,-0.0002537284493284,-0.0002836191697191,-0.0002503978021978
-0.0004219459584859,-0.0001122693528693,-0.0001490285714285,0.0002666898656898,-0.0001367724786324,-0.0001306976068376,-0.0005639858363858,-8.821746031746001e-05,-0.0003175941636141,-0.0002507074481074,-0.0002745671550671,-0.0002353111111111
-0.0004249815873015,-0.0001153032967032,-0.0001490285714285,0.0002697201709401,-0.0001367724786324,-0.0001306976068376,-0.0005731316239316,-0.0001247126984126,-0.0003296927228327,-0.0002537284493284,-0.0002745671550671,-0.0002292764346764
-0.0004431953601953,-0.0001092354090354,-0.0001246984126984,0.0002757807814407,-0.000158049059829,-0.0001154999267399,-0.0005822774114774,-0.0001612079365079,-0.000335742002442,-0.0002476864468864,-0.0002594804639804,-0.0002141897435897
-0.0004523022466422,-0.0001031675213675,-0.000109492063492,0.0002757807814407,-0.0001702071062271,-0.0001063813186813,-0.0005944717948717,-0.0002037857142857,-0.0003448159218559,-0.0002446654456654,-0.0002504284493284,-0.000199103052503
-0.0004249815873015,-0.0001122693528693,-0.0001459873015873,0.0002666898656898,-0.0001398119902319,-0.000127658070818,-0.0006158119658119,-0.0002585285714285,-0.0003659884004884,-0.0002597704517704,-0.0002655151404151,-0.0002111724053724
-0.0004219459584859,-0.000127439072039,-0.0001642349206349,0.0002727504761904,-0.0001276539438339,-0.0001458952869352,-0.0006310549450549,-0.0003132714285714,-0.0003901855189255,-0.0002809174603174,-0.0002836191697191,-0.0002292764346764
-0.0004371241025641,-0.0001426087912087,-0.0001642349206349,0.000287902002442,-0.0001367724786324,-0.0001519743589743,-0.0006402007326007,-0.0003619317460317,-0.0004113579975579,-0.0002990434676434,-0.0003017231990231,-0.0002473804639804
-0.0004462309890109,-0.0001577785103785,-0.0001642349206349,0.0003000232234432,-0.0001398119902319,-0.0001610929670329,-0.0006523951159951,-0.0004014682539682,-0.0004355551159951,-0.0003141484737484,-0.0003107752136752,-0.0002564324786324
-0.0004614091330891,-0.0001699142857142,-0.0001642349206349,0.0003151747496947,-0.0001489305250305,-0.000167172039072,-0.0006615409035409,-0.0004410047619047,-0.0004506783150183,-0.0003262324786324,-0.0003228445665445,-0.0002715191697191
-0.0004765872771672,-0.0002002537240537,-0.0001794412698412,0.0003363868864468,-0.0001489305250305,-0.0001884487912087,-0.0006615409035409,-0.0004744587301587,-0.0004597522344322,-0.0003292534798534,-0.0003288792429792,-0.0002835885225885
-0.0004796229059829,-0.0002396949938949,-0.0002159365079365,0.000357599023199,-0.0001306934554334,-0.0002279627594627,-0.0006554437118437,-0.0004987888888888,-0.0004718507936507,-0.0003322744810744,-0.0003409485958485,-0.0002956578754578
-0.0004765872771672,-0.0002700344322344,-0.0002463492063492,0.0003727505494505,-0.0001154958974358,-0.0002583581196581,-0.0006554437118437,-0.000523119047619,-0.0004869739926739,-0.0003413374847374,-0.0003530179487179,-0.0003077272283272
-0.0004856941636141,-0.0002943059829059,-0.0002645968253968,0.000387902075702,-0.0001094168742368,-0.0002796348717948,-0.0006615409035409,-0.0005535317460317,-0.0005172203907203,-0.0003685264957264,-0.0003771566544566,-0.0003348832722832
-0.0004917654212454,-0.0003155435897435,-0.0002737206349206,0.0004030536019536,-0.0001094168742368,-0.0002948325518925,-0.0006706866910866,-0.0005869857142857,-0.0005474667887667,-0.0003987365079365,-0.0004043126984126,-0.0003650566544566
-0.0005039079365079,-0.0003276793650793,-0.0002767619047619,0.0004151748229548,-0.0001124563858363,-0.0003009116239316,-0.0006767838827838,-0.0006052333333333,-0.0005595653479853,-0.0004077995115995,-0.000416382051282,-0.0003831606837606
-0.0005403354822954,-0.0003580188034188,-0.0002767619047619,0.0004485081807081,-0.0001306934554334,-0.0003161093040293,-0.0006615409035409,-0.0006143571428571,-0.0005625899877899,-0.0004047785103785,-0.0004193993894993,-0.0003891953601953
-0.0005433711111111,-0.0003853242979242,-0.0002919682539682,0.0004636597069597,-0.0001246144322344,-0.000337386056166,-0.0006554437118437,-0.0006234809523809,-0.0005716639072039,-0.0004138415140415,-0.0004314687423687,-0.0004012647130647
-0.0005372998534798,-0.0003883582417582,-0.0003071746031746,0.0004606294017094,-0.0001154958974358,-0.0003465046642246,-0.0006584923076923,-0.0006386873015873,-0.0005807378266178,-0.0004229045177045,-0.000443538095238,-0.0004163514041514
-0.0005281929670329,-0.00039746007326,-0.0003254222222222,0.0004606294017094,-0.0001002983394383,-0.0003617023443223,-0.0006645894993894,-0.0006447698412698,-0.0005898117460317,-0.0004289465201465,-0.0004495727716727,-0.0004254034188034
-0.0005221217094017,-0.0004095958485958,-0.0003436698412698,0.0004636597069597,-8.814029304029276e-05,-0.00037690002442,-0.0006615409035409,-0.0006508523809523,-0.000595861025641,-0.0004319675213675,-0.0004556074481074,-0.0004284207570207
-0.0005403354822954,-0.0004186976800976,-0.000334546031746,0.0004788112332112,-0.0001033378510378,-0.00037690002442,-0.0006584923076923,-0.0006599761904761,-0.0006049349450549,-0.0004380095238095,-0.0004586247863247,-0.000431438095238
-0.0005524779975579,-0.0004247655677655,-0.0003284634920634,0.0004879021489621,-0.0001124563858363,-0.00037690002442,-0.0006584923076923,-0.0006690999999999,-0.0006109842246642,-0.0004440515262515,-0.0004616421245421,-0.000431438095238
-0.0005494423687423,-0.0004308334554334,-0.0003406285714285,0.0004879021489621,-0.0001033378510378,-0.0003860186324786,-0.0006645894993894,-0.0006721412698412,-0.0006140088644688,-0.0004440515262515,-0.0004646594627594,-0.0004374727716727
-0.0005524779975579,-0.000452071062271,-0.0003588761904761,0.0005000233699633,-9.725882783882755e-05,-0.0004042558485958,-0.0006584923076923,-0.0006660587301587,-0.0006140088644688,-0.0004440515262515,-0.0004676768009768,-0.0004374727716727
-0.0005555136263736,-0.0004611728937728,-0.0003619174603174,0.0005060839804639,-9.725882783882755e-05,-0.0004103349206349,-0.0006493465201465,-0.0006630174603174,-0.0006109842246642,-0.0004470725274725,-0.0004676768009768,-0.0004374727716727
-0.0005524779975579,-0.000452071062271,-0.0003588761904761,0.0005000233699633,-9.725882783882755e-05,-0.0004042558485958,-0.0006493465201465,-0.0006660587301587,-0.0006140088644688,-0.0004500935286935,-0.0004706941391941,-0.0004404901098901
-0.0005433711111111,-0.0004460031746031,-0.0003619174603174,0.0004939627594627,-9.117980463980436e-05,-0.0004042558485958,-0.0006523951159951,-0.0006690999999999,-0.0006230827838827,-0.0004561355311355,-0.0004767288156288,-0.0004495421245421
-0.0005494423687423,-0.0004490371184371,-0.0003588761904761,0.000496993064713,-9.421931623931596e-05,-0.0004042558485958,-0.0006554437118437,-0.0006660587301587,-0.0006230827838827,-0.0004591565323565,-0.0004827634920634,-0.0004555768009768
-0.0005555136263736,-0.0004611728937728,-0.0003619174603174,0.0005060839804639,-9.725882783882755e-05,-0.0004103349206349,-0.0006493465201465,-0.0006538936507936,-0.0006200581440781,-0.0004621775335775,-0.0004857808302808,-0.0004525594627594
-0.0005555136263736,-0.0004672407814407,-0.0003679999999999,0.0005091142857142,-9.421931623931596e-05,-0.0004164139926739,-0.0006493465201465,-0.0006538936507936,-0.0006200581440781,-0.0004621775335775,-0.0004887981684981,-0.0004585941391941
-0.0005494423687423,-0.0004672407814407,-0.0003771238095238,0.0005060839804639,-8.510078144078116e-05,-0.000422493064713,-0.0006523951159951,-0.0006660587301587,-0.000629132063492,-0.0004712405372405,-0.0004948328449328,-0.0004676461538461
-0.0005494423687423,-0.0004581389499389,-0.0003649587301587,0.0005030536752136,-9.117980463980436e-05,-0.0004103349206349,-0.0006523951159951,-0.0006660587301587,-0.0006261074236874,-0.0004712405372405,-0.0004948328449328,-0.0004646288156288
-0.0005464067399267,-0.000452071062271,-0.0003619174603174,0.000496993064713,-9.117980463980436e-05,-0.0004072953846153,-0.0006523951159951,-0.0006630174603174,-0.0006261074236874,-0.0004682195360195,-0.0004948328449328,-0.0004616114774114
-0.0005372998534798,-0.000455105006105,-0.0003740825396825,0.0004939627594627,-8.206126984126955e-05,-0.0004133744566544,-0.0006493465201465,-0.0006538936507936,-0.0006200581440781,-0.0004651985347985,-0.0004948328449328,-0.0004616114774114
-0.0005403354822954,-0.0004733086691086,-0.0003892888888888,0.0005060839804639,-7.598224664224636e-05,-0.0004316116727716,-0.0006402007326007,-0.0006417285714285,-0.0006109842246642,-0.0004621775335775,-0.0004948328449328,-0.0004646288156288
-0.0005524779975579,-0.0004854444444444,-0.0003892888888888,0.0005182052014652,-8.206126984126955e-05,-0.0004376907448107,-0.0006280063492063,-0.0006386873015873,-0.0006109842246642,-0.0004621775335775,-0.0004978501831501,-0.0004676461538461
-0.0005585492551892,-0.0004854444444444,-0.0003832063492063,0.0005212355067155,-8.814029304029276e-05,-0.0004346512087912,-0.0006280063492063,-0.0006386873015873,-0.0006109842246642,-0.0004651985347985,-0.0005008675213675,-0.0004676461538461
-0.0005615848840048,-0.0004824105006105,-0.0003771238095238,0.0005212355067155,-9.117980463980436e-05,-0.0004285721367521,-0.0006310549450549,-0.0006386873015873,-0.0006140088644688,-0.0004682195360195,-0.0005008675213675,-0.0004616114774114
-0.0005494423687423,-0.0004763426129426,-0.0003862476190476,0.0005121445909645,-8.206126984126955e-05,-0.0004316116727716,-0.0006341035409035,-0.0006326047619047,-0.0006109842246642,-0.0004651985347985,-0.0004978501831501,-0.0004616114774114
-0.0005524779975579,-0.0004763426129426,-0.0003862476190476,0.0005121445909645,-8.206126984126955e-05,-0.0004316116727716,-0.0006310549450549,-0.0006295634920634,-0.0006079595848595,-0.0004651985347985,-0.0004978501831501,-0.0004616114774114
-0.0005555136263736,-0.0004702747252747,-0.0003740825396825,0.0005121445909645,-9.117980463980436e-05,-0.000422493064713,-0.0006310549450549,-0.0006295634920634,-0.0006140088644688,-0.0004712405372405,-0.0005038848595848,-0.0004676461538461
-0.0005494423687423,-0.000452071062271,-0.0003588761904761,0.0005000233699633,-9.421931623931596e-05,-0.0004042558485958,-0.0006341035409035,-0.000635646031746,-0.0006170335042735,-0.0004742615384615,-0.0005069021978021,-0.0004676461538461
-0.0005372998534798,-0.0004460031746031,-0.0003649587301587,0.0004909324542124,-8.510078144078116e-05,-0.0004042558485958,-0.0006341035409035,-0.000635646031746,-0.0006170335042735,-0.0004772825396825,-0.0005099195360195,-0.0004736808302808
-0.0005433711111111,-0.0004672407814407,-0.000380165079365,0.0005030536752136,-8.206126984126955e-05,-0.000422493064713,-0.0006280063492063,-0.0006265222222222,-0.0006049349450549,-0.0004682195360195,-0.0005069021978021,-0.0004706634920634
-0.0005524779975579,-0.0004793765567765,-0.0003832063492063,0.0005151748962148,-8.510078144078116e-05,-0.0004316116727716,-0.0006188605616605,-0.0006173984126984,-0.0005928363858363,-0.0004531145299145,-0.0004948328449328,-0.0004616114774114
-0.0005524779975579,-0.0004854444444444,-0.0003862476190476,0.0005182052014652,-8.206126984126955e-05,-0.0004346512087912,-0.0006158119658119,-0.0006113158730158,-0.0005898117460317,-0.0004470725274725,-0.0004887981684981,-0.0004585941391941
-0.0005524779975579,-0.0004702747252747,-0.0003710412698412,0.0005091142857142,-9.117980463980436e-05,-0.0004194535286935,-0.0006249577533577,-0.0006113158730158,-0.0005928363858363,-0.0004440515262515,-0.0004827634920634,-0.0004525594627594
-0.0005524779975579,-0.0004611728937728,-0.0003649587301587,0.0005060839804639,-9.421931623931596e-05,-0.0004133744566544,-0.0006310549450549,-0.0006143571428571,-0.0005928363858363,-0.0004500935286935,-0.0004827634920634,-0.0004525594627594
-0.0005464067399267,-0.0004581389499389,-0.0003679999999999,0.0005000233699633,-8.814029304029276e-05,-0.0004133744566544,-0.0006310549450549,-0.0006082746031746,-0.0005867871062271,-0.0004500935286935,-0.0004857808302808,-0.0004525594627594
-0.0005403354822954,-0.0004581389499389,-0.0003710412698412,0.000496993064713,-8.510078144078116e-05,-0.0004133744566544,-0.0006341035409035,-0.0006113158730158,-0.0005867871062271,-0.0004500935286935,-0.0004857808302808,-0.0004465247863247
-0.0005372998534798,-0.0004429692307692,-0.0003649587301587,0.0004879021489621,-8.510078144078116e-05,-0.0004042558485958,-0.0006402007326007,-0.0006234809523809,-0.000595861025641,-0.0004561355311355,-0.0004887981684981,-0.0004555768009768
-0.0005403354822954,-0.0004369013431013,-0.0003527936507936,0.0004879021489621,-9.421931623931596e-05,-0.0003951372405372,-0.0006462979242979,-0.000635646031746,-0.0006079595848595,-0.0004712405372405,-0.0005038848595848,-0.0004646288156288
-0.0005494423687423,-0.0004308334554334,-0.0003375873015873,0.0004879021489621,-0.0001063773626373,-0.000382979096459,-0.0006432493284493,-0.0006295634920634,-0.0005988856654456,-0.0004591565323565,-0.0004918155067155,-0.0004555768009768
-0.0005524779975579,-0.0004399352869352,-0.0003436698412698,0.0004939627594627,-0.0001033378510378,-0.0003920977045177,-0.0006371521367521,-0.0006173984126984,-0.0005837624664224,-0.0004410305250305,-0.0004767288156288,-0.0004435074481074
-0.0005433711111111,-0.000452071062271,-0.0003679999999999,0.000496993064713,-8.814029304029276e-05,-0.0004103349206349,-0.0006402007326007,-0.0006204396825396,-0.0005867871062271,-0.0004410305250305,-0.0004767288156288,-0.0004465247863247
-0.0005494423687423,-0.0004490371184371,-0.0003588761904761,0.000496993064713,-9.421931623931596e-05,-0.0004042558485958,-0.0006432493284493,-0.0006234809523809,-0.0005898117460317,-0.0004440515262515,-0.0004767288156288,-0.0004525594627594
-0.0005555136263736,-0.0004460031746031,-0.0003467111111111,0.0005000233699633,-0.0001033378510378,-0.0003951372405372,-0.0006402007326007,-0.0006265222222222,-0.0005898117460317,-0.0004410305250305,-0.0004767288156288,-0.0004465247863247
-0.0005524779975579,-0.000452071062271,-0.0003497523809523,0.0005000233699633,-0.0001002983394383,-0.0004012163125763,-0.0006432493284493,-0.0006265222222222,-0.0005898117460317,-0.0004380095238095,-0.0004706941391941,-0.0004435074481074
-0.0005433711111111,-0.0004460031746031,-0.0003558349206349,0.0004939627594627,-9.421931623931596e-05,-0.0004012163125763,-0.0006554437118437,-0.0006295634920634,-0.0005898117460317,-0.0004349885225885,-0.0004676768009768,-0.0004404901098901
-0.0005433711111111,-0.0004490371184371,-0.0003588761904761,0.0004939627594627,-9.117980463980436e-05,-0.0004042558485958,-0.0006554437118437,-0.0006295634920634,-0.0005928363858363,-0.0004380095238095,-0.0004706941391941,-0.0004374727716727
-0.0005403354822954,-0.0004399352869352,-0.0003527936507936,0.0004879021489621,-9.421931623931596e-05,-0.0003951372405372,-0.0006523951159951,-0.000635646031746,-0.0005988856654456,-0.0004410305250305,-0.0004676768009768,-0.0004344554334554
-0.0005433711111111,-0.0004338673992673,-0.0003436698412698,0.0004879021489621,-0.0001002983394383,-0.0003890581684981,-0.0006493465201465,-0.0006417285714285,-0.0005988856654456,-0.0004380095238095,-0.0004676768009768,-0.000431438095238
-0.0005433711111111,-0.0004338673992673,-0.0003497523809523,0.0004879021489621,-9.725882783882755e-05,-0.0003920977045177,-0.0006493465201465,-0.0006386873015873,-0.000595861025641,-0.0004410305250305,-0.0004706941391941,-0.0004404901098901
-0.0005464067399267,-0.0004429692307692,-0.0003558349206349,0.0004939627594627,-9.421931623931596e-05,-0.0003981767765567,-0.0006523951159951,-0.0006386873015873,-0.0006019103052503,-0.0004440515262515,-0.0004767288156288,-0.0004495421245421
-0.0005433711111111,-0.000452071062271,-0.0003649587301587,0.000496993064713,-8.814029304029276e-05,-0.0004072953846153,-0.0006523951159951,-0.0006447698412698,-0.0006079595848595,-0.0004470725274725,-0.0004827634920634,-0.0004525594627594
-0.0005494423687423,-0.0004581389499389,-0.0003679999999999,0.0005030536752136,-9.117980463980436e-05,-0.0004133744566544,-0.0006462979242979,-0.0006417285714285,-0.0006049349450549,-0.0004440515262515,-0.0004827634920634,-0.0004435074481074
-0.0005615848840048,-0.000452071062271,-0.0003497523809523,0.0005060839804639,-0.0001063773626373,-0.0004012163125763,-0.0006493465201465,-0.0006386873015873,-0.0006019103052503,-0.0004410305250305,-0.0004706941391941,-0.000431438095238
-0.0005646205128205,-0.0004369013431013,-0.0003284634920634,0.0005000233699633,-0.0001185354090354,-0.000382979096459,-0.0006523951159951,-0.0006447698412698,-0.0006049349450549,-0.0004410305250305,-0.0004676768009768,-0.0004284207570207
-0.0005372998534798,-0.0004369013431013,-0.0003588761904761,0.0004848718437118,-8.814029304029276e-05,-0.0003981767765567,-0.0006615409035409,-0.0006569349206349,-0.0006170335042735,-0.0004561355311355,-0.0004797461538461,-0.0004435074481074
-0.0005251573382173,-0.000452071062271,-0.000380165079365,0.0004879021489621,-7.294273504273476e-05,-0.0004164139926739,-0.0006645894993894,-0.0006630174603174,-0.0006230827838827,-0.0004621775335775,-0.0004918155067155,-0.0004555768009768
-0.0005312285958485,-0.0004672407814407,-0.0003862476190476,0.000496993064713,-7.294273504273476e-05,-0.0004255326007326,-0.0006523951159951,-0.0006569349206349,-0.0006170335042735,-0.0004531145299145,-0.0004887981684981,-0.0004495421245421
-0.0005555136263736,-0.0004702747252747,-0.0003710412698412,0.0005121445909645,-9.117980463980436e-05,-0.0004194535286935,-0.0006432493284493,-0.0006538936507936,-0.0006170335042735,-0.0004500935286935,-0.0004827634920634,-0.0004435074481074
-0.0005615848840048,-0.0004642068376068,-0.0003558349206349,0.0005121445909645,-0.0001033378510378,-0.0004103349206349,-0.0006462979242979,-0.0006599761904761,-0.0006170335042735,-0.0004500935286935,-0.0004797461538461,-0.0004465247863247
-0.0005524779975579,-0.000455105006105,-0.0003619174603174,0.0005030536752136,-9.421931623931596e-05,-0.0004072953846153,-0.0006523951159951,-0.0006569349206349,-0.0006140088644688,-0.0004470725274725,-0.0004767288156288,-0.0004435074481074
-0.0005524779975579,-0.0004702747252747,-0.0003771238095238,0.0005091142857142,-8.814029304029276e-05,-0.000422493064713,-0.0006523951159951,-0.0006569349206349,-0.0006140088644688,-0.0004500935286935,-0.0004857808302808,-0.0004465247863247
-0.0005464067399267,-0.0004763426129426,-0.0003832063492063,0.0005091142857142,-8.206126984126955e-05,-0.0004285721367521,-0.0006584923076923,-0.0006660587301587,-0.0006230827838827,-0.0004621775335775,-0.0004948328449328,-0.0004555768009768
-0.0005464067399267,-0.0004611728937728,-0.0003679999999999,0.0005030536752136,-8.814029304029276e-05,-0.0004133744566544,-0.0006615409035409,-0.0006690999999999,-0.0006230827838827,-0.0004621775335775,-0.0004918155067155,-0.0004555768009768
-0.0005403354822954,-0.000452071062271,-0.0003679999999999,0.0004939627594627,-8.510078144078116e-05,-0.0004103349206349,-0.0006645894993894,-0.0006690999999999,-0.0006230827838827,-0.0004621775335775,-0.0004887981684981,-0.0004525594627594
-0.0005372998534798,-0.0004642068376068,-0.000380165079365,0.0005000233699633,-7.902175824175796e-05,-0.000422493064713,-0.000667638095238,-0.0006690999999999,-0.0006261074236874,-0.0004591565323565,-0.0004918155067155,-0.0004585941391941
-0.0005464067399267,-0.0004793765567765,-0.0003862476190476,0.0005121445909645,-7.902175824175796e-05,-0.0004316116727716,-0.0006645894993894,-0.0006690999999999,-0.000629132063492,-0.0004651985347985,-0.0004948328449328,-0.0004585941391941
-0.0005676561416361,-0.0004854444444444,-0.0003771238095238,0.0005242658119658,-9.421931623931596e-05,-0.0004316116727716,-0.0006615409035409,-0.0006660587301587,-0.0006261074236874,-0.0004621775335775,-0.0004948328449328,-0.0004525594627594
-0.0005646205128205,-0.0004793765567765,-0.0003740825396825,0.0005212355067155,-9.421931623931596e-05,-0.0004255326007326,-0.0006584923076923,-0.0006630174603174,-0.0006200581440781,-0.0004531145299145,-0.0004857808302808,-0.0004404901098901
-0.0005494423687423,-0.0004702747252747,-0.0003771238095238,0.0005091142857142,-8.510078144078116e-05,-0.000422493064713,-0.0006615409035409,-0.0006660587301587,-0.0006170335042735,-0.0004531145299145,-0.0004797461538461,-0.0004374727716727
-0.0005433711111111,-0.0004642068376068,-0.0003771238095238,0.0005030536752136,-8.206126984126955e-05,-0.0004194535286935,-0.000667638095238,-0.0006690999999999,-0.0006230827838827,-0.0004621775335775,-0.0004857808302808,-0.0004465247863247
-0.0005555136263736,-0.0004642068376068,-0.0003649587301587,0.0005091142857142,-9.421931623931596e-05,-0.0004133744566544,-0.000667638095238,-0.0006782238095238,-0.0006351813431013,-0.0004682195360195,-0.0004887981684981,-0.0004495421245421
-0.0005494423687423,-0.0004581389499389,-0.0003679999999999,0.0005030536752136,-9.117980463980436e-05,-0.0004133744566544,-0.000667638095238,-0.000681265079365,-0.0006382059829059,-0.0004712405372405,-0.0004918155067155,-0.0004555768009768
-0.0005524779975579,-0.0004672407814407,-0.0003771238095238,0.0005091142857142,-8.814029304029276e-05,-0.000422493064713,-0.000667638095238,-0.0006782238095238,-0.0006321567032967,-0.0004651985347985,-0.0004918155067155,-0.0004555768009768
-0.0005494423687423,-0.0004793765567765,-0.0003892888888888,0.0005121445909645,-7.902175824175796e-05,-0.0004346512087912,-0.0006706866910866,-0.0006721412698412,-0.000629132063492,-0.0004621775335775,-0.0004887981684981,-0.0004465247863247
-0.0005433711111111,-0.0004702747252747,-0.0003832063492063,0.0005060839804639,-7.902175824175796e-05,-0.0004255326007326,-0.0006737352869352,-0.0006721412698412,-0.000629132063492,-0.0004591565323565,-0.0004797461538461,-0.0004404901098901
-0.0005494423687423,-0.0004642068376068,-0.0003740825396825,0.0005060839804639,-8.814029304029276e-05,-0.0004194535286935,-0.0006706866910866,-0.0006751825396825,-0.0006321567032967,-0.0004621775335775,-0.0004857808302808,-0.0004465247863247
-0.0005585492551892,-0.0004763426129426,-0.0003740825396825,0.0005151748962148,-9.117980463980436e-05,-0.0004255326007326,-0.000667638095238,-0.0006782238095238,-0.0006351813431013,-0.0004712405372405,-0.0004948328449328,-0.0004555768009768
-0.0005585492551892,-0.0004763426129426,-0.0003740825396825,0.0005151748962148,-9.117980463980436e-05,-0.0004255326007326,-0.0006645894993894,-0.000681265079365,-0.0006321567032967,-0.0004712405372405,-0.0004978501831501,-0.0004585941391941
-0.0005524779975579,-0.0004702747252747,-0.0003740825396825,0.0005091142857142,-8.814029304029276e-05,-0.000422493064713,-0.0006615409035409,-0.0006721412698412,-0.0006261074236874,-0.0004621775335775,-0.0004918155067155,-0.0004525594627594
-0.0005494423687423,-0.0004733086691086,-0.0003771238095238,0.0005091142857142,-8.510078144078116e-05,-0.0004255326007326,-0.0006584923076923,-0.0006690999999999,-0.0006261074236874,-0.0004621775335775,-0.0004887981684981,-0.0004495421245421
-0.0005555136263736,-0.0004793765567765,-0.0003771238095238,0.0005151748962148,-8.814029304029276e-05,-0.0004285721367521,-0.0006615409035409,-0.0006782238095238,-0.0006382059829059,-0.0004742615384615,-0.0005008675213675,-0.0004616114774114
-0.0005676561416361,-0.0004733086691086,-0.0003619174603174,0.0005182052014652,-0.0001033378510378,-0.0004164139926739,-0.0006615409035409,-0.0006782238095238,-0.0006412306227106,-0.0004772825396825,-0.0005069021978021,-0.0004646288156288
-0.0005737273992673,-0.0004611728937728,-0.0003436698412698,0.0005151748962148,-0.0001154958974358,-0.0004012163125763,-0.0006584923076923,-0.0006721412698412,-0.000629132063492,-0.0004651985347985,-0.0004948328449328,-0.0004525594627594
-0.0005706917704517,-0.0004642068376068,-0.0003467111111111,0.0005151748962148,-0.0001124563858363,-0.0004042558485958,-0.0006554437118437,-0.0006690999999999,-0.0006230827838827,-0.0004591565323565,-0.0004857808302808,-0.0004465247863247
-0.0005524779975579,-0.0004733086691086,-0.0003740825396825,0.0005121445909645,-8.814029304029276e-05,-0.000422493064713,-0.0006584923076923,-0.0006690999999999,-0.0006261074236874,-0.0004591565323565,-0.0004857808302808,-0.0004435074481074
-0.0005403354822954,-0.0004793765567765,-0.0003953714285714,0.0005091142857142,-7.294273504273476e-05,-0.0004376907448107,-0.0006615409035409,-0.0006690999999999,-0.000629132063492,-0.0004621775335775,-0.0004887981684981,-0.0004435074481074
-0.0005464067399267,-0.0004793765567765,-0.0003892888888888,0.0005121445909645,-7.902175824175796e-05,-0.0004346512087912,-0.0006615409035409,-0.0006721412698412,-0.0006321567032967,-0.0004621775335775,-0.0004887981684981,-0.0004465247863247
-0.0005524779975579,-0.0004763426129426,-0.000380165079365,0.0005121445909645,-8.510078144078116e-05,-0.0004285721367521,-0.0006645894993894,-0.0006782238095238,-0.0006382059829059,-0.0004682195360195,-0.0004918155067155,-0.0004525594627594
-0.0005524779975579,-0.0004642068376068,-0.0003649587301587,0.0005060839804639,-9.421931623931596e-05,-0.0004133744566544,-0.000667638095238,-0.0006751825396825,-0.0006412306227106,-0.0004712405372405,-0.0004948328449328,-0.0004525594627594
-0.0005646205128205,-0.0004611728937728,-0.0003497523809523,0.0005121445909645,-0.0001063773626373,-0.0004042558485958,-0.0006767838827838,-0.000681265079365,-0.0006442552625152,-0.0004803035409035,-0.0005008675213675,-0.0004616114774114
-0.0005706917704517,-0.0004672407814407,-0.0003527936507936,0.0005182052014652,-0.0001094168742368,-0.0004103349206349,-0.0006737352869352,-0.0006843063492063,-0.0006412306227106,-0.0004803035409035,-0.0005038848595848,-0.0004646288156288
-0.0005615848840048,-0.0004763426129426,-0.0003679999999999,0.0005182052014652,-9.725882783882755e-05,-0.000422493064713,-0.0006615409035409,-0.0006751825396825,-0.0006321567032967,-0.0004712405372405,-0.0005008675213675,-0.0004555768009768
-0.0005615848840048,-0.0004915123321123,-0.0003832063492063,0.0005242658119658,-8.814029304029276e-05,-0.0004376907448107,-0.0006554437118437,-0.0006660587301587,-0.0006261074236874,-0.0004621775335775,-0.0004918155067155,-0.0004465247863247
-0.0005706917704517,-0.0005006141636141,-0.0003892888888888,0.0005333567277167,-9.117980463980436e-05,-0.0004437698168498,-0.0006554437118437,-0.0006660587301587,-0.000629132063492,-0.0004561355311355,-0.0004857808302808,-0.0004465247863247
-0.0005615848840048,-0.0004945462759462,-0.0003892888888888,0.0005272961172161,-8.510078144078116e-05,-0.0004407302808302,-0.0006645894993894,-0.0006721412698412,-0.0006321567032967,-0.0004621775335775,-0.0004918155067155,-0.0004495421245421
-0.0005615848840048,-0.0004945462759462,-0.0003862476190476,0.0005272961172161,-8.814029304029276e-05,-0.0004407302808302,-0.0006706866910866,-0.0006782238095238,-0.0006412306227106,-0.0004742615384615,-0.0005008675213675,-0.0004555768009768
-0.0005615848840048,-0.0004763426129426,-0.0003679999999999,0.0005182052014652,-9.725882783882755e-05,-0.000422493064713,-0.0006706866910866,-0.0006843063492063,-0.0006472799023199,-0.0004772825396825,-0.0005008675213675,-0.0004616114774114
-0.0005585492551892,-0.0004642068376068,-0.0003588761904761,0.0005091142857142,-0.0001002983394383,-0.0004103349206349,-0.0006706866910866,-0.0006843063492063,-0.0006442552625152,-0.0004772825396825,-0.0005038848595848,-0.0004676461538461
-0.0005646205128205,-0.0004793765567765,-0.0003710412698412,0.0005212355067155,-9.725882783882755e-05,-0.0004255326007326,-0.0006706866910866,-0.0006782238095238,-0.0006412306227106,-0.0004742615384615,-0.0005069021978021,-0.0004676461538461
-0.0005676561416361,-0.0004884783882783,-0.0003771238095238,0.0005272961172161,-9.421931623931596e-05,-0.0004316116727716,-0.0006645894993894,-0.0006721412698412,-0.0006321567032967,-0.0004682195360195,-0.0004978501831501,-0.0004585941391941
-0.0005797986568986,-0.0004854444444444,-0.0003649587301587,0.0005303264224664,-0.0001063773626373,-0.0004255326007326,-0.0006645894993894,-0.0006721412698412,-0.0006321567032967,-0.0004651985347985,-0.0004948328449328,-0.0004525594627594
-0.0005828342857142,-0.0004884783882783,-0.0003619174603174,0.0005333567277167,-0.0001094168742368,-0.0004255326007326,-0.0006615409035409,-0.0006721412698412,-0.0006351813431013,-0.0004712405372405,-0.0004978501831501,-0.0004555768009768
-0.0005858699145299,-0.0004854444444444,-0.0003558349206349,0.0005333567277167,-0.0001154958974358,-0.0004194535286935,-0.0006645894993894,-0.0006751825396825,-0.0006351813431013,-0.0004682195360195,-0.0004948328449328,-0.0004495421245421
-0.0005797986568986,-0.0004854444444444,-0.0003588761904761,0.0005303264224664,-0.0001094168742368,-0.000422493064713,-0.0006737352869352,-0.000681265079365,-0.0006351813431013,-0.0004712405372405,-0.0005008675213675,-0.0004525594627594
-0.0005646205128205,-0.0004854444444444,-0.0003771238095238,0.0005242658119658,-9.421931623931596e-05,-0.0004316116727716,-0.0006798324786324,-0.0006782238095238,-0.0006351813431013,-0.0004742615384615,-0.0005008675213675,-0.0004585941391941
-0.0005555136263736,-0.0004824105006105,-0.000380165079365,0.0005182052014652,-8.814029304029276e-05,-0.0004316116727716,-0.0006798324786324,-0.0006782238095238,-0.0006351813431013,-0.0004712405372405,-0.0005008675213675,-0.0004616114774114
-0.0005646205128205,-0.0004763426129426,-0.0003710412698412,0.0005182052014652,-9.725882783882755e-05,-0.000422493064713,-0.0006737352869352,-0.0006782238095238,-0.0006351813431013,-0.0004682195360195,-0.0004978501831501,-0.0004585941391941
-0.0005737273992673,-0.0004793765567765,-0.0003619174603174,0.0005242658119658,-0.0001063773626373,-0.0004194535286935,-0.0006706866910866,-0.000681265079365,-0.0006321567032967,-0.0004742615384615,-0.0005008675213675,-0.0004616114774114
-0.0005585492551892,-0.0004915123321123,-0.0003862476190476,0.0005242658119658,-8.510078144078116e-05,-0.0004376907448107,-0.0006767838827838,-0.0006873476190476,-0.0006412306227106,-0.0004803035409035,-0.0005099195360195,-0.0004646288156288
-0.0005585492551892,-0.0004945462759462,-0.0003862476190476,0.0005242658119658,-8.510078144078116e-05,-0.0004407302808302,-0.0006798324786324,-0.0006843063492063,-0.0006442552625152,-0.0004833245421245,-0.0005069021978021,-0.0004646288156288
-0.0005797986568986,-0.0004854444444444,-0.0003619174603174,0.0005303264224664,-0.0001094168742368,-0.000422493064713,-0.0006706866910866,-0.0006721412698412,-0.0006321567032967,-0.0004742615384615,-0.0004978501831501,-0.0004525594627594
-0.0005555136263736,-0.0004702747252747,-0.0003679999999999,0.0005121445909645,-9.421931623931596e-05,-0.0004194535286935,-0.0006737352869352,-0.0006690999999999,-0.0006230827838827,-0.0004651985347985,-0.0004918155067155,-0.0004495421245421
-0.0005555136263736,-0.0004763426129426,-0.0003771238095238,0.0005151748962148,-8.814029304029276e-05,-0.0004255326007326,-0.000682881074481,-0.0006751825396825,-0.0006321567032967,-0.0004712405372405,-0.0004978501831501,-0.0004555768009768
-0.0005676561416361,-0.0004733086691086,-0.0003649587301587,0.0005182052014652,-0.0001002983394383,-0.0004194535286935,-0.0006859296703296,-0.0006782238095238,-0.0006351813431013,-0.0004742615384615,-0.0005008675213675,-0.0004616114774114
-0.0005737273992673,-0.0004702747252747,-0.0003558349206349,0.0005212355067155,-0.0001094168742368,-0.0004133744566544,-0.0006859296703296,-0.0006843063492063,-0.0006351813431013,-0.0004742615384615,-0.0005038848595848,-0.0004646288156288
-0.0005676561416361,-0.0004854444444444,-0.000380165079365,0.0005242658119658,-9.421931623931596e-05,-0.0004316116727716,-0.0006859296703296,-0.000681265079365,-0.0006382059829059,-0.0004833245421245,-0.0005099195360195,-0.0004706634920634
-0.0005706917704517,-0.0004975802197802,-0.0003832063492063,0.0005333567277167,-9.421931623931596e-05,-0.0004407302808302,-0.000682881074481,-0.0006782238095238,-0.0006382059829059,-0.0004833245421245,-0.0005099195360195,-0.0004676461538461
-0.0005828342857142,-0.0004945462759462,-0.0003679999999999,0.000536387032967,-0.0001063773626373,-0.0004316116727716,-0.000682881074481,-0.000681265079365,-0.0006351813431013,-0.0004803035409035,-0.0005069021978021,-0.0004646288156288
-0.000576763028083,-0.0004884783882783,-0.0003679999999999,0.0005303264224664,-0.0001033378510378,-0.0004285721367521,-0.000682881074481,-0.0006843063492063,-0.0006412306227106,-0.0004803035409035,-0.0005008675213675,-0.0004616114774114
-0.000576763028083,-0.0004945462759462,-0.0003771238095238,0.0005333567277167,-0.0001002983394383,-0.0004346512087912,-0.0006859296703296,-0.000681265079365,-0.0006351813431013,-0.0004742615384615,-0.0004978501831501,-0.0004585941391941
-0.0005737273992673,-0.0005036481074481,-0.0003862476190476,0.000536387032967,-9.421931623931596e-05,-0.0004437698168498,-0.000682881074481,-0.0006751825396825,-0.000629132063492,-0.0004682195360195,-0.0004978501831501,-0.0004555768009768
-0.0005737273992673,-0.000506682051282,-0.0003923301587301,0.0005394173382173,-9.117980463980436e-05,-0.0004498488888888,-0.0006798324786324,-0.0006751825396825,-0.0006351813431013,-0.0004712405372405,-0.0004978501831501,-0.0004555768009768
-0.0005797986568986,-0.0004975802197802,-0.0003740825396825,0.000536387032967,-0.0001033378510378,-0.0004346512087912,-0.0006737352869352,-0.0006751825396825,-0.0006321567032967,-0.0004682195360195,-0.0004948328449328,-0.0004495421245421
-0.0005828342857142,-0.0004793765567765,-0.0003527936507936,0.0005303264224664,-0.0001154958974358,-0.0004164139926739,-0.0006767838827838,-0.0006782238095238,-0.0006351813431013,-0.0004712405372405,-0.0004978501831501,-0.0004525594627594
-0.0005889055433455,-0.0004733086691086,-0.0003436698412698,0.0005303264224664,-0.0001215749206349,-0.0004072953846153,-0.000682881074481,-0.0006843063492063,-0.0006412306227106,-0.0004833245421245,-0.0005069021978021,-0.0004616114774114
-0.0005919411721611,-0.0004854444444444,-0.0003497523809523,0.000536387032967,-0.0001215749206349,-0.0004164139926739,-0.000682881074481,-0.0006843063492063,-0.0006412306227106,-0.0004863455433455,-0.0005099195360195,-0.0004676461538461
-0.0005828342857142,-0.0004884783882783,-0.0003619174603174,0.0005333567277167,-0.0001094168742368,-0.0004255326007326,-0.0006798324786324,-0.0006873476190476,-0.0006442552625152,-0.0004893665445665,-0.0005159542124542,-0.0004706634920634
-0.0005646205128205,-0.0004884783882783,-0.0003771238095238,0.0005242658119658,-9.421931623931596e-05,-0.0004316116727716,-0.0006798324786324,-0.0006873476190476,-0.0006442552625152,-0.0004893665445665,-0.0005159542124542,-0.0004706634920634
-0.0005646205128205,-0.0004945462759462,-0.0003832063492063,0.0005272961172161,-9.117980463980436e-05,-0.0004376907448107,-0.0006859296703296,-0.000681265079365,-0.0006351813431013,-0.0004772825396825,-0.0005038848595848,-0.0004616114774114
-0.0005828342857142,-0.0004975802197802,-0.0003740825396825,0.0005394173382173,-0.0001033378510378,-0.0004346512087912,-0.000682881074481,-0.0006721412698412,-0.0006321567032967,-0.0004682195360195,-0.0004948328449328,-0.0004495421245421
-0.0005797986568986,-0.0005006141636141,-0.0003771238095238,0.0005394173382173,-0.0001002983394383,-0.0004376907448107,-0.000682881074481,-0.0006782238095238,-0.0006351813431013,-0.0004742615384615,-0.0004978501831501,-0.0004585941391941
-0.0005737273992673,-0.0004945462759462,-0.0003771238095238,0.0005333567277167,-9.725882783882755e-05,-0.0004346512087912,-0.0006767838827838,-0.0006782238095238,-0.0006351813431013,-0.0004742615384615,-0.0005008675213675,-0.0004646288156288
-0.0005828342857142,-0.0004854444444444,-0.0003619174603174,0.0005333567277167,-0.0001094168742368,-0.000422493064713,-0.0006706866910866,-0.0006690999999999,-0.0006261074236874,-0.0004682195360195,-0.0004948328449328,-0.0004585941391941
-0.0005858699145299,-0.0004975802197802,-0.0003679999999999,0.0005394173382173,-0.0001094168742368,-0.0004316116727716,-0.0006737352869352,-0.0006721412698412,-0.000629132063492,-0.0004682195360195,-0.0004948328449328,-0.0004555768009768
-0.000576763028083,-0.0005036481074481,-0.0003832063492063,0.0005394173382173,-9.725882783882755e-05,-0.0004437698168498,-0.0006798324786324,-0.0006690999999999,-0.000629132063492,-0.0004682195360195,-0.0004978501831501,-0.0004585941391941
-0.0005828342857142,-0.0004793765567765,-0.0003527936507936,0.0005303264224664,-0.0001154958974358,-0.0004164139926739,-0.0006645894993894,-0.0006569349206349,-0.0006200581440781,-0.0004621775335775,-0.0004918155067155,-0.0004555768009768
-0.000576763028083,-0.0004733086691086,-0.0003527936507936,0.0005242658119658,-0.0001124563858363,-0.0004133744566544,-0.0006615409035409,-0.0006538936507936,-0.0006170335042735,-0.0004621775335775,-0.0004918155067155,-0.0004555768009768
-0.0005555136263736,-0.0004733086691086,-0.0003740825396825,0.0005121445909645,-9.117980463980436e-05,-0.000422493064713,-0.000667638095238,-0.0006538936507936,-0.0006200581440781,-0.0004651985347985,-0.0004948328449328,-0.0004585941391941
-0.0005403354822954,-0.0004642068376068,-0.0003740825396825,0.0005000233699633,-8.206126984126955e-05,-0.0004194535286935,-0.0006706866910866,-0.0006447698412698,-0.0006109842246642,-0.0004531145299145,-0.0004857808302808,-0.0004495421245421
-0.0005342642246642,-0.0004490371184371,-0.0003679999999999,0.0004909324542124,-8.206126984126955e-05,-0.0004072953846153,-0.0006584923076923,-0.0006234809523809,-0.0005928363858363,-0.0004380095238095,-0.0004737114774114,-0.0004374727716727
-0.0005160504517704,-0.0004308334554334,-0.0003710412698412,0.0004727506227106,-7.294273504273476e-05,-0.0004012163125763,-0.0006584923076923,-0.0006173984126984,-0.0005898117460317,-0.0004380095238095,-0.0004737114774114,-0.0004404901098901
-0.0005099791941391,-0.0004247655677655,-0.0003710412698412,0.00046669001221,-6.990322344322315e-05,-0.0003981767765567,-0.0006706866910866,-0.0006326047619047,-0.0006079595848595,-0.0004500935286935,-0.0004827634920634,-0.0004465247863247
-0.0005281929670329,-0.0004429692307692,-0.0003679999999999,0.0004848718437118,-7.902175824175796e-05,-0.0004042558485958,-0.000682881074481,-0.0006508523809523,-0.000629132063492,-0.0004682195360195,-0.0004918155067155,-0.0004555768009768
-0.0005555136263736,-0.0004793765567765,-0.0003771238095238,0.0005151748962148,-8.814029304029276e-05,-0.0004285721367521,-0.000682881074481,-0.0006569349206349,-0.0006412306227106,-0.0004772825396825,-0.0005038848595848,-0.0004646288156288
-0.0005706917704517,-0.000506682051282,-0.0003923301587301,0.000536387032967,-8.814029304029276e-05,-0.0004498488888888,-0.0006737352869352,-0.0006478111111111,-0.0006351813431013,-0.0004742615384615,-0.0005038848595848,-0.0004676461538461
-0.000576763028083,-0.000506682051282,-0.0003862476190476,0.0005394173382173,-9.421931623931596e-05,-0.0004468093528693,-0.000682881074481,-0.0006538936507936,-0.0006321567032967,-0.0004682195360195,-0.0004978501831501,-0.0004585941391941
-0.0005737273992673,-0.0005036481074481,-0.0003862476190476,0.000536387032967,-9.421931623931596e-05,-0.0004437698168498,-0.000698124053724,-0.0006782238095238,-0.0006382059829059,-0.0004712405372405,-0.0004978501831501,-0.0004495421245421
-0.000576763028083,-0.000506682051282,-0.0003892888888888,0.0005394173382173,-9.421931623931596e-05,-0.0004468093528693,-0.0007011726495726,-0.0006873476190476,-0.0006503045421245,-0.0004772825396825,-0.0005008675213675,-0.0004555768009768
-0.0005737273992673,-0.0004975802197802,-0.0003892888888888,0.0005333567277167,-9.117980463980436e-05,-0.0004437698168498,-0.0007011726495726,-0.000681265079365,-0.0006533291819291,-0.0004772825396825,-0.0004978501831501,-0.0004555768009768
-0.0005555136263736,-0.0004884783882783,-0.0003984126984126,0.0005212355067155,-7.902175824175796e-05,-0.0004437698168498,-0.0007042212454212,-0.0006782238095238,-0.0006533291819291,-0.0004803035409035,-0.0004978501831501,-0.0004555768009768
-0.0005433711111111,-0.0004945462759462,-0.0004105777777777,0.0005182052014652,-6.686371184371155e-05,-0.0004528884249084,-0.0007042212454212,-0.0006873476190476,-0.0006624031013431,-0.0004893665445665,-0.0005099195360195,-0.0004646288156288
-0.0005464067399267,-0.0005036481074481,-0.000413619047619,0.0005242658119658,-6.686371184371155e-05,-0.0004589674969474,-0.0007042212454212,-0.0006934301587301,-0.000671477020757,-0.0004984295482295,-0.0005189715506715,-0.0004736808302808
-0.0005646205128205,-0.0005218517704517,-0.0004105777777777,0.0005424476434676,-7.598224664224636e-05,-0.0004650465689865,-0.0007011726495726,-0.0006995126984126,-0.000671477020757,-0.0004954085470085,-0.0005189715506715,-0.0004766981684981
-0.0005797986568986,-0.0005309536019536,-0.0004044952380952,0.0005545688644688,-8.814029304029276e-05,-0.0004680861050061,-0.0006920268620268,-0.0007025539682539,-0.000671477020757,-0.0004954085470085,-0.0005219888888888,-0.0004766981684981
-0.0005919411721611,-0.0005309536019536,-0.0003953714285714,0.0005606294749694,-9.725882783882755e-05,-0.000462007032967,-0.0006859296703296,-0.0007025539682539,-0.0006684523809523,-0.0004984295482295,-0.0005250062271062,-0.0004827328449328
-0.0006040836874236,-0.0005309536019536,-0.0003832063492063,0.00056669008547,-0.0001094168742368,-0.0004559279609279,-0.000682881074481,-0.0007055952380952,-0.0006745016605616,-0.0005044715506715,-0.0005280235653235,-0.0004857501831501
-0.0006162262026862,-0.0005279196581196,-0.0003710412698412,0.0005697203907203,-0.0001215749206349,-0.0004498488888888,-0.0006798324786324,-0.0007086365079365,-0.0006745016605616,-0.0005044715506715,-0.0005280235653235,-0.0004766981684981
-0.0006222974603174,-0.0005339875457875,-0.0003649587301587,0.000575781001221,-0.0001276539438339,-0.0004498488888888,-0.0006798324786324,-0.0007055952380952,-0.000671477020757,-0.0005014505494505,-0.0005250062271062,-0.0004736808302808
-0.0005919411721611,-0.0005248857142857,-0.0003862476190476,0.0005575991697191,-0.0001033378510378,-0.0004559279609279,-0.0006859296703296,-0.0007086365079365,-0.0006775263003663,-0.0005014505494505,-0.0005189715506715,-0.0004706634920634
-0.0005706917704517,-0.0005157838827838,-0.0004044952380952,0.0005424476434676,-8.206126984126955e-05,-0.0004589674969474,-0.0006950754578754,-0.0007086365079365,-0.0006745016605616,-0.0004984295482295,-0.0005189715506715,-0.0004706634920634
-0.0005858699145299,-0.0005218517704517,-0.0003953714285714,0.0005515385592185,-9.421931623931596e-05,-0.0004589674969474,-0.0006889782661782,-0.0007055952380952,-0.0006684523809523,-0.0004984295482295,-0.0005159542124542,-0.0004706634920634
-0.000601048058608,-0.0005248857142857,-0.000380165079365,0.0005606294749694,-0.0001094168742368,-0.0004528884249084,-0.000682881074481,-0.0007055952380952,-0.0006684523809523,-0.0004984295482295,-0.0005189715506715,-0.0004736808302808
-0.0005919411721611,-0.0005188178266178,-0.0003832063492063,0.0005545688644688,-0.0001033378510378,-0.0004498488888888,-0.0006920268620268,-0.0007086365079365,-0.000671477020757,-0.0005014505494505,-0.0005219888888888,-0.0004766981684981
-0.0005737273992673,-0.000506682051282,-0.0003892888888888,0.0005394173382173,-9.117980463980436e-05,-0.0004468093528693,-0.0007042212454212,-0.0007116777777777,-0.000671477020757,-0.0004984295482295,-0.0005189715506715,-0.0004797155067155
-0.0005828342857142,-0.0004975802197802,-0.0003740825396825,0.0005394173382173,-0.0001033378510378,-0.0004346512087912,-0.0007072698412698,-0.000714719047619,-0.0006684523809523,-0.0004984295482295,-0.0005159542124542,-0.0004736808302808
-0.0005980124297924,-0.0004975802197802,-0.0003558349206349,0.0005454779487179,-0.0001215749206349,-0.0004255326007326,-0.000698124053724,-0.000714719047619,-0.0006624031013431,-0.0004954085470085,-0.0005129368742368,-0.0004676461538461
-0.000601048058608,-0.0004975802197802,-0.0003527936507936,0.0005485082539682,-0.0001246144322344,-0.0004255326007326,-0.0006889782661782,-0.0007055952380952,-0.0006503045421245,-0.0004863455433455,-0.0005099195360195,-0.0004616114774114
-0.0005919411721611,-0.0005097159951159,-0.0003740825396825,0.0005485082539682,-0.0001094168742368,-0.0004407302808302,-0.0006920268620268,-0.0006782238095238,-0.0006230827838827,-0.0004742615384615,-0.0005099195360195,-0.0004706634920634
-0.0005797986568986,-0.0004793765567765,-0.0003527936507936,0.0005272961172161,-0.0001124563858363,-0.0004164139926739,-0.0006889782661782,-0.0006295634920634,-0.0005625899877899,-0.0004410305250305,-0.0005008675213675,-0.0004736808302808
-0.0005676561416361,-0.0003822903540903,-0.000267638095238,0.0004727506227106,-0.0001489305250305,-0.0003252279120879,-0.0007011726495726,-0.0005839444444444,-0.0004899986324786,-0.0003926945054945,-0.0004676768009768,-0.0004616114774114
-0.0005130148229548,-0.0002245252747252,-0.0001672761904761,0.0003666899389499,-0.0001732466178266,-0.0001945278632478,-0.0007377557997557,-0.0004592523809523,-0.0003478405616605,-0.0002597704517704,-0.0003711219780219,-0.000404282051282
-0.0004006965567765,2.1224175824176015e-05,-3.9542857142857046e-05,0.0001879019291819,-0.0001793256410256,-9.116166056166092e-06,-0.0008078735042735,-0.000331519047619,-0.0001270418559218,-2.985347985348504e-06,-0.0001689603174603,-0.0002685018315018
-0.0002671288888888,0.0003943992673992,0.0001976761904761,-6.361340659340657e-05,-0.0002309973382173,0.0002948374358974,-0.000984692063492,-0.0004592523809523,7.25843711843711e-05,0.0003383877899877,0.0001569122100122,4.126984126924072e-08
-0.0001365968498168,0.0008009477411477,0.0004713904761904,-0.0003302802686202,-0.0003039456166056,0.0006352654700854,-0.00127126007326,-0.0008029158730158,0.000184496043956,0.0006948659340659,0.0005401141636141,0.0003470351648351
-2.7314212454212727e-05,0.0011255797313797,0.0006842793650793,-0.0005484622466422,-0.0003556173137973,0.0009057841758241,-0.0016157514041514,-0.0012226111111111,0.000142151086691,0.00097884004884,0.000887108058608,0.0006789423687423
2.732710622710595e-05,0.0012894126984126,0.000793765079365,-0.0006575532356532,-0.0003829729181929,0.0010425632967032,-0.0018809792429792,-0.0015358619047619,6.042295482295402e-06,0.00106947008547,0.001065131013431,0.0009052427350427
-1.820732600732628e-05,0.0009738825396825,0.0005261333333333,-0.0004757349206349,-0.0002705109890109,0.0007507678388278,-0.0018809792429792,-0.0016575126984126,-0.0003115448840048,0.0007039289377289,0.0008146919413919,0.0008086879120879
-0.0002276657142857,0.0003155167277167,8.514920634920643e-05,-4.2401269841269815e-05,-0.0001550095482295,0.0002006118192918,-0.0016492859584859,-0.0017396269841269,-0.0008075858119658,3.326666666666614e-05,0.000289675091575,0.000479798046398
-0.0004523022466422,-3.035286935286916e-05,-3.346031746031737e-05,0.0002394171184371,-0.0002097207570207,-3.0392918192918223e-05,-0.0014541758241758,-0.0018734428571428,-0.0012007889865689,-0.0004470725274725,-6.335347985348e-05,0.000256515018315
-0.000576763028083,-0.0002275592185592,-0.0001064507936507,0.0004000232967032,-0.0002340368498168,-0.000167172039072,-0.0013078432234432,-0.0018004523809523,-0.0013127006593406,-0.0006585426129426,-0.0002745671550671,7.245738705738645e-05
-0.0006314043467643,-0.000400494017094,-0.0002281015873015,0.0005151748962148,-0.0002006022222222,-0.0003130697680097,-0.0011828507936507,-0.0015662746031746,-0.0012219614652014,-0.0006857316239316,-0.000398278021978,-0.0001055655677655
-0.0006435468620268,-0.0004854444444444,-0.000301092063492,0.0005636597802197,-0.0001702071062271,-0.0003920977045177,-0.0010913929181929,-0.0013533857142857,-0.0011040005128205,-0.0006615636141636,-0.0004646594627594,-0.0002413457875457
-0.0006283687179487,-0.0005127499389499,-0.0003406285714285,0.0005697203907203,-0.0001428515018315,-0.0004255326007326,-0.0009877406593406,-0.0011587444444444,-0.0009860395604395,-0.0006283326007326,-0.0005008675213675,-0.0003318659340659
-0.0006131905738705,-0.0005127499389499,-0.0003527936507936,0.0005606294749694,-0.0001306934554334,-0.0004316116727716,-0.0008536024420024,-0.000951938095238,-0.0008590046886446,-0.0005769755799755,-0.0005069021978021,-0.000386178021978
-0.0005949768009768,-0.0004884783882783,-0.0003527936507936,0.0005394173382173,-0.0001215749206349,-0.0004194535286935,-0.0007438529914529,-0.0007785857142857,-0.0007410437362637,-0.0005135345543345,-0.0004887981684981,-0.0004012647130647
-0.0005676561416361,-0.000452071062271,-0.0003406285714285,0.0005091142857142,-0.0001124563858363,-0.0003951372405372,-0.0006859296703296,-0.0006782238095238,-0.0006624031013431,-0.0004682195360195,-0.0004706941391941,-0.0003982473748473
-0.0005706917704517,-0.0004429692307692,-0.0003284634920634,0.0005060839804639,-0.0001215749206349,-0.0003860186324786,-0.000667638095238,-0.0006447698412698,-0.000629132063492,-0.0004591565323565,-0.0004706941391941,-0.0004072993894993
-0.0005706917704517,-0.0004399352869352,-0.0003254222222222,0.0005030536752136,-0.0001215749206349,-0.000382979096459,-0.0006584923076923,-0.0006326047619047,-0.0006230827838827,-0.0004591565323565,-0.0004767288156288,-0.0004193687423687
-0.0005828342857142,-0.0004490371184371,-0.0003254222222222,0.0005151748962148,-0.0001276539438339,-0.0003860186324786,-0.0006523951159951,-0.0006173984126984,-0.0006170335042735,-0.0004651985347985,-0.0004857808302808,-0.000431438095238
-0.0005889055433455,-0.0004611728937728,-0.0003315047619047,0.0005242658119658,-0.0001276539438339,-0.0003951372405372,-0.0006462979242979,-0.0006113158730158,-0.0006109842246642,-0.0004682195360195,-0.0004948328449328,-0.0004435074481074
-0.0005858699145299,-0.0004642068376068,-0.0003375873015873,0.0005242658119658,-0.0001246144322344,-0.0004012163125763,-0.0006402007326007,-0.000602192063492,-0.0006079595848595,-0.0004712405372405,-0.0005038848595848,-0.0004555768009768
-0.0005828342857142,-0.0004642068376068,-0.0003406285714285,0.0005212355067155,-0.0001215749206349,-0.0004012163125763,-0.0006280063492063,-0.0005869857142857,-0.0005928363858363,-0.0004651985347985,-0.0005008675213675,-0.0004555768009768
-0.0005706917704517,-0.0004581389499389,-0.0003467111111111,0.0005121445909645,-0.0001124563858363,-0.0004012163125763,-0.0006219091575091,-0.0005778619047619,-0.0005867871062271,-0.0004621775335775,-0.0004978501831501,-0.0004495421245421
-0.0005706917704517,-0.000455105006105,-0.0003436698412698,0.0005121445909645,-0.0001124563858363,-0.0003981767765567,-0.0006219091575091,-0.0005717793650793,-0.0005837624664224,-0.0004651985347985,-0.0004978501831501,-0.0004495421245421
-0.0005676561416361,-0.000452071062271,-0.0003436698412698,0.0005091142857142,-0.0001124563858363,-0.0003981767765567,-0.0006280063492063,-0.000568738095238,-0.0005837624664224,-0.0004712405372405,-0.0005038848595848,-0.0004525594627594
-0.0005646205128205,-0.0004581389499389,-0.0003497523809523,0.0005091142857142,-0.0001063773626373,-0.0004042558485958,-0.0006249577533577,-0.0005626555555555,-0.0005777131868131,-0.0004651985347985,-0.0005038848595848,-0.0004555768009768
-0.0005706917704517,-0.0004672407814407,-0.0003558349206349,0.0005182052014652,-0.0001063773626373,-0.0004103349206349,-0.0006188605616605,-0.000556573015873,-0.0005716639072039,-0.0004621775335775,-0.0004978501831501,-0.0004585941391941
-0.0005737273992673,-0.0004611728937728,-0.0003436698412698,0.0005151748962148,-0.0001154958974358,-0.0004012163125763,-0.0006188605616605,-0.000556573015873,-0.0005746885470085,-0.0004621775335775,-0.0005008675213675,-0.0004585941391941
-0.000576763028083,-0.0004490371184371,-0.0003254222222222,0.0005121445909645,-0.0001246144322344,-0.0003860186324786,-0.0006219091575091,-0.0005474492063492,-0.0005716639072039,-0.0004591565323565,-0.0004978501831501,-0.0004585941391941
-0.000576763028083,-0.000452071062271,-0.0003284634920634,0.0005121445909645,-0.0001246144322344,-0.0003890581684981,-0.0006219091575091,-0.0005413666666666,-0.0005656146275946,-0.0004531145299145,-0.0004918155067155,-0.0004525594627594
-0.0005706917704517,-0.0004581389499389,-0.0003406285714285,0.0005121445909645,-0.0001154958974358,-0.0003981767765567,-0.0006219091575091,-0.0005413666666666,-0.0005656146275946,-0.0004531145299145,-0.0004978501831501,-0.0004525594627594
-0.0005676561416361,-0.0004460031746031,-0.000334546031746,0.0005060839804639,-0.0001154958974358,-0.0003890581684981,-0.0006188605616605,-0.0005383253968253,-0.0005656146275946,-0.0004500935286935,-0.0004918155067155,-0.0004525594627594
-0.0005676561416361,-0.0004460031746031,-0.0003375873015873,0.0005060839804639,-0.0001154958974358,-0.0003920977045177,-0.0006158119658119,-0.0005352841269841,-0.0005625899877899,-0.0004500935286935,-0.0004918155067155,-0.0004495421245421
-0.0005585492551892,-0.0004429692307692,-0.0003375873015873,0.0005000233699633,-0.0001094168742368,-0.0003890581684981,-0.0006188605616605,-0.0005292015873015,-0.0005656146275946,-0.0004561355311355,-0.0004948328449328,-0.0004495421245421
-0.0005737273992673,-0.0004460031746031,-0.0003284634920634,0.0005091142857142,-0.0001215749206349,-0.0003860186324786,-0.0006158119658119,-0.000523119047619,-0.0005595653479853,-0.0004531145299145,-0.0004918155067155,-0.0004495421245421
-0.0005706917704517,-0.0004611728937728,-0.0003436698412698,0.0005151748962148,-0.0001124563858363,-0.0004012163125763,-0.0006097147741147,-0.0005109539682539,-0.0005504914285714,-0.0004500935286935,-0.0004918155067155,-0.0004495421245421
-0.0005676561416361,-0.0004642068376068,-0.0003467111111111,0.0005151748962148,-0.0001094168742368,-0.0004042558485958,-0.0006005689865689,-0.0005048714285714,-0.0005414175091575,-0.0004470725274725,-0.0004918155067155,-0.0004495421245421
-0.0005737273992673,-0.0004490371184371,-0.0003315047619047,0.0005091142857142,-0.0001215749206349,-0.0003890581684981,-0.0006036175824175,-0.0005018301587301,-0.0005414175091575,-0.0004440515262515,-0.0004887981684981,-0.0004495421245421
-0.0005706917704517,-0.000452071062271,-0.0003375873015873,0.0005091142857142,-0.0001154958974358,-0.0003951372405372,-0.0006066661782661,-0.0004987888888888,-0.0005444421489621,-0.0004470725274725,-0.0004978501831501,-0.0004555768009768
-0.0005585492551892,-0.000455105006105,-0.0003527936507936,0.0005060839804639,-0.0001033378510378,-0.0004042558485958,-0.0006127633699633,-0.0004957476190476,-0.0005474667887667,-0.0004561355311355,-0.0005038848595848,-0.0004616114774114
-0.0005646205128205,-0.000452071062271,-0.0003406285714285,0.0005060839804639,-0.0001124563858363,-0.0003951372405372,-0.0006097147741147,-0.0004927063492063,-0.0005474667887667,-0.0004561355311355,-0.0005069021978021,-0.0004616114774114
-0.0005646205128205,-0.0004490371184371,-0.0003406285714285,0.0005060839804639,-0.0001124563858363,-0.0003951372405372,-0.0006036175824175,-0.0004835825396825,-0.0005383928693528,-0.0004531145299145,-0.0005038848595848,-0.0004646288156288
-0.0005585492551892,-0.000452071062271,-0.0003497523809523,0.0005030536752136,-0.0001033378510378,-0.0004012163125763,-0.0005944717948717,-0.0004683761904761,-0.0005262943101343,-0.0004440515262515,-0.0005008675213675,-0.0004616114774114
-0.0005737273992673,-0.000455105006105,-0.0003375873015873,0.0005121445909645,-0.0001185354090354,-0.0003951372405372,-0.0005883746031746,-0.0004531698412698,-0.0005172203907203,-0.0004349885225885,-0.0004948328449328,-0.0004525594627594
-0.0005828342857142,-0.0004581389499389,-0.0003284634920634,0.0005182052014652,-0.0001276539438339,-0.0003920977045177,-0.0005944717948717,-0.0004501285714285,-0.0005141957509157,-0.0004349885225885,-0.0004918155067155,-0.0004495421245421
-0.0005555136263736,-0.0004460031746031,-0.0003467111111111,0.0005000233699633,-0.0001033378510378,-0.0003951372405372,-0.0005975203907203,-0.0004501285714285,-0.0005172203907203,-0.0004410305250305,-0.0004948328449328,-0.0004555768009768
-0.0005524779975579,-0.0004490371184371,-0.0003527936507936,0.0005000233699633,-0.0001002983394383,-0.0004012163125763,-0.0005883746031746,-0.0004379634920634,-0.0005141957509157,-0.0004410305250305,-0.0005008675213675,-0.0004585941391941
-0.0005524779975579,-0.000455105006105,-0.0003588761904761,0.0005030536752136,-9.725882783882755e-05,-0.0004072953846153,-0.000585326007326,-0.0004257984126984,-0.0005051218315018,-0.0004380095238095,-0.0004948328449328,-0.0004555768009768
-0.0005464067399267,-0.0004581389499389,-0.0003679999999999,0.0005000233699633,-8.814029304029276e-05,-0.0004133744566544,-0.000585326007326,-0.0004136333333333,-0.0005020971916971,-0.0004349885225885,-0.0004918155067155,-0.0004525594627594
-0.0005524779975579,-0.0004581389499389,-0.0003588761904761,0.0005030536752136,-9.725882783882755e-05,-0.0004072953846153,-0.0005822774114774,-0.0004014682539682,-0.0004930232722832,-0.0004259255189255,-0.0004857808302808,-0.0004465247863247
-0.0005464067399267,-0.0004460031746031,-0.0003588761904761,0.0004939627594627,-9.421931623931596e-05,-0.0004012163125763,-0.0005822774114774,-0.0003923444444444,-0.0004930232722832,-0.0004319675213675,-0.0004887981684981,-0.0004495421245421
-0.0005464067399267,-0.0004399352869352,-0.0003467111111111,0.0004909324542124,-0.0001002983394383,-0.0003920977045177,-0.0005792288156288,-0.0003832206349206,-0.0004899986324786,-0.0004289465201465,-0.0004887981684981,-0.0004555768009768
-0.0005464067399267,-0.0004247655677655,-0.000334546031746,0.0004848718437118,-0.0001063773626373,-0.0003799395604395,-0.0005761802197802,-0.0003710555555555,-0.0004809247130647,-0.0004259255189255,-0.0004827634920634,-0.0004495421245421
-0.0005464067399267,-0.0004186976800976,-0.0003284634920634,0.0004818415384615,-0.0001094168742368,-0.0003738604884004,-0.0005761802197802,-0.0003619317460317,-0.0004748754334554,-0.0004259255189255,-0.0004827634920634,-0.0004465247863247
-0.0005464067399267,-0.0004156637362637,-0.0003284634920634,0.0004788112332112,-0.0001094168742368,-0.0003708209523809,-0.0005731316239316,-0.0003436841269841,-0.0004658015140415,-0.0004198835164835,-0.0004827634920634,-0.0004495421245421
-0.0005555136263736,-0.0004308334554334,-0.000334546031746,0.0004909324542124,-0.0001094168742368,-0.000382979096459,-0.00055484004884,-0.0003132714285714,-0.0004476536752136,-0.0004077995115995,-0.0004767288156288,-0.0004495421245421
-0.0005555136263736,-0.0004308334554334,-0.000334546031746,0.0004909324542124,-0.0001094168742368,-0.000382979096459,-0.0005456942612942,-0.0002950238095238,-0.0004385797557997,-0.0004017575091575,-0.0004737114774114,-0.0004435074481074
-0.0005433711111111,-0.0004217316239316,-0.0003406285714285,0.0004818415384615,-0.0001002983394383,-0.0003799395604395,-0.0005487428571428,-0.0002858999999999,-0.0004385797557997,-0.0004017575091575,-0.0004737114774114,-0.0004435074481074
-0.000519086080586,-0.0004126297924297,-0.0003497523809523,0.0004636597069597,-8.510078144078116e-05,-0.0003799395604395,-0.0005456942612942,-0.0002676523809523,-0.0004325304761904,-0.0003987365079365,-0.0004676768009768,-0.0004374727716727
-0.0005221217094017,-0.0004035279609279,-0.000334546031746,0.0004606294017094,-9.421931623931596e-05,-0.0003677814163614,-0.000539597069597,-0.0002402809523809,-0.0004204319169719,-0.0003926945054945,-0.0004586247863247,-0.0004254034188034
-0.0005281929670329,-0.0003913921855921,-0.0003193396825396,0.000457599096459,-0.0001033378510378,-0.0003556232722832,-0.0005304512820512,-0.0002159507936507,-0.0004053087179487,-0.0003836315018315,-0.0004556074481074,-0.000422386080586
-0.0005130148229548,-0.0003853242979242,-0.0003284634920634,0.0004485081807081,-9.117980463980436e-05,-0.0003556232722832,-0.0005274026862026,-0.0001946619047619,-0.0003962347985347,-0.0003836315018315,-0.0004556074481074,-0.000422386080586
-0.0005039079365079,-0.0003792564102564,-0.0003315047619047,0.0004394172649572,-8.510078144078116e-05,-0.0003556232722832,-0.0005304512820512,-0.0001764142857142,-0.0003932101587301,-0.0003866525030525,-0.0004556074481074,-0.0004254034188034
-0.0005069435653235,-0.0003610527472527,-0.0003132571428571,0.0004333566544566,-9.725882783882755e-05,-0.000337386056166,-0.0005365484737484,-0.0001612079365079,-0.0003901855189255,-0.0003806105006105,-0.0004465554334554,-0.0004163514041514
-0.0005069435653235,-0.0003398151404151,-0.0002889269841269,0.0004212354334554,-0.0001094168742368,-0.0003130697680097,-0.0005365484737484,-0.0001429603174603,-0.0003811115995115,-0.0003745684981684,-0.0004375034188034,-0.0004012647130647
-0.0005008723076923,-0.0003246454212454,-0.0002798031746031,0.0004121445177045,-0.0001094168742368,-0.0003009116239316,-0.0005274026862026,-0.0001216714285714,-0.0003659884004884,-0.0003624844932844,-0.000425434065934,-0.0003922126984126
-0.0004917654212454,-0.0003185775335775,-0.0002798031746031,0.0004030536019536,-0.0001063773626373,-0.000297872087912,-0.0005121597069597,-9.734126984126952e-05,-0.0003508652014652,-0.0003473794871794,-0.0004133647130647,-0.000377126007326
-0.0005008723076923,-0.0003185775335775,-0.0002706793650793,0.0004091142124542,-0.0001154958974358,-0.0002948325518925,-0.0005091111111111,-8.821746031746001e-05,-0.0003417912820512,-0.0003413374847374,-0.0004012953601953,-0.0003650566544566
-0.0004978366788766,-0.0003003738705738,-0.000255473015873,0.0003969929914529,-0.0001215749206349,-0.0002765953357753,-0.0005213054945054,-8.213492063492033e-05,-0.0003448159218559,-0.0003383164835164,-0.0003952606837606,-0.0003560046398046
-0.0004887297924297,-0.0002670004884004,-0.0002311428571428,0.0003757808547008,-0.0001276539438339,-0.0002492395115995,-0.0005274026862026,-7.605238095238064e-05,-0.0003387666422466,-0.0003292534798534,-0.0003771566544566,-0.0003318659340659
-0.0004887297924297,-0.0002518307692307,-0.0002189777777777,0.0003697202442002,-0.0001337329670329,-0.0002340418315018,-0.0005274026862026,-6.996984126984096e-05,-0.0003296927228327,-0.0003232114774114,-0.0003681046398046,-0.0003197965811965
-0.0004765872771672,-0.0002487968253968,-0.0002281015873015,0.0003606293284493,-0.0001246144322344,-0.0002370813675213,-0.0005182568986568,-6.084603174603144e-05,-0.0003236434432234,-0.0003141484737484,-0.0003590526251526,-0.0003077272283272
-0.000470516019536,-0.0002336271062271,-0.000222019047619,0.0003515384126984,-0.0001246144322344,-0.0002279627594627,-0.000524354090354,-6.084603174603144e-05,-0.0003236434432234,-0.0003020644688644,-0.0003439659340659,-0.0002896231990231
-0.0004553378754578,-0.0002184573870573,-0.000222019047619,0.0003363868864468,-0.0001154958974358,-0.0002188441514041,-0.0005426456654456,-7.605238095238064e-05,-0.0003327173626373,-0.0003020644688644,-0.0003409485958485,-0.0002866058608058
-0.0004553378754578,-0.0002063216117216,-0.0002068126984126,0.0003303262759462,-0.0001246144322344,-0.000206686007326,-0.0005487428571428,-9.125873015872984e-05,-0.000335742002442,-0.0003050854700854,-0.0003379312576312,-0.0002775538461538
-0.0004553378754578,-0.0001911518925518,-0.0001916063492063,0.0003212353601953,-0.0001306934554334,-0.0001914883272283,-0.00055484004884,-0.0001155888888888,-0.0003478405616605,-0.0003111274725274,-0.0003349139194139,-0.0002685018315018
-0.0004644447619047,-0.0001759821733821,-0.0001733587301587,0.000318205054945,-0.000145891013431,-0.0001732511111111,-0.0005670344322344,-0.0001551253968253,-0.0003629637606837,-0.0003111274725274,-0.0003258619047619,-0.0002564324786324
-0.0004765872771672,-0.0001638463980463,-0.0001490285714285,0.000318205054945,-0.000164128083028,-0.0001550138949938,-0.0005761802197802,-0.0001885793650793,-0.0003659884004884,-0.0003020644688644,-0.0003077578754578,-0.0002353111111111
-0.0004674803907203,-0.0001577785103785,-0.0001490285714285,0.0003121444444444,-0.000158049059829,-0.0001519743589743,-0.000585326007326,-0.0002220333333333,-0.0003750623199023,-0.0002960224664224,-0.0002987058608058,-0.000226259096459
-0.0004583735042735,-0.0001577785103785,-0.0001581523809523,0.0003060838339438,-0.0001489305250305,-0.0001580534310134,-0.0005975203907203,-0.0002615698412698,-0.0003841362393162,-0.0002990434676434,-0.0002956885225885,-0.0002202244200244
-0.0004614091330891,-0.0001699142857142,-0.0001672761904761,0.0003151747496947,-0.000145891013431,-0.000167172039072,-0.0006127633699633,-0.0003071888888888,-0.0004083333577533,-0.0003111274725274,-0.0003047405372405,-0.0002232417582417
-0.0004856941636141,-0.000185084004884,-0.0001611936507936,0.0003333565811965,-0.0001610885714285,-0.0001732511111111,-0.0006249577533577,-0.000364973015873,-0.0004355551159951,-0.0003292534798534,-0.0003168098901098,-0.0002322937728937
-0.0004917654212454,-0.0001972197802197,-0.0001611936507936,0.0003424474969474,-0.000164128083028,-0.0001793301831501,-0.0006432493284493,-0.0004075507936507,-0.0004537029548229,-0.0003383164835164,-0.0003258619047619,-0.0002413457875457
-0.0005069435653235,-0.0002214913308913,-0.0001733587301587,0.0003636596336996,-0.0001671675946275,-0.0001975673992673,-0.0006462979242979,-0.0004410047619047,-0.0004658015140415,-0.0003473794871794,-0.0003349139194139,-0.0002564324786324
-0.000519086080586,-0.0002487968253968,-0.0001855238095238,0.0003818414652014,-0.0001671675946275,-0.0002158046153846,-0.0006523951159951,-0.0004805412698412,-0.0004869739926739,-0.0003594634920634,-0.0003500006105006,-0.0002775538461538
-0.0005251573382173,-0.0002791362637362,-0.0002098539682539,0.0004000232967032,-0.000158049059829,-0.0002431604395604,-0.0006584923076923,-0.0005139952380952,-0.0005111711111111,-0.0003775894993894,-0.0003711219780219,-0.0002986752136752
-0.0005221217094017,-0.000291272039072,-0.0002250603174603,0.0004060839072039,-0.0001489305250305,-0.0002583581196581,-0.0006615409035409,-0.0005474492063492,-0.0005293189499389,-0.0003957155067155,-0.0003922433455433,-0.0003228139194139
-0.0005251573382173,-0.0003155435897435,-0.0002463492063492,0.0004182051282051,-0.0001398119902319,-0.0002796348717948,-0.0006615409035409,-0.0005717793650793,-0.0005444421489621,-0.0004138415140415,-0.0004133647130647,-0.0003439352869352
-0.0005372998534798,-0.000342849084249,-0.0002645968253968,0.0004394172649572,-0.0001367724786324,-0.0003039511599511,-0.0006523951159951,-0.0005930682539682,-0.000553516068376,-0.0004198835164835,-0.0004224167277167,-0.0003590219780219
-0.0005433711111111,-0.0003640866910866,-0.0002737206349206,0.0004515384859584,-0.0001337329670329,-0.0003191488400488,-0.0006523951159951,-0.0006113158730158,-0.0005656146275946,-0.0004259255189255,-0.0004314687423687,-0.0003741086691086
-0.0005555136263736,-0.0003792564102564,-0.0002828444444444,0.00046669001221,-0.0001367724786324,-0.0003313069841269,-0.0006554437118437,-0.0006265222222222,-0.0005777131868131,-0.0004380095238095,-0.0004465554334554,-0.0003922126984126
-0.0005676561416361,-0.00039746007326,-0.0002889269841269,0.0004818415384615,-0.0001398119902319,-0.0003434651282051,-0.0006493465201465,-0.0006386873015873,-0.0005867871062271,-0.0004470725274725,-0.0004586247863247,-0.000404282051282
-0.000576763028083,-0.0004247655677655,-0.0003041333333333,0.0005000233699633,-0.0001367724786324,-0.0003647418803418,-0.0006371521367521,-0.0006417285714285,-0.0005867871062271,-0.0004470725274725,-0.0004646594627594,-0.0004072993894993
-0.0005797986568986,-0.000452071062271,-0.0003254222222222,0.0005151748962148,-0.0001276539438339,-0.0003890581684981,-0.0006341035409035,-0.0006478111111111,-0.0005928363858363,-0.0004531145299145,-0.0004706941391941,-0.000413334065934
-0.0005889055433455,-0.0004611728937728,-0.0003315047619047,0.0005242658119658,-0.0001276539438339,-0.0003951372405372,-0.0006371521367521,-0.0006569349206349,-0.0006019103052503,-0.0004591565323565,-0.0004767288156288,-0.0004254034188034
-0.0005828342857142,-0.0004611728937728,-0.000334546031746,0.0005212355067155,-0.0001246144322344,-0.0003981767765567,-0.0006402007326007,-0.0006690999999999,-0.0006109842246642,-0.0004682195360195,-0.0004857808302808,-0.0004374727716727
-0.0005828342857142,-0.0004672407814407,-0.0003436698412698,0.0005242658119658,-0.0001185354090354,-0.0004042558485958,-0.0006402007326007,-0.0006782238095238,-0.0006200581440781,-0.0004803035409035,-0.0004978501831501,-0.0004495421245421
-0.0005858699145299,-0.0004763426129426,-0.0003467111111111,0.0005303264224664,-0.0001185354090354,-0.0004103349206349,-0.0006341035409035,-0.0006782238095238,-0.0006230827838827,-0.0004893665445665,-0.0005069021978021,-0.0004555768009768
-0.0005980124297924,-0.0004824105006105,-0.0003436698412698,0.0005394173382173,-0.0001276539438339,-0.0004133744566544,-0.0006341035409035,-0.000681265079365,-0.0006261074236874,-0.0004923875457875,-0.0005069021978021,-0.0004555768009768
-0.0005980124297924,-0.0004824105006105,-0.0003406285714285,0.0005394173382173,-0.0001276539438339,-0.0004103349206349,-0.0006280063492063,-0.0006782238095238,-0.0006200581440781,-0.0004833245421245,-0.0005038848595848,-0.0004525594627594
-0.0006040836874236,-0.0004884783882783,-0.0003406285714285,0.0005454779487179,-0.0001306934554334,-0.0004133744566544,-0.0006249577533577,-0.0006751825396825,-0.0006170335042735,-0.0004833245421245,-0.0005038848595848,-0.0004525594627594
-0.000601048058608,-0.0004945462759462,-0.0003467111111111,0.0005454779487179,-0.0001276539438339,-0.0004194535286935,-0.0006249577533577,-0.0006751825396825,-0.0006200581440781,-0.0004893665445665,-0.0005129368742368,-0.0004585941391941
-0.0005889055433455,-0.0004915123321123,-0.0003588761904761,0.0005394173382173,-0.0001154958974358,-0.0004255326007326,-0.0006310549450549,-0.000681265079365,-0.0006261074236874,-0.0004954085470085,-0.0005189715506715,-0.0004676461538461
-0.0005828342857142,-0.0004945462759462,-0.0003649587301587,0.000536387032967,-0.0001094168742368,-0.0004285721367521,-0.0006341035409035,-0.0006782238095238,-0.000629132063492,-0.0004954085470085,-0.0005189715506715,-0.0004706634920634
-0.0005919411721611,-0.0004915123321123,-0.0003558349206349,0.0005394173382173,-0.0001185354090354,-0.000422493064713,-0.0006280063492063,-0.0006721412698412,-0.0006230827838827,-0.0004954085470085,-0.0005189715506715,-0.0004676461538461
-0.0005980124297924,-0.0005006141636141,-0.0003619174603174,0.0005485082539682,-0.0001185354090354,-0.0004316116727716,-0.0006219091575091,-0.0006721412698412,-0.0006261074236874,-0.0004984295482295,-0.0005250062271062,-0.0004736808302808
-0.0005949768009768,-0.0004975802197802,-0.0003558349206349,0.0005454779487179,-0.0001185354090354,-0.0004255326007326,-0.0006188605616605,-0.0006751825396825,-0.0006261074236874,-0.0005014505494505,-0.0005250062271062,-0.0004766981684981
-0.0006040836874236,-0.0004945462759462,-0.0003467111111111,0.0005485082539682,-0.0001276539438339,-0.0004194535286935,-0.0006219091575091,-0.0006721412698412,-0.0006230827838827,-0.0004984295482295,-0.0005250062271062,-0.0004766981684981
-0.0005949768009768,-0.0005036481074481,-0.0003649587301587,0.0005485082539682,-0.0001154958974358,-0.0004346512087912,-0.0006219091575091,-0.0006660587301587,-0.0006170335042735,-0.0004954085470085,-0.0005250062271062,-0.0004736808302808
-0.0005797986568986,-0.0005097159951159,-0.0003832063492063,0.0005424476434676,-9.725882783882755e-05,-0.0004468093528693,-0.0006219091575091,-0.0006599761904761,-0.0006140088644688,-0.0004923875457875,-0.0005250062271062,-0.0004736808302808
-0.0005858699145299,-0.0005157838827838,-0.0003832063492063,0.0005485082539682,-0.0001002983394383,-0.0004498488888888,-0.0006188605616605,-0.0006630174603174,-0.0006170335042735,-0.0004954085470085,-0.0005280235653235,-0.0004766981684981
-0.0005919411721611,-0.000506682051282,-0.0003679999999999,0.0005485082539682,-0.0001124563858363,-0.0004376907448107,-0.0006188605616605,-0.0006630174603174,-0.0006170335042735,-0.0004984295482295,-0.0005250062271062,-0.0004766981684981
-0.0005980124297924,-0.0005097159951159,-0.0003649587301587,0.0005515385592185,-0.0001154958974358,-0.0004376907448107,-0.0006188605616605,-0.0006569349206349,-0.0006140088644688,-0.0005044715506715,-0.0005310409035409,-0.0004766981684981
-0.0005919411721611,-0.0005188178266178,-0.000380165079365,0.0005545688644688,-0.0001063773626373,-0.0004498488888888,-0.0006188605616605,-0.0006569349206349,-0.0006140088644688,-0.0005044715506715,-0.0005370755799755,-0.0004827328449328
-0.0005858699145299,-0.0005127499389499,-0.000380165079365,0.0005485082539682,-0.0001033378510378,-0.0004468093528693,-0.0006158119658119,-0.0006508523809523,-0.0006109842246642,-0.0004984295482295,-0.0005310409035409,-0.0004797155067155
-0.0005858699145299,-0.000506682051282,-0.0003740825396825,0.0005454779487179,-0.0001063773626373,-0.0004407302808302,-0.0006127633699633,-0.0006508523809523,-0.0006079595848595,-0.0004954085470085,-0.0005280235653235,-0.0004797155067155
-0.0005889055433455,-0.0004975802197802,-0.0003619174603174,0.0005424476434676,-0.0001124563858363,-0.0004285721367521,-0.0006158119658119,-0.0006538936507936,-0.0006109842246642,-0.0004984295482295,-0.0005280235653235,-0.0004797155067155
-0.0005889055433455,-0.0004915123321123,-0.0003558349206349,0.0005394173382173,-0.0001154958974358,-0.000422493064713,-0.0006158119658119,-0.0006508523809523,-0.0006140088644688,-0.0005014505494505,-0.0005280235653235,-0.0004797155067155
-0.0005858699145299,-0.0004945462759462,-0.0003619174603174,0.0005394173382173,-0.0001124563858363,-0.0004285721367521,-0.0006158119658119,-0.0006447698412698,-0.0006109842246642,-0.0004984295482295,-0.0005280235653235,-0.0004766981684981
-0.0005797986568986,-0.0004975802197802,-0.0003710412698412,0.000536387032967,-0.0001033378510378,-0.0004346512087912,-0.0006158119658119,-0.0006417285714285,-0.0006049349450549,-0.0004923875457875,-0.0005250062271062,-0.0004706634920634
-0.000576763028083,-0.0004975802197802,-0.0003771238095238,0.000536387032967,-0.0001002983394383,-0.0004376907448107,-0.0006127633699633,-0.0006417285714285,-0.0006019103052503,-0.0004863455433455,-0.0005189715506715,-0.0004646288156288
-0.0005737273992673,-0.0004884783882783,-0.0003710412698412,0.0005303264224664,-0.0001002983394383,-0.0004285721367521,-0.0006158119658119,-0.0006417285714285,-0.0005988856654456,-0.0004833245421245,-0.0005159542124542,-0.0004646288156288
-0.0005676561416361,-0.0004854444444444,-0.0003710412698412,0.0005242658119658,-9.725882783882755e-05,-0.0004285721367521,-0.0006219091575091,-0.0006417285714285,-0.0005988856654456,-0.0004833245421245,-0.0005189715506715,-0.0004676461538461
-0.0005676561416361,-0.0004824105006105,-0.0003710412698412,0.0005242658119658,-9.725882783882755e-05,-0.0004255326007326,-0.0006249577533577,-0.0006386873015873,-0.0005988856654456,-0.0004863455433455,-0.0005129368742368,-0.0004676461538461
-0.0005706917704517,-0.0004763426129426,-0.0003649587301587,0.0005212355067155,-0.0001033378510378,-0.0004194535286935,-0.0006249577533577,-0.0006386873015873,-0.000595861025641,-0.0004803035409035,-0.0005129368742368,-0.0004646288156288
-0.000576763028083,-0.0004763426129426,-0.0003558349206349,0.0005242658119658,-0.0001094168742368,-0.0004164139926739,-0.0006188605616605,-0.0006386873015873,-0.0005898117460317,-0.0004772825396825,-0.0005099195360195,-0.0004585941391941
-0.0005858699145299,-0.0004763426129426,-0.0003467111111111,0.0005303264224664,-0.0001185354090354,-0.0004103349206349,-0.0006127633699633,-0.0006386873015873,-0.0005928363858363,-0.0004772825396825,-0.0005069021978021,-0.0004585941391941
-0.0005858699145299,-0.0004702747252747,-0.0003375873015873,0.0005272961172161,-0.0001246144322344,-0.0004042558485958,-0.0006158119658119,-0.0006386873015873,-0.0005928363858363,-0.0004742615384615,-0.0005069021978021,-0.0004585941391941
-0.0005737273992673,-0.0004611728937728,-0.0003436698412698,0.0005151748962148,-0.0001154958974358,-0.0004012163125763,-0.0006188605616605,-0.0006386873015873,-0.0005928363858363,-0.0004682195360195,-0.0005008675213675,-0.0004555768009768
-0.0005646205128205,-0.0004611728937728,-0.0003527936507936,0.0005121445909645,-0.0001063773626373,-0.0004072953846153,-0.0006280063492063,-0.0006417285714285,-0.0005928363858363,-0.0004682195360195,-0.0004978501831501,-0.0004525594627594
-0.0005737273992673,-0.0004581389499389,-0.0003436698412698,0.0005151748962148,-0.0001154958974358,-0.0004012163125763,-0.0006280063492063,-0.0006417285714285,-0.0005898117460317,-0.0004712405372405,-0.0005008675213675,-0.0004555768009768
-0.0005646205128205,-0.000452071062271,-0.0003436698412698,0.0005060839804639,-0.0001094168742368,-0.0003981767765567,-0.0006249577533577,-0.0006447698412698,-0.0005898117460317,-0.0004682195360195,-0.0004948328449328,-0.0004525594627594
-0.0005646205128205,-0.0004399352869352,-0.0003315047619047,0.0005000233699633,-0.0001154958974358,-0.0003860186324786,-0.0006249577533577,-0.0006447698412698,-0.0005867871062271,-0.0004621775335775,-0.0004887981684981,-0.0004435074481074
-0.0005585492551892,-0.0004429692307692,-0.0003406285714285,0.0005000233699633,-0.0001094168742368,-0.0003920977045177,-0.0006249577533577,-0.0006447698412698,-0.0005837624664224,-0.0004561355311355,-0.0004887981684981,-0.0004465247863247
-0.0005615848840048,-0.0004763426129426,-0.0003649587301587,0.0005182052014652,-9.725882783882755e-05,-0.0004194535286935,-0.0006219091575091,-0.0006447698412698,-0.0005867871062271,-0.0004561355311355,-0.0004918155067155,-0.0004495421245421
-0.0005737273992673,-0.0004854444444444,-0.0003649587301587,0.0005272961172161,-0.0001033378510378,-0.0004255326007326,-0.0006188605616605,-0.0006508523809523,-0.0005928363858363,-0.0004591565323565,-0.0004948328449328,-0.0004495421245421
-0.0005858699145299,-0.0004793765567765,-0.0003497523809523,0.0005303264224664,-0.0001185354090354,-0.0004133744566544,-0.0006219091575091,-0.0006538936507936,-0.000595861025641,-0.0004651985347985,-0.0004948328449328,-0.0004495421245421
-0.000576763028083,-0.0004672407814407,-0.0003467111111111,0.0005212355067155,-0.0001154958974358,-0.0004072953846153,-0.0006280063492063,-0.0006538936507936,-0.000595861025641,-0.0004621775335775,-0.0004918155067155,-0.0004495421245421
-0.0005646205128205,-0.0004702747252747,-0.0003588761904761,0.0005151748962148,-0.0001033378510378,-0.0004133744566544,-0.0006280063492063,-0.0006538936507936,-0.000595861025641,-0.0004591565323565,-0.0004887981684981,-0.0004465247863247
-0.0005737273992673,-0.0004702747252747,-0.0003527936507936,0.0005212355067155,-0.0001094168742368,-0.0004103349206349,-0.0006249577533577,-0.0006538936507936,-0.0005928363858363,-0.0004561355311355,-0.0004857808302808,-0.0004465247863247
-0.000576763028083,-0.0004702747252747,-0.0003467111111111,0.0005212355067155,-0.0001154958974358,-0.0004072953846153,-0.0006249577533577,-0.0006630174603174,-0.000595861025641,-0.0004621775335775,-0.0004918155067155,-0.0004495421245421
-0.000576763028083,-0.0004642068376068,-0.0003406285714285,0.0005182052014652,-0.0001185354090354,-0.0004012163125763,-0.0006249577533577,-0.0006660587301587,-0.0006019103052503,-0.0004682195360195,-0.0004978501831501,-0.0004525594627594
-0.0005797986568986,-0.0004581389499389,-0.000334546031746,0.0005182052014652,-0.0001215749206349,-0.0003951372405372,-0.0006249577533577,-0.0006660587301587,-0.0006019103052503,-0.0004651985347985,-0.0004978501831501,-0.0004525594627594
-0.0005889055433455,-0.0004642068376068,-0.0003315047619047,0.0005242658119658,-0.0001276539438339,-0.0003981767765567,-0.0006249577533577,-0.0006630174603174,-0.0005988856654456,-0.0004621775335775,-0.0004948328449328,-0.0004495421245421
-0.0005858699145299,-0.0004763426129426,-0.0003436698412698,0.0005303264224664,-0.0001215749206349,-0.0004103349206349,-0.0006280063492063,-0.0006660587301587,-0.0006019103052503,-0.0004651985347985,-0.0004978501831501,-0.0004555768009768
-0.0005737273992673,-0.0004793765567765,-0.0003619174603174,0.0005242658119658,-0.0001063773626373,-0.0004194535286935,-0.0006280063492063,-0.0006721412698412,-0.0006109842246642,-0.0004772825396825,-0.0005099195360195,-0.0004646288156288
-0.0005646205128205,-0.0004733086691086,-0.0003649587301587,0.0005182052014652,-0.0001002983394383,-0.0004194535286935,-0.0006219091575091,-0.0006751825396825,-0.0006140088644688,-0.0004833245421245,-0.0005129368742368,-0.0004676461538461
-0.000576763028083,-0.0004763426129426,-0.0003588761904761,0.0005242658119658,-0.0001094168742368,-0.0004164139926739,-0.0006188605616605,-0.0006751825396825,-0.0006109842246642,-0.0004772825396825,-0.0005069021978021,-0.0004646288156288
-0.0005858699145299,-0.0004824105006105,-0.0003558349206349,0.0005333567277167,-0.0001154958974358,-0.0004194535286935,-0.0006188605616605,-0.0006751825396825,-0.0006109842246642,-0.0004712405372405,-0.0005038848595848,-0.0004616114774114
-0.0005919411721611,-0.0004824105006105,-0.0003467111111111,0.000536387032967,-0.0001215749206349,-0.0004133744566544,-0.0006219091575091,-0.0006782238095238,-0.0006109842246642,-0.0004712405372405,-0.0005008675213675,-0.0004585941391941
-0.0005858699145299,-0.0004793765567765,-0.0003527936507936,0.0005303264224664,-0.0001154958974358,-0.0004164139926739,-0.0006280063492063,-0.0006782238095238,-0.0006079595848595,-0.0004712405372405,-0.0005008675213675,-0.0004616114774114
-0.0005858699145299,-0.0004945462759462,-0.0003679999999999,0.0005394173382173,-0.0001094168742368,-0.0004316116727716,-0.0006249577533577,-0.0006782238095238,-0.0006049349450549,-0.0004712405372405,-0.0005069021978021,-0.0004616114774114
-0.0005889055433455,-0.0004915123321123,-0.0003619174603174,0.0005394173382173,-0.0001124563858363,-0.0004255326007326,-0.0006280063492063,-0.0006782238095238,-0.0006079595848595,-0.0004712405372405,-0.0005069021978021,-0.0004585941391941
-0.0005828342857142,-0.0004824105006105,-0.0003558349206349,0.0005303264224664,-0.0001124563858363,-0.0004194535286935,-0.0006310549450549,-0.000681265079365,-0.0006109842246642,-0.0004712405372405,-0.0005008675213675,-0.0004555768009768
-0.0005919411721611,-0.0004824105006105,-0.0003467111111111,0.000536387032967,-0.0001215749206349,-0.0004133744566544,-0.0006310549450549,-0.000681265079365,-0.0006140088644688,-0.0004682195360195,-0.0005008675213675,-0.0004495421245421
-0.0005858699145299,-0.0004793765567765,-0.0003497523809523,0.0005303264224664,-0.0001185354090354,-0.0004133744566544,-0.0006280063492063,-0.000681265079365,-0.0006200581440781,-0.0004772825396825,-0.0005069021978021,-0.0004585941391941
-0.000576763028083,-0.0004793765567765,-0.0003588761904761,0.0005272961172161,-0.0001094168742368,-0.0004194535286935,-0.0006280063492063,-0.0006843063492063,-0.0006261074236874,-0.0004863455433455,-0.0005129368742368,-0.0004676461538461
-0.0005828342857142,-0.0004763426129426,-0.0003497523809523,0.0005272961172161,-0.0001154958974358,-0.0004133744566544,-0.0006280063492063,-0.0006873476190476,-0.0006230827838827,-0.0004833245421245,-0.0005099195360195,-0.0004616114774114
-0.0005828342857142,-0.0004824105006105,-0.0003527936507936,0.0005303264224664,-0.0001154958974358,-0.0004164139926739,-0.0006310549450549,-0.0006873476190476,-0.0006200581440781,-0.0004772825396825,-0.0005038848595848,-0.0004555768009768
-0.0005797986568986,-0.0004945462759462,-0.0003679999999999,0.000536387032967,-0.0001063773626373,-0.0004316116727716,-0.0006310549450549,-0.0006843063492063,-0.0006170335042735,-0.0004712405372405,-0.0005038848595848,-0.0004555768009768
-0.0005858699145299,-0.0005006141636141,-0.0003740825396825,0.0005424476434676,-0.0001063773626373,-0.0004376907448107,-0.0006280063492063,-0.000681265079365,-0.0006170335042735,-0.0004712405372405,-0.0005038848595848,-0.0004555768009768
-0.0005858699145299,-0.0004915123321123,-0.0003649587301587,0.000536387032967,-0.0001094168742368,-0.0004285721367521,-0.0006249577533577,-0.0006843063492063,-0.0006170335042735,-0.0004712405372405,-0.0005038848595848,-0.0004525594627594
-0.0005980124297924,-0.0004945462759462,-0.0003527936507936,0.0005454779487179,-0.0001215749206349,-0.000422493064713,-0.0006280063492063,-0.0006934301587301,-0.0006230827838827,-0.0004772825396825,-0.0005038848595848,-0.0004525594627594
-0.0005919411721611,-0.0004945462759462,-0.0003588761904761,0.0005424476434676,-0.0001154958974358,-0.0004255326007326,-0.0006310549450549,-0.0006934301587301,-0.0006261074236874,-0.0004803035409035,-0.0005069021978021,-0.0004555768009768
-0.000576763028083,-0.0004854444444444,-0.0003619174603174,0.0005303264224664,-0.0001063773626373,-0.000422493064713,-0.0006371521367521,-0.0006934301587301,-0.000629132063492,-0.0004833245421245,-0.0005099195360195,-0.0004585941391941
-0.0005737273992673,-0.0004793765567765,-0.0003588761904761,0.0005242658119658,-0.0001063773626373,-0.0004194535286935,-0.0006371521367521,-0.0006995126984126,-0.0006321567032967,-0.0004863455433455,-0.0005129368742368,-0.0004646288156288
-0.0005858699145299,-0.0004824105006105,-0.0003558349206349,0.0005333567277167,-0.0001154958974358,-0.0004194535286935,-0.0006310549450549,-0.0006964714285714,-0.000629132063492,-0.0004833245421245,-0.0005129368742368,-0.0004646288156288
-0.0005858699145299,-0.0004915123321123,-0.0003619174603174,0.000536387032967,-0.0001124563858363,-0.0004255326007326,-0.0006280063492063,-0.0006903888888888,-0.0006261074236874,-0.0004803035409035,-0.0005129368742368,-0.0004676461538461
-0.0005889055433455,-0.0004915123321123,-0.0003588761904761,0.0005394173382173,-0.0001154958974358,-0.0004255326007326,-0.0006280063492063,-0.0006873476190476,-0.0006230827838827,-0.0004772825396825,-0.0005069021978021,-0.0004646288156288
-0.000601048058608,-0.0004854444444444,-0.0003406285714285,0.0005424476434676,-0.0001306934554334,-0.0004133744566544,-0.0006249577533577,-0.0006843063492063,-0.0006200581440781,-0.0004742615384615,-0.0005008675213675,-0.0004525594627594
-0.0005889055433455,-0.0004793765567765,-0.0003497523809523,0.0005333567277167,-0.0001185354090354,-0.0004133744566544,-0.0006310549450549,-0.0006903888888888,-0.0006261074236874,-0.0004772825396825,-0.0005038848595848,-0.0004555768009768
-0.0005737273992673,-0.0004793765567765,-0.0003649587301587,0.0005242658119658,-0.0001033378510378,-0.000422493064713,-0.0006371521367521,-0.0006964714285714,-0.0006321567032967,-0.0004772825396825,-0.0005069021978021,-0.0004585941391941
-0.0005797986568986,-0.0004824105006105,-0.0003619174603174,0.0005303264224664,-0.0001094168742368,-0.000422493064713,-0.0006310549450549,-0.0006995126984126,-0.0006321567032967,-0.0004772825396825,-0.0005038848595848,-0.0004555768009768
-0.0005889055433455,-0.0004854444444444,-0.0003467111111111,0.000536387032967,-0.0001215749206349,-0.0004164139926739,-0.0006310549450549,-0.0006995126984126,-0.000629132063492,-0.0004772825396825,-0.0005008675213675,-0.0004525594627594
-0.0005949768009768,-0.0004854444444444,-0.0003436698412698,0.0005394173382173,-0.0001246144322344,-0.0004133744566544,-0.0006341035409035,-0.0007025539682539,-0.000629132063492,-0.0004742615384615,-0.0005008675213675,-0.0004525594627594
-0.0005858699145299,-0.0004824105006105,-0.0003527936507936,0.0005333567277167,-0.0001154958974358,-0.0004164139926739,-0.0006341035409035,-0.0007025539682539,-0.0006321567032967,-0.0004772825396825,-0.0005008675213675,-0.0004525594627594
-0.000576763028083,-0.0004702747252747,-0.0003497523809523,0.0005212355067155,-0.0001124563858363,-0.0004103349206349,-0.0006402007326007,-0.0007055952380952,-0.0006382059829059,-0.0004803035409035,-0.0005038848595848,-0.0004555768009768
-0.0005737273992673,-0.0004672407814407,-0.0003497523809523,0.0005182052014652,-0.0001124563858363,-0.0004072953846153,-0.0006432493284493,-0.0007116777777777,-0.0006412306227106,-0.0004863455433455,-0.0005129368742368,-0.0004646288156288
-0.0005737273992673,-0.0004793765567765,-0.0003588761904761,0.0005242658119658,-0.0001063773626373,-0.0004194535286935,-0.0006402007326007,-0.0007055952380952,-0.0006412306227106,-0.0004863455433455,-0.0005129368742368,-0.0004706634920634
-0.0005737273992673,-0.0004793765567765,-0.0003619174603174,0.0005242658119658,-0.0001063773626373,-0.0004194535286935,-0.0006371521367521,-0.0007025539682539,-0.0006351813431013,-0.0004803035409035,-0.0005099195360195,-0.0004676461538461
-0.0005797986568986,-0.0004824105006105,-0.0003588761904761,0.0005303264224664,-0.0001094168742368,-0.0004194535286935,-0.0006310549450549,-0.0007025539682539,-0.000629132063492,-0.0004772825396825,-0.0005069021978021,-0.0004616114774114
-0.0005889055433455,-0.0004854444444444,-0.0003497523809523,0.000536387032967,-0.0001185354090354,-0.0004164139926739,-0.0006280063492063,-0.0007025539682539,-0.000629132063492,-0.0004742615384615,-0.0005008675213675,-0.0004555768009768
-0.000601048058608,-0.0004854444444444,-0.0003375873015873,0.0005424476434676,-0.0001306934554334,-0.0004103349206349,-0.0006280063492063,-0.0006995126984126,-0.000629132063492,-0.0004682195360195,-0.0004948328449328,-0.0004465247863247
-0.0006040836874236,-0.0004884783882783,-0.0003406285714285,0.0005454779487179,-0.0001306934554334,-0.0004133744566544,-0.0006341035409035,-0.0007025539682539,-0.000629132063492,-0.0004682195360195,-0.0004918155067155,-0.0004435074481074
-0.000576763028083,-0.0004824105006105,-0.0003619174603174,0.0005272961172161,-0.0001063773626373,-0.000422493064713,-0.0006402007326007,-0.0007055952380952,-0.0006351813431013,-0.0004772825396825,-0.0005008675213675,-0.0004495421245421
-0.0005676561416361,-0.0004854444444444,-0.0003771238095238,0.0005242658119658,-9.421931623931596e-05,-0.0004316116727716,-0.0006432493284493,-0.0007116777777777,-0.0006412306227106,-0.0004833245421245,-0.0005099195360195,-0.0004585941391941
-0.000576763028083,-0.0004854444444444,-0.0003649587301587,0.0005303264224664,-0.0001063773626373,-0.0004255326007326,-0.0006371521367521,-0.0007055952380952,-0.0006382059829059,-0.0004833245421245,-0.0005099195360195,-0.0004555768009768
-0.0005797986568986,-0.0004793765567765,-0.0003558349206349,0.0005272961172161,-0.0001124563858363,-0.0004164139926739,-0.0006371521367521,-0.0007086365079365,-0.0006412306227106,-0.0004833245421245,-0.0005069021978021,-0.0004555768009768
-0.000576763028083,-0.0004793765567765,-0.0003558349206349,0.0005272961172161,-0.0001094168742368,-0.0004164139926739,-0.0006432493284493,-0.0007116777777777,-0.0006412306227106,-0.0004833245421245,-0.0005099195360195,-0.0004616114774114
-0.0005797986568986,-0.0004793765567765,-0.0003588761904761,0.0005272961172161,-0.0001094168742368,-0.0004194535286935,-0.0006432493284493,-0.000714719047619,-0.0006442552625152,-0.0004863455433455,-0.0005159542124542,-0.0004706634920634
-0.0005797986568986,-0.0004763426129426,-0.0003527936507936,0.0005272961172161,-0.0001124563858363,-0.0004133744566544,-0.0006402007326007,-0.000714719047619,-0.0006442552625152,-0.0004863455433455,-0.0005189715506715,-0.0004706634920634
-0.0005919411721611,-0.0004763426129426,-0.0003406285714285,0.0005333567277167,-0.0001246144322344,-0.0004072953846153,-0.0006310549450549,-0.000714719047619,-0.0006382059829059,-0.0004803035409035,-0.0005129368742368,-0.0004646288156288
-0.0005919411721611,-0.0004824105006105,-0.0003436698412698,0.000536387032967,-0.0001246144322344,-0.0004133744566544,-0.0006280063492063,-0.0007086365079365,-0.0006351813431013,-0.0004742615384615,-0.0005038848595848,-0.0004555768009768
-0.0005889055433455,-0.0004915123321123,-0.0003588761904761,0.0005394173382173,-0.0001154958974358,-0.0004255326007326,-0.0006249577533577,-0.0007055952380952,-0.0006321567032967,-0.0004742615384615,-0.0005008675213675,-0.0004525594627594
-0.0005919411721611,-0.0004884783882783,-0.0003527936507936,0.0005394173382173,-0.0001185354090354,-0.0004194535286935,-0.0006219091575091,-0.0007025539682539,-0.000629132063492,-0.0004682195360195,-0.0004948328449328,-0.0004435074481074
-0.0005919411721611,-0.0004854444444444,-0.0003497523809523,0.000536387032967,-0.0001215749206349,-0.0004164139926739,-0.0006280063492063,-0.0007055952380952,-0.0006321567032967,-0.0004712405372405,-0.0004948328449328,-0.0004404901098901
-0.0005828342857142,-0.0004733086691086,-0.0003467111111111,0.0005272961172161,-0.0001185354090354,-0.0004103349206349,-0.0006310549450549,-0.0007116777777777,-0.0006382059829059,-0.0004772825396825,-0.0004948328449328,-0.0004435074481074
-0.0005737273992673,-0.0004642068376068,-0.0003436698412698,0.0005182052014652,-0.0001154958974358,-0.0004042558485958,-0.0006371521367521,-0.0007177603174603,-0.0006382059829059,-0.0004803035409035,-0.0005008675213675,-0.0004495421245421
-0.000576763028083,-0.0004672407814407,-0.0003436698412698,0.0005212355067155,-0.0001154958974358,-0.0004042558485958,-0.0006371521367521,-0.000714719047619,-0.0006351813431013,-0.0004772825396825,-0.0005038848595848,-0.0004525594627594
-0.0005797986568986,-0.0004793765567765,-0.0003558349206349,0.0005272961172161,-0.0001124563858363,-0.0004164139926739,-0.0006310549450549,-0.0007116777777777,-0.0006351813431013,-0.0004772825396825,-0.0005038848595848,-0.0004555768009768
-0.000576763028083,-0.0004854444444444,-0.0003619174603174,0.0005303264224664,-0.0001063773626373,-0.000422493064713,-0.0006310549450549,-0.0007116777777777,-0.0006351813431013,-0.0004772825396825,-0.0005069021978021,-0.0004585941391941
-0.0005797986568986,-0.0004793765567765,-0.0003558349206349,0.0005272961172161,-0.0001124563858363,-0.0004164139926739,-0.0006310549450549,-0.0007116777777777,-0.0006321567032967,-0.0004742615384615,-0.0005038848595848,-0.0004525594627594
-0.0005889055433455,-0.0004824105006105,-0.0003527936507936,0.0005333567277167,-0.0001185354090354,-0.0004164139926739,-0.0006280063492063,-0.0007116777777777,-0.000629132063492,-0.0004682195360195,-0.0005008675213675,-0.0004465247863247
-0.0005858699145299,-0.0004824105006105,-0.0003527936507936,0.0005333567277167,-0.0001154958974358,-0.0004164139926739,-0.0006310549450549,-0.0007116777777777,-0.0006351813431013,-0.0004742615384615,-0.0005038848595848,-0.0004495421245421
-0.0005919411721611,-0.0004824105006105,-0.0003467111111111,0.000536387032967,-0.0001215749206349,-0.0004133744566544,-0.0006402007326007,-0.0007208015873015,-0.0006412306227106,-0.0004803035409035,-0.0005069021978021,-0.0004585941391941
-0.0005858699145299,-0.0004733086691086,-0.0003436698412698,0.0005272961172161,-0.0001215749206349,-0.0004072953846153,-0.0006341035409035,-0.0007208015873015,-0.0006412306227106,-0.0004833245421245,-0.0005129368742368,-0.0004616114774114
-0.0005797986568986,-0.0004672407814407,-0.0003436698412698,0.0005212355067155,-0.0001185354090354,-0.0004042558485958,-0.0006280063492063,-0.0007208015873015,-0.0006382059829059,-0.0004803035409035,-0.0005129368742368,-0.0004616114774114
-0.0005797986568986,-0.0004702747252747,-0.0003467111111111,0.0005242658119658,-0.0001154958974358,-0.0004072953846153,-0.0006219091575091,-0.0007238428571428,-0.0006382059829059,-0.0004803035409035,-0.0005129368742368,-0.0004585941391941
-0.0005797986568986,-0.0004733086691086,-0.0003497523809523,0.0005242658119658,-0.0001154958974358,-0.0004103349206349,-0.0006219091575091,-0.0007208015873015,-0.0006382059829059,-0.0004772825396825,-0.0005069021978021,-0.0004525594627594
-0.0005889055433455,-0.0004793765567765,-0.0003467111111111,0.0005333567277167,-0.0001215749206349,-0.0004133744566544,-0.0006188605616605,-0.000714719047619,-0.0006321567032967,-0.0004712405372405,-0.0005008675213675,-0.0004495421245421
-0.0005737273992673,-0.0004733086691086,-0.0003527936507936,0.0005212355067155,-0.0001094168742368,-0.0004133744566544,-0.0006188605616605,-0.0007116777777777,-0.0006351813431013,-0.0004742615384615,-0.0005008675213675,-0.0004495421245421
-0.000576763028083,-0.0004763426129426,-0.0003588761904761,0.0005242658119658,-0.0001094168742368,-0.0004164139926739,-0.0006249577533577,-0.0007208015873015,-0.0006412306227106,-0.0004772825396825,-0.0005099195360195,-0.0004585941391941
-0.0005889055433455,-0.0004824105006105,-0.0003497523809523,0.0005333567277167,-0.0001185354090354,-0.0004164139926739,-0.0006249577533577,-0.0007208015873015,-0.0006442552625152,-0.0004863455433455,-0.0005159542124542,-0.0004616114774114
-0.0005858699145299,-0.0004793765567765,-0.0003497523809523,0.0005303264224664,-0.0001185354090354,-0.0004133744566544,-0.0006249577533577,-0.0007238428571428,-0.0006442552625152,-0.0004893665445665,-0.0005189715506715,-0.0004646288156288
-0.0005797986568986,-0.0004733086691086,-0.0003527936507936,0.0005242658119658,-0.0001124563858363,-0.0004133744566544,-0.0006249577533577,-0.0007208015873015,-0.0006382059829059,-0.0004803035409035,-0.0005129368742368,-0.0004616114774114
-0.0005828342857142,-0.0004733086691086,-0.0003467111111111,0.0005272961172161,-0.0001185354090354,-0.0004103349206349,-0.0006219091575091,-0.0007177603174603,-0.0006351813431013,-0.0004772825396825,-0.0005038848595848,-0.0004525594627594
-0.0005889055433455,-0.0004733086691086,-0.0003436698412698,0.0005303264224664,-0.0001215749206349,-0.0004072953846153,-0.0006158119658119,-0.000714719047619,-0.000629132063492,-0.0004682195360195,-0.0004978501831501,-0.0004435074481074
-0.0005828342857142,-0.0004702747252747,-0.0003436698412698,0.0005242658119658,-0.0001185354090354,-0.0004072953846153,-0.0006188605616605,-0.0007116777777777,-0.000629132063492,-0.0004651985347985,-0.0004948328449328,-0.0004404901098901
-0.0005828342857142,-0.000455105006105,-0.0003284634920634,0.0005182052014652,-0.0001276539438339,-0.0003920977045177,-0.0006219091575091,-0.0007116777777777,-0.0006261074236874,-0.0004651985347985,-0.0004948328449328,-0.0004435074481074
-0.0005889055433455,-0.000455105006105,-0.0003162984126984,0.0005212355067155,-0.0001367724786324,-0.0003860186324786,-0.0006249577533577,-0.0007116777777777,-0.000629132063492,-0.0004682195360195,-0.0004918155067155,-0.0004435074481074
-0.000576763028083,-0.0004581389499389,-0.000334546031746,0.0005151748962148,-0.0001215749206349,-0.0003951372405372,-0.0006219091575091,-0.0007116777777777,-0.000629132063492,-0.0004712405372405,-0.0004978501831501,-0.0004465247863247
-0.0005706917704517,-0.0004672407814407,-0.0003527936507936,0.0005182052014652,-0.0001094168742368,-0.0004103349206349,-0.0006066661782661,-0.0006995126984126,-0.0006230827838827,-0.0004651985347985,-0.0005008675213675,-0.0004465247863247
-0.000576763028083,-0.0004672407814407,-0.0003497523809523,0.0005212355067155,-0.0001124563858363,-0.0004072953846153,-0.0006036175824175,-0.0006903888888888,-0.0006200581440781,-0.0004621775335775,-0.0004948328449328,-0.0004465247863247
-0.0005585492551892,-0.000452071062271,-0.0003497523809523,0.0005030536752136,-0.0001033378510378,-0.0004012163125763,-0.0006066661782661,-0.0006873476190476,-0.0006170335042735,-0.0004561355311355,-0.0004948328449328,-0.0004465247863247
-0.0005433711111111,-0.0004369013431013,-0.0003527936507936,0.0004879021489621,-9.421931623931596e-05,-0.0003951372405372,-0.0006066661782661,-0.0006782238095238,-0.0006049349450549,-0.0004470725274725,-0.0004857808302808,-0.0004404901098901
-0.0005372998534798,-0.0004308334554334,-0.0003497523809523,0.0004818415384615,-9.421931623931596e-05,-0.0003890581684981,-0.0005944717948717,-0.0006599761904761,-0.0005928363858363,-0.0004349885225885,-0.0004797461538461,-0.000431438095238
-0.0005372998534798,-0.0004247655677655,-0.0003467111111111,0.0004788112332112,-9.421931623931596e-05,-0.0003860186324786,-0.0005822774114774,-0.0006508523809523,-0.0005867871062271,-0.0004289465201465,-0.0004706941391941,-0.0004284207570207
-0.0005372998534798,-0.0004277995115995,-0.0003436698412698,0.0004818415384615,-9.725882783882755e-05,-0.0003860186324786,-0.0005944717948717,-0.0006599761904761,-0.0005988856654456,-0.0004380095238095,-0.0004706941391941,-0.0004284207570207
-0.0005342642246642,-0.0004308334554334,-0.0003527936507936,0.0004818415384615,-9.117980463980436e-05,-0.0003920977045177,-0.0006097147741147,-0.0006721412698412,-0.0006200581440781,-0.0004531145299145,-0.0004827634920634,-0.0004374727716727
-0.0005403354822954,-0.0004490371184371,-0.0003649587301587,0.0004939627594627,-8.814029304029276e-05,-0.0004072953846153,-0.0006097147741147,-0.000681265079365,-0.0006321567032967,-0.0004621775335775,-0.0004948328449328,-0.0004495421245421
-0.0005494423687423,-0.0004763426129426,-0.0003862476190476,0.0005121445909645,-8.206126984126955e-05,-0.0004316116727716,-0.0005975203907203,-0.0006782238095238,-0.0006321567032967,-0.0004682195360195,-0.0005069021978021,-0.0004585941391941
-0.0005494423687423,-0.0004793765567765,-0.0003892888888888,0.0005121445909645,-7.902175824175796e-05,-0.0004346512087912,-0.0006036175824175,-0.000681265079365,-0.0006230827838827,-0.0004621775335775,-0.0005008675213675,-0.0004495421245421
-0.0005555136263736,-0.0004611728937728,-0.0003619174603174,0.0005060839804639,-9.725882783882755e-05,-0.0004103349206349,-0.0006219091575091,-0.0006995126984126,-0.0006261074236874,-0.0004561355311355,-0.0004887981684981,-0.0004284207570207
-0.0005615848840048,-0.0004642068376068,-0.0003588761904761,0.0005121445909645,-0.0001002983394383,-0.0004103349206349,-0.0006341035409035,-0.0007177603174603,-0.0006412306227106,-0.0004651985347985,-0.0004918155067155,-0.000431438095238
-0.0005555136263736,-0.0004763426129426,-0.0003771238095238,0.0005151748962148,-8.814029304029276e-05,-0.0004255326007326,-0.0006341035409035,-0.0007238428571428,-0.0006533291819291,-0.0004803035409035,-0.0005069021978021,-0.0004465247863247
-0.0005585492551892,-0.0004793765567765,-0.0003771238095238,0.0005182052014652,-9.117980463980436e-05,-0.0004285721367521,-0.0006280063492063,-0.0007238428571428,-0.0006563538217338,-0.0004863455433455,-0.0005129368742368,-0.0004525594627594
-0.0005585492551892,-0.0004763426129426,-0.0003740825396825,0.0005151748962148,-9.117980463980436e-05,-0.0004255326007326,-0.0006310549450549,-0.0007268841269841,-0.0006593784615384,-0.0004923875457875,-0.0005129368742368,-0.0004555768009768
-0.0005555136263736,-0.0004763426129426,-0.0003771238095238,0.0005151748962148,-8.814029304029276e-05,-0.0004255326007326,-0.0006341035409035,-0.0007299253968253,-0.0006654277411477,-0.0004923875457875,-0.0005159542124542,-0.0004585941391941
-0.0005555136263736,-0.0004824105006105,-0.0003862476190476,0.0005182052014652,-8.510078144078116e-05,-0.0004346512087912,-0.0006402007326007,-0.0007360079365079,-0.000671477020757,-0.0004954085470085,-0.0005189715506715,-0.0004585941391941
-0.000576763028083,-0.0004915123321123,-0.0003710412698412,0.0005333567277167,-0.0001033378510378,-0.0004316116727716,-0.0006402007326007,-0.0007420904761904,-0.0006745016605616,-0.0004984295482295,-0.0005189715506715,-0.0004555768009768
-0.000601048058608,-0.0004945462759462,-0.0003497523809523,0.0005454779487179,-0.0001246144322344,-0.000422493064713,-0.0006310549450549,-0.0007420904761904,-0.000671477020757,-0.0004984295482295,-0.0005189715506715,-0.0004555768009768
-0.0005980124297924,-0.0004975802197802,-0.0003588761904761,0.0005454779487179,-0.0001185354090354,-0.0004285721367521,-0.0006249577533577,-0.0007451317460317,-0.0006684523809523,-0.0004954085470085,-0.0005189715506715,-0.0004555768009768
-0.0005949768009768,-0.0005188178266178,-0.000380165079365,0.0005545688644688,-0.0001063773626373,-0.0004498488888888,-0.0006188605616605,-0.0007451317460317,-0.0006654277411477,-0.0004923875457875,-0.0005189715506715,-0.0004585941391941
-0.0005919411721611,-0.0005188178266178,-0.0003832063492063,0.0005545688644688,-0.0001033378510378,-0.0004498488888888,-0.0006219091575091,-0.0007451317460317,-0.0006654277411477,-0.0004954085470085,-0.0005189715506715,-0.0004616114774114
-0.0005949768009768,-0.0005127499389499,-0.0003710412698412,0.0005515385592185,-0.0001124563858363,-0.0004407302808302,-0.0006249577533577,-0.0007512142857142,-0.000671477020757,-0.0004984295482295,-0.0005219888888888,-0.0004646288156288
-0.0005980124297924,-0.000506682051282,-0.0003588761904761,0.0005515385592185,-0.0001185354090354,-0.0004316116727716,-0.0006280063492063,-0.0007572968253968,-0.0006745016605616,-0.0005044715506715,-0.0005250062271062,-0.0004646288156288
-0.0005949768009768,-0.0004975802197802,-0.0003588761904761,0.0005454779487179,-0.0001185354090354,-0.0004285721367521,-0.0006310549450549,-0.0007542555555555,-0.000671477020757,-0.0005014505494505,-0.0005219888888888,-0.0004616114774114
-0.0005980124297924,-0.0005006141636141,-0.0003588761904761,0.0005485082539682,-0.0001185354090354,-0.0004285721367521,-0.0006310549450549,-0.0007420904761904,-0.0006593784615384,-0.0004863455433455,-0.0005129368742368,-0.0004525594627594
-0.0005949768009768,-0.0005006141636141,-0.0003619174603174,0.0005454779487179,-0.0001154958974358,-0.0004316116727716,-0.0006341035409035,-0.0007390492063492,-0.0006533291819291,-0.0004803035409035,-0.0005038848595848,-0.0004495421245421
-0.0005737273992673,-0.0004945462759462,-0.0003771238095238,0.0005333567277167,-9.725882783882755e-05,-0.0004346512087912,-0.0006432493284493,-0.0007420904761904,-0.0006593784615384,-0.0004833245421245,-0.0005099195360195,-0.0004525594627594
-0.0005676561416361,-0.0004945462759462,-0.000380165079365,0.0005303264224664,-9.421931623931596e-05,-0.0004376907448107,-0.0006432493284493,-0.000748173015873,-0.0006654277411477,-0.0004893665445665,-0.0005159542124542,-0.0004585941391941
-0.0005949768009768,-0.0004854444444444,-0.0003436698412698,0.0005394173382173,-0.0001246144322344,-0.0004133744566544,-0.0006341035409035,-0.000748173015873,-0.0006593784615384,-0.0004833245421245,-0.0005099195360195,-0.0004525594627594
-0.0006071193162393,-0.0004702747252747,-0.0003223809523809,0.000536387032967,-0.0001428515018315,-0.0003951372405372,-0.0006341035409035,-0.0007420904761904,-0.0006503045421245,-0.0004742615384615,-0.0005008675213675,-0.0004435074481074
-0.0005889055433455,-0.0004702747252747,-0.0003406285714285,0.0005272961172161,-0.0001246144322344,-0.0004042558485958,-0.0006341035409035,-0.0007238428571428,-0.0006321567032967,-0.0004712405372405,-0.0005069021978021,-0.0004555768009768
-0.0005858699145299,-0.0004611728937728,-0.0003284634920634,0.0005212355067155,-0.0001276539438339,-0.0003951372405372,-0.0006219091575091,-0.0006843063492063,-0.0005807378266178,-0.0004561355311355,-0.0005129368742368,-0.0004736808302808
-0.0005858699145299,-0.0003883582417582,-0.0002585142857142,0.0004848718437118,-0.000164128083028,-0.0003221883760683,-0.0006188605616605,-0.0006295634920634,-0.0005020971916971,-0.0004047785103785,-0.0004827634920634,-0.0004585941391941
-0.0005403354822954,-0.0002275592185592,-0.000142946031746,0.0003818414652014,-0.0001975627106227,-0.0001854092551892,-0.0006523951159951,-0.0005139952380952,-0.0003629637606837,-0.0002718544566544,-0.0003771566544566,-0.0003891953601953
-0.0004158747008547,2.1224175824176015e-05,-2.1295238095238e-05,0.0001969928449328,-0.0001975627106227,2.442002441966906e-09,-0.0007255614163614,-0.0003893031746031,-0.0001451896947496,-2.413235653235705e-05,-0.000184047008547,-0.0002564324786324
-0.0002732001465201,0.0003913653235653,0.0002037587301587,-5.755279609279607e-05,-0.0002370763614163,0.0002978769719169,-0.0008993313797313,-0.0004987888888888,6.351045177045169e-05,0.0003081777777777,0.0001267388278388,-5.993406593407194e-06
-0.0001365968498168,0.0008009477411477,0.0004713904761904,-0.0003302802686202,-0.0003039456166056,0.0006352654700854,-0.0011767536019536,-0.0008302873015873,0.0001905453235653,0.0006706979242979,0.0005069234432234,0.0003319484737484
-1.213606837606865e-05,0.0011316476190476,0.0006721142857142,-0.0005575531623931,-0.0003404197557997,0.0009027446398046,-0.0015273421245421,-0.0012378174603174,0.0001633235653235,0.000966756043956,0.0008569346764346,0.0006638556776556
7.286153846153818e-05,0.001322786080586,0.0007846412698412,-0.0006969472039072,-0.0003556173137973,0.0010547214407814,-0.0018261045177045,-0.0015662746031746,3.628869352869345e-05,0.001084575091575,0.0010621136752136,0.00090826007326
3.946962148962121e-05,0.0010861384615384,0.0005778349206349,-0.0005605834676434,-0.0002674714774114,0.0008328353113553,-0.001874882051282,-0.001706173015873,-0.0002661752869352,0.0007794539682539,0.0008720213675213,0.0008569653235653
-0.0001699887667887,0.0004277726495726,0.0001368507936507,-0.0001272498168498,-0.00015197003663,0.0002826792918192,-0.0016584317460317,-0.0017822047619047,-0.0007622162148962,0.0001118126984126,0.0003560565323565,0.0005341101343101
-0.000412839072039,2.425811965811985e-05,-2.1295238095238e-05,0.0001939625396825,-0.0001945231990231,2.442002441966906e-09,-0.0014480786324786,-0.0019221031746031,-0.0011856657875457,-0.0004047785103785,-2.71454212454214e-05,0.000283671062271
-0.0005646205128205,-0.0002093555555555,-0.0001034095238095,0.0003848717704517,-0.0002309973382173,-0.0001550138949938,-0.0012834544566544,-0.0018764841269841,-0.0013308484981684,-0.0006525006105006,-0.0002655151404151,8.754407814407754e-05
-0.000625333089133,-0.0003883582417582,-0.0002189777777777,0.0005060839804639,-0.0002036417338217,-0.0003039511599511,-0.0011493162393162,-0.0016453476190476,-0.0012431339438339,-0.0006917736263736,-0.000398278021978,-8.746153846153906e-05
-0.0006283687179487,-0.000455105006105,-0.0002828444444444,0.0005394173382173,-0.0001732466178266,-0.0003677814163614,-0.0010487125763125,-0.0014111698412698,-0.0011040005128205,-0.0006464586080586,-0.0004465554334554,-0.0002051377289377
-0.0006101549450549,-0.0004824105006105,-0.0003284634920634,0.0005454779487179,-0.0001398119902319,-0.0004042558485958,-0.0009359145299145,-0.0012074047619047,-0.0009799902808302,-0.0006071855921855,-0.0004767288156288,-0.0002956578754578
-0.0005919411721611,-0.0004854444444444,-0.0003467111111111,0.000536387032967,-0.0001215749206349,-0.0004164139926739,-0.0008078735042735,-0.0010066809523809,-0.0008650539682539,-0.0005679125763125,-0.0004978501831501,-0.0003620393162393
-0.000576763028083,-0.0004581389499389,-0.000334546031746,0.0005151748962148,-0.0001215749206349,-0.0003951372405372,-0.0007042212454212,-0.0008394111111111,-0.0007561669352869,-0.0005135345543345,-0.0004887981684981,-0.0003891953601953
-0.0005676561416361,-0.0004217316239316,-0.0003102158730158,0.0004939627594627,-0.0001276539438339,-0.0003647418803418,-0.0006432493284493,-0.0007329666666666,-0.0006684523809523,-0.0004651985347985,-0.0004676768009768,-0.000386178021978
-0.0005646205128205,-0.0004065619047619,-0.0002980507936507,0.0004848718437118,-0.0001337329670329,-0.0003525837362637,-0.0006158119658119,-0.0006903888888888,-0.000629132063492,-0.0004470725274725,-0.0004616421245421,-0.0003891953601953
-0.0005737273992673,-0.0004156637362637,-0.0002980507936507,0.0004939627594627,-0.0001367724786324,-0.0003556232722832,-0.0006036175824175,-0.0006721412698412,-0.0006170335042735,-0.0004470725274725,-0.0004676768009768,-0.0003982473748473
-0.0005858699145299,-0.0004247655677655,-0.0002980507936507,0.0005030536752136,-0.0001428515018315,-0.0003617023443223,-0.0005944717948717,-0.0006569349206349,-0.0006109842246642,-0.0004531145299145,-0.0004737114774114,-0.0004103167277167
-0.0005858699145299,-0.0004338673992673,-0.0003102158730158,0.0005091142857142,-0.0001367724786324,-0.0003708209523809,-0.0005822774114774,-0.0006478111111111,-0.0006079595848595,-0.0004591565323565,-0.0004857808302808,-0.0004254034188034
-0.0005676561416361,-0.0004399352869352,-0.0003284634920634,0.0005030536752136,-0.0001185354090354,-0.000382979096459,-0.0005792288156288,-0.0006447698412698,-0.0006079595848595,-0.0004682195360195,-0.0004948328449328,-0.0004404901098901
-0.0005646205128205,-0.0004399352869352,-0.0003284634920634,0.0005000233699633,-0.0001185354090354,-0.000382979096459,-0.0005761802197802,-0.000635646031746,-0.0005988856654456,-0.0004651985347985,-0.0004978501831501,-0.0004435074481074
-0.000576763028083,-0.0004399352869352,-0.0003193396825396,0.0005060839804639,-0.0001276539438339,-0.0003799395604395,-0.000570083028083,-0.0006204396825396,-0.0005867871062271,-0.0004561355311355,-0.0004918155067155,-0.0004374727716727
-0.0005889055433455,-0.0004429692307692,-0.0003132571428571,0.0005151748962148,-0.0001367724786324,-0.00037690002442,-0.0005639858363858,-0.0006052333333333,-0.0005777131868131,-0.0004470725274725,-0.0004857808302808,-0.000431438095238
-0.0005828342857142,-0.0004460031746031,-0.0003193396825396,0.0005121445909645,-0.0001306934554334,-0.000382979096459,-0.0005639858363858,-0.0006052333333333,-0.0005777131868131,-0.0004470725274725,-0.0004887981684981,-0.0004344554334554
-0.0005676561416361,-0.0004429692307692,-0.0003315047619047,0.0005030536752136,-0.0001185354090354,-0.0003860186324786,-0.000570083028083,-0.0006082746031746,-0.0005837624664224,-0.0004531145299145,-0.0004948328449328,-0.0004404901098901
-0.0005646205128205,-0.0004338673992673,-0.0003284634920634,0.000496993064713,-0.0001185354090354,-0.0003799395604395,-0.000570083028083,-0.0006052333333333,-0.0005837624664224,-0.0004531145299145,-0.0004918155067155,-0.0004404901098901
-0.0005737273992673,-0.0004277995115995,-0.0003102158730158,0.0005000233699633,-0.0001306934554334,-0.0003677814163614,-0.0005670344322344,-0.0005930682539682,-0.0005746885470085,-0.0004440515262515,-0.0004857808302808,-0.0004344554334554
-0.0005737273992673,-0.0004247655677655,-0.0003071746031746,0.000496993064713,-0.0001337329670329,-0.0003647418803418,-0.0005639858363858,-0.0005869857142857,-0.0005686392673992,-0.0004410305250305,-0.0004827634920634,-0.0004344554334554
-0.0005646205128205,-0.0004308334554334,-0.0003223809523809,0.000496993064713,-0.0001215749206349,-0.00037690002442,-0.0005609372405372,-0.0005869857142857,-0.0005686392673992,-0.0004470725274725,-0.0004857808302808,-0.0004344554334554
-0.0005706917704517,-0.0004338673992673,-0.0003162984126984,0.0005000233699633,-0.0001276539438339,-0.0003738604884004,-0.0005609372405372,-0.0005809031746031,-0.0005625899877899,-0.0004410305250305,-0.0004827634920634,-0.0004254034188034
-0.0005646205128205,-0.0004217316239316,-0.0003132571428571,0.0004909324542124,-0.0001246144322344,-0.0003677814163614,-0.0005578886446886,-0.0005748206349206,-0.0005595653479853,-0.0004380095238095,-0.0004797461538461,-0.0004193687423687
-0.0005555136263736,-0.0004095958485958,-0.0003132571428571,0.0004818415384615,-0.0001215749206349,-0.0003617023443223,-0.0005639858363858,-0.0005748206349206,-0.0005595653479853,-0.0004380095238095,-0.0004827634920634,-0.0004254034188034
-0.0005615848840048,-0.0004156637362637,-0.0003102158730158,0.0004879021489621,-0.0001246144322344,-0.0003617023443223,-0.0005609372405372,-0.0005717793650793,-0.0005595653479853,-0.0004410305250305,-0.0004857808302808,-0.0004344554334554
-0.0005706917704517,-0.0004308334554334,-0.0003162984126984,0.0005000233699633,-0.0001276539438339,-0.0003738604884004,-0.0005487428571428,-0.0005626555555555,-0.000553516068376,-0.0004410305250305,-0.0004918155067155,-0.0004404901098901
-0.0005706917704517,-0.0004308334554334,-0.0003193396825396,0.0005000233699633,-0.0001246144322344,-0.0003738604884004,-0.0005426456654456,-0.000556573015873,-0.0005504914285714,-0.0004410305250305,-0.0004887981684981,-0.0004404901098901
-0.0005646205128205,-0.0004338673992673,-0.0003223809523809,0.000496993064713,-0.0001215749206349,-0.00037690002442,-0.0005456942612942,-0.0005504904761904,-0.0005504914285714,-0.0004380095238095,-0.0004887981684981,-0.0004374727716727
-0.0005555136263736,-0.0004338673992673,-0.0003315047619047,0.0004939627594627,-0.0001124563858363,-0.000382979096459,-0.0005456942612942,-0.0005444079365079,-0.0005504914285714,-0.0004380095238095,-0.0004857808302808,-0.0004344554334554
-0.0005524779975579,-0.0004308334554334,-0.000334546031746,0.0004909324542124,-0.0001094168742368,-0.000382979096459,-0.0005517914529914,-0.0005413666666666,-0.0005474667887667,-0.0004349885225885,-0.0004827634920634,-0.000431438095238
-0.0005646205128205,-0.0004308334554334,-0.0003254222222222,0.000496993064713,-0.0001185354090354,-0.00037690002442,-0.0005456942612942,-0.0005352841269841,-0.0005444421489621,-0.0004319675213675,-0.0004827634920634,-0.0004284207570207
-0.0005676561416361,-0.0004308334554334,-0.0003223809523809,0.000496993064713,-0.0001215749206349,-0.00037690002442,-0.000539597069597,-0.0005292015873015,-0.0005383928693528,-0.0004289465201465,-0.0004827634920634,-0.0004284207570207
-0.0005615848840048,-0.0004277995115995,-0.0003284634920634,0.0004939627594627,-0.0001154958974358,-0.00037690002442,-0.0005334998778998,-0.0005200777777777,-0.0005323435897435,-0.0004289465201465,-0.0004797461538461,-0.000431438095238
-0.0005646205128205,-0.0004277995115995,-0.0003193396825396,0.0004939627594627,-0.0001215749206349,-0.0003738604884004,-0.0005334998778998,-0.0005109539682539,-0.0005323435897435,-0.0004259255189255,-0.0004797461538461,-0.000431438095238
-0.0005737273992673,-0.0004308334554334,-0.0003102158730158,0.0005000233699633,-0.0001306934554334,-0.0003708209523809,-0.0005304512820512,-0.0005079126984126,-0.0005323435897435,-0.0004349885225885,-0.0004857808302808,-0.0004404901098901
-0.0005706917704517,-0.0004338673992673,-0.0003162984126984,0.0005000233699633,-0.0001276539438339,-0.0003738604884004,-0.0005304512820512,-0.0005018301587301,-0.0005293189499389,-0.0004380095238095,-0.0004948328449328,-0.0004465247863247
-0.0005585492551892,-0.0004338673992673,-0.0003315047619047,0.0004939627594627,-0.0001124563858363,-0.000382979096459,-0.0005304512820512,-0.0004957476190476,-0.0005262943101343,-0.0004349885225885,-0.0005008675213675,-0.0004495421245421
-0.0005433711111111,-0.0004369013431013,-0.0003467111111111,0.0004879021489621,-9.725882783882755e-05,-0.0003920977045177,-0.0005274026862026,-0.0004866238095238,-0.0005232696703296,-0.0004349885225885,-0.0005008675213675,-0.0004495421245421
-0.0005494423687423,-0.0004247655677655,-0.0003284634920634,0.0004848718437118,-0.0001094168742368,-0.00037690002442,-0.000524354090354,-0.0004683761904761,-0.0005081464713064,-0.0004198835164835,-0.0004827634920634,-0.0004344554334554
-0.000576763028083,-0.0004277995115995,-0.0003041333333333,0.0005000233699633,-0.0001367724786324,-0.0003647418803418,-0.0005091111111111,-0.000444046031746,-0.0004930232722832,-0.0004047785103785,-0.0004676768009768,-0.000422386080586
-0.0005737273992673,-0.0004399352869352,-0.0003223809523809,0.0005060839804639,-0.0001246144322344,-0.0003799395604395,-0.0005030139194139,-0.0004379634920634,-0.0004899986324786,-0.0004077995115995,-0.0004737114774114,-0.0004254034188034
-0.0005494423687423,-0.0004369013431013,-0.0003436698412698,0.0004909324542124,-0.0001033378510378,-0.0003890581684981,-0.0005091111111111,-0.0004318809523809,-0.0004930232722832,-0.0004138415140415,-0.0004797461538461,-0.000431438095238
-0.0005433711111111,-0.0004277995115995,-0.0003406285714285,0.0004848718437118,-0.0001002983394383,-0.000382979096459,-0.0005121597069597,-0.0004227571428571,-0.0004930232722832,-0.0004168625152625,-0.0004797461538461,-0.000431438095238
-0.0005372998534798,-0.0004217316239316,-0.0003406285714285,0.0004788112332112,-9.725882783882755e-05,-0.0003799395604395,-0.0005182568986568,-0.0004136333333333,-0.0004899986324786,-0.0004198835164835,-0.0004797461538461,-0.0004344554334554
-0.0005251573382173,-0.0004217316239316,-0.0003527936507936,0.0004727506227106,-8.510078144078116e-05,-0.0003860186324786,-0.0005152083028083,-0.0003984269841269,-0.0004809247130647,-0.0004138415140415,-0.0004827634920634,-0.0004404901098901
-0.0005281929670329,-0.0004247655677655,-0.0003527936507936,0.0004757809279609,-8.814029304029276e-05,-0.0003890581684981,-0.0005030139194139,-0.000377138095238,-0.0004688261538461,-0.0004077995115995,-0.0004827634920634,-0.0004404901098901
-0.0005433711111111,-0.0004095958485958,-0.0003223809523809,0.0004757809279609,-0.0001094168742368,-0.0003647418803418,-0.0004908195360195,-0.0003558492063492,-0.0004537029548229,-0.0003957155067155,-0.0004676768009768,-0.0004284207570207
-0.0005494423687423,-0.0003944261294261,-0.0003041333333333,0.0004697203174603,-0.0001215749206349,-0.0003495442002442,-0.0004847223443223,-0.0003406428571428,-0.0004476536752136,-0.0003896735042735,-0.0004616421245421,-0.000422386080586
-0.0005403354822954,-0.00039746007326,-0.0003162984126984,0.00046669001221,-0.0001124563858363,-0.0003556232722832,-0.0004847223443223,-0.0003223952380952,-0.0004416043956043,-0.0003896735042735,-0.0004646594627594,-0.000422386080586
-0.0005281929670329,-0.00039746007326,-0.0003284634920634,0.0004606294017094,-0.0001002983394383,-0.0003617023443223,-0.0004816737484737,-0.000298065079365,-0.0004325304761904,-0.0003836315018315,-0.0004586247863247,-0.0004163514041514
-0.0005221217094017,-0.0003944261294261,-0.0003284634920634,0.000457599096459,-9.725882783882755e-05,-0.0003617023443223,-0.0004725279609279,-0.0002706936507936,-0.0004204319169719,-0.0003775894993894,-0.0004495727716727,-0.0004103167277167
-0.000519086080586,-0.0003762224664224,-0.0003132571428571,0.0004454778754578,-0.0001033378510378,-0.0003434651282051,-0.0004694793650793,-0.000252446031746,-0.0004113579975579,-0.0003745684981684,-0.0004465554334554,-0.0004012647130647
-0.000519086080586,-0.0003580188034188,-0.0002980507936507,0.0004363869597069,-0.0001094168742368,-0.0003282674481074,-0.0004694793650793,-0.0002311571428571,-0.0003992594383394,-0.0003655054945054,-0.000434486080586,-0.0003922126984126
-0.0005069435653235,-0.0003489169719169,-0.0002950095238095,0.000427296043956,-0.0001063773626373,-0.0003221883760683,-0.0004664307692307,-0.0002068269841269,-0.0003901855189255,-0.0003534214896214,-0.0004284514041514,-0.0003891953601953
-0.0005039079365079,-0.000345883028083,-0.0002980507936507,0.0004242657387057,-0.0001033378510378,-0.0003221883760683,-0.0004603335775335,-0.000185538095238,-0.0003841362393162,-0.0003504004884004,-0.000425434065934,-0.0003831606837606
-0.0005039079365079,-0.0003367811965811,-0.0002889269841269,0.0004182051282051,-0.0001063773626373,-0.0003130697680097,-0.0004572849816849,-0.0001703317460317,-0.0003811115995115,-0.0003504004884004,-0.000425434065934,-0.0003801433455433
-0.0004978366788766,-0.0003185775335775,-0.0002737206349206,0.0004060839072039,-0.0001124563858363,-0.0002948325518925,-0.0004542363858363,-0.0001520841269841,-0.0003720376800976,-0.0003443584859584,-0.0004193993894993,-0.0003710913308913
-0.000494801050061,-0.0003034078144078,-0.0002645968253968,0.0003969929914529,-0.0001154958974358,-0.0002826744078144,-0.0004542363858363,-0.0001307952380952,-0.0003629637606837,-0.0003352954822954,-0.00040733003663,-0.0003620393162393
-0.0004796229059829,-0.000291272039072,-0.000267638095238,0.0003848717704517,-0.0001063773626373,-0.0002796348717948,-0.0004542363858363,-0.0001125476190476,-0.0003538898412698,-0.0003292534798534,-0.000398278021978,-0.0003499699633699
-0.0004765872771672,-0.0002761023199023,-0.000255473015873,0.0003757808547008,-0.0001094168742368,-0.0002644371916971,-0.0004542363858363,-0.0001034238095238,-0.0003478405616605,-0.0003201904761904,-0.0003862086691086,-0.0003318659340659
-0.0004826585347985,-0.0002578986568986,-0.0002281015873015,0.0003697202442002,-0.0001276539438339,-0.0002431604395604,-0.0004511877899877,-9.429999999999968e-05,-0.0003387666422466,-0.0003081064713064,-0.0003681046398046,-0.0003137619047619
-0.0004856941636141,-0.0002396949938949,-0.0002098539682539,0.0003606293284493,-0.0001367724786324,-0.0002249232234432,-0.0004511877899877,-8.821746031746001e-05,-0.0003327173626373,-0.0002990434676434,-0.0003560352869352,-0.0002956578754578
-0.0004644447619047,-0.0002214913308913,-0.0002159365079365,0.0003424474969474,-0.0001246144322344,-0.0002188441514041,-0.0004603335775335,-8.821746031746001e-05,-0.0003327173626373,-0.0002990434676434,-0.0003469832722832,-0.0002896231990231
-0.0004553378754578,-0.0002002537240537,-0.0002037714285714,0.0003272959706959,-0.0001246144322344,-0.0002006069352869,-0.0004603335775335,-8.821746031746001e-05,-0.0003296927228327,-0.0002869594627594,-0.0003318965811965,-0.0002715191697191
-0.0004583735042735,-0.0001941858363858,-0.0001946476190476,0.0003242656654456,-0.0001306934554334,-0.0001945278632478,-0.0004664307692307,-9.734126984126952e-05,-0.0003236434432234,-0.0002809174603174,-0.0003228445665445,-0.0002594498168498
-0.0004674803907203,-0.0001881179487179,-0.0001794412698412,0.0003272959706959,-0.0001428515018315,-0.0001823697191697,-0.0004786251526251,-0.0001216714285714,-0.0003296927228327,-0.0002869594627594,-0.0003198272283272,-0.0002534151404151
-0.0004826585347985,-0.0001729482295482,-0.0001490285714285,0.0003272959706959,-0.0001671675946275,-0.0001610929670329,-0.0004816737484737,-0.000139919047619,-0.0003327173626373,-0.0002809174603174,-0.0003077578754578,-0.0002383284493284
-0.0004674803907203,-0.0001547445665445,-0.0001459873015873,0.0003091141391941,-0.0001610885714285,-0.0001489348229548,-0.0004999653235653,-0.000173373015873,-0.0003478405616605,-0.0002778964590964,-0.0003017231990231,-0.0002292764346764
-0.0004401597313797,-0.0001456427350427,-0.0001642349206349,0.0002909323076923,-0.0001367724786324,-0.0001550138949938,-0.0005213054945054,-0.0002220333333333,-0.0003629637606837,-0.0002839384615384,-0.0003047405372405,-0.0002292764346764
-0.0004431953601953,-0.0001456427350427,-0.0001581523809523,0.0002939626129426,-0.0001428515018315,-0.0001519743589743,-0.0005365484737484,-0.0002646111111111,-0.0003750623199023,-0.0002899804639804,-0.0003017231990231,-0.0002232417582417
-0.0004583735042735,-0.0001486766788766,-0.0001459873015873,0.0003030535286935,-0.0001550095482295,-0.0001458952869352,-0.0005456942612942,-0.0003102301587301,-0.0003901855189255,-0.0002990434676434,-0.0003017231990231,-0.000217207081807
-0.0004735516483516,-0.0001547445665445,-0.0001399047619047,0.0003121444444444,-0.0001671675946275,-0.0001458952869352,-0.0005578886446886,-0.0003558492063492,-0.0004113579975579,-0.0003081064713064,-0.0003047405372405,-0.0002202244200244
-0.0004826585347985,-0.0001668803418803,-0.0001368634920634,0.0003242656654456,-0.0001732466178266,-0.0001519743589743,-0.000570083028083,-0.0003984269841269,-0.0004295058363858,-0.0003171694749694,-0.0003107752136752,-0.0002232417582417
-0.0004887297924297,-0.0001881179487179,-0.0001551111111111,0.0003363868864468,-0.0001671675946275,-0.0001702115750915,-0.0005822774114774,-0.0004410047619047,-0.0004506783150183,-0.0003232114774114,-0.0003198272283272,-0.0002322937728937
-0.0004978366788766,-0.0002123894993894,-0.0001672761904761,0.0003545687179487,-0.000164128083028,-0.0001884487912087,-0.0005883746031746,-0.0004866238095238,-0.0004688261538461,-0.0003292534798534,-0.0003258619047619,-0.0002413457875457
-0.0005099791941391,-0.0002305931623931,-0.0001763999999999,0.0003697202442002,-0.0001671675946275,-0.0002036464713064,-0.0005944717948717,-0.0005261603174603,-0.0004869739926739,-0.0003413374847374,-0.0003379312576312,-0.0002564324786324
-0.0005160504517704,-0.0002518307692307,-0.0001946476190476,0.0003818414652014,-0.0001610885714285,-0.0002218836874236,-0.0005975203907203,-0.000556573015873,-0.0005051218315018,-0.0003564424908424,-0.0003530179487179,-0.0002775538461538
-0.0005281929670329,-0.0002791362637362,-0.0002098539682539,0.0004030536019536,-0.000158049059829,-0.0002431604395604,-0.0005975203907203,-0.0005839444444444,-0.0005172203907203,-0.0003715474969474,-0.0003681046398046,-0.0002956578754578
-0.0005372998534798,-0.0003064417582417,-0.0002250603174603,0.0004212354334554,-0.0001550095482295,-0.0002644371916971,-0.0005975203907203,-0.0006082746031746,-0.0005323435897435,-0.0003806105006105,-0.0003862086691086,-0.0003137619047619
-0.0005524779975579,-0.0003367811965811,-0.0002402666666666,0.0004424475702075,-0.0001550095482295,-0.0002887534798534,-0.0005944717948717,-0.0006295634920634,-0.0005474667887667,-0.0003957155067155,-0.000398278021978,-0.0003348832722832
-0.0005615848840048,-0.0003640866910866,-0.000255473015873,0.0004606294017094,-0.00015197003663,-0.0003100302319902,-0.0005944717948717,-0.0006538936507936,-0.0005656146275946,-0.0004077995115995,-0.000416382051282,-0.0003529873015873
-0.0005646205128205,-0.0003822903540903,-0.0002737206349206,0.0004727506227106,-0.000145891013431,-0.0003282674481074,-0.0005975203907203,-0.0006721412698412,-0.0005777131868131,-0.0004198835164835,-0.0004314687423687,-0.0003680739926739
-0.0005706917704517,-0.00039746007326,-0.0002828444444444,0.0004818415384615,-0.0001428515018315,-0.0003404255921855,-0.0006005689865689,-0.0006873476190476,-0.0005867871062271,-0.0004289465201465,-0.000443538095238,-0.0003801433455433
-0.0005706917704517,-0.0004126297924297,-0.0002980507936507,0.0004909324542124,-0.0001367724786324,-0.0003556232722832,-0.0006066661782661,-0.0006995126984126,-0.0005988856654456,-0.0004410305250305,-0.0004525901098901,-0.0003922126984126
-0.0005706917704517,-0.0004277995115995,-0.0003193396825396,0.000496993064713,-0.0001246144322344,-0.0003738604884004,-0.0006066661782661,-0.0007116777777777,-0.0006079595848595,-0.0004500935286935,-0.0004646594627594,-0.0004072993894993
-0.0005737273992673,-0.0004460031746031,-0.0003284634920634,0.0005091142857142,-0.0001215749206349,-0.0003860186324786,-0.0006005689865689,-0.0007177603174603,-0.0006140088644688,-0.0004591565323565,-0.0004767288156288,-0.0004193687423687
-0.0005828342857142,-0.0004611728937728,-0.0003315047619047,0.0005212355067155,-0.0001246144322344,-0.0003951372405372,-0.0005944717948717,-0.0007238428571428,-0.0006200581440781,-0.0004621775335775,-0.0004797461538461,-0.0004254034188034
-0.0005919411721611,-0.0004611728937728,-0.0003254222222222,0.0005242658119658,-0.0001337329670329,-0.0003920977045177,-0.0005944717948717,-0.0007299253968253,-0.0006230827838827,-0.0004621775335775,-0.0004827634920634,-0.0004284207570207
-0.0005980124297924,-0.0004702747252747,-0.0003284634920634,0.0005333567277167,-0.0001337329670329,-0.0003981767765567,-0.0005975203907203,-0.0007360079365079,-0.000629132063492,-0.0004682195360195,-0.0004887981684981,-0.000431438095238
-0.0005980124297924,-0.0004854444444444,-0.0003436698412698,0.0005394173382173,-0.0001276539438339,-0.0004133744566544,-0.0005975203907203,-0.0007390492063492,-0.0006351813431013,-0.0004772825396825,-0.0004948328449328,-0.0004374727716727
-0.0006101549450549,-0.0004945462759462,-0.0003406285714285,0.0005515385592185,-0.0001337329670329,-0.0004164139926739,-0.0005883746031746,-0.0007360079365079,-0.0006321567032967,-0.0004742615384615,-0.0004948328449328,-0.0004344554334554
-0.0006101549450549,-0.0004915123321123,-0.0003406285714285,0.0005485082539682,-0.0001337329670329,-0.0004164139926739,-0.0005883746031746,-0.0007360079365079,-0.0006321567032967,-0.0004742615384615,-0.0004918155067155,-0.0004344554334554
-0.0005949768009768,-0.0004915123321123,-0.0003527936507936,0.0005424476434676,-0.0001215749206349,-0.000422493064713,-0.0005914231990231,-0.0007360079365079,-0.0006321567032967,-0.0004712405372405,-0.0004918155067155,-0.0004344554334554
-0.0005858699145299,-0.0004975802197802,-0.0003679999999999,0.0005394173382173,-0.0001094168742368,-0.0004316116727716,-0.0005914231990231,-0.0007329666666666,-0.0006351813431013,-0.0004772825396825,-0.0005008675213675,-0.0004435074481074
-0.0005919411721611,-0.0005006141636141,-0.0003679999999999,0.0005454779487179,-0.0001124563858363,-0.0004346512087912,-0.0005914231990231,-0.0007360079365079,-0.0006412306227106,-0.0004863455433455,-0.0005099195360195,-0.0004495421245421
-0.0005949768009768,-0.0005006141636141,-0.0003588761904761,0.0005454779487179,-0.0001185354090354,-0.0004285721367521,-0.0005883746031746,-0.0007390492063492,-0.0006442552625152,-0.0004893665445665,-0.0005129368742368,-0.0004555768009768
-0.0006071193162393,-0.0005006141636141,-0.0003497523809523,0.0005515385592185,-0.0001276539438339,-0.0004255326007326,-0.0005792288156288,-0.0007360079365079,-0.0006382059829059,-0.0004893665445665,-0.0005129368742368,-0.0004525594627594
-0.0006192618315018,-0.0005006141636141,-0.000334546031746,0.0005575991697191,-0.0001428515018315,-0.0004164139926739,-0.0005761802197802,-0.0007299253968253,-0.0006321567032967,-0.0004893665445665,-0.0005099195360195,-0.0004525594627594
-0.0005980124297924,-0.0005036481074481,-0.0003619174603174,0.0005485082539682,-0.0001185354090354,-0.0004316116727716,-0.0005822774114774,-0.0007299253968253,-0.0006382059829059,-0.0004954085470085,-0.0005159542124542,-0.0004585941391941
-0.0005828342857142,-0.0005127499389499,-0.0003892888888888,0.0005454779487179,-9.725882783882755e-05,-0.0004498488888888,-0.0005914231990231,-0.0007360079365079,-0.0006442552625152,-0.0005044715506715,-0.0005280235653235,-0.0004676461538461
-0.0005949768009768,-0.0005157838827838,-0.0003771238095238,0.0005545688644688,-0.0001094168742368,-0.0004468093528693,-0.0005822774114774,-0.0007329666666666,-0.0006412306227106,-0.0005014505494505,-0.0005250062271062,-0.0004676461538461
-0.0006131905738705,-0.0005097159951159,-0.0003527936507936,0.0005606294749694,-0.0001306934554334,-0.0004316116727716,-0.0005731316239316,-0.0007208015873015,-0.0006321567032967,-0.0004893665445665,-0.0005159542124542,-0.0004555768009768
-0.0006040836874236,-0.0005127499389499,-0.0003649587301587,0.0005575991697191,-0.0001185354090354,-0.0004376907448107,-0.0005731316239316,-0.0007177603174603,-0.0006321567032967,-0.0004893665445665,-0.0005159542124542,-0.0004555768009768
-0.0005949768009768,-0.0005097159951159,-0.0003740825396825,0.0005515385592185,-0.0001094168742368,-0.0004407302808302,-0.0005761802197802,-0.0007208015873015,-0.0006351813431013,-0.0004893665445665,-0.0005189715506715,-0.0004585941391941
-0.0005949768009768,-0.000506682051282,-0.0003679999999999,0.0005485082539682,-0.0001124563858363,-0.0004376907448107,-0.0005761802197802,-0.0007208015873015,-0.0006321567032967,-0.0004923875457875,-0.0005189715506715,-0.0004616114774114
-0.0005980124297924,-0.0005036481074481,-0.0003619174603174,0.0005485082539682,-0.0001185354090354,-0.0004316116727716,-0.0005761802197802,-0.0007177603174603,-0.0006321567032967,-0.0004923875457875,-0.0005189715506715,-0.0004646288156288
-0.0005980124297924,-0.0005036481074481,-0.0003588761904761,0.0005485082539682,-0.0001185354090354,-0.0004316116727716,-0.0005731316239316,-0.0007116777777777,-0.000629132063492,-0.0004923875457875,-0.0005189715506715,-0.0004616114774114
-0.0005949768009768,-0.0005006141636141,-0.0003679999999999,0.0005454779487179,-0.0001124563858363,-0.0004346512087912,-0.000570083028083,-0.0007055952380952,-0.000629132063492,-0.0004893665445665,-0.0005159542124542,-0.0004525594627594
-0.0005949768009768,-0.0005097159951159,-0.0003710412698412,0.0005515385592185,-0.0001124563858363,-0.0004407302808302,-0.000570083028083,-0.0007025539682539,-0.0006261074236874,-0.0004893665445665,-0.0005129368742368,-0.0004555768009768
-0.0006040836874236,-0.0005127499389499,-0.0003649587301587,0.0005575991697191,-0.0001185354090354,-0.0004376907448107,-0.000570083028083,-0.0007025539682539,-0.000629132063492,-0.0004893665445665,-0.0005129368742368,-0.0004555768009768
-0.0005980124297924,-0.0005006141636141,-0.0003619174603174,0.0005485082539682,-0.0001185354090354,-0.0004316116727716,-0.000570083028083,-0.0006995126984126,-0.000629132063492,-0.0004863455433455,-0.0005129368742368,-0.0004555768009768
-0.0005889055433455,-0.0004915123321123,-0.0003588761904761,0.0005394173382173,-0.0001154958974358,-0.0004255326007326,-0.0005731316239316,-0.0007025539682539,-0.000629132063492,-0.0004863455433455,-0.0005099195360195,-0.0004585941391941
-0.0005919411721611,-0.0004884783882783,-0.0003558349206349,0.0005394173382173,-0.0001185354090354,-0.000422493064713,-0.0005792288156288,-0.0007025539682539,-0.000629132063492,-0.0004893665445665,-0.0005129368742368,-0.0004585941391941
-0.0005797986568986,-0.0004793765567765,-0.0003558349206349,0.0005272961172161,-0.0001124563858363,-0.0004164139926739,-0.0005822774114774,-0.0006995126984126,-0.000629132063492,-0.0004863455433455,-0.0005129368742368,-0.0004585941391941
-0.0005797986568986,-0.0004763426129426,-0.0003527936507936,0.0005272961172161,-0.0001124563858363,-0.0004133744566544,-0.0005822774114774,-0.0006995126984126,-0.000629132063492,-0.0004833245421245,-0.0005069021978021,-0.0004555768009768
-0.0005828342857142,-0.0004824105006105,-0.0003527936507936,0.0005303264224664,-0.0001154958974358,-0.0004164139926739,-0.0005792288156288,-0.0006995126984126,-0.0006230827838827,-0.0004803035409035,-0.0005038848595848,-0.0004555768009768
-0.0005858699145299,-0.0004915123321123,-0.0003619174603174,0.000536387032967,-0.0001124563858363,-0.0004255326007326,-0.0005731316239316,-0.0006934301587301,-0.0006170335042735,-0.0004712405372405,-0.0005008675213675,-0.0004495421245421
-0.0005797986568986,-0.0004824105006105,-0.0003588761904761,0.0005303264224664,-0.0001094168742368,-0.0004194535286935,-0.0005731316239316,-0.0006934301587301,-0.0006140088644688,-0.0004682195360195,-0.0004948328449328,-0.0004465247863247
-0.0005737273992673,-0.0004702747252747,-0.0003527936507936,0.0005212355067155,-0.0001094168742368,-0.0004103349206349,-0.0005822774114774,-0.0006964714285714,-0.0006140088644688,-0.0004651985347985,-0.0004918155067155,-0.0004435074481074
-0.000576763028083,-0.0004672407814407,-0.0003497523809523,0.0005212355067155,-0.0001124563858363,-0.0004072953846153,-0.000585326007326,-0.0006964714285714,-0.0006170335042735,-0.0004651985347985,-0.0004948328449328,-0.0004465247863247
-0.0005889055433455,-0.0004672407814407,-0.0003375873015873,0.0005272961172161,-0.0001246144322344,-0.0004012163125763,-0.0005822774114774,-0.0006964714285714,-0.0006140088644688,-0.0004591565323565,-0.0004887981684981,-0.0004404901098901
-0.0005919411721611,-0.0004642068376068,-0.0003315047619047,0.0005272961172161,-0.0001306934554334,-0.0003981767765567,-0.0005822774114774,-0.0006995126984126,-0.0006109842246642,-0.0004561355311355,-0.0004827634920634,-0.0004344554334554
-0.0005797986568986,-0.0004611728937728,-0.0003406285714285,0.0005182052014652,-0.0001185354090354,-0.0004012163125763,-0.0005883746031746,-0.0006995126984126,-0.0006109842246642,-0.0004531145299145,-0.0004797461538461,-0.0004344554334554
-0.0005706917704517,-0.0004642068376068,-0.0003527936507936,0.0005151748962148,-0.0001094168742368,-0.0004072953846153,-0.0005914231990231,-0.0006995126984126,-0.0006079595848595,-0.0004531145299145,-0.0004767288156288,-0.000431438095238
-0.0005706917704517,-0.0004672407814407,-0.0003558349206349,0.0005182052014652,-0.0001063773626373,-0.0004103349206349,-0.0005975203907203,-0.0007025539682539,-0.0006109842246642,-0.0004531145299145,-0.0004767288156288,-0.0004344554334554
-0.0005737273992673,-0.0004611728937728,-0.0003436698412698,0.0005151748962148,-0.0001154958974358,-0.0004012163125763,-0.0005975203907203,-0.0007116777777777,-0.0006170335042735,-0.0004531145299145,-0.0004767288156288,-0.0004344554334554
-0.0005828342857142,-0.000452071062271,-0.0003254222222222,0.0005151748962148,-0.0001276539438339,-0.0003890581684981,-0.0005975203907203,-0.0007086365079365,-0.0006140088644688,-0.0004500935286935,-0.0004737114774114,-0.000431438095238
-0.0005706917704517,-0.0004460031746031,-0.000334546031746,0.0005060839804639,-0.0001185354090354,-0.0003890581684981,-0.0006036175824175,-0.0007116777777777,-0.0006170335042735,-0.0004561355311355,-0.0004767288156288,-0.0004344554334554
-0.0005585492551892,-0.0004490371184371,-0.0003436698412698,0.0005030536752136,-0.0001063773626373,-0.0003951372405372,-0.0006097147741147,-0.0007177603174603,-0.0006200581440781,-0.0004591565323565,-0.0004827634920634,-0.0004374727716727
-0.0005706917704517,-0.0004581389499389,-0.0003436698412698,0.0005121445909645,-0.0001124563858363,-0.0004012163125763,-0.0006036175824175,-0.0007177603174603,-0.0006200581440781,-0.0004561355311355,-0.0004797461538461,-0.0004374727716727
-0.000576763028083,-0.0004672407814407,-0.0003497523809523,0.0005212355067155,-0.0001124563858363,-0.0004072953846153,-0.0005975203907203,-0.000714719047619,-0.0006200581440781,-0.0004531145299145,-0.0004767288156288,-0.000431438095238
-0.0005737273992673,-0.0004672407814407,-0.0003527936507936,0.0005182052014652,-0.0001094168742368,-0.0004103349206349,-0.0006005689865689,-0.0007208015873015,-0.0006261074236874,-0.0004531145299145,-0.0004767288156288,-0.0004344554334554
-0.0005737273992673,-0.0004642068376068,-0.0003467111111111,0.0005182052014652,-0.0001124563858363,-0.0004042558485958,-0.0006036175824175,-0.0007238428571428,-0.000629132063492,-0.0004561355311355,-0.0004797461538461,-0.0004344554334554
-0.0005858699145299,-0.0004611728937728,-0.0003284634920634,0.0005212355067155,-0.0001276539438339,-0.0003951372405372,-0.0006036175824175,-0.0007238428571428,-0.0006261074236874,-0.0004531145299145,-0.0004737114774114,-0.000431438095238
-0.0005828342857142,-0.0004642068376068,-0.000334546031746,0.0005212355067155,-0.0001246144322344,-0.0003981767765567,-0.0006066661782661,-0.0007299253968253,-0.000629132063492,-0.0004621775335775,-0.0004827634920634,-0.0004404901098901
-0.0005797986568986,-0.0004672407814407,-0.0003436698412698,0.0005212355067155,-0.0001185354090354,-0.0004042558485958,-0.0006066661782661,-0.0007329666666666,-0.000629132063492,-0.0004651985347985,-0.0004887981684981,-0.0004404901098901
-0.0005706917704517,-0.0004733086691086,-0.0003619174603174,0.0005212355067155,-0.0001033378510378,-0.0004164139926739,-0.0006097147741147,-0.0007390492063492,-0.0006351813431013,-0.0004712405372405,-0.0004948328449328,-0.0004465247863247
-0.0005676561416361,-0.0004793765567765,-0.0003679999999999,0.0005212355067155,-0.0001002983394383,-0.000422493064713,-0.0006158119658119,-0.0007390492063492,-0.0006382059829059,-0.0004742615384615,-0.0004978501831501,-0.0004465247863247
-0.0005706917704517,-0.0004793765567765,-0.0003649587301587,0.0005242658119658,-0.0001033378510378,-0.000422493064713,-0.0006158119658119,-0.0007420904761904,-0.0006382059829059,-0.0004712405372405,-0.0004918155067155,-0.0004435074481074
-0.000576763028083,-0.0004793765567765,-0.0003588761904761,0.0005272961172161,-0.0001094168742368,-0.0004194535286935,-0.0006097147741147,-0.0007420904761904,-0.0006351813431013,-0.0004682195360195,-0.0004887981684981,-0.0004404901098901
-0.0005828342857142,-0.0004793765567765,-0.0003558349206349,0.0005303264224664,-0.0001124563858363,-0.0004164139926739,-0.0006066661782661,-0.0007451317460317,-0.0006382059829059,-0.0004682195360195,-0.0004887981684981,-0.0004404901098901
-0.0005858699145299,-0.0004763426129426,-0.0003467111111111,0.0005303264224664,-0.0001185354090354,-0.0004103349206349,-0.0006036175824175,-0.0007420904761904,-0.0006382059829059,-0.0004682195360195,-0.0004857808302808,-0.0004344554334554
-0.0005858699145299,-0.0004763426129426,-0.0003497523809523,0.0005303264224664,-0.0001185354090354,-0.0004133744566544,-0.0006005689865689,-0.0007420904761904,-0.0006412306227106,-0.0004712405372405,-0.0004857808302808,-0.0004344554334554
-0.0005858699145299,-0.0004884783882783,-0.0003588761904761,0.000536387032967,-0.0001124563858363,-0.000422493064713,-0.0006036175824175,-0.0007390492063492,-0.0006412306227106,-0.0004682195360195,-0.0004857808302808,-0.0004344554334554
-0.0005858699145299,-0.0004945462759462,-0.0003649587301587,0.0005394173382173,-0.0001094168742368,-0.0004285721367521,-0.0006066661782661,-0.0007390492063492,-0.0006412306227106,-0.0004651985347985,-0.0004887981684981,-0.0004344554334554
-0.0005797986568986,-0.0004945462759462,-0.0003740825396825,0.000536387032967,-0.0001033378510378,-0.0004346512087912,-0.0006066661782661,-0.0007451317460317,-0.0006472799023199,-0.0004712405372405,-0.0004948328449328,-0.0004404901098901
-0.0005706917704517,-0.0004854444444444,-0.0003710412698412,0.0005272961172161,-0.0001002983394383,-0.0004285721367521,-0.0006097147741147,-0.0007512142857142,-0.0006563538217338,-0.0004772825396825,-0.0004948328449328,-0.0004465247863247
-0.0005706917704517,-0.0004733086691086,-0.0003619174603174,0.0005212355067155,-0.0001033378510378,-0.0004164139926739,-0.0006219091575091,-0.000760338095238,-0.0006624031013431,-0.0004833245421245,-0.0004978501831501,-0.0004525594627594
-0.000576763028083,-0.0004763426129426,-0.0003558349206349,0.0005242658119658,-0.0001094168742368,-0.0004164139926739,-0.0006219091575091,-0.0007633793650793,-0.0006624031013431,-0.0004863455433455,-0.0004978501831501,-0.0004555768009768
-0.0005828342857142,-0.0004793765567765,-0.0003588761904761,0.0005303264224664,-0.0001124563858363,-0.0004194535286935,-0.0006158119658119,-0.000760338095238,-0.0006563538217338,-0.0004863455433455,-0.0005008675213675,-0.0004525594627594
-0.0005858699145299,-0.0004915123321123,-0.0003619174603174,0.000536387032967,-0.0001124563858363,-0.0004255326007326,-0.0006097147741147,-0.0007572968253968,-0.0006533291819291,-0.0004803035409035,-0.0005008675213675,-0.0004495421245421
-0.000576763028083,-0.0004975802197802,-0.0003740825396825,0.000536387032967,-0.0001002983394383,-0.0004346512087912,-0.0006066661782661,-0.0007572968253968,-0.0006533291819291,-0.0004742615384615,-0.0004948328449328,-0.0004404901098901
-0.0005676561416361,-0.0004975802197802,-0.0003832063492063,0.0005303264224664,-9.117980463980436e-05,-0.0004407302808302,-0.0006127633699633,-0.0007572968253968,-0.0006593784615384,-0.0004772825396825,-0.0004948328449328,-0.0004404901098901
-0.000576763028083,-0.0004945462759462,-0.0003679999999999,0.0005333567277167,-0.0001033378510378,-0.0004316116727716,-0.0006158119658119,-0.0007572968253968,-0.0006624031013431,-0.0004803035409035,-0.0004918155067155,-0.0004404901098901
-0.0005828342857142,-0.0004854444444444,-0.0003558349206349,0.0005333567277167,-0.0001124563858363,-0.0004194535286935,-0.0006158119658119,-0.000760338095238,-0.0006654277411477,-0.0004863455433455,-0.0004918155067155,-0.0004435074481074
-0.0005737273992673,-0.0004824105006105,-0.0003649587301587,0.0005272961172161,-0.0001033378510378,-0.000422493064713,-0.0006127633699633,-0.0007633793650793,-0.0006654277411477,-0.0004833245421245,-0.0004948328449328,-0.0004465247863247
-0.000576763028083,-0.0004884783882783,-0.0003710412698412,0.0005303264224664,-0.0001033378510378,-0.0004285721367521,-0.0006066661782661,-0.000760338095238,-0.0006563538217338,-0.0004772825396825,-0.0004948328449328,-0.0004435074481074
-0.0005706917704517,-0.0004884783882783,-0.0003740825396825,0.0005272961172161,-9.725882783882755e-05,-0.0004316116727716,-0.0006066661782661,-0.0007572968253968,-0.0006533291819291,-0.0004742615384615,-0.0004887981684981,-0.0004374727716727
-0.0005706917704517,-0.0004824105006105,-0.0003679999999999,0.0005242658119658,-0.0001002983394383,-0.0004255326007326,-0.0006066661782661,-0.000760338095238,-0.0006533291819291,-0.0004682195360195,-0.0004797461538461,-0.0004284207570207
-0.0005828342857142,-0.0004824105006105,-0.0003558349206349,0.0005303264224664,-0.0001124563858363,-0.0004194535286935,-0.0006036175824175,-0.0007572968253968,-0.0006472799023199,-0.0004621775335775,-0.0004767288156288,-0.000422386080586
-0.0005889055433455,-0.0004884783882783,-0.0003558349206349,0.000536387032967,-0.0001154958974358,-0.000422493064713,-0.0006036175824175,-0.0007572968253968,-0.0006533291819291,-0.0004682195360195,-0.0004797461538461,-0.0004284207570207
-0.000576763028083,-0.0004793765567765,-0.0003588761904761,0.0005272961172161,-0.0001094168742368,-0.0004194535286935,-0.0006097147741147,-0.0007572968253968,-0.0006563538217338,-0.0004712405372405,-0.0004797461538461,-0.0004284207570207
-0.0005646205128205,-0.0004702747252747,-0.0003588761904761,0.0005151748962148,-0.0001033378510378,-0.0004133744566544,-0.0006188605616605,-0.0007633793650793,-0.0006593784615384,-0.0004742615384615,-0.0004827634920634,-0.0004284207570207
-0.0005706917704517,-0.0004702747252747,-0.0003558349206349,0.0005182052014652,-0.0001063773626373,-0.0004133744566544,-0.0006188605616605,-0.0007694619047619,-0.0006654277411477,-0.0004772825396825,-0.0004887981684981,-0.0004344554334554
-0.0005706917704517,-0.0004702747252747,-0.0003558349206349,0.0005182052014652,-0.0001063773626373,-0.0004133744566544,-0.0006188605616605,-0.0007694619047619,-0.0006654277411477,-0.0004772825396825,-0.0004887981684981,-0.0004404901098901
-0.0005676561416361,-0.0004733086691086,-0.0003649587301587,0.0005182052014652,-0.0001002983394383,-0.0004194535286935,-0.0006219091575091,-0.0007755444444444,-0.0006654277411477,-0.0004803035409035,-0.0004948328449328,-0.0004435074481074
-0.0005646205128205,-0.0004763426129426,-0.0003710412698412,0.0005182052014652,-9.725882783882755e-05,-0.000422493064713,-0.0006188605616605,-0.0007725031746031,-0.0006654277411477,-0.0004772825396825,-0.0004918155067155,-0.0004435074481074
-0.0005615848840048,-0.0004763426129426,-0.0003679999999999,0.0005182052014652,-9.725882783882755e-05,-0.000422493064713,-0.0006188605616605,-0.0007725031746031,-0.0006624031013431,-0.0004772825396825,-0.0004918155067155,-0.0004374727716727
-0.0005646205128205,-0.0004733086691086,-0.0003649587301587,0.0005182052014652,-0.0001002983394383,-0.0004194535286935,-0.0006188605616605,-0.0007725031746031,-0.0006684523809523,-0.0004803035409035,-0.0004918155067155,-0.0004344554334554
-0.0005706917704517,-0.0004793765567765,-0.0003649587301587,0.0005242658119658,-0.0001033378510378,-0.000422493064713,-0.0006158119658119,-0.0007725031746031,-0.0006684523809523,-0.0004833245421245,-0.0004948328449328,-0.0004404901098901
-0.0005797986568986,-0.0004763426129426,-0.0003558349206349,0.0005272961172161,-0.0001124563858363,-0.0004164139926739,-0.0006127633699633,-0.0007725031746031,-0.0006684523809523,-0.0004803035409035,-0.0004948328449328,-0.0004374727716727
-0.0005706917704517,-0.0004733086691086,-0.0003588761904761,0.0005212355067155,-0.0001063773626373,-0.0004164139926739,-0.0006127633699633,-0.0007725031746031,-0.0006654277411477,-0.0004803035409035,-0.0004918155067155,-0.0004344554334554
-0.0005646205128205,-0.0004824105006105,-0.0003740825396825,0.0005212355067155,-9.421931623931596e-05,-0.0004285721367521,-0.0006066661782661,-0.0007725031746031,-0.0006654277411477,-0.0004772825396825,-0.0004918155067155,-0.0004344554334554
-0.0005706917704517,-0.0004824105006105,-0.0003679999999999,0.0005242658119658,-0.0001002983394383,-0.0004255326007326,-0.0006097147741147,-0.0007694619047619,-0.0006624031013431,-0.0004742615384615,-0.0004827634920634,-0.0004284207570207
-0.0005706917704517,-0.0004854444444444,-0.0003710412698412,0.0005272961172161,-0.0001002983394383,-0.0004285721367521,-0.0006127633699633,-0.0007694619047619,-0.0006593784615384,-0.0004742615384615,-0.0004857808302808,-0.0004284207570207
-0.0005676561416361,-0.0004915123321123,-0.0003771238095238,0.0005272961172161,-9.421931623931596e-05,-0.0004346512087912,-0.0006127633699633,-0.0007725031746031,-0.0006624031013431,-0.0004772825396825,-0.0004918155067155,-0.0004374727716727
-0.0005676561416361,-0.0004824105006105,-0.0003679999999999,0.0005242658119658,-0.0001002983394383,-0.0004255326007326,-0.0006127633699633,-0.0007755444444444,-0.0006654277411477,-0.0004772825396825,-0.0004887981684981,-0.0004374727716727
-0.0005737273992673,-0.0004763426129426,-0.0003558349206349,0.0005242658119658,-0.0001094168742368,-0.0004164139926739,-0.0006158119658119,-0.0007755444444444,-0.0006624031013431,-0.0004742615384615,-0.0004857808302808,-0.0004344554334554
-0.0005797986568986,-0.0004824105006105,-0.0003558349206349,0.0005303264224664,-0.0001124563858363,-0.0004194535286935,-0.0006158119658119,-0.0007755444444444,-0.0006654277411477,-0.0004772825396825,-0.0004887981684981,-0.000431438095238
-0.0005737273992673,-0.0004824105006105,-0.0003649587301587,0.0005272961172161,-0.0001033378510378,-0.000422493064713,-0.0006219091575091,-0.0007785857142857,-0.0006684523809523,-0.0004803035409035,-0.0004918155067155,-0.0004344554334554
-0.000576763028083,-0.0004854444444444,-0.0003649587301587,0.0005303264224664,-0.0001063773626373,-0.0004255326007326,-0.0006158119658119,-0.0007755444444444,-0.0006654277411477,-0.0004803035409035,-0.0004918155067155,-0.0004344554334554
-0.0005706917704517,-0.0004884783882783,-0.0003710412698412,0.0005272961172161,-0.0001002983394383,-0.0004285721367521,-0.0006097147741147,-0.0007725031746031,-0.0006624031013431,-0.0004772825396825,-0.0004918155067155,-0.0004344554334554
-0.0005706917704517,-0.0004915123321123,-0.0003771238095238,0.0005303264224664,-9.725882783882755e-05,-0.0004346512087912,-0.0006127633699633,-0.0007755444444444,-0.0006654277411477,-0.0004803035409035,-0.0004948328449328,-0.0004374727716727
-0.0005858699145299,-0.0004915123321123,-0.0003649587301587,0.000536387032967,-0.0001094168742368,-0.0004285721367521,-0.0006127633699633,-0.0007785857142857,-0.000671477020757,-0.0004833245421245,-0.0004948328449328,-0.0004374727716727
-0.000576763028083,-0.0004854444444444,-0.0003679999999999,0.0005303264224664,-0.0001033378510378,-0.0004255326007326,-0.0006158119658119,-0.0007785857142857,-0.000671477020757,-0.0004833245421245,-0.0004948328449328,-0.0004404901098901
-0.0005646205128205,-0.0004854444444444,-0.0003771238095238,0.0005242658119658,-9.421931623931596e-05,-0.0004316116727716,-0.0006158119658119,-0.0007816269841269,-0.0006775263003663,-0.0004893665445665,-0.0005008675213675,-0.0004465247863247
-0.0005676561416361,-0.0004884783882783,-0.0003740825396825,0.0005272961172161,-9.725882783882755e-05,-0.0004316116727716,-0.0006158119658119,-0.0007785857142857,-0.0006745016605616,-0.0004863455433455,-0.0005008675213675,-0.0004435074481074
-0.0005828342857142,-0.0004884783882783,-0.0003619174603174,0.0005333567277167,-0.0001094168742368,-0.0004255326007326,-0.0006066661782661,-0.0007725031746031,-0.0006593784615384,-0.0004742615384615,-0.0004857808302808,-0.000431438095238
-0.0005797986568986,-0.0004915123321123,-0.0003649587301587,0.0005333567277167,-0.0001063773626373,-0.0004285721367521,-0.0006066661782661,-0.0007725031746031,-0.0006563538217338,-0.0004712405372405,-0.0004827634920634,-0.0004284207570207
-0.0005615848840048,-0.0004945462759462,-0.0003862476190476,0.0005272961172161,-8.814029304029276e-05,-0.0004407302808302,-0.0006127633699633,-0.0007755444444444,-0.0006684523809523,-0.0004772825396825,-0.0004918155067155,-0.0004374727716727
-0.0005706917704517,-0.0004915123321123,-0.000380165079365,0.0005303264224664,-9.421931623931596e-05,-0.0004346512087912,-0.0006097147741147,-0.0007755444444444,-0.000671477020757,-0.0004803035409035,-0.0004918155067155,-0.0004374727716727
-0.0005737273992673,-0.0004884783882783,-0.0003740825396825,0.0005303264224664,-0.0001002983394383,-0.0004316116727716,-0.0006097147741147,-0.0007755444444444,-0.000671477020757,-0.0004833245421245,-0.0004978501831501,-0.0004435074481074
-0.0005646205128205,-0.0004854444444444,-0.000380165079365,0.0005242658119658,-9.117980463980436e-05,-0.0004316116727716,-0.0006097147741147,-0.0007785857142857,-0.0006745016605616,-0.0004863455433455,-0.0005008675213675,-0.0004465247863247
-0.0005706917704517,-0.0004824105006105,-0.0003679999999999,0.0005242658119658,-0.0001002983394383,-0.0004255326007326,-0.0006066661782661,-0.0007755444444444,-0.000671477020757,-0.0004833245421245,-0.0004978501831501,-0.0004374727716727
-0.0005737273992673,-0.0004854444444444,-0.0003649587301587,0.0005272961172161,-0.0001033378510378,-0.0004255326007326,-0.0006036175824175,-0.0007725031746031,-0.0006684523809523,-0.0004803035409035,-0.0004948328449328,-0.0004344554334554
-0.0005706917704517,-0.0004945462759462,-0.000380165079365,0.0005303264224664,-9.421931623931596e-05,-0.0004376907448107,-0.0006036175824175,-0.0007755444444444,-0.0006745016605616,-0.0004863455433455,-0.0004978501831501,-0.0004404901098901
-0.0005676561416361,-0.0004975802197802,-0.0003862476190476,0.0005303264224664,-9.117980463980436e-05,-0.0004407302808302,-0.0006005689865689,-0.0007725031746031,-0.000671477020757,-0.0004833245421245,-0.0004978501831501,-0.0004404901098901
-0.0005737273992673,-0.0004945462759462,-0.0003771238095238,0.0005333567277167,-9.725882783882755e-05,-0.0004346512087912,-0.0006036175824175,-0.0007725031746031,-0.000671477020757,-0.0004833245421245,-0.0004978501831501,-0.0004404901098901
-0.000576763028083,-0.0004854444444444,-0.0003649587301587,0.0005303264224664,-0.0001063773626373,-0.0004255326007326,-0.0006066661782661,-0.0007725031746031,-0.000671477020757,-0.0004772825396825,-0.0004918155067155,-0.0004374727716727
-0.0005706917704517,-0.0004793765567765,-0.0003649587301587,0.0005242658119658,-0.0001033378510378,-0.000422493064713,-0.0006036175824175,-0.0007725031746031,-0.0006684523809523,-0.0004772825396825,-0.0004918155067155,-0.0004374727716727
-0.0005676561416361,-0.0004854444444444,-0.0003740825396825,0.0005242658119658,-9.725882783882755e-05,-0.0004285721367521,-0.0006005689865689,-0.0007755444444444,-0.000671477020757,-0.0004833245421245,-0.0004978501831501,-0.0004465247863247
-0.000576763028083,-0.0004915123321123,-0.0003740825396825,0.0005333567277167,-0.0001002983394383,-0.0004316116727716,-0.0005914231990231,-0.0007755444444444,-0.0006684523809523,-0.0004833245421245,-0.0004978501831501,-0.0004435074481074
-0.0005737273992673,-0.0004915123321123,-0.0003740825396825,0.0005303264224664,-0.0001002983394383,-0.0004316116727716,-0.0005914231990231,-0.0007725031746031,-0.0006654277411477,-0.0004772825396825,-0.0004918155067155,-0.0004374727716727
-0.0005737273992673,-0.0004945462759462,-0.0003771238095238,0.0005333567277167,-9.725882783882755e-05,-0.0004346512087912,-0.0006005689865689,-0.0007755444444444,-0.000671477020757,-0.0004772825396825,-0.0004887981684981,-0.000431438095238
-0.0005737273992673,-0.0004945462759462,-0.0003771238095238,0.0005333567277167,-9.725882783882755e-05,-0.0004346512087912,-0.0006036175824175,-0.0007785857142857,-0.0006775263003663,-0.0004833245421245,-0.0004948328449328,-0.0004374727716727
-0.0005676561416361,-0.0004824105006105,-0.0003740825396825,0.0005242658119658,-9.725882783882755e-05,-0.0004285721367521,-0.0006066661782661,-0.0007846682539682,-0.0006805509401709,-0.0004833245421245,-0.0004948328449328,-0.0004374727716727
-0.000576763028083,-0.0004824105006105,-0.0003619174603174,0.0005272961172161,-0.0001063773626373,-0.000422493064713,-0.0006005689865689,-0.0007816269841269,-0.0006745016605616,-0.0004742615384615,-0.0004887981684981,-0.0004344554334554
-0.0005858699145299,-0.0004884783882783,-0.0003558349206349,0.000536387032967,-0.0001154958974358,-0.000422493064713,-0.0005914231990231,-0.0007694619047619,-0.0006684523809523,-0.0004682195360195,-0.0004827634920634,-0.0004284207570207
-0.0005706917704517,-0.0004945462759462,-0.0003771238095238,0.0005303264224664,-9.725882783882755e-05,-0.0004346512087912,-0.0005944717948717,-0.0007725031746031,-0.000671477020757,-0.0004712405372405,-0.0004887981684981,-0.0004344554334554
-0.0005676561416361,-0.0004945462759462,-0.0003862476190476,0.0005303264224664,-9.117980463980436e-05,-0.0004407302808302,-0.0005944717948717,-0.0007725031746031,-0.0006684523809523,-0.0004742615384615,-0.0004918155067155,-0.000431438095238
-0.0005676561416361,-0.0004854444444444,-0.0003740825396825,0.0005242658119658,-9.725882783882755e-05,-0.0004285721367521,-0.0005914231990231,-0.0007694619047619,-0.0006654277411477,-0.0004712405372405,-0.0004887981684981,-0.000431438095238
-0.0005615848840048,-0.0004763426129426,-0.0003710412698412,0.0005182052014652,-9.421931623931596e-05,-0.000422493064713,-0.0005914231990231,-0.0007664206349206,-0.0006654277411477,-0.0004712405372405,-0.0004887981684981,-0.0004344554334554
-0.0005555136263736,-0.0004642068376068,-0.0003619174603174,0.0005091142857142,-9.725882783882755e-05,-0.0004133744566544,-0.0005883746031746,-0.000760338095238,-0.0006624031013431,-0.0004712405372405,-0.0004887981684981,-0.0004344554334554
-0.0005524779975579,-0.0004642068376068,-0.0003710412698412,0.0005060839804639,-9.117980463980436e-05,-0.0004164139926739,-0.0005883746031746,-0.0007633793650793,-0.0006624031013431,-0.0004712405372405,-0.0004918155067155,-0.0004374727716727
-0.0005464067399267,-0.0004793765567765,-0.0003892888888888,0.0005121445909645,-7.902175824175796e-05,-0.0004346512087912,-0.000585326007326,-0.0007572968253968,-0.0006624031013431,-0.0004712405372405,-0.0004918155067155,-0.0004374727716727
-0.0005433711111111,-0.0004884783882783,-0.0003984126984126,0.0005151748962148,-7.294273504273476e-05,-0.0004437698168498,-0.0005792288156288,-0.0007512142857142,-0.0006593784615384,-0.0004682195360195,-0.0004948328449328,-0.0004374727716727
-0.0005464067399267,-0.0004763426129426,-0.0003832063492063,0.0005091142857142,-8.206126984126955e-05,-0.0004285721367521,-0.0005731316239316,-0.0007451317460317,-0.0006503045421245,-0.0004591565323565,-0.0004827634920634,-0.0004284207570207
-0.0005372998534798,-0.000452071062271,-0.0003679999999999,0.0004939627594627,-8.510078144078116e-05,-0.0004103349206349,-0.0005731316239316,-0.0007360079365079,-0.0006442552625152,-0.0004500935286935,-0.0004706941391941,-0.0004193687423687
-0.0005221217094017,-0.0004277995115995,-0.0003588761904761,0.0004727506227106,-8.206126984126955e-05,-0.0003920977045177,-0.000570083028083,-0.0007208015873015,-0.0006351813431013,-0.0004440515262515,-0.0004646594627594,-0.0004103167277167
-0.0005221217094017,-0.0004217316239316,-0.0003558349206349,0.0004697203174603,-8.206126984126955e-05,-0.0003890581684981,-0.0005609372405372,-0.0007055952380952,-0.0006261074236874,-0.0004349885225885,-0.0004616421245421,-0.0004072993894993
-0.000519086080586,-0.0004308334554334,-0.0003679999999999,0.0004727506227106,-7.598224664224636e-05,-0.0003981767765567,-0.0005670344322344,-0.0007116777777777,-0.0006321567032967,-0.0004410305250305,-0.0004646594627594,-0.0004103167277167
-0.0005221217094017,-0.000452071062271,-0.0003862476190476,0.0004848718437118,-6.686371184371155e-05,-0.0004194535286935,-0.0005792288156288,-0.0007238428571428,-0.0006472799023199,-0.0004531145299145,-0.0004737114774114,-0.000422386080586
-0.0005312285958485,-0.0004702747252747,-0.0004014539682539,0.0005000233699633,-6.382420024419996e-05,-0.0004346512087912,-0.000585326007326,-0.0007299253968253,-0.0006563538217338,-0.0004621775335775,-0.0004797461538461,-0.0004284207570207
-0.0005342642246642,-0.0004854444444444,-0.0004075365079365,0.0005091142857142,-6.382420024419996e-05,-0.0004468093528693,-0.000585326007326,-0.0007329666666666,-0.0006654277411477,-0.0004712405372405,-0.0004918155067155,-0.0004374727716727
-0.0005342642246642,-0.0004763426129426,-0.0003923301587301,0.0005030536752136,-6.990322344322315e-05,-0.0004346512087912,-0.0005944717948717,-0.0007390492063492,-0.0006684523809523,-0.0004712405372405,-0.0004887981684981,-0.0004344554334554
-0.0005372998534798,-0.0004581389499389,-0.0003740825396825,0.000496993064713,-8.206126984126955e-05,-0.0004164139926739,-0.0006158119658119,-0.0007664206349206,-0.000671477020757,-0.0004712405372405,-0.0004857808302808,-0.000422386080586
-0.0005433711111111,-0.0004611728937728,-0.0003771238095238,0.0005000233699633,-8.206126984126955e-05,-0.0004194535286935,-0.0006219091575091,-0.0007816269841269,-0.0006805509401709,-0.0004772825396825,-0.0004887981684981,-0.0004254034188034
-0.0005555136263736,-0.0004884783882783,-0.0003892888888888,0.0005212355067155,-8.206126984126955e-05,-0.0004376907448107,-0.0006188605616605,-0.0007725031746031,-0.0006805509401709,-0.0004803035409035,-0.0004948328449328,-0.000431438095238
-0.0005403354822954,-0.0005006141636141,-0.0004197015873015,0.0005182052014652,-6.078468864468836e-05,-0.0004589674969474,-0.0006188605616605,-0.0007725031746031,-0.0006866002197802,-0.0004863455433455,-0.0004978501831501,-0.0004404901098901
-0.0005312285958485,-0.0005006141636141,-0.0004288253968253,0.0005151748962148,-5.166615384615356e-05,-0.0004650465689865,-0.0006249577533577,-0.0007755444444444,-0.0006926494993894,-0.0004923875457875,-0.0005038848595848,-0.0004435074481074
-0.0005464067399267,-0.0005036481074481,-0.000413619047619,0.0005242658119658,-6.686371184371155e-05,-0.0004589674969474,-0.0006249577533577,-0.0007785857142857,-0.0006956741391941,-0.0004923875457875,-0.0005008675213675,-0.0004374727716727
-0.0005706917704517,-0.000506682051282,-0.0003923301587301,0.000536387032967,-8.814029304029276e-05,-0.0004498488888888,-0.0006188605616605,-0.0007846682539682,-0.0006926494993894,-0.0004893665445665,-0.0004978501831501,-0.000431438095238
-0.0005646205128205,-0.0005127499389499,-0.0004014539682539,0.000536387032967,-8.206126984126955e-05,-0.0004559279609279,-0.0006249577533577,-0.000793792063492,-0.0006956741391941,-0.0004954085470085,-0.0005008675213675,-0.0004404901098901
-0.0005585492551892,-0.0005218517704517,-0.0004166603174603,0.0005394173382173,-6.990322344322315e-05,-0.0004680861050061,-0.0006249577533577,-0.0007968333333333,-0.0007017234188034,-0.0005014505494505,-0.0005069021978021,-0.0004465247863247
-0.0005676561416361,-0.0005188178266178,-0.0004105777777777,0.0005424476434676,-7.902175824175796e-05,-0.0004650465689865,-0.0006219091575091,-0.0007968333333333,-0.000704748058608,-0.0005044715506715,-0.0005099195360195,-0.0004495421245421
-0.0005797986568986,-0.0005218517704517,-0.0003984126984126,0.0005485082539682,-9.117980463980436e-05,-0.0004589674969474,-0.0006188605616605,-0.0007998746031746,-0.0007077726984126,-0.0005044715506715,-0.0005129368742368,-0.0004525594627594
-0.0005889055433455,-0.0005248857142857,-0.0003892888888888,0.0005545688644688,-0.0001002983394383,-0.0004559279609279,-0.0006158119658119,-0.0008029158730158,-0.0007077726984126,-0.0005044715506715,-0.0005099195360195,-0.0004495421245421
-0.0005828342857142,-0.0005157838827838,-0.0003923301587301,0.0005485082539682,-9.421931623931596e-05,-0.0004528884249084,-0.0006158119658119,-0.0008029158730158,-0.000704748058608,-0.0005014505494505,-0.0005069021978021,-0.0004435074481074
-0.000576763028083,-0.0005157838827838,-0.0003953714285714,0.0005454779487179,-9.117980463980436e-05,-0.0004559279609279,-0.0006188605616605,-0.0008029158730158,-0.000704748058608,-0.0004984295482295,-0.0005069021978021,-0.0004435074481074
-0.0005797986568986,-0.0005218517704517,-0.0003984126984126,0.0005485082539682,-9.117980463980436e-05,-0.0004589674969474,-0.0006158119658119,-0.0008029158730158,-0.000704748058608,-0.0005014505494505,-0.0005069021978021,-0.0004435074481074
-0.000576763028083,-0.0005188178266178,-0.0003984126984126,0.0005454779487179,-8.814029304029276e-05,-0.0004589674969474,-0.0006188605616605,-0.0007998746031746,-0.000704748058608,-0.0004984295482295,-0.0005099195360195,-0.0004465247863247
-0.0005706917704517,-0.000506682051282,-0.0003892888888888,0.000536387032967,-9.117980463980436e-05,-0.0004468093528693,-0.0006188605616605,-0.000793792063492,-0.0006986987789987,-0.0004954085470085,-0.0005069021978021,-0.0004435074481074
-0.0005706917704517,-0.0004945462759462,-0.000380165079365,0.0005303264224664,-9.421931623931596e-05,-0.0004376907448107,-0.0006188605616605,-0.0007877095238095,-0.0006896248595848,-0.0004893665445665,-0.0004978501831501,-0.0004374727716727
-0.0005737273992673,-0.0004975802197802,-0.0003771238095238,0.0005333567277167,-9.725882783882755e-05,-0.0004376907448107,-0.0006188605616605,-0.0007846682539682,-0.0006835755799755,-0.0004833245421245,-0.0004948328449328,-0.0004374727716727
-0.000576763028083,-0.0005006141636141,-0.0003771238095238,0.000536387032967,-0.0001002983394383,-0.0004376907448107,-0.0006219091575091,-0.0007907507936507,-0.0006866002197802,-0.0004833245421245,-0.0004978501831501,-0.0004374727716727
-0.0005706917704517,-0.0004945462759462,-0.000380165079365,0.0005303264224664,-9.421931623931596e-05,-0.0004376907448107,-0.0006280063492063,-0.000793792063492,-0.0006835755799755,-0.0004803035409035,-0.0004978501831501,-0.0004374727716727
-0.0005646205128205,-0.0004945462759462,-0.0003832063492063,0.0005272961172161,-9.117980463980436e-05,-0.0004376907448107,-0.0006249577533577,-0.0007725031746031,-0.0006593784615384,-0.0004742615384615,-0.0004978501831501,-0.0004435074481074
-0.0005706917704517,-0.0004672407814407,-0.0003527936507936,0.0005182052014652,-0.0001094168742368,-0.0004103349206349,-0.0006127633699633,-0.0007299253968253,-0.0005988856654456,-0.0004500935286935,-0.0004918155067155,-0.0004495421245421
-0.0005646205128205,-0.0003762224664224,-0.000267638095238,0.0004697203174603,-0.0001489305250305,-0.0003221883760683,-0.0006097147741147,-0.0006660587301587,-0.0005081464713064,-0.0003957155067155,-0.0004586247863247,-0.0004344554334554
-0.0005130148229548,-0.0002063216117216,-0.0001490285714285,0.000357599023199,-0.0001823651526251,-0.0001762906471306,-0.0006432493284493,-0.0005535317460317,-0.0003659884004884,-0.0002567494505494,-0.0003590526251526,-0.0003710913308913
-0.0004067678144078,2.7292063492063687e-05,-2.737777777777768e-05,0.0001879019291819,-0.0001884441758241,2.442002441966906e-09,-0.000713367032967,-0.0004531698412698,-0.0001572882539682,-2.111135531135583e-05,-0.0001749949938949,-0.0002443631257631
-0.0002640932600732,0.0003701277167277,0.000173346031746,-5.149218559218556e-05,-0.0002188392918192,0.0002705211477411,-0.0008840884004884,-0.0005809031746031,3.628869352869345e-05,0.0002930727716727,0.0001237214896214,4.126984126924072e-08
-0.0001062405616605,0.0007736422466422,0.0004136063492063,-0.0003333105738705,-0.0002583529426129,0.0005927119658119,-0.0011798021978021,-0.0009276079365079,0.0001482003663003,0.0006344459096459,0.000485802075702,0.0003259137973137
5.161213675213648e-05,0.001107376068376,0.00059,-0.0005787652991452,-0.0002674714774114,0.0008480329914529,-0.0015486822954822,-0.0013199317460317,0.0001149293284493,0.00091842002442,0.0008267612942612,0.0006487689865689
0.0001517878876678,0.0012954805860805,0.0006751555555555,-0.0007211896459096,-0.0002613924542124,0.0009848121123321,-0.0018626876678876,-0.0016240587301587,-1.2105543345543424e-05,0.001033218070818,0.0010228882783882,0.0008871387057387
0.0001275028571428,0.0010436632478632,0.0004470603174603,-0.0005848259096459,-0.000158049059829,0.0007446887667887,-0.0019267081807081,-0.0017639571428571,-0.0003145695238095,0.0007371599511599,0.0008448653235653,0.0008448959706959
-0.0001092761904761,0.0003731616605616,2.4323809523809613e-05,-0.0001302801221001,-6.686371184371155e-05,0.0001975722832722,-0.0017072092796092,-0.0018551952380952,-0.000813635091575,9.066568986568934e-05,0.0003470045177045,0.0005341101343101
-0.0003794471550671,-3.035286935286916e-05,-0.0001064507936507,0.0002030534554334,-0.0001367724786324,-6.686735042735046e-05,-0.0014846617826617,-0.0020163825396825,-0.0012249861050061,-0.0004047785103785,-1.8093406593406748e-05,0.0002957404151404
-0.0005281929670329,-0.0002518307692307,-0.0001794412698412,0.000387902075702,-0.0001732466178266,-0.0002158046153846,-0.0013108918192918,-0.0019677222222222,-0.0013641195360195,-0.0006494796092796,-0.0002504284493284,0.0001026307692307
-0.0005828342857142,-0.0004095958485958,-0.0002828444444444,0.0004939627594627,-0.0001489305250305,-0.0003465046642246,-0.0011767536019536,-0.0017335444444444,-0.0012733803418803,-0.0006917736263736,-0.0003831913308913,-6.935750915750975e-05
-0.000601048058608,-0.0004733086691086,-0.0003223809523809,0.000536387032967,-0.0001398119902319,-0.0003981767765567,-0.0010700527472527,-0.0014932841269841,-0.0011281976312576,-0.0006464586080586,-0.0004314687423687,-0.0001870336996337
-0.0005949768009768,-0.0004854444444444,-0.0003406285714285,0.0005394173382173,-0.0001276539438339,-0.0004133744566544,-0.0009481089133089,-0.0012773539682539,-0.0009981381196581,-0.0005981225885225,-0.0004556074481074,-0.0002654844932844
-0.000576763028083,-0.0004824105006105,-0.0003619174603174,0.0005272961172161,-0.0001063773626373,-0.000422493064713,-0.0008109221001221,-0.0010614238095238,-0.0008771525274725,-0.0005497865689865,-0.0004706941391941,-0.0003288485958485
-0.0005585492551892,-0.0004611728937728,-0.0003588761904761,0.0005091142857142,-0.0001002983394383,-0.0004103349206349,-0.0006950754578754,-0.0008789476190476,-0.0007682654945054,-0.0004984295482295,-0.0004646594627594,-0.0003620393162393
-0.0005433711111111,-0.0004369013431013,-0.0003467111111111,0.0004879021489621,-9.725882783882755e-05,-0.0003920977045177,-0.0006371521367521,-0.0007785857142857,-0.0006986987789987,-0.0004651985347985,-0.0004556074481074,-0.0003741086691086
-0.0005372998534798,-0.0004126297924297,-0.0003284634920634,0.0004727506227106,-0.0001033378510378,-0.0003708209523809,-0.0006188605616605,-0.0007390492063492,-0.0006624031013431,-0.0004531145299145,-0.0004525901098901,-0.0003801433455433
-0.0005646205128205,-0.0004277995115995,-0.0003223809523809,0.0004939627594627,-0.0001215749206349,-0.0003738604884004,-0.0006066661782661,-0.0007268841269841,-0.0006533291819291,-0.0004561355311355,-0.0004616421245421,-0.0003922126984126
-0.0005676561416361,-0.0004338673992673,-0.0003254222222222,0.0005000233699633,-0.0001215749206349,-0.0003799395604395,-0.0005975203907203,-0.0007116777777777,-0.0006442552625152,-0.0004531145299145,-0.0004676768009768,-0.0004012647130647
-0.0005524779975579,-0.0004399352869352,-0.0003436698412698,0.0004939627594627,-0.0001033378510378,-0.0003920977045177,-0.000585326007326,-0.0006934301587301,-0.0006351813431013,-0.0004561355311355,-0.0004737114774114,-0.0004103167277167
-0.0005494423687423,-0.0004490371184371,-0.0003527936507936,0.000496993064713,-9.725882783882755e-05,-0.0004012163125763,-0.0005731316239316,-0.0006751825396825,-0.000629132063492,-0.0004561355311355,-0.0004767288156288,-0.0004163514041514
-0.0005494423687423,-0.000455105006105,-0.0003588761904761,0.0005000233699633,-9.421931623931596e-05,-0.0004072953846153,-0.0005639858363858,-0.0006690999999999,-0.0006261074236874,-0.0004621775335775,-0.0004827634920634,-0.0004254034188034
-0.0005524779975579,-0.0004490371184371,-0.0003497523809523,0.0005000233699633,-0.0001002983394383,-0.0003981767765567,-0.0005578886446886,-0.0006599761904761,-0.0006140088644688,-0.0004561355311355,-0.0004827634920634,-0.000422386080586
-0.0005676561416361,-0.000452071062271,-0.0003406285714285,0.0005091142857142,-0.0001124563858363,-0.0003951372405372,-0.0005517914529914,-0.0006508523809523,-0.0006049349450549,-0.0004500935286935,-0.0004767288156288,-0.0004193687423687
-0.0005615848840048,-0.0004611728937728,-0.0003527936507936,0.0005091142857142,-0.0001033378510378,-0.0004072953846153,-0.00055484004884,-0.0006447698412698,-0.0006049349450549,-0.0004531145299145,-0.0004797461538461,-0.0004254034188034
-0.0005646205128205,-0.0004642068376068,-0.0003527936507936,0.0005121445909645,-0.0001063773626373,-0.0004072953846153,-0.0005517914529914,-0.0006447698412698,-0.0006049349450549,-0.0004561355311355,-0.0004827634920634,-0.0004284207570207
-0.0005646205128205,-0.000455105006105,-0.0003467111111111,0.0005091142857142,-0.0001094168742368,-0.0004012163125763,-0.0005487428571428,-0.0006447698412698,-0.0006019103052503,-0.0004561355311355,-0.0004827634920634,-0.0004284207570207
-0.0005494423687423,-0.0004429692307692,-0.0003527936507936,0.0004939627594627,-9.725882783882755e-05,-0.0003981767765567,-0.0005487428571428,-0.0006386873015873,-0.0006019103052503,-0.0004561355311355,-0.0004857808302808,-0.0004284207570207
-0.0005403354822954,-0.0004399352869352,-0.0003558349206349,0.0004879021489621,-9.117980463980436e-05,-0.0003981767765567,-0.0005517914529914,-0.0006326047619047,-0.000595861025641,-0.0004531145299145,-0.0004827634920634,-0.0004254034188034
-0.0005494423687423,-0.0004338673992673,-0.0003436698412698,0.0004909324542124,-0.0001033378510378,-0.0003890581684981,-0.0005487428571428,-0.0006265222222222,-0.0005898117460317,-0.0004500935286935,-0.0004797461538461,-0.0004284207570207
-0.0005615848840048,-0.0004369013431013,-0.0003315047619047,0.000496993064713,-0.0001154958974358,-0.000382979096459,-0.0005426456654456,-0.0006265222222222,-0.0005867871062271,-0.0004500935286935,-0.0004797461538461,-0.000431438095238
-0.0005494423687423,-0.0004399352869352,-0.0003467111111111,0.0004939627594627,-0.0001002983394383,-0.0003920977045177,-0.0005426456654456,-0.0006234809523809,-0.0005867871062271,-0.0004500935286935,-0.0004857808302808,-0.0004344554334554
-0.0005494423687423,-0.000452071062271,-0.0003588761904761,0.0005000233699633,-9.421931623931596e-05,-0.0004042558485958,-0.0005365484737484,-0.0006173984126984,-0.0005837624664224,-0.0004500935286935,-0.0004857808302808,-0.000431438095238
-0.0005555136263736,-0.000452071062271,-0.0003527936507936,0.0005030536752136,-0.0001002983394383,-0.0004012163125763,-0.0005365484737484,-0.0006082746031746,-0.0005777131868131,-0.0004440515262515,-0.0004797461538461,-0.0004254034188034
-0.0005524779975579,-0.0004460031746031,-0.0003558349206349,0.000496993064713,-9.725882783882755e-05,-0.0004012163125763,-0.0005365484737484,-0.0005961095238095,-0.0005777131868131,-0.0004440515262515,-0.0004767288156288,-0.0004193687423687
-0.0005372998534798,-0.0004429692307692,-0.0003649587301587,0.0004879021489621,-8.510078144078116e-05,-0.0004042558485958,-0.000539597069597,-0.0005961095238095,-0.0005777131868131,-0.0004470725274725,-0.0004767288156288,-0.000422386080586
-0.0005342642246642,-0.0004399352869352,-0.0003649587301587,0.0004848718437118,-8.510078144078116e-05,-0.0004012163125763,-0.000539597069597,-0.0005930682539682,-0.0005807378266178,-0.0004470725274725,-0.0004827634920634,-0.0004284207570207
-0.0005342642246642,-0.0004338673992673,-0.0003588761904761,0.0004818415384615,-8.814029304029276e-05,-0.0003951372405372,-0.0005365484737484,-0.0005869857142857,-0.0005716639072039,-0.0004410305250305,-0.0004797461538461,-0.0004254034188034
-0.0005494423687423,-0.0004429692307692,-0.0003497523809523,0.0004939627594627,-0.0001002983394383,-0.0003951372405372,-0.0005274026862026,-0.0005717793650793,-0.0005595653479853,-0.0004319675213675,-0.0004737114774114,-0.000422386080586
-0.0005494423687423,-0.000452071062271,-0.0003588761904761,0.0005000233699633,-9.421931623931596e-05,-0.0004042558485958,-0.0005274026862026,-0.0005626555555555,-0.000553516068376,-0.0004319675213675,-0.0004737114774114,-0.0004254034188034
-0.0005342642246642,-0.000452071062271,-0.0003771238095238,0.0004909324542124,-7.902175824175796e-05,-0.0004133744566544,-0.000524354090354,-0.0005626555555555,-0.0005565407081807,-0.0004349885225885,-0.0004797461538461,-0.000431438095238
-0.0005312285958485,-0.000452071062271,-0.0003771238095238,0.0004909324542124,-7.598224664224636e-05,-0.0004133744566544,-0.0005213054945054,-0.000556573015873,-0.0005595653479853,-0.0004349885225885,-0.0004797461538461,-0.0004344554334554
-0.0005342642246642,-0.0004490371184371,-0.0003710412698412,0.0004909324542124,-8.206126984126955e-05,-0.0004103349206349,-0.0005182568986568,-0.0005504904761904,-0.0005565407081807,-0.0004349885225885,-0.0004827634920634,-0.0004344554334554
-0.0005403354822954,-0.0004429692307692,-0.0003588761904761,0.0004909324542124,-9.117980463980436e-05,-0.0004012163125763,-0.0005182568986568,-0.0005444079365079,-0.000553516068376,-0.0004380095238095,-0.0004827634920634,-0.0004344554334554
-0.0005342642246642,-0.0004399352869352,-0.0003588761904761,0.0004848718437118,-8.814029304029276e-05,-0.0003981767765567,-0.0005213054945054,-0.0005352841269841,-0.0005504914285714,-0.0004380095238095,-0.0004827634920634,-0.0004374727716727
-0.0005372998534798,-0.0004338673992673,-0.0003527936507936,0.0004848718437118,-9.117980463980436e-05,-0.0003920977045177,-0.0005213054945054,-0.000523119047619,-0.0005444421489621,-0.0004380095238095,-0.0004827634920634,-0.0004374727716727
-0.0005433711111111,-0.0004338673992673,-0.0003467111111111,0.0004879021489621,-9.725882783882755e-05,-0.0003890581684981,-0.0005121597069597,-0.0005109539682539,-0.0005383928693528,-0.0004349885225885,-0.0004827634920634,-0.0004374727716727
-0.0005342642246642,-0.0004399352869352,-0.0003619174603174,0.0004848718437118,-8.510078144078116e-05,-0.0004012163125763,-0.0005091111111111,-0.0004987888888888,-0.0005323435897435,-0.0004289465201465,-0.0004827634920634,-0.0004344554334554
-0.0005160504517704,-0.0004338673992673,-0.0003740825396825,0.0004727506227106,-6.990322344322315e-05,-0.0004042558485958,-0.0005152083028083,-0.000489665079365,-0.0005262943101343,-0.0004229045177045,-0.0004767288156288,-0.000431438095238
-0.000519086080586,-0.0004369013431013,-0.0003740825396825,0.0004757809279609,-7.294273504273476e-05,-0.0004042558485958,-0.0005121597069597,-0.0004744587301587,-0.000520245030525,-0.0004168625152625,-0.0004737114774114,-0.0004284207570207
-0.0005312285958485,-0.0004429692307692,-0.0003710412698412,0.0004848718437118,-7.902175824175796e-05,-0.0004072953846153,-0.0005060625152625,-0.0004562111111111,-0.0005111711111111,-0.0004138415140415,-0.0004706941391941,-0.0004254034188034
-0.0005281929670329,-0.0004369013431013,-0.0003679999999999,0.0004818415384615,-7.902175824175796e-05,-0.0004012163125763,-0.0004969167277167,-0.0004410047619047,-0.0005051218315018,-0.0004108205128205,-0.0004646594627594,-0.000422386080586
-0.0005221217094017,-0.0004308334554334,-0.0003679999999999,0.0004757809279609,-7.598224664224636e-05,-0.0003981767765567,-0.0004908195360195,-0.0004318809523809,-0.0004990725518925,-0.0004108205128205,-0.0004676768009768,-0.0004284207570207
-0.0005251573382173,-0.0004247655677655,-0.0003558349206349,0.0004727506227106,-8.510078144078116e-05,-0.0003890581684981,-0.0004908195360195,-0.0004166746031746,-0.0004930232722832,-0.0004077995115995,-0.0004646594627594,-0.0004254034188034
-0.000519086080586,-0.0004186976800976,-0.0003588761904761,0.00046669001221,-7.902175824175796e-05,-0.0003890581684981,-0.0004908195360195,-0.0004014682539682,-0.0004869739926739,-0.0004017575091575,-0.0004646594627594,-0.0004254034188034
-0.0005039079365079,-0.0004217316239316,-0.0003771238095238,0.0004606294017094,-6.382420024419996e-05,-0.0003981767765567,-0.0004877709401709,-0.0003832206349206,-0.0004809247130647,-0.0004017575091575,-0.0004676768009768,-0.0004344554334554
-0.0005039079365079,-0.0004217316239316,-0.0003771238095238,0.0004606294017094,-6.382420024419996e-05,-0.0003981767765567,-0.0004816737484737,-0.0003619317460317,-0.0004718507936507,-0.0003987365079365,-0.0004646594627594,-0.0004254034188034
-0.0005039079365079,-0.0004126297924297,-0.0003679999999999,0.000457599096459,-6.686371184371155e-05,-0.0003890581684981,-0.0004755765567765,-0.0003406428571428,-0.0004627768742368,-0.0003926945054945,-0.0004586247863247,-0.0004163514041514
-0.0005008723076923,-0.0003944261294261,-0.0003527936507936,0.0004454778754578,-7.294273504273476e-05,-0.0003738604884004,-0.0004725279609279,-0.0003132714285714,-0.0004537029548229,-0.0003866525030525,-0.0004525901098901,-0.0004072993894993
-0.0004978366788766,-0.0003822903540903,-0.0003436698412698,0.0004394172649572,-7.598224664224636e-05,-0.0003617023443223,-0.0004786251526251,-0.0002919825396825,-0.0004506783150183,-0.0003836315018315,-0.0004495727716727,-0.0004072993894993
-0.0004856941636141,-0.0003701545787545,-0.0003467111111111,0.000427296043956,-6.990322344322315e-05,-0.0003586628083028,-0.0004786251526251,-0.0002737349206349,-0.0004476536752136,-0.0003836315018315,-0.0004495727716727,-0.0004072993894993
-0.0004644447619047,-0.0003640866910866,-0.0003527936507936,0.0004121445177045,-5.470566544566516e-05,-0.0003586628083028,-0.0004755765567765,-0.0002554873015873,-0.0004385797557997,-0.0003806105006105,-0.0004465554334554,-0.0004072993894993
-0.0004735516483516,-0.0003549848595848,-0.0003315047619047,0.0004121445177045,-6.990322344322315e-05,-0.0003434651282051,-0.0004603335775335,-0.0002250746031746,-0.0004174072771672,-0.0003655054945054,-0.000434486080586,-0.0003922126984126
-0.0004917654212454,-0.0003489169719169,-0.0003132571428571,0.0004182051282051,-8.814029304029276e-05,-0.0003313069841269,-0.0004511877899877,-0.0001977031746031,-0.0003992594383394,-0.0003504004884004,-0.0004193993894993,-0.000377126007326
-0.0004614091330891,-0.0003398151404151,-0.0003315047619047,0.0004000232967032,-6.382420024419996e-05,-0.0003343465201465,-0.0004572849816849,-0.0001794555555555,-0.0003962347985347,-0.0003504004884004,-0.0004193993894993,-0.0003741086691086
-0.0004371241025641,-0.0003276793650793,-0.0003436698412698,0.0003818414652014,-4.558713064713037e-05,-0.0003343465201465,-0.0004603335775335,-0.0001612079365079,-0.0003901855189255,-0.0003473794871794,-0.0004133647130647,-0.0003680739926739
-0.0004492666178266,-0.0003246454212454,-0.0003254222222222,0.0003848717704517,-6.078468864468836e-05,-0.0003252279120879,-0.0004511877899877,-0.000139919047619,-0.0003780869597069,-0.0003383164835164,-0.0004043126984126,-0.0003560046398046
-0.0004614091330891,-0.0003125096459096,-0.0003071746031746,0.0003848717704517,-7.598224664224636e-05,-0.0003100302319902,-0.0004450905982905,-0.0001216714285714,-0.000369013040293,-0.0003232114774114,-0.000389226007326,-0.0003409179487179
-0.0004523022466422,-0.000288238095238,-0.0002858857142857,0.0003697202442002,-8.206126984126955e-05,-0.0002857139438339,-0.000442042002442,-0.000106465079365,-0.0003599391208791,-0.0003141484737484,-0.0003741393162393,-0.0003258312576312
-0.0004553378754578,-0.0002700344322344,-0.000267638095238,0.0003606293284493,-9.421931623931596e-05,-0.0002674767277167,-0.000442042002442,-0.0001003825396825,-0.0003569144810744,-0.0003111274725274,-0.0003681046398046,-0.0003197965811965
-0.0004553378754578,-0.0002518307692307,-0.0002524317460317,0.0003515384126984,-0.0001002983394383,-0.000252279047619,-0.000442042002442,-9.125873015872984e-05,-0.0003538898412698,-0.0003111274725274,-0.0003650873015873,-0.0003107445665445
-0.0004462309890109,-0.0002396949938949,-0.0002463492063492,0.0003424474969474,-0.0001002983394383,-0.0002431604395604,-0.0004481391941391,-9.125873015872984e-05,-0.0003538898412698,-0.0003050854700854,-0.0003560352869352,-0.0002986752136752
-0.0004249815873015,-0.0002245252747252,-0.0002524317460317,0.0003242656654456,-8.510078144078116e-05,-0.0002370813675213,-0.0004603335775335,-9.734126984126952e-05,-0.0003508652014652,-0.0002960224664224,-0.0003469832722832,-0.0002866058608058
-0.000412839072039,-0.0002063216117216,-0.0002463492063492,0.0003091141391941,-8.206126984126955e-05,-0.0002249232234432,-0.0004694793650793,-0.0001034238095238,-0.0003448159218559,-0.0002839384615384,-0.0003318965811965,-0.0002654844932844
-0.0004158747008547,-0.0001972197802197,-0.0002341841269841,0.0003060838339438,-9.117980463980436e-05,-0.0002158046153846,-0.0004755765567765,-0.0001186301587301,-0.0003448159218559,-0.0002809174603174,-0.0003168098901098,-0.0002503978021978
-0.0004189103296703,-0.000185084004884,-0.000222019047619,0.0003000232234432,-9.725882783882755e-05,-0.0002036464713064,-0.0004816737484737,-0.0001429603174603,-0.0003508652014652,-0.0002809174603174,-0.0003107752136752,-0.0002413457875457
-0.0004249815873015,-0.0001729482295482,-0.0002068126984126,0.0002969929181929,-0.0001094168742368,-0.0001884487912087,-0.0004908195360195,-0.0001764142857142,-0.0003569144810744,-0.0002809174603174,-0.0003047405372405,-0.0002353111111111
-0.0004280172161172,-0.0001577785103785,-0.000188565079365,0.0002909323076923,-0.0001185354090354,-0.0001732511111111,-0.0005030139194139,-0.0002159507936507,-0.0003720376800976,-0.0002869594627594,-0.0003017231990231,-0.000226259096459
-0.0004249815873015,-0.0001486766788766,-0.0001824825396825,0.0002848716971916,-0.0001215749206349,-0.0001641325030525,-0.0005213054945054,-0.0002646111111111,-0.0003901855189255,-0.0002960224664224,-0.0003047405372405,-0.000226259096459
-0.0004310528449328,-0.0001577785103785,-0.0001855238095238,0.0002939626129426,-0.0001215749206349,-0.0001702115750915,-0.0005365484737484,-0.0003132714285714,-0.0004083333577533,-0.0003020644688644,-0.0003077578754578,-0.0002292764346764
-0.0004280172161172,-0.0001729482295482,-0.0002068126984126,0.0003000232234432,-0.0001094168742368,-0.0001884487912087,-0.0005456942612942,-0.0003588904761904,-0.0004264811965811,-0.0003111274725274,-0.0003107752136752,-0.0002292764346764
-0.0004401597313797,-0.0001941858363858,-0.0002098539682539,0.0003151747496947,-0.0001154958974358,-0.0002006069352869,-0.0005517914529914,-0.0004014682539682,-0.0004385797557997,-0.0003141484737484,-0.0003137925518925,-0.000226259096459
-0.0004553378754578,-0.0002002537240537,-0.0002007301587301,0.0003272959706959,-0.0001276539438339,-0.0002006069352869,-0.0005578886446886,-0.0004470873015873,-0.0004567275946275,-0.0003171694749694,-0.0003137925518925,-0.0002202244200244
-0.0004644447619047,-0.0002093555555555,-0.0002068126984126,0.0003363868864468,-0.0001276539438339,-0.000206686007326,-0.0005670344322344,-0.000489665079365,-0.0004809247130647,-0.0003292534798534,-0.0003228445665445,-0.0002353111111111
-0.0004674803907203,-0.0002305931623931,-0.000222019047619,0.0003485081074481,-0.0001215749206349,-0.0002249232234432,-0.0005761802197802,-0.0005322428571428,-0.0004990725518925,-0.0003473794871794,-0.0003379312576312,-0.0002564324786324
-0.0004765872771672,-0.0002609326007326,-0.0002433079365079,0.0003666899389499,-0.0001154958974358,-0.000252279047619,-0.0005822774114774,-0.000568738095238,-0.0005172203907203,-0.0003594634920634,-0.0003560352869352,-0.0002745365079365
-0.0004917654212454,-0.000291272039072,-0.000255473015873,0.0003909323809523,-0.0001185354090354,-0.0002735557997557,-0.0005792288156288,-0.0005991507936507,-0.0005323435897435,-0.0003715474969474,-0.0003741393162393,-0.0002956578754578
-0.0005008723076923,-0.0003155435897435,-0.0002706793650793,0.0004060839072039,-0.0001154958974358,-0.000291793015873,-0.0005792288156288,-0.0006265222222222,-0.0005504914285714,-0.0003836315018315,-0.000389226007326,-0.0003137619047619
-0.000494801050061,-0.000342849084249,-0.0002980507936507,0.0004182051282051,-9.725882783882755e-05,-0.0003191488400488,-0.000585326007326,-0.0006538936507936,-0.0005716639072039,-0.0004017575091575,-0.00040733003663,-0.0003348832722832
-0.0005099791941391,-0.0003640866910866,-0.0003102158730158,0.0004363869597069,-0.0001002983394383,-0.000337386056166,-0.0005883746031746,-0.0006751825396825,-0.0005867871062271,-0.0004168625152625,-0.0004193993894993,-0.0003469526251526
-0.0005281929670329,-0.0003822903540903,-0.0003132571428571,0.0004545687912087,-0.0001063773626373,-0.0003465046642246,-0.000585326007326,-0.0006995126984126,-0.0006049349450549,-0.0004319675213675,-0.0004314687423687,-0.0003650566544566
-0.0005251573382173,-0.00039746007326,-0.0003284634920634,0.0004606294017094,-9.725882783882755e-05,-0.0003617023443223,-0.0005883746031746,-0.0007208015873015,-0.0006230827838827,-0.0004500935286935,-0.0004525901098901,-0.000386178021978
-0.0005342642246642,-0.0004095958485958,-0.000334546031746,0.0004697203174603,-0.0001002983394383,-0.0003708209523809,-0.0005883746031746,-0.0007329666666666,-0.000629132063492,-0.0004531145299145,-0.0004616421245421,-0.00039523003663
-0.0005403354822954,-0.0004308334554334,-0.0003467111111111,0.0004848718437118,-9.725882783882755e-05,-0.0003890581684981,-0.0005883746031746,-0.0007360079365079,-0.000629132063492,-0.0004561355311355,-0.0004646594627594,-0.0003982473748473
-0.0005372998534798,-0.0004460031746031,-0.0003649587301587,0.0004909324542124,-8.510078144078116e-05,-0.0004042558485958,-0.0005944717948717,-0.0007451317460317,-0.0006382059829059,-0.0004591565323565,-0.0004706941391941,-0.000404282051282
-0.0005312285958485,-0.0004642068376068,-0.0003862476190476,0.000496993064713,-7.294273504273476e-05,-0.0004255326007326,-0.0005944717948717,-0.0007512142857142,-0.0006472799023199,-0.0004621775335775,-0.0004797461538461,-0.0004163514041514
-0.0005312285958485,-0.0004763426129426,-0.0004014539682539,0.0005030536752136,-6.382420024419996e-05,-0.0004376907448107,-0.0005914231990231,-0.0007572968253968,-0.0006533291819291,-0.0004712405372405,-0.0004857808302808,-0.0004254034188034
-0.0005433711111111,-0.0004793765567765,-0.0003953714285714,0.0005091142857142,-7.294273504273476e-05,-0.0004376907448107,-0.000585326007326,-0.0007633793650793,-0.0006563538217338,-0.0004742615384615,-0.0004887981684981,-0.0004284207570207
-0.0005494423687423,-0.0004793765567765,-0.0003892888888888,0.0005121445909645,-7.902175824175796e-05,-0.0004346512087912,-0.000585326007326,-0.0007633793650793,-0.0006593784615384,-0.0004772825396825,-0.0004918155067155,-0.000431438095238
-0.0005585492551892,-0.0004824105006105,-0.000380165079365,0.0005182052014652,-8.814029304029276e-05,-0.0004316116727716,-0.000585326007326,-0.000760338095238,-0.0006593784615384,-0.0004772825396825,-0.0004948328449328,-0.000431438095238
-0.0005555136263736,-0.0004884783882783,-0.0003892888888888,0.0005212355067155,-8.206126984126955e-05,-0.0004376907448107,-0.000585326007326,-0.0007633793650793,-0.0006624031013431,-0.0004863455433455,-0.0005008675213675,-0.0004404901098901
-0.0005524779975579,-0.0004975802197802,-0.0004014539682539,0.0005242658119658,-7.598224664224636e-05,-0.0004498488888888,-0.0005822774114774,-0.0007633793650793,-0.0006654277411477,-0.0004893665445665,-0.0005069021978021,-0.0004465247863247
-0.0005524779975579,-0.0005036481074481,-0.0004075365079365,0.0005272961172161,-7.294273504273476e-05,-0.0004559279609279,-0.0005792288156288,-0.0007694619047619,-0.0006684523809523,-0.0004923875457875,-0.0005099195360195,-0.0004495421245421
-0.0005585492551892,-0.0005006141636141,-0.0004014539682539,0.0005272961172161,-7.902175824175796e-05,-0.0004498488888888,-0.0005792288156288,-0.0007633793650793,-0.0006654277411477,-0.0004893665445665,-0.0005038848595848,-0.0004435074481074
-0.0005676561416361,-0.0005097159951159,-0.0003984126984126,0.000536387032967,-8.510078144078116e-05,-0.0004528884249084,-0.0005792288156288,-0.000760338095238,-0.0006654277411477,-0.0004923875457875,-0.0005069021978021,-0.0004465247863247
-0.0005585492551892,-0.0005127499389499,-0.0004105777777777,0.0005333567277167,-7.294273504273476e-05,-0.000462007032967,-0.0005792288156288,-0.0007633793650793,-0.0006684523809523,-0.0005014505494505,-0.0005159542124542,-0.0004555768009768
-0.0005676561416361,-0.0005127499389499,-0.0004075365079365,0.0005394173382173,-7.902175824175796e-05,-0.0004589674969474,-0.0005761802197802,-0.000760338095238,-0.0006684523809523,-0.0004984295482295,-0.0005189715506715,-0.0004555768009768
-0.0005615848840048,-0.0005097159951159,-0.0004075365079365,0.0005333567277167,-7.598224664224636e-05,-0.0004589674969474,-0.0005731316239316,-0.0007572968253968,-0.0006654277411477,-0.0004954085470085,-0.0005159542124542,-0.0004525594627594
-0.0005555136263736,-0.0005188178266178,-0.0004166603174603,0.000536387032967,-6.990322344322315e-05,-0.0004680861050061,-0.000570083028083,-0.0007542555555555,-0.0006624031013431,-0.0004954085470085,-0.0005189715506715,-0.0004585941391941
-0.0005585492551892,-0.0005188178266178,-0.0004166603174603,0.000536387032967,-6.990322344322315e-05,-0.0004680861050061,-0.0005731316239316,-0.000748173015873,-0.0006624031013431,-0.0004984295482295,-0.0005159542124542,-0.0004555768009768
-0.0005585492551892,-0.0005157838827838,-0.0004105777777777,0.000536387032967,-7.294273504273476e-05,-0.000462007032967,-0.0005731316239316,-0.000748173015873,-0.0006624031013431,-0.0004984295482295,-0.0005159542124542,-0.0004555768009768
-0.0005585492551892,-0.0005097159951159,-0.0004014539682539,0.0005333567277167,-7.902175824175796e-05,-0.0004559279609279,-0.0005731316239316,-0.0007451317460317,-0.0006654277411477,-0.0004984295482295,-0.0005189715506715,-0.0004585941391941
-0.0005646205128205,-0.0005036481074481,-0.0003953714285714,0.0005333567277167,-8.510078144078116e-05,-0.0004498488888888,-0.0005761802197802,-0.0007420904761904,-0.0006624031013431,-0.0004984295482295,-0.0005189715506715,-0.0004585941391941
-0.0005585492551892,-0.0005036481074481,-0.0003984126984126,0.0005303264224664,-7.902175824175796e-05,-0.0004498488888888,-0.0005761802197802,-0.0007390492063492,-0.0006563538217338,-0.0005014505494505,-0.0005219888888888,-0.0004646288156288
-0.0005494423687423,-0.000506682051282,-0.0004105777777777,0.0005272961172161,-6.990322344322315e-05,-0.0004589674969474,-0.0005792288156288,-0.0007390492063492,-0.0006593784615384,-0.0005044715506715,-0.0005280235653235,-0.0004706634920634
-0.0005524779975579,-0.0005127499389499,-0.000413619047619,0.0005303264224664,-6.990322344322315e-05,-0.000462007032967,-0.0005731316239316,-0.0007360079365079,-0.0006593784615384,-0.0005044715506715,-0.0005310409035409,-0.0004736808302808
-0.0005615848840048,-0.0005127499389499,-0.0004044952380952,0.000536387032967,-7.902175824175796e-05,-0.0004589674969474,-0.0005670344322344,-0.0007329666666666,-0.0006563538217338,-0.0005014505494505,-0.0005280235653235,-0.0004676461538461
-0.0005646205128205,-0.0005036481074481,-0.0003953714285714,0.0005333567277167,-8.510078144078116e-05,-0.0004498488888888,-0.0005670344322344,-0.0007299253968253,-0.0006503045421245,-0.0004954085470085,-0.0005219888888888,-0.0004616114774114
-0.0005646205128205,-0.0004975802197802,-0.0003923301587301,0.0005303264224664,-8.510078144078116e-05,-0.0004437698168498,-0.0005670344322344,-0.0007268841269841,-0.0006503045421245,-0.0004923875457875,-0.0005159542124542,-0.0004585941391941
-0.0005524779975579,-0.0004945462759462,-0.0004014539682539,0.0005212355067155,-7.598224664224636e-05,-0.0004468093528693,-0.0005731316239316,-0.0007299253968253,-0.0006503045421245,-0.0004923875457875,-0.0005189715506715,-0.0004616114774114
-0.0005615848840048,-0.0005036481074481,-0.0003984126984126,0.0005303264224664,-8.206126984126955e-05,-0.0004498488888888,-0.0005670344322344,-0.0007238428571428,-0.0006412306227106,-0.0004863455433455,-0.0005129368742368,-0.0004585941391941
-0.0005646205128205,-0.0005036481074481,-0.0003984126984126,0.0005333567277167,-8.206126984126955e-05,-0.0004498488888888,-0.0005609372405372,-0.0007177603174603,-0.0006382059829059,-0.0004833245421245,-0.0005099195360195,-0.0004555768009768
-0.0005524779975579,-0.0004975802197802,-0.0003984126984126,0.0005242658119658,-7.598224664224636e-05,-0.0004468093528693,-0.0005670344322344,-0.0007177603174603,-0.0006382059829059,-0.0004803035409035,-0.0005069021978021,-0.0004525594627594
-0.0005464067399267,-0.0004915123321123,-0.0003984126984126,0.0005182052014652,-7.294273504273476e-05,-0.0004437698168498,-0.0005731316239316,-0.0007177603174603,-0.0006382059829059,-0.0004803035409035,-0.0005069021978021,-0.0004495421245421
-0.0005464067399267,-0.0004915123321123,-0.0003984126984126,0.0005182052014652,-7.294273504273476e-05,-0.0004437698168498,-0.0005761802197802,-0.0007177603174603,-0.0006382059829059,-0.0004772825396825,-0.0005038848595848,-0.0004495421245421
-0.0005524779975579,-0.0004945462759462,-0.0003984126984126,0.0005212355067155,-7.598224664224636e-05,-0.0004468093528693,-0.0005761802197802,-0.000714719047619,-0.0006351813431013,-0.0004742615384615,-0.0005008675213675,-0.0004495421245421
-0.0005464067399267,-0.0004945462759462,-0.0004044952380952,0.0005182052014652,-6.990322344322315e-05,-0.0004498488888888,-0.0005731316239316,-0.000714719047619,-0.0006351813431013,-0.0004712405372405,-0.0005038848595848,-0.0004495421245421
-0.0005433711111111,-0.0004884783882783,-0.0004014539682539,0.0005151748962148,-6.990322344322315e-05,-0.0004437698168498,-0.0005792288156288,-0.000714719047619,-0.0006321567032967,-0.0004682195360195,-0.0004978501831501,-0.0004465247863247
-0.0005403354822954,-0.0004824105006105,-0.0003984126984126,0.0005091142857142,-6.990322344322315e-05,-0.0004407302808302,-0.0005822774114774,-0.0007177603174603,-0.0006321567032967,-0.0004651985347985,-0.0004918155067155,-0.0004435074481074
-0.0005433711111111,-0.0004793765567765,-0.0003923301587301,0.0005091142857142,-7.598224664224636e-05,-0.0004346512087912,-0.0005822774114774,-0.0007208015873015,-0.0006321567032967,-0.0004651985347985,-0.0004948328449328,-0.0004435074481074
-0.0005585492551892,-0.0004793765567765,-0.0003740825396825,0.0005182052014652,-9.117980463980436e-05,-0.0004255326007326,-0.0005792288156288,-0.0007208015873015,-0.0006321567032967,-0.0004621775335775,-0.0004918155067155,-0.0004404901098901
-0.0005585492551892,-0.0004733086691086,-0.0003679999999999,0.0005151748962148,-9.421931623931596e-05,-0.0004194535286935,-0.0005792288156288,-0.0007238428571428,-0.0006321567032967,-0.0004621775335775,-0.0004887981684981,-0.0004404901098901
-0.0005433711111111,-0.0004581389499389,-0.0003740825396825,0.0005000233699633,-8.510078144078116e-05,-0.0004164139926739,-0.000585326007326,-0.0007299253968253,-0.0006351813431013,-0.0004651985347985,-0.0004857808302808,-0.0004404901098901
-0.0005433711111111,-0.0004611728937728,-0.0003771238095238,0.0005000233699633,-8.206126984126955e-05,-0.0004194535286935,-0.0005883746031746,-0.0007329666666666,-0.0006321567032967,-0.0004621775335775,-0.0004887981684981,-0.0004435074481074
-0.0005403354822954,-0.0004672407814407,-0.0003832063492063,0.0005030536752136,-7.902175824175796e-05,-0.0004255326007326,-0.0005914231990231,-0.0007299253968253,-0.0006321567032967,-0.0004621775335775,-0.0004887981684981,-0.0004435074481074
-0.0005403354822954,-0.0004702747252747,-0.0003862476190476,0.0005030536752136,-7.598224664224636e-05,-0.0004285721367521,-0.0005914231990231,-0.0007299253968253,-0.0006321567032967,-0.0004621775335775,-0.0004887981684981,-0.0004435074481074
-0.0005372998534798,-0.0004733086691086,-0.0003923301587301,0.0005030536752136,-7.294273504273476e-05,-0.0004316116727716,-0.0005944717948717,-0.0007360079365079,-0.0006412306227106,-0.0004651985347985,-0.0004918155067155,-0.0004495421245421
-0.0005403354822954,-0.0004702747252747,-0.0003862476190476,0.0005030536752136,-7.598224664224636e-05,-0.0004285721367521,-0.0005975203907203,-0.0007390492063492,-0.0006412306227106,-0.0004651985347985,-0.0004918155067155,-0.0004435074481074
-0.0005433711111111,-0.0004642068376068,-0.000380165079365,0.0005030536752136,-8.206126984126955e-05,-0.000422493064713,-0.0005944717948717,-0.0007360079365079,-0.0006351813431013,-0.0004591565323565,-0.0004857808302808,-0.0004374727716727
-0.0005494423687423,-0.0004733086691086,-0.000380165079365,0.0005091142857142,-8.510078144078116e-05,-0.0004255326007326,-0.0005944717948717,-0.0007360079365079,-0.0006351813431013,-0.0004531145299145,-0.0004797461538461,-0.0004344554334554
-0.0005555136263736,-0.0004793765567765,-0.0003832063492063,0.0005151748962148,-8.510078144078116e-05,-0.0004316116727716,-0.0005944717948717,-0.0007390492063492,-0.0006382059829059,-0.0004561355311355,-0.0004827634920634,-0.000431438095238
-0.0005494423687423,-0.0004824105006105,-0.0003923301587301,0.0005151748962148,-7.902175824175796e-05,-0.0004376907448107,-0.0005944717948717,-0.0007420904761904,-0.0006382059829059,-0.0004591565323565,-0.0004827634920634,-0.0004344554334554
-0.0005433711111111,-0.0004793765567765,-0.0003923301587301,0.0005091142857142,-7.598224664224636e-05,-0.0004346512087912,-0.0005944717948717,-0.0007451317460317,-0.0006472799023199,-0.0004621775335775,-0.0004857808302808,-0.0004404901098901
-0.0005524779975579,-0.0004793765567765,-0.0003832063492063,0.0005151748962148,-8.510078144078116e-05,-0.0004316116727716,-0.0005975203907203,-0.000748173015873,-0.0006503045421245,-0.0004651985347985,-0.0004887981684981,-0.0004404901098901
-0.0005555136263736,-0.0004763426129426,-0.000380165079365,0.0005151748962148,-8.814029304029276e-05,-0.0004285721367521,-0.0006005689865689,-0.0007542555555555,-0.0006503045421245,-0.0004682195360195,-0.0004887981684981,-0.0004404901098901
-0.0005433711111111,-0.0004793765567765,-0.0003953714285714,0.0005091142857142,-7.294273504273476e-05,-0.0004376907448107,-0.0006036175824175,-0.0007572968253968,-0.0006563538217338,-0.0004742615384615,-0.0004978501831501,-0.0004465247863247
-0.0005372998534798,-0.0004854444444444,-0.0004014539682539,0.0005091142857142,-6.686371184371155e-05,-0.0004437698168498,-0.0006036175824175,-0.000760338095238,-0.0006593784615384,-0.0004742615384615,-0.0004978501831501,-0.0004495421245421
-0.0005433711111111,-0.0004854444444444,-0.0003953714285714,0.0005121445909645,-7.294273504273476e-05,-0.0004407302808302,-0.0005975203907203,-0.000760338095238,-0.0006533291819291,-0.0004712405372405,-0.0004948328449328,-0.0004435074481074
-0.0005524779975579,-0.0004824105006105,-0.0003862476190476,0.0005151748962148,-8.206126984126955e-05,-0.0004346512087912,-0.0006005689865689,-0.000760338095238,-0.0006563538217338,-0.0004712405372405,-0.0004918155067155,-0.0004435074481074
-0.0005494423687423,-0.0004824105006105,-0.0003862476190476,0.0005151748962148,-8.206126984126955e-05,-0.0004346512087912,-0.0006005689865689,-0.000760338095238,-0.0006624031013431,-0.0004742615384615,-0.0004918155067155,-0.0004465247863247
-0.0005494423687423,-0.0004884783882783,-0.0003923301587301,0.0005182052014652,-7.902175824175796e-05,-0.0004407302808302,-0.0005975203907203,-0.0007664206349206,-0.0006654277411477,-0.0004803035409035,-0.0004978501831501,-0.0004495421245421
-0.0005524779975579,-0.0004915123321123,-0.0003984126984126,0.0005212355067155,-7.598224664224636e-05,-0.0004437698168498,-0.0005914231990231,-0.0007664206349206,-0.0006624031013431,-0.0004772825396825,-0.0004948328449328,-0.0004465247863247
-0.0005585492551892,-0.0004884783882783,-0.0003892888888888,0.0005212355067155,-8.510078144078116e-05,-0.0004376907448107,-0.0005914231990231,-0.0007664206349206,-0.0006654277411477,-0.0004772825396825,-0.0004948328449328,-0.0004465247863247
-0.0005615848840048,-0.0004884783882783,-0.0003832063492063,0.0005242658119658,-8.814029304029276e-05,-0.0004346512087912,-0.0005914231990231,-0.0007664206349206,-0.0006654277411477,-0.0004742615384615,-0.0004918155067155,-0.0004404901098901
-0.0005555136263736,-0.0004975802197802,-0.0003984126984126,0.0005242658119658,-7.902175824175796e-05,-0.0004468093528693,-0.0005914231990231,-0.0007694619047619,-0.0006684523809523,-0.0004772825396825,-0.0004948328449328,-0.0004404901098901
-0.0005433711111111,-0.0005006141636141,-0.000413619047619,0.0005212355067155,-6.382420024419996e-05,-0.0004559279609279,-0.0005944717948717,-0.0007694619047619,-0.000671477020757,-0.0004803035409035,-0.0004978501831501,-0.0004465247863247
-0.0005403354822954,-0.0005036481074481,-0.0004197015873015,0.0005212355067155,-6.078468864468836e-05,-0.000462007032967,-0.0005975203907203,-0.0007694619047619,-0.0006745016605616,-0.0004833245421245,-0.0005008675213675,-0.0004525594627594
-0.0005494423687423,-0.000506682051282,-0.000413619047619,0.0005272961172161,-6.686371184371155e-05,-0.0004589674969474,-0.0005975203907203,-0.0007725031746031,-0.0006745016605616,-0.0004863455433455,-0.0005038848595848,-0.0004525594627594
-0.0005464067399267,-0.0005036481074481,-0.0004105777777777,0.0005242658119658,-6.686371184371155e-05,-0.0004559279609279,-0.0005975203907203,-0.0007694619047619,-0.0006745016605616,-0.0004833245421245,-0.0005038848595848,-0.0004495421245421
-0.0005464067399267,-0.0005006141636141,-0.0004105777777777,0.0005212355067155,-6.686371184371155e-05,-0.0004559279609279,-0.0006005689865689,-0.0007694619047619,-0.0006745016605616,-0.0004833245421245,-0.0005008675213675,-0.0004465247863247
-0.0005524779975579,-0.0004975802197802,-0.0004044952380952,0.0005242658119658,-7.294273504273476e-05,-0.0004498488888888,-0.0006005689865689,-0.0007725031746031,-0.0006745016605616,-0.0004833245421245,-0.0004978501831501,-0.0004465247863247
-0.0005555136263736,-0.0004975802197802,-0.0003984126984126,0.0005242658119658,-7.902175824175796e-05,-0.0004468093528693,-0.0006005689865689,-0.0007755444444444,-0.0006775263003663,-0.0004863455433455,-0.0005008675213675,-0.0004495421245421
-0.0005524779975579,-0.0004915123321123,-0.0003953714285714,0.0005212355067155,-7.902175824175796e-05,-0.0004437698168498,-0.0006005689865689,-0.0007755444444444,-0.0006775263003663,-0.0004803035409035,-0.0004978501831501,-0.0004495421245421
-0.0005524779975579,-0.0004884783882783,-0.0003923301587301,0.0005182052014652,-7.902175824175796e-05,-0.0004407302808302,-0.0006005689865689,-0.0007755444444444,-0.0006775263003663,-0.0004803035409035,-0.0004978501831501,-0.0004465247863247
-0.0005555136263736,-0.0004884783882783,-0.0003923301587301,0.0005212355067155,-8.206126984126955e-05,-0.0004407302808302,-0.0006005689865689,-0.0007725031746031,-0.0006745016605616,-0.0004803035409035,-0.0004978501831501,-0.0004495421245421
-0.0005555136263736,-0.0004975802197802,-0.0003984126984126,0.0005242658119658,-7.902175824175796e-05,-0.0004468093528693,-0.0006005689865689,-0.0007785857142857,-0.0006805509401709,-0.0004833245421245,-0.0005008675213675,-0.0004525594627594
-0.0005494423687423,-0.0004975802197802,-0.0004014539682539,0.0005212355067155,-7.294273504273476e-05,-0.0004498488888888,-0.0006005689865689,-0.0007816269841269,-0.0006805509401709,-0.0004833245421245,-0.0005008675213675,-0.0004525594627594
-0.0005585492551892,-0.0004975802197802,-0.0003953714285714,0.0005272961172161,-8.206126984126955e-05,-0.0004468093528693,-0.0005975203907203,-0.0007755444444444,-0.000671477020757,-0.0004742615384615,-0.0004948328449328,-0.0004435074481074
-0.0005585492551892,-0.0004975802197802,-0.0003953714285714,0.0005272961172161,-8.206126984126955e-05,-0.0004468093528693,-0.0005944717948717,-0.0007725031746031,-0.0006654277411477,-0.0004712405372405,-0.0004918155067155,-0.0004404901098901
-0.0005433711111111,-0.0004945462759462,-0.0004044952380952,0.0005182052014652,-6.990322344322315e-05,-0.0004498488888888,-0.0005975203907203,-0.0007785857142857,-0.0006745016605616,-0.0004772825396825,-0.0004948328449328,-0.0004495421245421
-0.0005464067399267,-0.0004975802197802,-0.0004014539682539,0.0005212355067155,-7.294273504273476e-05,-0.0004498488888888,-0.0005944717948717,-0.0007785857142857,-0.0006775263003663,-0.0004833245421245,-0.0004978501831501,-0.0004495421245421
-0.0005494423687423,-0.0004945462759462,-0.0003953714285714,0.0005212355067155,-7.598224664224636e-05,-0.0004437698168498,-0.0005944717948717,-0.0007785857142857,-0.0006805509401709,-0.0004863455433455,-0.0004978501831501,-0.0004495421245421
-0.0005433711111111,-0.0004854444444444,-0.0003953714285714,0.0005121445909645,-7.294273504273476e-05,-0.0004407302808302,-0.0006005689865689,-0.0007785857142857,-0.0006775263003663,-0.0004833245421245,-0.0005008675213675,-0.0004495421245421
-0.0005464067399267,-0.0004824105006105,-0.0003923301587301,0.0005121445909645,-7.598224664224636e-05,-0.0004376907448107,-0.0006005689865689,-0.0007816269841269,-0.0006775263003663,-0.0004803035409035,-0.0004978501831501,-0.0004465247863247
-0.0005555136263736,-0.0004854444444444,-0.0003862476190476,0.0005182052014652,-8.510078144078116e-05,-0.0004346512087912,-0.0005944717948717,-0.0007725031746031,-0.000671477020757,-0.0004772825396825,-0.0004918155067155,-0.0004435074481074
-0.0005494423687423,-0.0004915123321123,-0.0003984126984126,0.0005182052014652,-7.598224664224636e-05,-0.0004437698168498,-0.0005914231990231,-0.0007725031746031,-0.000671477020757,-0.0004772825396825,-0.0004948328449328,-0.0004465247863247
-0.0005372998534798,-0.0004915123321123,-0.0004105777777777,0.0005121445909645,-6.382420024419996e-05,-0.0004498488888888,-0.0005975203907203,-0.0007785857142857,-0.0006775263003663,-0.0004803035409035,-0.0005008675213675,-0.0004525594627594
-0.0005372998534798,-0.0004884783882783,-0.0004075365079365,0.0005121445909645,-6.382420024419996e-05,-0.0004468093528693,-0.0005975203907203,-0.0007816269841269,-0.0006805509401709,-0.0004833245421245,-0.0004978501831501,-0.0004525594627594
-0.0005494423687423,-0.0004793765567765,-0.0003892888888888,0.0005121445909645,-7.902175824175796e-05,-0.0004346512087912,-0.0005944717948717,-0.0007755444444444,-0.000671477020757,-0.0004742615384615,-0.0004918155067155,-0.0004435074481074
-0.0005464067399267,-0.0004884783882783,-0.0003953714285714,0.0005151748962148,-7.598224664224636e-05,-0.0004407302808302,-0.0005944717948717,-0.0007755444444444,-0.0006745016605616,-0.0004742615384615,-0.0004918155067155,-0.0004435074481074
-0.0005372998534798,-0.0004975802197802,-0.000413619047619,0.0005151748962148,-6.078468864468836e-05,-0.0004559279609279,-0.0006005689865689,-0.0007846682539682,-0.0006805509401709,-0.0004803035409035,-0.0005008675213675,-0.0004495421245421
-0.0005372998534798,-0.0004915123321123,-0.000413619047619,0.0005121445909645,-6.078468864468836e-05,-0.0004528884249084,-0.0005975203907203,-0.0007846682539682,-0.0006866002197802,-0.0004803035409035,-0.0004978501831501,-0.0004495421245421
-0.0005372998534798,-0.0004824105006105,-0.0004044952380952,0.0005091142857142,-6.686371184371155e-05,-0.0004437698168498,-0.0005914231990231,-0.0007785857142857,-0.0006805509401709,-0.0004772825396825,-0.0004948328449328,-0.0004435074481074
-0.0005433711111111,-0.0004793765567765,-0.0003984126984126,0.0005091142857142,-7.294273504273476e-05,-0.0004376907448107,-0.0005944717948717,-0.0007816269841269,-0.0006805509401709,-0.0004803035409035,-0.0004948328449328,-0.0004465247863247
-0.0005464067399267,-0.0004824105006105,-0.0003923301587301,0.0005121445909645,-7.598224664224636e-05,-0.0004376907448107,-0.0005975203907203,-0.0007816269841269,-0.0006805509401709,-0.0004833245421245,-0.0005008675213675,-0.0004465247863247
-0.0005494423687423,-0.0004824105006105,-0.0003892888888888,0.0005151748962148,-7.902175824175796e-05,-0.0004346512087912,-0.0005975203907203,-0.0007846682539682,-0.0006835755799755,-0.0004863455433455,-0.0005038848595848,-0.0004525594627594
-0.0005555136263736,-0.0004884783882783,-0.0003892888888888,0.0005212355067155,-8.206126984126955e-05,-0.0004376907448107,-0.0005944717948717,-0.0007846682539682,-0.0006835755799755,-0.0004863455433455,-0.0005038848595848,-0.0004585941391941
-0.0005555136263736,-0.0004945462759462,-0.0003923301587301,0.0005242658119658,-8.206126984126955e-05,-0.0004437698168498,-0.0005944717948717,-0.0007877095238095,-0.0006866002197802,-0.0004863455433455,-0.0005038848595848,-0.0004585941391941
-0.0005524779975579,-0.0004945462759462,-0.0003984126984126,0.0005212355067155,-7.598224664224636e-05,-0.0004468093528693,-0.0005944717948717,-0.0007846682539682,-0.0006866002197802,-0.0004863455433455,-0.0005038848595848,-0.0004525594627594
-0.0005494423687423,-0.0004945462759462,-0.0004014539682539,0.0005212355067155,-7.294273504273476e-05,-0.0004468093528693,-0.0005975203907203,-0.0007816269841269,-0.0006835755799755,-0.0004833245421245,-0.0005008675213675,-0.0004495421245421
-0.0005464067399267,-0.0004975802197802,-0.0004044952380952,0.0005212355067155,-6.990322344322315e-05,-0.0004498488888888,-0.0005975203907203,-0.0007816269841269,-0.0006805509401709,-0.0004833245421245,-0.0004978501831501,-0.0004465247863247
-0.0005494423687423,-0.0004975802197802,-0.0004014539682539,0.0005212355067155,-7.294273504273476e-05,-0.0004498488888888,-0.0005914231990231,-0.0007785857142857,-0.0006805509401709,-0.0004803035409035,-0.0004948328449328,-0.0004435074481074
-0.0005555136263736,-0.0004945462759462,-0.0003984126984126,0.0005242658119658,-7.902175824175796e-05,-0.0004468093528693,-0.0005914231990231,-0.0007755444444444,-0.0006775263003663,-0.0004772825396825,-0.0004948328449328,-0.0004435074481074
-0.0005464067399267,-0.0004915123321123,-0.0004044952380952,0.0005182052014652,-6.990322344322315e-05,-0.0004468093528693,-0.0005975203907203,-0.0007816269841269,-0.0006835755799755,-0.0004833245421245,-0.0005008675213675,-0.0004525594627594
-0.0005342642246642,-0.0004854444444444,-0.0004044952380952,0.0005091142857142,-6.382420024419996e-05,-0.0004437698168498,-0.0006066661782661,-0.0007877095238095,-0.0006866002197802,-0.0004863455433455,-0.0005069021978021,-0.0004585941391941
-0.0005403354822954,-0.0004824105006105,-0.0003953714285714,0.0005091142857142,-7.294273504273476e-05,-0.0004376907448107,-0.0006036175824175,-0.0007846682539682,-0.0006866002197802,-0.0004863455433455,-0.0005069021978021,-0.0004585941391941
-0.0005433711111111,-0.0004824105006105,-0.0003953714285714,0.0005121445909645,-7.294273504273476e-05,-0.0004376907448107,-0.0005975203907203,-0.0007846682539682,-0.0006835755799755,-0.0004863455433455,-0.0005038848595848,-0.0004555768009768
-0.0005372998534798,-0.0004854444444444,-0.0004044952380952,0.0005091142857142,-6.686371184371155e-05,-0.0004437698168498,-0.0005975203907203,-0.0007846682539682,-0.0006835755799755,-0.0004863455433455,-0.0005038848595848,-0.0004555768009768
-0.0005403354822954,-0.0004945462759462,-0.0004105777777777,0.0005151748962148,-6.382420024419996e-05,-0.0004528884249084,-0.0006005689865689,-0.0007877095238095,-0.0006835755799755,-0.0004863455433455,-0.0005008675213675,-0.0004555768009768
-0.0005524779975579,-0.0004975802197802,-0.0003984126984126,0.0005242658119658,-7.598224664224636e-05,-0.0004468093528693,-0.0006005689865689,-0.0007846682539682,-0.0006805509401709,-0.0004803035409035,-0.0004978501831501,-0.0004465247863247
-0.0005555136263736,-0.0004975802197802,-0.0003953714285714,0.0005242658119658,-7.902175824175796e-05,-0.0004468093528693,-0.0005975203907203,-0.0007816269841269,-0.0006805509401709,-0.0004803035409035,-0.0005008675213675,-0.0004465247863247
-0.0005433711111111,-0.0004884783882783,-0.0004014539682539,0.0005151748962148,-6.990322344322315e-05,-0.0004437698168498,-0.0006005689865689,-0.0007907507936507,-0.0006866002197802,-0.0004863455433455,-0.0005038848595848,-0.0004495421245421
-0.0005403354822954,-0.0004824105006105,-0.0003953714285714,0.0005091142857142,-7.294273504273476e-05,-0.0004376907448107,-0.0006036175824175,-0.0007907507936507,-0.0006835755799755,-0.0004893665445665,-0.0005038848595848,-0.0004495421245421
-0.0005372998534798,-0.0004824105006105,-0.0003984126984126,0.0005091142857142,-6.990322344322315e-05,-0.0004407302808302,-0.0006005689865689,-0.0007877095238095,-0.0006805509401709,-0.0004863455433455,-0.0005008675213675,-0.0004495421245421
-0.0005403354822954,-0.0004915123321123,-0.0004075365079365,0.0005151748962148,-6.686371184371155e-05,-0.0004498488888888,-0.0006036175824175,-0.0007907507936507,-0.0006805509401709,-0.0004863455433455,-0.0005069021978021,-0.0004525594627594
-0.0005464067399267,-0.0004975802197802,-0.0004075365079365,0.0005212355067155,-6.990322344322315e-05,-0.0004528884249084,-0.0006005689865689,-0.000793792063492,-0.0006805509401709,-0.0004863455433455,-0.0005069021978021,-0.0004555768009768
-0.0005524779975579,-0.0004945462759462,-0.0003953714285714,0.0005212355067155,-7.902175824175796e-05,-0.0004437698168498,-0.0006005689865689,-0.000793792063492,-0.0006805509401709,-0.0004863455433455,-0.0005008675213675,-0.0004525594627594
-0.0005464067399267,-0.0004884783882783,-0.0003953714285714,0.0005151748962148,-7.598224664224636e-05,-0.0004407302808302,-0.0006036175824175,-0.000793792063492,-0.0006805509401709,-0.0004863455433455,-0.0005008675213675,-0.0004495421245421
-0.0005403354822954,-0.0004854444444444,-0.0004014539682539,0.0005121445909645,-6.990322344322315e-05,-0.0004437698168498,-0.0006127633699633,-0.000793792063492,-0.0006866002197802,-0.0004893665445665,-0.0005038848595848,-0.0004525594627594
-0.0005403354822954,-0.0004884783882783,-0.0004044952380952,0.0005121445909645,-6.686371184371155e-05,-0.0004468093528693,-0.0006158119658119,-0.000793792063492,-0.0006866002197802,-0.0004893665445665,-0.0005069021978021,-0.0004555768009768
-0.0005524779975579,-0.0004915123321123,-0.0003953714285714,0.0005212355067155,-7.902175824175796e-05,-0.0004437698168498,-0.0006097147741147,-0.000793792063492,-0.0006835755799755,-0.0004863455433455,-0.0005038848595848,-0.0004525594627594
-0.0005494423687423,-0.0004884783882783,-0.0003923301587301,0.0005182052014652,-7.902175824175796e-05,-0.0004407302808302,-0.0006066661782661,-0.0007968333333333,-0.0006866002197802,-0.0004893665445665,-0.0005069021978021,-0.0004525594627594
-0.0005403354822954,-0.0004854444444444,-0.0003984126984126,0.0005121445909645,-6.990322344322315e-05,-0.0004407302808302,-0.0006127633699633,-0.0008029158730158,-0.0006926494993894,-0.0004954085470085,-0.0005069021978021,-0.0004525594627594
-0.0005342642246642,-0.0004793765567765,-0.0003984126984126,0.0005060839804639,-6.686371184371155e-05,-0.0004376907448107,-0.0006219091575091,-0.0008029158730158,-0.0006956741391941,-0.0004984295482295,-0.0005099195360195,-0.0004555768009768
-0.0005494423687423,-0.0004733086691086,-0.0003832063492063,0.0005091142857142,-8.206126984126955e-05,-0.0004285721367521,-0.0006219091575091,-0.0007998746031746,-0.0006896248595848,-0.0004923875457875,-0.0005038848595848,-0.0004495421245421
-0.0005555136263736,-0.0004884783882783,-0.0003923301587301,0.0005212355067155,-8.206126984126955e-05,-0.0004407302808302,-0.0006188605616605,-0.0007968333333333,-0.0006866002197802,-0.0004893665445665,-0.0005038848595848,-0.0004525594627594
-0.0005494423687423,-0.0004975802197802,-0.0004075365079365,0.0005212355067155,-6.990322344322315e-05,-0.0004528884249084,-0.0006127633699633,-0.000793792063492,-0.0006835755799755,-0.0004893665445665,-0.0005069021978021,-0.0004555768009768
-0.0005403354822954,-0.0004945462759462,-0.000413619047619,0.0005151748962148,-6.382420024419996e-05,-0.0004528884249084,-0.0006188605616605,-0.000793792063492,-0.0006835755799755,-0.0004893665445665,-0.0005069021978021,-0.0004525594627594
-0.0005312285958485,-0.0004884783882783,-0.000413619047619,0.0005091142857142,-5.774517704517676e-05,-0.0004498488888888,-0.0006249577533577,-0.000793792063492,-0.0006835755799755,-0.0004893665445665,-0.0005038848595848,-0.0004495421245421
-0.0005403354822954,-0.0004884783882783,-0.0004075365079365,0.0005121445909645,-6.686371184371155e-05,-0.0004468093528693,-0.0006219091575091,-0.0007968333333333,-0.0006835755799755,-0.0004893665445665,-0.0005038848595848,-0.0004495421245421
-0.0005524779975579,-0.0004915123321123,-0.0003953714285714,0.0005212355067155,-7.902175824175796e-05,-0.0004437698168498,-0.0006158119658119,-0.000793792063492,-0.0006835755799755,-0.0004893665445665,-0.0005008675213675,-0.0004495421245421
-0.0005433711111111,-0.0004793765567765,-0.0003923301587301,0.0005091142857142,-7.598224664224636e-05,-0.0004346512087912,-0.0006127633699633,-0.000793792063492,-0.0006805509401709,-0.0004833245421245,-0.0004948328449328,-0.0004435074481074
-0.0005312285958485,-0.0004702747252747,-0.0003984126984126,0.0005000233699633,-6.686371184371155e-05,-0.0004346512087912,-0.0006127633699633,-0.0007907507936507,-0.0006805509401709,-0.0004833245421245,-0.0004948328449328,-0.0004404901098901
-0.0005221217094017,-0.0004672407814407,-0.0003984126984126,0.0004939627594627,-6.078468864468836e-05,-0.0004316116727716,-0.0006188605616605,-0.0007877095238095,-0.0006835755799755,-0.0004863455433455,-0.0004948328449328,-0.0004435074481074
-0.0005221217094017,-0.0004642068376068,-0.0003953714285714,0.0004909324542124,-6.382420024419996e-05,-0.0004285721367521,-0.0006127633699633,-0.0007816269841269,-0.0006835755799755,-0.0004863455433455,-0.0004978501831501,-0.0004495421245421
-0.0005251573382173,-0.0004672407814407,-0.0003984126984126,0.0004939627594627,-6.382420024419996e-05,-0.0004316116727716,-0.0006036175824175,-0.0007755444444444,-0.0006775263003663,-0.0004893665445665,-0.0005008675213675,-0.0004555768009768
-0.0005251573382173,-0.0004702747252747,-0.0003984126984126,0.000496993064713,-6.382420024419996e-05,-0.0004346512087912,-0.0005944717948717,-0.0007694619047619,-0.0006745016605616,-0.0004833245421245,-0.0005008675213675,-0.0004555768009768
-0.000519086080586,-0.0004642068376068,-0.0003984126984126,0.0004909324542124,-6.078468864468836e-05,-0.0004316116727716,-0.0005883746031746,-0.000760338095238,-0.0006654277411477,-0.0004742615384615,-0.0004918155067155,-0.0004435074481074
-0.0005039079365079,-0.0004460031746031,-0.0003953714285714,0.0004727506227106,-5.470566544566516e-05,-0.0004194535286935,-0.0005883746031746,-0.0007420904761904,-0.0006533291819291,-0.0004621775335775,-0.0004797461538461,-0.0004284207570207
-0.000494801050061,-0.0004338673992673,-0.0003953714285714,0.0004636597069597,-4.862664224664196e-05,-0.0004133744566544,-0.0005822774114774,-0.0007268841269841,-0.0006412306227106,-0.0004500935286935,-0.0004646594627594,-0.0004193687423687
-0.0004856941636141,-0.0004369013431013,-0.0004014539682539,0.0004606294017094,-4.254761904761877e-05,-0.0004194535286935,-0.0005761802197802,-0.0007268841269841,-0.0006382059829059,-0.0004470725274725,-0.0004646594627594,-0.0004193687423687
-0.0004887297924297,-0.000452071062271,-0.000413619047619,0.0004697203174603,-3.6468595848595565e-05,-0.0004316116727716,-0.0005883746031746,-0.0007390492063492,-0.0006503045421245,-0.0004591565323565,-0.0004737114774114,-0.0004284207570207
-0.000494801050061,-0.0004642068376068,-0.0004197015873015,0.0004788112332112,-3.6468595848595565e-05,-0.0004407302808302,-0.0006066661782661,-0.000748173015873,-0.0006684523809523,-0.0004712405372405,-0.0004797461538461,-0.0004344554334554
-0.0005039079365079,-0.0004733086691086,-0.0004257841269841,0.0004879021489621,-3.950810744810717e-05,-0.0004498488888888,-0.0006097147741147,-0.0007542555555555,-0.0006805509401709,-0.0004803035409035,-0.0004887981684981,-0.0004435074481074
-0.0005099791941391,-0.0004793765567765,-0.0004227428571428,0.0004939627594627,-4.254761904761877e-05,-0.0004498488888888,-0.0006097147741147,-0.0007572968253968,-0.0006866002197802,-0.0004833245421245,-0.0004948328449328,-0.0004495421245421
-0.0005160504517704,-0.0004702747252747,-0.0004105777777777,0.0004909324542124,-5.166615384615356e-05,-0.0004407302808302,-0.0006249577533577,-0.0007725031746031,-0.0006866002197802,-0.0004863455433455,-0.0004948328449328,-0.0004435074481074
-0.0005160504517704,-0.0004672407814407,-0.0004075365079365,0.0004909324542124,-5.470566544566516e-05,-0.0004376907448107,-0.0006432493284493,-0.0007998746031746,-0.0006956741391941,-0.0004923875457875,-0.0004948328449328,-0.0004435074481074
-0.0005099791941391,-0.0004854444444444,-0.0004288253968253,0.000496993064713,-3.950810744810717e-05,-0.0004559279609279,-0.0006432493284493,-0.0008089984126984,-0.000704748058608,-0.0004984295482295,-0.0005038848595848,-0.0004525594627594
-0.0005039079365079,-0.0004975802197802,-0.000447073015873,0.0005000233699633,-2.735006105006077e-05,-0.0004711256410256,-0.0006432493284493,-0.0008029158730158,-0.000704748058608,-0.0004984295482295,-0.0005069021978021,-0.0004555768009768
-0.0005069435653235,-0.0004884783882783,-0.0004379492063492,0.000496993064713,-3.342908424908396e-05,-0.000462007032967,-0.0006432493284493,-0.000793792063492,-0.0006956741391941,-0.0004923875457875,-0.0005008675213675,-0.0004495421245421
-0.000494801050061,-0.0004884783882783,-0.0004531555555555,0.0004909324542124,-2.1271037851037568e-05,-0.0004711256410256,-0.0006462979242979,-0.0007998746031746,-0.000704748058608,-0.0005014505494505,-0.0005099195360195,-0.0004555768009768
-0.0004856941636141,-0.0004975802197802,-0.0004683619047619,0.0004909324542124,-9.11299145299117e-06,-0.0004832837851037,-0.0006523951159951,-0.0008089984126984,-0.0007198712576312,-0.0005135345543345,-0.0005189715506715,-0.0004616114774114
-0.0005008723076923,-0.0004975802197802,-0.0004561968253968,0.000496993064713,-2.1271037851037568e-05,-0.0004772047130647,-0.0006523951159951,-0.0008211634920634,-0.0007259205372405,-0.0005165555555555,-0.0005189715506715,-0.0004646288156288
-0.000519086080586,-0.0004975802197802,-0.0004379492063492,0.0005060839804639,-3.950810744810717e-05,-0.0004680861050061,-0.0006493465201465,-0.0008302873015873,-0.0007319698168498,-0.0005225975579975,-0.0005219888888888,-0.0004676461538461
-0.0005403354822954,-0.0005006141636141,-0.000413619047619,0.0005182052014652,-6.382420024419996e-05,-0.0004559279609279,-0.0006432493284493,-0.0008302873015873,-0.0007289451770451,-0.0005195765567765,-0.0005219888888888,-0.0004706634920634
-0.0005585492551892,-0.0005127499389499,-0.0004075365079365,0.0005333567277167,-7.598224664224636e-05,-0.0004589674969474,-0.0006310549450549,-0.0008302873015873,-0.0007228958974358,-0.0005165555555555,-0.0005219888888888,-0.0004706634920634
-0.0005524779975579,-0.0005218517704517,-0.0004257841269841,0.000536387032967,-6.382420024419996e-05,-0.0004741651770451,-0.0006310549450549,-0.000827246031746,-0.0007228958974358,-0.0005165555555555,-0.0005219888888888,-0.0004706634920634
-0.0005524779975579,-0.0005248857142857,-0.0004288253968253,0.000536387032967,-6.078468864468836e-05,-0.0004772047130647,-0.0006310549450549,-0.000827246031746,-0.0007198712576312,-0.0005165555555555,-0.0005219888888888,-0.0004646288156288
-0.0005464067399267,-0.0005157838827838,-0.0004257841269841,0.0005303264224664,-6.078468864468836e-05,-0.0004711256410256,-0.0006341035409035,-0.0008242047619047,-0.0007168466178266,-0.0005105135531135,-0.0005159542124542,-0.0004585941391941
-0.0005524779975579,-0.0005218517704517,-0.0004288253968253,0.000536387032967,-6.078468864468836e-05,-0.0004741651770451,-0.0006402007326007,-0.0008242047619047,-0.0007228958974358,-0.0005135345543345,-0.0005159542124542,-0.0004616114774114
-0.0005646205128205,-0.0005188178266178,-0.000413619047619,0.0005394173382173,-7.598224664224636e-05,-0.0004650465689865,-0.0006341035409035,-0.0008242047619047,-0.0007198712576312,-0.0005105135531135,-0.0005129368742368,-0.0004616114774114
-0.0005646205128205,-0.000506682051282,-0.0003984126984126,0.0005333567277167,-8.206126984126955e-05,-0.0004528884249084,-0.0006280063492063,-0.0008211634920634,-0.0007107973382173,-0.0005044715506715,-0.0005069021978021,-0.0004555768009768
-0.0005555136263736,-0.0005006141636141,-0.0004044952380952,0.0005272961172161,-7.598224664224636e-05,-0.0004528884249084,-0.0006280063492063,-0.0008181222222222,-0.0007077726984126,-0.0005044715506715,-0.0005099195360195,-0.0004555768009768
-0.0005403354822954,-0.0004975802197802,-0.000413619047619,0.0005182052014652,-6.382420024419996e-05,-0.0004559279609279,-0.0006341035409035,-0.0008211634920634,-0.0007107973382173,-0.0005044715506715,-0.0005099195360195,-0.0004585941391941
-0.0005372998534798,-0.0004884783882783,-0.0004105777777777,0.0005121445909645,-6.382420024419996e-05,-0.0004498488888888,-0.0006371521367521,-0.0008242047619047,-0.0007077726984126,-0.0004984295482295,-0.0005099195360195,-0.0004585941391941
-0.0005433711111111,-0.0004884783882783,-0.0004014539682539,0.0005151748962148,-6.990322344322315e-05,-0.0004437698168498,-0.0006371521367521,-0.000827246031746,-0.0007107973382173,-0.0005014505494505,-0.0005099195360195,-0.0004585941391941
-0.0005524779975579,-0.0004915123321123,-0.0003984126984126,0.0005212355067155,-7.598224664224636e-05,-0.0004437698168498,-0.0006432493284493,-0.000827246031746,-0.0007077726984126,-0.0005044715506715,-0.0005129368742368,-0.0004646288156288
-0.0005585492551892,-0.0004824105006105,-0.000380165079365,0.0005182052014652,-8.814029304029276e-05,-0.0004316116727716,-0.0006341035409035,-0.0007968333333333,-0.000671477020757,-0.0004893665445665,-0.0005129368742368,-0.0004766981684981
-0.0005615848840048,-0.0004277995115995,-0.0003162984126984,0.0004939627594627,-0.0001215749206349,-0.0003708209523809,-0.0006188605616605,-0.0007420904761904,-0.0005928363858363,-0.0004470725274725,-0.0004948328449328,-0.0004736808302808
-0.0005312285958485,-0.0003034078144078,-0.0002281015873015,0.0004151748229548,-0.00015197003663,-0.0002644371916971,-0.0006341035409035,-0.0006569349206349,-0.00047790007326,-0.0003564424908424,-0.0004284514041514,-0.000431438095238
-0.0004371241025641,-0.0001153032967032,-0.0001399047619047,0.0002757807814407,-0.0001489305250305,-0.000127658070818,-0.0006889782661782,-0.0005352841269841,-0.0003085202442002,-0.0001812244200244,-0.0002987058608058,-0.0003499699633699
-0.0003005208058608,0.0001425819291819,-1.825396825396816e-05,7.881094017094019e-05,-0.0001398119902319,6.079316239316235e-05,-0.0007987277167277,-0.0005109539682539,-0.0001119186568986,7.858168498168446e-05,-8.14575091575093e-05,-0.000190051037851
-0.0001457037362637,0.0005218249084249,0.0002068,-0.0001878559218559,-0.0001762861294261,0.0003647467643467,-0.0010212752136752,-0.000748173015873,5.443653235653228e-05,0.0004078708180708,0.000253467032967,0.0001056481074481
6.0777045177042414e-06,0.0008858981684981,0.0004166476190476,-0.0004454318681318,-0.0002036417338217,0.0006504631501831,-0.0013474749694749,-0.0011252904761904,9.980612942612936e-05,0.0007220549450549,0.0006125302808302,0.0004435899877899
0.0001214315995115,0.0011377155067155,0.0005504634920634,-0.0006272501831501,-0.0002127602686202,0.0008449934554334,-0.0016919663003663,-0.0015054492063492,1.5116214896214815e-05,0.000936546031746,0.00089616007326,0.0007392891330891
0.0001700016605616,0.0011559191697191,0.0005200507936507,-0.0006605835409035,-0.0001732466178266,0.0008389143833943,-0.0019084166056166,-0.0017548333333333,-0.0001905592918192,0.000879147008547,0.0009414201465201,0.0008660173382173
6.375465201465174e-05,0.0006644202686202,0.0001429333333333,-0.0003636136263736,-3.950810744810717e-05,0.0004042607326007,-0.0018261045177045,-0.0018582365079365,-0.0006019103052503,0.0003746398046398,0.0005642528693528,0.0006548036630036
-0.0002033806837606,8.797094017094037e-05,-0.0001642349206349,5.759880341880346e-05,-1.823152625152597e-05,-3.647199023199027e-05,-0.0015913626373626,-0.0019981349206349,-0.001082828034188,-0.0002325814407814,9.65654456654455e-05,0.0003500525030525
-0.0004401597313797,-0.0001699142857142,-0.0001855238095238,0.0003030535286935,-0.0001276539438339,-0.0001762906471306,-0.001399301098901,-0.0020954555555555,-0.0013641195360195,-0.0005920805860805,-0.0001780123321123,0.0001599601953601
-0.0005524779975579,-0.0003549848595848,-0.0002585142857142,0.0004515384859584,-0.000145891013431,-0.0003069906959706,-0.0012438227106227,-0.0019251444444444,-0.001376218095238,-0.0007250046398046,-0.0003560352869352,-2.108009768009828e-05
-0.0005919411721611,-0.0004581389499389,-0.0003223809523809,0.0005242658119658,-0.0001337329670329,-0.0003890581684981,-0.0011371218559218,-0.001672719047619,-0.0012431339438339,-0.0007068786324786,-0.0004375034188034,-0.0001689296703296
-0.0005949768009768,-0.0004793765567765,-0.0003406285714285,0.000536387032967,-0.0001276539438339,-0.0004103349206349,-0.0010273724053724,-0.0014354999999999,-0.0010919019536019,-0.0006494796092796,-0.0004646594627594,-0.0002624671550671
-0.0005737273992673,-0.0004884783882783,-0.0003710412698412,0.0005303264224664,-0.0001002983394383,-0.0004285721367521,-0.0008871369963369,-0.0012134873015873,-0.0009678917216117,-0.0005981225885225,-0.0004857808302808,-0.0003288485958485
-0.0005615848840048,-0.0004854444444444,-0.000380165079365,0.0005212355067155,-9.117980463980436e-05,-0.0004316116727716,-0.0007560473748473,-0.0010097222222222,-0.0008499307692307,-0.0005497865689865,-0.0004887981684981,-0.0003741086691086
-0.0005494423687423,-0.000455105006105,-0.0003619174603174,0.0005000233699633,-9.421931623931596e-05,-0.0004072953846153,-0.000667638095238,-0.0008667825396825,-0.0007531422954822,-0.0004984295482295,-0.0004706941391941,-0.0003891953601953
-0.0005372998534798,-0.0004308334554334,-0.0003497523809523,0.0004818415384615,-9.421931623931596e-05,-0.0003890581684981,-0.0006310549450549,-0.0007907507936507,-0.0006956741391941,-0.0004712405372405,-0.0004616421245421,-0.00039523003663
-0.0005372998534798,-0.0004338673992673,-0.0003527936507936,0.0004848718437118,-9.117980463980436e-05,-0.0003920977045177,-0.0006097147741147,-0.0007633793650793,-0.0006745016605616,-0.0004682195360195,-0.0004706941391941,-0.000404282051282
-0.0005312285958485,-0.0004429692307692,-0.0003619174603174,0.0004848718437118,-8.510078144078116e-05,-0.0004012163125763,-0.0006036175824175,-0.0007512142857142,-0.000671477020757,-0.0004772825396825,-0.0004797461538461,-0.0004163514041514
-0.0005281929670329,-0.0004490371184371,-0.0003740825396825,0.0004879021489621,-7.598224664224636e-05,-0.0004103349206349,-0.0006005689865689,-0.0007390492063492,-0.0006654277411477,-0.0004803035409035,-0.0004887981684981,-0.0004284207570207
-0.0005342642246642,-0.000452071062271,-0.0003710412698412,0.0004909324542124,-8.206126984126955e-05,-0.0004103349206349,-0.0005944717948717,-0.0007238428571428,-0.0006563538217338,-0.0004803035409035,-0.0004887981684981,-0.0004374727716727
-0.0005372998534798,-0.000452071062271,-0.0003710412698412,0.0004939627594627,-8.206126984126955e-05,-0.0004103349206349,-0.0005822774114774,-0.000714719047619,-0.0006503045421245,-0.0004772825396825,-0.0004918155067155,-0.0004404901098901
-0.0005372998534798,-0.0004490371184371,-0.0003710412698412,0.0004909324542124,-8.206126984126955e-05,-0.0004103349206349,-0.0005761802197802,-0.0007086365079365,-0.0006472799023199,-0.0004742615384615,-0.0004918155067155,-0.0004404901098901
-0.0005464067399267,-0.000452071062271,-0.0003649587301587,0.000496993064713,-9.117980463980436e-05,-0.0004072953846153,-0.0005670344322344,-0.0006964714285714,-0.0006412306227106,-0.0004742615384615,-0.0004918155067155,-0.0004465247863247
-0.0005494423687423,-0.0004460031746031,-0.0003527936507936,0.000496993064713,-9.725882783882755e-05,-0.0003981767765567,-0.0005639858363858,-0.0006903888888888,-0.0006351813431013,-0.0004712405372405,-0.0004918155067155,-0.0004465247863247
-0.0005464067399267,-0.0004399352869352,-0.0003497523809523,0.0004909324542124,-9.725882783882755e-05,-0.0003951372405372,-0.0005639858363858,-0.0006843063492063,-0.0006321567032967,-0.0004742615384615,-0.0004887981684981,-0.0004465247863247
-0.0005464067399267,-0.0004399352869352,-0.0003527936507936,0.0004909324542124,-9.725882783882755e-05,-0.0003951372405372,-0.0005639858363858,-0.0006782238095238,-0.0006321567032967,-0.0004742615384615,-0.0004918155067155,-0.0004495421245421
-0.0005403354822954,-0.0004460031746031,-0.0003649587301587,0.0004909324542124,-8.814029304029276e-05,-0.0004042558485958,-0.0005609372405372,-0.0006751825396825,-0.000629132063492,-0.0004712405372405,-0.0004978501831501,-0.0004525594627594
-0.0005281929670329,-0.0004460031746031,-0.0003710412698412,0.0004848718437118,-7.902175824175796e-05,-0.0004072953846153,-0.0005670344322344,-0.0006690999999999,-0.0006230827838827,-0.0004682195360195,-0.0004948328449328,-0.0004525594627594
-0.0005342642246642,-0.0004399352869352,-0.0003649587301587,0.0004848718437118,-8.510078144078116e-05,-0.0004012163125763,-0.0005731316239316,-0.0006690999999999,-0.0006200581440781,-0.0004651985347985,-0.0004918155067155,-0.0004495421245421
-0.0005403354822954,-0.0004399352869352,-0.0003558349206349,0.0004879021489621,-9.117980463980436e-05,-0.0003981767765567,-0.0005731316239316,-0.0006660587301587,-0.0006170335042735,-0.0004651985347985,-0.0004918155067155,-0.0004465247863247
-0.0005433711111111,-0.0004429692307692,-0.0003558349206349,0.0004909324542124,-9.421931623931596e-05,-0.0003981767765567,-0.0005670344322344,-0.0006538936507936,-0.0006170335042735,-0.0004621775335775,-0.0004918155067155,-0.0004465247863247
-0.0005403354822954,-0.0004399352869352,-0.0003588761904761,0.0004879021489621,-9.117980463980436e-05,-0.0003981767765567,-0.0005639858363858,-0.0006478111111111,-0.0006140088644688,-0.0004621775335775,-0.0004948328449328,-0.0004495421245421
-0.0005281929670329,-0.0004399352869352,-0.0003679999999999,0.0004818415384615,-7.902175824175796e-05,-0.0004042558485958,-0.0005639858363858,-0.0006417285714285,-0.0006109842246642,-0.0004651985347985,-0.0004948328449328,-0.0004495421245421
-0.0005221217094017,-0.0004429692307692,-0.0003771238095238,0.0004818415384615,-7.294273504273476e-05,-0.0004103349206349,-0.0005670344322344,-0.0006386873015873,-0.0006109842246642,-0.0004651985347985,-0.0004948328449328,-0.0004495421245421
-0.0005221217094017,-0.0004429692307692,-0.0003771238095238,0.0004818415384615,-7.294273504273476e-05,-0.0004103349206349,-0.0005609372405372,-0.000635646031746,-0.0006049349450549,-0.0004621775335775,-0.0004948328449328,-0.0004495421245421
-0.0005281929670329,-0.0004399352869352,-0.0003679999999999,0.0004818415384615,-7.902175824175796e-05,-0.0004042558485958,-0.0005578886446886,-0.0006295634920634,-0.0006019103052503,-0.0004591565323565,-0.0004918155067155,-0.0004465247863247
-0.0005372998534798,-0.0004399352869352,-0.0003588761904761,0.0004879021489621,-8.814029304029276e-05,-0.0003981767765567,-0.00055484004884,-0.0006265222222222,-0.0005988856654456,-0.0004591565323565,-0.0004948328449328,-0.0004495421245421
-0.0005372998534798,-0.0004338673992673,-0.0003527936507936,0.0004848718437118,-9.117980463980436e-05,-0.0003920977045177,-0.0005487428571428,-0.0006204396825396,-0.0005928363858363,-0.0004561355311355,-0.0004918155067155,-0.0004465247863247
-0.0005281929670329,-0.0004338673992673,-0.0003588761904761,0.0004788112332112,-8.510078144078116e-05,-0.0003951372405372,-0.0005487428571428,-0.0006143571428571,-0.0005898117460317,-0.0004561355311355,-0.0004887981684981,-0.0004495421245421
-0.0005251573382173,-0.0004460031746031,-0.0003740825396825,0.0004848718437118,-7.598224664224636e-05,-0.0004103349206349,-0.0005487428571428,-0.0006052333333333,-0.0005837624664224,-0.0004561355311355,-0.0004887981684981,-0.0004525594627594
-0.0005281929670329,-0.0004460031746031,-0.0003710412698412,0.0004848718437118,-7.902175824175796e-05,-0.0004072953846153,-0.0005426456654456,-0.0005900269841269,-0.0005777131868131,-0.0004500935286935,-0.0004887981684981,-0.0004525594627594
-0.0005342642246642,-0.0004399352869352,-0.0003619174603174,0.0004848718437118,-8.510078144078116e-05,-0.0004012163125763,-0.0005426456654456,-0.0005839444444444,-0.0005777131868131,-0.0004470725274725,-0.0004827634920634,-0.0004495421245421
-0.0005221217094017,-0.0004308334554334,-0.0003649587301587,0.0004757809279609,-7.902175824175796e-05,-0.0003981767765567,-0.0005487428571428,-0.0005778619047619,-0.0005746885470085,-0.0004470725274725,-0.0004857808302808,-0.0004525594627594
-0.0005221217094017,-0.0004277995115995,-0.0003619174603174,0.0004727506227106,-7.902175824175796e-05,-0.0003951372405372,-0.0005517914529914,-0.0005717793650793,-0.0005716639072039,-0.0004470725274725,-0.0004887981684981,-0.0004525594627594
-0.0005251573382173,-0.0004308334554334,-0.0003619174603174,0.0004757809279609,-8.206126984126955e-05,-0.0003951372405372,-0.0005487428571428,-0.0005596142857142,-0.0005686392673992,-0.0004531145299145,-0.0004918155067155,-0.0004555768009768
-0.0005251573382173,-0.0004369013431013,-0.0003710412698412,0.0004788112332112,-7.598224664224636e-05,-0.0004042558485958,-0.0005426456654456,-0.0005535317460317,-0.0005656146275946,-0.0004531145299145,-0.0004978501831501,-0.0004646288156288
-0.0005312285958485,-0.0004369013431013,-0.0003649587301587,0.0004818415384615,-8.206126984126955e-05,-0.0004012163125763,-0.0005334998778998,-0.0005413666666666,-0.0005565407081807,-0.0004440515262515,-0.0004918155067155,-0.0004585941391941
-0.0005403354822954,-0.0004338673992673,-0.0003497523809523,0.0004848718437118,-9.421931623931596e-05,-0.0003920977045177,-0.000524354090354,-0.000523119047619,-0.0005414175091575,-0.0004319675213675,-0.0004827634920634,-0.0004495421245421
-0.000519086080586,-0.0004277995115995,-0.0003679999999999,0.0004727506227106,-7.598224664224636e-05,-0.0003981767765567,-0.0005334998778998,-0.0005109539682539,-0.0005414175091575,-0.0004319675213675,-0.0004827634920634,-0.0004525594627594
-0.0005130148229548,-0.0004308334554334,-0.000380165079365,0.0004697203174603,-6.686371184371155e-05,-0.0004042558485958,-0.0005334998778998,-0.0004987888888888,-0.0005383928693528,-0.0004349885225885,-0.0004827634920634,-0.0004525594627594
-0.0005160504517704,-0.0004338673992673,-0.0003740825396825,0.0004727506227106,-6.990322344322315e-05,-0.0004042558485958,-0.0005274026862026,-0.0004835825396825,-0.0005323435897435,-0.0004289465201465,-0.0004797461538461,-0.0004525594627594
-0.0005130148229548,-0.0004247655677655,-0.0003679999999999,0.00046669001221,-7.294273504273476e-05,-0.0003951372405372,-0.0005274026862026,-0.0004744587301587,-0.0005293189499389,-0.0004289465201465,-0.0004797461538461,-0.0004525594627594
-0.0005008723076923,-0.0004156637362637,-0.0003710412698412,0.000457599096459,-6.382420024419996e-05,-0.0003920977045177,-0.000524354090354,-0.0004622936507936,-0.0005293189499389,-0.0004289465201465,-0.0004797461538461,-0.0004525594627594
-0.000494801050061,-0.0004095958485958,-0.0003710412698412,0.0004515384859584,-6.078468864468836e-05,-0.0003890581684981,-0.000524354090354,-0.000444046031746,-0.0005232696703296,-0.0004259255189255,-0.0004797461538461,-0.0004495421245421
-0.000494801050061,-0.0004035279609279,-0.0003679999999999,0.0004485081807081,-6.382420024419996e-05,-0.0003860186324786,-0.000524354090354,-0.0004257984126984,-0.0005141957509157,-0.0004229045177045,-0.0004767288156288,-0.0004525594627594
-0.0004978366788766,-0.000400494017094,-0.0003588761904761,0.0004485081807081,-6.990322344322315e-05,-0.0003799395604395,-0.0005182568986568,-0.0004075507936507,-0.0005051218315018,-0.0004198835164835,-0.0004767288156288,-0.0004525594627594
-0.0005130148229548,-0.00039746007326,-0.0003406285714285,0.0004545687912087,-8.510078144078116e-05,-0.0003677814163614,-0.0005030139194139,-0.0003832206349206,-0.0004839493528693,-0.0004077995115995,-0.0004676768009768,-0.0004404901098901
-0.000494801050061,-0.00039746007326,-0.0003588761904761,0.0004454778754578,-6.686371184371155e-05,-0.00037690002442,-0.0004999653235653,-0.0003619317460317,-0.0004809247130647,-0.0004047785103785,-0.0004646594627594,-0.0004404901098901
-0.0004765872771672,-0.0003883582417582,-0.0003679999999999,0.0004303263492063,-5.470566544566516e-05,-0.00037690002442,-0.0004999653235653,-0.0003406428571428,-0.0004718507936507,-0.0004017575091575,-0.0004586247863247,-0.0004344554334554
-0.0004765872771672,-0.0003853242979242,-0.0003619174603174,0.0004303263492063,-5.774517704517676e-05,-0.0003738604884004,-0.0004938681318681,-0.0003163126984126,-0.0004627768742368,-0.0003926945054945,-0.0004525901098901,-0.0004254034188034
-0.0004796229059829,-0.0003762224664224,-0.0003497523809523,0.000427296043956,-6.382420024419996e-05,-0.0003617023443223,-0.0004847223443223,-0.0002889412698412,-0.0004506783150183,-0.0003866525030525,-0.0004465554334554,-0.0004193687423687
-0.0004796229059829,-0.0003640866910866,-0.0003436698412698,0.0004212354334554,-6.686371184371155e-05,-0.0003525837362637,-0.0004786251526251,-0.0002676523809523,-0.0004416043956043,-0.0003836315018315,-0.000443538095238,-0.0004193687423687
-0.0004674803907203,-0.0003489169719169,-0.0003375873015873,0.0004060839072039,-6.382420024419996e-05,-0.0003434651282051,-0.0004786251526251,-0.0002463634920634,-0.0004325304761904,-0.0003806105006105,-0.0004405207570207,-0.000413334065934
-0.0004523022466422,-0.0003307133089133,-0.0003315047619047,0.0003909323809523,-6.078468864468836e-05,-0.0003313069841269,-0.0004786251526251,-0.000218992063492,-0.0004204319169719,-0.0003685264957264,-0.0004284514041514,-0.0004012647130647
-0.0004492666178266,-0.0003185775335775,-0.0003223809523809,0.0003818414652014,-6.382420024419996e-05,-0.0003191488400488,-0.0004755765567765,-0.0001946619047619,-0.0004113579975579,-0.0003624844932844,-0.0004193993894993,-0.00039523003663
-0.0004492666178266,-0.0003125096459096,-0.0003132571428571,0.0003788111599511,-6.686371184371155e-05,-0.0003130697680097,-0.0004725279609279,-0.0001794555555555,-0.0004053087179487,-0.0003594634920634,-0.0004133647130647,-0.0003891953601953
-0.0004431953601953,-0.000291272039072,-0.0003041333333333,0.0003666899389499,-6.990322344322315e-05,-0.000297872087912,-0.0004694793650793,-0.0001612079365079,-0.0003962347985347,-0.0003504004884004,-0.0004043126984126,-0.000377126007326
-0.0004401597313797,-0.0002730683760683,-0.0002858857142857,0.0003545687179487,-7.598224664224636e-05,-0.0002796348717948,-0.0004694793650793,-0.0001429603174603,-0.0003841362393162,-0.0003352954822954,-0.0003922433455433,-0.0003620393162393
-0.0004371241025641,-0.0002609326007326,-0.0002767619047619,0.0003485081074481,-7.902175824175796e-05,-0.0002674767277167,-0.0004664307692307,-0.0001277539682539,-0.000369013040293,-0.0003232114774114,-0.0003771566544566,-0.0003469526251526
-0.0004219459584859,-0.0002518307692307,-0.0002828444444444,0.0003363868864468,-6.990322344322315e-05,-0.0002674767277167,-0.0004694793650793,-0.0001155888888888,-0.0003659884004884,-0.0003201904761904,-0.0003741393162393,-0.0003379006105006
-0.0004158747008547,-0.0002427289377289,-0.0002798031746031,0.0003272959706959,-6.686371184371155e-05,-0.0002613976556776,-0.0004725279609279,-0.0001125476190476,-0.0003659884004884,-0.0003201904761904,-0.0003681046398046,-0.0003288485958485
-0.0004098034432234,-0.0002214913308913,-0.0002645968253968,0.0003151747496947,-7.294273504273476e-05,-0.0002431604395604,-0.0004725279609279,-0.0001125476190476,-0.0003629637606837,-0.0003141484737484,-0.0003560352869352,-0.0003167792429792
-0.0004098034432234,-0.0002002537240537,-0.0002524317460317,0.0003030535286935,-7.902175824175796e-05,-0.0002249232234432,-0.0004725279609279,-0.0001186301587301,-0.0003569144810744,-0.0003050854700854,-0.0003469832722832,-0.0003016925518925
-0.0004189103296703,-0.0001881179487179,-0.0002281015873015,0.0003030535286935,-9.421931623931596e-05,-0.000206686007326,-0.0004786251526251,-0.0001247126984126,-0.0003569144810744,-0.0002990434676434,-0.0003318965811965,-0.0002866058608058
-0.0004219459584859,-0.00018205006105,-0.0002189777777777,0.0003000232234432,-0.0001002983394383,-0.0002006069352869,-0.0004877709401709,-0.0001429603174603,-0.0003569144810744,-0.0002990434676434,-0.0003258619047619,-0.0002775538461538
-0.000412839072039,-0.0001699142857142,-0.0002128952380952,0.0002909323076923,-0.0001002983394383,-0.0001914883272283,-0.0004999653235653,-0.000173373015873,-0.000369013040293,-0.0003020644688644,-0.0003228445665445,-0.0002715191697191
-0.0004067678144078,-0.0001517106227106,-0.0002007301587301,0.000278811086691,-0.0001033378510378,-0.0001762906471306,-0.0005121597069597,-0.0002129095238095,-0.0003780869597069,-0.0003081064713064,-0.0003198272283272,-0.0002624671550671
-0.0004037321855921,-0.0001426087912087,-0.0001976888888888,0.0002727504761904,-0.0001033378510378,-0.0001702115750915,-0.000524354090354,-0.0002554873015873,-0.0003871608791208,-0.0003081064713064,-0.0003168098901098,-0.0002564324786324
-0.0004067678144078,-0.0001517106227106,-0.0002007301587301,0.000278811086691,-0.0001033378510378,-0.0001762906471306,-0.0005365484737484,-0.000298065079365,-0.0003992594383394,-0.0003111274725274,-0.0003137925518925,-0.0002503978021978
-0.0004158747008547,-0.0001608124542124,-0.0002037714285714,0.000287902002442,-0.0001063773626373,-0.0001823697191697,-0.0005487428571428,-0.0003467253968253,-0.0004143826373626,-0.0003141484737484,-0.0003137925518925,-0.0002473804639804
-0.0004280172161172,-0.0001729482295482,-0.0002037714285714,0.0003000232234432,-0.0001124563858363,-0.0001884487912087,-0.0005578886446886,-0.0003953857142857,-0.0004325304761904,-0.0003232114774114,-0.0003168098901098,-0.0002443631257631
-0.0004492666178266,-0.000185084004884,-0.0001916063492063,0.0003151747496947,-0.0001276539438339,-0.0001884487912087,-0.0005639858363858,-0.0004470873015873,-0.0004506783150183,-0.0003262324786324,-0.0003168098901098,-0.0002413457875457
-0.0004553378754578,-0.0001972197802197,-0.0002007301587301,0.0003242656654456,-0.0001276539438339,-0.0001975673992673,-0.0005761802197802,-0.0004957476190476,-0.0004718507936507,-0.0003383164835164,-0.0003228445665445,-0.0002473804639804
-0.0004523022466422,-0.0002184573870573,-0.000222019047619,0.0003333565811965,-0.0001154958974358,-0.0002188441514041,-0.0005914231990231,-0.0005444079365079,-0.0004960479120879,-0.0003564424908424,-0.0003409485958485,-0.0002654844932844
-0.0004583735042735,-0.0002396949938949,-0.0002372253968253,0.0003485081074481,-0.0001094168742368,-0.0002370813675213,-0.0006005689865689,-0.0005869857142857,-0.0005172203907203,-0.0003715474969474,-0.0003560352869352,-0.0002896231990231
-0.0004674803907203,-0.0002609326007326,-0.0002493904761904,0.0003636596336996,-0.0001094168742368,-0.0002553185836385,-0.0006005689865689,-0.0006265222222222,-0.0005383928693528,-0.0003866525030525,-0.0003741393162393,-0.0003137619047619
-0.0004765872771672,-0.0002852041514041,-0.000267638095238,0.0003788111599511,-0.0001033378510378,-0.0002765953357753,-0.0006005689865689,-0.0006569349206349,-0.0005565407081807,-0.0004017575091575,-0.0003952606837606,-0.0003409179487179
-0.0004887297924297,-0.0003155435897435,-0.0002828444444444,0.0004000232967032,-0.0001033378510378,-0.000297872087912,-0.0005975203907203,-0.0006782238095238,-0.0005656146275946,-0.0004138415140415,-0.0004103473748473,-0.0003529873015873
-0.0005008723076923,-0.000345883028083,-0.0002980507936507,0.0004212354334554,-0.0001002983394383,-0.0003221883760683,-0.0005944717948717,-0.0006964714285714,-0.0005777131868131,-0.0004229045177045,-0.0004224167277167,-0.0003650566544566
-0.0005039079365079,-0.0003671206349206,-0.0003193396825396,0.0004333566544566,-9.117980463980436e-05,-0.0003434651282051,-0.0005975203907203,-0.0007177603174603,-0.000595861025641,-0.0004349885225885,-0.0004375034188034,-0.0003831606837606
-0.000519086080586,-0.0003883582417582,-0.0003254222222222,0.0004515384859584,-9.725882783882755e-05,-0.0003556232722832,-0.0005883746031746,-0.0007390492063492,-0.0006049349450549,-0.0004470725274725,-0.0004495727716727,-0.0003982473748473
-0.0005160504517704,-0.0004035279609279,-0.0003436698412698,0.000457599096459,-8.510078144078116e-05,-0.0003738604884004,-0.0005883746031746,-0.0007572968253968,-0.0006230827838827,-0.0004591565323565,-0.0004646594627594,-0.000413334065934
-0.0005160504517704,-0.0004156637362637,-0.0003558349206349,0.0004636597069597,-7.902175824175796e-05,-0.0003860186324786,-0.0005944717948717,-0.0007694619047619,-0.0006321567032967,-0.0004682195360195,-0.0004737114774114,-0.000422386080586
-0.0005221217094017,-0.0004277995115995,-0.0003619174603174,0.0004727506227106,-7.902175824175796e-05,-0.0003951372405372,-0.0005944717948717,-0.0007755444444444,-0.0006382059829059,-0.0004742615384615,-0.0004797461538461,-0.000431438095238
-0.0005342642246642,-0.0004429692307692,-0.0003649587301587,0.0004879021489621,-8.510078144078116e-05,-0.0004042558485958,-0.0005883746031746,-0.0007816269841269,-0.0006472799023199,-0.0004803035409035,-0.0004857808302808,-0.0004404901098901
-0.0005494423687423,-0.000455105006105,-0.0003588761904761,0.0005000233699633,-9.421931623931596e-05,-0.0004072953846153,-0.000585326007326,-0.0007907507936507,-0.0006533291819291,-0.0004863455433455,-0.0004948328449328,-0.0004495421245421
-0.0005494423687423,-0.0004581389499389,-0.0003649587301587,0.0005030536752136,-9.117980463980436e-05,-0.0004103349206349,-0.000585326007326,-0.0007998746031746,-0.0006624031013431,-0.0004923875457875,-0.0005008675213675,-0.0004555768009768
-0.0005372998534798,-0.0004581389499389,-0.0003771238095238,0.000496993064713,-7.902175824175796e-05,-0.0004164139926739,-0.0005914231990231,-0.0008029158730158,-0.0006654277411477,-0.0004954085470085,-0.0005069021978021,-0.0004616114774114
-0.0005342642246642,-0.0004642068376068,-0.0003862476190476,0.000496993064713,-7.294273504273476e-05,-0.0004255326007326,-0.0005914231990231,-0.0008029158730158,-0.0006654277411477,-0.0004984295482295,-0.0005099195360195,-0.0004676461538461
-0.0005464067399267,-0.0004793765567765,-0.0003892888888888,0.0005121445909645,-7.902175824175796e-05,-0.0004346512087912,-0.000585326007326,-0.0008029158730158,-0.0006654277411477,-0.0004984295482295,-0.0005099195360195,-0.0004676461538461
-0.0005615848840048,-0.0004915123321123,-0.0003862476190476,0.0005242658119658,-8.814029304029276e-05,-0.0004376907448107,-0.0005792288156288,-0.0007998746031746,-0.0006624031013431,-0.0004954085470085,-0.0005099195360195,-0.0004646288156288
-0.0005615848840048,-0.0004915123321123,-0.0003892888888888,0.0005242658119658,-8.510078144078116e-05,-0.0004407302808302,-0.0005761802197802,-0.0007968333333333,-0.0006684523809523,-0.0004984295482295,-0.0005099195360195,-0.0004676461538461
-0.0005524779975579,-0.0004884783882783,-0.0003892888888888,0.0005182052014652,-8.206126984126955e-05,-0.0004376907448107,-0.0005761802197802,-0.0007998746031746,-0.0006745016605616,-0.0005044715506715,-0.0005159542124542,-0.0004706634920634
-0.0005464067399267,-0.0004824105006105,-0.0003923301587301,0.0005121445909645,-7.598224664224636e-05,-0.0004376907448107,-0.0005761802197802,-0.0008029158730158,-0.0006745016605616,-0.0005074925518925,-0.0005189715506715,-0.0004706634920634
-0.0005494423687423,-0.0004854444444444,-0.0003923301587301,0.0005151748962148,-7.902175824175796e-05,-0.0004376907448107,-0.0005761802197802,-0.0008059571428571,-0.0006745016605616,-0.0005135345543345,-0.0005219888888888,-0.0004766981684981
-0.0005615848840048,-0.0004945462759462,-0.0003892888888888,0.0005272961172161,-8.510078144078116e-05,-0.0004407302808302,-0.000570083028083,-0.0007998746031746,-0.000671477020757,-0.0005105135531135,-0.0005219888888888,-0.0004766981684981
-0.0005706917704517,-0.0004975802197802,-0.0003832063492063,0.0005333567277167,-9.421931623931596e-05,-0.0004407302808302,-0.000570083028083,-0.000793792063492,-0.0006654277411477,-0.0005074925518925,-0.0005219888888888,-0.0004766981684981
-0.0005646205128205,-0.0004975802197802,-0.0003862476190476,0.0005303264224664,-8.814029304029276e-05,-0.0004407302808302,-0.0005761802197802,-0.000793792063492,-0.0006684523809523,-0.0005074925518925,-0.0005219888888888,-0.0004797155067155
-0.0005494423687423,-0.0004945462759462,-0.0004014539682539,0.0005212355067155,-7.294273504273476e-05,-0.0004468093528693,-0.0005761802197802,-0.0007877095238095,-0.0006654277411477,-0.0005044715506715,-0.0005189715506715,-0.0004797155067155
-0.0005433711111111,-0.0004975802197802,-0.0004075365079365,0.0005182052014652,-6.686371184371155e-05,-0.0004528884249084,-0.0005731316239316,-0.0007846682539682,-0.0006593784615384,-0.0005044715506715,-0.0005219888888888,-0.0004797155067155
-0.0005494423687423,-0.0004975802197802,-0.0004044952380952,0.0005212355067155,-7.294273504273476e-05,-0.0004498488888888,-0.0005639858363858,-0.0007785857142857,-0.0006563538217338,-0.0005014505494505,-0.0005219888888888,-0.0004797155067155
-0.0005464067399267,-0.0004945462759462,-0.0004014539682539,0.0005182052014652,-7.294273504273476e-05,-0.0004468093528693,-0.0005670344322344,-0.0007785857142857,-0.0006593784615384,-0.0005044715506715,-0.0005250062271062,-0.0004827328449328
-0.0005372998534798,-0.0004884783882783,-0.0004044952380952,0.0005121445909645,-6.686371184371155e-05,-0.0004468093528693,-0.000570083028083,-0.0007785857142857,-0.0006624031013431,-0.0005105135531135,-0.0005280235653235,-0.0004857501831501
-0.0005494423687423,-0.0004915123321123,-0.0003953714285714,0.0005182052014652,-7.598224664224636e-05,-0.0004437698168498,-0.0005639858363858,-0.0007755444444444,-0.0006593784615384,-0.0005044715506715,-0.0005250062271062,-0.0004827328449328
-0.0005615848840048,-0.0004975802197802,-0.0003862476190476,0.0005272961172161,-8.814029304029276e-05,-0.0004407302808302,-0.0005639858363858,-0.0007725031746031,-0.0006533291819291,-0.0005044715506715,-0.0005250062271062,-0.0004827328449328
-0.0005555136263736,-0.0005006141636141,-0.0003984126984126,0.0005272961172161,-7.902175824175796e-05,-0.0004498488888888,-0.0005639858363858,-0.0007755444444444,-0.0006563538217338,-0.0005074925518925,-0.0005310409035409,-0.0004857501831501
-0.0005494423687423,-0.0005006141636141,-0.0004044952380952,0.0005242658119658,-7.294273504273476e-05,-0.0004528884249084,-0.0005639858363858,-0.0007755444444444,-0.0006563538217338,-0.0005074925518925,-0.0005310409035409,-0.0004917848595848
-0.0005524779975579,-0.0004915123321123,-0.0003984126984126,0.0005212355067155,-7.598224664224636e-05,-0.0004437698168498,-0.0005639858363858,-0.0007725031746031,-0.0006533291819291,-0.0005044715506715,-0.0005250062271062,-0.0004887675213675
-0.0005524779975579,-0.0004854444444444,-0.0003892888888888,0.0005182052014652,-8.206126984126955e-05,-0.0004376907448107,-0.0005670344322344,-0.0007694619047619,-0.0006503045421245,-0.0005014505494505,-0.0005219888888888,-0.0004827328449328
-0.0005585492551892,-0.0004793765567765,-0.000380165079365,0.0005182052014652,-8.814029304029276e-05,-0.0004285721367521,-0.0005639858363858,-0.0007633793650793,-0.0006472799023199,-0.0004984295482295,-0.0005189715506715,-0.0004797155067155
-0.0005615848840048,-0.0004763426129426,-0.0003710412698412,0.0005182052014652,-9.421931623931596e-05,-0.000422493064713,-0.0005609372405372,-0.0007633793650793,-0.0006442552625152,-0.0004954085470085,-0.0005159542124542,-0.0004797155067155
-0.0005494423687423,-0.0004733086691086,-0.000380165079365,0.0005091142857142,-8.510078144078116e-05,-0.0004255326007326,-0.0005639858363858,-0.0007664206349206,-0.0006442552625152,-0.0004954085470085,-0.0005219888888888,-0.0004827328449328
-0.0005403354822954,-0.0004702747252747,-0.0003832063492063,0.0005030536752136,-7.902175824175796e-05,-0.0004255326007326,-0.0005639858363858,-0.000760338095238,-0.0006412306227106,-0.0004954085470085,-0.0005159542124542,-0.0004827328449328
-0.0005403354822954,-0.0004702747252747,-0.0003832063492063,0.0005030536752136,-7.902175824175796e-05,-0.0004255326007326,-0.0005670344322344,-0.0007572968253968,-0.0006382059829059,-0.0004893665445665,-0.0005099195360195,-0.0004766981684981
-0.0005403354822954,-0.0004702747252747,-0.0003832063492063,0.0005030536752136,-7.902175824175796e-05,-0.0004255326007326,-0.0005670344322344,-0.0007572968253968,-0.0006351813431013,-0.0004863455433455,-0.0005069021978021,-0.0004706634920634
-0.0005433711111111,-0.0004733086691086,-0.0003832063492063,0.0005060839804639,-7.902175824175796e-05,-0.0004285721367521,-0.000570083028083,-0.000760338095238,-0.0006351813431013,-0.0004893665445665,-0.0005069021978021,-0.0004676461538461
-0.0005403354822954,-0.0004611728937728,-0.0003832063492063,0.0005000233699633,-7.902175824175796e-05,-0.000422493064713,-0.0005761802197802,-0.000760338095238,-0.0006351813431013,-0.0004893665445665,-0.0005008675213675,-0.0004676461538461
-0.0005312285958485,-0.000452071062271,-0.0003771238095238,0.0004909324542124,-7.598224664224636e-05,-0.0004133744566544,-0.0005792288156288,-0.000760338095238,-0.0006321567032967,-0.0004833245421245,-0.0004978501831501,-0.0004646288156288
-0.0005251573382173,-0.0004490371184371,-0.0003771238095238,0.0004848718437118,-7.294273504273476e-05,-0.0004133744566544,-0.0005822774114774,-0.000760338095238,-0.0006351813431013,-0.0004803035409035,-0.0004978501831501,-0.0004676461538461
-0.0005251573382173,-0.000452071062271,-0.000380165079365,0.0004879021489621,-7.294273504273476e-05,-0.0004164139926739,-0.0005822774114774,-0.0007633793650793,-0.0006351813431013,-0.0004772825396825,-0.0005008675213675,-0.0004706634920634
-0.0005372998534798,-0.0004581389499389,-0.0003771238095238,0.000496993064713,-7.902175824175796e-05,-0.0004164139926739,-0.0005792288156288,-0.0007633793650793,-0.000629132063492,-0.0004712405372405,-0.0004978501831501,-0.0004676461538461
-0.0005372998534798,-0.000455105006105,-0.0003771238095238,0.0004939627594627,-7.902175824175796e-05,-0.0004164139926739,-0.0005792288156288,-0.0007633793650793,-0.000629132063492,-0.0004712405372405,-0.0004948328449328,-0.0004616114774114
-0.0005281929670329,-0.0004460031746031,-0.0003771238095238,0.0004848718437118,-7.598224664224636e-05,-0.0004103349206349,-0.0005883746031746,-0.0007664206349206,-0.0006321567032967,-0.0004712405372405,-0.0004887981684981,-0.0004616114774114
-0.0005251573382173,-0.0004429692307692,-0.0003740825396825,0.0004818415384615,-7.598224664224636e-05,-0.0004072953846153,-0.0005944717948717,-0.0007694619047619,-0.0006351813431013,-0.0004712405372405,-0.0004887981684981,-0.0004616114774114
-0.0005281929670329,-0.0004429692307692,-0.0003740825396825,0.0004848718437118,-7.598224664224636e-05,-0.0004072953846153,-0.0005944717948717,-0.0007694619047619,-0.0006351813431013,-0.0004682195360195,-0.0004887981684981,-0.0004585941391941
-0.0005312285958485,-0.0004399352869352,-0.0003710412698412,0.0004848718437118,-7.902175824175796e-05,-0.0004042558485958,-0.0005883746031746,-0.0007664206349206,-0.0006321567032967,-0.0004682195360195,-0.0004857808302808,-0.0004555768009768
-0.0005281929670329,-0.0004429692307692,-0.0003740825396825,0.0004848718437118,-7.598224664224636e-05,-0.0004072953846153,-0.000585326007326,-0.0007633793650793,-0.0006351813431013,-0.0004712405372405,-0.0004887981684981,-0.0004555768009768
-0.0005221217094017,-0.0004429692307692,-0.000380165079365,0.0004818415384615,-6.990322344322315e-05,-0.0004103349206349,-0.0005944717948717,-0.0007664206349206,-0.0006382059829059,-0.0004742615384615,-0.0004918155067155,-0.0004555768009768
-0.0005251573382173,-0.0004460031746031,-0.000380165079365,0.0004848718437118,-7.294273504273476e-05,-0.0004133744566544,-0.0005944717948717,-0.0007725031746031,-0.0006442552625152,-0.0004742615384615,-0.0004918155067155,-0.0004585941391941
-0.0005221217094017,-0.0004460031746031,-0.0003832063492063,0.0004818415384615,-6.990322344322315e-05,-0.0004133744566544,-0.0005975203907203,-0.0007725031746031,-0.0006472799023199,-0.0004772825396825,-0.0004918155067155,-0.0004646288156288
-0.0005160504517704,-0.0004490371184371,-0.0003892888888888,0.0004818415384615,-6.382420024419996e-05,-0.0004194535286935,-0.0005975203907203,-0.0007755444444444,-0.0006472799023199,-0.0004803035409035,-0.0004948328449328,-0.0004676461538461
-0.000519086080586,-0.0004490371184371,-0.0003862476190476,0.0004818415384615,-6.686371184371155e-05,-0.0004164139926739,-0.0005944717948717,-0.0007785857142857,-0.0006472799023199,-0.0004772825396825,-0.0004918155067155,-0.0004616114774114
-0.0005221217094017,-0.000452071062271,-0.0003832063492063,0.0004848718437118,-6.990322344322315e-05,-0.0004164139926739,-0.0005944717948717,-0.0007755444444444,-0.0006442552625152,-0.0004712405372405,-0.0004887981684981,-0.0004585941391941
-0.000519086080586,-0.000452071062271,-0.0003892888888888,0.0004848718437118,-6.382420024419996e-05,-0.0004194535286935,-0.0005975203907203,-0.0007755444444444,-0.0006472799023199,-0.0004742615384615,-0.0004887981684981,-0.0004585941391941
-0.000519086080586,-0.000452071062271,-0.0003923301587301,0.0004848718437118,-6.382420024419996e-05,-0.000422493064713,-0.0005944717948717,-0.0007785857142857,-0.0006503045421245,-0.0004772825396825,-0.0004918155067155,-0.0004616114774114
-0.0005342642246642,-0.0004581389499389,-0.0003832063492063,0.0004939627594627,-7.598224664224636e-05,-0.0004194535286935,-0.0005914231990231,-0.0007816269841269,-0.0006503045421245,-0.0004772825396825,-0.0004918155067155,-0.0004585941391941
-0.0005403354822954,-0.000455105006105,-0.0003740825396825,0.000496993064713,-8.206126984126955e-05,-0.0004133744566544,-0.0005883746031746,-0.0007816269841269,-0.0006503045421245,-0.0004772825396825,-0.0004918155067155,-0.0004585941391941
-0.0005342642246642,-0.000455105006105,-0.000380165079365,0.0004939627594627,-7.598224664224636e-05,-0.0004164139926739,-0.0005914231990231,-0.0007846682539682,-0.0006563538217338,-0.0004803035409035,-0.0004948328449328,-0.0004616114774114
-0.0005281929670329,-0.0004581389499389,-0.0003862476190476,0.0004909324542124,-6.990322344322315e-05,-0.000422493064713,-0.0005944717948717,-0.0007846682539682,-0.0006624031013431,-0.0004863455433455,-0.0004978501831501,-0.0004646288156288
-0.0005281929670329,-0.0004642068376068,-0.0003953714285714,0.0004939627594627,-6.686371184371155e-05,-0.0004285721367521,-0.0005975203907203,-0.0007877095238095,-0.0006654277411477,-0.0004923875457875,-0.0005038848595848,-0.0004706634920634
-0.0005251573382173,-0.0004702747252747,-0.0003984126984126,0.000496993064713,-6.382420024419996e-05,-0.0004346512087912,-0.0006005689865689,-0.0007907507936507,-0.0006684523809523,-0.0004923875457875,-0.0005069021978021,-0.0004706634920634
-0.0005372998534798,-0.0004672407814407,-0.0003832063492063,0.0005000233699633,-7.598224664224636e-05,-0.0004255326007326,-0.0005944717948717,-0.0007846682539682,-0.0006593784615384,-0.0004863455433455,-0.0004978501831501,-0.0004646288156288
-0.0005464067399267,-0.0004611728937728,-0.0003710412698412,0.0005030536752136,-8.814029304029276e-05,-0.0004164139926739,-0.0005914231990231,-0.0007816269841269,-0.0006563538217338,-0.0004772825396825,-0.0004887981684981,-0.0004555768009768
-0.0005342642246642,-0.000455105006105,-0.0003771238095238,0.0004939627594627,-7.902175824175796e-05,-0.0004164139926739,-0.0005975203907203,-0.0007846682539682,-0.0006593784615384,-0.0004803035409035,-0.0004918155067155,-0.0004585941391941
-0.000519086080586,-0.0004581389499389,-0.0003953714285714,0.0004879021489621,-6.078468864468836e-05,-0.0004255326007326,-0.0006066661782661,-0.0007907507936507,-0.0006684523809523,-0.0004893665445665,-0.0005008675213675,-0.0004706634920634
-0.0005221217094017,-0.0004702747252747,-0.0004044952380952,0.0004939627594627,-5.774517704517676e-05,-0.0004376907448107,-0.0006097147741147,-0.0007968333333333,-0.0006745016605616,-0.0004954085470085,-0.0005069021978021,-0.0004766981684981
-0.0005069435653235,-0.0004702747252747,-0.0004166603174603,0.0004879021489621,-4.558713064713037e-05,-0.0004437698168498,-0.0006127633699633,-0.0007998746031746,-0.0006775263003663,-0.0004984295482295,-0.0005129368742368,-0.0004797155067155
-0.0005008723076923,-0.0004672407814407,-0.0004227428571428,0.0004818415384615,-3.950810744810717e-05,-0.0004437698168498,-0.0006158119658119,-0.0007998746031746,-0.0006745016605616,-0.0004954085470085,-0.0005099195360195,-0.0004797155067155
-0.0005008723076923,-0.0004642068376068,-0.0004197015873015,0.0004818415384615,-3.950810744810717e-05,-0.0004407302808302,-0.0006127633699633,-0.0007968333333333,-0.000671477020757,-0.0004923875457875,-0.0005069021978021,-0.0004736808302808
-0.0005130148229548,-0.0004702747252747,-0.000413619047619,0.0004909324542124,-4.862664224664196e-05,-0.0004407302808302,-0.0006097147741147,-0.0007968333333333,-0.000671477020757,-0.0004923875457875,-0.0005069021978021,-0.0004706634920634
-0.0005403354822954,-0.0004733086691086,-0.0003923301587301,0.0005060839804639,-7.294273504273476e-05,-0.0004316116727716,-0.0006005689865689,-0.0007968333333333,-0.0006684523809523,-0.0004923875457875,-0.0005038848595848,-0.0004676461538461
-0.0005555136263736,-0.0004793765567765,-0.0003771238095238,0.0005151748962148,-8.814029304029276e-05,-0.0004285721367521,-0.0005944717948717,-0.0007968333333333,-0.0006684523809523,-0.0004923875457875,-0.0005038848595848,-0.0004676461538461
-0.0005494423687423,-0.0004733086691086,-0.000380165079365,0.0005091142857142,-8.510078144078116e-05,-0.0004255326007326,-0.0005975203907203,-0.0007968333333333,-0.000671477020757,-0.0004923875457875,-0.0005038848595848,-0.0004646288156288
-0.0005433711111111,-0.0004702747252747,-0.0003832063492063,0.0005060839804639,-7.902175824175796e-05,-0.0004255326007326,-0.0006036175824175,-0.0007968333333333,-0.000671477020757,-0.0004923875457875,-0.0005038848595848,-0.0004676461538461
-0.0005312285958485,-0.0004702747252747,-0.0003923301587301,0.0005000233699633,-6.990322344322315e-05,-0.0004316116727716,-0.0006036175824175,-0.0007968333333333,-0.0006745016605616,-0.0004954085470085,-0.0005038848595848,-0.0004706634920634
-0.0005221217094017,-0.0004672407814407,-0.0003984126984126,0.0004939627594627,-6.078468864468836e-05,-0.0004316116727716,-0.0006005689865689,-0.0007968333333333,-0.0006745016605616,-0.0004954085470085,-0.0005099195360195,-0.0004766981684981
-0.0005251573382173,-0.0004672407814407,-0.0003953714285714,0.0004939627594627,-6.382420024419996e-05,-0.0004316116727716,-0.0006005689865689,-0.0007968333333333,-0.000671477020757,-0.0004923875457875,-0.0005069021978021,-0.0004736808302808
-0.0005281929670329,-0.0004642068376068,-0.0003892888888888,0.0004939627594627,-6.990322344322315e-05,-0.0004255326007326,-0.0006036175824175,-0.000793792063492,-0.0006684523809523,-0.0004863455433455,-0.0005038848595848,-0.0004676461538461
-0.0005342642246642,-0.0004642068376068,-0.0003862476190476,0.000496993064713,-7.294273504273476e-05,-0.0004255326007326,-0.0006036175824175,-0.0007968333333333,-0.000671477020757,-0.0004893665445665,-0.0005038848595848,-0.0004676461538461
-0.0005372998534798,-0.0004702747252747,-0.0003892888888888,0.0005030536752136,-7.294273504273476e-05,-0.0004285721367521,-0.0006066661782661,-0.0007968333333333,-0.000671477020757,-0.0004923875457875,-0.0005069021978021,-0.0004706634920634
-0.0005312285958485,-0.0004672407814407,-0.0003892888888888,0.000496993064713,-6.990322344322315e-05,-0.0004285721367521,-0.0006097147741147,-0.0007968333333333,-0.000671477020757,-0.0004923875457875,-0.0005069021978021,-0.0004736808302808
-0.0005342642246642,-0.0004672407814407,-0.0003892888888888,0.0005000233699633,-7.294273504273476e-05,-0.0004285721367521,-0.0006036175824175,-0.0007968333333333,-0.000671477020757,-0.0004923875457875,-0.0005069021978021,-0.0004736808302808
-0.0005464067399267,-0.0004733086691086,-0.0003832063492063,0.0005091142857142,-8.206126984126955e-05,-0.0004285721367521,-0.0005975203907203,-0.0007998746031746,-0.0006654277411477,-0.0004893665445665,-0.0005038848595848,-0.0004676461538461
-0.0005524779975579,-0.0004733086691086,-0.000380165079365,0.0005121445909645,-8.510078144078116e-05,-0.0004255326007326,-0.0005975203907203,-0.0007968333333333,-0.0006654277411477,-0.0004863455433455,-0.0005008675213675,-0.0004676461538461
-0.0005403354822954,-0.0004702747252747,-0.0003862476190476,0.0005030536752136,-7.598224664224636e-05,-0.0004285721367521,-0.0006005689865689,-0.0007968333333333,-0.0006654277411477,-0.0004893665445665,-0.0005038848595848,-0.0004676461538461
-0.0005281929670329,-0.0004672407814407,-0.0003953714285714,0.000496993064713,-6.686371184371155e-05,-0.0004316116727716,-0.0006066661782661,-0.0008029158730158,-0.0006684523809523,-0.0004954085470085,-0.0005099195360195,-0.0004736808302808
-0.0005221217094017,-0.0004672407814407,-0.0004014539682539,0.0004939627594627,-6.078468864468836e-05,-0.0004346512087912,-0.0006097147741147,-0.0008059571428571,-0.0006745016605616,-0.0004984295482295,-0.0005099195360195,-0.0004766981684981
-0.0005221217094017,-0.0004672407814407,-0.0004014539682539,0.0004939627594627,-6.078468864468836e-05,-0.0004346512087912,-0.0006097147741147,-0.0008059571428571,-0.000671477020757,-0.0004954085470085,-0.0005099195360195,-0.0004766981684981
-0.0005312285958485,-0.0004642068376068,-0.0003892888888888,0.000496993064713,-6.990322344322315e-05,-0.0004255326007326,-0.0006097147741147,-0.0008059571428571,-0.0006684523809523,-0.0004923875457875,-0.0005038848595848,-0.0004706634920634
-0.0005342642246642,-0.0004642068376068,-0.0003832063492063,0.000496993064713,-7.598224664224636e-05,-0.000422493064713,-0.0006066661782661,-0.0008059571428571,-0.0006684523809523,-0.0004893665445665,-0.0005008675213675,-0.0004706634920634
-0.0005312285958485,-0.0004611728937728,-0.0003862476190476,0.0004939627594627,-7.294273504273476e-05,-0.000422493064713,-0.0006036175824175,-0.0008059571428571,-0.0006684523809523,-0.0004923875457875,-0.0005008675213675,-0.0004706634920634
-0.0005312285958485,-0.0004642068376068,-0.0003892888888888,0.000496993064713,-6.990322344322315e-05,-0.0004255326007326,-0.0006036175824175,-0.0008059571428571,-0.000671477020757,-0.0004923875457875,-0.0005008675213675,-0.0004706634920634
-0.0005342642246642,-0.0004642068376068,-0.0003862476190476,0.000496993064713,-7.294273504273476e-05,-0.0004255326007326,-0.0006066661782661,-0.0008029158730158,-0.0006745016605616,-0.0004893665445665,-0.0005008675213675,-0.0004676461538461
-0.0005251573382173,-0.0004672407814407,-0.0003953714285714,0.0004939627594627,-6.382420024419996e-05,-0.0004316116727716,-0.0006127633699633,-0.0008059571428571,-0.0006745016605616,-0.0004893665445665,-0.0005008675213675,-0.0004706634920634
-0.0005281929670329,-0.0004672407814407,-0.0003953714285714,0.000496993064713,-6.686371184371155e-05,-0.0004316116727716,-0.0006097147741147,-0.0008059571428571,-0.000671477020757,-0.0004893665445665,-0.0005008675213675,-0.0004736808302808
-0.0005372998534798,-0.0004672407814407,-0.0003862476190476,0.0005000233699633,-7.598224664224636e-05,-0.0004255326007326,-0.0006036175824175,-0.0008089984126984,-0.000671477020757,-0.0004893665445665,-0.0005038848595848,-0.0004736808302808
-0.0005372998534798,-0.0004672407814407,-0.0003862476190476,0.0005000233699633,-7.598224664224636e-05,-0.0004255326007326,-0.0006005689865689,-0.0008120396825396,-0.0006745016605616,-0.0004923875457875,-0.0005038848595848,-0.0004766981684981
-0.0005312285958485,-0.0004672407814407,-0.0003892888888888,0.000496993064713,-6.990322344322315e-05,-0.0004285721367521,-0.0006036175824175,-0.0008089984126984,-0.0006745016605616,-0.0004923875457875,-0.0005038848595848,-0.0004736808302808
-0.0005281929670329,-0.0004642068376068,-0.0003892888888888,0.0004939627594627,-6.990322344322315e-05,-0.0004255326007326,-0.0006036175824175,-0.0008089984126984,-0.000671477020757,-0.0004893665445665,-0.0005038848595848,-0.0004706634920634
-0.0005433711111111,-0.0004733086691086,-0.0003862476190476,0.0005060839804639,-7.902175824175796e-05,-0.0004285721367521,-0.0005975203907203,-0.0008059571428571,-0.000671477020757,-0.0004863455433455,-0.0005038848595848,-0.0004706634920634
-0.0005403354822954,-0.0004763426129426,-0.0003892888888888,0.0005060839804639,-7.598224664224636e-05,-0.0004316116727716,-0.0005975203907203,-0.0008089984126984,-0.0006745016605616,-0.0004893665445665,-0.0005038848595848,-0.0004736808302808
-0.0005372998534798,-0.0004733086691086,-0.0003892888888888,0.0005030536752136,-7.294273504273476e-05,-0.0004316116727716,-0.0006005689865689,-0.0008089984126984,-0.0006775263003663,-0.0004923875457875,-0.0005069021978021,-0.0004736808302808
-0.0005342642246642,-0.0004702747252747,-0.0003892888888888,0.0005000233699633,-7.294273504273476e-05,-0.0004285721367521,-0.0006066661782661,-0.0008089984126984,-0.0006805509401709,-0.0004923875457875,-0.0005069021978021,-0.0004736808302808
-0.0005251573382173,-0.0004642068376068,-0.0003923301587301,0.0004939627594627,-6.686371184371155e-05,-0.0004285721367521,-0.0006158119658119,-0.0008150809523809,-0.0006835755799755,-0.0004984295482295,-0.0005099195360195,-0.0004766981684981
-0.0005251573382173,-0.0004672407814407,-0.0003923301587301,0.0004939627594627,-6.686371184371155e-05,-0.0004285721367521,-0.0006127633699633,-0.0008150809523809,-0.0006835755799755,-0.0005014505494505,-0.0005129368742368,-0.0004797155067155
-0.0005403354822954,-0.0004702747252747,-0.0003832063492063,0.0005030536752136,-7.902175824175796e-05,-0.0004255326007326,-0.0006066661782661,-0.0008120396825396,-0.0006775263003663,-0.0004923875457875,-0.0005069021978021,-0.0004797155067155
-0.0005403354822954,-0.0004702747252747,-0.0003862476190476,0.0005030536752136,-7.598224664224636e-05,-0.0004285721367521,-0.0006005689865689,-0.0008089984126984,-0.000671477020757,-0.0004893665445665,-0.0005038848595848,-0.0004766981684981
-0.0005342642246642,-0.0004733086691086,-0.0004014539682539,0.0005030536752136,-6.686371184371155e-05,-0.0004376907448107,-0.0006036175824175,-0.0008150809523809,-0.0006775263003663,-0.0004923875457875,-0.0005069021978021,-0.0004766981684981
-0.0005281929670329,-0.0004763426129426,-0.0004014539682539,0.0005000233699633,-6.382420024419996e-05,-0.0004376907448107,-0.0006097147741147,-0.0008150809523809,-0.0006775263003663,-0.0004923875457875,-0.0005069021978021,-0.0004736808302808
-0.0005281929670329,-0.0004733086691086,-0.0003984126984126,0.0005000233699633,-6.382420024419996e-05,-0.0004346512087912,-0.0006097147741147,-0.0008150809523809,-0.0006805509401709,-0.0004923875457875,-0.0005069021978021,-0.0004736808302808
-0.0005281929670329,-0.0004702747252747,-0.0003923301587301,0.000496993064713,-6.686371184371155e-05,-0.0004316116727716,-0.0006066661782661,-0.0008150809523809,-0.0006775263003663,-0.0004954085470085,-0.0005069021978021,-0.0004736808302808
-0.0005342642246642,-0.0004642068376068,-0.0003862476190476,0.000496993064713,-7.294273504273476e-05,-0.0004255326007326,-0.0006066661782661,-0.0008150809523809,-0.0006745016605616,-0.0004923875457875,-0.0005069021978021,-0.0004766981684981
-0.0005312285958485,-0.0004642068376068,-0.0003862476190476,0.000496993064713,-7.294273504273476e-05,-0.0004255326007326,-0.0006066661782661,-0.0008150809523809,-0.0006745016605616,-0.0004923875457875,-0.0005038848595848,-0.0004736808302808
-0.0005312285958485,-0.0004672407814407,-0.0003892888888888,0.000496993064713,-6.990322344322315e-05,-0.0004285721367521,-0.0006066661782661,-0.0008120396825396,-0.000671477020757,-0.0004923875457875,-0.0005038848595848,-0.0004736808302808
-0.0005342642246642,-0.0004733086691086,-0.0003923301587301,0.0005030536752136,-6.990322344322315e-05,-0.0004316116727716,-0.0006066661782661,-0.0008120396825396,-0.0006745016605616,-0.0004923875457875,-0.0005069021978021,-0.0004766981684981
-0.0005312285958485,-0.0004793765567765,-0.0004014539682539,0.0005030536752136,-6.382420024419996e-05,-0.0004407302808302,-0.0006036175824175,-0.0008120396825396,-0.0006745016605616,-0.0004923875457875,-0.0005069021978021,-0.0004766981684981
-0.0005372998534798,-0.0004763426129426,-0.0003984126984126,0.0005060839804639,-6.990322344322315e-05,-0.0004376907448107,-0.0006005689865689,-0.0008089984126984,-0.000671477020757,-0.0004923875457875,-0.0005038848595848,-0.0004736808302808
-0.0005342642246642,-0.0004733086691086,-0.0003953714285714,0.0005030536752136,-6.990322344322315e-05,-0.0004346512087912,-0.0006066661782661,-0.0008150809523809,-0.0006745016605616,-0.0004923875457875,-0.0005008675213675,-0.0004706634920634
-0.0005281929670329,-0.0004702747252747,-0.0003984126984126,0.000496993064713,-6.382420024419996e-05,-0.0004346512087912,-0.0006097147741147,-0.0008150809523809,-0.0006805509401709,-0.0004954085470085,-0.0005069021978021,-0.0004766981684981
-0.0005221217094017,-0.0004702747252747,-0.0004014539682539,0.0004939627594627,-6.078468864468836e-05,-0.0004346512087912,-0.0006127633699633,-0.0008150809523809,-0.0006835755799755,-0.0005014505494505,-0.0005129368742368,-0.0004797155067155
-0.0005281929670329,-0.0004702747252747,-0.0003953714285714,0.000496993064713,-6.686371184371155e-05,-0.0004316116727716,-0.0006066661782661,-0.0008120396825396,-0.0006835755799755,-0.0004984295482295,-0.0005099195360195,-0.0004797155067155
-0.0005433711111111,-0.0004672407814407,-0.0003771238095238,0.0005030536752136,-8.206126984126955e-05,-0.000422493064713,-0.0006005689865689,-0.0008059571428571,-0.0006775263003663,-0.0004923875457875,-0.0005038848595848,-0.0004736808302808
-0.0005464067399267,-0.0004611728937728,-0.0003710412698412,0.0005030536752136,-8.814029304029276e-05,-0.0004164139926739,-0.0006005689865689,-0.0008059571428571,-0.0006745016605616,-0.0004893665445665,-0.0005008675213675,-0.0004676461538461
-0.0005281929670329,-0.0004702747252747,-0.0003953714285714,0.000496993064713,-6.686371184371155e-05,-0.0004316116727716,-0.0006066661782661,-0.0008120396825396,-0.0006805509401709,-0.0004954085470085,-0.0005038848595848,-0.0004736808302808
-0.0005221217094017,-0.0004763426129426,-0.0004075365079365,0.000496993064713,-5.774517704517676e-05,-0.0004407302808302,-0.0006066661782661,-0.0008150809523809,-0.0006805509401709,-0.0004954085470085,-0.0005069021978021,-0.0004766981684981
-0.0005342642246642,-0.0004763426129426,-0.0003984126984126,0.0005030536752136,-6.686371184371155e-05,-0.0004376907448107,-0.0006005689865689,-0.0008089984126984,-0.0006775263003663,-0.0004954085470085,-0.0005069021978021,-0.0004736808302808
-0.0005372998534798,-0.0004793765567765,-0.0003953714285714,0.0005060839804639,-6.990322344322315e-05,-0.0004376907448107,-0.0006005689865689,-0.0008089984126984,-0.0006775263003663,-0.0004954085470085,-0.0005069021978021,-0.0004736808302808
-0.0005342642246642,-0.0004702747252747,-0.0003892888888888,0.0005000233699633,-7.294273504273476e-05,-0.0004285721367521,-0.0006005689865689,-0.0008089984126984,-0.0006775263003663,-0.0004923875457875,-0.0005038848595848,-0.0004706634920634
-0.0005281929670329,-0.0004581389499389,-0.0003862476190476,0.0004909324542124,-6.990322344322315e-05,-0.000422493064713,-0.0006036175824175,-0.0008059571428571,-0.0006775263003663,-0.0004923875457875,-0.0004978501831501,-0.0004676461538461
-0.0005251573382173,-0.0004490371184371,-0.0003832063492063,0.0004848718437118,-6.990322344322315e-05,-0.0004164139926739,-0.0006005689865689,-0.0007998746031746,-0.000671477020757,-0.0004893665445665,-0.0004978501831501,-0.0004706634920634
-0.0005281929670329,-0.0004581389499389,-0.0003892888888888,0.0004909324542124,-6.990322344322315e-05,-0.000422493064713,-0.0005975203907203,-0.0007998746031746,-0.0006684523809523,-0.0004893665445665,-0.0005008675213675,-0.0004736808302808
-0.0005251573382173,-0.0004611728937728,-0.0003923301587301,0.0004909324542124,-6.686371184371155e-05,-0.0004255326007326,-0.0005914231990231,-0.000793792063492,-0.0006684523809523,-0.0004863455433455,-0.0004978501831501,-0.0004706634920634
-0.0005130148229548,-0.0004581389499389,-0.0003984126984126,0.0004848718437118,-5.774517704517676e-05,-0.0004285721367521,-0.0005792288156288,-0.0007846682539682,-0.0006593784615384,-0.0004803035409035,-0.0004948328449328,-0.0004676461538461
-0.0005130148229548,-0.000455105006105,-0.0003984126984126,0.0004818415384615,-5.774517704517676e-05,-0.0004255326007326,-0.0005761802197802,-0.0007755444444444,-0.0006533291819291,-0.0004742615384615,-0.0004918155067155,-0.0004676461538461
-0.0005039079365079,-0.0004460031746031,-0.0003953714285714,0.0004727506227106,-5.470566544566516e-05,-0.0004194535286935,-0.0005761802197802,-0.0007694619047619,-0.0006503045421245,-0.0004712405372405,-0.0004857808302808,-0.0004646288156288
-0.000494801050061,-0.0004277995115995,-0.0003892888888888,0.0004606294017094,-5.166615384615356e-05,-0.0004072953846153,-0.0005761802197802,-0.000760338095238,-0.0006412306227106,-0.0004621775335775,-0.0004827634920634,-0.0004555768009768
-0.0004856941636141,-0.0004065619047619,-0.000380165079365,0.0004454778754578,-5.166615384615356e-05,-0.0003920977045177,-0.0005670344322344,-0.0007451317460317,-0.0006321567032967,-0.0004531145299145,-0.0004737114774114,-0.0004465247863247
-0.0004765872771672,-0.0004035279609279,-0.000380165079365,0.0004394172649572,-4.862664224664196e-05,-0.0003920977045177,-0.0005670344322344,-0.0007390492063492,-0.000629132063492,-0.0004531145299145,-0.0004676768009768,-0.0004435074481074
-0.0004796229059829,-0.0004186976800976,-0.0003923301587301,0.0004485081807081,-4.254761904761877e-05,-0.0004042558485958,-0.0005761802197802,-0.0007512142857142,-0.0006412306227106,-0.0004621775335775,-0.0004767288156288,-0.0004525594627594
-0.0004887297924297,-0.0004369013431013,-0.0004075365079365,0.0004606294017094,-3.950810744810717e-05,-0.000422493064713,-0.0005914231990231,-0.0007633793650793,-0.0006593784615384,-0.0004742615384615,-0.0004887981684981,-0.0004646288156288
-0.0005039079365079,-0.000455105006105,-0.000413619047619,0.0004788112332112,-4.558713064713037e-05,-0.0004346512087912,-0.0005822774114774,-0.0007664206349206,-0.0006684523809523,-0.0004833245421245,-0.0005008675213675,-0.0004736808302808
-0.0005069435653235,-0.0004642068376068,-0.000413619047619,0.0004848718437118,-4.558713064713037e-05,-0.0004376907448107,-0.0005822774114774,-0.0007664206349206,-0.0006684523809523,-0.0004833245421245,-0.0005008675213675,-0.0004766981684981
-0.0004978366788766,-0.000452071062271,-0.0004075365079365,0.0004727506227106,-4.558713064713037e-05,-0.0004285721367521,-0.0006036175824175,-0.0007816269841269,-0.0006654277411477,-0.0004803035409035,-0.0004948328449328,-0.0004676461538461
-0.0005008723076923,-0.0004490371184371,-0.0004044952380952,0.0004727506227106,-4.862664224664196e-05,-0.0004255326007326,-0.0006249577533577,-0.0008029158730158,-0.0006775263003663,-0.0004803035409035,-0.0004918155067155,-0.0004616114774114
-0.0005008723076923,-0.0004642068376068,-0.0004197015873015,0.0004818415384615,-3.950810744810717e-05,-0.0004407302808302,-0.0006341035409035,-0.0008150809523809,-0.0006896248595848,-0.0004923875457875,-0.0005008675213675,-0.0004706634920634
-0.0004978366788766,-0.0004702747252747,-0.0004257841269841,0.0004818415384615,-3.6468595848595565e-05,-0.0004468093528693,-0.0006341035409035,-0.0008150809523809,-0.0006926494993894,-0.0004984295482295,-0.0005069021978021,-0.0004766981684981
-0.0005069435653235,-0.0004702747252747,-0.0004166603174603,0.0004879021489621,-4.558713064713037e-05,-0.0004437698168498,-0.0006310549450549,-0.0008120396825396,-0.0006956741391941,-0.0004984295482295,-0.0005038848595848,-0.0004706634920634
-0.0005069435653235,-0.0004702747252747,-0.0004197015873015,0.0004879021489621,-4.254761904761877e-05,-0.0004437698168498,-0.0006371521367521,-0.0008150809523809,-0.0006986987789987,-0.0005014505494505,-0.0005069021978021,-0.0004736808302808
-0.0005099791941391,-0.0004763426129426,-0.0004227428571428,0.0004909324542124,-4.254761904761877e-05,-0.0004498488888888,-0.0006402007326007,-0.0008211634920634,-0.000704748058608,-0.0005074925518925,-0.0005099195360195,-0.0004766981684981
-0.0005312285958485,-0.0004854444444444,-0.0004105777777777,0.0005060839804639,-6.078468864468836e-05,-0.0004468093528693,-0.0006371521367521,-0.0008302873015873,-0.0007107973382173,-0.0005105135531135,-0.0005159542124542,-0.0004827328449328
-0.0005403354822954,-0.0004915123321123,-0.0004105777777777,0.0005151748962148,-6.382420024419996e-05,-0.0004498488888888,-0.0006310549450549,-0.0008363698412698,-0.0007138219780219,-0.0005195765567765,-0.0005219888888888,-0.0004887675213675
-0.0005524779975579,-0.0004915123321123,-0.0003984126984126,0.0005212355067155,-7.598224664224636e-05,-0.0004437698168498,-0.0006249577533577,-0.0008394111111111,-0.0007138219780219,-0.0005195765567765,-0.0005250062271062,-0.0004917848595848
-0.0005555136263736,-0.0004884783882783,-0.0003892888888888,0.0005212355067155,-8.206126984126955e-05,-0.0004376907448107,-0.0006219091575091,-0.0008394111111111,-0.0007107973382173,-0.0005135345543345,-0.0005219888888888,-0.0004917848595848
-0.0005555136263736,-0.0004975802197802,-0.0004014539682539,0.0005242658119658,-7.598224664224636e-05,-0.0004498488888888,-0.0006249577533577,-0.0008424523809523,-0.0007107973382173,-0.0005165555555555,-0.0005250062271062,-0.0004948021978021
-0.0005524779975579,-0.0005097159951159,-0.0004166603174603,0.0005303264224664,-6.686371184371155e-05,-0.000462007032967,-0.0006249577533577,-0.0008394111111111,-0.0007107973382173,-0.0005165555555555,-0.0005280235653235,-0.0004978195360195
-0.0005494423687423,-0.0005127499389499,-0.0004166603174603,0.0005303264224664,-6.686371184371155e-05,-0.0004650465689865,-0.0006249577533577,-0.0008363698412698,-0.0007107973382173,-0.0005165555555555,-0.0005250062271062,-0.0004948021978021
-0.0005585492551892,-0.0005036481074481,-0.0004014539682539,0.0005303264224664,-7.902175824175796e-05,-0.0004528884249084,-0.0006219091575091,-0.0008363698412698,-0.0007077726984126,-0.0005135345543345,-0.0005159542124542,-0.0004887675213675
-0.0005555136263736,-0.0004945462759462,-0.0003953714285714,0.0005242658119658,-7.902175824175796e-05,-0.0004437698168498,-0.0006249577533577,-0.0008333285714285,-0.0007017234188034,-0.0005074925518925,-0.0005099195360195,-0.0004797155067155
-0.0005555136263736,-0.0004915123321123,-0.0003923301587301,0.0005212355067155,-8.206126984126955e-05,-0.0004407302808302,-0.0006280063492063,-0.0008363698412698,-0.000704748058608,-0.0005044715506715,-0.0005129368742368,-0.0004827328449328
-0.0005555136263736,-0.0004945462759462,-0.0003953714285714,0.0005242658119658,-7.902175824175796e-05,-0.0004437698168498,-0.0006280063492063,-0.0008363698412698,-0.000704748058608,-0.0005105135531135,-0.0005189715506715,-0.0004887675213675
-0.0005524779975579,-0.0004915123321123,-0.0003892888888888,0.0005212355067155,-8.206126984126955e-05,-0.0004407302808302,-0.0006280063492063,-0.0008333285714285,-0.0007017234188034,-0.0005074925518925,-0.0005189715506715,-0.0004917848595848
-0.0005615848840048,-0.0004793765567765,-0.0003740825396825,0.0005182052014652,-9.421931623931596e-05,-0.0004255326007326,-0.0006249577533577,-0.0008302873015873,-0.0006926494993894,-0.0004954085470085,-0.0005099195360195,-0.0004827328449328
-0.0005585492551892,-0.0004733086691086,-0.0003710412698412,0.0005151748962148,-9.421931623931596e-05,-0.000422493064713,-0.0006249577533577,-0.0008302873015873,-0.0006926494993894,-0.0004923875457875,-0.0005038848595848,-0.0004766981684981
-0.0005585492551892,-0.0004763426129426,-0.0003740825396825,0.0005151748962148,-9.117980463980436e-05,-0.0004255326007326,-0.0006310549450549,-0.0008242047619047,-0.0006896248595848,-0.0004923875457875,-0.0005069021978021,-0.0004797155067155
-0.0005585492551892,-0.0004702747252747,-0.0003679999999999,0.0005121445909645,-9.421931623931596e-05,-0.0004194535286935,-0.0006249577533577,-0.000793792063492,-0.0006533291819291,-0.0004833245421245,-0.0005069021978021,-0.0004948021978021
-0.0005615848840048,-0.0004186976800976,-0.0003102158730158,0.0004879021489621,-0.0001246144322344,-0.0003647418803418,-0.0006127633699633,-0.000748173015873,-0.0005837624664224,-0.0004470725274725,-0.0004978501831501,-0.0004978195360195
-0.0005403354822954,-0.000288238095238,-0.0002068126984126,0.0004121445177045,-0.0001671675946275,-0.0002461999755799,-0.0006219091575091,-0.0006630174603174,-0.0004688261538461,-0.0003564424908424,-0.0004375034188034,-0.0004585941391941
-0.0004523022466422,-9.70996336996335e-05,-0.0001064507936507,0.0002727504761904,-0.0001732466178266,-0.0001003022466422,-0.0006706866910866,-0.0005322428571428,-0.0002903724053724,-0.0001812244200244,-0.0003017231990231,-0.0003710913308913
-0.0003126633211233,0.0001486498168498,-6.3492063491139555e-09,8.184124542124545e-05,-0.0001550095482295,7.295130647130644e-05,-0.0007712903540903,-0.000489665079365,-9.377081807081816e-05,7.253968253968202e-05,-9.050952380952396e-05,-0.0002141897435897
-0.0001548106227106,0.0005005873015873,0.0001946349206349,-0.0001727043956043,-0.0001732466178266,0.0003465095482295,-0.0009877406593406,-0.0007177603174603,6.351045177045169e-05,0.0003776608058608,0.0002202763125763,5.737069597069536e-05
9.113333333333055e-06,0.0008494908424908,0.0003771111111111,-0.00042725003663,-0.0001823651526251,0.0006139887179487,-0.0013108918192918,-0.0011009603174603,9.678148962148952e-05,0.0006706979242979,0.0005582181929181,0.0003741912087912
0.000142681001221,0.0011134439560439,0.0005048444444444,-0.0006272501831501,-0.0001793256410256,0.000808519023199,-0.0016614803418803,-0.0014902428571428,6.042295482295402e-06,0.000873105006105,0.0008327959706959,0.000666873015873
0.0001973223199023,0.0011498512820512,0.0004865968253968,-0.0006727047619047,-0.0001428515018315,0.0008176376312576,-0.0018931736263736,-0.0017426682539682,-0.0001875346520146,0.0008247689865689,0.0008901253968253,0.0008056705738705
8.196842490842463e-05,0.0006795899877899,0.0001368507936507,-0.0003787651526251,-2.735006105006077e-05,0.0004073002686202,-0.0018261045177045,-0.0018491126984126,-0.0005867871062271,0.0003444297924297,0.0005340794871794,0.0006125609279609
-0.0001973094261294,0.0001031406593406,-0.0001581523809523,4.547758241758245e-05,-1.823152625152597e-05,-2.7353382173382205e-05,-0.0015944112332112,-0.0020011761904761,-0.0010556062759462,-0.0002386234432234,8.147875457875442e-05,0.0003138444444444
-0.0004310528449328,-0.0001577785103785,-0.0001794412698412,0.0002939626129426,-0.0001246144322344,-0.000167172039072,-0.001399301098901,-0.0021106619047619,-0.0013338731379731,-0.0005799965811965,-0.000184047008547,0.0001297868131868
-0.0005494423687423,-0.000342849084249,-0.0002463492063492,0.0004454778754578,-0.00015197003663,-0.0002948325518925,-0.0012407741147741,-0.0019464333333333,-0.0013520209768009,-0.0007098996336996,-0.0003560352869352,-4.521880341880401e-05
-0.0005828342857142,-0.0004399352869352,-0.0003102158730158,0.0005091142857142,-0.0001367724786324,-0.0003738604884004,-0.001127976068376,-0.0016879253968253,-0.0012219614652014,-0.0006947946275946,-0.000434486080586,-0.0001870336996337
-0.0005797986568986,-0.0004672407814407,-0.0003406285714285,0.0005212355067155,-0.0001185354090354,-0.0004042558485958,-0.0010212752136752,-0.0014446238095238,-0.0010767787545787,-0.0006434376068376,-0.0004646594627594,-0.0002775538461538
-0.000576763028083,-0.0004763426129426,-0.0003527936507936,0.0005242658119658,-0.0001124563858363,-0.0004133744566544,-0.0008749426129426,-0.0012165285714285,-0.0009497438827838,-0.0005890595848595,-0.0004827634920634,-0.0003439352869352
-0.0005646205128205,-0.0004642068376068,-0.0003558349206349,0.0005121445909645,-0.0001033378510378,-0.0004103349206349,-0.0007408043956043,-0.0010097222222222,-0.0008348075702075,-0.0005377025641025,-0.0004857808302808,-0.0003891953601953
-0.0005372998534798,-0.0004247655677655,-0.0003406285714285,0.0004788112332112,-9.725882783882755e-05,-0.000382979096459,-0.0006523951159951,-0.0008606999999999,-0.000738019096459,-0.0004893665445665,-0.0004676768009768,-0.000404282051282
-0.0005160504517704,-0.00039746007326,-0.0003315047619047,0.0004545687912087,-9.117980463980436e-05,-0.0003647418803418,-0.0006188605616605,-0.0007877095238095,-0.0006805509401709,-0.0004651985347985,-0.0004556074481074,-0.0004072993894993
-0.0005221217094017,-0.00039746007326,-0.000334546031746,0.000457599096459,-9.421931623931596e-05,-0.0003647418803418,-0.0006036175824175,-0.0007633793650793,-0.0006624031013431,-0.0004621775335775,-0.0004646594627594,-0.000422386080586
-0.0005342642246642,-0.0004156637362637,-0.0003406285714285,0.0004727506227106,-9.725882783882755e-05,-0.00037690002442,-0.0005883746031746,-0.000748173015873,-0.0006593784615384,-0.0004682195360195,-0.0004797461538461,-0.0004344554334554
-0.0005372998534798,-0.0004277995115995,-0.0003467111111111,0.0004818415384615,-9.421931623931596e-05,-0.0003860186324786,-0.0005731316239316,-0.0007299253968253,-0.0006533291819291,-0.0004712405372405,-0.0004827634920634,-0.0004465247863247
-0.0005342642246642,-0.0004308334554334,-0.0003558349206349,0.0004818415384615,-8.814029304029276e-05,-0.0003920977045177,-0.0005670344322344,-0.0007208015873015,-0.0006472799023199,-0.0004742615384615,-0.0004887981684981,-0.0004555768009768
-0.0005281929670329,-0.0004308334554334,-0.0003588761904761,0.0004788112332112,-8.510078144078116e-05,-0.0003951372405372,-0.0005670344322344,-0.0007116777777777,-0.0006442552625152,-0.0004772825396825,-0.0004948328449328,-0.0004616114774114
-0.0005221217094017,-0.0004277995115995,-0.0003619174603174,0.0004727506227106,-7.902175824175796e-05,-0.0003951372405372,-0.0005670344322344,-0.0006995126984126,-0.0006382059829059,-0.0004772825396825,-0.0004978501831501,-0.0004646288156288
-0.0005251573382173,-0.0004247655677655,-0.0003558349206349,0.0004727506227106,-8.510078144078116e-05,-0.0003890581684981,-0.0005639858363858,-0.0006934301587301,-0.0006321567032967,-0.0004712405372405,-0.0004948328449328,-0.0004676461538461
-0.0005372998534798,-0.0004247655677655,-0.0003467111111111,0.0004788112332112,-9.421931623931596e-05,-0.0003860186324786,-0.0005578886446886,-0.0006903888888888,-0.0006261074236874,-0.0004651985347985,-0.0004918155067155,-0.0004646288156288
-0.0005312285958485,-0.0004217316239316,-0.0003467111111111,0.0004757809279609,-9.117980463980436e-05,-0.000382979096459,-0.00055484004884,-0.000681265079365,-0.0006170335042735,-0.0004621775335775,-0.0004887981684981,-0.0004616114774114
-0.0005281929670329,-0.0004156637362637,-0.0003436698412698,0.0004697203174603,-9.117980463980436e-05,-0.0003799395604395,-0.00055484004884,-0.0006751825396825,-0.0006140088644688,-0.0004591565323565,-0.0004827634920634,-0.0004585941391941
-0.0005281929670329,-0.0004156637362637,-0.0003406285714285,0.0004697203174603,-9.421931623931596e-05,-0.00037690002442,-0.00055484004884,-0.0006721412698412,-0.0006140088644688,-0.0004591565323565,-0.0004827634920634,-0.0004616114774114
-0.0005281929670329,-0.0004186976800976,-0.0003436698412698,0.0004727506227106,-9.117980463980436e-05,-0.0003799395604395,-0.0005517914529914,-0.0006630174603174,-0.0006079595848595,-0.0004561355311355,-0.0004827634920634,-0.0004616114774114
-0.0005221217094017,-0.0004217316239316,-0.0003527936507936,0.0004697203174603,-8.510078144078116e-05,-0.0003860186324786,-0.0005456942612942,-0.0006599761904761,-0.0006049349450549,-0.0004561355311355,-0.0004857808302808,-0.0004616114774114
-0.0005251573382173,-0.0004247655677655,-0.0003558349206349,0.0004727506227106,-8.510078144078116e-05,-0.0003890581684981,-0.0005456942612942,-0.0006569349206349,-0.0006079595848595,-0.0004591565323565,-0.0004857808302808,-0.0004616114774114
-0.0005312285958485,-0.0004217316239316,-0.0003436698412698,0.0004757809279609,-9.421931623931596e-05,-0.000382979096459,-0.0005456942612942,-0.0006538936507936,-0.0006019103052503,-0.0004561355311355,-0.0004827634920634,-0.0004616114774114
-0.0005160504517704,-0.0004095958485958,-0.0003497523809523,0.0004606294017094,-8.206126984126955e-05,-0.0003799395604395,-0.0005517914529914,-0.0006478111111111,-0.0005988856654456,-0.0004591565323565,-0.0004887981684981,-0.0004676461538461
-0.0005130148229548,-0.0004156637362637,-0.0003619174603174,0.0004636597069597,-7.598224664224636e-05,-0.0003890581684981,-0.0005487428571428,-0.0006447698412698,-0.0005988856654456,-0.0004651985347985,-0.0004948328449328,-0.0004736808302808
-0.0005221217094017,-0.0004186976800976,-0.0003558349206349,0.0004697203174603,-8.206126984126955e-05,-0.0003860186324786,-0.0005426456654456,-0.000635646031746,-0.0005928363858363,-0.0004591565323565,-0.0004887981684981,-0.0004706634920634
-0.000519086080586,-0.0004156637362637,-0.0003527936507936,0.00046669001221,-8.206126984126955e-05,-0.000382979096459,-0.000539597069597,-0.0006295634920634,-0.0005867871062271,-0.0004531145299145,-0.0004857808302808,-0.0004646288156288
-0.000519086080586,-0.0004095958485958,-0.0003527936507936,0.0004636597069597,-8.206126984126955e-05,-0.0003799395604395,-0.000539597069597,-0.0006204396825396,-0.0005807378266178,-0.0004470725274725,-0.0004827634920634,-0.0004616114774114
-0.0005130148229548,-0.0004095958485958,-0.0003527936507936,0.0004606294017094,-7.902175824175796e-05,-0.0003799395604395,-0.0005426456654456,-0.0006143571428571,-0.0005777131868131,-0.0004440515262515,-0.0004767288156288,-0.0004585941391941
-0.0005130148229548,-0.0004156637362637,-0.0003588761904761,0.0004636597069597,-7.598224664224636e-05,-0.0003860186324786,-0.0005426456654456,-0.0006082746031746,-0.0005746885470085,-0.0004470725274725,-0.0004797461538461,-0.0004646288156288
-0.0005099791941391,-0.0004126297924297,-0.0003588761904761,0.0004606294017094,-7.598224664224636e-05,-0.0003860186324786,-0.000539597069597,-0.0006052333333333,-0.0005716639072039,-0.0004470725274725,-0.0004797461538461,-0.0004676461538461
-0.0005069435653235,-0.0004035279609279,-0.0003527936507936,0.0004545687912087,-7.598224664224636e-05,-0.00037690002442,-0.000539597069597,-0.0005961095238095,-0.0005656146275946,-0.0004440515262515,-0.0004827634920634,-0.0004646288156288
-0.0005099791941391,-0.0004035279609279,-0.0003497523809523,0.0004545687912087,-7.902175824175796e-05,-0.00037690002442,-0.000539597069597,-0.0005869857142857,-0.0005595653479853,-0.0004410305250305,-0.0004797461538461,-0.0004646288156288
-0.0005130148229548,-0.0004065619047619,-0.0003497523809523,0.000457599096459,-8.206126984126955e-05,-0.00037690002442,-0.0005365484737484,-0.0005809031746031,-0.0005625899877899,-0.0004440515262515,-0.0004827634920634,-0.0004676461538461
-0.0005130148229548,-0.0004035279609279,-0.0003497523809523,0.000457599096459,-8.206126984126955e-05,-0.00037690002442,-0.0005334998778998,-0.0005748206349206,-0.0005625899877899,-0.0004470725274725,-0.0004857808302808,-0.0004736808302808
-0.0005099791941391,-0.00039746007326,-0.0003436698412698,0.0004515384859584,-8.206126984126955e-05,-0.0003708209523809,-0.0005274026862026,-0.0005656968253968,-0.0005625899877899,-0.0004500935286935,-0.0004887981684981,-0.0004766981684981
-0.0005130148229548,-0.000400494017094,-0.0003436698412698,0.0004545687912087,-8.510078144078116e-05,-0.0003708209523809,-0.0005304512820512,-0.0005596142857142,-0.0005595653479853,-0.0004470725274725,-0.0004918155067155,-0.0004797155067155
-0.0005099791941391,-0.0004095958485958,-0.0003588761904761,0.000457599096459,-7.598224664224636e-05,-0.000382979096459,-0.0005304512820512,-0.0005474492063492,-0.0005504914285714,-0.0004440515262515,-0.0004918155067155,-0.0004797155067155
-0.0005069435653235,-0.0004126297924297,-0.0003619174603174,0.000457599096459,-7.294273504273476e-05,-0.0003860186324786,-0.000524354090354,-0.0005322428571428,-0.0005383928693528,-0.0004349885225885,-0.0004827634920634,-0.0004736808302808
-0.0005008723076923,-0.0004065619047619,-0.0003619174603174,0.0004515384859584,-6.990322344322315e-05,-0.000382979096459,-0.0005182568986568,-0.0005170365079365,-0.0005323435897435,-0.0004289465201465,-0.0004767288156288,-0.0004646288156288
-0.000494801050061,-0.000400494017094,-0.0003619174603174,0.0004454778754578,-6.686371184371155e-05,-0.0003799395604395,-0.0005152083028083,-0.0005079126984126,-0.0005293189499389,-0.0004289465201465,-0.0004737114774114,-0.0004616114774114
-0.0005069435653235,-0.000400494017094,-0.0003527936507936,0.0004515384859584,-7.598224664224636e-05,-0.00037690002442,-0.0005152083028083,-0.0004987888888888,-0.0005293189499389,-0.0004259255189255,-0.0004737114774114,-0.0004646288156288
-0.0005160504517704,-0.000400494017094,-0.0003406285714285,0.000457599096459,-8.814029304029276e-05,-0.0003708209523809,-0.0005152083028083,-0.0004866238095238,-0.0005262943101343,-0.0004289465201465,-0.0004767288156288,-0.0004676461538461
-0.0005039079365079,-0.0003853242979242,-0.0003375873015873,0.0004424475702075,-8.206126984126955e-05,-0.0003617023443223,-0.0005152083028083,-0.0004714174603174,-0.0005172203907203,-0.0004259255189255,-0.0004767288156288,-0.0004646288156288
-0.0004856941636141,-0.0003762224664224,-0.0003467111111111,0.0004303263492063,-6.990322344322315e-05,-0.0003617023443223,-0.0005121597069597,-0.0004531698412698,-0.0005111711111111,-0.0004229045177045,-0.0004767288156288,-0.0004646288156288
-0.0004978366788766,-0.0003792564102564,-0.0003406285714285,0.0004363869597069,-7.902175824175796e-05,-0.0003586628083028,-0.0005030139194139,-0.0004349222222222,-0.0004990725518925,-0.0004138415140415,-0.0004706941391941,-0.0004646288156288
-0.0005099791941391,-0.0003853242979242,-0.0003284634920634,0.0004454778754578,-9.117980463980436e-05,-0.0003556232722832,-0.0004969167277167,-0.0004166746031746,-0.0004930232722832,-0.0004077995115995,-0.0004646594627594,-0.0004646288156288
-0.0005069435653235,-0.0003853242979242,-0.000334546031746,0.0004454778754578,-8.510078144078116e-05,-0.0003586628083028,-0.0004999653235653,-0.0004014682539682,-0.0004869739926739,-0.0004047785103785,-0.0004646594627594,-0.0004616114774114
-0.0004887297924297,-0.0003762224664224,-0.0003406285714285,0.0004303263492063,-7.294273504273476e-05,-0.0003586628083028,-0.0004969167277167,-0.0003801793650793,-0.00047790007326,-0.0004017575091575,-0.0004586247863247,-0.0004555768009768
-0.0004856941636141,-0.0003610527472527,-0.000334546031746,0.0004212354334554,-7.598224664224636e-05,-0.0003465046642246,-0.0004877709401709,-0.0003558492063492,-0.0004658015140415,-0.0003926945054945,-0.0004495727716727,-0.0004495421245421
-0.0004765872771672,-0.0003489169719169,-0.0003284634920634,0.0004121445177045,-7.294273504273476e-05,-0.000337386056166,-0.0004786251526251,-0.0003284777777777,-0.0004567275946275,-0.0003866525030525,-0.0004465554334554,-0.0004465247863247
-0.0004644447619047,-0.0003367811965811,-0.0003284634920634,0.0004000232967032,-6.686371184371155e-05,-0.0003313069841269,-0.0004725279609279,-0.000298065079365,-0.000444629035409,-0.0003806105006105,-0.000443538095238,-0.0004435074481074
-0.0004523022466422,-0.0003276793650793,-0.0003315047619047,0.000387902075702,-6.078468864468836e-05,-0.0003282674481074,-0.0004725279609279,-0.0002767761904761,-0.0004325304761904,-0.0003745684981684,-0.0004375034188034,-0.0004374727716727
-0.0004583735042735,-0.0003337472527472,-0.0003254222222222,0.0003939626862026,-6.686371184371155e-05,-0.0003282674481074,-0.0004725279609279,-0.0002554873015873,-0.0004264811965811,-0.0003715474969474,-0.000434486080586,-0.0004344554334554
-0.0004735516483516,-0.0003367811965811,-0.0003132571428571,0.0004030536019536,-7.902175824175796e-05,-0.0003252279120879,-0.0004633821733821,-0.0002281158730158,-0.0004143826373626,-0.0003624844932844,-0.0004284514041514,-0.0004284207570207
-0.0004644447619047,-0.0003216114774114,-0.0003071746031746,0.0003909323809523,-7.902175824175796e-05,-0.0003130697680097,-0.0004572849816849,-0.0002037857142857,-0.0004053087179487,-0.0003564424908424,-0.0004193993894993,-0.000422386080586
-0.0004462309890109,-0.0002973399267399,-0.000301092063492,0.0003697202442002,-7.294273504273476e-05,-0.000297872087912,-0.0004572849816849,-0.0001824968253968,-0.0003962347985347,-0.0003504004884004,-0.0004103473748473,-0.0004103167277167
-0.0004371241025641,-0.0002761023199023,-0.0002919682539682,0.0003545687179487,-7.294273504273476e-05,-0.0002826744078144,-0.0004572849816849,-0.0001581666666666,-0.0003871608791208,-0.0003413374847374,-0.0004012953601953,-0.0003982473748473
-0.0004280172161172,-0.0002518307692307,-0.0002828444444444,0.0003394171916971,-7.294273504273476e-05,-0.0002674767277167,-0.0004572849816849,-0.000139919047619,-0.0003750623199023,-0.0003322744810744,-0.000389226007326,-0.000386178021978
-0.0004189103296703,-0.0002396949938949,-0.0002767619047619,0.0003272959706959,-6.990322344322315e-05,-0.0002583581196581,-0.0004572849816849,-0.0001247126984126,-0.0003659884004884,-0.0003232114774114,-0.0003771566544566,-0.000377126007326
-0.0004219459584859,-0.000236661050061,-0.000267638095238,0.0003272959706959,-7.598224664224636e-05,-0.000252279047619,-0.0004572849816849,-0.0001186301587301,-0.0003599391208791,-0.0003232114774114,-0.0003771566544566,-0.0003710913308913
-0.0004280172161172,-0.0002214913308913,-0.0002493904761904,0.0003242656654456,-8.814029304029276e-05,-0.0002340418315018,-0.0004542363858363,-0.0001095063492063,-0.0003538898412698,-0.0003141484737484,-0.0003681046398046,-0.0003590219780219
-0.0004249815873015,-0.0002002537240537,-0.0002341841269841,0.0003121444444444,-9.421931623931596e-05,-0.0002158046153846,-0.0004542363858363,-0.0001003825396825,-0.0003448159218559,-0.0003020644688644,-0.0003530179487179,-0.0003409179487179
-0.000412839072039,-0.000185084004884,-0.0002311428571428,0.0002969929181929,-9.117980463980436e-05,-0.000206686007326,-0.0004603335775335,-9.734126984126952e-05,-0.0003448159218559,-0.0002990434676434,-0.0003439659340659,-0.0003288485958485
-0.0004006965567765,-0.0001638463980463,-0.0002250603174603,0.0002818413919413,-8.814029304029276e-05,-0.0001945278632478,-0.0004664307692307,-0.000106465079365,-0.0003448159218559,-0.0002960224664224,-0.0003318965811965,-0.0003167792429792
-0.0004037321855921,-0.0001517106227106,-0.0002068126984126,0.0002757807814407,-9.725882783882755e-05,-0.0001793301831501,-0.0004725279609279,-0.0001247126984126,-0.0003478405616605,-0.0002960224664224,-0.0003258619047619,-0.0003077272283272
-0.0004037321855921,-0.0001365409035409,-0.0001946476190476,0.0002697201709401,-0.0001033378510378,-0.0001641325030525,-0.0004816737484737,-0.0001490428571428,-0.0003569144810744,-0.0002990434676434,-0.0003228445665445,-0.0003016925518925
-0.0004006965567765,-0.0001244051282051,-0.000188565079365,0.0002606292551892,-0.0001063773626373,-0.0001550138949938,-0.0004908195360195,-0.0001703317460317,-0.0003599391208791,-0.0002930014652014,-0.0003168098901098,-0.0002866058608058
-0.0004037321855921,-0.0001213711843711,-0.0001794412698412,0.0002606292551892,-0.0001124563858363,-0.0001489348229548,-0.0004999653235653,-0.0002037857142857,-0.0003629637606837,-0.0002899804639804,-0.0003077578754578,-0.0002745365079365
-0.0004067678144078,-0.0001244051282051,-0.0001763999999999,0.0002636595604395,-0.0001154958974358,-0.0001489348229548,-0.0005091111111111,-0.0002433222222222,-0.0003720376800976,-0.0002960224664224,-0.0003077578754578,-0.0002715191697191
-0.0004158747008547,-0.0001335069597069,-0.0001733587301587,0.0002727504761904,-0.0001215749206349,-0.0001519743589743,-0.0005152083028083,-0.0002889412698412,-0.0003871608791208,-0.0002960224664224,-0.0003047405372405,-0.0002624671550671
-0.0004249815873015,-0.0001395748473748,-0.0001763999999999,0.0002818413919413,-0.0001246144322344,-0.0001580534310134,-0.0005304512820512,-0.0003345603174603,-0.0003992594383394,-0.0002990434676434,-0.0003017231990231,-0.0002594498168498
-0.0004280172161172,-0.0001517106227106,-0.0001824825396825,0.000287902002442,-0.0001215749206349,-0.000167172039072,-0.0005456942612942,-0.0003862619047619,-0.0004174072771672,-0.0003050854700854,-0.0003077578754578,-0.0002594498168498
-0.0004310528449328,-0.0001638463980463,-0.0001946476190476,0.0002969929181929,-0.0001185354090354,-0.0001793301831501,-0.0005609372405372,-0.0004349222222222,-0.0004355551159951,-0.0003201904761904,-0.0003107752136752,-0.0002654844932844
-0.0004340884737484,-0.00018205006105,-0.0002037714285714,0.0003060838339438,-0.0001154958974358,-0.0001914883272283,-0.0005731316239316,-0.0004835825396825,-0.0004597522344322,-0.0003352954822954,-0.0003258619047619,-0.0002775538461538
-0.0004401597313797,-0.0002002537240537,-0.0002098539682539,0.000318205054945,-0.0001154958974358,-0.0002036464713064,-0.0005822774114774,-0.0005352841269841,-0.0004839493528693,-0.0003534214896214,-0.0003409485958485,-0.0002956578754578
-0.0004462309890109,-0.0002154234432234,-0.000222019047619,0.0003303262759462,-0.0001124563858363,-0.0002188441514041,-0.0005883746031746,-0.0005748206349206,-0.0005020971916971,-0.0003655054945054,-0.0003530179487179,-0.0003107445665445
-0.0004644447619047,-0.0002336271062271,-0.0002281015873015,0.0003485081074481,-0.0001185354090354,-0.0002310022954822,-0.0005822774114774,-0.000602192063492,-0.0005111711111111,-0.0003715474969474,-0.0003620699633699,-0.0003228139194139
-0.0004826585347985,-0.0002670004884004,-0.0002402666666666,0.0003727505494505,-0.0001215749206349,-0.000252279047619,-0.0005761802197802,-0.0006265222222222,-0.0005232696703296,-0.0003806105006105,-0.0003741393162393,-0.0003409179487179
-0.0004856941636141,-0.0003034078144078,-0.0002737206349206,0.0003939626862026,-0.0001063773626373,-0.0002887534798534,-0.0005822774114774,-0.0006599761904761,-0.0005444421489621,-0.0004017575091575,-0.000398278021978,-0.0003680739926739
-0.0004917654212454,-0.0003307133089133,-0.0002919682539682,0.0004091142124542,-0.0001002983394383,-0.0003100302319902,-0.000585326007326,-0.0006873476190476,-0.0005625899877899,-0.0004198835164835,-0.0004224167277167,-0.0003891953601953
-0.0005069435653235,-0.0003549848595848,-0.0003041333333333,0.0004303263492063,-0.0001002983394383,-0.0003282674481074,-0.0005822774114774,-0.0007055952380952,-0.0005716639072039,-0.0004289465201465,-0.0004314687423687,-0.0004012647130647
-0.0005099791941391,-0.0003731885225885,-0.0003223809523809,0.0004394172649572,-9.421931623931596e-05,-0.0003465046642246,-0.0005792288156288,-0.0007238428571428,-0.0005837624664224,-0.0004380095238095,-0.0004405207570207,-0.0004103167277167
-0.0005069435653235,-0.0003944261294261,-0.0003436698412698,0.0004485081807081,-8.206126984126955e-05,-0.0003677814163614,-0.0005792288156288,-0.0007390492063492,-0.0005988856654456,-0.0004531145299145,-0.0004556074481074,-0.0004284207570207
-0.0005160504517704,-0.0004156637362637,-0.0003558349206349,0.0004636597069597,-7.902175824175796e-05,-0.0003860186324786,-0.0005822774114774,-0.0007512142857142,-0.0006170335042735,-0.0004682195360195,-0.0004737114774114,-0.0004495421245421
-0.0005251573382173,-0.0004217316239316,-0.0003527936507936,0.0004727506227106,-8.510078144078116e-05,-0.0003860186324786,-0.0005792288156288,-0.0007633793650793,-0.0006200581440781,-0.0004712405372405,-0.0004767288156288,-0.0004555768009768
-0.0005342642246642,-0.0004247655677655,-0.0003467111111111,0.0004788112332112,-9.421931623931596e-05,-0.0003860186324786,-0.0005731316239316,-0.0007694619047619,-0.0006200581440781,-0.0004712405372405,-0.0004767288156288,-0.0004525594627594
-0.0005403354822954,-0.0004369013431013,-0.0003527936507936,0.0004879021489621,-9.421931623931596e-05,-0.0003951372405372,-0.0005731316239316,-0.0007755444444444,-0.0006261074236874,-0.0004742615384615,-0.0004827634920634,-0.0004616114774114
-0.0005403354822954,-0.0004460031746031,-0.0003619174603174,0.0004909324542124,-8.814029304029276e-05,-0.0004042558485958,-0.0005761802197802,-0.0007785857142857,-0.0006321567032967,-0.0004772825396825,-0.0004887981684981,-0.0004676461538461
-0.0005403354822954,-0.000455105006105,-0.0003710412698412,0.000496993064713,-8.510078144078116e-05,-0.0004133744566544,-0.0005761802197802,-0.0007846682539682,-0.0006412306227106,-0.0004863455433455,-0.0004978501831501,-0.0004797155067155
-0.0005433711111111,-0.0004611728937728,-0.0003740825396825,0.0005000233699633,-8.510078144078116e-05,-0.0004164139926739,-0.0005731316239316,-0.0007907507936507,-0.0006472799023199,-0.0004954085470085,-0.0005069021978021,-0.0004857501831501
-0.0005524779975579,-0.0004642068376068,-0.0003740825396825,0.0005060839804639,-8.814029304029276e-05,-0.0004194535286935,-0.0005670344322344,-0.0007877095238095,-0.0006472799023199,-0.0004984295482295,-0.0005069021978021,-0.0004887675213675
-0.0005555136263736,-0.0004672407814407,-0.0003710412698412,0.0005091142857142,-9.117980463980436e-05,-0.0004194535286935,-0.0005670344322344,-0.0007907507936507,-0.0006503045421245,-0.0005014505494505,-0.0005099195360195,-0.0004917848595848
-0.0005494423687423,-0.0004672407814407,-0.0003710412698412,0.0005060839804639,-8.814029304029276e-05,-0.0004194535286935,-0.0005731316239316,-0.000793792063492,-0.0006533291819291,-0.0005044715506715,-0.0005129368742368,-0.0004917848595848
-0.0005524779975579,-0.0004611728937728,-0.0003649587301587,0.0005060839804639,-9.421931623931596e-05,-0.0004133744566544,-0.0005761802197802,-0.000793792063492,-0.0006533291819291,-0.0005014505494505,-0.0005099195360195,-0.0004887675213675
-0.0005555136263736,-0.0004642068376068,-0.0003649587301587,0.0005091142857142,-9.421931623931596e-05,-0.0004133744566544,-0.0005731316239316,-0.0007907507936507,-0.0006503045421245,-0.0004984295482295,-0.0005069021978021,-0.0004887675213675
-0.0005464067399267,-0.0004733086691086,-0.000380165079365,0.0005091142857142,-8.206126984126955e-05,-0.0004255326007326,-0.0005639858363858,-0.0007846682539682,-0.0006442552625152,-0.0004984295482295,-0.0005099195360195,-0.0004887675213675
-0.0005433711111111,-0.0004763426129426,-0.0003862476190476,0.0005091142857142,-7.902175824175796e-05,-0.0004316116727716,-0.0005609372405372,-0.0007816269841269,-0.0006382059829059,-0.0004954085470085,-0.0005099195360195,-0.0004887675213675
-0.0005494423687423,-0.0004763426129426,-0.0003862476190476,0.0005121445909645,-8.206126984126955e-05,-0.0004316116727716,-0.0005578886446886,-0.0007785857142857,-0.0006382059829059,-0.0004984295482295,-0.0005099195360195,-0.0004887675213675
-0.0005555136263736,-0.0004824105006105,-0.0003832063492063,0.0005182052014652,-8.510078144078116e-05,-0.0004316116727716,-0.00055484004884,-0.0007785857142857,-0.0006412306227106,-0.0004984295482295,-0.0005129368742368,-0.0004917848595848
-0.0005524779975579,-0.0004824105006105,-0.0003832063492063,0.0005151748962148,-8.510078144078116e-05,-0.0004316116727716,-0.0005578886446886,-0.0007755444444444,-0.0006442552625152,-0.0005014505494505,-0.0005159542124542,-0.0004978195360195
-0.0005464067399267,-0.0004733086691086,-0.0003832063492063,0.0005091142857142,-8.206126984126955e-05,-0.0004285721367521,-0.0005609372405372,-0.0007755444444444,-0.0006442552625152,-0.0005014505494505,-0.0005159542124542,-0.0004978195360195
-0.0005433711111111,-0.0004733086691086,-0.000380165079365,0.0005060839804639,-8.206126984126955e-05,-0.0004255326007326,-0.0005670344322344,-0.0007755444444444,-0.0006412306227106,-0.0005044715506715,-0.0005189715506715,-0.0005008368742368
-0.0005433711111111,-0.0004672407814407,-0.000380165079365,0.0005030536752136,-8.206126984126955e-05,-0.000422493064713,-0.0005670344322344,-0.0007755444444444,-0.0006412306227106,-0.0005044715506715,-0.0005219888888888,-0.0005008368742368
-0.0005494423687423,-0.0004672407814407,-0.0003771238095238,0.0005060839804639,-8.510078144078116e-05,-0.000422493064713,-0.0005609372405372,-0.0007725031746031,-0.0006382059829059,-0.0005044715506715,-0.0005219888888888,-0.0005038542124542
-0.0005555136263736,-0.0004702747252747,-0.0003740825396825,0.0005121445909645,-9.117980463980436e-05,-0.000422493064713,-0.0005517914529914,-0.0007694619047619,-0.0006351813431013,-0.0005044715506715,-0.0005250062271062,-0.0005038542124542
-0.0005524779975579,-0.0004733086691086,-0.0003771238095238,0.0005121445909645,-8.814029304029276e-05,-0.0004255326007326,-0.0005487428571428,-0.0007633793650793,-0.0006321567032967,-0.0005044715506715,-0.0005219888888888,-0.0005008368742368
-0.0005494423687423,-0.0004672407814407,-0.0003740825396825,0.0005060839804639,-8.814029304029276e-05,-0.0004194535286935,-0.0005517914529914,-0.0007542555555555,-0.000629132063492,-0.0004954085470085,-0.0005159542124542,-0.0004978195360195
-0.0005372998534798,-0.0004642068376068,-0.0003832063492063,0.0005000233699633,-7.598224664224636e-05,-0.000422493064713,-0.0005578886446886,-0.0007572968253968,-0.0006321567032967,-0.0004954085470085,-0.0005129368742368,-0.0004978195360195
-0.0005403354822954,-0.0004642068376068,-0.000380165079365,0.0005000233699633,-7.902175824175796e-05,-0.000422493064713,-0.0005578886446886,-0.0007572968253968,-0.0006321567032967,-0.0004984295482295,-0.0005159542124542,-0.0004978195360195
-0.0005464067399267,-0.0004642068376068,-0.0003740825396825,0.0005030536752136,-8.510078144078116e-05,-0.0004194535286935,-0.0005517914529914,-0.0007542555555555,-0.000629132063492,-0.0004954085470085,-0.0005159542124542,-0.0004978195360195
-0.0005433711111111,-0.0004672407814407,-0.0003771238095238,0.0005030536752136,-8.206126984126955e-05,-0.000422493064713,-0.0005517914529914,-0.0007512142857142,-0.0006261074236874,-0.0004923875457875,-0.0005129368742368,-0.0004917848595848
-0.0005372998534798,-0.0004702747252747,-0.0003862476190476,0.0005030536752136,-7.598224664224636e-05,-0.0004285721367521,-0.0005517914529914,-0.000748173015873,-0.0006230827838827,-0.0004893665445665,-0.0005129368742368,-0.0004917848595848
-0.0005281929670329,-0.0004733086691086,-0.0003953714285714,0.0005000233699633,-6.686371184371155e-05,-0.0004346512087912,-0.0005578886446886,-0.0007512142857142,-0.0006230827838827,-0.0004923875457875,-0.0005159542124542,-0.0004978195360195
-0.0005251573382173,-0.0004642068376068,-0.0003892888888888,0.0004939627594627,-6.686371184371155e-05,-0.0004255326007326,-0.0005609372405372,-0.0007542555555555,-0.0006261074236874,-0.0004954085470085,-0.0005189715506715,-0.0005008368742368
-0.0005342642246642,-0.000455105006105,-0.0003771238095238,0.0004939627594627,-7.902175824175796e-05,-0.0004164139926739,-0.0005609372405372,-0.0007512142857142,-0.0006230827838827,-0.0004954085470085,-0.0005129368742368,-0.0005008368742368
-0.0005372998534798,-0.000452071062271,-0.0003710412698412,0.0004939627594627,-8.206126984126955e-05,-0.0004103349206349,-0.0005639858363858,-0.0007512142857142,-0.0006170335042735,-0.0004893665445665,-0.0005069021978021,-0.0004948021978021
-0.0005281929670329,-0.0004490371184371,-0.0003740825396825,0.0004879021489621,-7.598224664224636e-05,-0.0004103349206349,-0.0005670344322344,-0.000748173015873,-0.0006140088644688,-0.0004833245421245,-0.0005038848595848,-0.0004917848595848
-0.0005251573382173,-0.0004490371184371,-0.000380165079365,0.0004848718437118,-7.294273504273476e-05,-0.0004133744566544,-0.0005670344322344,-0.0007451317460317,-0.0006140088644688,-0.0004803035409035,-0.0004978501831501,-0.0004857501831501
-0.0005342642246642,-0.000455105006105,-0.0003771238095238,0.0004939627594627,-7.902175824175796e-05,-0.0004164139926739,-0.0005670344322344,-0.000748173015873,-0.0006140088644688,-0.0004803035409035,-0.0004978501831501,-0.0004857501831501
-0.0005342642246642,-0.000452071062271,-0.0003740825396825,0.0004909324542124,-7.902175824175796e-05,-0.0004133744566544,-0.0005639858363858,-0.0007512142857142,-0.0006170335042735,-0.0004833245421245,-0.0004978501831501,-0.0004857501831501
-0.0005342642246642,-0.0004429692307692,-0.0003679999999999,0.0004879021489621,-8.206126984126955e-05,-0.0004042558485958,-0.0005609372405372,-0.000748173015873,-0.0006140088644688,-0.0004772825396825,-0.0004948328449328,-0.0004827328449328
-0.0005281929670329,-0.0004369013431013,-0.0003619174603174,0.0004818415384615,-8.206126984126955e-05,-0.0003981767765567,-0.000570083028083,-0.0007512142857142,-0.0006170335042735,-0.0004772825396825,-0.0004918155067155,-0.0004827328449328
-0.0005221217094017,-0.0004277995115995,-0.0003588761904761,0.0004727506227106,-8.206126984126955e-05,-0.0003920977045177,-0.0005761802197802,-0.0007572968253968,-0.0006200581440781,-0.0004772825396825,-0.0004857808302808,-0.0004797155067155
-0.0005312285958485,-0.0004277995115995,-0.0003558349206349,0.0004788112332112,-8.814029304029276e-05,-0.0003920977045177,-0.0005761802197802,-0.0007542555555555,-0.0006170335042735,-0.0004742615384615,-0.0004827634920634,-0.0004766981684981
-0.0005312285958485,-0.0004369013431013,-0.0003619174603174,0.0004818415384615,-8.510078144078116e-05,-0.0003981767765567,-0.000570083028083,-0.0007572968253968,-0.0006170335042735,-0.0004712405372405,-0.0004887981684981,-0.0004797155067155
-0.0005251573382173,-0.0004369013431013,-0.0003679999999999,0.0004788112332112,-7.902175824175796e-05,-0.0004012163125763,-0.000570083028083,-0.000760338095238,-0.0006200581440781,-0.0004712405372405,-0.0004887981684981,-0.0004797155067155
-0.0005130148229548,-0.0004338673992673,-0.000380165079365,0.0004727506227106,-6.686371184371155e-05,-0.0004072953846153,-0.0005792288156288,-0.000760338095238,-0.0006230827838827,-0.0004742615384615,-0.0004887981684981,-0.0004797155067155
-0.0005069435653235,-0.0004308334554334,-0.000380165079365,0.00046669001221,-6.382420024419996e-05,-0.0004042558485958,-0.000585326007326,-0.0007633793650793,-0.000629132063492,-0.0004772825396825,-0.0004887981684981,-0.0004797155067155
-0.0005099791941391,-0.0004277995115995,-0.0003771238095238,0.00046669001221,-6.686371184371155e-05,-0.0004012163125763,-0.0005822774114774,-0.0007664206349206,-0.000629132063492,-0.0004772825396825,-0.0004918155067155,-0.0004797155067155
-0.0005130148229548,-0.0004399352869352,-0.0003832063492063,0.0004757809279609,-6.382420024419996e-05,-0.0004103349206349,-0.0005792288156288,-0.0007664206349206,-0.0006321567032967,-0.0004803035409035,-0.0004948328449328,-0.0004827328449328
-0.0005160504517704,-0.0004460031746031,-0.0003832063492063,0.0004788112332112,-6.686371184371155e-05,-0.0004133744566544,-0.0005731316239316,-0.0007664206349206,-0.0006321567032967,-0.0004803035409035,-0.0004918155067155,-0.0004766981684981
-0.000519086080586,-0.0004429692307692,-0.0003771238095238,0.0004788112332112,-6.990322344322315e-05,-0.0004103349206349,-0.0005761802197802,-0.0007633793650793,-0.000629132063492,-0.0004742615384615,-0.0004857808302808,-0.0004706634920634
-0.0005221217094017,-0.0004369013431013,-0.0003710412698412,0.0004788112332112,-7.598224664224636e-05,-0.0004042558485958,-0.0005792288156288,-0.0007664206349206,-0.0006321567032967,-0.0004712405372405,-0.0004857808302808,-0.0004706634920634
-0.0005281929670329,-0.0004369013431013,-0.0003649587301587,0.0004818415384615,-8.206126984126955e-05,-0.0004012163125763,-0.0005731316239316,-0.0007664206349206,-0.000629132063492,-0.0004742615384615,-0.0004827634920634,-0.0004706634920634
-0.0005281929670329,-0.0004399352869352,-0.0003679999999999,0.0004818415384615,-7.902175824175796e-05,-0.0004042558485958,-0.0005731316239316,-0.0007694619047619,-0.000629132063492,-0.0004742615384615,-0.0004857808302808,-0.0004736808302808
-0.0005251573382173,-0.0004399352869352,-0.0003710412698412,0.0004818415384615,-7.598224664224636e-05,-0.0004042558485958,-0.000570083028083,-0.0007664206349206,-0.000629132063492,-0.0004712405372405,-0.0004827634920634,-0.0004676461538461
-0.0005251573382173,-0.0004369013431013,-0.0003679999999999,0.0004788112332112,-7.902175824175796e-05,-0.0004012163125763,-0.0005731316239316,-0.0007664206349206,-0.000629132063492,-0.0004712405372405,-0.0004797461538461,-0.0004676461538461
-0.0005160504517704,-0.0004338673992673,-0.0003740825396825,0.0004727506227106,-6.990322344322315e-05,-0.0004042558485958,-0.0005822774114774,-0.0007694619047619,-0.0006351813431013,-0.0004742615384615,-0.0004827634920634,-0.0004706634920634
-0.0005099791941391,-0.0004399352869352,-0.0003862476190476,0.0004727506227106,-6.078468864468836e-05,-0.0004133744566544,-0.000585326007326,-0.0007755444444444,-0.0006382059829059,-0.0004803035409035,-0.0004887981684981,-0.0004766981684981
-0.0005130148229548,-0.0004460031746031,-0.0003892888888888,0.0004788112332112,-6.078468864468836e-05,-0.0004164139926739,-0.000585326007326,-0.0007816269841269,-0.0006472799023199,-0.0004833245421245,-0.0004918155067155,-0.0004797155067155
-0.000519086080586,-0.0004490371184371,-0.0003832063492063,0.0004818415384615,-6.686371184371155e-05,-0.0004164139926739,-0.000585326007326,-0.0007816269841269,-0.0006503045421245,-0.0004833245421245,-0.0004948328449328,-0.0004797155067155
-0.000519086080586,-0.0004429692307692,-0.0003832063492063,0.0004788112332112,-6.686371184371155e-05,-0.0004133744566544,-0.0005883746031746,-0.0007816269841269,-0.0006503045421245,-0.0004863455433455,-0.0004948328449328,-0.0004797155067155
-0.0005160504517704,-0.0004429692307692,-0.0003832063492063,0.0004788112332112,-6.686371184371155e-05,-0.0004133744566544,-0.000585326007326,-0.0007816269841269,-0.0006503045421245,-0.0004863455433455,-0.0004978501831501,-0.0004827328449328
-0.0005160504517704,-0.0004460031746031,-0.0003862476190476,0.0004788112332112,-6.382420024419996e-05,-0.0004164139926739,-0.0005822774114774,-0.0007846682539682,-0.0006503045421245,-0.0004893665445665,-0.0005008675213675,-0.0004857501831501
-0.000519086080586,-0.0004490371184371,-0.0003862476190476,0.0004818415384615,-6.686371184371155e-05,-0.0004164139926739,-0.0005761802197802,-0.0007846682539682,-0.0006503045421245,-0.0004893665445665,-0.0004978501831501,-0.0004827328449328
-0.000519086080586,-0.000452071062271,-0.0003862476190476,0.0004848718437118,-6.686371184371155e-05,-0.0004194535286935,-0.0005792288156288,-0.0007846682539682,-0.0006533291819291,-0.0004923875457875,-0.0005008675213675,-0.0004827328449328
-0.000519086080586,-0.0004490371184371,-0.0003862476190476,0.0004818415384615,-6.686371184371155e-05,-0.0004164139926739,-0.000585326007326,-0.0007877095238095,-0.0006563538217338,-0.0004923875457875,-0.0004978501831501,-0.0004827328449328
-0.0005221217094017,-0.0004490371184371,-0.0003832063492063,0.0004848718437118,-6.990322344322315e-05,-0.0004164139926739,-0.000585326007326,-0.0007846682539682,-0.0006563538217338,-0.0004863455433455,-0.0004918155067155,-0.0004766981684981
-0.0005251573382173,-0.0004490371184371,-0.0003832063492063,0.0004848718437118,-6.990322344322315e-05,-0.0004164139926739,-0.0005761802197802,-0.0007816269841269,-0.0006503045421245,-0.0004833245421245,-0.0004887981684981,-0.0004736808302808
-0.0005281929670329,-0.0004490371184371,-0.0003771238095238,0.0004879021489621,-7.598224664224636e-05,-0.0004133744566544,-0.0005731316239316,-0.0007846682539682,-0.0006503045421245,-0.0004833245421245,-0.0004918155067155,-0.0004766981684981
-0.0005281929670329,-0.0004369013431013,-0.0003649587301587,0.0004818415384615,-8.206126984126955e-05,-0.0004012163125763,-0.0005761802197802,-0.0007877095238095,-0.0006533291819291,-0.0004833245421245,-0.0004887981684981,-0.0004766981684981
-0.0005221217094017,-0.0004338673992673,-0.0003649587301587,0.0004757809279609,-7.902175824175796e-05,-0.0003981767765567,-0.0005792288156288,-0.0007907507936507,-0.0006563538217338,-0.0004863455433455,-0.0004918155067155,-0.0004766981684981
-0.000519086080586,-0.0004399352869352,-0.0003740825396825,0.0004788112332112,-7.294273504273476e-05,-0.0004072953846153,-0.0005822774114774,-0.0007907507936507,-0.0006563538217338,-0.0004923875457875,-0.0004978501831501,-0.0004797155067155
-0.0005251573382173,-0.0004460031746031,-0.0003771238095238,0.0004848718437118,-7.294273504273476e-05,-0.0004103349206349,-0.0005731316239316,-0.0007846682539682,-0.0006533291819291,-0.0004923875457875,-0.0004948328449328,-0.0004797155067155
-0.0005372998534798,-0.0004490371184371,-0.0003679999999999,0.0004909324542124,-8.510078144078116e-05,-0.0004072953846153,-0.0005670344322344,-0.0007816269841269,-0.0006472799023199,-0.0004863455433455,-0.0004918155067155,-0.0004736808302808
-0.0005312285958485,-0.0004490371184371,-0.000380165079365,0.0004879021489621,-7.598224664224636e-05,-0.0004133744566544,-0.0005639858363858,-0.0007816269841269,-0.0006472799023199,-0.0004833245421245,-0.0004918155067155,-0.0004706634920634
-0.0005160504517704,-0.000452071062271,-0.0003923301587301,0.0004818415384615,-6.078468864468836e-05,-0.000422493064713,-0.0005670344322344,-0.0007846682539682,-0.0006533291819291,-0.0004863455433455,-0.0004948328449328,-0.0004766981684981
-0.0005130148229548,-0.0004460031746031,-0.0003892888888888,0.0004788112332112,-6.078468864468836e-05,-0.0004164139926739,-0.000570083028083,-0.0007846682539682,-0.0006563538217338,-0.0004893665445665,-0.0004978501831501,-0.0004766981684981
-0.0005221217094017,-0.0004369013431013,-0.0003740825396825,0.0004788112332112,-7.294273504273476e-05,-0.0004042558485958,-0.000570083028083,-0.0007877095238095,-0.0006533291819291,-0.0004863455433455,-0.0004918155067155,-0.0004736808302808
-0.0005221217094017,-0.0004338673992673,-0.0003710412698412,0.0004757809279609,-7.598224664224636e-05,-0.0004012163125763,-0.000570083028083,-0.0007877095238095,-0.0006533291819291,-0.0004863455433455,-0.0004918155067155,-0.0004736808302808
-0.000519086080586,-0.0004369013431013,-0.0003740825396825,0.0004757809279609,-7.294273504273476e-05,-0.0004042558485958,-0.000570083028083,-0.0007877095238095,-0.0006533291819291,-0.0004863455433455,-0.0004948328449328,-0.0004766981684981
-0.0005130148229548,-0.0004338673992673,-0.000380165079365,0.0004727506227106,-6.686371184371155e-05,-0.0004072953846153,-0.000570083028083,-0.0007877095238095,-0.0006503045421245,-0.0004863455433455,-0.0004948328449328,-0.0004766981684981
-0.0005099791941391,-0.0004369013431013,-0.0003862476190476,0.0004727506227106,-6.078468864468836e-05,-0.0004103349206349,-0.000570083028083,-0.0007846682539682,-0.0006503045421245,-0.0004863455433455,-0.0004948328449328,-0.0004797155067155
-0.0005221217094017,-0.0004429692307692,-0.0003771238095238,0.0004818415384615,-7.294273504273476e-05,-0.0004103349206349,-0.0005639858363858,-0.0007816269841269,-0.0006472799023199,-0.0004833245421245,-0.0004918155067155,-0.0004766981684981
-0.0005312285958485,-0.0004429692307692,-0.0003649587301587,0.0004848718437118,-8.206126984126955e-05,-0.0004042558485958,-0.0005609372405372,-0.0007816269841269,-0.0006442552625152,-0.0004772825396825,-0.0004887981684981,-0.0004736808302808
-0.0005251573382173,-0.0004369013431013,-0.0003679999999999,0.0004788112332112,-7.902175824175796e-05,-0.0004012163125763,-0.0005609372405372,-0.0007846682539682,-0.0006442552625152,-0.0004803035409035,-0.0004857808302808,-0.0004706634920634
-0.000519086080586,-0.0004308334554334,-0.0003679999999999,0.0004727506227106,-7.598224664224636e-05,-0.0003981767765567,-0.0005670344322344,-0.0007907507936507,-0.0006503045421245,-0.0004833245421245,-0.0004857808302808,-0.0004706634920634
-0.0005281929670329,-0.0004277995115995,-0.0003558349206349,0.0004757809279609,-8.510078144078116e-05,-0.0003920977045177,-0.0005670344322344,-0.0007907507936507,-0.0006472799023199,-0.0004833245421245,-0.0004857808302808,-0.0004676461538461
-0.0005281929670329,-0.0004308334554334,-0.0003558349206349,0.0004788112332112,-8.510078144078116e-05,-0.0003920977045177,-0.0005609372405372,-0.0007907507936507,-0.0006472799023199,-0.0004833245421245,-0.0004857808302808,-0.0004706634920634
-0.0005160504517704,-0.0004369013431013,-0.0003771238095238,0.0004757809279609,-6.990322344322315e-05,-0.0004072953846153,-0.0005639858363858,-0.0007968333333333,-0.0006533291819291,-0.0004893665445665,-0.0004948328449328,-0.0004797155067155
-0.0005160504517704,-0.0004399352869352,-0.0003771238095238,0.0004757809279609,-6.990322344322315e-05,-0.0004072953846153,-0.0005639858363858,-0.0007968333333333,-0.0006563538217338,-0.0004923875457875,-0.0004978501831501,-0.0004797155067155
-0.0005251573382173,-0.0004338673992673,-0.0003619174603174,0.0004788112332112,-8.206126984126955e-05,-0.0003981767765567,-0.0005639858363858,-0.0007907507936507,-0.0006533291819291,-0.0004893665445665,-0.0004918155067155,-0.0004736808302808
-0.0005251573382173,-0.0004338673992673,-0.0003649587301587,0.0004788112332112,-7.902175824175796e-05,-0.0003981767765567,-0.000570083028083,-0.0007907507936507,-0.0006563538217338,-0.0004893665445665,-0.0004918155067155,-0.0004766981684981
-0.0005221217094017,-0.0004369013431013,-0.0003679999999999,0.0004788112332112,-7.598224664224636e-05,-0.0004012163125763,-0.0005731316239316,-0.0007968333333333,-0.0006593784615384,-0.0004923875457875,-0.0004978501831501,-0.0004827328449328
-0.000519086080586,-0.0004369013431013,-0.0003740825396825,0.0004757809279609,-7.294273504273476e-05,-0.0004042558485958,-0.000570083028083,-0.0007968333333333,-0.0006593784615384,-0.0004923875457875,-0.0004978501831501,-0.0004827328449328
-0.000519086080586,-0.0004369013431013,-0.0003679999999999,0.0004757809279609,-7.598224664224636e-05,-0.0004012163125763,-0.0005670344322344,-0.000793792063492,-0.0006533291819291,-0.0004863455433455,-0.0004918155067155,-0.0004766981684981
-0.000519086080586,-0.0004429692307692,-0.000380165079365,0.0004788112332112,-6.990322344322315e-05,-0.0004103349206349,-0.0005670344322344,-0.0007907507936507,-0.0006503045421245,-0.0004833245421245,-0.0004857808302808,-0.0004736808302808
-0.0005130148229548,-0.0004460031746031,-0.0003892888888888,0.0004788112332112,-6.078468864468836e-05,-0.0004164139926739,-0.0005639858363858,-0.0007907507936507,-0.0006472799023199,-0.0004803035409035,-0.0004857808302808,-0.0004706634920634
-0.0005221217094017,-0.0004460031746031,-0.000380165079365,0.0004818415384615,-6.990322344322315e-05,-0.0004133744566544,-0.0005639858363858,-0.0007907507936507,-0.0006503045421245,-0.0004803035409035,-0.0004827634920634,-0.0004646288156288
-0.0005281929670329,-0.000452071062271,-0.0003771238095238,0.0004879021489621,-7.598224664224636e-05,-0.0004133744566544,-0.0005670344322344,-0.000793792063492,-0.0006533291819291,-0.0004833245421245,-0.0004857808302808,-0.0004646288156288
-0.0005221217094017,-0.0004460031746031,-0.0003771238095238,0.0004818415384615,-7.294273504273476e-05,-0.0004103349206349,-0.000570083028083,-0.0007968333333333,-0.0006563538217338,-0.0004863455433455,-0.0004887981684981,-0.0004706634920634
-0.0005221217094017,-0.0004369013431013,-0.0003710412698412,0.0004788112332112,-7.598224664224636e-05,-0.0004042558485958,-0.000570083028083,-0.0007968333333333,-0.0006563538217338,-0.0004863455433455,-0.0004857808302808,-0.0004706634920634
-0.0005372998534798,-0.0004369013431013,-0.0003558349206349,0.0004848718437118,-9.117980463980436e-05,-0.0003951372405372,-0.0005670344322344,-0.0007968333333333,-0.0006503045421245,-0.0004833245421245,-0.0004827634920634,-0.0004676461538461
-0.0005372998534798,-0.0004429692307692,-0.0003588761904761,0.0004879021489621,-8.814029304029276e-05,-0.0004012163125763,-0.0005639858363858,-0.000793792063492,-0.0006503045421245,-0.0004833245421245,-0.0004857808302808,-0.0004706634920634
-0.0005312285958485,-0.0004490371184371,-0.0003740825396825,0.0004879021489621,-7.902175824175796e-05,-0.0004103349206349,-0.0005578886446886,-0.000793792063492,-0.0006503045421245,-0.0004893665445665,-0.0004918155067155,-0.0004766981684981
-0.0005312285958485,-0.0004490371184371,-0.0003771238095238,0.0004879021489621,-7.598224664224636e-05,-0.0004133744566544,-0.0005609372405372,-0.0007998746031746,-0.0006563538217338,-0.0004923875457875,-0.0004978501831501,-0.0004797155067155
-0.0005312285958485,-0.0004399352869352,-0.0003649587301587,0.0004848718437118,-8.206126984126955e-05,-0.0004012163125763,-0.0005639858363858,-0.0007968333333333,-0.0006533291819291,-0.0004893665445665,-0.0004918155067155,-0.0004736808302808
-0.0005312285958485,-0.0004338673992673,-0.0003588761904761,0.0004818415384615,-8.510078144078116e-05,-0.0003951372405372,-0.0005670344322344,-0.000793792063492,-0.0006533291819291,-0.0004863455433455,-0.0004887981684981,-0.0004706634920634
-0.0005312285958485,-0.0004490371184371,-0.0003740825396825,0.0004879021489621,-7.902175824175796e-05,-0.0004103349206349,-0.0005670344322344,-0.0007968333333333,-0.0006563538217338,-0.0004923875457875,-0.0004948328449328,-0.0004766981684981
-0.0005312285958485,-0.0004611728937728,-0.0003862476190476,0.0004939627594627,-7.294273504273476e-05,-0.000422493064713,-0.0005670344322344,-0.0007998746031746,-0.0006563538217338,-0.0004954085470085,-0.0005008675213675,-0.0004797155067155
-0.0005312285958485,-0.0004581389499389,-0.0003832063492063,0.0004939627594627,-7.294273504273476e-05,-0.0004194535286935,-0.0005670344322344,-0.0007968333333333,-0.0006533291819291,-0.0004923875457875,-0.0004948328449328,-0.0004766981684981
-0.0005433711111111,-0.000452071062271,-0.0003679999999999,0.000496993064713,-8.814029304029276e-05,-0.0004103349206349,-0.0005639858363858,-0.0007907507936507,-0.0006503045421245,-0.0004863455433455,-0.0004857808302808,-0.0004646288156288
-0.0005342642246642,-0.0004490371184371,-0.0003740825396825,0.0004909324542124,-7.902175824175796e-05,-0.0004103349206349,-0.0005670344322344,-0.000793792063492,-0.0006533291819291,-0.0004863455433455,-0.0004887981684981,-0.0004646288156288
-0.0005251573382173,-0.0004490371184371,-0.000380165079365,0.0004848718437118,-7.294273504273476e-05,-0.0004133744566544,-0.000570083028083,-0.0007998746031746,-0.0006593784615384,-0.0004923875457875,-0.0004948328449328,-0.0004736808302808
-0.0005433711111111,-0.0004460031746031,-0.0003588761904761,0.0004939627594627,-9.117980463980436e-05,-0.0004012163125763,-0.0005639858363858,-0.000793792063492,-0.0006533291819291,-0.0004893665445665,-0.0004887981684981,-0.0004676461538461
-0.0005433711111111,-0.0004399352869352,-0.0003558349206349,0.0004909324542124,-9.421931623931596e-05,-0.0003981767765567,-0.0005670344322344,-0.0007968333333333,-0.0006563538217338,-0.0004893665445665,-0.0004887981684981,-0.0004706634920634
-0.0005251573382173,-0.0004399352869352,-0.0003710412698412,0.0004818415384615,-7.598224664224636e-05,-0.0004042558485958,-0.0005792288156288,-0.0008029158730158,-0.0006624031013431,-0.0004954085470085,-0.0004948328449328,-0.0004766981684981
-0.0005160504517704,-0.0004429692307692,-0.000380165079365,0.0004788112332112,-6.686371184371155e-05,-0.0004103349206349,-0.0005822774114774,-0.0008059571428571,-0.0006654277411477,-0.0004954085470085,-0.0004978501831501,-0.0004797155067155
-0.0005221217094017,-0.0004490371184371,-0.000380165079365,0.0004848718437118,-6.990322344322315e-05,-0.0004133744566544,-0.0005761802197802,-0.0008029158730158,-0.0006624031013431,-0.0004984295482295,-0.0005008675213675,-0.0004797155067155
-0.0005251573382173,-0.000455105006105,-0.0003832063492063,0.0004879021489621,-6.990322344322315e-05,-0.0004194535286935,-0.0005731316239316,-0.0008029158730158,-0.0006624031013431,-0.0004984295482295,-0.0005038848595848,-0.0004827328449328
-0.0005221217094017,-0.000455105006105,-0.0003892888888888,0.0004879021489621,-6.686371184371155e-05,-0.000422493064713,-0.000570083028083,-0.0007998746031746,-0.0006593784615384,-0.0004954085470085,-0.0005008675213675,-0.0004766981684981
-0.000519086080586,-0.000452071062271,-0.0003892888888888,0.0004848718437118,-6.382420024419996e-05,-0.0004194535286935,-0.0005670344322344,-0.0007968333333333,-0.0006533291819291,-0.0004923875457875,-0.0004948328449328,-0.0004736808302808
-0.0005281929670329,-0.000455105006105,-0.0003832063492063,0.0004909324542124,-7.294273504273476e-05,-0.0004194535286935,-0.0005670344322344,-0.000793792063492,-0.0006533291819291,-0.0004893665445665,-0.0004887981684981,-0.0004676461538461
-0.0005372998534798,-0.000455105006105,-0.0003740825396825,0.0004939627594627,-8.206126984126955e-05,-0.0004133744566544,-0.000570083028083,-0.000793792063492,-0.0006533291819291,-0.0004863455433455,-0.0004857808302808,-0.0004616114774114
-0.0005403354822954,-0.0004490371184371,-0.0003649587301587,0.0004939627594627,-8.814029304029276e-05,-0.0004072953846153,-0.000570083028083,-0.0007968333333333,-0.0006533291819291,-0.0004863455433455,-0.0004857808302808,-0.0004646288156288
-0.0005281929670329,-0.0004399352869352,-0.0003679999999999,0.0004818415384615,-7.902175824175796e-05,-0.0004042558485958,-0.000570083028083,-0.0007968333333333,-0.0006533291819291,-0.0004863455433455,-0.0004857808302808,-0.0004646288156288
-0.0005221217094017,-0.0004338673992673,-0.0003649587301587,0.0004757809279609,-7.902175824175796e-05,-0.0003981767765567,-0.0005670344322344,-0.0007907507936507,-0.0006472799023199,-0.0004833245421245,-0.0004797461538461,-0.0004585941391941
-0.000519086080586,-0.0004338673992673,-0.0003679999999999,0.0004757809279609,-7.598224664224636e-05,-0.0004012163125763,-0.0005639858363858,-0.0007877095238095,-0.0006442552625152,-0.0004833245421245,-0.0004797461538461,-0.0004585941391941
-0.000519086080586,-0.0004399352869352,-0.0003740825396825,0.0004788112332112,-7.294273504273476e-05,-0.0004072953846153,-0.0005609372405372,-0.0007877095238095,-0.0006472799023199,-0.0004833245421245,-0.0004827634920634,-0.0004616114774114
-0.0005251573382173,-0.0004429692307692,-0.0003740825396825,0.0004818415384615,-7.598224664224636e-05,-0.0004072953846153,-0.0005578886446886,-0.0007877095238095,-0.0006472799023199,-0.0004833245421245,-0.0004857808302808,-0.0004616114774114
-0.0005281929670329,-0.0004369013431013,-0.0003679999999999,0.0004818415384615,-7.902175824175796e-05,-0.0004012163125763,-0.0005487428571428,-0.0007785857142857,-0.0006442552625152,-0.0004803035409035,-0.0004827634920634,-0.0004585941391941
-0.0005160504517704,-0.0004247655677655,-0.0003710412698412,0.0004697203174603,-7.294273504273476e-05,-0.0003981767765567,-0.0005456942612942,-0.0007725031746031,-0.0006412306227106,-0.0004772825396825,-0.0004767288156288,-0.0004585941391941
-0.0004978366788766,-0.0004156637362637,-0.0003771238095238,0.0004545687912087,-6.078468864468836e-05,-0.0003951372405372,-0.0005456942612942,-0.0007664206349206,-0.0006382059829059,-0.0004772825396825,-0.0004767288156288,-0.0004616114774114
-0.000494801050061,-0.0004065619047619,-0.0003679999999999,0.0004485081807081,-6.382420024419996e-05,-0.0003860186324786,-0.0005456942612942,-0.000760338095238,-0.000629132063492,-0.0004682195360195,-0.0004706941391941,-0.0004495421245421
-0.0004887297924297,-0.0003913921855921,-0.0003619174603174,0.0004394172649572,-6.382420024419996e-05,-0.00037690002442,-0.000539597069597,-0.0007451317460317,-0.0006170335042735,-0.0004561355311355,-0.0004616421245421,-0.0004435074481074
-0.0004796229059829,-0.0003762224664224,-0.0003558349206349,0.000427296043956,-6.078468864468836e-05,-0.0003647418803418,-0.0005334998778998,-0.0007360079365079,-0.0006079595848595,-0.0004500935286935,-0.0004556074481074,-0.0004374727716727
-0.0004796229059829,-0.0003853242979242,-0.0003619174603174,0.0004303263492063,-5.774517704517676e-05,-0.0003738604884004,-0.000539597069597,-0.0007390492063492,-0.0006140088644688,-0.0004531145299145,-0.0004586247863247,-0.0004404901098901
-0.0004826585347985,-0.0004126297924297,-0.000380165079365,0.0004454778754578,-5.166615384615356e-05,-0.0003951372405372,-0.00055484004884,-0.0007542555555555,-0.0006351813431013,-0.0004682195360195,-0.0004676768009768,-0.0004555768009768
-0.0004887297924297,-0.0004308334554334,-0.0003953714285714,0.000457599096459,-4.558713064713037e-05,-0.0004133744566544,-0.0005609372405372,-0.0007664206349206,-0.0006503045421245,-0.0004833245421245,-0.0004827634920634,-0.0004676461538461
-0.0005039079365079,-0.0004399352869352,-0.0003892888888888,0.0004697203174603,-5.774517704517676e-05,-0.0004133744566544,-0.00055484004884,-0.0007633793650793,-0.0006503045421245,-0.0004863455433455,-0.0004887981684981,-0.0004706634920634
-0.0005008723076923,-0.0004247655677655,-0.0003832063492063,0.0004606294017094,-5.774517704517676e-05,-0.0004042558485958,-0.0005639858363858,-0.0007664206349206,-0.0006472799023199,-0.0004833245421245,-0.0004857808302808,-0.0004646288156288
-0.0004826585347985,-0.0004156637362637,-0.0003832063492063,0.0004485081807081,-4.862664224664196e-05,-0.0003981767765567,-0.0005975203907203,-0.000793792063492,-0.0006563538217338,-0.0004863455433455,-0.0004797461538461,-0.0004585941391941
-0.0004978366788766,-0.0004247655677655,-0.0003832063492063,0.0004606294017094,-5.774517704517676e-05,-0.0004042558485958,-0.0006066661782661,-0.0008059571428571,-0.0006624031013431,-0.0004863455433455,-0.0004827634920634,-0.0004555768009768
-0.0005099791941391,-0.0004399352869352,-0.0003832063492063,0.0004727506227106,-6.382420024419996e-05,-0.0004103349206349,-0.0006005689865689,-0.0008089984126984,-0.0006654277411477,-0.0004954085470085,-0.0004887981684981,-0.0004646288156288
-0.0005039079365079,-0.0004399352869352,-0.0003923301587301,0.0004697203174603,-5.470566544566516e-05,-0.0004164139926739,-0.0006005689865689,-0.0008089984126984,-0.0006684523809523,-0.0004984295482295,-0.0004948328449328,-0.0004706634920634
-0.0005008723076923,-0.0004429692307692,-0.0003984126984126,0.0004697203174603,-5.166615384615356e-05,-0.0004194535286935,-0.0006036175824175,-0.0008089984126984,-0.000671477020757,-0.0005014505494505,-0.0004978501831501,-0.0004706634920634
-0.0005069435653235,-0.0004490371184371,-0.0003984126984126,0.0004757809279609,-5.470566544566516e-05,-0.000422493064713,-0.0006036175824175,-0.0008120396825396,-0.0006775263003663,-0.0005044715506715,-0.0005008675213675,-0.0004736808302808
-0.0005099791941391,-0.0004611728937728,-0.0004075365079365,0.0004848718437118,-5.166615384615356e-05,-0.0004346512087912,-0.0006066661782661,-0.0008181222222222,-0.0006835755799755,-0.0005105135531135,-0.0005038848595848,-0.0004766981684981
-0.0005251573382173,-0.0004733086691086,-0.0004075365079365,0.000496993064713,-5.774517704517676e-05,-0.0004407302808302,-0.0006005689865689,-0.0008242047619047,-0.0006835755799755,-0.0005165555555555,-0.0005069021978021,-0.0004797155067155
-0.0005433711111111,-0.0004793765567765,-0.0003892888888888,0.0005091142857142,-7.598224664224636e-05,-0.0004346512087912,-0.0005883746031746,-0.0008242047619047,-0.0006805509401709,-0.0005135345543345,-0.0005038848595848,-0.0004797155067155
-0.0005524779975579,-0.0004793765567765,-0.0003832063492063,0.0005151748962148,-8.510078144078116e-05,-0.0004316116727716,-0.0005883746031746,-0.000827246031746,-0.0006805509401709,-0.0005135345543345,-0.0005038848595848,-0.0004797155067155
-0.0005464067399267,-0.0004763426129426,-0.0003892888888888,0.0005091142857142,-7.902175824175796e-05,-0.0004316116727716,-0.0005975203907203,-0.0008302873015873,-0.0006835755799755,-0.0005135345543345,-0.0005069021978021,-0.0004797155067155
-0.0005433711111111,-0.0004763426129426,-0.0003862476190476,0.0005091142857142,-7.902175824175796e-05,-0.0004316116727716,-0.0006036175824175,-0.0008333285714285,-0.0006866002197802,-0.0005165555555555,-0.0005099195360195,-0.0004827328449328
-0.0005524779975579,-0.0004793765567765,-0.000380165079365,0.0005151748962148,-8.510078144078116e-05,-0.0004285721367521,-0.0006036175824175,-0.0008333285714285,-0.0006866002197802,-0.0005165555555555,-0.0005099195360195,-0.0004827328449328
-0.0005555136263736,-0.0004824105006105,-0.0003832063492063,0.0005182052014652,-8.510078144078116e-05,-0.0004316116727716,-0.0005975203907203,-0.0008302873015873,-0.0006835755799755,-0.0005195765567765,-0.0005129368742368,-0.0004857501831501
-0.0005524779975579,-0.0004763426129426,-0.0003832063492063,0.0005121445909645,-8.510078144078116e-05,-0.0004285721367521,-0.0006005689865689,-0.0008302873015873,-0.0006835755799755,-0.0005165555555555,-0.0005129368742368,-0.0004857501831501
-0.0005494423687423,-0.0004702747252747,-0.000380165079365,0.0005091142857142,-8.510078144078116e-05,-0.0004255326007326,-0.0006005689865689,-0.000827246031746,-0.0006805509401709,-0.0005135345543345,-0.0005069021978021,-0.0004827328449328
-0.0005524779975579,-0.0004702747252747,-0.0003771238095238,0.0005091142857142,-8.814029304029276e-05,-0.000422493064713,-0.0006005689865689,-0.0008242047619047,-0.0006745016605616,-0.0005074925518925,-0.0005069021978021,-0.0004827328449328
-0.0005494423687423,-0.0004672407814407,-0.0003740825396825,0.0005060839804639,-8.814029304029276e-05,-0.0004194535286935,-0.0005944717948717,-0.0008211634920634,-0.000671477020757,-0.0005044715506715,-0.0005038848595848,-0.0004797155067155
-0.0005464067399267,-0.0004611728937728,-0.0003710412698412,0.0005030536752136,-8.814029304029276e-05,-0.0004164139926739,-0.0005914231990231,-0.0008242047619047,-0.0006654277411477,-0.0005014505494505,-0.0004978501831501,-0.0004766981684981
-0.0005494423687423,-0.0004611728937728,-0.0003649587301587,0.0005030536752136,-9.117980463980436e-05,-0.0004133744566544,-0.0005914231990231,-0.0008242047619047,-0.0006624031013431,-0.0004954085470085,-0.0004948328449328,-0.0004736808302808
-0.0005494423687423,-0.0004611728937728,-0.0003649587301587,0.0005030536752136,-9.117980463980436e-05,-0.0004133744566544,-0.0005944717948717,-0.000827246031746,-0.0006624031013431,-0.0004954085470085,-0.0004978501831501,-0.0004766981684981
-0.0005464067399267,-0.000455105006105,-0.0003649587301587,0.0005000233699633,-9.117980463980436e-05,-0.0004103349206349,-0.0005944717948717,-0.0008059571428571,-0.0006412306227106,-0.0004923875457875,-0.0005008675213675,-0.0004887675213675
-0.0005464067399267,-0.0004277995115995,-0.000334546031746,0.0004848718437118,-0.0001063773626373,-0.0003799395604395,-0.0005914231990231,-0.0007664206349206,-0.0005867871062271,-0.0004712405372405,-0.0005008675213675,-0.0005008368742368
-0.0005464067399267,-0.0003337472527472,-0.0002433079365079,0.0004394172649572,-0.00015197003663,-0.0002887534798534,-0.0005914231990231,-0.0007025539682539,-0.0004960479120879,-0.0004077995115995,-0.0004616421245421,-0.0004797155067155
-0.0004917654212454,-0.0001699142857142,-0.0001338222222222,0.0003303262759462,-0.0001793256410256,-0.0001519743589743,-0.0006219091575091,-0.0005809031746031,-0.0003448159218559,-0.0002658124542124,-0.0003560352869352,-0.0004072993894993
-0.0003703402686202,4.852967032967053e-05,-4.2584126984126885e-05,0.0001606291819291,-0.000164128083028,3.0419780219779864e-06,-0.0006859296703296,-0.0004714174603174,-0.0001451896947496,-3.923736263736316e-05,-0.0001749949938949,-0.0002866058608058
-0.0002215944566544,0.0003670937728937,0.0001277269841269,-7.270432234432232e-05,-0.0001732466178266,0.0002462048595848,-0.0008536024420024,-0.0005930682539682,3.326405372405365e-05,0.0002537997557997,0.0001056174603174,-5.1253479853480456e-05
-6.374175824175851e-05,0.0007342009768009,0.0003375746031746,-0.0003333105738705,-0.0002006022222222,0.0005349607814407,-0.0011371218559218,-0.0009336904761904,0.0001270278876678,0.0005649628815628,0.000449594017094,0.000265567032967
9.107531135531109e-05,0.0010284935286935,0.0004713904761904,-0.0005575531623931,-0.0001884441758241,0.0007507678388278,-0.0014907589743589,-0.001335138095238,7.25843711843711e-05,0.0008066429792429,0.0007543451770451,0.0005703181929181
0.000191251062271,0.0011862586080586,0.0005291746031746,-0.0006878562881562,-0.0001671675946275,0.0008571515995115,-0.0017864727716727,-0.0016514301587301,-7.562297924297932e-05,0.000879147008547,0.0009142641025641,0.0007875665445665
0.0001548235164835,0.0009162376068376,0.000298038095238,-0.0005333107203907,-6.990322344322315e-05,0.0006079096459096,-0.001844396092796,-0.0018034936507936,-0.000402284078144,0.0005528788766788,0.0007090851037851,0.0007151504273504
-7.891990231990259e-05,0.0002882112332112,-9.124444444444436e-05,-0.0001030073748473,6.084566544566828e-06,9.72675946275946e-05,-0.0016401401709401,-0.0019251444444444,-0.0008801771672771,-5.736336996337048e-05,0.0002263109890109,0.0004013472527472
-0.0003521264957264,-6.069230769230749e-05,-0.0001672761904761,0.0002060837606837,-9.117980463980436e-05,-0.0001124603907203,-0.001429787057387,-0.0020954555555555,-0.0012431339438339,-0.0004923875457875,-9.65442002442004e-05,0.0001901335775335
-0.000519086080586,-0.0002518307692307,-0.000188565079365,0.0003848717704517,-0.000164128083028,-0.0002188441514041,-0.001256017094017,-0.0020285476190476,-0.001342947057387,-0.0006917736263736,-0.0002896538461538,2.7197313797313198e-05
-0.0005949768009768,-0.0003913921855921,-0.000255473015873,0.0004909324542124,-0.0001702071062271,-0.0003221883760683,-0.0011249274725274,-0.0017791634920634,-0.0012461585836385,-0.0007129206349206,-0.0003952606837606,-0.0001236695970695
-0.0006071193162393,-0.0004399352869352,-0.0002919682539682,0.0005212355067155,-0.000158049059829,-0.0003647418803418,-0.0010273724053724,-0.0015328206349206,-0.0011009758730158,-0.0006615636141636,-0.0004375034188034,-0.0002322937728937
-0.0005797986568986,-0.000455105006105,-0.000334546031746,0.0005151748962148,-0.0001215749206349,-0.0003951372405372,-0.0009115257631257,-0.0013108079365079,-0.0009799902808302,-0.0006222905982905,-0.0004676768009768,-0.0003197965811965
-0.0005646205128205,-0.000455105006105,-0.0003497523809523,0.0005091142857142,-0.0001063773626373,-0.0004012163125763,-0.0007682417582417,-0.0010918365079365,-0.0008620293284493,-0.0005739545787545,-0.0004827634920634,-0.0003801433455433
-0.0005494423687423,-0.0004247655677655,-0.0003315047619047,0.0004848718437118,-0.0001094168742368,-0.00037690002442,-0.0006523951159951,-0.0009154428571428,-0.0007501176556776,-0.0005165555555555,-0.0004706941391941,-0.0004072993894993
-0.0005251573382173,-0.0003944261294261,-0.0003223809523809,0.000457599096459,-0.0001002983394383,-0.0003586628083028,-0.0005975203907203,-0.0008120396825396,-0.0006775263003663,-0.0004803035409035,-0.0004556074481074,-0.000413334065934
-0.0005221217094017,-0.0003883582417582,-0.0003193396825396,0.0004545687912087,-0.0001002983394383,-0.0003525837362637,-0.0005761802197802,-0.0007725031746031,-0.0006412306227106,-0.0004682195360195,-0.0004556074481074,-0.0004193687423687
-0.0005372998534798,-0.000400494017094,-0.0003193396825396,0.00046669001221,-0.0001094168742368,-0.0003586628083028,-0.0005578886446886,-0.0007542555555555,-0.0006261074236874,-0.0004682195360195,-0.0004616421245421,-0.0004254034188034
-0.0005524779975579,-0.0004126297924297,-0.0003193396825396,0.0004818415384615,-0.0001154958974358,-0.0003647418803418,-0.0005487428571428,-0.0007390492063492,-0.0006230827838827,-0.0004682195360195,-0.0004676768009768,-0.0004344554334554
-0.0005464067399267,-0.0004186976800976,-0.0003284634920634,0.0004818415384615,-0.0001094168742368,-0.0003738604884004,-0.000539597069597,-0.0007268841269841,-0.0006230827838827,-0.0004742615384615,-0.0004767288156288,-0.0004465247863247
-0.0005433711111111,-0.0004186976800976,-0.0003315047619047,0.0004788112332112,-0.0001063773626373,-0.0003738604884004,-0.0005365484737484,-0.000714719047619,-0.0006170335042735,-0.0004742615384615,-0.0004797461538461,-0.0004495421245421
-0.0005403354822954,-0.0004156637362637,-0.0003284634920634,0.0004757809279609,-0.0001063773626373,-0.0003708209523809,-0.0005334998778998,-0.0007055952380952,-0.0006109842246642,-0.0004742615384615,-0.0004797461538461,-0.0004555768009768
-0.0005342642246642,-0.0004126297924297,-0.0003315047619047,0.0004727506227106,-0.0001002983394383,-0.0003708209523809,-0.0005334998778998,-0.0006995126984126,-0.0006049349450549,-0.0004742615384615,-0.0004827634920634,-0.0004616114774114
-0.0005433711111111,-0.0004095958485958,-0.0003223809523809,0.0004757809279609,-0.0001094168742368,-0.0003647418803418,-0.0005274026862026,-0.0006903888888888,-0.0005988856654456,-0.0004712405372405,-0.0004797461538461,-0.0004616114774114
-0.0005464067399267,-0.0004095958485958,-0.0003162984126984,0.0004757809279609,-0.0001154958974358,-0.0003617023443223,-0.0005213054945054,-0.000681265079365,-0.0005898117460317,-0.0004682195360195,-0.0004797461538461,-0.0004616114774114
-0.0005403354822954,-0.0004156637362637,-0.0003315047619047,0.0004757809279609,-0.0001033378510378,-0.0003738604884004,-0.0005213054945054,-0.0006751825396825,-0.0005898117460317,-0.0004682195360195,-0.0004827634920634,-0.0004646288156288
-0.0005342642246642,-0.0004186976800976,-0.0003406285714285,0.0004757809279609,-9.725882783882755e-05,-0.0003799395604395,-0.0005213054945054,-0.0006690999999999,-0.0005898117460317,-0.0004682195360195,-0.0004827634920634,-0.0004646288156288
-0.0005342642246642,-0.0004186976800976,-0.0003375873015873,0.0004757809279609,-9.725882783882755e-05,-0.00037690002442,-0.0005213054945054,-0.0006660587301587,-0.0005867871062271,-0.0004651985347985,-0.0004797461538461,-0.0004585941391941
-0.0005403354822954,-0.0004095958485958,-0.0003223809523809,0.0004727506227106,-0.0001094168742368,-0.0003647418803418,-0.0005213054945054,-0.0006630174603174,-0.0005898117460317,-0.0004651985347985,-0.0004767288156288,-0.0004555768009768
-0.0005464067399267,-0.0004035279609279,-0.0003102158730158,0.0004727506227106,-0.0001185354090354,-0.0003556232722832,-0.0005213054945054,-0.0006599761904761,-0.0005898117460317,-0.0004621775335775,-0.0004737114774114,-0.0004585941391941
-0.0005403354822954,-0.0004035279609279,-0.0003162984126984,0.0004697203174603,-0.0001124563858363,-0.0003586628083028,-0.0005213054945054,-0.0006569349206349,-0.0005867871062271,-0.0004651985347985,-0.0004767288156288,-0.0004555768009768
-0.0005281929670329,-0.0004065619047619,-0.0003315047619047,0.00046669001221,-9.725882783882755e-05,-0.0003677814163614,-0.000524354090354,-0.0006478111111111,-0.0005837624664224,-0.0004682195360195,-0.0004797461538461,-0.0004585941391941
-0.0005312285958485,-0.0004126297924297,-0.0003436698412698,0.0004697203174603,-9.421931623931596e-05,-0.00037690002442,-0.0005213054945054,-0.0006417285714285,-0.0005807378266178,-0.0004651985347985,-0.0004827634920634,-0.0004646288156288
-0.0005342642246642,-0.0004156637362637,-0.0003406285714285,0.0004727506227106,-9.725882783882755e-05,-0.00037690002442,-0.0005152083028083,-0.0006386873015873,-0.0005777131868131,-0.0004651985347985,-0.0004827634920634,-0.0004646288156288
-0.0005342642246642,-0.0004126297924297,-0.0003315047619047,0.0004727506227106,-0.0001002983394383,-0.0003708209523809,-0.0005121597069597,-0.000635646031746,-0.0005746885470085,-0.0004651985347985,-0.0004797461538461,-0.0004646288156288
-0.0005342642246642,-0.0004095958485958,-0.0003284634920634,0.0004697203174603,-0.0001033378510378,-0.0003677814163614,-0.0005091111111111,-0.0006295634920634,-0.0005746885470085,-0.0004621775335775,-0.0004767288156288,-0.0004616114774114
-0.0005342642246642,-0.0004126297924297,-0.000334546031746,0.0004727506227106,-0.0001002983394383,-0.0003738604884004,-0.0005121597069597,-0.0006234809523809,-0.0005716639072039,-0.0004591565323565,-0.0004797461538461,-0.0004616114774114
-0.0005221217094017,-0.0004156637362637,-0.0003467111111111,0.00046669001221,-8.814029304029276e-05,-0.0003799395604395,-0.0005121597069597,-0.0006173984126984,-0.0005686392673992,-0.0004591565323565,-0.0004797461538461,-0.0004676461538461
-0.0005251573382173,-0.0004095958485958,-0.0003406285714285,0.00046669001221,-9.117980463980436e-05,-0.0003738604884004,-0.0005091111111111,-0.0006113158730158,-0.0005686392673992,-0.0004621775335775,-0.0004857808302808,-0.0004676461538461
-0.0005312285958485,-0.00039746007326,-0.0003193396825396,0.0004636597069597,-0.0001063773626373,-0.0003586628083028,-0.0005060625152625,-0.0006052333333333,-0.0005625899877899,-0.0004591565323565,-0.0004797461538461,-0.0004616114774114
-0.0005342642246642,-0.00039746007326,-0.0003193396825396,0.0004636597069597,-0.0001063773626373,-0.0003586628083028,-0.0005030139194139,-0.0005961095238095,-0.0005565407081807,-0.0004531145299145,-0.0004767288156288,-0.0004585941391941
-0.0005372998534798,-0.0004126297924297,-0.0003315047619047,0.0004727506227106,-0.0001033378510378,-0.0003708209523809,-0.0004999653235653,-0.0005809031746031,-0.0005504914285714,-0.0004470725274725,-0.0004767288156288,-0.0004585941391941
-0.0005372998534798,-0.0004156637362637,-0.0003315047619047,0.0004757809279609,-0.0001033378510378,-0.0003738604884004,-0.0004969167277167,-0.0005656968253968,-0.0005414175091575,-0.0004410305250305,-0.0004676768009768,-0.0004525594627594
-0.0005372998534798,-0.0004095958485958,-0.0003284634920634,0.0004727506227106,-0.0001033378510378,-0.0003677814163614,-0.0004969167277167,-0.0005626555555555,-0.0005383928693528,-0.0004410305250305,-0.0004676768009768,-0.0004525594627594
-0.0005312285958485,-0.0004065619047619,-0.000334546031746,0.00046669001221,-9.725882783882755e-05,-0.0003708209523809,-0.0004908195360195,-0.000556573015873,-0.0005383928693528,-0.0004440515262515,-0.0004737114774114,-0.0004555768009768
-0.000519086080586,-0.0004035279609279,-0.0003436698412698,0.0004606294017094,-8.814029304029276e-05,-0.0003738604884004,-0.0004969167277167,-0.000556573015873,-0.0005383928693528,-0.0004470725274725,-0.0004767288156288,-0.0004646288156288
-0.0005069435653235,-0.0004035279609279,-0.0003558349206349,0.0004545687912087,-7.598224664224636e-05,-0.0003799395604395,-0.0004969167277167,-0.0005474492063492,-0.0005383928693528,-0.0004531145299145,-0.0004797461538461,-0.0004676461538461
-0.0005099791941391,-0.0004095958485958,-0.0003619174603174,0.000457599096459,-7.294273504273476e-05,-0.0003860186324786,-0.0004938681318681,-0.0005352841269841,-0.0005353682295482,-0.0004500935286935,-0.0004827634920634,-0.0004706634920634
-0.0005130148229548,-0.0004065619047619,-0.0003527936507936,0.000457599096459,-7.902175824175796e-05,-0.0003799395604395,-0.0004877709401709,-0.0005200777777777,-0.0005323435897435,-0.0004470725274725,-0.0004827634920634,-0.0004736808302808
-0.0005221217094017,-0.0004035279609279,-0.0003406285714285,0.0004606294017094,-9.117980463980436e-05,-0.0003708209523809,-0.0004786251526251,-0.0005048714285714,-0.000520245030525,-0.0004410305250305,-0.0004797461538461,-0.0004706634920634
-0.0005281929670329,-0.0004035279609279,-0.0003315047619047,0.0004636597069597,-9.725882783882755e-05,-0.0003677814163614,-0.0004694793650793,-0.0004866238095238,-0.0005081464713064,-0.0004289465201465,-0.0004737114774114,-0.0004646288156288
-0.000519086080586,-0.0004035279609279,-0.0003375873015873,0.0004606294017094,-9.117980463980436e-05,-0.0003708209523809,-0.0004694793650793,-0.0004714174603174,-0.0005051218315018,-0.0004289465201465,-0.0004706941391941,-0.0004616114774114
-0.0005069435653235,-0.00039746007326,-0.0003467111111111,0.0004515384859584,-7.902175824175796e-05,-0.0003708209523809,-0.0004755765567765,-0.0004592523809523,-0.0005051218315018,-0.0004319675213675,-0.0004737114774114,-0.0004646288156288
-0.0005099791941391,-0.0003913921855921,-0.0003406285714285,0.0004485081807081,-8.510078144078116e-05,-0.0003647418803418,-0.0004755765567765,-0.000444046031746,-0.0005020971916971,-0.0004289465201465,-0.0004706941391941,-0.0004616114774114
-0.0005099791941391,-0.0003822903540903,-0.0003315047619047,0.0004454778754578,-8.814029304029276e-05,-0.0003556232722832,-0.0004725279609279,-0.0004257984126984,-0.0004930232722832,-0.0004198835164835,-0.0004646594627594,-0.0004525594627594
-0.0005069435653235,-0.0003731885225885,-0.0003223809523809,0.0004394172649572,-9.117980463980436e-05,-0.0003465046642246,-0.0004664307692307,-0.0004075507936507,-0.0004809247130647,-0.0004138415140415,-0.0004586247863247,-0.0004465247863247
-0.0005008723076923,-0.0003671206349206,-0.0003223809523809,0.0004333566544566,-8.814029304029276e-05,-0.0003434651282051,-0.0004633821733821,-0.0003862619047619,-0.0004688261538461,-0.0004108205128205,-0.0004556074481074,-0.0004495421245421
-0.0004978366788766,-0.0003640866910866,-0.0003223809523809,0.0004303263492063,-8.814029304029276e-05,-0.0003434651282051,-0.0004572849816849,-0.000364973015873,-0.0004597522344322,-0.0004077995115995,-0.0004556074481074,-0.0004465247863247
-0.0005008723076923,-0.0003640866910866,-0.0003193396825396,0.0004303263492063,-9.117980463980436e-05,-0.0003404255921855,-0.0004511877899877,-0.0003436841269841,-0.0004537029548229,-0.0004017575091575,-0.0004525901098901,-0.0004435074481074
-0.0004917654212454,-0.0003549848595848,-0.0003162984126984,0.0004212354334554,-8.814029304029276e-05,-0.0003343465201465,-0.0004450905982905,-0.0003223952380952,-0.000444629035409,-0.0003987365079365,-0.0004465554334554,-0.0004404901098901
-0.0004826585347985,-0.0003398151404151,-0.0003102158730158,0.0004091142124542,-8.510078144078116e-05,-0.0003252279120879,-0.0004450905982905,-0.0003011063492063,-0.0004355551159951,-0.0003926945054945,-0.0004405207570207,-0.0004344554334554
-0.0004826585347985,-0.0003276793650793,-0.0002980507936507,0.0004030536019536,-9.117980463980436e-05,-0.0003130697680097,-0.0004450905982905,-0.0002798174603174,-0.0004234565567765,-0.0003866525030525,-0.000434486080586,-0.0004284207570207
-0.0004765872771672,-0.0003185775335775,-0.0002980507936507,0.0003969929914529,-8.814029304029276e-05,-0.0003069906959706,-0.000442042002442,-0.000252446031746,-0.0004143826373626,-0.0003806105006105,-0.0004284514041514,-0.000422386080586
-0.0004735516483516,-0.0003155435897435,-0.0002919682539682,0.0003939626862026,-9.117980463980436e-05,-0.0003039511599511,-0.0004328962148962,-0.0002250746031746,-0.0004083333577533,-0.0003685264957264,-0.0004193993894993,-0.0004163514041514
-0.0004674803907203,-0.0002973399267399,-0.0002828444444444,0.0003818414652014,-9.117980463980436e-05,-0.0002887534798534,-0.0004298476190476,-0.0002007444444444,-0.0003962347985347,-0.0003594634920634,-0.0004103473748473,-0.000404282051282
-0.0004553378754578,-0.0002730683760683,-0.0002737206349206,0.0003636596336996,-9.117980463980436e-05,-0.0002735557997557,-0.0004298476190476,-0.0001794555555555,-0.0003841362393162,-0.0003534214896214,-0.0004012953601953,-0.0003922126984126
-0.0004492666178266,-0.0002578986568986,-0.0002645968253968,0.0003515384126984,-9.117980463980436e-05,-0.0002613976556776,-0.000426799023199,-0.0001612079365079,-0.0003750623199023,-0.0003473794871794,-0.000389226007326,-0.0003801433455433
-0.0004492666178266,-0.0002487968253968,-0.000255473015873,0.0003485081074481,-9.725882783882755e-05,-0.000252279047619,-0.0004237504273504,-0.0001429603174603,-0.0003629637606837,-0.0003383164835164,-0.0003801739926739,-0.0003680739926739
-0.0004462309890109,-0.0002396949938949,-0.0002493904761904,0.0003424474969474,-9.725882783882755e-05,-0.0002431604395604,-0.0004207018315018,-0.0001307952380952,-0.0003599391208791,-0.0003322744810744,-0.0003741393162393,-0.0003620393162393
-0.0004431953601953,-0.0002245252747252,-0.0002402666666666,0.0003333565811965,-0.0001002983394383,-0.0002310022954822,-0.0004176532356532,-0.0001186301587301,-0.0003508652014652,-0.0003262324786324,-0.0003650873015873,-0.0003499699633699
-0.0004280172161172,-0.0002063216117216,-0.0002311428571428,0.0003151747496947,-9.725882783882755e-05,-0.0002188441514041,-0.0004237504273504,-0.0001095063492063,-0.0003448159218559,-0.0003171694749694,-0.0003530179487179,-0.0003348832722832
-0.0004158747008547,-0.0001941858363858,-0.0002372253968253,0.0003030535286935,-8.814029304029276e-05,-0.0002158046153846,-0.0004328962148962,-0.0001095063492063,-0.0003417912820512,-0.0003111274725274,-0.0003469832722832,-0.0003258312576312
-0.000412839072039,-0.0001881179487179,-0.0002311428571428,0.0003000232234432,-9.117980463980436e-05,-0.0002097255433455,-0.0004359448107448,-0.0001095063492063,-0.0003387666422466,-0.0003081064713064,-0.0003379312576312,-0.0003167792429792
-0.0004310528449328,-0.0001729482295482,-0.0001976888888888,0.0003000232234432,-0.0001154958974358,-0.0001854092551892,-0.0004328962148962,-0.0001155888888888,-0.000335742002442,-0.0003020644688644,-0.0003288792429792,-0.0003047098901098
-0.0004249815873015,-0.0001577785103785,-0.000188565079365,0.0002909323076923,-0.0001185354090354,-0.0001732511111111,-0.0004389934065934,-0.0001338365079365,-0.0003417912820512,-0.0003020644688644,-0.0003258619047619,-0.0002986752136752
-0.0004067678144078,-0.0001426087912087,-0.0001976888888888,0.0002727504761904,-0.0001033378510378,-0.0001702115750915,-0.0004542363858363,-0.0001612079365079,-0.0003538898412698,-0.0003081064713064,-0.0003258619047619,-0.0002926405372405
-0.0003976609279609,-0.000127439072039,-0.0001916063492063,0.0002606292551892,-0.0001033378510378,-0.0001580534310134,-0.0004664307692307,-0.0001916206349206,-0.0003599391208791,-0.0003081064713064,-0.0003198272283272,-0.0002835885225885
-0.0004067678144078,-0.0001183372405372,-0.0001733587301587,0.0002606292551892,-0.0001154958974358,-0.0001458952869352,-0.0004786251526251,-0.0002311571428571,-0.000369013040293,-0.0003050854700854,-0.0003107752136752,-0.0002715191697191
-0.0004219459584859,-0.0001183372405372,-0.0001551111111111,0.0002697201709401,-0.0001337329670329,-0.0001367766788766,-0.0004908195360195,-0.0002767761904761,-0.0003811115995115,-0.0003050854700854,-0.0003077578754578,-0.0002654844932844
-0.0004340884737484,-0.0001213711843711,-0.000142946031746,0.0002757807814407,-0.000145891013431,-0.0001306976068376,-0.0004999653235653,-0.000331519047619,-0.0003962347985347,-0.0003141484737484,-0.0003047405372405,-0.0002624671550671
-0.0004340884737484,-0.0001244051282051,-0.0001490285714285,0.000278811086691,-0.0001428515018315,-0.0001367766788766,-0.0005152083028083,-0.0003832206349206,-0.0004143826373626,-0.0003232114774114,-0.0003077578754578,-0.0002594498168498
-0.0004371241025641,-0.0001335069597069,-0.0001551111111111,0.0002848716971916,-0.0001398119902319,-0.0001428557509157,-0.0005304512820512,-0.0004318809523809,-0.0004355551159951,-0.0003322744810744,-0.0003137925518925,-0.0002624671550671
-0.0004431953601953,-0.0001699142857142,-0.0001794412698412,0.0003060838339438,-0.0001306934554334,-0.0001732511111111,-0.0005365484737484,-0.0004714174603174,-0.0004537029548229,-0.0003413374847374,-0.0003228445665445,-0.0002685018315018
-0.0004523022466422,-0.0002002537240537,-0.0002007301587301,0.0003242656654456,-0.0001246144322344,-0.0002006069352869,-0.000539597069597,-0.0005170365079365,-0.0004718507936507,-0.0003534214896214,-0.0003349139194139,-0.0002775538461538
-0.0004614091330891,-0.0002184573870573,-0.0002128952380952,0.0003394171916971,-0.0001246144322344,-0.0002158046153846,-0.0005456942612942,-0.0005596142857142,-0.0004899986324786,-0.0003685264957264,-0.0003469832722832,-0.0002926405372405
-0.0004674803907203,-0.000236661050061,-0.0002250603174603,0.0003515384126984,-0.0001215749206349,-0.0002310022954822,-0.0005517914529914,-0.0005961095238095,-0.0005051218315018,-0.0003806105006105,-0.0003590526251526,-0.0003077272283272
-0.0004796229059829,-0.0002609326007326,-0.0002372253968253,0.0003697202442002,-0.0001215749206349,-0.0002492395115995,-0.0005517914529914,-0.0006265222222222,-0.0005232696703296,-0.0003926945054945,-0.0003741393162393,-0.0003288485958485
-0.000494801050061,-0.000291272039072,-0.000255473015873,0.0003909323809523,-0.0001185354090354,-0.0002735557997557,-0.0005487428571428,-0.0006538936507936,-0.0005383928693528,-0.0004077995115995,-0.0003952606837606,-0.0003560046398046
-0.0005008723076923,-0.0003216114774114,-0.0002737206349206,0.0004091142124542,-0.0001124563858363,-0.000297872087912,-0.0005456942612942,-0.0006782238095238,-0.000553516068376,-0.0004229045177045,-0.0004133647130647,-0.000377126007326
-0.0005130148229548,-0.0003549848595848,-0.0002950095238095,0.0004333566544566,-0.0001094168742368,-0.0003252279120879,-0.0005456942612942,-0.0007025539682539,-0.0005686392673992,-0.0004410305250305,-0.0004314687423687,-0.00039523003663
-0.0005251573382173,-0.0003671206349206,-0.000301092063492,0.0004454778754578,-0.0001124563858363,-0.0003343465201465,-0.0005487428571428,-0.0007208015873015,-0.0005807378266178,-0.0004500935286935,-0.0004375034188034,-0.000404282051282
-0.0005281929670329,-0.0003792564102564,-0.0003071746031746,0.0004515384859584,-0.0001094168742368,-0.0003434651282051,-0.0005517914529914,-0.0007360079365079,-0.0005928363858363,-0.0004591565323565,-0.0004495727716727,-0.0004163514041514
-0.0005251573382173,-0.00039746007326,-0.0003284634920634,0.0004606294017094,-9.725882783882755e-05,-0.0003617023443223,-0.0005578886446886,-0.0007542555555555,-0.0006079595848595,-0.0004772825396825,-0.0004706941391941,-0.0004374727716727
-0.0005372998534798,-0.0004156637362637,-0.0003315047619047,0.0004757809279609,-0.0001033378510378,-0.0003738604884004,-0.0005517914529914,-0.0007633793650793,-0.0006140088644688,-0.0004863455433455,-0.0004827634920634,-0.0004525594627594
-0.0005403354822954,-0.0004217316239316,-0.0003375873015873,0.0004788112332112,-0.0001002983394383,-0.0003799395604395,-0.0005456942612942,-0.0007694619047619,-0.0006200581440781,-0.0004923875457875,-0.0004887981684981,-0.0004585941391941
-0.0005342642246642,-0.0004277995115995,-0.0003497523809523,0.0004788112332112,-9.117980463980436e-05,-0.0003890581684981,-0.0005517914529914,-0.0007755444444444,-0.0006261074236874,-0.0004893665445665,-0.0004887981684981,-0.0004585941391941
-0.0005433711111111,-0.0004429692307692,-0.0003527936507936,0.0004909324542124,-9.421931623931596e-05,-0.0003981767765567,-0.0005517914529914,-0.0007785857142857,-0.0006321567032967,-0.0004923875457875,-0.0004887981684981,-0.0004585941391941
-0.0005524779975579,-0.0004429692307692,-0.0003467111111111,0.000496993064713,-0.0001033378510378,-0.0003951372405372,-0.0005487428571428,-0.0007877095238095,-0.0006412306227106,-0.0004984295482295,-0.0004918155067155,-0.0004646288156288
-0.0005555136263736,-0.0004338673992673,-0.000334546031746,0.0004939627594627,-0.0001094168742368,-0.000382979096459,-0.0005456942612942,-0.000793792063492,-0.0006533291819291,-0.0005105135531135,-0.0005008675213675,-0.0004736808302808
-0.0005585492551892,-0.0004369013431013,-0.0003375873015873,0.000496993064713,-0.0001094168742368,-0.0003860186324786,-0.0005456942612942,-0.000793792063492,-0.0006533291819291,-0.0005165555555555,-0.0005099195360195,-0.0004857501831501
-0.0005615848840048,-0.0004581389499389,-0.0003558349206349,0.0005091142857142,-0.0001033378510378,-0.0004072953846153,-0.0005426456654456,-0.0007907507936507,-0.0006472799023199,-0.0005135345543345,-0.0005129368742368,-0.0004887675213675
-0.0005585492551892,-0.0004733086691086,-0.0003710412698412,0.0005151748962148,-9.421931623931596e-05,-0.000422493064713,-0.0005334998778998,-0.0007846682539682,-0.0006382059829059,-0.0005044715506715,-0.0005099195360195,-0.0004827328449328
-0.0005585492551892,-0.0004854444444444,-0.0003832063492063,0.0005212355067155,-8.814029304029276e-05,-0.0004346512087912,-0.0005304512820512,-0.0007816269841269,-0.0006321567032967,-0.0005014505494505,-0.0005069021978021,-0.0004766981684981
-0.0005615848840048,-0.0004854444444444,-0.0003832063492063,0.0005212355067155,-8.814029304029276e-05,-0.0004346512087912,-0.0005304512820512,-0.0007816269841269,-0.0006382059829059,-0.0005074925518925,-0.0005099195360195,-0.0004797155067155
-0.0005585492551892,-0.0004854444444444,-0.0003832063492063,0.0005212355067155,-8.814029304029276e-05,-0.0004346512087912,-0.0005334998778998,-0.0007877095238095,-0.0006412306227106,-0.0005135345543345,-0.0005129368742368,-0.0004857501831501
-0.0005494423687423,-0.0004793765567765,-0.0003832063492063,0.0005121445909645,-8.206126984126955e-05,-0.0004316116727716,-0.0005334998778998,-0.0007877095238095,-0.0006412306227106,-0.0005135345543345,-0.0005129368742368,-0.0004827328449328
-0.0005555136263736,-0.0004854444444444,-0.0003832063492063,0.0005182052014652,-8.510078144078116e-05,-0.0004346512087912,-0.0005274026862026,-0.0007785857142857,-0.0006351813431013,-0.0005105135531135,-0.0005099195360195,-0.0004797155067155
-0.0005615848840048,-0.0004854444444444,-0.0003771238095238,0.0005212355067155,-9.117980463980436e-05,-0.0004316116727716,-0.0005213054945054,-0.0007755444444444,-0.0006321567032967,-0.0005074925518925,-0.0005099195360195,-0.0004797155067155
-0.0005555136263736,-0.0004733086691086,-0.0003710412698412,0.0005121445909645,-9.117980463980436e-05,-0.000422493064713,-0.0005274026862026,-0.0007785857142857,-0.0006382059829059,-0.0005165555555555,-0.0005159542124542,-0.0004887675213675
-0.0005524779975579,-0.0004642068376068,-0.0003619174603174,0.0005060839804639,-9.421931623931596e-05,-0.0004133744566544,-0.0005365484737484,-0.0007846682539682,-0.0006472799023199,-0.0005256185592185,-0.0005219888888888,-0.0004948021978021
-0.0005494423687423,-0.0004581389499389,-0.0003619174603174,0.0005030536752136,-9.421931623931596e-05,-0.0004103349206349,-0.0005365484737484,-0.0007816269841269,-0.0006472799023199,-0.0005256185592185,-0.0005219888888888,-0.0004978195360195
-0.0005403354822954,-0.0004611728937728,-0.0003771238095238,0.0005000233699633,-8.206126984126955e-05,-0.0004194535286935,-0.0005334998778998,-0.0007755444444444,-0.0006442552625152,-0.0005286395604395,-0.0005280235653235,-0.0005038542124542
-0.0005464067399267,-0.0004702747252747,-0.0003771238095238,0.0005060839804639,-8.510078144078116e-05,-0.000422493064713,-0.0005274026862026,-0.0007694619047619,-0.0006442552625152,-0.0005286395604395,-0.0005280235653235,-0.0004978195360195
-0.0005615848840048,-0.0004733086691086,-0.0003649587301587,0.0005151748962148,-9.725882783882755e-05,-0.0004194535286935,-0.0005152083028083,-0.0007664206349206,-0.0006351813431013,-0.0005195765567765,-0.0005219888888888,-0.0004887675213675
-0.0005615848840048,-0.0004702747252747,-0.0003649587301587,0.0005151748962148,-9.725882783882755e-05,-0.0004164139926739,-0.0005121597069597,-0.0007633793650793,-0.000629132063492,-0.0005135345543345,-0.0005159542124542,-0.0004827328449328
-0.0005524779975579,-0.0004763426129426,-0.0003771238095238,0.0005121445909645,-8.814029304029276e-05,-0.0004255326007326,-0.0005152083028083,-0.0007572968253968,-0.0006261074236874,-0.0005074925518925,-0.0005099195360195,-0.0004797155067155
-0.0005464067399267,-0.0004733086691086,-0.000380165079365,0.0005091142857142,-8.206126984126955e-05,-0.0004255326007326,-0.000524354090354,-0.000760338095238,-0.000629132063492,-0.0005074925518925,-0.0005099195360195,-0.0004827328449328
-0.0005524779975579,-0.0004611728937728,-0.0003619174603174,0.0005060839804639,-9.421931623931596e-05,-0.0004103349206349,-0.000524354090354,-0.0007572968253968,-0.0006230827838827,-0.0005044715506715,-0.0005099195360195,-0.0004857501831501
-0.0005555136263736,-0.000455105006105,-0.0003558349206349,0.0005030536752136,-0.0001002983394383,-0.0004042558485958,-0.0005213054945054,-0.0007572968253968,-0.0006200581440781,-0.0005044715506715,-0.0005099195360195,-0.0004887675213675
-0.0005494423687423,-0.0004702747252747,-0.0003740825396825,0.0005091142857142,-8.814029304029276e-05,-0.000422493064713,-0.0005121597069597,-0.0007512142857142,-0.0006140088644688,-0.0005044715506715,-0.0005099195360195,-0.0004857501831501
-0.0005524779975579,-0.0004793765567765,-0.0003862476190476,0.0005151748962148,-8.206126984126955e-05,-0.0004316116727716,-0.0005060625152625,-0.0007451317460317,-0.0006109842246642,-0.0005014505494505,-0.0005069021978021,-0.0004766981684981
-0.0005464067399267,-0.0004702747252747,-0.0003832063492063,0.0005060839804639,-8.206126984126955e-05,-0.0004255326007326,-0.0005121597069597,-0.0007451317460317,-0.0006140088644688,-0.0005014505494505,-0.0005008675213675,-0.0004766981684981
-0.0005433711111111,-0.0004581389499389,-0.0003710412698412,0.0005000233699633,-8.510078144078116e-05,-0.0004133744566544,-0.0005182568986568,-0.0007420904761904,-0.0006170335042735,-0.0005044715506715,-0.0005008675213675,-0.0004736808302808
-0.0005494423687423,-0.0004490371184371,-0.0003588761904761,0.000496993064713,-9.421931623931596e-05,-0.0004042558485958,-0.0005182568986568,-0.0007420904761904,-0.0006140088644688,-0.0005014505494505,-0.0005008675213675,-0.0004766981684981
-0.0005433711111111,-0.000455105006105,-0.0003710412698412,0.000496993064713,-8.510078144078116e-05,-0.0004133744566544,-0.0005182568986568,-0.0007451317460317,-0.0006170335042735,-0.0005014505494505,-0.0005069021978021,-0.0004797155067155
-0.0005403354822954,-0.0004581389499389,-0.0003771238095238,0.000496993064713,-8.206126984126955e-05,-0.0004164139926739,-0.0005213054945054,-0.000748173015873,-0.0006200581440781,-0.0005044715506715,-0.0005099195360195,-0.0004797155067155
-0.0005403354822954,-0.0004460031746031,-0.0003588761904761,0.0004909324542124,-9.117980463980436e-05,-0.0004012163125763,-0.0005304512820512,-0.0007512142857142,-0.0006170335042735,-0.0004984295482295,-0.0005008675213675,-0.0004736808302808
-0.0005403354822954,-0.0004490371184371,-0.0003649587301587,0.0004939627594627,-8.814029304029276e-05,-0.0004072953846153,-0.0005334998778998,-0.000748173015873,-0.0006200581440781,-0.0004954085470085,-0.0004948328449328,-0.0004736808302808
-0.0005372998534798,-0.000455105006105,-0.0003771238095238,0.0004939627594627,-7.902175824175796e-05,-0.0004164139926739,-0.0005334998778998,-0.000748173015873,-0.0006170335042735,-0.0004954085470085,-0.0004918155067155,-0.0004706634920634
-0.0005342642246642,-0.0004429692307692,-0.0003679999999999,0.0004879021489621,-8.206126984126955e-05,-0.0004042558485958,-0.0005426456654456,-0.000748173015873,-0.0006170335042735,-0.0004863455433455,-0.0004827634920634,-0.0004585941391941
-0.0005372998534798,-0.0004308334554334,-0.0003527936507936,0.0004818415384615,-9.117980463980436e-05,-0.0003920977045177,-0.0005426456654456,-0.000748173015873,-0.0006140088644688,-0.0004803035409035,-0.0004737114774114,-0.0004495421245421
-0.0005372998534798,-0.0004338673992673,-0.0003558349206349,0.0004848718437118,-9.117980463980436e-05,-0.0003951372405372,-0.0005426456654456,-0.000748173015873,-0.0006140088644688,-0.0004803035409035,-0.0004767288156288,-0.0004525594627594
-0.0005372998534798,-0.0004399352869352,-0.0003619174603174,0.0004879021489621,-8.814029304029276e-05,-0.0004012163125763,-0.0005426456654456,-0.000748173015873,-0.0006140088644688,-0.0004803035409035,-0.0004797461538461,-0.0004555768009768
-0.0005403354822954,-0.0004490371184371,-0.0003679999999999,0.0004939627594627,-8.510078144078116e-05,-0.0004072953846153,-0.0005456942612942,-0.0007542555555555,-0.0006170335042735,-0.0004833245421245,-0.0004797461538461,-0.0004555768009768
-0.0005372998534798,-0.000455105006105,-0.0003740825396825,0.0004939627594627,-8.206126984126955e-05,-0.0004133744566544,-0.0005456942612942,-0.0007542555555555,-0.0006170335042735,-0.0004833245421245,-0.0004827634920634,-0.0004585941391941
-0.0005312285958485,-0.0004490371184371,-0.000380165079365,0.0004879021489621,-7.598224664224636e-05,-0.0004133744566544,-0.0005487428571428,-0.0007542555555555,-0.0006230827838827,-0.0004863455433455,-0.0004827634920634,-0.0004555768009768
-0.0005342642246642,-0.0004399352869352,-0.0003649587301587,0.0004848718437118,-8.510078144078116e-05,-0.0004012163125763,-0.00055484004884,-0.0007572968253968,-0.000629132063492,-0.0004893665445665,-0.0004857808302808,-0.0004585941391941
-0.0005403354822954,-0.0004277995115995,-0.0003467111111111,0.0004818415384615,-9.725882783882755e-05,-0.0003860186324786,-0.0005578886446886,-0.0007694619047619,-0.0006412306227106,-0.0005044715506715,-0.0004948328449328,-0.0004676461538461
-0.0005342642246642,-0.0004277995115995,-0.0003497523809523,0.0004788112332112,-9.117980463980436e-05,-0.0003890581684981,-0.0005578886446886,-0.0007725031746031,-0.0006412306227106,-0.0005105135531135,-0.0005008675213675,-0.0004706634920634
-0.0005281929670329,-0.0004369013431013,-0.0003649587301587,0.0004818415384615,-8.206126984126955e-05,-0.0004012163125763,-0.00055484004884,-0.0007694619047619,-0.0006321567032967,-0.0004954085470085,-0.0004918155067155,-0.0004676461538461
-0.0005312285958485,-0.0004672407814407,-0.0003892888888888,0.000496993064713,-6.990322344322315e-05,-0.0004285721367521,-0.0005426456654456,-0.0007572968253968,-0.0006200581440781,-0.0004863455433455,-0.0004857808302808,-0.0004585941391941
-0.0005312285958485,-0.0004763426129426,-0.0003984126984126,0.0005030536752136,-6.686371184371155e-05,-0.0004376907448107,-0.0005426456654456,-0.000760338095238,-0.0006230827838827,-0.0004833245421245,-0.0004797461538461,-0.0004555768009768
-0.0005342642246642,-0.0004702747252747,-0.0003862476190476,0.0005000233699633,-7.294273504273476e-05,-0.0004285721367521,-0.0005456942612942,-0.0007664206349206,-0.0006321567032967,-0.0004863455433455,-0.0004797461538461,-0.0004525594627594
-0.0005372998534798,-0.0004642068376068,-0.000380165079365,0.0005000233699633,-7.902175824175796e-05,-0.000422493064713,-0.0005456942612942,-0.0007694619047619,-0.0006382059829059,-0.0004923875457875,-0.0004827634920634,-0.0004525594627594
-0.0005312285958485,-0.0004611728937728,-0.0003892888888888,0.0004939627594627,-6.990322344322315e-05,-0.0004255326007326,-0.0005517914529914,-0.0007725031746031,-0.0006382059829059,-0.0004954085470085,-0.0004857808302808,-0.0004555768009768
-0.0005312285958485,-0.0004642068376068,-0.0003892888888888,0.000496993064713,-6.990322344322315e-05,-0.0004255326007326,-0.00055484004884,-0.0007725031746031,-0.0006382059829059,-0.0004954085470085,-0.0004827634920634,-0.0004555768009768
-0.0005403354822954,-0.0004581389499389,-0.0003740825396825,0.000496993064713,-8.206126984126955e-05,-0.0004164139926739,-0.0005578886446886,-0.0007755444444444,-0.0006412306227106,-0.0004954085470085,-0.0004827634920634,-0.0004585941391941
-0.0005403354822954,-0.0004581389499389,-0.0003710412698412,0.000496993064713,-8.510078144078116e-05,-0.0004133744566544,-0.00055484004884,-0.0007755444444444,-0.0006442552625152,-0.0004984295482295,-0.0004857808302808,-0.0004616114774114
-0.0005494423687423,-0.0004733086691086,-0.0003771238095238,0.0005091142857142,-8.510078144078116e-05,-0.0004255326007326,-0.0005487428571428,-0.0007725031746031,-0.0006412306227106,-0.0004954085470085,-0.0004857808302808,-0.0004616114774114
-0.0005524779975579,-0.0004702747252747,-0.0003771238095238,0.0005091142857142,-8.814029304029276e-05,-0.000422493064713,-0.0005517914529914,-0.0007755444444444,-0.0006442552625152,-0.0004954085470085,-0.0004857808302808,-0.0004646288156288
-0.0005403354822954,-0.000455105006105,-0.0003740825396825,0.000496993064713,-8.206126984126955e-05,-0.0004133744566544,-0.0005639858363858,-0.0007877095238095,-0.0006533291819291,-0.0005044715506715,-0.0004887981684981,-0.0004706634920634
-0.0005312285958485,-0.0004581389499389,-0.0003832063492063,0.0004939627594627,-7.294273504273476e-05,-0.0004194535286935,-0.0005670344322344,-0.0007877095238095,-0.0006503045421245,-0.0005074925518925,-0.0004948328449328,-0.0004676461538461
-0.0005312285958485,-0.0004733086691086,-0.0003953714285714,0.0005000233699633,-6.686371184371155e-05,-0.0004346512087912,-0.00055484004884,-0.0007846682539682,-0.0006442552625152,-0.0005044715506715,-0.0004948328449328,-0.0004676461538461
-0.0005342642246642,-0.0004915123321123,-0.0004105777777777,0.0005121445909645,-6.078468864468836e-05,-0.0004498488888888,-0.0005456942612942,-0.0007816269841269,-0.0006472799023199,-0.0005074925518925,-0.0005008675213675,-0.0004736808302808
-0.0005372998534798,-0.0004915123321123,-0.0004105777777777,0.0005121445909645,-6.382420024419996e-05,-0.0004498488888888,-0.0005426456654456,-0.0007846682539682,-0.0006533291819291,-0.0005135345543345,-0.0005038848595848,-0.0004736808302808
-0.0005433711111111,-0.0004793765567765,-0.0003923301587301,0.0005091142857142,-7.598224664224636e-05,-0.0004346512087912,-0.0005487428571428,-0.0007846682539682,-0.0006533291819291,-0.0005074925518925,-0.0004948328449328,-0.0004616114774114
-0.0005433711111111,-0.0004733086691086,-0.0003862476190476,0.0005060839804639,-7.902175824175796e-05,-0.0004285721367521,-0.00055484004884,-0.0007846682539682,-0.0006533291819291,-0.0005044715506715,-0.0004918155067155,-0.0004616114774114
-0.0005403354822954,-0.0004793765567765,-0.0003953714285714,0.0005091142857142,-7.294273504273476e-05,-0.0004376907448107,-0.0005578886446886,-0.0007877095238095,-0.0006563538217338,-0.0005105135531135,-0.0004978501831501,-0.0004706634920634
-0.0005372998534798,-0.0004763426129426,-0.0003953714285714,0.0005060839804639,-6.990322344322315e-05,-0.0004346512087912,-0.0005578886446886,-0.000793792063492,-0.0006624031013431,-0.0005135345543345,-0.0005008675213675,-0.0004766981684981
-0.0005403354822954,-0.0004763426129426,-0.0003953714285714,0.0005060839804639,-7.294273504273476e-05,-0.0004346512087912,-0.00055484004884,-0.0007968333333333,-0.0006654277411477,-0.0005195765567765,-0.0005038848595848,-0.0004766981684981
-0.0005372998534798,-0.0004793765567765,-0.0004014539682539,0.0005060839804639,-6.686371184371155e-05,-0.0004407302808302,-0.0005517914529914,-0.0007998746031746,-0.0006624031013431,-0.0005135345543345,-0.0005008675213675,-0.0004736808302808
-0.0005464067399267,-0.0004824105006105,-0.0003953714285714,0.0005121445909645,-7.598224664224636e-05,-0.0004376907448107,-0.0005517914529914,-0.000793792063492,-0.0006563538217338,-0.0005105135531135,-0.0004948328449328,-0.0004676461538461
-0.0005585492551892,-0.0004793765567765,-0.0003771238095238,0.0005182052014652,-9.117980463980436e-05,-0.0004285721367521,-0.0005517914529914,-0.0007907507936507,-0.0006533291819291,-0.0005074925518925,-0.0004887981684981,-0.0004616114774114
-0.0005555136263736,-0.0004793765567765,-0.000380165079365,0.0005151748962148,-8.814029304029276e-05,-0.0004285721367521,-0.00055484004884,-0.000793792063492,-0.0006563538217338,-0.0005105135531135,-0.0004918155067155,-0.0004646288156288
-0.0005494423687423,-0.0004763426129426,-0.0003862476190476,0.0005121445909645,-8.206126984126955e-05,-0.0004316116727716,-0.00055484004884,-0.0007968333333333,-0.0006593784615384,-0.0005135345543345,-0.0004978501831501,-0.0004706634920634
-0.0005433711111111,-0.0004793765567765,-0.0003953714285714,0.0005091142857142,-7.294273504273476e-05,-0.0004376907448107,-0.0005517914529914,-0.0007998746031746,-0.0006593784615384,-0.0005135345543345,-0.0005008675213675,-0.0004706634920634
-0.0005464067399267,-0.0004824105006105,-0.0003923301587301,0.0005121445909645,-7.598224664224636e-05,-0.0004376907448107,-0.0005517914529914,-0.0007968333333333,-0.0006563538217338,-0.0005105135531135,-0.0004978501831501,-0.0004676461538461
-0.0005585492551892,-0.0004854444444444,-0.0003862476190476,0.0005212355067155,-8.510078144078116e-05,-0.0004346512087912,-0.0005456942612942,-0.0007907507936507,-0.0006533291819291,-0.0005074925518925,-0.0004918155067155,-0.0004646288156288
-0.0005646205128205,-0.0004915123321123,-0.0003832063492063,0.0005272961172161,-9.117980463980436e-05,-0.0004376907448107,-0.0005426456654456,-0.0007877095238095,-0.0006533291819291,-0.0005074925518925,-0.0004948328449328,-0.0004646288156288
-0.0005585492551892,-0.0004854444444444,-0.0003862476190476,0.0005212355067155,-8.510078144078116e-05,-0.0004346512087912,-0.0005487428571428,-0.0007877095238095,-0.0006533291819291,-0.0005074925518925,-0.0004948328449328,-0.0004646288156288
-0.0005403354822954,-0.0004824105006105,-0.0003953714285714,0.0005091142857142,-7.294273504273476e-05,-0.0004376907448107,-0.00055484004884,-0.0007907507936507,-0.0006593784615384,-0.0005105135531135,-0.0004948328449328,-0.0004676461538461
-0.0005342642246642,-0.0004793765567765,-0.0003953714285714,0.0005060839804639,-6.990322344322315e-05,-0.0004376907448107,-0.0005578886446886,-0.000793792063492,-0.0006593784615384,-0.0005165555555555,-0.0005008675213675,-0.0004676461538461
-0.0005403354822954,-0.0004793765567765,-0.0003923301587301,0.0005091142857142,-7.294273504273476e-05,-0.0004346512087912,-0.0005609372405372,-0.0007968333333333,-0.0006624031013431,-0.0005165555555555,-0.0005008675213675,-0.0004736808302808
-0.0005403354822954,-0.0004854444444444,-0.0004014539682539,0.0005121445909645,-6.990322344322315e-05,-0.0004437698168498,-0.0005609372405372,-0.0007998746031746,-0.0006654277411477,-0.0005195765567765,-0.0005069021978021,-0.0004797155067155
-0.0005464067399267,-0.0004854444444444,-0.0003984126984126,0.0005151748962148,-7.294273504273476e-05,-0.0004407302808302,-0.0005578886446886,-0.0007968333333333,-0.0006624031013431,-0.0005135345543345,-0.0005038848595848,-0.0004736808302808
-0.0005494423687423,-0.0004793765567765,-0.0003892888888888,0.0005121445909645,-7.902175824175796e-05,-0.0004346512087912,-0.00055484004884,-0.000793792063492,-0.0006563538217338,-0.0005074925518925,-0.0004948328449328,-0.0004646288156288
-0.0005555136263736,-0.0004793765567765,-0.0003832063492063,0.0005151748962148,-8.510078144078116e-05,-0.0004316116727716,-0.00055484004884,-0.0007907507936507,-0.0006563538217338,-0.0005044715506715,-0.0004918155067155,-0.0004616114774114
-0.0005464067399267,-0.0004824105006105,-0.0003892888888888,0.0005121445909645,-7.902175824175796e-05,-0.0004346512087912,-0.0005578886446886,-0.000793792063492,-0.0006593784615384,-0.0005105135531135,-0.0004948328449328,-0.0004646288156288
-0.0005312285958485,-0.0004824105006105,-0.0004044952380952,0.0005060839804639,-6.382420024419996e-05,-0.0004437698168498,-0.0005609372405372,-0.0007968333333333,-0.0006654277411477,-0.0005195765567765,-0.0005038848595848,-0.0004766981684981
-0.0005312285958485,-0.0004824105006105,-0.0004075365079365,0.0005060839804639,-6.078468864468836e-05,-0.0004437698168498,-0.0005609372405372,-0.0007998746031746,-0.0006654277411477,-0.0005165555555555,-0.0005069021978021,-0.0004766981684981
-0.0005464067399267,-0.0004884783882783,-0.0003984126984126,0.0005151748962148,-7.294273504273476e-05,-0.0004437698168498,-0.0005578886446886,-0.0007968333333333,-0.0006624031013431,-0.0005135345543345,-0.0005038848595848,-0.0004706634920634
-0.0005585492551892,-0.0004884783882783,-0.0003862476190476,0.0005212355067155,-8.510078144078116e-05,-0.0004376907448107,-0.00055484004884,-0.0007907507936507,-0.0006563538217338,-0.0005074925518925,-0.0005008675213675,-0.0004676461538461
-0.0005524779975579,-0.0004854444444444,-0.0003923301587301,0.0005182052014652,-7.902175824175796e-05,-0.0004376907448107,-0.00055484004884,-0.000793792063492,-0.0006563538217338,-0.0005135345543345,-0.0005038848595848,-0.0004706634920634
-0.0005464067399267,-0.0004854444444444,-0.0003984126984126,0.0005151748962148,-7.294273504273476e-05,-0.0004407302808302,-0.0005578886446886,-0.0007998746031746,-0.0006624031013431,-0.0005195765567765,-0.0005099195360195,-0.0004766981684981
-0.0005464067399267,-0.0004854444444444,-0.0003984126984126,0.0005151748962148,-7.294273504273476e-05,-0.0004407302808302,-0.0005578886446886,-0.0007998746031746,-0.0006624031013431,-0.0005195765567765,-0.0005099195360195,-0.0004766981684981
-0.0005464067399267,-0.0004854444444444,-0.0003984126984126,0.0005151748962148,-7.294273504273476e-05,-0.0004407302808302,-0.0005578886446886,-0.0007998746031746,-0.0006593784615384,-0.0005165555555555,-0.0005038848595848,-0.0004766981684981
-0.0005433711111111,-0.0004854444444444,-0.0003953714285714,0.0005121445909645,-7.294273504273476e-05,-0.0004407302808302,-0.0005609372405372,-0.0007968333333333,-0.0006563538217338,-0.0005165555555555,-0.0005008675213675,-0.0004706634920634
-0.0005464067399267,-0.0004854444444444,-0.0003892888888888,0.0005151748962148,-7.902175824175796e-05,-0.0004376907448107,-0.0005609372405372,-0.0007968333333333,-0.0006624031013431,-0.0005165555555555,-0.0005038848595848,-0.0004736808302808
-0.0005555136263736,-0.0004915123321123,-0.0003892888888888,0.0005212355067155,-8.206126984126955e-05,-0.0004407302808302,-0.00055484004884,-0.0007968333333333,-0.0006624031013431,-0.0005165555555555,-0.0005069021978021,-0.0004797155067155
-0.0005524779975579,-0.0004915123321123,-0.0003892888888888,0.0005212355067155,-8.206126984126955e-05,-0.0004407302808302,-0.00055484004884,-0.0007968333333333,-0.0006593784615384,-0.0005165555555555,-0.0005099195360195,-0.0004766981684981
-0.0005494423687423,-0.0004884783882783,-0.0003923301587301,0.0005182052014652,-7.902175824175796e-05,-0.0004407302808302,-0.0005578886446886,-0.0007998746031746,-0.0006654277411477,-0.0005195765567765,-0.0005099195360195,-0.0004766981684981
-0.0005524779975579,-0.0004945462759462,-0.0003984126984126,0.0005212355067155,-7.598224664224636e-05,-0.0004468093528693,-0.0005578886446886,-0.0007998746031746,-0.0006745016605616,-0.0005195765567765,-0.0005129368742368,-0.0004857501831501
-0.0005585492551892,-0.0005006141636141,-0.0003984126984126,0.0005272961172161,-7.902175824175796e-05,-0.0004498488888888,-0.00055484004884,-0.0007998746031746,-0.0006684523809523,-0.0005195765567765,-0.0005129368742368,-0.0004797155067155
-0.0005555136263736,-0.0004884783882783,-0.0003923301587301,0.0005212355067155,-8.206126984126955e-05,-0.0004407302808302,-0.0005517914529914,-0.000793792063492,-0.0006593784615384,-0.0005105135531135,-0.0005069021978021,-0.0004736808302808
-0.0005555136263736,-0.0004824105006105,-0.0003862476190476,0.0005182052014652,-8.510078144078116e-05,-0.0004346512087912,-0.0005517914529914,-0.000793792063492,-0.0006624031013431,-0.0005105135531135,-0.0005038848595848,-0.0004736808302808
-0.0005464067399267,-0.0004884783882783,-0.0004014539682539,0.0005151748962148,-7.294273504273476e-05,-0.0004437698168498,-0.00055484004884,-0.0007968333333333,-0.0006684523809523,-0.0005195765567765,-0.0005129368742368,-0.0004797155067155
-0.0005433711111111,-0.0004915123321123,-0.0004044952380952,0.0005151748962148,-6.990322344322315e-05,-0.0004468093528693,-0.0005578886446886,-0.0007968333333333,-0.0006684523809523,-0.0005195765567765,-0.0005099195360195,-0.0004797155067155
-0.0005555136263736,-0.0004975802197802,-0.0003953714285714,0.0005242658119658,-7.902175824175796e-05,-0.0004468093528693,-0.0005578886446886,-0.000793792063492,-0.0006654277411477,-0.0005165555555555,-0.0005099195360195,-0.0004887675213675
-0.0005615848840048,-0.0004945462759462,-0.0003923301587301,0.0005272961172161,-8.510078144078116e-05,-0.0004437698168498,-0.00055484004884,-0.0007968333333333,-0.0006684523809523,-0.0005165555555555,-0.0005129368742368,-0.0004917848595848
-0.0005615848840048,-0.0004945462759462,-0.0003923301587301,0.0005272961172161,-8.510078144078116e-05,-0.0004437698168498,-0.00055484004884,-0.0008029158730158,-0.0006684523809523,-0.0005195765567765,-0.0005159542124542,-0.0004797155067155
-0.0005433711111111,-0.0004884783882783,-0.0003984126984126,0.0005151748962148,-7.294273504273476e-05,-0.0004437698168498,-0.0005609372405372,-0.0007968333333333,-0.000671477020757,-0.0005165555555555,-0.0005099195360195,-0.0004706634920634
-0.0005372998534798,-0.0004824105006105,-0.0004044952380952,0.0005091142857142,-6.686371184371155e-05,-0.0004437698168498,-0.0005639858363858,-0.000793792063492,-0.0006745016605616,-0.0005165555555555,-0.0005099195360195,-0.0004797155067155
-0.0005464067399267,-0.0004884783882783,-0.0004014539682539,0.0005151748962148,-7.294273504273476e-05,-0.0004437698168498,-0.0005609372405372,-0.0007907507936507,-0.000671477020757,-0.0005135345543345,-0.0005099195360195,-0.0004766981684981
-0.0005585492551892,-0.0005006141636141,-0.0004014539682539,0.0005272961172161,-7.902175824175796e-05,-0.0004498488888888,-0.00055484004884,-0.000793792063492,-0.000671477020757,-0.0005135345543345,-0.0005129368742368,-0.0004797155067155
-0.0005555136263736,-0.0005006141636141,-0.0004014539682539,0.0005272961172161,-7.598224664224636e-05,-0.0004498488888888,-0.0005517914529914,-0.0007998746031746,-0.0006805509401709,-0.0005135345543345,-0.0005159542124542,-0.0004827328449328
-0.0005433711111111,-0.0004915123321123,-0.0004044952380952,0.0005151748962148,-6.990322344322315e-05,-0.0004468093528693,-0.00055484004884,-0.0007968333333333,-0.0006775263003663,-0.0005135345543345,-0.0005129368742368,-0.0004736808302808
-0.0005464067399267,-0.0004793765567765,-0.0003892888888888,0.0005121445909645,-7.902175824175796e-05,-0.0004346512087912,-0.0005609372405372,-0.000793792063492,-0.0006654277411477,-0.0005074925518925,-0.0005069021978021,-0.0004676461538461
-0.0005464067399267,-0.0004824105006105,-0.0003892888888888,0.0005121445909645,-7.902175824175796e-05,-0.0004346512087912,-0.0005609372405372,-0.000793792063492,-0.000671477020757,-0.0005074925518925,-0.0005099195360195,-0.0004736808302808
-0.0005433711111111,-0.0004854444444444,-0.0003923301587301,0.0005121445909645,-7.598224664224636e-05,-0.0004376907448107,-0.00055484004884,-0.0007907507936507,-0.0006654277411477,-0.0005044715506715,-0.0005099195360195,-0.0004797155067155
-0.0005494423687423,-0.0004884783882783,-0.0003892888888888,0.0005182052014652,-7.902175824175796e-05,-0.0004376907448107,-0.0005426456654456,-0.0007877095238095,-0.0006593784615384,-0.0005014505494505,-0.0005069021978021,-0.0004766981684981
-0.0005433711111111,-0.0004733086691086,-0.0003832063492063,0.0005060839804639,-7.902175824175796e-05,-0.0004285721367521,-0.0005426456654456,-0.0007846682539682,-0.0006563538217338,-0.0004984295482295,-0.0005038848595848,-0.0004676461538461
-0.0005433711111111,-0.0004702747252747,-0.0003832063492063,0.0005060839804639,-7.902175824175796e-05,-0.0004255326007326,-0.0005487428571428,-0.0007785857142857,-0.0006533291819291,-0.0005014505494505,-0.0005069021978021,-0.0004736808302808
-0.0005464067399267,-0.0004672407814407,-0.0003771238095238,0.0005060839804639,-8.510078144078116e-05,-0.000422493064713,-0.0005487428571428,-0.0007785857142857,-0.0006563538217338,-0.0004984295482295,-0.0005069021978021,-0.0004706634920634
-0.0005494423687423,-0.0004702747252747,-0.0003740825396825,0.0005091142857142,-8.814029304029276e-05,-0.000422493064713,-0.000539597069597,-0.0007755444444444,-0.0006533291819291,-0.0005014505494505,-0.0005069021978021,-0.0004706634920634
-0.0005372998534798,-0.0004672407814407,-0.0003832063492063,0.0005000233699633,-7.598224664224636e-05,-0.0004255326007326,-0.0005304512820512,-0.0007694619047619,-0.0006533291819291,-0.0005044715506715,-0.0005099195360195,-0.0004736808302808
-0.0005160504517704,-0.000455105006105,-0.0003953714285714,0.0004848718437118,-6.078468864468836e-05,-0.0004255326007326,-0.0005334998778998,-0.0007664206349206,-0.0006503045421245,-0.0005014505494505,-0.0005069021978021,-0.0004676461538461
-0.0005008723076923,-0.0004429692307692,-0.0003984126984126,0.0004697203174603,-5.166615384615356e-05,-0.0004194535286935,-0.000539597069597,-0.000760338095238,-0.0006412306227106,-0.0004923875457875,-0.0004978501831501,-0.0004585941391941
-0.0005008723076923,-0.0004338673992673,-0.0003862476190476,0.00046669001221,-5.774517704517676e-05,-0.0004103349206349,-0.0005334998778998,-0.0007420904761904,-0.000629132063492,-0.0004803035409035,-0.0004887981684981,-0.0004495421245421
-0.0005130148229548,-0.0004156637362637,-0.0003588761904761,0.0004636597069597,-7.598224664224636e-05,-0.0003860186324786,-0.0005182568986568,-0.0007268841269841,-0.0006170335042735,-0.0004621775335775,-0.0004706941391941,-0.0004374727716727
-0.0005099791941391,-0.0004217316239316,-0.0003619174603174,0.0004636597069597,-7.294273504273476e-05,-0.0003920977045177,-0.0005274026862026,-0.0007329666666666,-0.0006230827838827,-0.0004682195360195,-0.0004737114774114,-0.0004404901098901
-0.0004978366788766,-0.0004399352869352,-0.0003923301587301,0.00046669001221,-5.166615384615356e-05,-0.0004164139926739,-0.0005426456654456,-0.0007451317460317,-0.0006442552625152,-0.0004863455433455,-0.0004918155067155,-0.0004585941391941
-0.0005039079365079,-0.000455105006105,-0.0004044952380952,0.0004788112332112,-4.862664224664196e-05,-0.0004285721367521,-0.0005487428571428,-0.0007542555555555,-0.0006563538217338,-0.0004954085470085,-0.0005038848595848,-0.0004676461538461
-0.000519086080586,-0.0004642068376068,-0.0004044952380952,0.0004909324542124,-5.774517704517676e-05,-0.0004346512087912,-0.000539597069597,-0.0007542555555555,-0.0006593784615384,-0.0005014505494505,-0.0005069021978021,-0.0004706634920634
-0.0005221217094017,-0.000455105006105,-0.0003923301587301,0.0004879021489621,-6.382420024419996e-05,-0.000422493064713,-0.0005456942612942,-0.0007633793650793,-0.0006563538217338,-0.0004984295482295,-0.0004978501831501,-0.0004646288156288
-0.0005160504517704,-0.0004429692307692,-0.000380165079365,0.0004788112332112,-6.686371184371155e-05,-0.0004103349206349,-0.0005639858363858,-0.0007907507936507,-0.0006654277411477,-0.0005014505494505,-0.0004948328449328,-0.0004585941391941
-0.000519086080586,-0.000452071062271,-0.0003862476190476,0.0004848718437118,-6.686371184371155e-05,-0.0004194535286935,-0.0005761802197802,-0.0008089984126984,-0.0006805509401709,-0.0005135345543345,-0.0005038848595848,-0.0004616114774114
-0.0005221217094017,-0.0004611728937728,-0.0003923301587301,0.0004909324542124,-6.382420024419996e-05,-0.0004255326007326,-0.0005792288156288,-0.0008059571428571,-0.0006896248595848,-0.0005195765567765,-0.0005129368742368,-0.0004676461538461
-0.0005312285958485,-0.0004642068376068,-0.0003892888888888,0.000496993064713,-6.990322344322315e-05,-0.0004255326007326,-0.0005731316239316,-0.0008029158730158,-0.0006866002197802,-0.0005165555555555,-0.0005129368742368,-0.0004706634920634
-0.000519086080586,-0.0004702747252747,-0.0004105777777777,0.0004939627594627,-5.470566544566516e-05,-0.0004407302808302,-0.000570083028083,-0.0008029158730158,-0.0006896248595848,-0.0005225975579975,-0.0005159542124542,-0.0004766981684981
-0.0005130148229548,-0.0004763426129426,-0.0004166603174603,0.0004939627594627,-4.862664224664196e-05,-0.0004468093528693,-0.000570083028083,-0.0008059571428571,-0.0006926494993894,-0.0005256185592185,-0.0005189715506715,-0.0004706634920634
-0.0005312285958485,-0.0004854444444444,-0.0004105777777777,0.0005060839804639,-6.078468864468836e-05,-0.0004468093528693,-0.0005670344322344,-0.0008120396825396,-0.0006956741391941,-0.0005286395604395,-0.0005189715506715,-0.0004736808302808
-0.0005342642246642,-0.0004915123321123,-0.0004105777777777,0.0005121445909645,-6.078468864468836e-05,-0.0004498488888888,-0.000570083028083,-0.0008181222222222,-0.0007077726984126,-0.0005407235653235,-0.0005250062271062,-0.0004827328449328
-0.0005372998534798,-0.0004854444444444,-0.0004044952380952,0.0005091142857142,-6.686371184371155e-05,-0.0004437698168498,-0.000570083028083,-0.000827246031746,-0.0007138219780219,-0.0005497865689865,-0.0005370755799755,-0.0004948021978021
-0.0005615848840048,-0.0004793765567765,-0.0003771238095238,0.0005182052014652,-9.117980463980436e-05,-0.0004285721367521,-0.0005609372405372,-0.0008302873015873,-0.0007107973382173,-0.0005467655677655,-0.0005340582417582,-0.0004948021978021
-0.000576763028083,-0.0004884783882783,-0.0003710412698412,0.0005303264224664,-0.0001033378510378,-0.0004285721367521,-0.0005578886446886,-0.0008302873015873,-0.000704748058608,-0.0005437445665445,-0.0005310409035409,-0.0004917848595848
-0.0005737273992673,-0.0004975802197802,-0.0003832063492063,0.0005333567277167,-9.421931623931596e-05,-0.0004407302808302,-0.0005578886446886,-0.0008242047619047,-0.0007017234188034,-0.0005437445665445,-0.0005310409035409,-0.0004917848595848
-0.0005615848840048,-0.0005006141636141,-0.0003953714285714,0.0005303264224664,-8.206126984126955e-05,-0.0004468093528693,-0.0005609372405372,-0.0008211634920634,-0.0007017234188034,-0.0005467655677655,-0.0005310409035409,-0.0004917848595848
-0.0005615848840048,-0.0004975802197802,-0.0003953714285714,0.0005272961172161,-8.206126984126955e-05,-0.0004468093528693,-0.0005639858363858,-0.0008242047619047,-0.000704748058608,-0.0005497865689865,-0.0005340582417582,-0.0004917848595848
-0.0005676561416361,-0.0004945462759462,-0.0003862476190476,0.0005303264224664,-9.117980463980436e-05,-0.0004407302808302,-0.0005578886446886,-0.000827246031746,-0.0006986987789987,-0.0005467655677655,-0.0005310409035409,-0.0004917848595848
-0.0005676561416361,-0.0004975802197802,-0.0003862476190476,0.0005303264224664,-9.117980463980436e-05,-0.0004407302808302,-0.00055484004884,-0.0008211634920634,-0.0006956741391941,-0.0005437445665445,-0.0005310409035409,-0.0004887675213675
-0.0005615848840048,-0.0004945462759462,-0.0003862476190476,0.0005272961172161,-8.814029304029276e-05,-0.0004407302808302,-0.0005578886446886,-0.0008181222222222,-0.0006956741391941,-0.0005467655677655,-0.0005280235653235,-0.0004887675213675
-0.0005585492551892,-0.0004793765567765,-0.0003740825396825,0.0005182052014652,-9.117980463980436e-05,-0.0004255326007326,-0.0005639858363858,-0.0008150809523809,-0.0006896248595848,-0.0005437445665445,-0.0005219888888888,-0.0004857501831501
-0.0005585492551892,-0.0004733086691086,-0.0003710412698412,0.0005151748962148,-9.421931623931596e-05,-0.000422493064713,-0.0005670344322344,-0.0008150809523809,-0.0006775263003663,-0.0005346815628815,-0.0005189715506715,-0.0004827328449328
-0.0005555136263736,-0.0004793765567765,-0.000380165079365,0.0005151748962148,-8.814029304029276e-05,-0.0004285721367521,-0.0005670344322344,-0.0008181222222222,-0.0006775263003663,-0.0005346815628815,-0.0005219888888888,-0.0004887675213675
-0.0005585492551892,-0.0004763426129426,-0.0003740825396825,0.0005151748962148,-9.117980463980436e-05,-0.0004255326007326,-0.0005670344322344,-0.000827246031746,-0.0006835755799755,-0.0005437445665445,-0.0005310409035409,-0.0005008368742368
-0.0005615848840048,-0.0004702747252747,-0.0003710412698412,0.0005151748962148,-9.421931623931596e-05,-0.0004194535286935,-0.0005639858363858,-0.0008029158730158,-0.0006593784615384,-0.0005437445665445,-0.0005370755799755,-0.0005129062271062
-0.0005706917704517,-0.0004581389499389,-0.0003497523809523,0.0005121445909645,-0.0001094168742368,-0.0004042558485958,-0.0005517914529914,-0.0007512142857142,-0.0005898117460317,-0.0005105135531135,-0.0005340582417582,-0.0005219582417582
-0.0005646205128205,-0.0003883582417582,-0.0002858857142857,0.0004757809279609,-0.0001398119902319,-0.000337386056166,-0.0005456942612942,-0.0006903888888888,-0.0004990725518925,-0.0004440515262515,-0.0004978501831501,-0.0005008368742368
-0.0005130148229548,-0.0002336271062271,-0.0001794412698412,0.0003727505494505,-0.0001671675946275,-0.000206686007326,-0.0005731316239316,-0.0005717793650793,-0.0003508652014652,-0.0002990434676434,-0.0003831913308913,-0.0004193687423687
-0.0003824827838827,-1.3431013430817984e-08,-7.603809523809514e-05,0.0001909322344322,-0.00015197003663,-3.647199023199027e-05,-0.0006432493284493,-0.0004349222222222,-0.0001451896947496,-5.736336996337048e-05,-0.0001870643467643,-0.0002866058608058
-0.0002276657142857,0.0003428222222222,0.0001094793650793,-5.755279609279607e-05,-0.0001671675946275,0.0002249281074481,-0.0008170192918192,-0.0005413666666666,3.023941391941384e-05,0.0002417157509157,0.0001026001221001,-4.521880341880401e-05
-7.588427350427377e-05,0.000728133089133,0.0003406158730158,-0.0003242196581196,-0.0002066812454212,0.0005349607814407,-0.0010913929181929,-0.0008850301587301,0.0001270278876678,0.0005649628815628,0.000458646031746,0.0002806537240537
6.071902319902292e-05,0.0010345614163614,0.0005109269841269,-0.0005454319413919,-0.0002249183150183,0.0007720445909645,-0.0014267384615384,-0.0013290555555555,7.863365079365072e-05,0.0008247689865689,0.0007875358974358,0.0006004915750915
0.0001214315995115,0.0011832246642246,0.0005960825396825,-0.0006514926251526,-0.0002370763614163,0.0008905864957264,-0.001701112087912,-0.0016970492063492,-7.259833943833952e-05,0.000900294017094,0.0009595241758241,0.0008267919413919
6.679028083028054e-05,0.0009041018315018,0.0003710285714285,-0.0004848258363858,-0.00015197003663,0.000638305006105,-0.0017407438339438,-0.0018734428571428,-0.000402284078144,0.0005649628815628,0.0007452931623931,0.0007543758241758
-0.0001669531379731,0.0002669736263736,-2.433650793650784e-05,-4.846188034188032e-05,-6.990322344322315e-05,0.0001215838827838,-0.0015212449328449,-0.001976846031746,-0.0008801771672771,-6.642637362637415e-05,0.0002474323565323,0.0004315206349206
-0.0004340884737484,-0.0001001335775335,-0.0001246984126984,0.0002666898656898,-0.0001550095482295,-0.0001124603907203,-0.0013108918192918,-0.0021137031746031,-0.0012431339438339,-0.0005225975579975,-0.0001025788766788,0.0001991855921855
-0.0005919411721611,-0.0003034078144078,-0.0001703174603174,0.0004454778754578,-0.0002097207570207,-0.0002370813675213,-0.0011401704517704,-0.0020194238095238,-0.0013399224175824,-0.0007189626373626,-0.0003047405372405,2.417997557997498e-05
-0.0006374756043956,-0.0004490371184371,-0.0002737206349206,0.0005424476434676,-0.0001823651526251,-0.0003617023443223,-0.0010273724053724,-0.0017609158730158,-0.0012491832234432,-0.0007431306471306,-0.0004193993894993,-0.0001327216117216
-0.0006283687179487,-0.0004945462759462,-0.0003223809523809,0.0005606294749694,-0.00015197003663,-0.0004072953846153,-0.0009481089133089,-0.0015206555555555,-0.0011130744322344,-0.0006978156288156,-0.0004616421245421,-0.0002443631257631
-0.0006071193162393,-0.0005036481074481,-0.0003527936507936,0.0005545688644688,-0.0001276539438339,-0.0004285721367521,-0.0008444566544566,-0.0012986428571428,-0.0009830149206349,-0.0006525006105006,-0.0004827634920634,-0.0003228139194139
-0.0005797986568986,-0.0005188178266178,-0.0003923301587301,0.0005485082539682,-9.421931623931596e-05,-0.0004559279609279,-0.0007164156288156,-0.0010827126984126,-0.0008680786080586,-0.0006132275946275,-0.0005038848595848,-0.0003891953601953
-0.0005646205128205,-0.0005006141636141,-0.0003923301587301,0.0005303264224664,-8.510078144078116e-05,-0.0004468093528693,-0.0006066661782661,-0.0009002365079365,-0.0007591915750915,-0.0005618705738705,-0.0004978501831501,-0.000422386080586
-0.0005585492551892,-0.000455105006105,-0.0003527936507936,0.0005060839804639,-0.0001033378510378,-0.0004042558485958,-0.0005487428571428,-0.000793792063492,-0.0006866002197802,-0.0005225975579975,-0.0004797461538461,-0.0004254034188034
-0.0005433711111111,-0.0004369013431013,-0.0003497523809523,0.0004879021489621,-9.725882783882755e-05,-0.0003920977045177,-0.0005274026862026,-0.0007512142857142,-0.0006503045421245,-0.0005044715506715,-0.0004706941391941,-0.0004254034188034
-0.0005403354822954,-0.0004429692307692,-0.0003619174603174,0.0004909324542124,-8.814029304029276e-05,-0.0004012163125763,-0.0005152083028083,-0.0007329666666666,-0.0006351813431013,-0.0005014505494505,-0.0004767288156288,-0.0004284207570207
-0.0005372998534798,-0.0004581389499389,-0.0003771238095238,0.000496993064713,-7.902175824175796e-05,-0.0004164139926739,-0.0005121597069597,-0.0007208015873015,-0.0006351813431013,-0.0005105135531135,-0.0004887981684981,-0.0004465247863247
-0.0005403354822954,-0.0004642068376068,-0.0003771238095238,0.0005000233699633,-8.206126984126955e-05,-0.0004194535286935,-0.0005060625152625,-0.000714719047619,-0.0006321567032967,-0.0005195765567765,-0.0004948328449328,-0.0004585941391941
-0.0005494423687423,-0.0004702747252747,-0.0003740825396825,0.0005091142857142,-8.814029304029276e-05,-0.000422493064713,-0.0004969167277167,-0.0007025539682539,-0.000629132063492,-0.0005225975579975,-0.0005008675213675,-0.0004676461538461
-0.0005524779975579,-0.0004672407814407,-0.0003740825396825,0.0005091142857142,-8.814029304029276e-05,-0.0004194535286935,-0.0004877709401709,-0.0006903888888888,-0.0006170335042735,-0.0005165555555555,-0.0005008675213675,-0.0004676461538461
-0.0005464067399267,-0.0004702747252747,-0.0003832063492063,0.0005060839804639,-8.206126984126955e-05,-0.0004255326007326,-0.0004847223443223,-0.0006782238095238,-0.0006079595848595,-0.0005105135531135,-0.0004978501831501,-0.0004676461538461
-0.0005524779975579,-0.0004763426129426,-0.0003771238095238,0.0005121445909645,-8.814029304029276e-05,-0.0004255326007326,-0.0004847223443223,-0.0006721412698412,-0.0006049349450549,-0.0005074925518925,-0.0004948328449328,-0.0004616114774114
-0.0005524779975579,-0.0004702747252747,-0.0003710412698412,0.0005091142857142,-9.117980463980436e-05,-0.0004194535286935,-0.0004847223443223,-0.0006690999999999,-0.0006019103052503,-0.0005074925518925,-0.0004918155067155,-0.0004616114774114
-0.0005433711111111,-0.0004611728937728,-0.0003710412698412,0.0005000233699633,-8.510078144078116e-05,-0.0004164139926739,-0.0004877709401709,-0.0006660587301587,-0.0006019103052503,-0.0005105135531135,-0.0004948328449328,-0.0004616114774114
-0.0005403354822954,-0.0004611728937728,-0.0003771238095238,0.0005000233699633,-8.206126984126955e-05,-0.0004194535286935,-0.0004877709401709,-0.0006630174603174,-0.0005988856654456,-0.0005135345543345,-0.0004978501831501,-0.0004646288156288
-0.0005403354822954,-0.0004581389499389,-0.0003771238095238,0.000496993064713,-8.206126984126955e-05,-0.0004164139926739,-0.0004877709401709,-0.0006569349206349,-0.000595861025641,-0.0005105135531135,-0.0004978501831501,-0.0004646288156288
-0.0005433711111111,-0.0004611728937728,-0.0003740825396825,0.0005000233699633,-8.510078144078116e-05,-0.0004164139926739,-0.0004877709401709,-0.0006599761904761,-0.000595861025641,-0.0005135345543345,-0.0004978501831501,-0.0004676461538461
-0.0005403354822954,-0.0004611728937728,-0.0003771238095238,0.0005000233699633,-8.206126984126955e-05,-0.0004194535286935,-0.0004877709401709,-0.0006569349206349,-0.0005928363858363,-0.0005135345543345,-0.0005008675213675,-0.0004706634920634
-0.0005372998534798,-0.0004611728937728,-0.0003832063492063,0.000496993064713,-7.598224664224636e-05,-0.000422493064713,-0.0004877709401709,-0.0006508523809523,-0.0005898117460317,-0.0005105135531135,-0.0005008675213675,-0.0004706634920634
-0.0005372998534798,-0.0004581389499389,-0.000380165079365,0.000496993064713,-7.902175824175796e-05,-0.0004194535286935,-0.0004847223443223,-0.0006447698412698,-0.0005837624664224,-0.0005044715506715,-0.0004948328449328,-0.0004646288156288
-0.0005403354822954,-0.0004490371184371,-0.0003679999999999,0.0004939627594627,-8.510078144078116e-05,-0.0004072953846153,-0.0004847223443223,-0.0006386873015873,-0.0005777131868131,-0.0004984295482295,-0.0004887981684981,-0.0004555768009768
-0.0005403354822954,-0.0004490371184371,-0.0003649587301587,0.0004939627594627,-8.814029304029276e-05,-0.0004072953846153,-0.0004816737484737,-0.0006326047619047,-0.0005777131868131,-0.0004984295482295,-0.0004887981684981,-0.0004555768009768
-0.0005342642246642,-0.000452071062271,-0.0003710412698412,0.0004909324542124,-8.206126984126955e-05,-0.0004103349206349,-0.0004847223443223,-0.0006295634920634,-0.0005807378266178,-0.0005044715506715,-0.0004948328449328,-0.0004646288156288
-0.0005342642246642,-0.000455105006105,-0.0003771238095238,0.0004939627594627,-7.902175824175796e-05,-0.0004164139926739,-0.0004816737484737,-0.0006295634920634,-0.0005807378266178,-0.0005074925518925,-0.0005008675213675,-0.0004706634920634
-0.0005464067399267,-0.000452071062271,-0.0003619174603174,0.000496993064713,-9.117980463980436e-05,-0.0004072953846153,-0.0004725279609279,-0.0006204396825396,-0.0005746885470085,-0.0005014505494505,-0.0004948328449328,-0.0004676461538461
-0.0005372998534798,-0.0004429692307692,-0.0003619174603174,0.0004879021489621,-8.814029304029276e-05,-0.0004012163125763,-0.0004725279609279,-0.0006113158730158,-0.0005716639072039,-0.0004984295482295,-0.0004918155067155,-0.0004646288156288
-0.0005221217094017,-0.0004429692307692,-0.0003771238095238,0.0004818415384615,-7.294273504273476e-05,-0.0004103349206349,-0.0004816737484737,-0.0006052333333333,-0.0005686392673992,-0.0004984295482295,-0.0004918155067155,-0.0004646288156288
-0.0005281929670329,-0.0004490371184371,-0.0003771238095238,0.0004879021489621,-7.598224664224636e-05,-0.0004133744566544,-0.0004786251526251,-0.0005961095238095,-0.0005656146275946,-0.0004984295482295,-0.0004948328449328,-0.0004646288156288
-0.0005342642246642,-0.000455105006105,-0.000380165079365,0.0004939627594627,-7.598224664224636e-05,-0.0004164139926739,-0.0004755765567765,-0.0005900269841269,-0.0005625899877899,-0.0004984295482295,-0.0004948328449328,-0.0004646288156288
-0.0005312285958485,-0.0004642068376068,-0.0003862476190476,0.000496993064713,-7.294273504273476e-05,-0.0004255326007326,-0.0004755765567765,-0.0005869857142857,-0.0005625899877899,-0.0005014505494505,-0.0005008675213675,-0.0004706634920634
-0.0005221217094017,-0.000452071062271,-0.000380165079365,0.0004848718437118,-6.990322344322315e-05,-0.0004164139926739,-0.0004786251526251,-0.0005809031746031,-0.0005625899877899,-0.0005014505494505,-0.0004978501831501,-0.0004676461538461
-0.0005251573382173,-0.0004369013431013,-0.0003679999999999,0.0004788112332112,-7.902175824175796e-05,-0.0004012163125763,-0.0004816737484737,-0.0005748206349206,-0.0005595653479853,-0.0004984295482295,-0.0004948328449328,-0.0004646288156288
-0.0005372998534798,-0.0004369013431013,-0.0003558349206349,0.0004848718437118,-9.117980463980436e-05,-0.0003951372405372,-0.0004755765567765,-0.0005656968253968,-0.0005504914285714,-0.0004954085470085,-0.0004918155067155,-0.0004646288156288
-0.0005372998534798,-0.0004460031746031,-0.0003649587301587,0.0004909324542124,-8.510078144078116e-05,-0.0004042558485958,-0.0004664307692307,-0.0005535317460317,-0.0005414175091575,-0.0004923875457875,-0.0004918155067155,-0.0004646288156288
-0.0005221217094017,-0.0004490371184371,-0.0003862476190476,0.0004848718437118,-6.686371184371155e-05,-0.0004164139926739,-0.0004633821733821,-0.0005413666666666,-0.0005383928693528,-0.0004893665445665,-0.0004918155067155,-0.0004646288156288
-0.0005130148229548,-0.0004460031746031,-0.0003892888888888,0.0004788112332112,-6.078468864468836e-05,-0.0004164139926739,-0.0004694793650793,-0.0005352841269841,-0.0005353682295482,-0.0004863455433455,-0.0004887981684981,-0.0004616114774114
-0.0005099791941391,-0.0004399352869352,-0.000380165079365,0.0004727506227106,-6.382420024419996e-05,-0.0004103349206349,-0.0004694793650793,-0.0005200777777777,-0.0005232696703296,-0.0004772825396825,-0.0004797461538461,-0.0004585941391941
-0.0005130148229548,-0.0004399352869352,-0.0003832063492063,0.0004757809279609,-6.382420024419996e-05,-0.0004103349206349,-0.0004633821733821,-0.0005048714285714,-0.0005172203907203,-0.0004772825396825,-0.0004827634920634,-0.0004585941391941
-0.0005130148229548,-0.0004429692307692,-0.0003832063492063,0.0004757809279609,-6.382420024419996e-05,-0.0004133744566544,-0.0004572849816849,-0.0004927063492063,-0.0005141957509157,-0.0004772825396825,-0.0004857808302808,-0.0004646288156288
-0.0005130148229548,-0.0004399352869352,-0.0003832063492063,0.0004757809279609,-6.382420024419996e-05,-0.0004103349206349,-0.0004542363858363,-0.0004835825396825,-0.0005141957509157,-0.0004772825396825,-0.0004857808302808,-0.0004646288156288
-0.0005099791941391,-0.0004308334554334,-0.0003771238095238,0.0004697203174603,-6.686371184371155e-05,-0.0004042558485958,-0.0004572849816849,-0.0004683761904761,-0.0005051218315018,-0.0004772825396825,-0.0004827634920634,-0.0004616114774114
-0.0005039079365079,-0.0004217316239316,-0.0003771238095238,0.0004606294017094,-6.382420024419996e-05,-0.0003981767765567,-0.0004603335775335,-0.0004531698412698,-0.0004990725518925,-0.0004712405372405,-0.0004797461538461,-0.0004616114774114
-0.0005039079365079,-0.0004247655677655,-0.0003771238095238,0.0004636597069597,-6.382420024419996e-05,-0.0004012163125763,-0.0004542363858363,-0.0004349222222222,-0.0004930232722832,-0.0004651985347985,-0.0004737114774114,-0.0004585941391941
-0.0005130148229548,-0.0004217316239316,-0.0003679999999999,0.00046669001221,-7.294273504273476e-05,-0.0003951372405372,-0.0004481391941391,-0.0004136333333333,-0.00047790007326,-0.0004591565323565,-0.0004676768009768,-0.0004525594627594
-0.0005130148229548,-0.0004126297924297,-0.0003588761904761,0.0004606294017094,-7.598224664224636e-05,-0.0003860186324786,-0.0004450905982905,-0.0003953857142857,-0.0004688261538461,-0.0004500935286935,-0.0004646594627594,-0.0004435074481074
-0.0005099791941391,-0.00039746007326,-0.0003467111111111,0.0004515384859584,-8.206126984126955e-05,-0.0003708209523809,-0.0004450905982905,-0.0003740968253968,-0.0004597522344322,-0.0004470725274725,-0.0004586247863247,-0.0004404901098901
-0.0005069435653235,-0.0003853242979242,-0.000334546031746,0.0004454778754578,-8.510078144078116e-05,-0.0003586628083028,-0.0004450905982905,-0.0003528079365079,-0.0004506783150183,-0.0004440515262515,-0.0004556074481074,-0.0004404901098901
-0.0004856941636141,-0.0003822903540903,-0.0003527936507936,0.0004333566544566,-6.686371184371155e-05,-0.0003677814163614,-0.0004450905982905,-0.000331519047619,-0.0004506783150183,-0.0004440515262515,-0.0004646594627594,-0.0004465247863247
-0.0004735516483516,-0.0003822903540903,-0.0003649587301587,0.000427296043956,-5.470566544566516e-05,-0.0003738604884004,-0.0004389934065934,-0.0003071888888888,-0.0004416043956043,-0.0004410305250305,-0.0004646594627594,-0.0004465247863247
-0.0004735516483516,-0.0003762224664224,-0.0003619174603174,0.0004242657387057,-5.470566544566516e-05,-0.0003677814163614,-0.0004328962148962,-0.0002767761904761,-0.0004295058363858,-0.0004319675213675,-0.0004556074481074,-0.0004404901098901
-0.0004674803907203,-0.0003580188034188,-0.0003497523809523,0.0004121445177045,-5.774517704517676e-05,-0.0003525837362637,-0.0004298476190476,-0.000252446031746,-0.0004174072771672,-0.0004229045177045,-0.0004465554334554,-0.000431438095238
-0.0004644447619047,-0.0003367811965811,-0.0003284634920634,0.0004000232967032,-6.686371184371155e-05,-0.0003313069841269,-0.0004328962148962,-0.0002281158730158,-0.0004113579975579,-0.0004168625152625,-0.0004375034188034,-0.0004254034188034
-0.0004553378754578,-0.0003155435897435,-0.0003132571428571,0.0003848717704517,-6.990322344322315e-05,-0.0003130697680097,-0.0004328962148962,-0.0002068269841269,-0.000402284078144,-0.0004077995115995,-0.0004284514041514,-0.0004103167277167
-0.0004583735042735,-0.0003185775335775,-0.0003132571428571,0.000387902075702,-7.294273504273476e-05,-0.0003161093040293,-0.0004207018315018,-0.0001794555555555,-0.0003871608791208,-0.0003957155067155,-0.0004193993894993,-0.0003982473748473
-0.0004553378754578,-0.0003216114774114,-0.0003193396825396,0.000387902075702,-6.686371184371155e-05,-0.0003191488400488,-0.0004085074481074,-0.0001520841269841,-0.000369013040293,-0.0003836315018315,-0.00040733003663,-0.0003891953601953
-0.0004401597313797,-0.0003064417582417,-0.0003193396825396,0.0003727505494505,-6.078468864468836e-05,-0.0003130697680097,-0.0004085074481074,-0.0001338365079365,-0.0003629637606837,-0.0003745684981684,-0.0003952606837606,-0.000377126007326
-0.0004280172161172,-0.000291272039072,-0.0003193396825396,0.000357599023199,-5.470566544566516e-05,-0.0003039511599511,-0.0004146046398046,-0.0001216714285714,-0.0003629637606837,-0.0003745684981684,-0.0003922433455433,-0.0003710913308913
-0.0004219459584859,-0.0002761023199023,-0.0003041333333333,0.0003485081074481,-5.774517704517676e-05,-0.0002887534798534,-0.0004207018315018,-0.0001125476190476,-0.0003629637606837,-0.0003715474969474,-0.0003862086691086,-0.0003680739926739
-0.0004249815873015,-0.0002518307692307,-0.0002798031746031,0.0003363868864468,-7.294273504273476e-05,-0.0002644371916971,-0.0004176532356532,-0.000106465079365,-0.0003569144810744,-0.0003624844932844,-0.0003741393162393,-0.0003499699633699
-0.0004280172161172,-0.0002305931623931,-0.0002585142857142,0.0003272959706959,-8.510078144078116e-05,-0.0002431604395604,-0.0004207018315018,-0.000106465079365,-0.0003538898412698,-0.0003564424908424,-0.0003620699633699,-0.0003318659340659
-0.0004219459584859,-0.0002214913308913,-0.000255473015873,0.0003212353601953,-8.206126984126955e-05,-0.0002370813675213,-0.0004298476190476,-0.0001125476190476,-0.0003508652014652,-0.0003504004884004,-0.0003530179487179,-0.0003197965811965
-0.0004189103296703,-0.0002184573870573,-0.0002585142857142,0.000318205054945,-7.902175824175796e-05,-0.0002370813675213,-0.0004359448107448,-0.0001216714285714,-0.0003508652014652,-0.0003504004884004,-0.0003469832722832,-0.0003107445665445
-0.0004158747008547,-0.0002093555555555,-0.0002524317460317,0.0003121444444444,-8.206126984126955e-05,-0.0002310022954822,-0.0004389934065934,-0.0001368777777777,-0.0003569144810744,-0.0003473794871794,-0.0003409485958485,-0.0003047098901098
-0.0004158747008547,-0.0001941858363858,-0.0002372253968253,0.0003030535286935,-8.814029304029276e-05,-0.0002158046153846,-0.000442042002442,-0.0001642492063492,-0.0003599391208791,-0.0003413374847374,-0.0003318965811965,-0.0002926405372405
-0.0004189103296703,-0.0001881179487179,-0.0002189777777777,0.0003030535286935,-0.0001002983394383,-0.0002036464713064,-0.0004511877899877,-0.0001977031746031,-0.0003629637606837,-0.0003413374847374,-0.0003258619047619,-0.0002805711843711
-0.0004219459584859,-0.00018205006105,-0.0002098539682539,0.0003000232234432,-0.0001063773626373,-0.0001945278632478,-0.0004664307692307,-0.0002372396825396,-0.0003720376800976,-0.0003443584859584,-0.0003168098901098,-0.0002685018315018
-0.0004249815873015,-0.00018205006105,-0.0002128952380952,0.0003030535286935,-0.0001063773626373,-0.0001975673992673,-0.0004755765567765,-0.0002828587301587,-0.0003871608791208,-0.0003504004884004,-0.0003168098901098,-0.0002654844932844
-0.0004310528449328,-0.0001881179487179,-0.0002098539682539,0.0003091141391941,-0.0001094168742368,-0.0001975673992673,-0.0004908195360195,-0.0003345603174603,-0.0004053087179487,-0.0003594634920634,-0.0003198272283272,-0.0002654844932844
-0.0004462309890109,-0.0001881179487179,-0.0001976888888888,0.0003151747496947,-0.0001246144322344,-0.0001914883272283,-0.0005030139194139,-0.0003862619047619,-0.0004234565567765,-0.0003624844932844,-0.0003228445665445,-0.0002654844932844
-0.0004523022466422,-0.0002002537240537,-0.0002007301587301,0.0003242656654456,-0.0001246144322344,-0.0002006069352869,-0.0005121597069597,-0.0004379634920634,-0.0004476536752136,-0.0003775894993894,-0.0003318965811965,-0.0002745365079365
-0.0004492666178266,-0.0002093555555555,-0.0002159365079365,0.0003272959706959,-0.0001154958974358,-0.000212765079365,-0.000524354090354,-0.000489665079365,-0.0004748754334554,-0.0003987365079365,-0.0003469832722832,-0.0002866058608058
-0.0004523022466422,-0.0002245252747252,-0.0002281015873015,0.0003363868864468,-0.0001124563858363,-0.0002249232234432,-0.0005334998778998,-0.0005352841269841,-0.0004930232722832,-0.0004108205128205,-0.0003560352869352,-0.0002986752136752
-0.0004765872771672,-0.0002639665445665,-0.0002402666666666,0.0003697202442002,-0.0001185354090354,-0.000252279047619,-0.0005274026862026,-0.000568738095238,-0.0005020971916971,-0.0004138415140415,-0.0003681046398046,-0.0003107445665445
-0.0005069435653235,-0.0003034078144078,-0.0002524317460317,0.0004030536019536,-0.0001276539438339,-0.0002765953357753,-0.0005152083028083,-0.0005930682539682,-0.0005081464713064,-0.0004168625152625,-0.0003801739926739,-0.0003258312576312
-0.0005099791941391,-0.0003246454212454,-0.0002706793650793,0.0004151748229548,-0.0001185354090354,-0.000297872087912,-0.0005152083028083,-0.0006234809523809,-0.0005262943101343,-0.0004349885225885,-0.000398278021978,-0.0003499699633699
-0.0004978366788766,-0.000342849084249,-0.0003041333333333,0.0004182051282051,-9.725882783882755e-05,-0.0003221883760683,-0.0005274026862026,-0.0006599761904761,-0.0005504914285714,-0.0004561355311355,-0.0004193993894993,-0.0003741086691086
-0.0004978366788766,-0.0003610527472527,-0.0003223809523809,0.000427296043956,-8.814029304029276e-05,-0.0003404255921855,-0.0005365484737484,-0.0006903888888888,-0.0005656146275946,-0.0004682195360195,-0.000434486080586,-0.0003891953601953
-0.0005160504517704,-0.0003883582417582,-0.000334546031746,0.0004515384859584,-9.117980463980436e-05,-0.0003617023443223,-0.0005334998778998,-0.0007116777777777,-0.0005807378266178,-0.0004833245421245,-0.0004495727716727,-0.0004103167277167
-0.0005281929670329,-0.0004156637362637,-0.0003436698412698,0.0004697203174603,-9.117980463980436e-05,-0.0003799395604395,-0.0005304512820512,-0.0007299253968253,-0.0005928363858363,-0.0004923875457875,-0.0004616421245421,-0.000422386080586
-0.0005464067399267,-0.0004217316239316,-0.0003315047619047,0.0004818415384615,-0.0001063773626373,-0.00037690002442,-0.000524354090354,-0.0007390492063492,-0.0005988856654456,-0.0004923875457875,-0.0004616421245421,-0.000422386080586
-0.0005524779975579,-0.0004308334554334,-0.000334546031746,0.0004909324542124,-0.0001094168742368,-0.000382979096459,-0.000524354090354,-0.0007542555555555,-0.0006079595848595,-0.0005014505494505,-0.0004706941391941,-0.0004344554334554
-0.0005464067399267,-0.0004429692307692,-0.0003527936507936,0.0004939627594627,-9.725882783882755e-05,-0.0003981767765567,-0.0005304512820512,-0.0007694619047619,-0.0006200581440781,-0.0005165555555555,-0.0004857808302808,-0.0004495421245421
-0.0005464067399267,-0.0004611728937728,-0.0003710412698412,0.0005030536752136,-8.814029304029276e-05,-0.0004164139926739,-0.0005304512820512,-0.0007785857142857,-0.0006321567032967,-0.0005256185592185,-0.0004978501831501,-0.0004646288156288
-0.0005494423687423,-0.0004763426129426,-0.000380165079365,0.0005121445909645,-8.510078144078116e-05,-0.0004285721367521,-0.000524354090354,-0.0007846682539682,-0.0006382059829059,-0.0005316605616605,-0.0005069021978021,-0.0004736808302808
-0.0005615848840048,-0.0004793765567765,-0.0003740825396825,0.0005182052014652,-9.421931623931596e-05,-0.0004255326007326,-0.0005182568986568,-0.0007846682539682,-0.0006351813431013,-0.0005286395604395,-0.0005008675213675,-0.0004676461538461
-0.0005676561416361,-0.0004884783882783,-0.0003771238095238,0.0005272961172161,-9.421931623931596e-05,-0.0004316116727716,-0.0005182568986568,-0.0007846682539682,-0.0006321567032967,-0.0005286395604395,-0.0005008675213675,-0.0004706634920634
-0.0005615848840048,-0.0004975802197802,-0.0003923301587301,0.0005272961172161,-8.510078144078116e-05,-0.0004437698168498,-0.000524354090354,-0.0007877095238095,-0.0006382059829059,-0.0005346815628815,-0.0005069021978021,-0.0004766981684981
-0.0005585492551892,-0.0005006141636141,-0.0004014539682539,0.0005272961172161,-7.902175824175796e-05,-0.0004498488888888,-0.0005274026862026,-0.000793792063492,-0.0006472799023199,-0.0005437445665445,-0.0005159542124542,-0.0004857501831501
-0.0005676561416361,-0.0005006141636141,-0.0003923301587301,0.0005333567277167,-8.814029304029276e-05,-0.0004468093528693,-0.000524354090354,-0.0007968333333333,-0.0006533291819291,-0.0005467655677655,-0.0005219888888888,-0.0004917848595848
-0.0005828342857142,-0.0005006141636141,-0.0003740825396825,0.0005394173382173,-0.0001033378510378,-0.0004376907448107,-0.0005182568986568,-0.0007968333333333,-0.0006503045421245,-0.0005437445665445,-0.0005189715506715,-0.0004887675213675
-0.000576763028083,-0.0004975802197802,-0.0003771238095238,0.000536387032967,-0.0001002983394383,-0.0004376907448107,-0.0005182568986568,-0.0007968333333333,-0.0006472799023199,-0.0005437445665445,-0.0005189715506715,-0.0004887675213675
-0.0005797986568986,-0.0005036481074481,-0.000380165079365,0.0005394173382173,-0.0001002983394383,-0.0004407302808302,-0.0005152083028083,-0.000793792063492,-0.0006412306227106,-0.0005377025641025,-0.0005159542124542,-0.0004857501831501
-0.0005797986568986,-0.0005127499389499,-0.0003923301587301,0.0005454779487179,-9.421931623931596e-05,-0.0004528884249084,-0.0005091111111111,-0.0007907507936507,-0.0006351813431013,-0.0005346815628815,-0.0005159542124542,-0.0004857501831501
-0.0005706917704517,-0.0005218517704517,-0.0004044952380952,0.0005454779487179,-8.206126984126955e-05,-0.000462007032967,-0.0005091111111111,-0.000793792063492,-0.0006412306227106,-0.0005407235653235,-0.0005189715506715,-0.0004917848595848
-0.0005706917704517,-0.0005127499389499,-0.0004014539682539,0.0005394173382173,-8.510078144078116e-05,-0.0004559279609279,-0.0005121597069597,-0.000793792063492,-0.0006472799023199,-0.0005467655677655,-0.0005250062271062,-0.0004917848595848
-0.0005706917704517,-0.0005006141636141,-0.0003862476190476,0.0005333567277167,-9.117980463980436e-05,-0.0004437698168498,-0.0005182568986568,-0.0007907507936507,-0.0006472799023199,-0.0005467655677655,-0.0005250062271062,-0.0004948021978021
-0.000576763028083,-0.0004975802197802,-0.0003710412698412,0.000536387032967,-0.0001033378510378,-0.0004346512087912,-0.0005182568986568,-0.0007846682539682,-0.0006412306227106,-0.0005437445665445,-0.0005189715506715,-0.0004948021978021
-0.0005676561416361,-0.0005006141636141,-0.0003892888888888,0.0005333567277167,-8.814029304029276e-05,-0.0004437698168498,-0.0005152083028083,-0.0007816269841269,-0.0006382059829059,-0.0005407235653235,-0.0005219888888888,-0.0004978195360195
-0.0005676561416361,-0.0005097159951159,-0.0003984126984126,0.000536387032967,-8.510078144078116e-05,-0.0004528884249084,-0.0005091111111111,-0.0007725031746031,-0.0006321567032967,-0.0005346815628815,-0.0005219888888888,-0.0004948021978021
-0.0005676561416361,-0.0005127499389499,-0.0003984126984126,0.0005394173382173,-8.510078144078116e-05,-0.0004559279609279,-0.0005030139194139,-0.0007694619047619,-0.0006261074236874,-0.0005346815628815,-0.0005219888888888,-0.0004948021978021
-0.0005646205128205,-0.0005127499389499,-0.0004014539682539,0.000536387032967,-8.206126984126955e-05,-0.0004559279609279,-0.0005030139194139,-0.0007694619047619,-0.0006321567032967,-0.0005377025641025,-0.0005250062271062,-0.0004978195360195
-0.0005615848840048,-0.0005097159951159,-0.0004044952380952,0.0005333567277167,-7.902175824175796e-05,-0.0004559279609279,-0.0005030139194139,-0.0007694619047619,-0.0006382059829059,-0.0005467655677655,-0.0005310409035409,-0.0005038542124542
-0.0005615848840048,-0.0005097159951159,-0.0003953714285714,0.0005333567277167,-8.206126984126955e-05,-0.0004528884249084,-0.0004999653235653,-0.0007633793650793,-0.0006382059829059,-0.0005437445665445,-0.0005310409035409,-0.0005068715506715
-0.0005676561416361,-0.0004975802197802,-0.0003862476190476,0.0005303264224664,-9.117980463980436e-05,-0.0004407302808302,-0.0005030139194139,-0.0007633793650793,-0.0006321567032967,-0.0005407235653235,-0.0005280235653235,-0.0005068715506715
-0.0005737273992673,-0.0004945462759462,-0.0003771238095238,0.0005333567277167,-9.725882783882755e-05,-0.0004346512087912,-0.0004999653235653,-0.000760338095238,-0.000629132063492,-0.0005346815628815,-0.0005250062271062,-0.0005008368742368
-0.0005706917704517,-0.0004884783882783,-0.0003740825396825,0.0005272961172161,-9.725882783882755e-05,-0.0004316116727716,-0.0004999653235653,-0.0007572968253968,-0.0006261074236874,-0.0005316605616605,-0.0005189715506715,-0.0004948021978021
-0.0005615848840048,-0.0004915123321123,-0.0003832063492063,0.0005242658119658,-8.814029304029276e-05,-0.0004376907448107,-0.0004999653235653,-0.0007572968253968,-0.0006261074236874,-0.0005346815628815,-0.0005219888888888,-0.0004917848595848
-0.0005585492551892,-0.0004975802197802,-0.0003953714285714,0.0005272961172161,-8.206126984126955e-05,-0.0004468093528693,-0.0004999653235653,-0.0007572968253968,-0.000629132063492,-0.0005377025641025,-0.0005250062271062,-0.0004948021978021
-0.0005585492551892,-0.0005036481074481,-0.0004014539682539,0.0005303264224664,-7.902175824175796e-05,-0.0004528884249084,-0.0004999653235653,-0.0007512142857142,-0.0006261074236874,-0.0005316605616605,-0.0005189715506715,-0.0004887675213675
-0.0005646205128205,-0.0005006141636141,-0.0003953714285714,0.0005303264224664,-8.510078144078116e-05,-0.0004468093528693,-0.0004969167277167,-0.0007451317460317,-0.0006170335042735,-0.0005225975579975,-0.0005099195360195,-0.0004797155067155
-0.0005646205128205,-0.0004915123321123,-0.0003832063492063,0.0005272961172161,-9.117980463980436e-05,-0.0004376907448107,-0.0004999653235653,-0.0007420904761904,-0.0006109842246642,-0.0005165555555555,-0.0004978501831501,-0.0004736808302808
-0.0005585492551892,-0.0004824105006105,-0.0003832063492063,0.0005182052014652,-8.814029304029276e-05,-0.0004316116727716,-0.0005091111111111,-0.000748173015873,-0.0006170335042735,-0.0005165555555555,-0.0004978501831501,-0.0004766981684981
-0.0005585492551892,-0.0004793765567765,-0.000380165079365,0.0005182052014652,-8.814029304029276e-05,-0.0004285721367521,-0.0005091111111111,-0.0007512142857142,-0.0006200581440781,-0.0005195765567765,-0.0005038848595848,-0.0004797155067155
-0.0005646205128205,-0.0004793765567765,-0.0003740825396825,0.0005212355067155,-9.421931623931596e-05,-0.0004255326007326,-0.0005060625152625,-0.000748173015873,-0.0006170335042735,-0.0005165555555555,-0.0005038848595848,-0.0004766981684981
-0.0005585492551892,-0.0004763426129426,-0.0003740825396825,0.0005151748962148,-9.117980463980436e-05,-0.0004255326007326,-0.0005091111111111,-0.0007512142857142,-0.0006140088644688,-0.0005105135531135,-0.0004978501831501,-0.0004736808302808
-0.0005464067399267,-0.0004702747252747,-0.0003771238095238,0.0005060839804639,-8.510078144078116e-05,-0.000422493064713,-0.0005152083028083,-0.0007542555555555,-0.0006140088644688,-0.0005105135531135,-0.0004948328449328,-0.0004736808302808
-0.0005403354822954,-0.0004642068376068,-0.000380165079365,0.0005000233699633,-7.902175824175796e-05,-0.000422493064713,-0.0005213054945054,-0.0007572968253968,-0.0006140088644688,-0.0005105135531135,-0.0004948328449328,-0.0004706634920634
-0.0005403354822954,-0.0004672407814407,-0.0003832063492063,0.0005030536752136,-7.902175824175796e-05,-0.0004255326007326,-0.0005213054945054,-0.0007542555555555,-0.0006140088644688,-0.0005105135531135,-0.0004948328449328,-0.0004736808302808
-0.0005494423687423,-0.0004702747252747,-0.0003771238095238,0.0005091142857142,-8.510078144078116e-05,-0.000422493064713,-0.0005182568986568,-0.0007542555555555,-0.0006140088644688,-0.0005105135531135,-0.0004948328449328,-0.0004706634920634
-0.0005555136263736,-0.0004672407814407,-0.0003679999999999,0.0005091142857142,-9.421931623931596e-05,-0.0004164139926739,-0.0005152083028083,-0.0007542555555555,-0.0006109842246642,-0.0005074925518925,-0.0004918155067155,-0.0004676461538461
-0.0005464067399267,-0.0004642068376068,-0.0003740825396825,0.0005030536752136,-8.510078144078116e-05,-0.0004194535286935,-0.0005213054945054,-0.0007572968253968,-0.0006170335042735,-0.0005105135531135,-0.0004887981684981,-0.0004676461538461
-0.0005464067399267,-0.0004642068376068,-0.0003679999999999,0.0005030536752136,-8.814029304029276e-05,-0.0004164139926739,-0.000524354090354,-0.000760338095238,-0.0006140088644688,-0.0005044715506715,-0.0004887981684981,-0.0004676461538461
-0.0005464067399267,-0.0004672407814407,-0.0003740825396825,0.0005060839804639,-8.510078144078116e-05,-0.0004194535286935,-0.000524354090354,-0.0007633793650793,-0.0006140088644688,-0.0005044715506715,-0.0004887981684981,-0.0004646288156288
-0.0005494423687423,-0.0004672407814407,-0.0003740825396825,0.0005060839804639,-8.814029304029276e-05,-0.0004194535286935,-0.0005213054945054,-0.0007633793650793,-0.0006140088644688,-0.0005014505494505,-0.0004887981684981,-0.0004646288156288
-0.0005555136263736,-0.0004702747252747,-0.0003710412698412,0.0005121445909645,-9.117980463980436e-05,-0.0004194535286935,-0.0005213054945054,-0.0007633793650793,-0.0006140088644688,-0.0005014505494505,-0.0004887981684981,-0.0004646288156288
-0.0005464067399267,-0.0004733086691086,-0.0003832063492063,0.0005091142857142,-8.206126984126955e-05,-0.0004285721367521,-0.0005274026862026,-0.0007694619047619,-0.0006200581440781,-0.0005044715506715,-0.0004918155067155,-0.0004676461538461
-0.0005524779975579,-0.0004733086691086,-0.0003832063492063,0.0005121445909645,-8.510078144078116e-05,-0.0004285721367521,-0.0005274026862026,-0.0007725031746031,-0.0006230827838827,-0.0005044715506715,-0.0004887981684981,-0.0004646288156288
-0.0005555136263736,-0.0004702747252747,-0.0003740825396825,0.0005121445909645,-9.117980463980436e-05,-0.000422493064713,-0.0005274026862026,-0.0007725031746031,-0.0006230827838827,-0.0005014505494505,-0.0004827634920634,-0.0004616114774114
-0.0005464067399267,-0.0004672407814407,-0.0003771238095238,0.0005060839804639,-8.510078144078116e-05,-0.000422493064713,-0.000524354090354,-0.0007725031746031,-0.0006261074236874,-0.0005044715506715,-0.0004827634920634,-0.0004616114774114
-0.0005464067399267,-0.0004672407814407,-0.000380165079365,0.0005060839804639,-8.206126984126955e-05,-0.000422493064713,-0.0005274026862026,-0.0007785857142857,-0.0006351813431013,-0.0005105135531135,-0.0004887981684981,-0.0004646288156288
-0.0005494423687423,-0.0004702747252747,-0.000380165079365,0.0005091142857142,-8.510078144078116e-05,-0.0004255326007326,-0.0005304512820512,-0.0007785857142857,-0.0006382059829059,-0.0005105135531135,-0.0004918155067155,-0.0004646288156288
-0.0005494423687423,-0.0004733086691086,-0.000380165079365,0.0005091142857142,-8.510078144078116e-05,-0.0004255326007326,-0.0005304512820512,-0.0007816269841269,-0.0006351813431013,-0.0005074925518925,-0.0004918155067155,-0.0004646288156288
-0.0005585492551892,-0.0004733086691086,-0.0003710412698412,0.0005151748962148,-9.421931623931596e-05,-0.000422493064713,-0.0005274026862026,-0.0007846682539682,-0.0006351813431013,-0.0005105135531135,-0.0004887981684981,-0.0004676461538461
-0.0005524779975579,-0.0004733086691086,-0.0003771238095238,0.0005121445909645,-8.814029304029276e-05,-0.0004255326007326,-0.000524354090354,-0.0007846682539682,-0.0006412306227106,-0.0005135345543345,-0.0004918155067155,-0.0004706634920634
-0.0005494423687423,-0.0004763426129426,-0.0003832063492063,0.0005121445909645,-8.206126984126955e-05,-0.0004285721367521,-0.000524354090354,-0.0007877095238095,-0.0006442552625152,-0.0005135345543345,-0.0004978501831501,-0.0004736808302808
-0.0005433711111111,-0.0004733086691086,-0.0003862476190476,0.0005060839804639,-7.902175824175796e-05,-0.0004285721367521,-0.0005334998778998,-0.0007907507936507,-0.0006472799023199,-0.0005165555555555,-0.0005008675213675,-0.0004766981684981
-0.0005494423687423,-0.0004763426129426,-0.0003892888888888,0.0005121445909645,-7.902175824175796e-05,-0.0004316116727716,-0.0005334998778998,-0.000793792063492,-0.0006503045421245,-0.0005195765567765,-0.0005008675213675,-0.0004766981684981
-0.0005706917704517,-0.0004884783882783,-0.0003740825396825,0.0005272961172161,-9.725882783882755e-05,-0.0004316116727716,-0.0005213054945054,-0.0007877095238095,-0.0006442552625152,-0.0005135345543345,-0.0004948328449328,-0.0004706634920634
-0.0005676561416361,-0.0004884783882783,-0.0003740825396825,0.0005272961172161,-9.725882783882755e-05,-0.0004316116727716,-0.0005152083028083,-0.0007846682539682,-0.0006382059829059,-0.0005105135531135,-0.0004948328449328,-0.0004646288156288
-0.0005555136263736,-0.0004854444444444,-0.0003862476190476,0.0005182052014652,-8.510078144078116e-05,-0.0004346512087912,-0.0005213054945054,-0.0007907507936507,-0.0006442552625152,-0.0005135345543345,-0.0004948328449328,-0.0004676461538461
-0.0005464067399267,-0.0004854444444444,-0.0003953714285714,0.0005151748962148,-7.598224664224636e-05,-0.0004407302808302,-0.0005274026862026,-0.0007968333333333,-0.0006503045421245,-0.0005165555555555,-0.0005008675213675,-0.0004736808302808
-0.0005524779975579,-0.0004824105006105,-0.0003862476190476,0.0005151748962148,-8.206126984126955e-05,-0.0004346512087912,-0.0005274026862026,-0.0007968333333333,-0.0006503045421245,-0.0005225975579975,-0.0004978501831501,-0.0004736808302808
-0.0005555136263736,-0.0004854444444444,-0.0003832063492063,0.0005182052014652,-8.510078144078116e-05,-0.0004346512087912,-0.0005274026862026,-0.0007998746031746,-0.0006533291819291,-0.0005225975579975,-0.0005008675213675,-0.0004766981684981
-0.0005524779975579,-0.0004884783882783,-0.0003923301587301,0.0005182052014652,-7.902175824175796e-05,-0.0004407302808302,-0.0005304512820512,-0.0008029158730158,-0.0006563538217338,-0.0005225975579975,-0.0005038848595848,-0.0004827328449328
-0.0005494423687423,-0.0004915123321123,-0.0003953714285714,0.0005182052014652,-7.598224664224636e-05,-0.0004437698168498,-0.0005304512820512,-0.0007998746031746,-0.0006533291819291,-0.0005195765567765,-0.0004978501831501,-0.0004797155067155
-0.0005494423687423,-0.0004854444444444,-0.0003923301587301,0.0005151748962148,-7.902175824175796e-05,-0.0004376907448107,-0.0005274026862026,-0.000793792063492,-0.0006533291819291,-0.0005135345543345,-0.0004918155067155,-0.0004736808302808
-0.0005494423687423,-0.0004824105006105,-0.0003892888888888,0.0005151748962148,-7.902175824175796e-05,-0.0004346512087912,-0.0005304512820512,-0.0007968333333333,-0.0006593784615384,-0.0005195765567765,-0.0004948328449328,-0.0004766981684981
-0.0005555136263736,-0.0004793765567765,-0.000380165079365,0.0005151748962148,-8.814029304029276e-05,-0.0004285721367521,-0.0005334998778998,-0.0008029158730158,-0.0006624031013431,-0.0005225975579975,-0.0005008675213675,-0.0004797155067155
-0.0005555136263736,-0.0004763426129426,-0.0003740825396825,0.0005151748962148,-9.117980463980436e-05,-0.0004255326007326,-0.0005304512820512,-0.0008089984126984,-0.0006624031013431,-0.0005256185592185,-0.0005038848595848,-0.0004797155067155
-0.0005585492551892,-0.0004793765567765,-0.0003771238095238,0.0005182052014652,-9.117980463980436e-05,-0.0004285721367521,-0.0005274026862026,-0.0008029158730158,-0.0006533291819291,-0.0005195765567765,-0.0005008675213675,-0.0004736808302808
-0.0005494423687423,-0.0004884783882783,-0.0003953714285714,0.0005182052014652,-7.598224664224636e-05,-0.0004407302808302,-0.0005274026862026,-0.0007968333333333,-0.0006503045421245,-0.0005165555555555,-0.0004978501831501,-0.0004736808302808
-0.0005372998534798,-0.0005036481074481,-0.0004227428571428,0.0005182052014652,-5.774517704517676e-05,-0.000462007032967,-0.0005274026862026,-0.0007968333333333,-0.0006533291819291,-0.0005195765567765,-0.0005008675213675,-0.0004766981684981
-0.0005403354822954,-0.0005036481074481,-0.0004197015873015,0.0005212355067155,-6.078468864468836e-05,-0.000462007032967,-0.0005274026862026,-0.0007998746031746,-0.0006533291819291,-0.0005195765567765,-0.0005008675213675,-0.0004766981684981
-0.0005555136263736,-0.0004975802197802,-0.0003984126984126,0.0005242658119658,-7.902175824175796e-05,-0.0004468093528693,-0.0005182568986568,-0.0007998746031746,-0.0006533291819291,-0.0005195765567765,-0.0004948328449328,-0.0004706634920634
-0.0005737273992673,-0.0004945462759462,-0.0003771238095238,0.0005333567277167,-9.725882783882755e-05,-0.0004346512087912,-0.0005121597069597,-0.0007968333333333,-0.0006472799023199,-0.0005135345543345,-0.0004918155067155,-0.0004676461538461
-0.0005585492551892,-0.0004945462759462,-0.0003923301587301,0.0005242658119658,-8.206126984126955e-05,-0.0004437698168498,-0.0005213054945054,-0.0008029158730158,-0.0006563538217338,-0.0005195765567765,-0.0004978501831501,-0.0004736808302808
-0.0005342642246642,-0.0004945462759462,-0.0004166603174603,0.0005121445909645,-5.774517704517676e-05,-0.0004559279609279,-0.0005334998778998,-0.0008089984126984,-0.0006654277411477,-0.0005286395604395,-0.0005069021978021,-0.0004857501831501
-0.0005372998534798,-0.0004915123321123,-0.0004105777777777,0.0005121445909645,-6.382420024419996e-05,-0.0004498488888888,-0.0005334998778998,-0.0008089984126984,-0.0006654277411477,-0.0005346815628815,-0.0005099195360195,-0.0004827328449328
-0.0005464067399267,-0.0004915123321123,-0.0004014539682539,0.0005182052014652,-7.294273504273476e-05,-0.0004468093528693,-0.0005334998778998,-0.0008120396825396,-0.0006654277411477,-0.0005316605616605,-0.0005099195360195,-0.0004797155067155
-0.0005403354822954,-0.0004884783882783,-0.0004044952380952,0.0005121445909645,-6.686371184371155e-05,-0.0004468093528693,-0.0005274026862026,-0.0008089984126984,-0.0006624031013431,-0.0005286395604395,-0.0005069021978021,-0.0004827328449328
-0.0005372998534798,-0.0004884783882783,-0.0004044952380952,0.0005121445909645,-6.686371184371155e-05,-0.0004468093528693,-0.0005304512820512,-0.0008089984126984,-0.0006624031013431,-0.0005256185592185,-0.0005069021978021,-0.0004827328449328
-0.0005403354822954,-0.0004915123321123,-0.0004044952380952,0.0005151748962148,-6.686371184371155e-05,-0.0004468093528693,-0.0005304512820512,-0.0008089984126984,-0.0006593784615384,-0.0005225975579975,-0.0005069021978021,-0.0004827328449328
-0.0005464067399267,-0.0004945462759462,-0.0004014539682539,0.0005182052014652,-7.294273504273476e-05,-0.0004468093528693,-0.0005274026862026,-0.0008089984126984,-0.0006593784615384,-0.0005256185592185,-0.0005069021978021,-0.0004827328449328
-0.0005464067399267,-0.0005006141636141,-0.0004105777777777,0.0005212355067155,-6.686371184371155e-05,-0.0004559279609279,-0.0005213054945054,-0.0008089984126984,-0.0006624031013431,-0.0005256185592185,-0.0005099195360195,-0.0004857501831501
-0.0005494423687423,-0.0004975802197802,-0.0004075365079365,0.0005212355067155,-6.990322344322315e-05,-0.0004528884249084,-0.000524354090354,-0.0008120396825396,-0.0006624031013431,-0.0005225975579975,-0.0005038848595848,-0.0004797155067155
-0.0005464067399267,-0.0004975802197802,-0.0004075365079365,0.0005212355067155,-6.990322344322315e-05,-0.0004528884249084,-0.000524354090354,-0.0008089984126984,-0.0006593784615384,-0.0005195765567765,-0.0004978501831501,-0.0004706634920634
-0.0005464067399267,-0.0004945462759462,-0.0004014539682539,0.0005182052014652,-7.294273504273476e-05,-0.0004468093528693,-0.0005274026862026,-0.0008089984126984,-0.0006624031013431,-0.0005225975579975,-0.0004948328449328,-0.0004676461538461
-0.0005464067399267,-0.0004915123321123,-0.0004014539682539,0.0005182052014652,-7.294273504273476e-05,-0.0004468093528693,-0.0005334998778998,-0.0008150809523809,-0.0006654277411477,-0.0005256185592185,-0.0005008675213675,-0.0004766981684981
-0.0005494423687423,-0.0004854444444444,-0.0003953714285714,0.0005151748962148,-7.598224664224636e-05,-0.0004407302808302,-0.0005304512820512,-0.0008181222222222,-0.0006684523809523,-0.0005286395604395,-0.0005038848595848,-0.0004797155067155
-0.0005524779975579,-0.0004793765567765,-0.0003832063492063,0.0005151748962148,-8.510078144078116e-05,-0.0004316116727716,-0.0005304512820512,-0.0008150809523809,-0.0006624031013431,-0.0005225975579975,-0.0005008675213675,-0.0004736808302808
-0.0005494423687423,-0.0004824105006105,-0.0003862476190476,0.0005151748962148,-8.206126984126955e-05,-0.0004346512087912,-0.0005304512820512,-0.0008089984126984,-0.0006563538217338,-0.0005165555555555,-0.0004978501831501,-0.0004706634920634
-0.0005433711111111,-0.0004915123321123,-0.0004014539682539,0.0005151748962148,-6.990322344322315e-05,-0.0004468093528693,-0.0005304512820512,-0.0008089984126984,-0.0006563538217338,-0.0005195765567765,-0.0005008675213675,-0.0004766981684981
-0.0005372998534798,-0.0004975802197802,-0.000413619047619,0.0005151748962148,-6.078468864468836e-05,-0.0004559279609279,-0.0005274026862026,-0.0008120396825396,-0.0006563538217338,-0.0005225975579975,-0.0005038848595848,-0.0004827328449328
-0.0005403354822954,-0.0004975802197802,-0.0004105777777777,0.0005182052014652,-6.382420024419996e-05,-0.0004528884249084,-0.0005213054945054,-0.0008120396825396,-0.0006563538217338,-0.0005225975579975,-0.0005008675213675,-0.0004797155067155
-0.0005403354822954,-0.0004945462759462,-0.0004105777777777,0.0005151748962148,-6.382420024419996e-05,-0.0004528884249084,-0.0005213054945054,-0.0008089984126984,-0.0006563538217338,-0.0005195765567765,-0.0004978501831501,-0.0004736808302808
-0.0005464067399267,-0.0004915123321123,-0.0004044952380952,0.0005182052014652,-6.990322344322315e-05,-0.0004468093528693,-0.000524354090354,-0.0008059571428571,-0.0006563538217338,-0.0005195765567765,-0.0004978501831501,-0.0004706634920634
-0.0005524779975579,-0.0004945462759462,-0.0004014539682539,0.0005212355067155,-7.598224664224636e-05,-0.0004468093528693,-0.000524354090354,-0.0008059571428571,-0.0006563538217338,-0.0005225975579975,-0.0005008675213675,-0.0004736808302808
-0.0005494423687423,-0.0004915123321123,-0.0003984126984126,0.0005182052014652,-7.598224664224636e-05,-0.0004437698168498,-0.000524354090354,-0.0008089984126984,-0.0006563538217338,-0.0005225975579975,-0.0005008675213675,-0.0004736808302808
-0.0005464067399267,-0.0004884783882783,-0.0003953714285714,0.0005151748962148,-7.598224664224636e-05,-0.0004407302808302,-0.0005213054945054,-0.0008089984126984,-0.0006593784615384,-0.0005225975579975,-0.0004978501831501,-0.0004766981684981
-0.0005524779975579,-0.0004884783882783,-0.0003892888888888,0.0005182052014652,-8.206126984126955e-05,-0.0004376907448107,-0.000524354090354,-0.0008089984126984,-0.0006563538217338,-0.0005195765567765,-0.0004978501831501,-0.0004736808302808
-0.0005403354822954,-0.0004884783882783,-0.0004044952380952,0.0005121445909645,-6.686371184371155e-05,-0.0004468093528693,-0.0005274026862026,-0.0008089984126984,-0.0006533291819291,-0.0005195765567765,-0.0004978501831501,-0.0004736808302808
-0.0005281929670329,-0.0004945462759462,-0.0004227428571428,0.0005091142857142,-5.166615384615356e-05,-0.0004589674969474,-0.0005274026862026,-0.0008059571428571,-0.0006563538217338,-0.0005225975579975,-0.0005008675213675,-0.0004766981684981
-0.0005433711111111,-0.0005006141636141,-0.0004166603174603,0.0005212355067155,-6.382420024419996e-05,-0.0004589674969474,-0.0005213054945054,-0.0008029158730158,-0.0006533291819291,-0.0005225975579975,-0.0005038848595848,-0.0004766981684981
-0.0005555136263736,-0.0004975802197802,-0.0003984126984126,0.0005242658119658,-7.902175824175796e-05,-0.0004468093528693,-0.0005152083028083,-0.0007998746031746,-0.0006503045421245,-0.0005165555555555,-0.0004978501831501,-0.0004676461538461
-0.0005524779975579,-0.0004945462759462,-0.0003953714285714,0.0005212355067155,-7.902175824175796e-05,-0.0004437698168498,-0.0005152083028083,-0.0008029158730158,-0.0006503045421245,-0.0005165555555555,-0.0004948328449328,-0.0004706634920634
-0.0005433711111111,-0.0004915123321123,-0.0004075365079365,0.0005151748962148,-6.686371184371155e-05,-0.0004498488888888,-0.0005213054945054,-0.0008059571428571,-0.0006533291819291,-0.0005225975579975,-0.0004978501831501,-0.0004766981684981
-0.0005403354822954,-0.0004915123321123,-0.0004075365079365,0.0005151748962148,-6.686371184371155e-05,-0.0004498488888888,-0.000524354090354,-0.0008059571428571,-0.0006533291819291,-0.0005225975579975,-0.0005008675213675,-0.0004766981684981
-0.0005464067399267,-0.0004945462759462,-0.0004044952380952,0.0005182052014652,-6.990322344322315e-05,-0.0004498488888888,-0.0005213054945054,-0.0008059571428571,-0.0006533291819291,-0.0005256185592185,-0.0005069021978021,-0.0004797155067155
-0.0005524779975579,-0.0004975802197802,-0.0004044952380952,0.0005242658119658,-7.294273504273476e-05,-0.0004498488888888,-0.0005213054945054,-0.0008029158730158,-0.0006533291819291,-0.0005286395604395,-0.0005069021978021,-0.0004797155067155
-0.0005464067399267,-0.0004884783882783,-0.0003984126984126,0.0005151748962148,-7.294273504273476e-05,-0.0004437698168498,-0.0005182568986568,-0.0008029158730158,-0.0006533291819291,-0.0005225975579975,-0.0005008675213675,-0.0004736808302808
-0.0005494423687423,-0.0004884783882783,-0.0003953714285714,0.0005182052014652,-7.598224664224636e-05,-0.0004407302808302,-0.0005182568986568,-0.0008029158730158,-0.0006533291819291,-0.0005225975579975,-0.0005008675213675,-0.0004736808302808
-0.0005464067399267,-0.0004854444444444,-0.0003953714285714,0.0005151748962148,-7.598224664224636e-05,-0.0004407302808302,-0.0005182568986568,-0.0008059571428571,-0.0006563538217338,-0.0005256185592185,-0.0005008675213675,-0.0004766981684981
-0.0005555136263736,-0.0004884783882783,-0.0003862476190476,0.0005212355067155,-8.510078144078116e-05,-0.0004376907448107,-0.0005121597069597,-0.0007998746031746,-0.0006472799023199,-0.0005225975579975,-0.0005008675213675,-0.0004736808302808
-0.0005555136263736,-0.0004793765567765,-0.0003832063492063,0.0005151748962148,-8.510078144078116e-05,-0.0004316116727716,-0.0005091111111111,-0.000793792063492,-0.0006412306227106,-0.0005165555555555,-0.0004948328449328,-0.0004706634920634
-0.0005464067399267,-0.0004763426129426,-0.0003892888888888,0.0005091142857142,-7.902175824175796e-05,-0.0004316116727716,-0.0005091111111111,-0.0007907507936507,-0.0006382059829059,-0.0005135345543345,-0.0004948328449328,-0.0004676461538461
-0.0005372998534798,-0.0004763426129426,-0.0003984126984126,0.0005060839804639,-6.990322344322315e-05,-0.0004376907448107,-0.0005152083028083,-0.0007907507936507,-0.0006412306227106,-0.0005135345543345,-0.0004948328449328,-0.0004706634920634
-0.0005281929670329,-0.0004824105006105,-0.000413619047619,0.0005030536752136,-5.774517704517676e-05,-0.0004468093528693,-0.0005152083028083,-0.0007877095238095,-0.0006412306227106,-0.0005195765567765,-0.0005008675213675,-0.0004766981684981
-0.0005221217094017,-0.0004824105006105,-0.0004227428571428,0.0005000233699633,-4.862664224664196e-05,-0.0004528884249084,-0.0005030139194139,-0.0007816269841269,-0.0006442552625152,-0.0005195765567765,-0.0005038848595848,-0.0004797155067155
-0.0005312285958485,-0.0004824105006105,-0.0004105777777777,0.0005060839804639,-6.078468864468836e-05,-0.0004468093528693,-0.0004877709401709,-0.0007725031746031,-0.0006321567032967,-0.0005105135531135,-0.0004948328449328,-0.0004706634920634
-0.0005403354822954,-0.0004763426129426,-0.0003923301587301,0.0005060839804639,-7.294273504273476e-05,-0.0004346512087912,-0.0004786251526251,-0.0007572968253968,-0.0006170335042735,-0.0004984295482295,-0.0004827634920634,-0.0004585941391941
-0.0005281929670329,-0.0004581389499389,-0.0003892888888888,0.0004909324542124,-6.990322344322315e-05,-0.000422493064713,-0.0004816737484737,-0.000748173015873,-0.0006109842246642,-0.0004893665445665,-0.0004767288156288,-0.0004495421245421
-0.0005069435653235,-0.0004369013431013,-0.0003892888888888,0.0004697203174603,-5.774517704517676e-05,-0.0004133744566544,-0.0004847223443223,-0.0007390492063492,-0.0006049349450549,-0.0004833245421245,-0.0004706941391941,-0.0004495421245421
-0.000494801050061,-0.0004277995115995,-0.0003892888888888,0.0004606294017094,-5.166615384615356e-05,-0.0004072953846153,-0.0004816737484737,-0.0007299253968253,-0.0005988856654456,-0.0004833245421245,-0.0004706941391941,-0.0004495421245421
-0.000494801050061,-0.0004338673992673,-0.0003923301587301,0.0004636597069597,-5.166615384615356e-05,-0.0004133744566544,-0.0004816737484737,-0.0007329666666666,-0.0005988856654456,-0.0004833245421245,-0.0004706941391941,-0.0004525594627594
-0.0005008723076923,-0.000455105006105,-0.000413619047619,0.0004757809279609,-4.254761904761877e-05,-0.0004346512087912,-0.0004908195360195,-0.0007420904761904,-0.0006079595848595,-0.0004954085470085,-0.0004797461538461,-0.0004585941391941
-0.0005039079365079,-0.0004763426129426,-0.0004288253968253,0.0004879021489621,-3.6468595848595565e-05,-0.0004528884249084,-0.0004999653235653,-0.0007512142857142,-0.0006230827838827,-0.0005074925518925,-0.0004918155067155,-0.0004676461538461
-0.0005251573382173,-0.0004884783882783,-0.0004197015873015,0.0005060839804639,-5.166615384615356e-05,-0.0004528884249084,-0.0004969167277167,-0.0007512142857142,-0.000629132063492,-0.0005105135531135,-0.0004948328449328,-0.0004706634920634
-0.0005281929670329,-0.0004854444444444,-0.000413619047619,0.0005060839804639,-5.774517704517676e-05,-0.0004498488888888,-0.0005060625152625,-0.000760338095238,-0.000629132063492,-0.0005074925518925,-0.0004918155067155,-0.0004676461538461
-0.0005160504517704,-0.0004763426129426,-0.0004197015873015,0.0004939627594627,-4.862664224664196e-05,-0.0004468093528693,-0.0005334998778998,-0.0007907507936507,-0.0006472799023199,-0.0005195765567765,-0.0004978501831501,-0.0004676461538461
-0.0005099791941391,-0.0004824105006105,-0.0004288253968253,0.0004939627594627,-3.950810744810717e-05,-0.0004559279609279,-0.0005456942612942,-0.0008120396825396,-0.0006624031013431,-0.0005316605616605,-0.0005099195360195,-0.0004797155067155
-0.0005130148229548,-0.0004824105006105,-0.0004227428571428,0.000496993064713,-4.558713064713037e-05,-0.0004528884249084,-0.0005426456654456,-0.0008059571428571,-0.0006593784615384,-0.0005286395604395,-0.0005099195360195,-0.0004797155067155
-0.0005281929670329,-0.0004884783882783,-0.000413619047619,0.0005060839804639,-5.774517704517676e-05,-0.0004498488888888,-0.0005334998778998,-0.000793792063492,-0.0006503045421245,-0.0005195765567765,-0.0005008675213675,-0.0004736808302808
-0.0005312285958485,-0.0005097159951159,-0.0004318666666666,0.0005182052014652,-4.862664224664196e-05,-0.0004711256410256,-0.0005304512820512,-0.0007968333333333,-0.0006563538217338,-0.0005286395604395,-0.0005069021978021,-0.0004766981684981
-0.0005281929670329,-0.0005279196581196,-0.0004531555555555,0.0005272961172161,-3.6468595848595565e-05,-0.0004893628571428,-0.0005334998778998,-0.0008059571428571,-0.0006654277411477,-0.0005407235653235,-0.0005159542124542,-0.0004857501831501
-0.0005221217094017,-0.0005309536019536,-0.0004622793650793,0.0005242658119658,-3.0389572649572364e-05,-0.0004954419291819,-0.000539597069597,-0.0008181222222222,-0.0006775263003663,-0.0005467655677655,-0.0005219888888888,-0.0004887675213675
-0.0005312285958485,-0.0005248857142857,-0.0004501142857142,0.0005272961172161,-3.950810744810717e-05,-0.0004863233211233,-0.0005426456654456,-0.0008242047619047,-0.0006835755799755,-0.0005497865689865,-0.0005250062271062,-0.0004887675213675
-0.0005646205128205,-0.0005248857142857,-0.0004166603174603,0.0005424476434676,-7.294273504273476e-05,-0.0004711256410256,-0.0005304512820512,-0.0008242047619047,-0.0006745016605616,-0.0005407235653235,-0.0005159542124542,-0.0004827328449328
-0.0005797986568986,-0.0005339875457875,-0.0004044952380952,0.0005545688644688,-8.814029304029276e-05,-0.0004680861050061,-0.000524354090354,-0.0008181222222222,-0.000671477020757,-0.0005407235653235,-0.0005159542124542,-0.0004827328449328
-0.0005889055433455,-0.0005370214896214,-0.0004044952380952,0.0005606294749694,-9.117980463980436e-05,-0.0004711256410256,-0.0005213054945054,-0.0008150809523809,-0.000671477020757,-0.0005407235653235,-0.0005189715506715,-0.0004827328449328
-0.0005737273992673,-0.0005339875457875,-0.0004166603174603,0.0005515385592185,-7.902175824175796e-05,-0.0004741651770451,-0.000524354090354,-0.0008211634920634,-0.0006745016605616,-0.0005437445665445,-0.0005189715506715,-0.0004857501831501
-0.0005464067399267,-0.0005309536019536,-0.0004409904761904,0.000536387032967,-5.166615384615356e-05,-0.0004863233211233,-0.0005334998778998,-0.0008242047619047,-0.0006805509401709,-0.0005497865689865,-0.0005250062271062,-0.0004948021978021
-0.0005494423687423,-0.0005279196581196,-0.0004349079365079,0.000536387032967,-5.774517704517676e-05,-0.0004802442490842,-0.0005334998778998,-0.0008242047619047,-0.0006805509401709,-0.0005497865689865,-0.0005250062271062,-0.0004917848595848
-0.0005646205128205,-0.0005218517704517,-0.000413619047619,0.0005424476434676,-7.598224664224636e-05,-0.0004680861050061,-0.0005304512820512,-0.0008242047619047,-0.0006775263003663,-0.0005467655677655,-0.0005189715506715,-0.0004857501831501
-0.0005706917704517,-0.0005127499389499,-0.0003984126984126,0.0005394173382173,-8.510078144078116e-05,-0.0004559279609279,-0.0005304512820512,-0.000827246031746,-0.000671477020757,-0.0005437445665445,-0.0005159542124542,-0.0004797155067155
-0.0005737273992673,-0.000506682051282,-0.0003892888888888,0.0005394173382173,-9.117980463980436e-05,-0.0004468093528693,-0.0005274026862026,-0.0008181222222222,-0.0006654277411477,-0.0005346815628815,-0.0005069021978021,-0.0004766981684981
-0.0005737273992673,-0.0005127499389499,-0.0003923301587301,0.0005424476434676,-9.117980463980436e-05,-0.0004528884249084,-0.0005274026862026,-0.0008120396825396,-0.0006563538217338,-0.0005256185592185,-0.0005038848595848,-0.0004766981684981
-0.0005646205128205,-0.0005097159951159,-0.0004044952380952,0.000536387032967,-7.902175824175796e-05,-0.0004559279609279,-0.0005304512820512,-0.0008120396825396,-0.0006533291819291,-0.0005225975579975,-0.0005038848595848,-0.0004736808302808
-0.0005615848840048,-0.0005036481074481,-0.0004014539682539,0.0005303264224664,-7.902175824175796e-05,-0.0004528884249084,-0.0005334998778998,-0.0008150809523809,-0.0006533291819291,-0.0005256185592185,-0.0005069021978021,-0.0004736808302808
-0.0005585492551892,-0.000506682051282,-0.0004014539682539,0.0005303264224664,-7.902175824175796e-05,-0.0004528884249084,-0.000539597069597,-0.0008211634920634,-0.0006533291819291,-0.0005316605616605,-0.0005129368742368,-0.0004797155067155
-0.0005585492551892,-0.0004975802197802,-0.0003892888888888,0.0005272961172161,-8.510078144078116e-05,-0.0004437698168498,-0.0005304512820512,-0.000793792063492,-0.0006261074236874,-0.0005195765567765,-0.0005129368742368,-0.0004857501831501
-0.0005676561416361,-0.0004581389499389,-0.0003467111111111,0.0005121445909645,-0.0001094168742368,-0.0004012163125763,-0.0005182568986568,-0.0007512142857142,-0.0005595653479853,-0.0004863455433455,-0.0005008675213675,-0.0004917848595848
-0.0005676561416361,-0.0003549848595848,-0.0002433079365079,0.0004606294017094,-0.0001610885714285,-0.000297872087912,-0.0005182568986568,-0.000681265079365,-0.0004537029548229,-0.0004108205128205,-0.0004465554334554,-0.0004585941391941
-0.0005130148229548,-0.000185084004884,-0.0001277396825396,0.0003485081074481,-0.0001914836874236,-0.0001550138949938,-0.0005517914529914,-0.0005626555555555,-0.0002964216849816,-0.0002597704517704,-0.0003318965811965,-0.0003831606837606
-0.0003794471550671,3.9427838827839024e-05,-4.562539682539673e-05,0.00016972009768,-0.0001671675946275,-3.0370940170940523e-06,-0.0006341035409035,-0.0004683761904761,-0.0001058693772893,-3.017435897435949e-05,-0.0001538736263736,-0.0002564324786324
-0.0002124875702075,0.0003792295482295,0.0001307682539682,-8.179523809523808e-05,-0.0001702071062271,0.0002553234676434,-0.0008170192918192,-0.0006173984126984,6.95597313797313e-05,0.0002719257631257,0.0001418255189255,-1.2028083028083627e-05
-6.0706129426129696e-05,0.0007463367521367,0.0003466984126984,-0.0003424014896214,-0.0002036417338217,0.0005471189255189,-0.0011096844932844,-0.0009641031746031,0.000151225006105,0.0005861098901098,0.0004918367521367,0.0003108271062271
7.5897167277167e-05,0.0010193916971916,0.000477473015873,-0.0005454319413919,-0.0002006022222222,0.0007477283028083,-0.0014663702075702,-0.0013837984126984,7.56090109890109e-05,0.0008066429792429,0.0007815012210012,0.0006065262515262
0.0001760729181929,0.0011316476190476,0.000489638095238,-0.0006514926251526,-0.0001550095482295,0.0008115585592185,-0.0017407438339438,-0.0017000904761904,-0.0001028447374847,0.0008308109890109,0.0009021947496947,0.0007905838827838
0.0001275028571428,0.000782744078144,0.0001915936507936,-0.0004545227838827,-3.0389572649572364e-05,0.0004863282051282,-0.0017498896214896,-0.0018430301587301,-0.0004597522344322,0.0004411018315018,0.0006336516483516,0.000666873015873
-0.0001244543345543,0.0001456158730158,-0.000188565079365,-9.06791208791206e-06,3.0400659340659626e-05,-2.127431013431017e-05,-0.0015303907203907,-0.0019646809523809,-0.0009436946031746,-0.0001721614163614,0.0001448428571428,0.0003470351648351
-0.0004006965567765,-0.0001729482295482,-0.0002281015873015,0.0002848716971916,-8.510078144078116e-05,-0.0002006069352869,-0.0013261347985347,-0.0021106619047619,-0.0012733803418803,-0.0005679125763125,-0.0001478389499389,0.0001569428571428
-0.0005585492551892,-0.0003489169719169,-0.0002463492063492,0.0004515384859584,-0.0001550095482295,-0.000297872087912,-0.0011645592185592,-0.0020042174603174,-0.0013399224175824,-0.0007370886446886,-0.0003258619047619,4.126984126924072e-08
-0.0006071193162393,-0.0004672407814407,-0.0003193396825396,0.000536387032967,-0.0001428515018315,-0.0003920977045177,-0.0010517611721611,-0.0017548333333333,-0.00123406002442,-0.0007491726495726,-0.000425434065934,-0.0001508256410256
-0.0006131905738705,-0.0005006141636141,-0.0003436698412698,0.0005545688644688,-0.0001337329670329,-0.000422493064713,-0.0009481089133089,-0.0015024079365079,-0.001082828034188,-0.0006947946275946,-0.0004586247863247,-0.0002503978021978
-0.0005980124297924,-0.000506682051282,-0.0003649587301587,0.0005515385592185,-0.0001154958974358,-0.0004346512087912,-0.0008170192918192,-0.0012712714285714,-0.0009497438827838,-0.0006404166056166,-0.0004767288156288,-0.0003228139194139
-0.0005737273992673,-0.0005097159951159,-0.0003892888888888,0.0005394173382173,-9.117980463980436e-05,-0.0004498488888888,-0.0006798324786324,-0.0010522999999999,-0.0008317829304029,-0.0005920805860805,-0.0004887981684981,-0.0003831606837606
-0.0005494423687423,-0.0004824105006105,-0.0003862476190476,0.0005151748962148,-8.206126984126955e-05,-0.0004346512087912,-0.0005761802197802,-0.0008850301587301,-0.0007289451770451,-0.0005407235653235,-0.0004797461538461,-0.0004072993894993
-0.0005403354822954,-0.0004460031746031,-0.0003649587301587,0.0004909324542124,-8.814029304029276e-05,-0.0004042558485958,-0.0005274026862026,-0.0007907507936507,-0.0006593784615384,-0.0005044715506715,-0.0004616421245421,-0.0004103167277167
-0.0005494423687423,-0.0004369013431013,-0.0003467111111111,0.0004909324542124,-0.0001002983394383,-0.0003920977045177,-0.0005030139194139,-0.0007572968253968,-0.000629132063492,-0.0004923875457875,-0.0004616421245421,-0.0004163514041514
-0.0005524779975579,-0.0004369013431013,-0.0003406285714285,0.0004939627594627,-0.0001063773626373,-0.0003890581684981,-0.0004908195360195,-0.0007420904761904,-0.0006261074236874,-0.0005014505494505,-0.0004737114774114,-0.0004284207570207
-0.0005524779975579,-0.0004460031746031,-0.0003497523809523,0.000496993064713,-0.0001002983394383,-0.0003981767765567,-0.0004847223443223,-0.0007268841269841,-0.0006230827838827,-0.0005074925518925,-0.0004827634920634,-0.0004404901098901
-0.0005494423687423,-0.0004611728937728,-0.0003649587301587,0.0005030536752136,-9.117980463980436e-05,-0.0004133744566544,-0.0004786251526251,-0.0007116777777777,-0.0006140088644688,-0.0005044715506715,-0.0004887981684981,-0.0004525594627594
-0.0005464067399267,-0.0004642068376068,-0.0003740825396825,0.0005030536752136,-8.510078144078116e-05,-0.0004194535286935,-0.0004664307692307,-0.0006934301587301,-0.0006019103052503,-0.0004954085470085,-0.0004857808302808,-0.0004525594627594
-0.0005494423687423,-0.0004672407814407,-0.0003740825396825,0.0005060839804639,-8.814029304029276e-05,-0.0004194535286935,-0.0004633821733821,-0.0006843063492063,-0.0005928363858363,-0.0004923875457875,-0.0004857808302808,-0.0004525594627594
-0.0005524779975579,-0.0004642068376068,-0.0003679999999999,0.0005060839804639,-9.117980463980436e-05,-0.0004164139926739,-0.0004633821733821,-0.0006782238095238,-0.0005928363858363,-0.0004893665445665,-0.0004827634920634,-0.0004495421245421
-0.0005494423687423,-0.0004581389499389,-0.0003619174603174,0.0005030536752136,-9.421931623931596e-05,-0.0004103349206349,-0.0004664307692307,-0.0006782238095238,-0.0005928363858363,-0.0004923875457875,-0.0004857808302808,-0.0004555768009768
-0.0005433711111111,-0.0004460031746031,-0.0003619174603174,0.0004939627594627,-9.117980463980436e-05,-0.0004042558485958,-0.0004725279609279,-0.0006782238095238,-0.0005928363858363,-0.0004984295482295,-0.0004918155067155,-0.0004646288156288
-0.0005524779975579,-0.0004460031746031,-0.0003497523809523,0.000496993064713,-0.0001002983394383,-0.0003981767765567,-0.0004664307692307,-0.0006721412698412,-0.0005867871062271,-0.0004954085470085,-0.0004887981684981,-0.0004646288156288
-0.0005615848840048,-0.0004490371184371,-0.0003406285714285,0.0005030536752136,-0.0001094168742368,-0.0003951372405372,-0.0004572849816849,-0.0006599761904761,-0.0005777131868131,-0.0004863455433455,-0.0004827634920634,-0.0004585941391941
-0.0005555136263736,-0.0004581389499389,-0.0003558349206349,0.0005060839804639,-0.0001002983394383,-0.0004072953846153,-0.0004511877899877,-0.0006538936507936,-0.0005716639072039,-0.0004833245421245,-0.0004827634920634,-0.0004585941391941
-0.0005555136263736,-0.0004581389499389,-0.0003619174603174,0.0005060839804639,-9.725882783882755e-05,-0.0004103349206349,-0.0004481391941391,-0.0006478111111111,-0.0005716639072039,-0.0004833245421245,-0.0004797461538461,-0.0004585941391941
-0.0005494423687423,-0.000455105006105,-0.0003588761904761,0.0005000233699633,-9.421931623931596e-05,-0.0004072953846153,-0.0004542363858363,-0.0006447698412698,-0.0005777131868131,-0.0004863455433455,-0.0004827634920634,-0.0004616114774114
-0.0005464067399267,-0.000452071062271,-0.0003588761904761,0.000496993064713,-9.421931623931596e-05,-0.0004042558485958,-0.0004572849816849,-0.0006447698412698,-0.0005777131868131,-0.0004923875457875,-0.0004887981684981,-0.0004676461538461
-0.0005464067399267,-0.000455105006105,-0.0003619174603174,0.0005000233699633,-9.117980463980436e-05,-0.0004072953846153,-0.0004542363858363,-0.0006386873015873,-0.0005716639072039,-0.0004863455433455,-0.0004887981684981,-0.0004706634920634
-0.0005464067399267,-0.0004611728937728,-0.0003710412698412,0.0005030536752136,-8.814029304029276e-05,-0.0004164139926739,-0.0004511877899877,-0.0006265222222222,-0.0005656146275946,-0.0004803035409035,-0.0004857808302808,-0.0004616114774114
-0.0005342642246642,-0.0004611728937728,-0.0003832063492063,0.000496993064713,-7.598224664224636e-05,-0.000422493064713,-0.0004572849816849,-0.0006234809523809,-0.0005656146275946,-0.0004833245421245,-0.0004857808302808,-0.0004646288156288
-0.0005342642246642,-0.000455105006105,-0.0003771238095238,0.0004939627594627,-7.902175824175796e-05,-0.0004164139926739,-0.0004542363858363,-0.0006204396825396,-0.0005686392673992,-0.0004863455433455,-0.0004857808302808,-0.0004676461538461
-0.0005433711111111,-0.0004460031746031,-0.0003558349206349,0.0004939627594627,-9.421931623931596e-05,-0.0004012163125763,-0.0004542363858363,-0.0006143571428571,-0.0005656146275946,-0.0004803035409035,-0.0004827634920634,-0.0004646288156288
-0.0005433711111111,-0.0004429692307692,-0.0003558349206349,0.0004909324542124,-9.421931623931596e-05,-0.0003981767765567,-0.0004481391941391,-0.0006113158730158,-0.0005625899877899,-0.0004772825396825,-0.0004857808302808,-0.0004616114774114
-0.0005433711111111,-0.0004490371184371,-0.0003649587301587,0.0004939627594627,-8.814029304029276e-05,-0.0004072953846153,-0.000442042002442,-0.000602192063492,-0.0005595653479853,-0.0004772825396825,-0.0004857808302808,-0.0004616114774114
-0.0005403354822954,-0.000452071062271,-0.0003710412698412,0.0004939627594627,-8.510078144078116e-05,-0.0004103349206349,-0.000442042002442,-0.0005900269841269,-0.000553516068376,-0.0004772825396825,-0.0004827634920634,-0.0004616114774114
-0.0005403354822954,-0.000455105006105,-0.0003740825396825,0.000496993064713,-8.206126984126955e-05,-0.0004133744566544,-0.0004359448107448,-0.0005839444444444,-0.0005444421489621,-0.0004742615384615,-0.0004797461538461,-0.0004555768009768
-0.0005403354822954,-0.0004611728937728,-0.0003771238095238,0.0005000233699633,-8.206126984126955e-05,-0.0004194535286935,-0.0004328962148962,-0.0005809031746031,-0.0005474667887667,-0.0004803035409035,-0.0004887981684981,-0.0004616114774114
-0.0005342642246642,-0.0004611728937728,-0.000380165079365,0.000496993064713,-7.598224664224636e-05,-0.0004194535286935,-0.0004359448107448,-0.0005778619047619,-0.000553516068376,-0.0004833245421245,-0.0004948328449328,-0.0004706634920634
-0.0005312285958485,-0.0004490371184371,-0.0003740825396825,0.0004879021489621,-7.902175824175796e-05,-0.0004103349206349,-0.0004359448107448,-0.0005717793650793,-0.0005504914285714,-0.0004833245421245,-0.0004918155067155,-0.0004736808302808
-0.0005372998534798,-0.0004429692307692,-0.0003649587301587,0.0004879021489621,-8.510078144078116e-05,-0.0004042558485958,-0.0004359448107448,-0.0005596142857142,-0.0005383928693528,-0.0004742615384615,-0.0004857808302808,-0.0004646288156288
-0.0005312285958485,-0.0004490371184371,-0.0003740825396825,0.0004879021489621,-7.902175824175796e-05,-0.0004103349206349,-0.0004328962148962,-0.0005504904761904,-0.0005353682295482,-0.0004712405372405,-0.0004827634920634,-0.0004676461538461
-0.0005281929670329,-0.000455105006105,-0.0003832063492063,0.0004909324542124,-7.294273504273476e-05,-0.0004194535286935,-0.000426799023199,-0.0005383253968253,-0.0005323435897435,-0.0004712405372405,-0.0004857808302808,-0.0004706634920634
-0.0005372998534798,-0.000455105006105,-0.0003740825396825,0.0004939627594627,-8.206126984126955e-05,-0.0004133744566544,-0.0004207018315018,-0.0005261603174603,-0.0005262943101343,-0.0004651985347985,-0.0004797461538461,-0.0004646288156288
-0.0005342642246642,-0.000452071062271,-0.0003740825396825,0.0004909324542124,-7.902175824175796e-05,-0.0004133744566544,-0.0004237504273504,-0.0005170365079365,-0.000520245030525,-0.0004591565323565,-0.0004767288156288,-0.0004616114774114
-0.0005312285958485,-0.0004460031746031,-0.0003740825396825,0.0004879021489621,-7.902175824175796e-05,-0.0004103349206349,-0.0004237504273504,-0.0005018301587301,-0.0005111711111111,-0.0004561355311355,-0.0004737114774114,-0.0004585941391941
-0.0005403354822954,-0.0004429692307692,-0.0003619174603174,0.0004909324542124,-8.814029304029276e-05,-0.0004012163125763,-0.0004146046398046,-0.0004835825396825,-0.0005051218315018,-0.0004531145299145,-0.0004737114774114,-0.0004616114774114
-0.0005342642246642,-0.000452071062271,-0.0003710412698412,0.0004909324542124,-8.206126984126955e-05,-0.0004103349206349,-0.0004054588522588,-0.0004714174603174,-0.0005020971916971,-0.0004561355311355,-0.0004797461538461,-0.0004646288156288
-0.0005160504517704,-0.0004581389499389,-0.0003953714285714,0.0004848718437118,-6.078468864468836e-05,-0.0004255326007326,-0.0004054588522588,-0.0004562111111111,-0.0004990725518925,-0.0004561355311355,-0.0004827634920634,-0.0004706634920634
-0.000519086080586,-0.000455105006105,-0.0003923301587301,0.0004848718437118,-6.382420024419996e-05,-0.000422493064713,-0.000396313064713,-0.0004349222222222,-0.0004869739926739,-0.0004500935286935,-0.0004797461538461,-0.0004676461538461
-0.000519086080586,-0.000455105006105,-0.0003892888888888,0.0004848718437118,-6.382420024419996e-05,-0.000422493064713,-0.0003932644688644,-0.0004166746031746,-0.00047790007326,-0.0004440515262515,-0.0004706941391941,-0.0004616114774114
-0.0005160504517704,-0.0004460031746031,-0.0003862476190476,0.0004788112332112,-6.382420024419996e-05,-0.0004164139926739,-0.000396313064713,-0.0004014682539682,-0.0004748754334554,-0.0004440515262515,-0.0004676768009768,-0.0004585941391941
-0.0005160504517704,-0.0004369013431013,-0.0003771238095238,0.0004757809279609,-6.990322344322315e-05,-0.0004072953846153,-0.000396313064713,-0.0003832206349206,-0.0004688261538461,-0.0004440515262515,-0.0004676768009768,-0.0004585941391941
-0.0005099791941391,-0.0004277995115995,-0.0003771238095238,0.00046669001221,-6.686371184371155e-05,-0.0004012163125763,-0.0003993616605616,-0.0003710555555555,-0.0004627768742368,-0.0004440515262515,-0.0004706941391941,-0.0004646288156288
-0.0005069435653235,-0.0004186976800976,-0.0003740825396825,0.0004606294017094,-6.686371184371155e-05,-0.0003951372405372,-0.000396313064713,-0.0003528079365079,-0.0004537029548229,-0.0004380095238095,-0.0004676768009768,-0.0004616114774114
-0.0005008723076923,-0.0004035279609279,-0.0003588761904761,0.0004515384859584,-6.990322344322315e-05,-0.0003799395604395,-0.0003902158730158,-0.0003284777777777,-0.000444629035409,-0.0004319675213675,-0.0004616421245421,-0.0004495421245421
-0.000494801050061,-0.0003944261294261,-0.0003588761904761,0.0004424475702075,-6.686371184371155e-05,-0.00037690002442,-0.00038107008547,-0.0003041476190476,-0.0004355551159951,-0.0004259255189255,-0.0004556074481074,-0.0004465247863247
-0.000494801050061,-0.0004035279609279,-0.0003649587301587,0.0004485081807081,-6.382420024419996e-05,-0.000382979096459,-0.0003719242979242,-0.0002767761904761,-0.0004204319169719,-0.0004198835164835,-0.0004525901098901,-0.0004435074481074
-0.0004917654212454,-0.0004065619047619,-0.0003710412698412,0.0004485081807081,-6.078468864468836e-05,-0.0003890581684981,-0.0003658271062271,-0.0002463634920634,-0.0004053087179487,-0.0004017575091575,-0.000443538095238,-0.0004344554334554
-0.0004796229059829,-0.00039746007326,-0.0003679999999999,0.0004363869597069,-5.470566544566516e-05,-0.000382979096459,-0.0003597299145299,-0.000218992063492,-0.0003962347985347,-0.0003896735042735,-0.0004314687423687,-0.000422386080586
-0.000470516019536,-0.0003731885225885,-0.0003558349206349,0.0004212354334554,-5.774517704517676e-05,-0.0003647418803418,-0.0003627785103785,-0.0001946619047619,-0.0003871608791208,-0.0003836315018315,-0.0004224167277167,-0.000413334065934
-0.0004614091330891,-0.0003489169719169,-0.0003436698412698,0.0004030536019536,-5.774517704517676e-05,-0.0003465046642246,-0.0003658271062271,-0.0001764142857142,-0.0003780869597069,-0.0003806105006105,-0.0004193993894993,-0.000413334065934
-0.0004644447619047,-0.0003276793650793,-0.0003193396825396,0.0003939626862026,-7.294273504273476e-05,-0.0003221883760683,-0.0003597299145299,-0.0001581666666666,-0.000369013040293,-0.0003806105006105,-0.0004133647130647,-0.0004072993894993
-0.0004644447619047,-0.0003094757020757,-0.000301092063492,0.0003848717704517,-8.206126984126955e-05,-0.0003039511599511,-0.0003566813186813,-0.0001429603174603,-0.0003599391208791,-0.0003715474969474,-0.0004012953601953,-0.0003982473748473
-0.0004553378754578,-0.0002943059829059,-0.0002919682539682,0.0003727505494505,-8.206126984126955e-05,-0.000291793015873,-0.0003566813186813,-0.0001277539682539,-0.0003538898412698,-0.0003624844932844,-0.0003922433455433,-0.0003801433455433
-0.0004492666178266,-0.0002852041514041,-0.0002858857142857,0.0003666899389499,-8.206126984126955e-05,-0.0002857139438339,-0.0003566813186813,-0.0001095063492063,-0.0003417912820512,-0.0003534214896214,-0.0003801739926739,-0.0003650566544566
-0.0004431953601953,-0.0002791362637362,-0.0002889269841269,0.0003606293284493,-7.598224664224636e-05,-0.0002826744078144,-0.0003597299145299,-9.734126984126952e-05,-0.000335742002442,-0.0003473794871794,-0.0003741393162393,-0.0003590219780219
-0.0004371241025641,-0.0002639665445665,-0.0002828444444444,0.0003485081074481,-7.598224664224636e-05,-0.0002735557997557,-0.0003658271062271,-9.125873015872984e-05,-0.000335742002442,-0.0003413374847374,-0.0003681046398046,-0.0003499699633699
-0.0004401597313797,-0.0002396949938949,-0.0002585142857142,0.0003394171916971,-9.117980463980436e-05,-0.0002492395115995,-0.0003688757020757,-9.125873015872984e-05,-0.000335742002442,-0.0003383164835164,-0.0003560352869352,-0.0003348832722832
-0.0004340884737484,-0.0002214913308913,-0.0002433079365079,0.0003272959706959,-9.421931623931596e-05,-0.0002310022954822,-0.0003749728937728,-0.0001003825396825,-0.000335742002442,-0.0003322744810744,-0.0003439659340659,-0.0003228139194139
-0.0004219459584859,-0.0002063216117216,-0.0002372253968253,0.0003121444444444,-9.117980463980436e-05,-0.0002218836874236,-0.0003841186813186,-0.0001095063492063,-0.0003296927228327,-0.0003262324786324,-0.0003349139194139,-0.0003107445665445
-0.0004219459584859,-0.0002032876678876,-0.0002372253968253,0.0003121444444444,-9.117980463980436e-05,-0.0002188441514041,-0.0003902158730158,-0.0001216714285714,-0.0003296927228327,-0.0003232114774114,-0.0003318965811965,-0.0002986752136752
-0.0004280172161172,-0.0002063216117216,-0.0002311428571428,0.0003151747496947,-9.725882783882755e-05,-0.0002188441514041,-0.000396313064713,-0.0001520841269841,-0.0003387666422466,-0.0003201904761904,-0.0003228445665445,-0.0002896231990231
-0.0004371241025641,-0.0001972197802197,-0.0002128952380952,0.0003151747496947,-0.0001124563858363,-0.0002036464713064,-0.0003993616605616,-0.000185538095238,-0.0003478405616605,-0.0003201904761904,-0.0003137925518925,-0.0002745365079365
-0.0004340884737484,-0.000185084004884,-0.0002068126984126,0.0003091141391941,-0.0001124563858363,-0.0001945278632478,-0.000411556043956,-0.0002281158730158,-0.0003569144810744,-0.0003232114774114,-0.0003107752136752,-0.0002654844932844
-0.0004462309890109,-0.0001790161172161,-0.0001946476190476,0.0003121444444444,-0.0001246144322344,-0.0001854092551892,-0.0004237504273504,-0.0002706936507936,-0.0003659884004884,-0.0003232114774114,-0.0003047405372405,-0.0002594498168498
-0.0004674803907203,-0.0001941858363858,-0.0001824825396825,0.0003303262759462,-0.0001428515018315,-0.0001884487912087,-0.0004328962148962,-0.0003193539682539,-0.0003780869597069,-0.0003292534798534,-0.0003047405372405,-0.0002564324786324
-0.000470516019536,-0.0002032876678876,-0.000188565079365,0.0003363868864468,-0.0001398119902319,-0.0001945278632478,-0.0004450905982905,-0.0003710555555555,-0.0004053087179487,-0.0003413374847374,-0.0003137925518925,-0.0002624671550671
-0.0004553378754578,-0.0002093555555555,-0.0002037714285714,0.0003303262759462,-0.0001246144322344,-0.000206686007326,-0.0004633821733821,-0.0004288396825396,-0.0004325304761904,-0.0003624844932844,-0.0003318965811965,-0.0002805711843711
-0.0004614091330891,-0.0002245252747252,-0.000222019047619,0.0003424474969474,-0.0001185354090354,-0.0002218836874236,-0.0004694793650793,-0.0004774999999999,-0.0004537029548229,-0.0003775894993894,-0.0003439659340659,-0.0002956578754578
-0.000470516019536,-0.0002548647130647,-0.0002372253968253,0.0003606293284493,-0.0001154958974358,-0.0002461999755799,-0.0004725279609279,-0.0005170365079365,-0.0004688261538461,-0.0003896735042735,-0.0003590526251526,-0.0003107445665445
-0.0004887297924297,-0.000288238095238,-0.0002524317460317,0.000387902075702,-0.0001185354090354,-0.0002705162637362,-0.0004694793650793,-0.0005535317460317,-0.0004869739926739,-0.0003987365079365,-0.0003711219780219,-0.0003228139194139
-0.0005069435653235,-0.0003185775335775,-0.0002645968253968,0.0004121445177045,-0.0001215749206349,-0.000291793015873,-0.0004664307692307,-0.0005869857142857,-0.0005020971916971,-0.0004108205128205,-0.0003831913308913,-0.0003409179487179
-0.000519086080586,-0.000345883028083,-0.0002798031746031,0.0004303263492063,-0.0001185354090354,-0.0003130697680097,-0.0004664307692307,-0.0006204396825396,-0.000520245030525,-0.0004259255189255,-0.000398278021978,-0.0003560046398046
-0.0005221217094017,-0.0003671206349206,-0.000301092063492,0.0004424475702075,-0.0001094168742368,-0.0003343465201465,-0.0004725279609279,-0.0006538936507936,-0.0005383928693528,-0.0004410305250305,-0.0004133647130647,-0.0003710913308913
-0.000519086080586,-0.0003883582417582,-0.0003284634920634,0.0004515384859584,-9.421931623931596e-05,-0.0003586628083028,-0.0004786251526251,-0.000681265079365,-0.0005595653479853,-0.0004591565323565,-0.0004314687423687,-0.0003922126984126
-0.0005312285958485,-0.0004126297924297,-0.0003375873015873,0.0004697203174603,-9.725882783882755e-05,-0.0003738604884004,-0.0004786251526251,-0.0007025539682539,-0.0005777131868131,-0.0004742615384615,-0.0004495727716727,-0.000413334065934
-0.0005494423687423,-0.0004338673992673,-0.0003406285714285,0.0004909324542124,-0.0001033378510378,-0.0003860186324786,-0.0004786251526251,-0.0007238428571428,-0.0005867871062271,-0.0004863455433455,-0.0004616421245421,-0.0004254034188034
-0.0005615848840048,-0.0004581389499389,-0.0003497523809523,0.0005091142857142,-0.0001063773626373,-0.0004042558485958,-0.0004755765567765,-0.0007390492063492,-0.0005988856654456,-0.0004923875457875,-0.0004706941391941,-0.0004344554334554
-0.0005646205128205,-0.0004702747252747,-0.0003679999999999,0.0005151748962148,-9.725882783882755e-05,-0.0004194535286935,-0.0004755765567765,-0.0007451317460317,-0.0006049349450549,-0.0004984295482295,-0.0004767288156288,-0.0004404901098901
-0.0005676561416361,-0.0004793765567765,-0.0003710412698412,0.0005212355067155,-9.725882783882755e-05,-0.0004255326007326,-0.0004786251526251,-0.0007542555555555,-0.0006170335042735,-0.0005074925518925,-0.0004857808302808,-0.0004525594627594
-0.0005646205128205,-0.0004915123321123,-0.0003832063492063,0.0005272961172161,-9.117980463980436e-05,-0.0004376907448107,-0.0004816737484737,-0.0007664206349206,-0.000629132063492,-0.0005256185592185,-0.0005038848595848,-0.0004706634920634
-0.0005646205128205,-0.0005036481074481,-0.0003923301587301,0.0005333567277167,-8.510078144078116e-05,-0.0004468093528693,-0.0004786251526251,-0.0007755444444444,-0.0006351813431013,-0.0005346815628815,-0.0005129368742368,-0.0004827328449328
-0.0005706917704517,-0.0005188178266178,-0.0004075365079365,0.0005424476434676,-8.206126984126955e-05,-0.000462007032967,-0.0004725279609279,-0.0007785857142857,-0.0006382059829059,-0.0005346815628815,-0.0005189715506715,-0.0004887675213675
-0.000576763028083,-0.0005339875457875,-0.000413619047619,0.0005545688644688,-8.206126984126955e-05,-0.0004741651770451,-0.0004694793650793,-0.0007785857142857,-0.0006382059829059,-0.0005346815628815,-0.0005189715506715,-0.0004827328449328
-0.0005858699145299,-0.0005309536019536,-0.0004014539682539,0.0005575991697191,-9.117980463980436e-05,-0.0004650465689865,-0.0004725279609279,-0.0007785857142857,-0.0006412306227106,-0.0005316605616605,-0.0005099195360195,-0.0004736808302808
-0.0005828342857142,-0.0005279196581196,-0.0004014539682539,0.0005545688644688,-9.117980463980436e-05,-0.0004650465689865,-0.0004786251526251,-0.0007877095238095,-0.0006533291819291,-0.0005377025641025,-0.0005129368742368,-0.0004827328449328
-0.0005706917704517,-0.0005218517704517,-0.0004014539682539,0.0005454779487179,-8.510078144078116e-05,-0.000462007032967,-0.0004816737484737,-0.0007968333333333,-0.0006624031013431,-0.0005528075702075,-0.0005280235653235,-0.0004978195360195
-0.0005737273992673,-0.0005279196581196,-0.0004075365079365,0.0005485082539682,-8.206126984126955e-05,-0.0004680861050061,-0.0004755765567765,-0.000793792063492,-0.0006593784615384,-0.0005558285714285,-0.0005340582417582,-0.0005068715506715
-0.0005797986568986,-0.0005430893772893,-0.0004197015873015,0.0005606294749694,-7.902175824175796e-05,-0.0004802442490842,-0.0004664307692307,-0.0007816269841269,-0.0006503045421245,-0.0005497865689865,-0.0005310409035409,-0.0005038542124542
-0.000576763028083,-0.0005491572649572,-0.0004257841269841,0.0005606294749694,-7.598224664224636e-05,-0.0004863233211233,-0.0004664307692307,-0.0007755444444444,-0.0006503045421245,-0.0005497865689865,-0.0005310409035409,-0.0004978195360195
-0.0005737273992673,-0.0005491572649572,-0.0004318666666666,0.0005606294749694,-6.990322344322315e-05,-0.0004893628571428,-0.0004755765567765,-0.0007816269841269,-0.0006593784615384,-0.0005588495726495,-0.0005340582417582,-0.0005008368742368
-0.0005737273992673,-0.0005400554334554,-0.0004257841269841,0.0005545688644688,-7.294273504273476e-05,-0.0004832837851037,-0.0004755765567765,-0.0007816269841269,-0.0006624031013431,-0.0005588495726495,-0.0005370755799755,-0.0005008368742368
-0.0005797986568986,-0.0005430893772893,-0.0004166603174603,0.0005606294749694,-8.206126984126955e-05,-0.0004802442490842,-0.0004694793650793,-0.0007816269841269,-0.0006593784615384,-0.0005588495726495,-0.0005400929181929,-0.0005008368742368
-0.0005828342857142,-0.0005491572649572,-0.0004197015873015,0.0005636597802197,-8.206126984126955e-05,-0.0004832837851037,-0.0004664307692307,-0.0007785857142857,-0.0006533291819291,-0.0005588495726495,-0.0005400929181929,-0.0005038542124542
-0.0005828342857142,-0.0005552251526251,-0.0004318666666666,0.00056669008547,-7.598224664224636e-05,-0.0004924023931623,-0.0004633821733821,-0.0007725031746031,-0.0006472799023199,-0.0005528075702075,-0.0005340582417582,-0.0005008368742368
-0.0005858699145299,-0.000558259096459,-0.0004288253968253,0.0005697203907203,-7.902175824175796e-05,-0.0004924023931623,-0.0004633821733821,-0.0007664206349206,-0.0006442552625152,-0.0005467655677655,-0.0005310409035409,-0.0004978195360195
-0.0005889055433455,-0.0005491572649572,-0.0004166603174603,0.00056669008547,-8.510078144078116e-05,-0.0004832837851037,-0.0004664307692307,-0.0007664206349206,-0.0006472799023199,-0.0005497865689865,-0.0005340582417582,-0.0005008368742368
-0.0005858699145299,-0.0005370214896214,-0.0004075365079365,0.0005606294749694,-8.814029304029276e-05,-0.0004711256410256,-0.0004664307692307,-0.0007694619047619,-0.0006472799023199,-0.0005558285714285,-0.0005370755799755,-0.0005038542124542
-0.0005797986568986,-0.0005339875457875,-0.0004075365079365,0.0005545688644688,-8.510078144078116e-05,-0.0004711256410256,-0.0004603335775335,-0.0007633793650793,-0.0006412306227106,-0.0005558285714285,-0.0005370755799755,-0.0005038542124542
-0.000576763028083,-0.0005370214896214,-0.0004166603174603,0.0005545688644688,-7.902175824175796e-05,-0.0004772047130647,-0.0004603335775335,-0.0007572968253968,-0.0006412306227106,-0.0005528075702075,-0.0005370755799755,-0.0005008368742368
-0.0005737273992673,-0.0005370214896214,-0.0004166603174603,0.0005545688644688,-7.902175824175796e-05,-0.0004772047130647,-0.0004664307692307,-0.0007572968253968,-0.0006382059829059,-0.0005497865689865,-0.0005340582417582,-0.0005008368742368
-0.0005828342857142,-0.0005461233211233,-0.0004197015873015,0.0005636597802197,-8.206126984126955e-05,-0.0004832837851037,-0.0004664307692307,-0.0007572968253968,-0.0006442552625152,-0.0005558285714285,-0.0005400929181929,-0.0005038542124542
-0.0005797986568986,-0.0005461233211233,-0.0004227428571428,0.0005606294749694,-7.902175824175796e-05,-0.0004832837851037,-0.0004633821733821,-0.0007542555555555,-0.0006442552625152,-0.0005588495726495,-0.0005431102564102,-0.0005068715506715
-0.0005828342857142,-0.0005400554334554,-0.0004105777777777,0.0005606294749694,-8.510078144078116e-05,-0.0004741651770451,-0.0004603335775335,-0.000748173015873,-0.0006351813431013,-0.0005467655677655,-0.0005370755799755,-0.0005008368742368
-0.0005949768009768,-0.0005491572649572,-0.0004075365079365,0.0005697203907203,-9.421931623931596e-05,-0.0004772047130647,-0.0004542363858363,-0.0007420904761904,-0.000629132063492,-0.0005437445665445,-0.0005340582417582,-0.0004978195360195
-0.0005828342857142,-0.0005491572649572,-0.0004227428571428,0.0005636597802197,-7.902175824175796e-05,-0.0004863233211233,-0.0004572849816849,-0.0007451317460317,-0.0006351813431013,-0.0005467655677655,-0.0005400929181929,-0.0005038542124542
-0.0005646205128205,-0.0005400554334554,-0.0004288253968253,0.0005515385592185,-6.686371184371155e-05,-0.0004832837851037,-0.0004633821733821,-0.0007512142857142,-0.0006382059829059,-0.0005497865689865,-0.0005431102564102,-0.0005068715506715
-0.0005585492551892,-0.0005279196581196,-0.0004257841269841,0.0005424476434676,-6.686371184371155e-05,-0.0004772047130647,-0.0004664307692307,-0.000748173015873,-0.0006382059829059,-0.0005467655677655,-0.0005370755799755,-0.0005008368742368
-0.0005615848840048,-0.0005279196581196,-0.0004197015873015,0.0005424476434676,-6.990322344322315e-05,-0.0004741651770451,-0.0004633821733821,-0.0007451317460317,-0.0006382059829059,-0.0005467655677655,-0.0005310409035409,-0.0004978195360195
-0.0005676561416361,-0.0005248857142857,-0.000413619047619,0.0005454779487179,-7.598224664224636e-05,-0.0004680861050061,-0.0004725279609279,-0.0007451317460317,-0.0006382059829059,-0.0005467655677655,-0.0005310409035409,-0.0004948021978021
-0.0005646205128205,-0.0005248857142857,-0.0004166603174603,0.0005424476434676,-7.294273504273476e-05,-0.0004711256410256,-0.0004755765567765,-0.0007451317460317,-0.0006351813431013,-0.0005407235653235,-0.0005310409035409,-0.0004917848595848
-0.0005615848840048,-0.0005309536019536,-0.0004257841269841,0.0005454779487179,-6.686371184371155e-05,-0.0004772047130647,-0.0004725279609279,-0.0007420904761904,-0.0006321567032967,-0.0005377025641025,-0.0005280235653235,-0.0004887675213675
-0.0005615848840048,-0.0005279196581196,-0.0004227428571428,0.0005424476434676,-6.990322344322315e-05,-0.0004741651770451,-0.0004694793650793,-0.0007451317460317,-0.000629132063492,-0.0005316605616605,-0.0005219888888888,-0.0004857501831501
-0.0005646205128205,-0.0005188178266178,-0.0004105777777777,0.0005394173382173,-7.598224664224636e-05,-0.0004650465689865,-0.0004725279609279,-0.000748173015873,-0.000629132063492,-0.0005286395604395,-0.0005129368742368,-0.0004766981684981
-0.0005706917704517,-0.0005188178266178,-0.0003984126984126,0.0005424476434676,-8.510078144078116e-05,-0.0004589674969474,-0.0004755765567765,-0.0007451317460317,-0.000629132063492,-0.0005286395604395,-0.0005099195360195,-0.0004766981684981
-0.000576763028083,-0.0005157838827838,-0.0003923301587301,0.0005454779487179,-9.117980463980436e-05,-0.0004528884249084,-0.0004816737484737,-0.000748173015873,-0.000629132063492,-0.0005286395604395,-0.0005129368742368,-0.0004797155067155
-0.0005646205128205,-0.0005157838827838,-0.0004105777777777,0.0005394173382173,-7.598224664224636e-05,-0.000462007032967,-0.0004847223443223,-0.0007542555555555,-0.0006321567032967,-0.0005286395604395,-0.0005189715506715,-0.0004857501831501
-0.0005555136263736,-0.0005157838827838,-0.0004166603174603,0.0005333567277167,-6.990322344322315e-05,-0.0004650465689865,-0.0004847223443223,-0.0007572968253968,-0.0006351813431013,-0.0005286395604395,-0.0005219888888888,-0.0004857501831501
-0.0005494423687423,-0.0004975802197802,-0.0004014539682539,0.0005212355067155,-7.294273504273476e-05,-0.0004498488888888,-0.0004877709401709,-0.0007633793650793,-0.0006382059829059,-0.0005286395604395,-0.0005189715506715,-0.0004857501831501
-0.0005464067399267,-0.0004975802197802,-0.0004014539682539,0.0005212355067155,-7.294273504273476e-05,-0.0004498488888888,-0.0004938681318681,-0.0007633793650793,-0.0006442552625152,-0.0005346815628815,-0.0005189715506715,-0.0004827328449328
-0.0005494423687423,-0.000506682051282,-0.0004105777777777,0.0005272961172161,-6.990322344322315e-05,-0.0004589674969474,-0.0004938681318681,-0.0007633793650793,-0.0006442552625152,-0.0005316605616605,-0.0005159542124542,-0.0004766981684981
-0.0005494423687423,-0.000506682051282,-0.000413619047619,0.0005272961172161,-6.686371184371155e-05,-0.0004589674969474,-0.0004877709401709,-0.0007664206349206,-0.0006442552625152,-0.0005256185592185,-0.0005099195360195,-0.0004706634920634
-0.0005403354822954,-0.0004975802197802,-0.000413619047619,0.0005182052014652,-6.382420024419996e-05,-0.0004559279609279,-0.0004877709401709,-0.0007664206349206,-0.0006472799023199,-0.0005195765567765,-0.0005008675213675,-0.0004616114774114
-0.0005372998534798,-0.0004915123321123,-0.0004105777777777,0.0005121445909645,-6.382420024419996e-05,-0.0004498488888888,-0.0004877709401709,-0.000760338095238,-0.0006412306227106,-0.0005165555555555,-0.0004948328449328,-0.0004585941391941
-0.0005433711111111,-0.0005006141636141,-0.0004105777777777,0.0005212355067155,-6.686371184371155e-05,-0.0004559279609279,-0.0004847223443223,-0.0007572968253968,-0.0006412306227106,-0.0005256185592185,-0.0005038848595848,-0.0004646288156288
-0.0005494423687423,-0.000506682051282,-0.0004105777777777,0.0005272961172161,-6.990322344322315e-05,-0.0004589674969474,-0.0004877709401709,-0.0007633793650793,-0.0006503045421245,-0.0005346815628815,-0.0005099195360195,-0.0004706634920634
-0.0005524779975579,-0.0005036481074481,-0.0004075365079365,0.0005272961172161,-7.294273504273476e-05,-0.0004559279609279,-0.0004908195360195,-0.0007725031746031,-0.0006563538217338,-0.0005377025641025,-0.0005159542124542,-0.0004766981684981
-0.0005555136263736,-0.0005097159951159,-0.0004105777777777,0.0005303264224664,-7.294273504273476e-05,-0.0004589674969474,-0.0004877709401709,-0.0007694619047619,-0.0006533291819291,-0.0005346815628815,-0.0005159542124542,-0.0004797155067155
-0.0005524779975579,-0.0005097159951159,-0.0004197015873015,0.0005303264224664,-6.686371184371155e-05,-0.0004650465689865,-0.0004908195360195,-0.0007694619047619,-0.0006503045421245,-0.0005286395604395,-0.0005099195360195,-0.0004706634920634
-0.0005433711111111,-0.0005006141636141,-0.000413619047619,0.0005212355067155,-6.382420024419996e-05,-0.0004559279609279,-0.0004969167277167,-0.0007755444444444,-0.0006563538217338,-0.0005256185592185,-0.0005008675213675,-0.0004616114774114
-0.0005433711111111,-0.0004945462759462,-0.0004044952380952,0.0005182052014652,-6.990322344322315e-05,-0.0004498488888888,-0.0005060625152625,-0.0007816269841269,-0.0006624031013431,-0.0005316605616605,-0.0005038848595848,-0.0004676461538461
-0.0005524779975579,-0.0004915123321123,-0.0003923301587301,0.0005212355067155,-7.902175824175796e-05,-0.0004407302808302,-0.0004999653235653,-0.0007816269841269,-0.0006624031013431,-0.0005316605616605,-0.0005038848595848,-0.0004646288156288
-0.0005646205128205,-0.000506682051282,-0.0003984126984126,0.0005333567277167,-8.206126984126955e-05,-0.0004528884249084,-0.0004908195360195,-0.0007785857142857,-0.0006593784615384,-0.0005316605616605,-0.0005069021978021,-0.0004646288156288
-0.0005615848840048,-0.0005157838827838,-0.0004105777777777,0.000536387032967,-7.598224664224636e-05,-0.000462007032967,-0.0004908195360195,-0.0007755444444444,-0.0006624031013431,-0.0005346815628815,-0.0005129368742368,-0.0004736808302808
-0.0005494423687423,-0.0005157838827838,-0.0004227428571428,0.0005303264224664,-6.382420024419996e-05,-0.0004680861050061,-0.0004999653235653,-0.0007785857142857,-0.0006684523809523,-0.0005377025641025,-0.0005129368742368,-0.0004736808302808
-0.0005464067399267,-0.0005127499389499,-0.0004227428571428,0.0005272961172161,-6.078468864468836e-05,-0.0004680861050061,-0.0005030139194139,-0.0007816269841269,-0.000671477020757,-0.0005377025641025,-0.0005099195360195,-0.0004706634920634
-0.0005555136263736,-0.0005188178266178,-0.0004166603174603,0.000536387032967,-6.990322344322315e-05,-0.0004680861050061,-0.0005030139194139,-0.0007846682539682,-0.0006684523809523,-0.0005346815628815,-0.0005069021978021,-0.0004706634920634
-0.0005585492551892,-0.0005248857142857,-0.0004166603174603,0.0005394173382173,-6.990322344322315e-05,-0.0004711256410256,-0.0004969167277167,-0.0007816269841269,-0.0006684523809523,-0.0005316605616605,-0.0005099195360195,-0.0004706634920634
-0.0005646205128205,-0.0005279196581196,-0.000413619047619,0.0005454779487179,-7.598224664224636e-05,-0.0004711256410256,-0.0004938681318681,-0.0007816269841269,-0.0006654277411477,-0.0005346815628815,-0.0005099195360195,-0.0004706634920634
-0.0005615848840048,-0.0005127499389499,-0.0004044952380952,0.000536387032967,-7.902175824175796e-05,-0.0004589674969474,-0.0004999653235653,-0.0007846682539682,-0.0006684523809523,-0.0005407235653235,-0.0005099195360195,-0.0004706634920634
-0.0005555136263736,-0.000506682051282,-0.0004075365079365,0.0005303264224664,-7.294273504273476e-05,-0.0004559279609279,-0.0005060625152625,-0.0007907507936507,-0.0006805509401709,-0.0005467655677655,-0.0005159542124542,-0.0004766981684981
-0.0005464067399267,-0.0005127499389499,-0.0004197015873015,0.0005272961172161,-6.382420024419996e-05,-0.0004650465689865,-0.0005121597069597,-0.0007968333333333,-0.0006896248595848,-0.0005528075702075,-0.0005250062271062,-0.0004857501831501
-0.0005585492551892,-0.0005188178266178,-0.0004166603174603,0.000536387032967,-6.990322344322315e-05,-0.0004680861050061,-0.0004999653235653,-0.000793792063492,-0.0006835755799755,-0.0005467655677655,-0.0005219888888888,-0.0004766981684981
-0.0005585492551892,-0.0005188178266178,-0.0004166603174603,0.000536387032967,-6.990322344322315e-05,-0.0004680861050061,-0.0004969167277167,-0.0007877095238095,-0.0006775263003663,-0.0005377025641025,-0.0005129368742368,-0.0004706634920634
-0.0005464067399267,-0.0005188178266178,-0.0004288253968253,0.0005303264224664,-5.774517704517676e-05,-0.0004741651770451,-0.0004999653235653,-0.0007877095238095,-0.0006775263003663,-0.0005377025641025,-0.0005129368742368,-0.0004676461538461
-0.0005403354822954,-0.0005279196581196,-0.0004409904761904,0.0005333567277167,-4.862664224664196e-05,-0.0004832837851037,-0.0005030139194139,-0.0007846682539682,-0.0006805509401709,-0.0005377025641025,-0.0005129368742368,-0.0004706634920634
-0.0005494423687423,-0.0005279196581196,-0.0004288253968253,0.000536387032967,-6.078468864468836e-05,-0.0004772047130647,-0.0004969167277167,-0.0007877095238095,-0.0006805509401709,-0.0005437445665445,-0.0005129368742368,-0.0004706634920634
-0.0005585492551892,-0.0005157838827838,-0.0004105777777777,0.000536387032967,-7.294273504273476e-05,-0.000462007032967,-0.0004938681318681,-0.0007877095238095,-0.0006775263003663,-0.0005407235653235,-0.0005129368742368,-0.0004706634920634
-0.0005524779975579,-0.0005188178266178,-0.0004197015873015,0.0005333567277167,-6.686371184371155e-05,-0.0004680861050061,-0.0004969167277167,-0.0007907507936507,-0.0006805509401709,-0.0005437445665445,-0.0005189715506715,-0.0004766981684981
-0.0005615848840048,-0.0005339875457875,-0.0004257841269841,0.0005454779487179,-6.686371184371155e-05,-0.0004802442490842,-0.0004938681318681,-0.0007846682539682,-0.0006835755799755,-0.0005467655677655,-0.0005250062271062,-0.0004857501831501
-0.0005706917704517,-0.0005400554334554,-0.0004227428571428,0.0005545688644688,-7.294273504273476e-05,-0.0004802442490842,-0.0004938681318681,-0.0007846682539682,-0.0006805509401709,-0.0005437445665445,-0.0005250062271062,-0.0004857501831501
-0.0005676561416361,-0.0005309536019536,-0.0004197015873015,0.0005485082539682,-7.294273504273476e-05,-0.0004741651770451,-0.0004938681318681,-0.0007877095238095,-0.0006835755799755,-0.0005437445665445,-0.0005219888888888,-0.0004797155067155
-0.0005676561416361,-0.0005248857142857,-0.000413619047619,0.0005454779487179,-7.598224664224636e-05,-0.0004680861050061,-0.0004938681318681,-0.000793792063492,-0.0006835755799755,-0.0005437445665445,-0.0005189715506715,-0.0004797155067155
-0.0005585492551892,-0.0005188178266178,-0.0004166603174603,0.000536387032967,-6.990322344322315e-05,-0.0004680861050061,-0.0004999653235653,-0.0007968333333333,-0.0006835755799755,-0.0005467655677655,-0.0005219888888888,-0.0004766981684981
-0.0005494423687423,-0.0005218517704517,-0.0004288253968253,0.0005333567277167,-6.078468864468836e-05,-0.0004741651770451,-0.0005060625152625,-0.0007968333333333,-0.0006866002197802,-0.0005528075702075,-0.0005250062271062,-0.0004766981684981
-0.0005585492551892,-0.0005218517704517,-0.0004197015873015,0.0005394173382173,-6.990322344322315e-05,-0.0004711256410256,-0.0005060625152625,-0.000793792063492,-0.0006835755799755,-0.0005467655677655,-0.0005219888888888,-0.0004736808302808
-0.0005646205128205,-0.0005218517704517,-0.000413619047619,0.0005424476434676,-7.598224664224636e-05,-0.0004680861050061,-0.0005060625152625,-0.0007907507936507,-0.0006835755799755,-0.0005467655677655,-0.0005189715506715,-0.0004766981684981
-0.0005615848840048,-0.0005248857142857,-0.0004197015873015,0.0005424476434676,-6.990322344322315e-05,-0.0004711256410256,-0.0005030139194139,-0.000793792063492,-0.0006835755799755,-0.0005467655677655,-0.0005219888888888,-0.0004736808302808
-0.0005524779975579,-0.0005279196581196,-0.0004318666666666,0.0005394173382173,-6.078468864468836e-05,-0.0004802442490842,-0.0004969167277167,-0.0007907507936507,-0.0006805509401709,-0.0005437445665445,-0.0005189715506715,-0.0004736808302808
-0.0005464067399267,-0.0005309536019536,-0.0004409904761904,0.000536387032967,-5.166615384615356e-05,-0.0004863233211233,-0.0004999653235653,-0.000793792063492,-0.0006896248595848,-0.0005497865689865,-0.0005219888888888,-0.0004766981684981
-0.0005464067399267,-0.0005309536019536,-0.0004379492063492,0.000536387032967,-5.470566544566516e-05,-0.0004832837851037,-0.0005060625152625,-0.0007998746031746,-0.0006956741391941,-0.0005588495726495,-0.0005310409035409,-0.0004827328449328
-0.0005646205128205,-0.0005248857142857,-0.000413619047619,0.0005424476434676,-7.598224664224636e-05,-0.0004680861050061,-0.0005030139194139,-0.0007968333333333,-0.0006926494993894,-0.0005528075702075,-0.0005250062271062,-0.0004797155067155
-0.0005797986568986,-0.0005279196581196,-0.0004044952380952,0.0005515385592185,-8.814029304029276e-05,-0.0004650465689865,-0.0004969167277167,-0.0007907507936507,-0.0006775263003663,-0.0005407235653235,-0.0005219888888888,-0.0004736808302808
-0.0005706917704517,-0.0005339875457875,-0.0004197015873015,0.0005515385592185,-7.598224664224636e-05,-0.0004772047130647,-0.0004969167277167,-0.0007907507936507,-0.0006805509401709,-0.0005437445665445,-0.0005219888888888,-0.0004766981684981
-0.0005585492551892,-0.0005370214896214,-0.0004318666666666,0.0005454779487179,-6.382420024419996e-05,-0.0004832837851037,-0.0004969167277167,-0.000793792063492,-0.0006866002197802,-0.0005497865689865,-0.0005250062271062,-0.0004766981684981
-0.0005615848840048,-0.0005370214896214,-0.0004349079365079,0.0005485082539682,-6.382420024419996e-05,-0.0004863233211233,-0.0004969167277167,-0.000793792063492,-0.0006896248595848,-0.0005528075702075,-0.0005250062271062,-0.0004736808302808
-0.0005646205128205,-0.0005400554334554,-0.0004288253968253,0.0005515385592185,-6.686371184371155e-05,-0.0004832837851037,-0.0004938681318681,-0.000793792063492,-0.0006926494993894,-0.0005558285714285,-0.0005340582417582,-0.0004797155067155
-0.0005646205128205,-0.0005370214896214,-0.0004288253968253,0.0005485082539682,-6.686371184371155e-05,-0.0004832837851037,-0.0004969167277167,-0.0007998746031746,-0.0006986987789987,-0.0005588495726495,-0.0005340582417582,-0.0004827328449328
-0.0005676561416361,-0.0005309536019536,-0.0004197015873015,0.0005485082539682,-7.294273504273476e-05,-0.0004741651770451,-0.0005030139194139,-0.0007998746031746,-0.0006956741391941,-0.0005558285714285,-0.0005310409035409,-0.0004797155067155
-0.0005646205128205,-0.0005339875457875,-0.0004197015873015,0.0005485082539682,-7.294273504273476e-05,-0.0004772047130647,-0.0005030139194139,-0.0007968333333333,-0.0006926494993894,-0.0005497865689865,-0.0005280235653235,-0.0004797155067155
-0.0005585492551892,-0.0005400554334554,-0.0004349079365079,0.0005485082539682,-6.078468864468836e-05,-0.0004863233211233,-0.0005030139194139,-0.0007968333333333,-0.0006926494993894,-0.0005497865689865,-0.0005280235653235,-0.0004827328449328
-0.0005615848840048,-0.0005491572649572,-0.0004409904761904,0.0005545688644688,-6.078468864468836e-05,-0.0004954419291819,-0.0004999653235653,-0.0007968333333333,-0.0006926494993894,-0.0005497865689865,-0.0005310409035409,-0.0004797155067155
-0.0005676561416361,-0.0005521912087912,-0.0004409904761904,0.0005575991697191,-6.382420024419996e-05,-0.0004954419291819,-0.0004969167277167,-0.000793792063492,-0.0006896248595848,-0.0005497865689865,-0.0005280235653235,-0.0004766981684981
-0.0005615848840048,-0.0005461233211233,-0.0004409904761904,0.0005515385592185,-6.078468864468836e-05,-0.0004924023931623,-0.0004999653235653,-0.0007968333333333,-0.0006926494993894,-0.0005528075702075,-0.0005280235653235,-0.0004797155067155
-0.0005706917704517,-0.0005370214896214,-0.0004227428571428,0.0005515385592185,-7.294273504273476e-05,-0.0004802442490842,-0.0005030139194139,-0.000793792063492,-0.0006926494993894,-0.0005497865689865,-0.0005250062271062,-0.0004766981684981
-0.0005797986568986,-0.0005370214896214,-0.000413619047619,0.0005575991697191,-8.206126984126955e-05,-0.0004741651770451,-0.0005030139194139,-0.0007968333333333,-0.0006926494993894,-0.0005558285714285,-0.0005310409035409,-0.0004857501831501
-0.0005676561416361,-0.0005430893772893,-0.0004288253968253,0.0005545688644688,-6.990322344322315e-05,-0.0004863233211233,-0.0005060625152625,-0.0008029158730158,-0.0006956741391941,-0.0005618705738705,-0.0005431102564102,-0.0004948021978021
-0.0005615848840048,-0.0005521912087912,-0.0004440317460317,0.0005545688644688,-5.774517704517676e-05,-0.0004984814652014,-0.0004969167277167,-0.0008029158730158,-0.0006956741391941,-0.0005618705738705,-0.0005461275946275,-0.0004948021978021
-0.0005615848840048,-0.0005552251526251,-0.000447073015873,0.0005575991697191,-5.774517704517676e-05,-0.000501521001221,-0.0004999653235653,-0.0008029158730158,-0.0006956741391941,-0.0005648915750915,-0.0005431102564102,-0.0004887675213675
-0.0005585492551892,-0.0005430893772893,-0.0004409904761904,0.0005485082539682,-5.774517704517676e-05,-0.0004924023931623,-0.0005060625152625,-0.0008029158730158,-0.0006986987789987,-0.0005618705738705,-0.0005370755799755,-0.0004827328449328
-0.0005676561416361,-0.0005400554334554,-0.0004288253968253,0.0005515385592185,-6.990322344322315e-05,-0.0004832837851037,-0.0005060625152625,-0.0007998746031746,-0.0006956741391941,-0.0005558285714285,-0.0005280235653235,-0.0004766981684981
-0.0005615848840048,-0.0005370214896214,-0.0004288253968253,0.0005485082539682,-6.686371184371155e-05,-0.0004832837851037,-0.0005121597069597,-0.0008059571428571,-0.0006986987789987,-0.0005588495726495,-0.0005310409035409,-0.0004766981684981
-0.0005646205128205,-0.0005400554334554,-0.0004318666666666,0.0005515385592185,-6.686371184371155e-05,-0.0004863233211233,-0.0005091111111111,-0.0008029158730158,-0.0006986987789987,-0.0005588495726495,-0.0005340582417582,-0.0004797155067155
-0.0005676561416361,-0.0005491572649572,-0.0004379492063492,0.0005575991697191,-6.382420024419996e-05,-0.0004924023931623,-0.0004999653235653,-0.0007998746031746,-0.0006926494993894,-0.0005528075702075,-0.0005310409035409,-0.0004797155067155
-0.0005706917704517,-0.0005552251526251,-0.0004379492063492,0.0005606294749694,-6.686371184371155e-05,-0.0004954419291819,-0.0004969167277167,-0.000793792063492,-0.0006866002197802,-0.0005467655677655,-0.0005250062271062,-0.0004736808302808
-0.0005737273992673,-0.000558259096459,-0.0004349079365079,0.0005636597802197,-6.990322344322315e-05,-0.0004954419291819,-0.0004908195360195,-0.000793792063492,-0.0006835755799755,-0.0005437445665445,-0.0005250062271062,-0.0004736808302808
-0.0005615848840048,-0.0005491572649572,-0.0004379492063492,0.0005545688644688,-6.078468864468836e-05,-0.0004924023931623,-0.0004938681318681,-0.0007968333333333,-0.0006896248595848,-0.0005528075702075,-0.0005310409035409,-0.0004797155067155
-0.0005524779975579,-0.0005309536019536,-0.0004349079365079,0.0005394173382173,-5.774517704517676e-05,-0.0004832837851037,-0.0004908195360195,-0.000793792063492,-0.0006896248595848,-0.0005528075702075,-0.0005310409035409,-0.0004827328449328
-0.0005524779975579,-0.0005279196581196,-0.0004318666666666,0.0005394173382173,-6.078468864468836e-05,-0.0004802442490842,-0.0004908195360195,-0.0007907507936507,-0.0006866002197802,-0.0005528075702075,-0.0005310409035409,-0.0004857501831501
-0.0005555136263736,-0.0005370214896214,-0.0004379492063492,0.0005454779487179,-5.774517704517676e-05,-0.0004863233211233,-0.0004908195360195,-0.0007877095238095,-0.0006896248595848,-0.0005528075702075,-0.0005340582417582,-0.0004857501831501
-0.0005555136263736,-0.0005430893772893,-0.0004409904761904,0.0005485082539682,-5.774517704517676e-05,-0.0004924023931623,-0.0004847223443223,-0.0007846682539682,-0.0006866002197802,-0.0005497865689865,-0.0005310409035409,-0.0004827328449328
-0.0005646205128205,-0.0005461233211233,-0.0004349079365079,0.0005545688644688,-6.382420024419996e-05,-0.0004893628571428,-0.0004755765567765,-0.0007755444444444,-0.0006835755799755,-0.0005467655677655,-0.0005280235653235,-0.0004797155067155
-0.0005646205128205,-0.0005461233211233,-0.0004379492063492,0.0005545688644688,-6.382420024419996e-05,-0.0004924023931623,-0.0004633821733821,-0.0007664206349206,-0.0006745016605616,-0.0005437445665445,-0.0005250062271062,-0.0004736808302808
-0.0005433711111111,-0.0005279196581196,-0.0004349079365079,0.0005333567277167,-5.470566544566516e-05,-0.0004802442490842,-0.0004664307692307,-0.0007572968253968,-0.0006684523809523,-0.0005377025641025,-0.0005159542124542,-0.0004646288156288
-0.000519086080586,-0.0004975802197802,-0.0004349079365079,0.0005060839804639,-4.254761904761877e-05,-0.0004650465689865,-0.0004786251526251,-0.0007512142857142,-0.0006624031013431,-0.0005316605616605,-0.0005099195360195,-0.0004646288156288
-0.0005069435653235,-0.0004824105006105,-0.0004318666666666,0.0004939627594627,-3.6468595848595565e-05,-0.0004559279609279,-0.0004816737484737,-0.0007420904761904,-0.0006563538217338,-0.0005256185592185,-0.0005099195360195,-0.0004706634920634
-0.0005130148229548,-0.0004793765567765,-0.0004197015873015,0.0004939627594627,-4.558713064713037e-05,-0.0004498488888888,-0.0004694793650793,-0.0007360079365079,-0.0006503045421245,-0.0005195765567765,-0.0005069021978021,-0.0004646288156288
-0.000519086080586,-0.0004915123321123,-0.0004257841269841,0.0005030536752136,-4.558713064713037e-05,-0.0004589674969474,-0.0004694793650793,-0.0007390492063492,-0.0006503045421245,-0.0005165555555555,-0.0005038848595848,-0.0004616114774114
-0.0005281929670329,-0.0005218517704517,-0.0004440317460317,0.0005242658119658,-4.254761904761877e-05,-0.0004832837851037,-0.0004755765567765,-0.0007420904761904,-0.0006624031013431,-0.0005286395604395,-0.0005129368742368,-0.0004646288156288
-0.0005372998534798,-0.0005461233211233,-0.0004622793650793,0.0005394173382173,-3.6468595848595565e-05,-0.0005045605372405,-0.0004755765567765,-0.0007451317460317,-0.0006775263003663,-0.0005437445665445,-0.0005250062271062,-0.0004766981684981
-0.0005342642246642,-0.0005430893772893,-0.0004653206349206,0.000536387032967,-3.342908424908396e-05,-0.0005045605372405,-0.0004816737484737,-0.0007512142857142,-0.0006866002197802,-0.0005497865689865,-0.0005310409035409,-0.0004827328449328
-0.0005403354822954,-0.0005309536019536,-0.000447073015873,0.0005333567277167,-4.558713064713037e-05,-0.0004893628571428,-0.0004999653235653,-0.0007725031746031,-0.0006896248595848,-0.0005437445665445,-0.0005250062271062,-0.0004766981684981
-0.0005494423687423,-0.0005400554334554,-0.0004440317460317,0.0005424476434676,-5.166615384615356e-05,-0.0004924023931623,-0.0005121597069597,-0.000793792063492,-0.0006926494993894,-0.0005467655677655,-0.0005250062271062,-0.0004736808302808
-0.0005312285958485,-0.0005491572649572,-0.0004714031746031,0.0005394173382173,-3.0389572649572364e-05,-0.0005106396092796,-0.0005182568986568,-0.0008029158730158,-0.000704748058608,-0.0005558285714285,-0.0005340582417582,-0.0004797155067155
-0.0005160504517704,-0.0005521912087912,-0.0004896507936507,0.0005333567277167,-1.2152503052502767e-05,-0.0005197582173382,-0.000524354090354,-0.0007998746031746,-0.0007107973382173,-0.0005648915750915,-0.0005370755799755,-0.0004827328449328
-0.0005251573382173,-0.0005521912087912,-0.0004835682539682,0.000536387032967,-2.1271037851037568e-05,-0.0005167186813186,-0.000524354090354,-0.0008029158730158,-0.0007168466178266,-0.0005709335775335,-0.0005431102564102,-0.0004887675213675
-0.0005464067399267,-0.0005521912087912,-0.0004622793650793,0.0005485082539682,-4.254761904761877e-05,-0.00050760007326,-0.0005182568986568,-0.0008059571428571,-0.0007198712576312,-0.0005769755799755,-0.0005491449328449,-0.0004917848595848
-0.0005646205128205,-0.0005491572649572,-0.0004440317460317,0.0005545688644688,-6.078468864468836e-05,-0.0004954419291819,-0.0005152083028083,-0.0008150809523809,-0.0007228958974358,-0.0005769755799755,-0.0005491449328449,-0.0004887675213675
-0.0005706917704517,-0.0005643269841269,-0.0004501142857142,0.00056669008547,-6.078468864468836e-05,-0.00050760007326,-0.0005152083028083,-0.0008211634920634,-0.0007259205372405,-0.0005769755799755,-0.0005491449328449,-0.0004917848595848
-0.0005706917704517,-0.0005794967032967,-0.0004653206349206,0.0005727506959706,-5.166615384615356e-05,-0.0005227977533577,-0.0005121597069597,-0.0008242047619047,-0.0007319698168498,-0.0005830175824175,-0.0005551796092796,-0.0004978195360195
-0.0005737273992673,-0.0005825306471306,-0.0004622793650793,0.000575781001221,-5.470566544566516e-05,-0.0005227977533577,-0.0005091111111111,-0.0008211634920634,-0.0007259205372405,-0.0005799965811965,-0.0005521622710622,-0.0004948021978021
-0.0005797986568986,-0.0005734288156288,-0.000447073015873,0.000575781001221,-6.686371184371155e-05,-0.0005106396092796,-0.0005091111111111,-0.0008211634920634,-0.0007259205372405,-0.0005769755799755,-0.0005461275946275,-0.0004887675213675
-0.0005858699145299,-0.0005734288156288,-0.0004409904761904,0.0005788113064713,-7.294273504273476e-05,-0.00050760007326,-0.0005091111111111,-0.000827246031746,-0.0007289451770451,-0.0005769755799755,-0.0005461275946275,-0.0004887675213675
-0.0005828342857142,-0.0005794967032967,-0.0004501142857142,0.0005788113064713,-6.686371184371155e-05,-0.0005136791452991,-0.0005121597069597,-0.0008302873015873,-0.0007289451770451,-0.0005799965811965,-0.0005491449328449,-0.0004917848595848
-0.000576763028083,-0.0005855645909645,-0.0004622793650793,0.0005788113064713,-5.774517704517676e-05,-0.0005227977533577,-0.0005121597069597,-0.0008242047619047,-0.0007259205372405,-0.0005769755799755,-0.0005521622710622,-0.0004978195360195
-0.0005828342857142,-0.0005916324786324,-0.000459238095238,0.0005848719169719,-6.078468864468836e-05,-0.0005258372893772,-0.0005091111111111,-0.0008211634920634,-0.0007259205372405,-0.0005739545787545,-0.0005521622710622,-0.0005008368742368
-0.0005828342857142,-0.0005794967032967,-0.000447073015873,0.0005788113064713,-6.686371184371155e-05,-0.0005136791452991,-0.0005091111111111,-0.0008242047619047,-0.0007259205372405,-0.0005739545787545,-0.0005491449328449,-0.0004978195360195
-0.0005858699145299,-0.0005673609279609,-0.0004318666666666,0.000575781001221,-7.598224664224636e-05,-0.0004984814652014,-0.0005091111111111,-0.000827246031746,-0.0007259205372405,-0.0005769755799755,-0.0005491449328449,-0.0004948021978021
-0.0005828342857142,-0.000561293040293,-0.0004318666666666,0.0005697203907203,-7.598224664224636e-05,-0.0004954419291819,-0.0005091111111111,-0.0008242047619047,-0.0007259205372405,-0.0005739545787545,-0.0005491449328449,-0.0004917848595848
-0.0005828342857142,-0.000558259096459,-0.0004318666666666,0.0005697203907203,-7.598224664224636e-05,-0.0004954419291819,-0.0005121597069597,-0.0008242047619047,-0.0007198712576312,-0.0005709335775335,-0.0005431102564102,-0.0004887675213675
-0.0005858699145299,-0.0005552251526251,-0.0004257841269841,0.0005697203907203,-7.902175824175796e-05,-0.0004893628571428,-0.0005152083028083,-0.0008242047619047,-0.0007168466178266,-0.0005648915750915,-0.0005370755799755,-0.0004857501831501
-0.0005889055433455,-0.0005552251526251,-0.0004197015873015,0.0005697203907203,-8.510078144078116e-05,-0.0004863233211233,-0.0005152083028083,-0.0008242047619047,-0.0007138219780219,-0.0005618705738705,-0.0005340582417582,-0.0004827328449328
-0.0005889055433455,-0.0005521912087912,-0.0004197015873015,0.0005697203907203,-8.510078144078116e-05,-0.0004863233211233,-0.0005152083028083,-0.0008150809523809,-0.0007017234188034,-0.0005558285714285,-0.0005340582417582,-0.0004857501831501
-0.0005797986568986,-0.0005430893772893,-0.0004166603174603,0.0005606294749694,-8.206126984126955e-05,-0.0004802442490842,-0.0005091111111111,-0.0007846682539682,-0.0006624031013431,-0.0005467655677655,-0.0005400929181929,-0.0005008368742368
-0.0005737273992673,-0.0004824105006105,-0.0003649587301587,0.0005272961172161,-0.0001033378510378,-0.000422493064713,-0.0005060625152625,-0.000748173015873,-0.0005928363858363,-0.0005105135531135,-0.0005280235653235,-0.0005038542124542
-0.0005494423687423,-0.0003640866910866,-0.0002706793650793,0.0004545687912087,-0.0001398119902319,-0.0003161093040293,-0.0005213054945054,-0.0006690999999999,-0.0004899986324786,-0.0004259255189255,-0.0004676768009768,-0.0004676461538461
-0.000470516019536,-0.00018205006105,-0.0001733587301587,0.0003242656654456,-0.0001489305250305,-0.0001762906471306,-0.0005670344322344,-0.0005109539682539,-0.0003085202442002,-0.0002386234432234,-0.0003318965811965,-0.0003831606837606
-0.0003339127228327,0.0001001067155067,-3.0419047619047524e-05,0.0001151746031746,-0.00015197003663,3.343733821733818e-05,-0.0006737352869352,-0.0004531698412698,-9.074617826617834e-05,5.139267399267347e-05,-8.14575091575093e-05,-0.000190051037851
-0.0001730243956043,0.0004945194139194,0.0002037587301587,-0.0001605831746031,-0.0001884441758241,0.000349549084249,-0.0008993313797313,-0.0006751825396825,7.56090109890109e-05,0.0003988078144078,0.0002745884004884,0.0001207347985347
-1.5171697191697469e-05,0.0008616266178266,0.0004136063492063,-0.0004211894261294,-0.0002127602686202,0.000638305006105,-0.0012133367521367,-0.0010522999999999,0.0001149293284493,0.0007220549450549,0.0006396863247863,0.0004556593406593
9.107531135531109e-05,0.00111041001221,0.0005535047619047,-0.0005999774358974,-0.0002309973382173,0.0008328353113553,-0.0015395365079365,-0.0014507063492063,-6.984126984207251e-09,0.000903315018315,0.000905212087912,0.0007423064713064
0.0001153603418803,0.0010679347985347,0.000489638095238,-0.0005908865201465,-0.0001854046642246,0.0007781236630036,-0.0017041606837606,-0.0016970492063492,-0.0002329042490842,0.0007824749694749,0.0008901253968253,0.0008298092796092
-3.642109890109918e-05,0.0005096891330891,8.819047619047627e-05,-0.0002363408058608,-6.078468864468836e-05,0.0002978769719169,-0.0015700224664224,-0.0017943698412698,-0.0006472799023199,0.0002386947496947,0.000467698046398,0.0005823875457875
-0.0003035564346764,-3.6420757020756825e-05,-0.0001855238095238,0.00016972009768,-5.774517704517676e-05,-0.0001094208547008,-0.0013383291819291,-0.0019494746031746,-0.0011130744322344,-0.0003504004884004,1.8114652014651857e-05,0.0002897057387057
-0.0005069435653235,-0.0002518307692307,-0.0001946476190476,0.0003788111599511,-0.0001550095482295,-0.0002218836874236,-0.0011798021978021,-0.0020437539682539,-0.0013731934554334,-0.0006827106227106,-0.000238359096459,0.0001056481074481
-0.0005949768009768,-0.0004126297924297,-0.0002706793650793,0.0005030536752136,-0.0001610885714285,-0.0003404255921855,-0.0010548097680097,-0.0018764841269841,-0.0013671441758241,-0.0007884456654456,-0.000398278021978,-6.935750915750975e-05
-0.0006283687179487,-0.0005188178266178,-0.0003436698412698,0.0005727506959706,-0.0001428515018315,-0.0004316116727716,-0.0009572547008547,-0.0016362238095238,-0.0012461585836385,-0.0007763616605616,-0.0004857808302808,-0.0002141897435897
-0.0006314043467643,-0.0005643269841269,-0.0003862476190476,0.0005969931379731,-0.0001215749206349,-0.0004741651770451,-0.0008688454212454,-0.0014263761904761,-0.0011221483516483,-0.0007401096459096,-0.0005250062271062,-0.0003167792429792
-0.0006192618315018,-0.0005885985347985,-0.0004257841269841,0.0006030537484737,-9.725882783882755e-05,-0.00050760007326,-0.0007499501831501,-0.0012195698412698,-0.0010041873992673,-0.0006947946275946,-0.0005461275946275,-0.000386178021978
-0.0005919411721611,-0.0005734288156288,-0.0004349079365079,0.0005818416117216,-7.902175824175796e-05,-0.0005045605372405,-0.0006280063492063,-0.0010158047619047,-0.0008801771672771,-0.0006343746031746,-0.0005431102564102,-0.0004284207570207
-0.0005706917704517,-0.0005279196581196,-0.0004105777777777,0.0005485082539682,-7.902175824175796e-05,-0.0004680861050061,-0.0005456942612942,-0.0008637412698412,-0.0007743147741147,-0.0005799965811965,-0.0005219888888888,-0.0004344554334554
-0.0005585492551892,-0.0004975802197802,-0.0003923301587301,0.0005272961172161,-8.206126984126955e-05,-0.0004437698168498,-0.0005060625152625,-0.0007907507936507,-0.0007138219780219,-0.0005497865689865,-0.0005038848595848,-0.0004344554334554
-0.0005555136263736,-0.0004915123321123,-0.0003892888888888,0.0005212355067155,-8.206126984126955e-05,-0.0004407302808302,-0.0004908195360195,-0.000760338095238,-0.0006896248595848,-0.0005407235653235,-0.0005038848595848,-0.0004374727716727
-0.0005646205128205,-0.0004975802197802,-0.0003892888888888,0.0005303264224664,-8.814029304029276e-05,-0.0004437698168498,-0.0004816737484737,-0.0007420904761904,-0.0006775263003663,-0.0005377025641025,-0.0005038848595848,-0.0004374727716727
-0.0005615848840048,-0.0005006141636141,-0.0003923301587301,0.0005303264224664,-8.510078144078116e-05,-0.0004468093528693,-0.0004755765567765,-0.0007268841269841,-0.000671477020757,-0.0005346815628815,-0.0005099195360195,-0.0004465247863247
-0.0005615848840048,-0.000506682051282,-0.0003984126984126,0.0005333567277167,-8.206126984126955e-05,-0.0004528884249084,-0.0004694793650793,-0.000714719047619,-0.0006654277411477,-0.0005377025641025,-0.0005159542124542,-0.0004555768009768
-0.0005676561416361,-0.000506682051282,-0.0003984126984126,0.000536387032967,-8.510078144078116e-05,-0.0004528884249084,-0.0004603335775335,-0.0007086365079365,-0.0006654277411477,-0.0005407235653235,-0.0005219888888888,-0.0004676461538461
-0.0005646205128205,-0.0005036481074481,-0.0003953714285714,0.0005333567277167,-8.510078144078116e-05,-0.0004498488888888,-0.0004572849816849,-0.0006964714285714,-0.0006563538217338,-0.0005377025641025,-0.0005250062271062,-0.0004736808302808
-0.0005615848840048,-0.000506682051282,-0.0004014539682539,0.0005333567277167,-7.902175824175796e-05,-0.0004528884249084,-0.0004511877899877,-0.0006843063492063,-0.0006442552625152,-0.0005316605616605,-0.0005219888888888,-0.0004706634920634
-0.0005615848840048,-0.0005157838827838,-0.0004075365079365,0.000536387032967,-7.598224664224636e-05,-0.000462007032967,-0.000442042002442,-0.0006751825396825,-0.0006321567032967,-0.0005225975579975,-0.0005159542124542,-0.0004646288156288
-0.0005615848840048,-0.0005188178266178,-0.0004105777777777,0.0005394173382173,-7.598224664224636e-05,-0.0004650465689865,-0.000442042002442,-0.0006721412698412,-0.0006321567032967,-0.0005256185592185,-0.0005159542124542,-0.0004646288156288
-0.0005676561416361,-0.000506682051282,-0.0003953714285714,0.000536387032967,-8.510078144078116e-05,-0.0004498488888888,-0.000442042002442,-0.0006690999999999,-0.000629132063492,-0.0005225975579975,-0.0005159542124542,-0.0004616114774114
-0.0005676561416361,-0.0004975802197802,-0.0003862476190476,0.0005303264224664,-9.117980463980436e-05,-0.0004407302808302,-0.0004450905982905,-0.0006660587301587,-0.0006321567032967,-0.0005256185592185,-0.0005159542124542,-0.0004676461538461
-0.0005524779975579,-0.0004884783882783,-0.0003892888888888,0.0005182052014652,-8.206126984126955e-05,-0.0004376907448107,-0.0004542363858363,-0.0006721412698412,-0.0006382059829059,-0.0005346815628815,-0.0005250062271062,-0.0004797155067155
-0.0005494423687423,-0.0004884783882783,-0.0003923301587301,0.0005182052014652,-7.902175824175796e-05,-0.0004407302808302,-0.0004542363858363,-0.0006660587301587,-0.0006382059829059,-0.0005377025641025,-0.0005310409035409,-0.0004857501831501
-0.0005585492551892,-0.0004975802197802,-0.0003923301587301,0.0005272961172161,-8.206126984126955e-05,-0.0004437698168498,-0.0004450905982905,-0.0006569349206349,-0.0006261074236874,-0.0005286395604395,-0.0005219888888888,-0.0004797155067155
-0.0005646205128205,-0.0005036481074481,-0.0003923301587301,0.0005333567277167,-8.510078144078116e-05,-0.0004468093528693,-0.0004389934065934,-0.0006478111111111,-0.0006170335042735,-0.0005225975579975,-0.0005189715506715,-0.0004736808302808
-0.0005494423687423,-0.0004945462759462,-0.0003984126984126,0.0005212355067155,-7.598224664224636e-05,-0.0004468093528693,-0.0004389934065934,-0.0006478111111111,-0.0006200581440781,-0.0005256185592185,-0.0005219888888888,-0.0004706634920634
-0.0005555136263736,-0.0004884783882783,-0.0003832063492063,0.0005212355067155,-8.510078144078116e-05,-0.0004346512087912,-0.000442042002442,-0.0006417285714285,-0.0006140088644688,-0.0005165555555555,-0.0005099195360195,-0.0004585941391941
-0.0005676561416361,-0.0005036481074481,-0.0003862476190476,0.0005333567277167,-9.117980463980436e-05,-0.0004437698168498,-0.0004389934065934,-0.0006326047619047,-0.0006049349450549,-0.0005074925518925,-0.0005038848595848,-0.0004525594627594
-0.0005615848840048,-0.0005188178266178,-0.0004105777777777,0.0005394173382173,-7.598224664224636e-05,-0.0004650465689865,-0.0004359448107448,-0.0006265222222222,-0.0006079595848595,-0.0005105135531135,-0.0005099195360195,-0.0004555768009768
-0.0005524779975579,-0.0005097159951159,-0.000413619047619,0.0005303264224664,-6.990322344322315e-05,-0.000462007032967,-0.0004389934065934,-0.0006265222222222,-0.0006109842246642,-0.0005165555555555,-0.0005129368742368,-0.0004646288156288
-0.0005524779975579,-0.0004884783882783,-0.0003892888888888,0.0005182052014652,-8.206126984126955e-05,-0.0004376907448107,-0.0004450905982905,-0.0006234809523809,-0.0006079595848595,-0.0005165555555555,-0.0005159542124542,-0.0004706634920634
-0.0005524779975579,-0.0004733086691086,-0.0003771238095238,0.0005121445909645,-8.814029304029276e-05,-0.0004255326007326,-0.0004481391941391,-0.0006204396825396,-0.0006019103052503,-0.0005165555555555,-0.0005159542124542,-0.0004736808302808
-0.0005372998534798,-0.0004854444444444,-0.0004014539682539,0.0005091142857142,-6.686371184371155e-05,-0.0004437698168498,-0.0004481391941391,-0.0006113158730158,-0.0005988856654456,-0.0005195765567765,-0.0005189715506715,-0.0004766981684981
-0.0005403354822954,-0.0004975802197802,-0.000413619047619,0.0005182052014652,-6.382420024419996e-05,-0.0004559279609279,-0.0004389934065934,-0.0006052333333333,-0.000595861025641,-0.0005165555555555,-0.0005219888888888,-0.0004736808302808
-0.0005555136263736,-0.000506682051282,-0.0004014539682539,0.0005303264224664,-7.598224664224636e-05,-0.0004528884249084,-0.0004298476190476,-0.0005991507936507,-0.0005928363858363,-0.0005135345543345,-0.0005189715506715,-0.0004736808302808
-0.0005646205128205,-0.0005036481074481,-0.0003923301587301,0.0005333567277167,-8.510078144078116e-05,-0.0004468093528693,-0.000426799023199,-0.0005930682539682,-0.0005928363858363,-0.0005135345543345,-0.0005159542124542,-0.0004676461538461
-0.0005585492551892,-0.0005097159951159,-0.0004044952380952,0.0005333567277167,-7.598224664224636e-05,-0.0004559279609279,-0.000426799023199,-0.0005839444444444,-0.0005928363858363,-0.0005135345543345,-0.0005189715506715,-0.0004736808302808
-0.0005403354822954,-0.0005127499389499,-0.0004288253968253,0.0005242658119658,-5.470566544566516e-05,-0.0004711256410256,-0.0004328962148962,-0.0005778619047619,-0.0005928363858363,-0.0005195765567765,-0.0005280235653235,-0.0004827328449328
-0.0005433711111111,-0.0005036481074481,-0.0004166603174603,0.0005212355067155,-6.382420024419996e-05,-0.0004589674969474,-0.0004298476190476,-0.000568738095238,-0.0005898117460317,-0.0005165555555555,-0.0005250062271062,-0.0004857501831501
-0.0005464067399267,-0.0005006141636141,-0.0004075365079365,0.0005212355067155,-6.990322344322315e-05,-0.0004528884249084,-0.0004207018315018,-0.0005535317460317,-0.0005777131868131,-0.0005074925518925,-0.0005219888888888,-0.0004827328449328
-0.0005464067399267,-0.0005097159951159,-0.0004166603174603,0.0005272961172161,-6.382420024419996e-05,-0.000462007032967,-0.0004176532356532,-0.0005444079365079,-0.0005716639072039,-0.0005074925518925,-0.0005219888888888,-0.0004797155067155
-0.0005372998534798,-0.0005006141636141,-0.0004197015873015,0.0005182052014652,-5.774517704517676e-05,-0.0004589674969474,-0.0004207018315018,-0.0005352841269841,-0.0005716639072039,-0.0005044715506715,-0.0005159542124542,-0.0004706634920634
-0.0005312285958485,-0.0004915123321123,-0.0004197015873015,0.0005091142857142,-5.470566544566516e-05,-0.0004559279609279,-0.000426799023199,-0.0005261603174603,-0.0005656146275946,-0.0005014505494505,-0.0005099195360195,-0.0004676461538461
-0.0005312285958485,-0.0004945462759462,-0.0004166603174603,0.0005121445909645,-5.774517704517676e-05,-0.0004559279609279,-0.000426799023199,-0.0005139952380952,-0.0005625899877899,-0.0005044715506715,-0.0005129368742368,-0.0004706634920634
-0.0005372998534798,-0.0004945462759462,-0.000413619047619,0.0005151748962148,-6.078468864468836e-05,-0.0004528884249084,-0.0004146046398046,-0.0005018301587301,-0.0005565407081807,-0.0005014505494505,-0.0005129368742368,-0.0004706634920634
-0.0005342642246642,-0.0004945462759462,-0.000413619047619,0.0005121445909645,-6.078468864468836e-05,-0.0004528884249084,-0.0004054588522588,-0.0004866238095238,-0.0005504914285714,-0.0004984295482295,-0.0005099195360195,-0.0004706634920634
-0.0005312285958485,-0.0004793765567765,-0.0004044952380952,0.0005030536752136,-6.382420024419996e-05,-0.0004407302808302,-0.0004024102564102,-0.0004683761904761,-0.0005414175091575,-0.0004893665445665,-0.0005038848595848,-0.0004676461538461
-0.0005312285958485,-0.0004702747252747,-0.0003923301587301,0.0005000233699633,-6.990322344322315e-05,-0.0004316116727716,-0.0003993616605616,-0.0004501285714285,-0.0005293189499389,-0.0004803035409035,-0.0005008675213675,-0.0004646288156288
-0.0005312285958485,-0.0004763426129426,-0.0003984126984126,0.0005030536752136,-6.686371184371155e-05,-0.0004376907448107,-0.0003932644688644,-0.0004318809523809,-0.000520245030525,-0.0004772825396825,-0.0005008675213675,-0.0004616114774114
-0.0005312285958485,-0.0004793765567765,-0.0004014539682539,0.0005030536752136,-6.382420024419996e-05,-0.0004407302808302,-0.0003871672771672,-0.0004136333333333,-0.0005172203907203,-0.0004742615384615,-0.0004948328449328,-0.0004585941391941
-0.0005281929670329,-0.0004793765567765,-0.0004075365079365,0.0005030536752136,-6.078468864468836e-05,-0.0004437698168498,-0.0003871672771672,-0.0003953857142857,-0.0005111711111111,-0.0004742615384615,-0.0004948328449328,-0.0004555768009768
-0.0005130148229548,-0.0004702747252747,-0.000413619047619,0.0004909324542124,-4.862664224664196e-05,-0.0004407302808302,-0.0003932644688644,-0.000377138095238,-0.0005020971916971,-0.0004712405372405,-0.0004948328449328,-0.0004525594627594
-0.0004978366788766,-0.0004581389499389,-0.0004166603174603,0.0004757809279609,-3.950810744810717e-05,-0.0004376907448107,-0.000396313064713,-0.0003588904761904,-0.0004960479120879,-0.0004682195360195,-0.0004887981684981,-0.0004495421245421
-0.0005008723076923,-0.000452071062271,-0.0004044952380952,0.0004757809279609,-4.862664224664196e-05,-0.0004285721367521,-0.0003902158730158,-0.000331519047619,-0.0004869739926739,-0.0004651985347985,-0.0004857808302808,-0.0004495421245421
-0.0005039079365079,-0.0004399352869352,-0.0003923301587301,0.0004697203174603,-5.470566544566516e-05,-0.0004164139926739,-0.0003780214896214,-0.0003071888888888,-0.0004748754334554,-0.0004591565323565,-0.0004857808302808,-0.0004495421245421
-0.0004887297924297,-0.0004186976800976,-0.0003862476190476,0.0004515384859584,-5.166615384615356e-05,-0.0004012163125763,-0.00038107008547,-0.0002889412698412,-0.0004688261538461,-0.0004561355311355,-0.0004827634920634,-0.0004435074481074
-0.0004765872771672,-0.0004065619047619,-0.0003892888888888,0.0004394172649572,-4.254761904761877e-05,-0.0003981767765567,-0.0003841186813186,-0.0002676523809523,-0.0004597522344322,-0.0004470725274725,-0.0004737114774114,-0.0004344554334554
-0.0004796229059829,-0.00039746007326,-0.0003740825396825,0.0004363869597069,-5.166615384615356e-05,-0.0003860186324786,-0.00038107008547,-0.0002433222222222,-0.000444629035409,-0.0004319675213675,-0.0004556074481074,-0.0004163514041514
-0.0004856941636141,-0.0003853242979242,-0.0003527936507936,0.0004333566544566,-6.686371184371155e-05,-0.0003677814163614,-0.0003749728937728,-0.0002250746031746,-0.0004325304761904,-0.0004168625152625,-0.000443538095238,-0.0004012647130647
-0.0004826585347985,-0.0003792564102564,-0.0003497523809523,0.0004303263492063,-6.686371184371155e-05,-0.0003647418803418,-0.0003658271062271,-0.0002007444444444,-0.0004204319169719,-0.0004077995115995,-0.0004314687423687,-0.0003922126984126
-0.0004887297924297,-0.0003701545787545,-0.0003406285714285,0.000427296043956,-7.294273504273476e-05,-0.0003556232722832,-0.0003566813186813,-0.000185538095238,-0.0004083333577533,-0.0004017575091575,-0.000425434065934,-0.0003831606837606
-0.000470516019536,-0.0003549848595848,-0.0003375873015873,0.0004121445177045,-6.686371184371155e-05,-0.0003465046642246,-0.0003627785103785,-0.0001703317460317,-0.0004053087179487,-0.0003987365079365,-0.0004193993894993,-0.000377126007326
-0.0004523022466422,-0.0003337472527472,-0.0003375873015873,0.0003909323809523,-5.774517704517676e-05,-0.0003343465201465,-0.0003749728937728,-0.0001612079365079,-0.0003992594383394,-0.0003926945054945,-0.0004103473748473,-0.0003710913308913
-0.0004431953601953,-0.0003125096459096,-0.0003254222222222,0.0003757808547008,-5.774517704517676e-05,-0.0003191488400488,-0.00038107008547,-0.0001581666666666,-0.0003992594383394,-0.0003896735042735,-0.0004012953601953,-0.0003560046398046
-0.0004553378754578,-0.0002973399267399,-0.0002950095238095,0.0003757808547008,-7.902175824175796e-05,-0.0002948325518925,-0.0003780214896214,-0.0001551253968253,-0.0003932101587301,-0.0003806105006105,-0.000389226007326,-0.0003379006105006
-0.0004523022466422,-0.0002791362637362,-0.0002798031746031,0.0003636596336996,-8.510078144078116e-05,-0.0002796348717948,-0.0003780214896214,-0.0001551253968253,-0.0003932101587301,-0.0003775894993894,-0.0003771566544566,-0.0003228139194139
-0.0004401597313797,-0.0002639665445665,-0.0002767619047619,0.0003515384126984,-8.206126984126955e-05,-0.0002705162637362,-0.0003902158730158,-0.0001612079365079,-0.0003932101587301,-0.0003745684981684,-0.0003681046398046,-0.0003137619047619
-0.0004401597313797,-0.0002548647130647,-0.0002706793650793,0.0003454778021978,-8.510078144078116e-05,-0.0002613976556776,-0.0003932644688644,-0.000173373015873,-0.0003962347985347,-0.0003715474969474,-0.0003620699633699,-0.0003047098901098
-0.0004462309890109,-0.0002487968253968,-0.0002615555555555,0.0003454778021978,-9.117980463980436e-05,-0.0002553185836385,-0.000396313064713,-0.0001916206349206,-0.0003962347985347,-0.0003685264957264,-0.0003560352869352,-0.0002956578754578
-0.0004492666178266,-0.0002518307692307,-0.000255473015873,0.0003485081074481,-9.725882783882755e-05,-0.000252279047619,-0.0003993616605616,-0.000218992063492,-0.000402284078144,-0.0003624844932844,-0.0003500006105006,-0.0002866058608058
-0.0004492666178266,-0.0002457628815628,-0.0002493904761904,0.0003454778021978,-0.0001002983394383,-0.0002461999755799,-0.0004085074481074,-0.0002585285714285,-0.0004143826373626,-0.0003655054945054,-0.0003439659340659,-0.0002775538461538
-0.0004462309890109,-0.0002305931623931,-0.0002402666666666,0.0003363868864468,-0.0001033378510378,-0.0002340418315018,-0.0004298476190476,-0.0003041476190476,-0.0004325304761904,-0.0003745684981684,-0.0003439659340659,-0.0002685018315018
-0.0004401597313797,-0.0002275592185592,-0.0002402666666666,0.0003333565811965,-0.0001002983394383,-0.0002340418315018,-0.0004481391941391,-0.0003528079365079,-0.0004537029548229,-0.0003866525030525,-0.0003500006105006,-0.0002715191697191
-0.0004462309890109,-0.0002336271062271,-0.0002433079365079,0.0003394171916971,-0.0001002983394383,-0.0002370813675213,-0.0004572849816849,-0.0004014682539682,-0.0004718507936507,-0.0003987365079365,-0.0003560352869352,-0.0002745365079365
-0.0004674803907203,-0.0002548647130647,-0.0002433079365079,0.0003606293284493,-0.0001124563858363,-0.0002492395115995,-0.0004572849816849,-0.0004470873015873,-0.0004869739926739,-0.0004017575091575,-0.0003620699633699,-0.0002805711843711
-0.0004856941636141,-0.0002761023199023,-0.0002463492063492,0.0003788111599511,-0.0001185354090354,-0.0002613976556776,-0.0004572849816849,-0.0004835825396825,-0.0004990725518925,-0.0004047785103785,-0.0003650873015873,-0.0002835885225885
-0.0004856941636141,-0.0003003738705738,-0.000267638095238,0.0003909323809523,-0.0001094168742368,-0.0002826744078144,-0.0004664307692307,-0.0005261603174603,-0.000520245030525,-0.0004168625152625,-0.0003741393162393,-0.0002926405372405
-0.0004826585347985,-0.0003185775335775,-0.0002889269841269,0.0004000232967032,-9.725882783882755e-05,-0.0003039511599511,-0.0004786251526251,-0.000568738095238,-0.0005444421489621,-0.0004349885225885,-0.000389226007326,-0.0003107445665445
-0.0004978366788766,-0.000342849084249,-0.0002919682539682,0.0004182051282051,-0.0001033378510378,-0.0003161093040293,-0.0004847223443223,-0.000602192063492,-0.0005625899877899,-0.0004500935286935,-0.0004043126984126,-0.0003318659340659
-0.0005160504517704,-0.0003731885225885,-0.0003102158730158,0.0004424475702075,-0.0001033378510378,-0.0003404255921855,-0.0004786251526251,-0.0006326047619047,-0.0005777131868131,-0.0004621775335775,-0.0004193993894993,-0.0003499699633699
-0.0005251573382173,-0.0004065619047619,-0.000334546031746,0.0004636597069597,-9.421931623931596e-05,-0.0003708209523809,-0.0004755765567765,-0.0006599761904761,-0.0005928363858363,-0.0004742615384615,-0.0004375034188034,-0.0003710913308913
-0.0005281929670329,-0.0004247655677655,-0.0003558349206349,0.0004757809279609,-8.510078144078116e-05,-0.0003890581684981,-0.0004755765567765,-0.0006843063492063,-0.0006109842246642,-0.0004893665445665,-0.0004556074481074,-0.0003922126984126
-0.0005403354822954,-0.0004429692307692,-0.0003588761904761,0.0004909324542124,-9.117980463980436e-05,-0.0004012163125763,-0.0004816737484737,-0.0007086365079365,-0.000629132063492,-0.0005074925518925,-0.0004737114774114,-0.0004103167277167
-0.0005585492551892,-0.0004672407814407,-0.0003619174603174,0.0005121445909645,-9.725882783882755e-05,-0.0004133744566544,-0.0004816737484737,-0.0007268841269841,-0.0006442552625152,-0.0005225975579975,-0.0004887981684981,-0.0004254034188034
-0.0005646205128205,-0.0004854444444444,-0.0003740825396825,0.0005242658119658,-9.421931623931596e-05,-0.0004285721367521,-0.0004755765567765,-0.0007390492063492,-0.0006533291819291,-0.0005316605616605,-0.0005038848595848,-0.0004404901098901
-0.0005646205128205,-0.0005036481074481,-0.0003953714285714,0.0005333567277167,-8.510078144078116e-05,-0.0004498488888888,-0.0004725279609279,-0.0007512142857142,-0.0006654277411477,-0.0005407235653235,-0.0005159542124542,-0.0004555768009768
-0.0005706917704517,-0.0005218517704517,-0.0004044952380952,0.0005454779487179,-8.206126984126955e-05,-0.000462007032967,-0.0004694793650793,-0.0007633793650793,-0.000671477020757,-0.0005437445665445,-0.0005189715506715,-0.0004616114774114
-0.0005828342857142,-0.0005370214896214,-0.0004075365079365,0.0005575991697191,-8.814029304029276e-05,-0.0004711256410256,-0.0004694793650793,-0.0007694619047619,-0.000671477020757,-0.0005467655677655,-0.0005219888888888,-0.0004676461538461
-0.0005797986568986,-0.0005491572649572,-0.0004227428571428,0.0005636597802197,-7.902175824175796e-05,-0.0004863233211233,-0.0004694793650793,-0.0007755444444444,-0.0006805509401709,-0.0005558285714285,-0.0005340582417582,-0.0004797155067155
-0.0005797986568986,-0.0005521912087912,-0.0004288253968253,0.0005636597802197,-7.598224664224636e-05,-0.0004893628571428,-0.0004664307692307,-0.0007816269841269,-0.0006896248595848,-0.0005648915750915,-0.0005431102564102,-0.0004887675213675
-0.0005919411721611,-0.0005521912087912,-0.0004197015873015,0.0005697203907203,-8.510078144078116e-05,-0.0004863233211233,-0.0004603335775335,-0.0007846682539682,-0.0006926494993894,-0.0005679125763125,-0.0005461275946275,-0.0004917848595848
-0.0005889055433455,-0.000561293040293,-0.0004288253968253,0.0005727506959706,-7.902175824175796e-05,-0.0004954419291819,-0.0004603335775335,-0.0007877095238095,-0.0006986987789987,-0.0005769755799755,-0.0005551796092796,-0.0005038542124542
-0.0005858699145299,-0.0005703948717948,-0.0004379492063492,0.000575781001221,-7.294273504273476e-05,-0.0005045605372405,-0.0004633821733821,-0.0007877095238095,-0.0007017234188034,-0.0005769755799755,-0.0005551796092796,-0.0005068715506715
-0.0005858699145299,-0.0005764627594627,-0.0004440317460317,0.0005788113064713,-6.990322344322315e-05,-0.0005106396092796,-0.0004633821733821,-0.0007877095238095,-0.0007017234188034,-0.0005709335775335,-0.0005581969474969,-0.0005038542124542
-0.0005980124297924,-0.0005825306471306,-0.0004379492063492,0.0005879022222222,-7.902175824175796e-05,-0.0005106396092796,-0.0004542363858363,-0.0007877095238095,-0.0007017234188034,-0.0005709335775335,-0.0005581969474969,-0.0005038542124542
-0.0006040836874236,-0.0005825306471306,-0.0004349079365079,0.0005909325274725,-8.510078144078116e-05,-0.00050760007326,-0.0004481391941391,-0.0007846682539682,-0.0007017234188034,-0.0005739545787545,-0.0005581969474969,-0.0005008368742368
-0.0005949768009768,-0.0005734288156288,-0.0004349079365079,0.0005818416117216,-7.902175824175796e-05,-0.0005045605372405,-0.0004542363858363,-0.0007816269841269,-0.0007017234188034,-0.0005769755799755,-0.0005581969474969,-0.0005008368742368
-0.0005889055433455,-0.0005764627594627,-0.0004409904761904,0.0005818416117216,-7.294273504273476e-05,-0.00050760007326,-0.0004572849816849,-0.0007785857142857,-0.0007017234188034,-0.0005830175824175,-0.0005642316239316,-0.0005098888888888
-0.0005919411721611,-0.0005916324786324,-0.0004501142857142,0.0005909325274725,-6.990322344322315e-05,-0.0005197582173382,-0.0004542363858363,-0.0007725031746031,-0.0006986987789987,-0.0005860385836385,-0.0005702663003663,-0.0005159235653235
-0.0005949768009768,-0.0005946664224664,-0.0004561968253968,0.0005939628327228,-6.990322344322315e-05,-0.0005258372893772,-0.0004450905982905,-0.0007694619047619,-0.0006986987789987,-0.0005860385836385,-0.0005732836385836,-0.0005189409035409
-0.0005919411721611,-0.0005885985347985,-0.0004531555555555,0.0005879022222222,-6.990322344322315e-05,-0.0005197582173382,-0.0004450905982905,-0.0007694619047619,-0.0006986987789987,-0.0005860385836385,-0.0005732836385836,-0.0005159235653235
-0.0005889055433455,-0.0005855645909645,-0.0004440317460317,0.0005848719169719,-7.294273504273476e-05,-0.0005136791452991,-0.0004511877899877,-0.0007664206349206,-0.0006986987789987,-0.0005860385836385,-0.0005702663003663,-0.0005129062271062
-0.0005980124297924,-0.0005794967032967,-0.0004349079365079,0.0005879022222222,-8.206126984126955e-05,-0.00050760007326,-0.0004511877899877,-0.000760338095238,-0.0006926494993894,-0.0005830175824175,-0.0005672489621489,-0.0005068715506715
-0.0006131905738705,-0.0005764627594627,-0.0004166603174603,0.0005939628327228,-9.725882783882755e-05,-0.0004954419291819,-0.0004450905982905,-0.0007512142857142,-0.0006866002197802,-0.0005769755799755,-0.0005612142857142,-0.0005068715506715
-0.0006101549450549,-0.0005794967032967,-0.0004197015873015,0.0005939628327228,-9.421931623931596e-05,-0.0004984814652014,-0.0004450905982905,-0.0007512142857142,-0.0006866002197802,-0.0005739545787545,-0.0005642316239316,-0.0005098888888888
-0.0005889055433455,-0.0005825306471306,-0.000447073015873,0.0005848719169719,-6.990322344322315e-05,-0.0005136791452991,-0.0004481391941391,-0.0007542555555555,-0.0006866002197802,-0.0005799965811965,-0.0005672489621489,-0.0005159235653235
-0.0005797986568986,-0.0005855645909645,-0.0004622793650793,0.0005818416117216,-5.774517704517676e-05,-0.0005227977533577,-0.0004511877899877,-0.000748173015873,-0.0006866002197802,-0.0005769755799755,-0.0005672489621489,-0.0005129062271062
-0.0005828342857142,-0.0005825306471306,-0.0004531555555555,0.0005818416117216,-6.382420024419996e-05,-0.0005167186813186,-0.0004481391941391,-0.0007420904761904,-0.0006835755799755,-0.0005739545787545,-0.0005642316239316,-0.0005068715506715
-0.0005828342857142,-0.0005764627594627,-0.000447073015873,0.0005788113064713,-6.686371184371155e-05,-0.0005106396092796,-0.0004481391941391,-0.0007451317460317,-0.0006835755799755,-0.0005739545787545,-0.0005642316239316,-0.0005068715506715
-0.0005797986568986,-0.0005734288156288,-0.000447073015873,0.000575781001221,-6.686371184371155e-05,-0.0005106396092796,-0.0004481391941391,-0.0007451317460317,-0.0006866002197802,-0.0005799965811965,-0.0005702663003663,-0.0005129062271062
-0.0005797986568986,-0.0005673609279609,-0.0004379492063492,0.0005727506959706,-6.990322344322315e-05,-0.000501521001221,-0.0004450905982905,-0.0007390492063492,-0.0006805509401709,-0.0005739545787545,-0.0005672489621489,-0.0005068715506715
-0.0005828342857142,-0.0005703948717948,-0.0004409904761904,0.000575781001221,-6.990322344322315e-05,-0.0005045605372405,-0.0004481391941391,-0.0007329666666666,-0.0006805509401709,-0.0005709335775335,-0.0005612142857142,-0.0005068715506715
-0.0005797986568986,-0.0005643269841269,-0.0004409904761904,0.0005697203907203,-6.990322344322315e-05,-0.000501521001221,-0.0004511877899877,-0.0007329666666666,-0.0006775263003663,-0.0005709335775335,-0.0005612142857142,-0.0005068715506715
-0.0005858699145299,-0.0005643269841269,-0.0004349079365079,0.0005727506959706,-7.598224664224636e-05,-0.0004984814652014,-0.0004542363858363,-0.0007329666666666,-0.0006745016605616,-0.0005679125763125,-0.0005581969474969,-0.0005098888888888
-0.0005889055433455,-0.000558259096459,-0.0004227428571428,0.0005727506959706,-8.206126984126955e-05,-0.0004893628571428,-0.0004511877899877,-0.0007299253968253,-0.000671477020757,-0.0005648915750915,-0.0005551796092796,-0.0005038542124542
-0.0005889055433455,-0.0005552251526251,-0.0004227428571428,0.0005697203907203,-8.206126984126955e-05,-0.0004893628571428,-0.0004511877899877,-0.0007299253968253,-0.000671477020757,-0.0005648915750915,-0.0005551796092796,-0.0005008368742368
-0.0005797986568986,-0.0005521912087912,-0.0004288253968253,0.0005636597802197,-7.598224664224636e-05,-0.0004893628571428,-0.0004511877899877,-0.0007299253968253,-0.000671477020757,-0.0005588495726495,-0.0005521622710622,-0.0004978195360195
-0.0005706917704517,-0.0005430893772893,-0.0004288253968253,0.0005545688644688,-6.990322344322315e-05,-0.0004863233211233,-0.0004572849816849,-0.0007268841269841,-0.0006654277411477,-0.0005558285714285,-0.0005461275946275,-0.0004917848595848
-0.0005737273992673,-0.0005400554334554,-0.0004227428571428,0.0005545688644688,-7.598224664224636e-05,-0.0004802442490842,-0.0004603335775335,-0.0007268841269841,-0.0006684523809523,-0.0005528075702075,-0.0005461275946275,-0.0004948021978021
-0.0005737273992673,-0.0005339875457875,-0.0004197015873015,0.0005515385592185,-7.598224664224636e-05,-0.0004772047130647,-0.0004572849816849,-0.0007299253968253,-0.000671477020757,-0.0005528075702075,-0.0005461275946275,-0.0004978195360195
-0.0005737273992673,-0.0005339875457875,-0.000413619047619,0.0005515385592185,-7.902175824175796e-05,-0.0004741651770451,-0.0004603335775335,-0.0007299253968253,-0.0006684523809523,-0.0005497865689865,-0.0005400929181929,-0.0004917848595848
-0.0005706917704517,-0.0005339875457875,-0.0004197015873015,0.0005515385592185,-7.598224664224636e-05,-0.0004772047130647,-0.0004664307692307,-0.0007268841269841,-0.0006654277411477,-0.0005467655677655,-0.0005340582417582,-0.0004887675213675
-0.0005706917704517,-0.0005370214896214,-0.0004227428571428,0.0005515385592185,-7.294273504273476e-05,-0.0004802442490842,-0.0004664307692307,-0.0007268841269841,-0.0006654277411477,-0.0005437445665445,-0.0005310409035409,-0.0004857501831501
-0.0005676561416361,-0.0005309536019536,-0.0004166603174603,0.0005485082539682,-7.598224664224636e-05,-0.0004741651770451,-0.0004633821733821,-0.0007299253968253,-0.0006624031013431,-0.0005407235653235,-0.0005280235653235,-0.0004827328449328
-0.0005676561416361,-0.0005339875457875,-0.0004197015873015,0.0005485082539682,-7.294273504273476e-05,-0.0004772047130647,-0.0004603335775335,-0.0007299253968253,-0.0006624031013431,-0.0005437445665445,-0.0005340582417582,-0.0004857501831501
-0.0005676561416361,-0.0005339875457875,-0.0004197015873015,0.0005485082539682,-7.294273504273476e-05,-0.0004772047130647,-0.0004603335775335,-0.0007329666666666,-0.0006654277411477,-0.0005467655677655,-0.0005370755799755,-0.0004857501831501
-0.000576763028083,-0.0005248857142857,-0.0004044952380952,0.0005485082539682,-8.510078144078116e-05,-0.0004650465689865,-0.0004633821733821,-0.0007360079365079,-0.0006654277411477,-0.0005407235653235,-0.0005280235653235,-0.0004766981684981
-0.000576763028083,-0.0005218517704517,-0.0004014539682539,0.0005485082539682,-8.814029304029276e-05,-0.000462007032967,-0.0004633821733821,-0.0007390492063492,-0.0006654277411477,-0.0005377025641025,-0.0005250062271062,-0.0004736808302808
-0.0005737273992673,-0.0005339875457875,-0.000413619047619,0.0005515385592185,-7.902175824175796e-05,-0.0004741651770451,-0.0004664307692307,-0.0007390492063492,-0.0006654277411477,-0.0005377025641025,-0.0005219888888888,-0.0004736808302808
-0.000576763028083,-0.0005339875457875,-0.000413619047619,0.0005545688644688,-8.206126984126955e-05,-0.0004741651770451,-0.0004633821733821,-0.0007360079365079,-0.0006654277411477,-0.0005316605616605,-0.0005189715506715,-0.0004706634920634
-0.000576763028083,-0.0005339875457875,-0.0004105777777777,0.0005545688644688,-8.206126984126955e-05,-0.0004711256410256,-0.0004664307692307,-0.0007360079365079,-0.0006684523809523,-0.0005316605616605,-0.0005189715506715,-0.0004706634920634
-0.0005646205128205,-0.0005309536019536,-0.0004197015873015,0.0005454779487179,-7.294273504273476e-05,-0.0004741651770451,-0.0004755765567765,-0.0007420904761904,-0.0006775263003663,-0.0005407235653235,-0.0005250062271062,-0.0004766981684981
-0.0005646205128205,-0.0005248857142857,-0.0004166603174603,0.0005424476434676,-7.294273504273476e-05,-0.0004711256410256,-0.0004786251526251,-0.0007451317460317,-0.0006775263003663,-0.0005407235653235,-0.0005219888888888,-0.0004766981684981
-0.0005797986568986,-0.0005309536019536,-0.0004075365079365,0.0005545688644688,-8.510078144078116e-05,-0.0004680861050061,-0.0004694793650793,-0.0007420904761904,-0.000671477020757,-0.0005377025641025,-0.0005219888888888,-0.0004766981684981
-0.0005828342857142,-0.0005400554334554,-0.0004105777777777,0.0005606294749694,-8.510078144078116e-05,-0.0004741651770451,-0.0004633821733821,-0.0007451317460317,-0.0006745016605616,-0.0005377025641025,-0.0005280235653235,-0.0004797155067155
-0.0005706917704517,-0.0005370214896214,-0.0004227428571428,0.0005515385592185,-7.294273504273476e-05,-0.0004802442490842,-0.0004603335775335,-0.000748173015873,-0.0006775263003663,-0.0005377025641025,-0.0005280235653235,-0.0004766981684981
-0.000576763028083,-0.0005370214896214,-0.0004166603174603,0.0005545688644688,-7.902175824175796e-05,-0.0004772047130647,-0.0004603335775335,-0.0007420904761904,-0.000671477020757,-0.0005346815628815,-0.0005189715506715,-0.0004706634920634
-0.000576763028083,-0.0005370214896214,-0.0004166603174603,0.0005545688644688,-7.902175824175796e-05,-0.0004772047130647,-0.0004633821733821,-0.000748173015873,-0.0006745016605616,-0.0005346815628815,-0.0005189715506715,-0.0004706634920634
-0.0005706917704517,-0.0005400554334554,-0.0004257841269841,0.0005545688644688,-7.294273504273476e-05,-0.0004832837851037,-0.0004755765567765,-0.0007572968253968,-0.0006835755799755,-0.0005437445665445,-0.0005280235653235,-0.0004827328449328
-0.0005706917704517,-0.0005400554334554,-0.0004257841269841,0.0005545688644688,-7.294273504273476e-05,-0.0004832837851037,-0.0004786251526251,-0.0007633793650793,-0.0006866002197802,-0.0005467655677655,-0.0005340582417582,-0.0004887675213675
-0.000576763028083,-0.0005339875457875,-0.0004166603174603,0.0005545688644688,-7.902175824175796e-05,-0.0004741651770451,-0.0004786251526251,-0.0007633793650793,-0.0006866002197802,-0.0005467655677655,-0.0005310409035409,-0.0004887675213675
-0.0005797986568986,-0.0005370214896214,-0.0004105777777777,0.0005575991697191,-8.510078144078116e-05,-0.0004741651770451,-0.0004786251526251,-0.000760338095238,-0.0006835755799755,-0.0005467655677655,-0.0005310409035409,-0.0004857501831501
-0.000576763028083,-0.0005370214896214,-0.0004166603174603,0.0005545688644688,-7.902175824175796e-05,-0.0004772047130647,-0.0004755765567765,-0.000760338095238,-0.0006835755799755,-0.0005467655677655,-0.0005340582417582,-0.0004857501831501
-0.0005676561416361,-0.0005400554334554,-0.0004257841269841,0.0005515385592185,-6.990322344322315e-05,-0.0004832837851037,-0.0004786251526251,-0.0007664206349206,-0.0006896248595848,-0.0005497865689865,-0.0005370755799755,-0.0004917848595848
-0.000576763028083,-0.0005430893772893,-0.0004227428571428,0.0005575991697191,-7.598224664224636e-05,-0.0004832837851037,-0.0004755765567765,-0.0007664206349206,-0.0006896248595848,-0.0005497865689865,-0.0005370755799755,-0.0004917848595848
-0.0005828342857142,-0.0005461233211233,-0.0004227428571428,0.0005636597802197,-7.902175824175796e-05,-0.0004832837851037,-0.0004725279609279,-0.0007633793650793,-0.0006835755799755,-0.0005467655677655,-0.0005310409035409,-0.0004857501831501
-0.0005706917704517,-0.0005461233211233,-0.0004349079365079,0.0005575991697191,-6.686371184371155e-05,-0.0004893628571428,-0.0004694793650793,-0.000760338095238,-0.0006835755799755,-0.0005467655677655,-0.0005310409035409,-0.0004857501831501
-0.0005706917704517,-0.0005461233211233,-0.0004318666666666,0.0005575991697191,-6.990322344322315e-05,-0.0004893628571428,-0.0004755765567765,-0.0007633793650793,-0.0006896248595848,-0.0005497865689865,-0.0005310409035409,-0.0004857501831501
-0.0005797986568986,-0.0005491572649572,-0.0004227428571428,0.0005636597802197,-7.902175824175796e-05,-0.0004863233211233,-0.0004755765567765,-0.0007664206349206,-0.0006896248595848,-0.0005528075702075,-0.0005340582417582,-0.0004887675213675
-0.0005889055433455,-0.0005552251526251,-0.0004197015873015,0.0005697203907203,-8.510078144078116e-05,-0.0004863233211233,-0.0004694793650793,-0.0007664206349206,-0.0006896248595848,-0.0005497865689865,-0.0005370755799755,-0.0004857501831501
-0.0005889055433455,-0.0005552251526251,-0.0004197015873015,0.0005697203907203,-8.510078144078116e-05,-0.0004863233211233,-0.0004603335775335,-0.0007633793650793,-0.0006866002197802,-0.0005467655677655,-0.0005310409035409,-0.0004827328449328
-0.0005828342857142,-0.000558259096459,-0.0004257841269841,0.0005697203907203,-7.902175824175796e-05,-0.0004924023931623,-0.0004633821733821,-0.0007633793650793,-0.0006835755799755,-0.0005437445665445,-0.0005310409035409,-0.0004827328449328
-0.0005737273992673,-0.0005552251526251,-0.0004349079365079,0.0005636597802197,-6.990322344322315e-05,-0.0004954419291819,-0.0004694793650793,-0.0007694619047619,-0.0006896248595848,-0.0005497865689865,-0.0005340582417582,-0.0004827328449328
-0.0005706917704517,-0.0005552251526251,-0.0004409904761904,0.0005606294749694,-6.382420024419996e-05,-0.0004984814652014,-0.0004755765567765,-0.0007725031746031,-0.0006956741391941,-0.0005588495726495,-0.0005400929181929,-0.0004887675213675
-0.0005706917704517,-0.0005552251526251,-0.0004440317460317,0.0005606294749694,-6.382420024419996e-05,-0.0004984814652014,-0.0004725279609279,-0.0007725031746031,-0.0006986987789987,-0.0005618705738705,-0.0005431102564102,-0.0004948021978021
-0.0005737273992673,-0.0005491572649572,-0.0004288253968253,0.0005606294749694,-7.294273504273476e-05,-0.0004893628571428,-0.0004694793650793,-0.0007694619047619,-0.0006926494993894,-0.0005528075702075,-0.0005340582417582,-0.0004857501831501
-0.0005828342857142,-0.0005430893772893,-0.0004197015873015,0.0005606294749694,-8.206126984126955e-05,-0.0004802442490842,-0.0004694793650793,-0.0007664206349206,-0.0006866002197802,-0.0005467655677655,-0.0005250062271062,-0.0004766981684981
-0.0005858699145299,-0.0005461233211233,-0.0004166603174603,0.0005636597802197,-8.510078144078116e-05,-0.0004802442490842,-0.0004694793650793,-0.0007633793650793,-0.0006866002197802,-0.0005437445665445,-0.0005250062271062,-0.0004766981684981
-0.000576763028083,-0.0005430893772893,-0.0004227428571428,0.0005575991697191,-7.598224664224636e-05,-0.0004832837851037,-0.0004694793650793,-0.0007664206349206,-0.0006896248595848,-0.0005467655677655,-0.0005280235653235,-0.0004827328449328
-0.0005706917704517,-0.0005491572649572,-0.0004288253968253,0.0005575991697191,-6.990322344322315e-05,-0.0004893628571428,-0.0004664307692307,-0.0007694619047619,-0.0006926494993894,-0.0005497865689865,-0.0005340582417582,-0.0004857501831501
-0.0005828342857142,-0.0005521912087912,-0.0004197015873015,0.00056669008547,-8.206126984126955e-05,-0.0004863233211233,-0.0004603335775335,-0.0007664206349206,-0.0006896248595848,-0.0005467655677655,-0.0005310409035409,-0.0004827328449328
-0.0005858699145299,-0.0005461233211233,-0.0004166603174603,0.0005636597802197,-8.510078144078116e-05,-0.0004802442490842,-0.0004603335775335,-0.0007664206349206,-0.0006866002197802,-0.0005467655677655,-0.0005310409035409,-0.0004797155067155
-0.0005706917704517,-0.0005461233211233,-0.0004288253968253,0.0005575991697191,-6.990322344322315e-05,-0.0004863233211233,-0.0004664307692307,-0.0007725031746031,-0.0006956741391941,-0.0005528075702075,-0.0005400929181929,-0.0004887675213675
-0.0005737273992673,-0.0005461233211233,-0.0004257841269841,0.0005575991697191,-7.294273504273476e-05,-0.0004863233211233,-0.0004664307692307,-0.0007755444444444,-0.0006956741391941,-0.0005528075702075,-0.0005431102564102,-0.0004948021978021
-0.0005797986568986,-0.0005491572649572,-0.0004257841269841,0.0005636597802197,-7.598224664224636e-05,-0.0004863233211233,-0.0004633821733821,-0.0007755444444444,-0.0006956741391941,-0.0005558285714285,-0.0005431102564102,-0.0004948021978021
-0.0005676561416361,-0.0005491572649572,-0.0004349079365079,0.0005575991697191,-6.686371184371155e-05,-0.0004924023931623,-0.0004633821733821,-0.0007785857142857,-0.0006986987789987,-0.0005558285714285,-0.0005431102564102,-0.0004917848595848
-0.0005646205128205,-0.0005430893772893,-0.0004318666666666,0.0005515385592185,-6.686371184371155e-05,-0.0004863233211233,-0.0004633821733821,-0.0007755444444444,-0.0006956741391941,-0.0005467655677655,-0.0005310409035409,-0.0004827328449328
-0.0005615848840048,-0.0005400554334554,-0.0004318666666666,0.0005485082539682,-6.382420024419996e-05,-0.0004863233211233,-0.0004694793650793,-0.0007725031746031,-0.0006926494993894,-0.0005467655677655,-0.0005310409035409,-0.0004797155067155
-0.0005737273992673,-0.0005400554334554,-0.0004257841269841,0.0005545688644688,-7.294273504273476e-05,-0.0004832837851037,-0.0004664307692307,-0.0007694619047619,-0.0006926494993894,-0.0005497865689865,-0.0005310409035409,-0.0004827328449328
-0.000576763028083,-0.0005400554334554,-0.0004197015873015,0.0005575991697191,-7.902175824175796e-05,-0.0004802442490842,-0.0004664307692307,-0.0007725031746031,-0.0006956741391941,-0.0005528075702075,-0.0005370755799755,-0.0004827328449328
-0.0005737273992673,-0.0005339875457875,-0.0004166603174603,0.0005515385592185,-7.902175824175796e-05,-0.0004741651770451,-0.0004664307692307,-0.0007755444444444,-0.0006926494993894,-0.0005497865689865,-0.0005370755799755,-0.0004827328449328
-0.0005706917704517,-0.0005400554334554,-0.0004227428571428,0.0005545688644688,-7.294273504273476e-05,-0.0004802442490842,-0.0004664307692307,-0.0007755444444444,-0.0006926494993894,-0.0005467655677655,-0.0005340582417582,-0.0004827328449328
-0.0005646205128205,-0.0005430893772893,-0.0004318666666666,0.0005515385592185,-6.686371184371155e-05,-0.0004863233211233,-0.0004694793650793,-0.0007725031746031,-0.0006896248595848,-0.0005437445665445,-0.0005310409035409,-0.0004827328449328
-0.0005615848840048,-0.0005400554334554,-0.0004318666666666,0.0005485082539682,-6.382420024419996e-05,-0.0004863233211233,-0.0004755765567765,-0.0007725031746031,-0.0006926494993894,-0.0005437445665445,-0.0005310409035409,-0.0004827328449328
-0.0005706917704517,-0.0005339875457875,-0.0004227428571428,0.0005515385592185,-7.294273504273476e-05,-0.0004772047130647,-0.0004755765567765,-0.0007755444444444,-0.0006926494993894,-0.0005437445665445,-0.0005310409035409,-0.0004827328449328
-0.0005737273992673,-0.0005309536019536,-0.0004105777777777,0.0005515385592185,-8.206126984126955e-05,-0.0004711256410256,-0.0004755765567765,-0.0007755444444444,-0.0006926494993894,-0.0005437445665445,-0.0005310409035409,-0.0004827328449328
-0.0005737273992673,-0.0005309536019536,-0.000413619047619,0.0005515385592185,-7.902175824175796e-05,-0.0004711256410256,-0.0004786251526251,-0.0007785857142857,-0.0006956741391941,-0.0005497865689865,-0.0005340582417582,-0.0004827328449328
-0.0005737273992673,-0.0005339875457875,-0.0004197015873015,0.0005515385592185,-7.598224664224636e-05,-0.0004772047130647,-0.0004725279609279,-0.0007755444444444,-0.0006926494993894,-0.0005497865689865,-0.0005340582417582,-0.0004857501831501
-0.0005706917704517,-0.0005461233211233,-0.0004288253968253,0.0005575991697191,-6.990322344322315e-05,-0.0004863233211233,-0.0004694793650793,-0.0007725031746031,-0.0006896248595848,-0.0005497865689865,-0.0005310409035409,-0.0004827328449328
-0.0005737273992673,-0.0005461233211233,-0.0004257841269841,0.0005575991697191,-7.294273504273476e-05,-0.0004863233211233,-0.0004633821733821,-0.0007725031746031,-0.0006896248595848,-0.0005467655677655,-0.0005310409035409,-0.0004797155067155
-0.0005676561416361,-0.0005400554334554,-0.0004257841269841,0.0005515385592185,-6.990322344322315e-05,-0.0004832837851037,-0.0004633821733821,-0.0007725031746031,-0.0006896248595848,-0.0005437445665445,-0.0005280235653235,-0.0004736808302808
-0.0005646205128205,-0.0005370214896214,-0.0004288253968253,0.0005485082539682,-6.686371184371155e-05,-0.0004832837851037,-0.0004664307692307,-0.0007725031746031,-0.0006896248595848,-0.0005437445665445,-0.0005250062271062,-0.0004736808302808
-0.0005615848840048,-0.0005370214896214,-0.0004318666666666,0.0005485082539682,-6.382420024419996e-05,-0.0004832837851037,-0.0004694793650793,-0.0007694619047619,-0.0006896248595848,-0.0005467655677655,-0.0005280235653235,-0.0004766981684981
-0.0005676561416361,-0.0005400554334554,-0.0004257841269841,0.0005515385592185,-6.990322344322315e-05,-0.0004832837851037,-0.0004725279609279,-0.0007725031746031,-0.0006926494993894,-0.0005467655677655,-0.0005340582417582,-0.0004827328449328
-0.0005737273992673,-0.0005370214896214,-0.000413619047619,0.0005545688644688,-7.902175824175796e-05,-0.0004741651770451,-0.0004694793650793,-0.0007755444444444,-0.0006926494993894,-0.0005497865689865,-0.0005340582417582,-0.0004857501831501
-0.0005737273992673,-0.0005279196581196,-0.0004075365079365,0.0005485082539682,-8.206126984126955e-05,-0.0004680861050061,-0.0004633821733821,-0.0007694619047619,-0.0006866002197802,-0.0005467655677655,-0.0005310409035409,-0.0004827328449328
-0.0005676561416361,-0.0005218517704517,-0.0004075365079365,0.0005424476434676,-7.902175824175796e-05,-0.0004650465689865,-0.0004603335775335,-0.0007633793650793,-0.0006775263003663,-0.0005407235653235,-0.0005280235653235,-0.0004766981684981
-0.0005676561416361,-0.0005218517704517,-0.0004075365079365,0.0005424476434676,-7.902175824175796e-05,-0.0004650465689865,-0.0004572849816849,-0.000760338095238,-0.0006745016605616,-0.0005346815628815,-0.0005219888888888,-0.0004706634920634
-0.0005646205128205,-0.0005188178266178,-0.0004105777777777,0.0005394173382173,-7.598224664224636e-05,-0.0004650465689865,-0.0004572849816849,-0.0007572968253968,-0.0006684523809523,-0.0005346815628815,-0.0005219888888888,-0.0004706634920634
-0.0005464067399267,-0.000506682051282,-0.0004166603174603,0.0005242658119658,-6.382420024419996e-05,-0.000462007032967,-0.0004542363858363,-0.000748173015873,-0.0006593784615384,-0.0005286395604395,-0.0005189715506715,-0.0004676461538461
-0.0005372998534798,-0.0004763426129426,-0.0003953714285714,0.0005060839804639,-6.990322344322315e-05,-0.0004346512087912,-0.000442042002442,-0.0007360079365079,-0.0006442552625152,-0.0005074925518925,-0.0005008675213675,-0.0004555768009768
-0.0005372998534798,-0.000455105006105,-0.0003740825396825,0.0004939627594627,-8.206126984126955e-05,-0.0004133744566544,-0.0004359448107448,-0.0007268841269841,-0.0006321567032967,-0.0004984295482295,-0.0004887981684981,-0.0004435074481074
-0.0005342642246642,-0.0004399352869352,-0.0003619174603174,0.0004848718437118,-8.510078144078116e-05,-0.0004012163125763,-0.0004359448107448,-0.0007208015873015,-0.0006321567032967,-0.0004954085470085,-0.0004857808302808,-0.0004435074481074
-0.000519086080586,-0.0004277995115995,-0.0003619174603174,0.0004727506227106,-7.902175824175796e-05,-0.0003951372405372,-0.0004481391941391,-0.0007177603174603,-0.0006321567032967,-0.0004984295482295,-0.0004918155067155,-0.0004495421245421
-0.0005160504517704,-0.0004217316239316,-0.0003619174603174,0.00046669001221,-7.598224664224636e-05,-0.0003920977045177,-0.0004542363858363,-0.0007116777777777,-0.0006200581440781,-0.0004954085470085,-0.0004887981684981,-0.0004495421245421
-0.0005099791941391,-0.0004369013431013,-0.0003832063492063,0.0004727506227106,-6.382420024419996e-05,-0.0004103349206349,-0.0004694793650793,-0.0007177603174603,-0.0006200581440781,-0.0004923875457875,-0.0004887981684981,-0.0004435074481074
-0.0005099791941391,-0.0004642068376068,-0.0004075365079365,0.0004848718437118,-5.166615384615356e-05,-0.0004346512087912,-0.0004999653235653,-0.0007360079365079,-0.0006382059829059,-0.0005014505494505,-0.0004948328449328,-0.0004435074481074
-0.0005251573382173,-0.0004733086691086,-0.0004014539682539,0.000496993064713,-6.078468864468836e-05,-0.0004376907448107,-0.0005030139194139,-0.0007451317460317,-0.0006412306227106,-0.0005044715506715,-0.0004918155067155,-0.0004404901098901
-0.0005372998534798,-0.0004824105006105,-0.0003984126984126,0.0005091142857142,-6.990322344322315e-05,-0.0004407302808302,-0.0004969167277167,-0.0007512142857142,-0.0006472799023199,-0.0005074925518925,-0.0004918155067155,-0.0004404901098901
-0.0005403354822954,-0.0005036481074481,-0.0004227428571428,0.0005212355067155,-5.774517704517676e-05,-0.000462007032967,-0.0004938681318681,-0.0007664206349206,-0.000671477020757,-0.0005256185592185,-0.0005069021978021,-0.0004555768009768
-0.0005251573382173,-0.0005097159951159,-0.0004409904761904,0.0005151748962148,-4.254761904761877e-05,-0.0004741651770451,-0.0004908195360195,-0.0007694619047619,-0.0006805509401709,-0.0005346815628815,-0.0005159542124542,-0.0004646288156288
-0.0005160504517704,-0.0005006141636141,-0.0004379492063492,0.0005060839804639,-3.950810744810717e-05,-0.0004680861050061,-0.0004938681318681,-0.0007694619047619,-0.0006775263003663,-0.0005286395604395,-0.0005099195360195,-0.0004585941391941
-0.0005221217094017,-0.000506682051282,-0.0004379492063492,0.0005121445909645,-4.254761904761877e-05,-0.0004711256410256,-0.0004999653235653,-0.0007725031746031,-0.0006835755799755,-0.0005316605616605,-0.0005129368742368,-0.0004616114774114
-0.0005342642246642,-0.0005279196581196,-0.0004501142857142,0.0005303264224664,-4.254761904761877e-05,-0.0004893628571428,-0.0004969167277167,-0.0007785857142857,-0.0006986987789987,-0.0005467655677655,-0.0005280235653235,-0.0004766981684981
-0.0005433711111111,-0.0005339875457875,-0.000447073015873,0.000536387032967,-4.862664224664196e-05,-0.0004893628571428,-0.0004969167277167,-0.0007907507936507,-0.0007107973382173,-0.0005588495726495,-0.0005400929181929,-0.0004857501831501
-0.0005494423687423,-0.0005279196581196,-0.0004349079365079,0.000536387032967,-5.774517704517676e-05,-0.0004802442490842,-0.0004969167277167,-0.0007907507936507,-0.0007107973382173,-0.0005618705738705,-0.0005400929181929,-0.0004827328449328
-0.0005433711111111,-0.0005279196581196,-0.0004379492063492,0.0005333567277167,-5.166615384615356e-05,-0.0004832837851037,-0.0004969167277167,-0.0007907507936507,-0.0007107973382173,-0.0005618705738705,-0.0005400929181929,-0.0004827328449328
-0.0005585492551892,-0.0005400554334554,-0.0004379492063492,0.0005485082539682,-6.078468864468836e-05,-0.0004893628571428,-0.0004877709401709,-0.0007846682539682,-0.000704748058608,-0.0005588495726495,-0.0005400929181929,-0.0004827328449328
-0.0005797986568986,-0.000558259096459,-0.0004349079365079,0.00056669008547,-7.294273504273476e-05,-0.0004954419291819,-0.0004816737484737,-0.0007877095238095,-0.000704748058608,-0.0005588495726495,-0.0005431102564102,-0.0004857501831501
-0.0005828342857142,-0.0005703948717948,-0.0004440317460317,0.000575781001221,-6.990322344322315e-05,-0.00050760007326,-0.0004755765567765,-0.0007907507936507,-0.0007107973382173,-0.0005648915750915,-0.0005461275946275,-0.0004887675213675
-0.0005858699145299,-0.0005734288156288,-0.000447073015873,0.0005788113064713,-6.990322344322315e-05,-0.0005106396092796,-0.0004755765567765,-0.000793792063492,-0.0007168466178266,-0.0005679125763125,-0.0005491449328449,-0.0004887675213675
-0.0005797986568986,-0.0005703948717948,-0.0004440317460317,0.0005727506959706,-6.686371184371155e-05,-0.00050760007326,-0.0004847223443223,-0.0007968333333333,-0.0007168466178266,-0.0005679125763125,-0.0005461275946275,-0.0004887675213675
-0.0005737273992673,-0.000561293040293,-0.0004440317460317,0.00056669008547,-6.382420024419996e-05,-0.000501521001221,-0.0004908195360195,-0.0007968333333333,-0.0007198712576312,-0.0005679125763125,-0.0005431102564102,-0.0004857501831501
-0.000576763028083,-0.000561293040293,-0.0004379492063492,0.00056669008547,-6.990322344322315e-05,-0.0004984814652014,-0.0004908195360195,-0.0007968333333333,-0.0007198712576312,-0.0005679125763125,-0.0005461275946275,-0.0004857501831501
-0.0005828342857142,-0.000558259096459,-0.0004318666666666,0.0005697203907203,-7.598224664224636e-05,-0.0004954419291819,-0.0004908195360195,-0.0007998746031746,-0.0007228958974358,-0.0005679125763125,-0.0005461275946275,-0.0004887675213675
-0.0005797986568986,-0.0005552251526251,-0.0004288253968253,0.00056669008547,-7.598224664224636e-05,-0.0004924023931623,-0.0004938681318681,-0.0008029158730158,-0.0007198712576312,-0.0005679125763125,-0.0005491449328449,-0.0004917848595848
-0.000576763028083,-0.0005491572649572,-0.0004257841269841,0.0005606294749694,-7.598224664224636e-05,-0.0004863233211233,-0.0004969167277167,-0.0008029158730158,-0.0007168466178266,-0.0005648915750915,-0.0005461275946275,-0.0004917848595848
-0.0005737273992673,-0.0005491572649572,-0.0004288253968253,0.0005606294749694,-7.294273504273476e-05,-0.0004893628571428,-0.0004969167277167,-0.0007998746031746,-0.0007138219780219,-0.0005588495726495,-0.0005400929181929,-0.0004887675213675
-0.0005858699145299,-0.0005461233211233,-0.0004166603174603,0.0005636597802197,-8.510078144078116e-05,-0.0004802442490842,-0.0004908195360195,-0.000793792063492,-0.000704748058608,-0.0005528075702075,-0.0005340582417582,-0.0004827328449328
-0.0005980124297924,-0.0005430893772893,-0.0004014539682539,0.0005697203907203,-9.725882783882755e-05,-0.0004711256410256,-0.0004847223443223,-0.0007907507936507,-0.0006986987789987,-0.0005467655677655,-0.0005310409035409,-0.0004736808302808
-0.0005889055433455,-0.0005400554334554,-0.0004014539682539,0.0005636597802197,-9.421931623931596e-05,-0.0004711256410256,-0.0004908195360195,-0.0007968333333333,-0.0007017234188034,-0.0005437445665445,-0.0005280235653235,-0.0004736808302808
-0.0005706917704517,-0.0005370214896214,-0.0004197015873015,0.0005515385592185,-7.598224664224636e-05,-0.0004772047130647,-0.0004999653235653,-0.0007907507936507,-0.0006926494993894,-0.0005437445665445,-0.0005310409035409,-0.0004797155067155
-0.0005615848840048,-0.0005370214896214,-0.0004257841269841,0.0005485082539682,-6.686371184371155e-05,-0.0004802442490842,-0.0004938681318681,-0.0007512142857142,-0.0006503045421245,-0.0005316605616605,-0.0005431102564102,-0.0005008368742368
-0.000576763028083,-0.0004793765567765,-0.0003588761904761,0.0005272961172161,-0.0001094168742368,-0.0004194535286935,-0.0004847223443223,-0.0007025539682539,-0.0005746885470085,-0.0004954085470085,-0.0005250062271062,-0.0005008368742368
-0.0005646205128205,-0.0003367811965811,-0.0002311428571428,0.0004485081807081,-0.0001671675946275,-0.0002826744078144,-0.0004908195360195,-0.0006143571428571,-0.0004567275946275,-0.0003957155067155,-0.0004495727716727,-0.0004495421245421
-0.0004674803907203,-0.000130473015873,-0.0001277396825396,0.0002969929181929,-0.0001702071062271,-0.000127658070818,-0.0005426456654456,-0.0004774999999999,-0.0002691999267399,-0.0002023714285714,-0.0003047405372405,-0.0003529873015873
-0.0003187345787545,0.0001577516483516,1.5200000000000092e-05,7.881094017094019e-05,-0.0001671675946275,8.51094505494505e-05,-0.000667638095238,-0.0004683761904761,-6.049978021978029e-05,7.858168498168446e-05,-6.0336141636141786e-05,-0.000171947008547
-0.0001639175091575,0.0005460964590964,0.0002463365079365,-0.0001908862271062,-0.0002036417338217,0.0003951421245421,-0.0009054285714285,-0.0007268841269841,0.0001058554090354,0.0004199548229548,0.0002836404151404,0.0001267694749694
-9.100439560439836e-06,0.0009071357753357,0.0004501015873015,-0.0004484621733821,-0.0002279578266178,0.0006778189743589,-0.0012346769230769,-0.0011070428571428,0.0001451757264957,0.0007432019536019,0.0006427036630036,0.0004556593406593
0.0001062534554334,0.0011559191697191,0.0005839174603174,-0.0006302804884004,-0.0002370763614163,0.0008693097435897,-0.0015669738705738,-0.0014719952380952,5.141189255189247e-05,0.000942588034188,0.0009082294261294,0.0007423064713064
0.0001396453724053,0.0011286136752136,0.000523092063492,-0.0006333107936507,-0.0001914836874236,0.0008267562393162,-0.0017498896214896,-0.0016940079365079,-0.0001814853724053,0.0008308109890109,0.0009112467643467,0.0008418786324786
6.446886446610733e-09,0.000570368009768,0.0001094793650793,-0.0002848256898656,-5.470566544566516e-05,0.0003404304761904,-0.0016340429792429,-0.0018004523809523,-0.0006382059829059,0.0002658837606837,0.000494854090354,0.0006065262515262
-0.0002671288888888,1.5156288156288353e-05,-0.0001733587301587,0.0001242655189255,-4.558713064713037e-05,-7.902549450549453e-05,-0.0014053982905982,-0.0019677222222222,-0.0011281976312576,-0.0003292534798534,4.828803418803403e-05,0.0003168617826617
-0.0004826585347985,-0.0002305931623931,-0.0002007301587301,0.0003545687179487,-0.0001398119902319,-0.0002158046153846,-0.0012194339438339,-0.0020437539682539,-0.001376218095238,-0.0006585426129426,-0.0002142203907203,0.0001297868131868
-0.0005797986568986,-0.0004095958485958,-0.0002858857142857,0.0004939627594627,-0.000145891013431,-0.0003465046642246,-0.0010731013431013,-0.0018612777777777,-0.0013610948962148,-0.0007642776556776,-0.0003801739926739,-4.823614163614223e-05
-0.0006101549450549,-0.0005006141636141,-0.0003436698412698,0.0005545688644688,-0.0001337329670329,-0.000422493064713,-0.000969449084249,-0.0016149349206349,-0.0012219614652014,-0.0007401096459096,-0.0004556074481074,-0.0001840163614163
-0.0006131905738705,-0.0005279196581196,-0.0003710412698412,0.0005697203907203,-0.0001215749206349,-0.0004498488888888,-0.0008596996336996,-0.0013868396825396,-0.001082828034188,-0.0006917736263736,-0.0004857808302808,-0.0002745365079365
-0.0005980124297924,-0.0005430893772893,-0.0003984126984126,0.0005697203907203,-0.0001002983394383,-0.0004711256410256,-0.0007255614163614,-0.0011648269841269,-0.0009557931623931,-0.0006464586080586,-0.0005069021978021,-0.0003529873015873
-0.0005797986568986,-0.0005370214896214,-0.0004105777777777,0.0005575991697191,-8.510078144078116e-05,-0.0004741651770451,-0.0005975203907203,-0.0009610619047619,-0.0008378322100122,-0.0005981225885225,-0.0005159542124542,-0.000404282051282
-0.0005676561416361,-0.0004975802197802,-0.0003862476190476,0.0005303264224664,-9.117980463980436e-05,-0.0004407302808302,-0.0005091111111111,-0.0008181222222222,-0.000738019096459,-0.0005437445665445,-0.0004978501831501,-0.000413334065934
-0.0005615848840048,-0.0004672407814407,-0.0003588761904761,0.0005121445909645,-0.0001002983394383,-0.0004133744566544,-0.0004725279609279,-0.0007512142857142,-0.0006805509401709,-0.0005135345543345,-0.0004827634920634,-0.0004163514041514
-0.0005555136263736,-0.0004611728937728,-0.0003588761904761,0.0005060839804639,-9.725882783882755e-05,-0.0004103349206349,-0.0004633821733821,-0.0007268841269841,-0.0006624031013431,-0.0005135345543345,-0.0004887981684981,-0.0004254034188034
-0.0005555136263736,-0.0004733086691086,-0.0003710412698412,0.0005121445909645,-9.117980463980436e-05,-0.000422493064713,-0.0004572849816849,-0.000714719047619,-0.0006624031013431,-0.0005225975579975,-0.0005038848595848,-0.0004435074481074
-0.0005615848840048,-0.0004884783882783,-0.000380165079365,0.0005242658119658,-9.117980463980436e-05,-0.0004346512087912,-0.0004511877899877,-0.0007025539682539,-0.0006593784615384,-0.0005286395604395,-0.0005129368742368,-0.0004585941391941
-0.0005615848840048,-0.0004975802197802,-0.0003892888888888,0.0005272961172161,-8.510078144078116e-05,-0.0004437698168498,-0.0004389934065934,-0.0006843063492063,-0.0006442552625152,-0.0005256185592185,-0.0005159542124542,-0.0004646288156288
-0.000576763028083,-0.0005006141636141,-0.0003832063492063,0.000536387032967,-9.725882783882755e-05,-0.0004407302808302,-0.000426799023199,-0.0006660587301587,-0.000629132063492,-0.0005135345543345,-0.0005099195360195,-0.0004585941391941
-0.0005797986568986,-0.0005006141636141,-0.000380165079365,0.0005394173382173,-0.0001002983394383,-0.0004407302808302,-0.0004237504273504,-0.0006569349206349,-0.0006230827838827,-0.0005135345543345,-0.0005099195360195,-0.0004555768009768
-0.0005646205128205,-0.0004975802197802,-0.0003892888888888,0.0005303264224664,-8.814029304029276e-05,-0.0004437698168498,-0.000426799023199,-0.0006538936507936,-0.0006261074236874,-0.0005195765567765,-0.0005159542124542,-0.0004616114774114
-0.0005585492551892,-0.0004945462759462,-0.0003892888888888,0.0005242658119658,-8.510078144078116e-05,-0.0004407302808302,-0.000426799023199,-0.0006538936507936,-0.0006230827838827,-0.0005195765567765,-0.0005159542124542,-0.0004676461538461
-0.0005615848840048,-0.0004975802197802,-0.0003923301587301,0.0005272961172161,-8.510078144078116e-05,-0.0004437698168498,-0.0004237504273504,-0.0006478111111111,-0.0006170335042735,-0.0005165555555555,-0.0005159542124542,-0.0004706634920634
-0.0005585492551892,-0.0005036481074481,-0.0004014539682539,0.0005303264224664,-7.902175824175796e-05,-0.0004528884249084,-0.0004237504273504,-0.0006386873015873,-0.0006140088644688,-0.0005135345543345,-0.0005189715506715,-0.0004706634920634
-0.0005646205128205,-0.0005036481074481,-0.0003923301587301,0.0005333567277167,-8.510078144078116e-05,-0.0004468093528693,-0.0004237504273504,-0.0006295634920634,-0.0006079595848595,-0.0005074925518925,-0.0005129368742368,-0.0004646288156288
-0.0005706917704517,-0.0004975802197802,-0.000380165079365,0.0005333567277167,-9.421931623931596e-05,-0.0004376907448107,-0.0004207018315018,-0.0006204396825396,-0.0006049349450549,-0.0005014505494505,-0.0005069021978021,-0.0004616114774114
-0.0005585492551892,-0.0004975802197802,-0.0003923301587301,0.0005272961172161,-8.206126984126955e-05,-0.0004437698168498,-0.0004237504273504,-0.0006204396825396,-0.0006079595848595,-0.0005074925518925,-0.0005129368742368,-0.0004676461538461
-0.0005555136263736,-0.0005006141636141,-0.0004014539682539,0.0005272961172161,-7.598224664224636e-05,-0.0004498488888888,-0.000426799023199,-0.0006234809523809,-0.0006109842246642,-0.0005105135531135,-0.0005159542124542,-0.0004736808302808
-0.0005555136263736,-0.0005006141636141,-0.0004014539682539,0.0005272961172161,-7.598224664224636e-05,-0.0004498488888888,-0.0004207018315018,-0.0006173984126984,-0.0006049349450549,-0.0005074925518925,-0.0005159542124542,-0.0004676461538461
-0.0005585492551892,-0.0004975802197802,-0.0003984126984126,0.0005272961172161,-7.902175824175796e-05,-0.0004468093528693,-0.0004207018315018,-0.0006082746031746,-0.0005988856654456,-0.0005044715506715,-0.0005099195360195,-0.0004616114774114
-0.0005585492551892,-0.0004945462759462,-0.0003923301587301,0.0005242658119658,-8.206126984126955e-05,-0.0004437698168498,-0.0004207018315018,-0.000602192063492,-0.0005928363858363,-0.0005014505494505,-0.0005099195360195,-0.0004616114774114
-0.0005555136263736,-0.0004945462759462,-0.0003923301587301,0.0005242658119658,-8.206126984126955e-05,-0.0004437698168498,-0.0004207018315018,-0.0005961095238095,-0.0005898117460317,-0.0005044715506715,-0.0005099195360195,-0.0004616114774114
-0.0005646205128205,-0.0004915123321123,-0.0003862476190476,0.0005272961172161,-8.814029304029276e-05,-0.0004376907448107,-0.0004146046398046,-0.0005900269841269,-0.0005898117460317,-0.0005014505494505,-0.0005099195360195,-0.0004646288156288
-0.0005676561416361,-0.0004854444444444,-0.0003771238095238,0.0005242658119658,-9.421931623931596e-05,-0.0004316116727716,-0.0004146046398046,-0.0005869857142857,-0.0005867871062271,-0.0005014505494505,-0.0005069021978021,-0.0004616114774114
-0.0005494423687423,-0.0004793765567765,-0.0003832063492063,0.0005121445909645,-8.206126984126955e-05,-0.0004316116727716,-0.0004176532356532,-0.0005839444444444,-0.0005898117460317,-0.0005074925518925,-0.0005099195360195,-0.0004676461538461
-0.0005403354822954,-0.0004793765567765,-0.0003953714285714,0.0005091142857142,-7.294273504273476e-05,-0.0004376907448107,-0.0004176532356532,-0.0005748206349206,-0.0005837624664224,-0.0005044715506715,-0.0005159542124542,-0.0004706634920634
-0.0005403354822954,-0.0004854444444444,-0.0004014539682539,0.0005121445909645,-6.990322344322315e-05,-0.0004437698168498,-0.0004146046398046,-0.0005656968253968,-0.0005807378266178,-0.0005014505494505,-0.0005159542124542,-0.0004736808302808
-0.0005494423687423,-0.0004884783882783,-0.0003984126984126,0.0005182052014652,-7.598224664224636e-05,-0.0004437698168498,-0.0004085074481074,-0.000556573015873,-0.0005746885470085,-0.0004954085470085,-0.0005099195360195,-0.0004676461538461
-0.0005464067399267,-0.0004884783882783,-0.0003984126984126,0.0005151748962148,-7.294273504273476e-05,-0.0004437698168498,-0.0004024102564102,-0.0005504904761904,-0.0005686392673992,-0.0004954085470085,-0.0005069021978021,-0.0004616114774114
-0.0005403354822954,-0.0004945462759462,-0.0004075365079365,0.0005151748962148,-6.686371184371155e-05,-0.0004498488888888,-0.0004054588522588,-0.0005444079365079,-0.0005716639072039,-0.0004984295482295,-0.0005099195360195,-0.0004646288156288
-0.0005372998534798,-0.0004945462759462,-0.0004105777777777,0.0005151748962148,-6.382420024419996e-05,-0.0004528884249084,-0.0004085074481074,-0.0005383253968253,-0.0005686392673992,-0.0004954085470085,-0.0005099195360195,-0.0004676461538461
-0.0005403354822954,-0.0004854444444444,-0.0004014539682539,0.0005121445909645,-6.990322344322315e-05,-0.0004437698168498,-0.0004024102564102,-0.0005292015873015,-0.0005595653479853,-0.0004923875457875,-0.0005069021978021,-0.0004616114774114
-0.0005524779975579,-0.0004915123321123,-0.0003953714285714,0.0005212355067155,-7.902175824175796e-05,-0.0004437698168498,-0.0003932644688644,-0.0005139952380952,-0.000553516068376,-0.0004893665445665,-0.0005069021978021,-0.0004646288156288
-0.0005585492551892,-0.0004915123321123,-0.0003892888888888,0.0005242658119658,-8.510078144078116e-05,-0.0004407302808302,-0.0003902158730158,-0.0005018301587301,-0.0005474667887667,-0.0004863455433455,-0.0005038848595848,-0.0004646288156288
-0.0005464067399267,-0.0004793765567765,-0.0003892888888888,0.0005121445909645,-7.902175824175796e-05,-0.0004346512087912,-0.000396313064713,-0.0004957476190476,-0.0005414175091575,-0.0004833245421245,-0.0005008675213675,-0.0004646288156288
-0.0005281929670329,-0.0004733086691086,-0.0004014539682539,0.0005000233699633,-6.382420024419996e-05,-0.0004376907448107,-0.0003993616605616,-0.0004866238095238,-0.0005444421489621,-0.0004833245421245,-0.0005038848595848,-0.0004676461538461
-0.0005342642246642,-0.0004793765567765,-0.0004014539682539,0.0005060839804639,-6.686371184371155e-05,-0.0004407302808302,-0.0003932644688644,-0.0004714174603174,-0.0005383928693528,-0.0004833245421245,-0.0005038848595848,-0.0004676461538461
-0.0005403354822954,-0.0004824105006105,-0.0004014539682539,0.0005091142857142,-6.990322344322315e-05,-0.0004407302808302,-0.0003871672771672,-0.0004562111111111,-0.0005323435897435,-0.0004803035409035,-0.0005008675213675,-0.0004646288156288
-0.0005281929670329,-0.0004763426129426,-0.0004044952380952,0.0005000233699633,-6.078468864468836e-05,-0.0004407302808302,-0.0003841186813186,-0.0004410047619047,-0.0005262943101343,-0.0004772825396825,-0.0005008675213675,-0.0004616114774114
-0.0005251573382173,-0.0004672407814407,-0.0003984126984126,0.0004939627594627,-6.382420024419996e-05,-0.0004316116727716,-0.00038107008547,-0.0004227571428571,-0.0005232696703296,-0.0004742615384615,-0.0004978501831501,-0.0004585941391941
-0.0005221217094017,-0.0004611728937728,-0.0003953714285714,0.0004909324542124,-6.382420024419996e-05,-0.0004285721367521,-0.00038107008547,-0.0004075507936507,-0.0005172203907203,-0.0004742615384615,-0.0004948328449328,-0.0004585941391941
-0.000519086080586,-0.0004611728937728,-0.0003923301587301,0.0004879021489621,-6.382420024419996e-05,-0.0004255326007326,-0.0003749728937728,-0.0003923444444444,-0.0005051218315018,-0.0004682195360195,-0.0004948328449328,-0.0004585941391941
-0.0005281929670329,-0.0004611728937728,-0.0003862476190476,0.0004939627594627,-6.990322344322315e-05,-0.000422493064713,-0.0003658271062271,-0.0003740968253968,-0.0004899986324786,-0.0004561355311355,-0.0004887981684981,-0.0004525594627594
-0.0005342642246642,-0.000455105006105,-0.0003771238095238,0.0004939627594627,-7.902175824175796e-05,-0.0004164139926739,-0.0003566813186813,-0.0003497666666666,-0.00047790007326,-0.0004470725274725,-0.0004827634920634,-0.0004465247863247
-0.000519086080586,-0.0004429692307692,-0.000380165079365,0.0004788112332112,-6.990322344322315e-05,-0.0004103349206349,-0.0003597299145299,-0.000331519047619,-0.0004718507936507,-0.0004440515262515,-0.0004767288156288,-0.0004435074481074
-0.0005069435653235,-0.0004338673992673,-0.000380165079365,0.0004697203174603,-6.382420024419996e-05,-0.0004072953846153,-0.0003597299145299,-0.0003102301587301,-0.0004627768742368,-0.0004410305250305,-0.0004767288156288,-0.0004404901098901
-0.0005069435653235,-0.0004277995115995,-0.0003771238095238,0.00046669001221,-6.382420024419996e-05,-0.0004012163125763,-0.0003597299145299,-0.0002889412698412,-0.0004567275946275,-0.0004410305250305,-0.0004767288156288,-0.0004404901098901
-0.0004978366788766,-0.0004186976800976,-0.0003740825396825,0.000457599096459,-6.078468864468836e-05,-0.0003951372405372,-0.0003566813186813,-0.0002706936507936,-0.0004506783150183,-0.0004440515262515,-0.0004767288156288,-0.0004404901098901
-0.0004856941636141,-0.0004065619047619,-0.0003740825396825,0.0004454778754578,-5.470566544566516e-05,-0.0003890581684981,-0.0003566813186813,-0.0002463634920634,-0.000444629035409,-0.0004380095238095,-0.0004706941391941,-0.0004374727716727
-0.0004826585347985,-0.0003883582417582,-0.0003588761904761,0.0004333566544566,-6.078468864468836e-05,-0.0003738604884004,-0.0003536327228327,-0.0002220333333333,-0.0004295058363858,-0.0004229045177045,-0.0004586247863247,-0.0004254034188034
-0.0004978366788766,-0.0003762224664224,-0.000334546031746,0.0004363869597069,-8.206126984126955e-05,-0.0003556232722832,-0.0003414383394383,-0.0001916206349206,-0.0004113579975579,-0.0004077995115995,-0.0004405207570207,-0.0004072993894993
-0.0004978366788766,-0.0003701545787545,-0.0003284634920634,0.0004333566544566,-8.510078144078116e-05,-0.0003495442002442,-0.0003353411477411,-0.0001612079365079,-0.0003962347985347,-0.0003987365079365,-0.0004314687423687,-0.0003982473748473
-0.0004826585347985,-0.0003519509157509,-0.0003284634920634,0.0004151748229548,-7.598224664224636e-05,-0.0003404255921855,-0.0003414383394383,-0.0001460015873015,-0.0003901855189255,-0.0003957155067155,-0.000425434065934,-0.0003922126984126
-0.0004674803907203,-0.0003307133089133,-0.0003193396825396,0.0003969929914529,-7.294273504273476e-05,-0.0003252279120879,-0.0003444869352869,-0.0001338365079365,-0.0003841362393162,-0.0003896735042735,-0.000416382051282,-0.0003831606837606
-0.0004644447619047,-0.0003094757020757,-0.0002980507936507,0.0003848717704517,-8.206126984126955e-05,-0.0003039511599511,-0.0003475355311355,-0.0001155888888888,-0.0003750623199023,-0.0003775894993894,-0.0004012953601953,-0.0003680739926739
-0.0004553378754578,-0.0002973399267399,-0.0002950095238095,0.0003757808547008,-7.902175824175796e-05,-0.0002948325518925,-0.0003505841269841,-9.734126984126952e-05,-0.0003629637606837,-0.0003655054945054,-0.000389226007326,-0.0003590219780219
-0.0004431953601953,-0.0002852041514041,-0.0002980507936507,0.0003636596336996,-7.294273504273476e-05,-0.000291793015873,-0.0003505841269841,-8.821746031746001e-05,-0.0003569144810744,-0.0003564424908424,-0.0003801739926739,-0.0003469526251526
-0.0004401597313797,-0.0002761023199023,-0.0002889269841269,0.000357599023199,-7.598224664224636e-05,-0.0002826744078144,-0.0003505841269841,-8.213492063492033e-05,-0.0003508652014652,-0.0003473794871794,-0.0003711219780219,-0.0003348832722832
-0.0004431953601953,-0.0002548647130647,-0.000267638095238,0.0003485081074481,-8.814029304029276e-05,-0.0002613976556776,-0.0003505841269841,-7.605238095238064e-05,-0.0003448159218559,-0.0003413374847374,-0.0003590526251526,-0.0003197965811965
-0.0004431953601953,-0.0002336271062271,-0.0002433079365079,0.0003363868864468,-0.0001002983394383,-0.0002370813675213,-0.0003505841269841,-7.605238095238064e-05,-0.0003387666422466,-0.0003322744810744,-0.0003439659340659,-0.0002986752136752
-0.0004371241025641,-0.0002184573870573,-0.0002341841269841,0.0003272959706959,-0.0001002983394383,-0.0002249232234432,-0.0003566813186813,-8.517619047619017e-05,-0.0003417912820512,-0.0003292534798534,-0.0003379312576312,-0.0002926405372405
-0.0004310528449328,-0.0002032876678876,-0.0002281015873015,0.0003151747496947,-0.0001002983394383,-0.0002158046153846,-0.0003627785103785,-0.0001034238095238,-0.0003448159218559,-0.0003262324786324,-0.0003318965811965,-0.0002866058608058
-0.0004340884737484,-0.0001972197802197,-0.0002189777777777,0.0003151747496947,-0.0001063773626373,-0.000206686007326,-0.0003688757020757,-0.0001216714285714,-0.0003448159218559,-0.0003232114774114,-0.0003258619047619,-0.0002745365079365
-0.0004371241025641,-0.000185084004884,-0.0002037714285714,0.0003091141391941,-0.0001154958974358,-0.0001945278632478,-0.0003780214896214,-0.0001490428571428,-0.0003508652014652,-0.0003171694749694,-0.0003137925518925,-0.0002564324786324
-0.0004401597313797,-0.0001759821733821,-0.0001916063492063,0.0003060838339438,-0.0001246144322344,-0.0001823697191697,-0.0003932644688644,-0.0001885793650793,-0.0003599391208791,-0.0003201904761904,-0.0003047405372405,-0.0002443631257631
-0.0004371241025641,-0.0001729482295482,-0.0001916063492063,0.0003030535286935,-0.0001215749206349,-0.0001823697191697,-0.000411556043956,-0.0002402809523809,-0.0003780869597069,-0.0003292534798534,-0.0003107752136752,-0.0002473804639804
-0.0004340884737484,-0.0001759821733821,-0.0002007301587301,0.0003030535286935,-0.0001154958974358,-0.0001884487912087,-0.000426799023199,-0.000298065079365,-0.0003992594383394,-0.0003413374847374,-0.0003198272283272,-0.0002534151404151
-0.0004431953601953,-0.00018205006105,-0.0001946476190476,0.0003121444444444,-0.0001246144322344,-0.0001884487912087,-0.0004328962148962,-0.0003436841269841,-0.0004143826373626,-0.0003473794871794,-0.0003168098901098,-0.0002503978021978
-0.0004614091330891,-0.0001972197802197,-0.0001916063492063,0.0003272959706959,-0.0001337329670329,-0.0001945278632478,-0.0004389934065934,-0.0003862619047619,-0.0004264811965811,-0.0003504004884004,-0.0003168098901098,-0.0002503978021978
-0.0004614091330891,-0.0002214913308913,-0.0002159365079365,0.0003394171916971,-0.0001215749206349,-0.0002188441514041,-0.0004481391941391,-0.0004379634920634,-0.0004506783150183,-0.0003655054945054,-0.0003318965811965,-0.0002654844932844
-0.0004644447619047,-0.0002518307692307,-0.0002433079365079,0.000357599023199,-0.0001094168742368,-0.0002461999755799,-0.0004542363858363,-0.0004835825396825,-0.0004718507936507,-0.0003836315018315,-0.0003500006105006,-0.0002866058608058
-0.000470516019536,-0.0002791362637362,-0.0002615555555555,0.0003727505494505,-0.0001033378510378,-0.0002705162637362,-0.0004572849816849,-0.000523119047619,-0.0004930232722832,-0.0004017575091575,-0.0003681046398046,-0.0003107445665445
-0.000494801050061,-0.0003003738705738,-0.0002585142857142,0.0003969929914529,-0.0001185354090354,-0.0002796348717948,-0.0004511877899877,-0.000556573015873,-0.0005051218315018,-0.0004108205128205,-0.0003801739926739,-0.0003228139194139
-0.000519086080586,-0.0003246454212454,-0.0002615555555555,0.0004212354334554,-0.0001276539438339,-0.000291793015873,-0.0004481391941391,-0.0005839444444444,-0.000520245030525,-0.0004198835164835,-0.0003952606837606,-0.0003348832722832
-0.0005160504517704,-0.0003489169719169,-0.0002919682539682,0.0004303263492063,-0.0001124563858363,-0.0003191488400488,-0.0004572849816849,-0.0006173984126984,-0.0005474667887667,-0.0004440515262515,-0.000416382051282,-0.0003620393162393
-0.000519086080586,-0.0003731885225885,-0.0003132571428571,0.0004454778754578,-0.0001033378510378,-0.0003434651282051,-0.0004633821733821,-0.0006478111111111,-0.0005656146275946,-0.0004591565323565,-0.000434486080586,-0.0003831606837606
-0.0005403354822954,-0.00039746007326,-0.0003193396825396,0.00046669001221,-0.0001094168742368,-0.0003586628083028,-0.0004633821733821,-0.0006690999999999,-0.0005777131868131,-0.0004712405372405,-0.0004465554334554,-0.0003982473748473
-0.0005403354822954,-0.0004277995115995,-0.0003406285714285,0.0004818415384615,-0.0001002983394383,-0.000382979096459,-0.0004603335775335,-0.0006934301587301,-0.000595861025641,-0.0004893665445665,-0.0004676768009768,-0.0004163514041514
-0.0005372998534798,-0.0004460031746031,-0.0003649587301587,0.0004909324542124,-8.510078144078116e-05,-0.0004042558485958,-0.0004603335775335,-0.0007116777777777,-0.0006140088644688,-0.0005074925518925,-0.0004827634920634,-0.0004344554334554
-0.0005494423687423,-0.0004581389499389,-0.0003619174603174,0.0005030536752136,-9.421931623931596e-05,-0.0004103349206349,-0.0004603335775335,-0.0007208015873015,-0.0006200581440781,-0.0005105135531135,-0.0004857808302808,-0.0004344554334554
-0.0005676561416361,-0.0004672407814407,-0.0003558349206349,0.0005151748962148,-0.0001063773626373,-0.0004103349206349,-0.0004511877899877,-0.0007268841269841,-0.0006230827838827,-0.0005135345543345,-0.0004857808302808,-0.0004374727716727
-0.0005676561416361,-0.0004824105006105,-0.0003679999999999,0.0005242658119658,-0.0001002983394383,-0.0004255326007326,-0.0004481391941391,-0.0007360079365079,-0.0006321567032967,-0.0005225975579975,-0.0005008675213675,-0.0004525594627594
-0.0005676561416361,-0.0004915123321123,-0.0003771238095238,0.0005272961172161,-9.421931623931596e-05,-0.0004346512087912,-0.0004481391941391,-0.0007451317460317,-0.0006412306227106,-0.0005316605616605,-0.0005099195360195,-0.0004646288156288
-0.0005676561416361,-0.0004975802197802,-0.0003862476190476,0.0005303264224664,-9.117980463980436e-05,-0.0004407302808302,-0.0004481391941391,-0.0007512142857142,-0.0006472799023199,-0.0005346815628815,-0.0005129368742368,-0.0004676461538461
-0.0005615848840048,-0.0005036481074481,-0.0003923301587301,0.0005303264224664,-8.510078144078116e-05,-0.0004468093528693,-0.0004542363858363,-0.0007572968253968,-0.0006503045421245,-0.0005377025641025,-0.0005189715506715,-0.0004736808302808
-0.0005676561416361,-0.000506682051282,-0.0003923301587301,0.000536387032967,-8.814029304029276e-05,-0.0004498488888888,-0.0004542363858363,-0.0007572968253968,-0.0006533291819291,-0.0005377025641025,-0.0005189715506715,-0.0004736808302808
-0.0005737273992673,-0.000506682051282,-0.0003892888888888,0.0005394173382173,-9.117980463980436e-05,-0.0004468093528693,-0.0004511877899877,-0.0007572968253968,-0.0006503045421245,-0.0005377025641025,-0.0005189715506715,-0.0004736808302808
-0.0005676561416361,-0.0005097159951159,-0.0004014539682539,0.000536387032967,-8.206126984126955e-05,-0.0004559279609279,-0.0004511877899877,-0.000760338095238,-0.0006533291819291,-0.0005407235653235,-0.0005250062271062,-0.0004766981684981
-0.0005615848840048,-0.0005218517704517,-0.0004105777777777,0.0005394173382173,-7.598224664224636e-05,-0.0004650465689865,-0.0004481391941391,-0.000760338095238,-0.0006563538217338,-0.0005437445665445,-0.0005280235653235,-0.0004797155067155
-0.0005646205128205,-0.0005248857142857,-0.000413619047619,0.0005424476434676,-7.598224664224636e-05,-0.0004680861050061,-0.0004450905982905,-0.000760338095238,-0.0006593784615384,-0.0005467655677655,-0.0005280235653235,-0.0004827328449328
-0.000576763028083,-0.0005248857142857,-0.0004044952380952,0.0005485082539682,-8.510078144078116e-05,-0.0004650465689865,-0.0004450905982905,-0.000760338095238,-0.0006593784615384,-0.0005467655677655,-0.0005280235653235,-0.0004766981684981
-0.0005797986568986,-0.0005248857142857,-0.0004014539682539,0.0005515385592185,-8.814029304029276e-05,-0.000462007032967,-0.0004450905982905,-0.000760338095238,-0.0006593784615384,-0.0005497865689865,-0.0005310409035409,-0.0004827328449328
-0.0005737273992673,-0.0005218517704517,-0.0004044952380952,0.0005454779487179,-8.510078144078116e-05,-0.000462007032967,-0.0004389934065934,-0.000760338095238,-0.0006563538217338,-0.0005497865689865,-0.0005340582417582,-0.0004827328449328
-0.000576763028083,-0.0005248857142857,-0.0004075365079365,0.0005485082539682,-8.510078144078116e-05,-0.0004650465689865,-0.0004389934065934,-0.0007572968253968,-0.0006533291819291,-0.0005497865689865,-0.0005340582417582,-0.0004827328449328
-0.000576763028083,-0.0005339875457875,-0.000413619047619,0.0005545688644688,-8.206126984126955e-05,-0.0004741651770451,-0.0004389934065934,-0.0007542555555555,-0.0006533291819291,-0.0005528075702075,-0.0005370755799755,-0.0004857501831501
-0.0005828342857142,-0.0005339875457875,-0.0004044952380952,0.0005575991697191,-8.814029304029276e-05,-0.0004680861050061,-0.0004359448107448,-0.0007512142857142,-0.0006503045421245,-0.0005528075702075,-0.0005370755799755,-0.0004887675213675
-0.0005889055433455,-0.0005339875457875,-0.0003953714285714,0.0005606294749694,-9.725882783882755e-05,-0.0004650465689865,-0.0004328962148962,-0.000748173015873,-0.0006503045421245,-0.0005528075702075,-0.0005370755799755,-0.0004887675213675
-0.0005828342857142,-0.0005370214896214,-0.0004075365079365,0.0005575991697191,-8.814029304029276e-05,-0.0004711256410256,-0.0004389934065934,-0.0007512142857142,-0.0006533291819291,-0.0005588495726495,-0.0005431102564102,-0.0004948021978021
-0.0005737273992673,-0.0005370214896214,-0.0004197015873015,0.0005545688644688,-7.598224664224636e-05,-0.0004772047130647,-0.000442042002442,-0.0007512142857142,-0.0006563538217338,-0.0005618705738705,-0.0005461275946275,-0.0004978195360195
-0.0005737273992673,-0.0005339875457875,-0.0004197015873015,0.0005515385592185,-7.598224664224636e-05,-0.0004772047130647,-0.0004389934065934,-0.0007420904761904,-0.0006533291819291,-0.0005588495726495,-0.0005400929181929,-0.0004917848595848
-0.0005737273992673,-0.0005309536019536,-0.0004105777777777,0.0005515385592185,-8.206126984126955e-05,-0.0004711256410256,-0.0004359448107448,-0.0007360079365079,-0.0006503045421245,-0.0005558285714285,-0.0005370755799755,-0.0004887675213675
-0.0005828342857142,-0.0005309536019536,-0.0004044952380952,0.0005545688644688,-8.814029304029276e-05,-0.0004680861050061,-0.0004328962148962,-0.0007360079365079,-0.0006503045421245,-0.0005528075702075,-0.0005370755799755,-0.0004887675213675
-0.0005828342857142,-0.0005309536019536,-0.0004014539682539,0.0005545688644688,-9.117980463980436e-05,-0.0004650465689865,-0.0004298476190476,-0.0007329666666666,-0.0006442552625152,-0.0005528075702075,-0.0005370755799755,-0.0004857501831501
-0.0005828342857142,-0.0005309536019536,-0.0004014539682539,0.0005545688644688,-9.117980463980436e-05,-0.0004650465689865,-0.0004328962148962,-0.0007299253968253,-0.0006412306227106,-0.0005497865689865,-0.0005340582417582,-0.0004827328449328
-0.0005797986568986,-0.0005279196581196,-0.0004014539682539,0.0005515385592185,-8.814029304029276e-05,-0.0004650465689865,-0.0004359448107448,-0.0007238428571428,-0.0006382059829059,-0.0005467655677655,-0.0005310409035409,-0.0004797155067155
-0.0005737273992673,-0.0005218517704517,-0.0004014539682539,0.0005454779487179,-8.510078144078116e-05,-0.000462007032967,-0.0004359448107448,-0.0007238428571428,-0.0006351813431013,-0.0005497865689865,-0.0005340582417582,-0.0004827328449328
-0.000576763028083,-0.0005218517704517,-0.0003984126984126,0.0005485082539682,-8.814029304029276e-05,-0.0004589674969474,-0.0004359448107448,-0.0007177603174603,-0.0006351813431013,-0.0005467655677655,-0.0005340582417582,-0.0004857501831501
-0.0005676561416361,-0.0005157838827838,-0.0004044952380952,0.0005394173382173,-8.206126984126955e-05,-0.0004589674969474,-0.0004359448107448,-0.0007177603174603,-0.0006382059829059,-0.0005437445665445,-0.0005340582417582,-0.0004857501831501
-0.0005646205128205,-0.0005127499389499,-0.0004044952380952,0.000536387032967,-7.902175824175796e-05,-0.0004589674969474,-0.0004359448107448,-0.0007177603174603,-0.0006351813431013,-0.0005437445665445,-0.0005340582417582,-0.0004827328449328
-0.0005706917704517,-0.0005127499389499,-0.0003984126984126,0.0005394173382173,-8.510078144078116e-05,-0.0004559279609279,-0.0004359448107448,-0.000714719047619,-0.0006351813431013,-0.0005407235653235,-0.0005280235653235,-0.0004797155067155
-0.0005646205128205,-0.0005127499389499,-0.0004014539682539,0.000536387032967,-8.206126984126955e-05,-0.0004559279609279,-0.0004389934065934,-0.000714719047619,-0.0006321567032967,-0.0005407235653235,-0.0005280235653235,-0.0004797155067155
-0.0005555136263736,-0.0005097159951159,-0.0004105777777777,0.0005303264224664,-7.294273504273476e-05,-0.0004589674969474,-0.0004450905982905,-0.0007177603174603,-0.0006351813431013,-0.0005407235653235,-0.0005310409035409,-0.0004857501831501
-0.0005585492551892,-0.0005097159951159,-0.0004075365079365,0.0005333567277167,-7.598224664224636e-05,-0.0004589674969474,-0.0004481391941391,-0.000714719047619,-0.0006321567032967,-0.0005377025641025,-0.0005280235653235,-0.0004827328449328
-0.0005706917704517,-0.0005006141636141,-0.0003862476190476,0.0005333567277167,-9.117980463980436e-05,-0.0004437698168498,-0.000442042002442,-0.0007055952380952,-0.0006230827838827,-0.0005225975579975,-0.0005159542124542,-0.0004676461538461
-0.0005737273992673,-0.0004945462759462,-0.0003771238095238,0.0005333567277167,-9.725882783882755e-05,-0.0004346512087912,-0.0004389934065934,-0.0007025539682539,-0.0006170335042735,-0.0005165555555555,-0.0005069021978021,-0.0004616114774114
-0.0005676561416361,-0.0004915123321123,-0.000380165079365,0.0005272961172161,-9.421931623931596e-05,-0.0004346512087912,-0.0004450905982905,-0.0007025539682539,-0.0006170335042735,-0.0005165555555555,-0.0005038848595848,-0.0004616114774114
-0.0005615848840048,-0.0004915123321123,-0.0003892888888888,0.0005242658119658,-8.510078144078116e-05,-0.0004407302808302,-0.0004450905982905,-0.0007086365079365,-0.0006230827838827,-0.0005195765567765,-0.0005099195360195,-0.0004646288156288
-0.0005585492551892,-0.0004975802197802,-0.0003923301587301,0.0005272961172161,-8.206126984126955e-05,-0.0004437698168498,-0.0004481391941391,-0.0007116777777777,-0.0006261074236874,-0.0005195765567765,-0.0005099195360195,-0.0004646288156288
-0.0005555136263736,-0.0004884783882783,-0.0003892888888888,0.0005212355067155,-8.206126984126955e-05,-0.0004376907448107,-0.0004542363858363,-0.000714719047619,-0.0006261074236874,-0.0005165555555555,-0.0005038848595848,-0.0004585941391941
-0.0005433711111111,-0.0004824105006105,-0.0003984126984126,0.0005121445909645,-7.294273504273476e-05,-0.0004407302808302,-0.0004633821733821,-0.0007177603174603,-0.000629132063492,-0.0005165555555555,-0.0005038848595848,-0.0004585941391941
-0.0005464067399267,-0.0004824105006105,-0.0003923301587301,0.0005121445909645,-7.598224664224636e-05,-0.0004376907448107,-0.0004633821733821,-0.0007208015873015,-0.0006261074236874,-0.0005165555555555,-0.0004978501831501,-0.0004585941391941
-0.0005646205128205,-0.0004824105006105,-0.0003710412698412,0.0005212355067155,-9.725882783882755e-05,-0.0004255326007326,-0.0004572849816849,-0.0007208015873015,-0.0006200581440781,-0.0005105135531135,-0.0004948328449328,-0.0004555768009768
-0.0005615848840048,-0.0004854444444444,-0.0003771238095238,0.0005212355067155,-9.117980463980436e-05,-0.0004316116727716,-0.0004603335775335,-0.0007299253968253,-0.0006261074236874,-0.0005165555555555,-0.0004978501831501,-0.0004555768009768
-0.0005524779975579,-0.0004824105006105,-0.0003832063492063,0.0005151748962148,-8.510078144078116e-05,-0.0004316116727716,-0.0004603335775335,-0.0007329666666666,-0.000629132063492,-0.0005165555555555,-0.0005008675213675,-0.0004555768009768
-0.0005555136263736,-0.0004854444444444,-0.0003832063492063,0.0005182052014652,-8.510078144078116e-05,-0.0004346512087912,-0.0004603335775335,-0.0007329666666666,-0.000629132063492,-0.0005165555555555,-0.0005008675213675,-0.0004555768009768
-0.0005555136263736,-0.0004884783882783,-0.0003862476190476,0.0005212355067155,-8.510078144078116e-05,-0.0004376907448107,-0.0004633821733821,-0.0007360079365079,-0.000629132063492,-0.0005195765567765,-0.0004978501831501,-0.0004555768009768
-0.0005585492551892,-0.0004884783882783,-0.000380165079365,0.0005212355067155,-8.814029304029276e-05,-0.0004346512087912,-0.0004633821733821,-0.0007360079365079,-0.000629132063492,-0.0005135345543345,-0.0004978501831501,-0.0004525594627594
-0.0005615848840048,-0.0004884783882783,-0.000380165079365,0.0005242658119658,-9.117980463980436e-05,-0.0004346512087912,-0.0004603335775335,-0.0007360079365079,-0.0006321567032967,-0.0005135345543345,-0.0004978501831501,-0.0004525594627594
-0.0005676561416361,-0.0004884783882783,-0.0003771238095238,0.0005272961172161,-9.421931623931596e-05,-0.0004316116727716,-0.0004633821733821,-0.0007360079365079,-0.0006321567032967,-0.0005165555555555,-0.0004948328449328,-0.0004525594627594
-0.0005646205128205,-0.0004884783882783,-0.000380165079365,0.0005242658119658,-9.117980463980436e-05,-0.0004346512087912,-0.0004694793650793,-0.0007390492063492,-0.0006351813431013,-0.0005165555555555,-0.0004978501831501,-0.0004555768009768
-0.0005585492551892,-0.0004854444444444,-0.0003832063492063,0.0005212355067155,-8.814029304029276e-05,-0.0004346512087912,-0.0004725279609279,-0.0007420904761904,-0.0006412306227106,-0.0005195765567765,-0.0005008675213675,-0.0004555768009768
-0.0005615848840048,-0.0004824105006105,-0.0003771238095238,0.0005212355067155,-9.117980463980436e-05,-0.0004285721367521,-0.0004694793650793,-0.0007451317460317,-0.0006382059829059,-0.0005195765567765,-0.0005008675213675,-0.0004555768009768
-0.0005585492551892,-0.0004854444444444,-0.0003832063492063,0.0005212355067155,-8.814029304029276e-05,-0.0004346512087912,-0.0004694793650793,-0.000748173015873,-0.0006412306227106,-0.0005225975579975,-0.0005038848595848,-0.0004616114774114
-0.0005494423687423,-0.0004854444444444,-0.0003892888888888,0.0005151748962148,-7.902175824175796e-05,-0.0004376907448107,-0.0004725279609279,-0.0007512142857142,-0.0006412306227106,-0.0005225975579975,-0.0005038848595848,-0.0004646288156288
-0.0005524779975579,-0.0004824105006105,-0.0003892888888888,0.0005151748962148,-8.206126984126955e-05,-0.0004346512087912,-0.0004725279609279,-0.0007512142857142,-0.0006412306227106,-0.0005195765567765,-0.0005008675213675,-0.0004616114774114
-0.0005555136263736,-0.0004824105006105,-0.0003892888888888,0.0005182052014652,-8.206126984126955e-05,-0.0004346512087912,-0.0004755765567765,-0.0007542555555555,-0.0006412306227106,-0.0005225975579975,-0.0005008675213675,-0.0004616114774114
-0.0005615848840048,-0.0004854444444444,-0.000380165079365,0.0005212355067155,-9.117980463980436e-05,-0.0004316116727716,-0.0004725279609279,-0.0007542555555555,-0.0006382059829059,-0.0005195765567765,-0.0005008675213675,-0.0004585941391941
-0.0005646205128205,-0.0004854444444444,-0.0003771238095238,0.0005242658119658,-9.421931623931596e-05,-0.0004316116727716,-0.0004725279609279,-0.0007542555555555,-0.0006382059829059,-0.0005165555555555,-0.0005008675213675,-0.0004555768009768
-0.0005676561416361,-0.0004884783882783,-0.0003771238095238,0.0005272961172161,-9.421931623931596e-05,-0.0004316116727716,-0.0004694793650793,-0.0007542555555555,-0.0006412306227106,-0.0005135345543345,-0.0004978501831501,-0.0004555768009768
-0.0005615848840048,-0.0004824105006105,-0.000380165079365,0.0005212355067155,-9.117980463980436e-05,-0.0004316116727716,-0.0004786251526251,-0.0007572968253968,-0.0006412306227106,-0.0005135345543345,-0.0004948328449328,-0.0004555768009768
-0.0005585492551892,-0.0004793765567765,-0.0003740825396825,0.0005182052014652,-9.117980463980436e-05,-0.0004255326007326,-0.0004816737484737,-0.0007572968253968,-0.0006442552625152,-0.0005135345543345,-0.0004948328449328,-0.0004555768009768
-0.0005585492551892,-0.0004824105006105,-0.0003771238095238,0.0005182052014652,-9.117980463980436e-05,-0.0004285721367521,-0.0004786251526251,-0.000760338095238,-0.0006472799023199,-0.0005195765567765,-0.0005008675213675,-0.0004555768009768
-0.0005555136263736,-0.0004854444444444,-0.000380165079365,0.0005182052014652,-8.814029304029276e-05,-0.0004316116727716,-0.0004786251526251,-0.0007664206349206,-0.0006503045421245,-0.0005256185592185,-0.0005069021978021,-0.0004646288156288
-0.0005524779975579,-0.0004854444444444,-0.0003892888888888,0.0005182052014652,-8.206126984126955e-05,-0.0004376907448107,-0.0004786251526251,-0.0007664206349206,-0.0006503045421245,-0.0005286395604395,-0.0005099195360195,-0.0004676461538461
-0.0005585492551892,-0.0004854444444444,-0.0003832063492063,0.0005212355067155,-8.814029304029276e-05,-0.0004346512087912,-0.0004786251526251,-0.0007633793650793,-0.0006472799023199,-0.0005225975579975,-0.0005038848595848,-0.0004585941391941
-0.0005585492551892,-0.0004884783882783,-0.0003862476190476,0.0005212355067155,-8.510078144078116e-05,-0.0004376907448107,-0.0004786251526251,-0.0007633793650793,-0.0006472799023199,-0.0005225975579975,-0.0005008675213675,-0.0004585941391941
-0.0005615848840048,-0.0004915123321123,-0.0003892888888888,0.0005242658119658,-8.510078144078116e-05,-0.0004407302808302,-0.0004755765567765,-0.0007633793650793,-0.0006472799023199,-0.0005195765567765,-0.0005008675213675,-0.0004555768009768
-0.0005646205128205,-0.0004945462759462,-0.0003862476190476,0.0005272961172161,-8.814029304029276e-05,-0.0004407302808302,-0.0004725279609279,-0.0007633793650793,-0.0006472799023199,-0.0005165555555555,-0.0005008675213675,-0.0004585941391941
-0.0005555136263736,-0.0004915123321123,-0.0003923301587301,0.0005212355067155,-8.206126984126955e-05,-0.0004407302808302,-0.0004755765567765,-0.0007633793650793,-0.0006503045421245,-0.0005225975579975,-0.0005008675213675,-0.0004616114774114
-0.0005555136263736,-0.0004915123321123,-0.0003923301587301,0.0005212355067155,-8.206126984126955e-05,-0.0004407302808302,-0.0004786251526251,-0.0007694619047619,-0.0006533291819291,-0.0005286395604395,-0.0005099195360195,-0.0004646288156288
-0.0005706917704517,-0.0004945462759462,-0.0003740825396825,0.0005303264224664,-9.725882783882755e-05,-0.0004346512087912,-0.0004786251526251,-0.0007664206349206,-0.0006503045421245,-0.0005225975579975,-0.0005038848595848,-0.0004616114774114
-0.0005737273992673,-0.0004915123321123,-0.0003710412698412,0.0005303264224664,-0.0001002983394383,-0.0004316116727716,-0.0004755765567765,-0.0007664206349206,-0.0006503045421245,-0.0005225975579975,-0.0005038848595848,-0.0004616114774114
-0.0005615848840048,-0.0004884783882783,-0.0003832063492063,0.0005242658119658,-8.814029304029276e-05,-0.0004346512087912,-0.0004786251526251,-0.0007694619047619,-0.0006503045421245,-0.0005225975579975,-0.0005069021978021,-0.0004646288156288
-0.0005555136263736,-0.0004884783882783,-0.0003862476190476,0.0005212355067155,-8.510078144078116e-05,-0.0004376907448107,-0.0004816737484737,-0.0007725031746031,-0.0006563538217338,-0.0005225975579975,-0.0005069021978021,-0.0004646288156288
-0.0005615848840048,-0.0004884783882783,-0.000380165079365,0.0005242658119658,-9.117980463980436e-05,-0.0004346512087912,-0.0004816737484737,-0.0007694619047619,-0.0006533291819291,-0.0005225975579975,-0.0005038848595848,-0.0004616114774114
-0.0005615848840048,-0.0004884783882783,-0.0003832063492063,0.0005242658119658,-8.814029304029276e-05,-0.0004346512087912,-0.0004816737484737,-0.0007694619047619,-0.0006533291819291,-0.0005256185592185,-0.0005069021978021,-0.0004646288156288
-0.0005555136263736,-0.0004915123321123,-0.0003953714285714,0.0005212355067155,-7.902175824175796e-05,-0.0004437698168498,-0.0004816737484737,-0.0007755444444444,-0.0006593784615384,-0.0005316605616605,-0.0005159542124542,-0.0004706634920634
-0.0005615848840048,-0.0004945462759462,-0.0003892888888888,0.0005272961172161,-8.510078144078116e-05,-0.0004407302808302,-0.0004755765567765,-0.0007785857142857,-0.0006593784615384,-0.0005316605616605,-0.0005129368742368,-0.0004706634920634
-0.0005615848840048,-0.0004915123321123,-0.000380165079365,0.0005242658119658,-9.117980463980436e-05,-0.0004346512087912,-0.0004725279609279,-0.0007755444444444,-0.0006533291819291,-0.0005256185592185,-0.0005069021978021,-0.0004646288156288
-0.0005676561416361,-0.0004854444444444,-0.0003710412698412,0.0005242658119658,-9.725882783882755e-05,-0.0004285721367521,-0.0004725279609279,-0.0007694619047619,-0.0006503045421245,-0.0005195765567765,-0.0005008675213675,-0.0004585941391941
-0.0005828342857142,-0.0004884783882783,-0.0003588761904761,0.0005333567277167,-0.0001124563858363,-0.000422493064713,-0.0004694793650793,-0.0007633793650793,-0.0006472799023199,-0.0005165555555555,-0.0004978501831501,-0.0004525594627594
-0.0005706917704517,-0.0004915123321123,-0.0003740825396825,0.0005303264224664,-9.725882783882755e-05,-0.0004316116727716,-0.0004725279609279,-0.0007725031746031,-0.0006533291819291,-0.0005195765567765,-0.0005008675213675,-0.0004585941391941
-0.0005585492551892,-0.0004915123321123,-0.0003862476190476,0.0005242658119658,-8.510078144078116e-05,-0.0004376907448107,-0.0004725279609279,-0.0007725031746031,-0.0006533291819291,-0.0005225975579975,-0.0005069021978021,-0.0004585941391941
-0.0005676561416361,-0.0004915123321123,-0.000380165079365,0.0005272961172161,-9.421931623931596e-05,-0.0004346512087912,-0.0004694793650793,-0.0007694619047619,-0.0006472799023199,-0.0005165555555555,-0.0004978501831501,-0.0004555768009768
-0.0005615848840048,-0.0004854444444444,-0.0003832063492063,0.0005212355067155,-8.814029304029276e-05,-0.0004346512087912,-0.0004725279609279,-0.0007664206349206,-0.0006472799023199,-0.0005165555555555,-0.0005008675213675,-0.0004555768009768
-0.0005494423687423,-0.0004763426129426,-0.000380165079365,0.0005121445909645,-8.510078144078116e-05,-0.0004285721367521,-0.0004694793650793,-0.0007664206349206,-0.0006503045421245,-0.0005195765567765,-0.0005008675213675,-0.0004585941391941
-0.0005494423687423,-0.0004702747252747,-0.0003710412698412,0.0005091142857142,-8.814029304029276e-05,-0.0004194535286935,-0.0004633821733821,-0.0007664206349206,-0.0006472799023199,-0.0005195765567765,-0.0005008675213675,-0.0004585941391941
-0.0005494423687423,-0.0004642068376068,-0.0003679999999999,0.0005060839804639,-9.117980463980436e-05,-0.0004164139926739,-0.0004572849816849,-0.0007633793650793,-0.0006442552625152,-0.0005165555555555,-0.0004978501831501,-0.0004555768009768
-0.0005494423687423,-0.0004581389499389,-0.0003588761904761,0.0005030536752136,-9.421931623931596e-05,-0.0004072953846153,-0.0004511877899877,-0.0007512142857142,-0.0006321567032967,-0.0005074925518925,-0.0004887981684981,-0.0004465247863247
-0.0005494423687423,-0.0004429692307692,-0.0003467111111111,0.0004939627594627,-0.0001002983394383,-0.0003951372405372,-0.000442042002442,-0.0007390492063492,-0.0006170335042735,-0.0004923875457875,-0.0004737114774114,-0.000431438095238
-0.0005372998534798,-0.0004247655677655,-0.0003436698412698,0.0004788112332112,-9.725882783882755e-05,-0.000382979096459,-0.0004328962148962,-0.0007268841269841,-0.0006049349450549,-0.0004772825396825,-0.0004616421245421,-0.000422386080586
-0.0005281929670329,-0.0004065619047619,-0.0003315047619047,0.00046669001221,-9.725882783882755e-05,-0.0003677814163614,-0.0004237504273504,-0.000714719047619,-0.0005898117460317,-0.0004682195360195,-0.0004525901098901,-0.0004193687423687
-0.0005130148229548,-0.0003944261294261,-0.000334546031746,0.0004515384859584,-8.814029304029276e-05,-0.0003647418803418,-0.000426799023199,-0.0007116777777777,-0.0005867871062271,-0.0004651985347985,-0.0004525901098901,-0.0004163514041514
-0.0004978366788766,-0.0003853242979242,-0.0003436698412698,0.0004394172649572,-7.598224664224636e-05,-0.0003647418803418,-0.0004359448107448,-0.0007055952380952,-0.0005898117460317,-0.0004651985347985,-0.0004525901098901,-0.0004163514041514
-0.0004917654212454,-0.0003792564102564,-0.0003436698412698,0.0004333566544566,-7.294273504273476e-05,-0.0003617023443223,-0.0004542363858363,-0.0007025539682539,-0.0005867871062271,-0.0004651985347985,-0.0004525901098901,-0.0004163514041514
-0.000494801050061,-0.0003762224664224,-0.0003375873015873,0.0004333566544566,-7.902175824175796e-05,-0.0003556232722832,-0.0004786251526251,-0.000714719047619,-0.0005898117460317,-0.0004651985347985,-0.0004525901098901,-0.0004163514041514
-0.0005069435653235,-0.0003944261294261,-0.0003406285714285,0.0004485081807081,-8.206126984126955e-05,-0.0003677814163614,-0.0004999653235653,-0.0007360079365079,-0.0006049349450549,-0.0004772825396825,-0.0004586247863247,-0.000422386080586
-0.0005160504517704,-0.0004065619047619,-0.0003467111111111,0.0004606294017094,-8.510078144078116e-05,-0.00037690002442,-0.0004969167277167,-0.0007451317460317,-0.0006109842246642,-0.0004803035409035,-0.0004616421245421,-0.000422386080586
-0.0005251573382173,-0.0004186976800976,-0.0003497523809523,0.0004697203174603,-8.814029304029276e-05,-0.000382979096459,-0.0004908195360195,-0.000748173015873,-0.0006140088644688,-0.0004803035409035,-0.0004616421245421,-0.0004193687423687
-0.0005464067399267,-0.0004429692307692,-0.0003558349206349,0.0004939627594627,-9.421931623931596e-05,-0.0003981767765567,-0.0004847223443223,-0.000760338095238,-0.000629132063492,-0.0004923875457875,-0.0004646594627594,-0.000422386080586
-0.0005281929670329,-0.000455105006105,-0.0003832063492063,0.0004909324542124,-7.294273504273476e-05,-0.0004194535286935,-0.0004938681318681,-0.0007694619047619,-0.0006442552625152,-0.0005044715506715,-0.0004767288156288,-0.000431438095238
-0.0005099791941391,-0.0004490371184371,-0.0003953714285714,0.0004788112332112,-5.774517704517676e-05,-0.000422493064713,-0.0005030139194139,-0.0007725031746031,-0.0006472799023199,-0.0005044715506715,-0.0004797461538461,-0.0004344554334554
-0.0005130148229548,-0.0004490371184371,-0.0003892888888888,0.0004788112332112,-6.078468864468836e-05,-0.0004194535286935,-0.0005091111111111,-0.0007755444444444,-0.0006503045421245,-0.0005074925518925,-0.0004827634920634,-0.0004374727716727
-0.0005312285958485,-0.0004642068376068,-0.0003862476190476,0.000496993064713,-7.294273504273476e-05,-0.0004255326007326,-0.0005030139194139,-0.0007785857142857,-0.0006593784615384,-0.0005195765567765,-0.0004918155067155,-0.0004465247863247
-0.0005312285958485,-0.0004793765567765,-0.0004014539682539,0.0005030536752136,-6.382420024419996e-05,-0.0004407302808302,-0.0005060625152625,-0.0007846682539682,-0.0006745016605616,-0.0005346815628815,-0.0005008675213675,-0.0004585941391941
-0.000519086080586,-0.0004915123321123,-0.0004227428571428,0.0005030536752136,-4.862664224664196e-05,-0.0004559279609279,-0.0005121597069597,-0.000793792063492,-0.0006805509401709,-0.0005437445665445,-0.0005099195360195,-0.0004676461538461
-0.0005281929670329,-0.0005036481074481,-0.0004257841269841,0.0005151748962148,-5.166615384615356e-05,-0.0004650465689865,-0.0005060625152625,-0.0007968333333333,-0.0006835755799755,-0.0005437445665445,-0.0005159542124542,-0.0004706634920634
-0.0005585492551892,-0.0005036481074481,-0.0003984126984126,0.0005303264224664,-7.902175824175796e-05,-0.0004498488888888,-0.0004938681318681,-0.000793792063492,-0.0006775263003663,-0.0005346815628815,-0.0005069021978021,-0.0004646288156288
-0.0005889055433455,-0.000506682051282,-0.0003740825396825,0.0005454779487179,-0.0001063773626373,-0.0004407302808302,-0.0004847223443223,-0.000793792063492,-0.0006684523809523,-0.0005286395604395,-0.0004978501831501,-0.0004555768009768
-0.0005889055433455,-0.0005157838827838,-0.0003832063492063,0.0005515385592185,-0.0001033378510378,-0.0004498488888888,-0.0004847223443223,-0.0007968333333333,-0.0006745016605616,-0.0005316605616605,-0.0005038848595848,-0.0004585941391941
-0.0005737273992673,-0.0005248857142857,-0.0004044952380952,0.0005485082539682,-8.510078144078116e-05,-0.0004650465689865,-0.0004908195360195,-0.0008029158730158,-0.0006866002197802,-0.0005437445665445,-0.0005159542124542,-0.0004706634920634
-0.0005706917704517,-0.0005248857142857,-0.0004105777777777,0.0005454779487179,-7.902175824175796e-05,-0.0004680861050061,-0.0004908195360195,-0.0008089984126984,-0.0006926494993894,-0.0005467655677655,-0.0005189715506715,-0.0004736808302808
-0.000576763028083,-0.0005218517704517,-0.0004044952380952,0.0005485082539682,-8.510078144078116e-05,-0.000462007032967,-0.0004908195360195,-0.0008089984126984,-0.0006926494993894,-0.0005497865689865,-0.0005189715506715,-0.0004736808302808
-0.0005828342857142,-0.0005188178266178,-0.0003953714285714,0.0005485082539682,-9.421931623931596e-05,-0.0004559279609279,-0.0004908195360195,-0.0008059571428571,-0.0006926494993894,-0.0005497865689865,-0.0005189715506715,-0.0004736808302808
-0.0005828342857142,-0.0005157838827838,-0.0003892888888888,0.0005485082539682,-9.725882783882755e-05,-0.0004528884249084,-0.0004908195360195,-0.0008029158730158,-0.0006866002197802,-0.0005437445665445,-0.0005159542124542,-0.0004676461538461
-0.0005858699145299,-0.0005188178266178,-0.0003862476190476,0.0005515385592185,-0.0001002983394383,-0.0004528884249084,-0.0004908195360195,-0.0008029158730158,-0.0006805509401709,-0.0005377025641025,-0.0005129368742368,-0.0004676461538461
-0.0005737273992673,-0.0005248857142857,-0.0004044952380952,0.0005485082539682,-8.510078144078116e-05,-0.0004650465689865,-0.0004908195360195,-0.0008059571428571,-0.0006835755799755,-0.0005407235653235,-0.0005159542124542,-0.0004706634920634
-0.0005646205128205,-0.0005218517704517,-0.0004075365079365,0.0005424476434676,-7.902175824175796e-05,-0.0004650465689865,-0.0004938681318681,-0.0008059571428571,-0.0006835755799755,-0.0005437445665445,-0.0005219888888888,-0.0004736808302808
-0.0005706917704517,-0.000506682051282,-0.0003892888888888,0.000536387032967,-9.117980463980436e-05,-0.0004468093528693,-0.0004938681318681,-0.0008029158730158,-0.0006745016605616,-0.0005346815628815,-0.0005099195360195,-0.0004646288156288
-0.0005737273992673,-0.0004945462759462,-0.0003740825396825,0.0005333567277167,-0.0001002983394383,-0.0004346512087912,-0.0004969167277167,-0.0007998746031746,-0.0006684523809523,-0.0005286395604395,-0.0005008675213675,-0.0004555768009768
-0.000576763028083,-0.0004945462759462,-0.0003740825396825,0.0005333567277167,-0.0001002983394383,-0.0004346512087912,-0.0004969167277167,-0.0007998746031746,-0.0006654277411477,-0.0005286395604395,-0.0005008675213675,-0.0004555768009768
-0.0005828342857142,-0.0004975802197802,-0.0003710412698412,0.0005394173382173,-0.0001063773626373,-0.0004346512087912,-0.0004969167277167,-0.0007998746031746,-0.0006624031013431,-0.0005225975579975,-0.0005008675213675,-0.0004555768009768
-0.0005858699145299,-0.0004915123321123,-0.0003619174603174,0.000536387032967,-0.0001124563858363,-0.0004255326007326,-0.0004908195360195,-0.0007785857142857,-0.0006321567032967,-0.0005105135531135,-0.0005008675213675,-0.0004646288156288
-0.0005828342857142,-0.000452071062271,-0.0003284634920634,0.0005151748962148,-0.0001276539438339,-0.0003890581684981,-0.0004847223443223,-0.0007360079365079,-0.0005716639072039,-0.0004863455433455,-0.0004948328449328,-0.0004736808302808
-0.0005646205128205,-0.000345883028083,-0.0002402666666666,0.0004545687912087,-0.0001610885714285,-0.000291793015873,-0.0004938681318681,-0.0006660587301587,-0.0004718507936507,-0.0004168625152625,-0.0004495727716727,-0.0004465247863247
-0.000494801050061,-0.0001638463980463,-0.0001246984126984,0.0003272959706959,-0.0001854046642246,-0.0001428557509157,-0.0005334998778998,-0.0005444079365079,-0.0003054956043956,-0.0002597704517704,-0.0003318965811965,-0.0003680739926739
-0.0003703402686202,7.280122100122119e-05,-1.5212698412698318e-05,0.0001485079609279,-0.0001762861294261,2.735826617826614e-05,-0.0006097147741147,-0.0004622936507936,-0.0001058693772893,-2.413235653235705e-05,-0.0001418042735042,-0.0002383284493284
-0.0002398082295482,0.0004126029304029,0.0001915936507936,-8.482554334554332e-05,-0.0002157997802197,0.0003009165079365,-0.0007834847374847,-0.0006295634920634,6.95597313797313e-05,0.0002809887667887,0.0001538948717948,1.2110622710622109e-05
-8.802678876678904e-05,0.0007797101343101,0.0004044825396825,-0.0003454317948717,-0.0002461948962148,0.0005927119658119,-0.0010883443223443,-0.0009975571428571,0.000142151086691,0.0005981938949938,0.0005039061050061,0.0003379831501831
8.803968253968226e-05,0.0010649008547008,0.0005109269841269,-0.0005757349938949,-0.0002097207570207,0.0007872422710622,-0.0014633216117216,-0.0014081285714285,6.351045177045169e-05,0.0008247689865689,0.0007965879120879,0.0006336822954822
0.0001942866910866,0.0011771567765567,0.0005170095238095,-0.0006848259829059,-0.0001610885714285,0.0008480329914529,-0.0017498896214896,-0.0017000904761904,-0.0001149432967032,0.0008459159951159,0.0009142641025641,0.0008177399267399
0.0001366097435897,0.0008070156288156,0.0002037587301587,-0.0004696743101343,-3.342908424908396e-05,0.0005045654212454,-0.001762084004884,-0.0018278238095238,-0.0004930232722832,0.0004380808302808,0.0006427036630036,0.0006970463980463
-0.0001244543345543,0.0001607855921855,-0.0001703174603174,-1.815882783882781e-05,2.1282124542124827e-05,-3.0370940170940523e-06,-0.0015364879120879,-0.0019646809523809,-0.0010011627594627,-0.0001842454212454,0.0001599295482295,0.0003862605616605
-0.0003976609279609,-0.0001699142857142,-0.0002250603174603,0.0002818413919413,-8.510078144078116e-05,-0.0001975673992673,-0.0013200376068376,-0.0021197857142857,-0.0013338731379731,-0.0005830175824175,-0.0001387869352869,0.0001901335775335
-0.0005464067399267,-0.0003519509157509,-0.0002615555555555,0.0004485081807081,-0.0001428515018315,-0.0003069906959706,-0.0011523648351648,-0.0020102999999999,-0.0013883166544566,-0.0007521936507936,-0.0003228445665445,2.116263736263676e-05
-0.0006040836874236,-0.000455105006105,-0.0003071746031746,0.0005272961172161,-0.0001489305250305,-0.0003799395604395,-0.0010334695970695,-0.001751792063492,-0.0012643064224664,-0.0007552146520146,-0.000416382051282,-0.0001236695970695
-0.0006192618315018,-0.0004733086691086,-0.0003102158730158,0.0005454779487179,-0.0001550095482295,-0.0003920977045177,-0.0009145743589743,-0.0014872015873015,-0.0010979512332112,-0.0006887526251526,-0.0004465554334554,-0.0002202244200244
-0.0006040836874236,-0.0004793765567765,-0.0003315047619047,0.0005394173382173,-0.0001367724786324,-0.0004042558485958,-0.0007712903540903,-0.0012469412698412,-0.0009588178021978,-0.0006373956043956,-0.0004676768009768,-0.0003016925518925
-0.0005676561416361,-0.0004793765567765,-0.0003649587301587,0.0005212355067155,-0.0001002983394383,-0.000422493064713,-0.0006341035409035,-0.0010249285714285,-0.0008408568498168,-0.0005890595848595,-0.0004827634920634,-0.0003650566544566
-0.0005433711111111,-0.0004490371184371,-0.0003588761904761,0.0004939627594627,-9.117980463980436e-05,-0.0004042558485958,-0.000539597069597,-0.0008576587301587,-0.0007349944566544,-0.0005346815628815,-0.0004706941391941,-0.0003891953601953
-0.0005372998534798,-0.0004186976800976,-0.0003375873015873,0.0004757809279609,-0.0001002983394383,-0.00037690002442,-0.0004938681318681,-0.0007694619047619,-0.0006684523809523,-0.0005014505494505,-0.0004556074481074,-0.0003891953601953
-0.0005494423687423,-0.0004186976800976,-0.0003254222222222,0.0004818415384615,-0.0001124563858363,-0.0003708209523809,-0.0004725279609279,-0.0007329666666666,-0.0006412306227106,-0.0004923875457875,-0.0004556074481074,-0.00039523003663
-0.0005676561416361,-0.0004308334554334,-0.0003193396825396,0.000496993064713,-0.0001246144322344,-0.0003738604884004,-0.0004572849816849,-0.0007177603174603,-0.0006321567032967,-0.0004954085470085,-0.0004646594627594,-0.0004103167277167
-0.0005646205128205,-0.0004429692307692,-0.0003315047619047,0.0005030536752136,-0.0001154958974358,-0.0003860186324786,-0.0004481391941391,-0.0007055952380952,-0.000629132063492,-0.0005014505494505,-0.0004767288156288,-0.0004254034188034
-0.0005494423687423,-0.0004429692307692,-0.0003467111111111,0.0004939627594627,-0.0001002983394383,-0.0003951372405372,-0.000442042002442,-0.0006934301587301,-0.0006261074236874,-0.0005044715506715,-0.0004827634920634,-0.0004374727716727
-0.0005555136263736,-0.0004460031746031,-0.0003467111111111,0.0005000233699633,-0.0001033378510378,-0.0003951372405372,-0.0004328962148962,-0.0006782238095238,-0.0006200581440781,-0.0004984295482295,-0.0004797461538461,-0.0004344554334554
-0.0005615848840048,-0.0004490371184371,-0.0003436698412698,0.0005030536752136,-0.0001094168742368,-0.0003951372405372,-0.000426799023199,-0.0006690999999999,-0.0006109842246642,-0.0004954085470085,-0.0004797461538461,-0.0004374727716727
-0.0005615848840048,-0.0004460031746031,-0.0003406285714285,0.0005030536752136,-0.0001094168742368,-0.0003920977045177,-0.0004237504273504,-0.0006630174603174,-0.0006049349450549,-0.0004923875457875,-0.0004797461538461,-0.0004374727716727
-0.0005555136263736,-0.0004429692307692,-0.0003406285714285,0.000496993064713,-0.0001063773626373,-0.0003920977045177,-0.0004237504273504,-0.0006569349206349,-0.0005988856654456,-0.0004954085470085,-0.0004797461538461,-0.0004404901098901
-0.0005494423687423,-0.0004399352869352,-0.0003497523809523,0.0004939627594627,-0.0001002983394383,-0.0003951372405372,-0.0004298476190476,-0.0006508523809523,-0.0005988856654456,-0.0004954085470085,-0.0004827634920634,-0.0004435074481074
-0.0005524779975579,-0.0004399352869352,-0.0003497523809523,0.0004939627594627,-0.0001002983394383,-0.0003951372405372,-0.0004298476190476,-0.0006447698412698,-0.000595861025641,-0.0004954085470085,-0.0004797461538461,-0.0004404901098901
-0.0005524779975579,-0.0004399352869352,-0.0003497523809523,0.0004939627594627,-0.0001002983394383,-0.0003951372405372,-0.0004298476190476,-0.0006386873015873,-0.000595861025641,-0.0004923875457875,-0.0004857808302808,-0.0004435074481074
-0.0005494423687423,-0.0004429692307692,-0.0003497523809523,0.0004939627594627,-0.0001002983394383,-0.0003951372405372,-0.000426799023199,-0.000635646031746,-0.000595861025641,-0.0004954085470085,-0.0004857808302808,-0.0004465247863247
-0.0005646205128205,-0.0004369013431013,-0.0003284634920634,0.0005000233699633,-0.0001185354090354,-0.000382979096459,-0.0004207018315018,-0.0006265222222222,-0.0005837624664224,-0.0004863455433455,-0.0004767288156288,-0.0004404901098901
-0.0005585492551892,-0.0004338673992673,-0.0003315047619047,0.0004939627594627,-0.0001124563858363,-0.000382979096459,-0.0004207018315018,-0.0006204396825396,-0.0005777131868131,-0.0004863455433455,-0.0004767288156288,-0.0004344554334554
-0.0005403354822954,-0.0004369013431013,-0.0003467111111111,0.0004879021489621,-9.725882783882755e-05,-0.0003920977045177,-0.000426799023199,-0.0006204396825396,-0.0005807378266178,-0.0004893665445665,-0.0004827634920634,-0.0004435074481074
-0.0005372998534798,-0.0004399352869352,-0.0003527936507936,0.0004879021489621,-9.117980463980436e-05,-0.0003951372405372,-0.0004237504273504,-0.0006173984126984,-0.0005777131868131,-0.0004893665445665,-0.0004887981684981,-0.0004435074481074
-0.0005433711111111,-0.0004429692307692,-0.0003558349206349,0.0004909324542124,-9.421931623931596e-05,-0.0003981767765567,-0.0004176532356532,-0.0006082746031746,-0.0005777131868131,-0.0004893665445665,-0.0004857808302808,-0.0004435074481074
-0.0005372998534798,-0.0004369013431013,-0.0003588761904761,0.0004848718437118,-8.814029304029276e-05,-0.0003981767765567,-0.0004176532356532,-0.000602192063492,-0.0005716639072039,-0.0004863455433455,-0.0004827634920634,-0.0004404901098901
-0.0005281929670329,-0.0004369013431013,-0.0003649587301587,0.0004818415384615,-8.206126984126955e-05,-0.0004012163125763,-0.0004207018315018,-0.0005961095238095,-0.0005686392673992,-0.0004863455433455,-0.0004827634920634,-0.0004404901098901
-0.0005312285958485,-0.0004369013431013,-0.0003649587301587,0.0004818415384615,-8.206126984126955e-05,-0.0004012163125763,-0.0004176532356532,-0.0005869857142857,-0.0005656146275946,-0.0004863455433455,-0.0004827634920634,-0.0004404901098901
-0.0005372998534798,-0.0004369013431013,-0.0003588761904761,0.0004848718437118,-8.814029304029276e-05,-0.0003981767765567,-0.0004146046398046,-0.0005809031746031,-0.0005625899877899,-0.0004833245421245,-0.0004797461538461,-0.0004404901098901
-0.0005403354822954,-0.0004369013431013,-0.0003527936507936,0.0004879021489621,-9.421931623931596e-05,-0.0003951372405372,-0.000411556043956,-0.0005748206349206,-0.0005565407081807,-0.0004803035409035,-0.0004797461538461,-0.0004435074481074
-0.0005342642246642,-0.0004369013431013,-0.0003588761904761,0.0004848718437118,-8.814029304029276e-05,-0.0003981767765567,-0.000411556043956,-0.000568738095238,-0.0005565407081807,-0.0004803035409035,-0.0004827634920634,-0.0004465247863247
-0.0005342642246642,-0.0004369013431013,-0.0003588761904761,0.0004848718437118,-8.814029304029276e-05,-0.0003981767765567,-0.0004085074481074,-0.0005596142857142,-0.000553516068376,-0.0004772825396825,-0.0004827634920634,-0.0004465247863247
-0.0005281929670329,-0.0004399352869352,-0.0003679999999999,0.0004818415384615,-7.902175824175796e-05,-0.0004042558485958,-0.0004054588522588,-0.0005504904761904,-0.000553516068376,-0.0004803035409035,-0.0004857808302808,-0.0004525594627594
-0.0005221217094017,-0.0004399352869352,-0.0003771238095238,0.0004788112332112,-7.294273504273476e-05,-0.0004072953846153,-0.0004054588522588,-0.0005474492063492,-0.000553516068376,-0.0004863455433455,-0.0004918155067155,-0.0004555768009768
-0.0005342642246642,-0.0004338673992673,-0.0003558349206349,0.0004818415384615,-8.814029304029276e-05,-0.0003951372405372,-0.0003993616605616,-0.0005352841269841,-0.0005444421489621,-0.0004772825396825,-0.0004827634920634,-0.0004465247863247
-0.0005403354822954,-0.0004277995115995,-0.0003406285714285,0.0004818415384615,-0.0001002983394383,-0.000382979096459,-0.000396313064713,-0.000523119047619,-0.0005383928693528,-0.0004712405372405,-0.0004767288156288,-0.0004404901098901
-0.0005251573382173,-0.0004186976800976,-0.0003527936507936,0.0004697203174603,-8.510078144078116e-05,-0.0003860186324786,-0.0004024102564102,-0.0005170365079365,-0.0005414175091575,-0.0004742615384615,-0.0004797461538461,-0.0004435074481074
-0.000519086080586,-0.0004247655677655,-0.0003619174603174,0.0004697203174603,-7.902175824175796e-05,-0.0003920977045177,-0.0004024102564102,-0.0005079126984126,-0.0005414175091575,-0.0004772825396825,-0.0004857808302808,-0.0004525594627594
-0.000519086080586,-0.0004308334554334,-0.0003710412698412,0.0004727506227106,-7.294273504273476e-05,-0.0004012163125763,-0.000396313064713,-0.0004957476190476,-0.0005353682295482,-0.0004742615384615,-0.0004887981684981,-0.0004585941391941
-0.0005221217094017,-0.0004369013431013,-0.0003740825396825,0.0004788112332112,-7.294273504273476e-05,-0.0004042558485958,-0.0003871672771672,-0.0004835825396825,-0.0005262943101343,-0.0004712405372405,-0.0004887981684981,-0.0004585941391941
-0.0005312285958485,-0.0004369013431013,-0.0003619174603174,0.0004818415384615,-8.510078144078116e-05,-0.0003981767765567,-0.00038107008547,-0.0004653349206349,-0.0005111711111111,-0.0004591565323565,-0.0004767288156288,-0.0004465247863247
-0.0005312285958485,-0.0004338673992673,-0.0003588761904761,0.0004818415384615,-8.510078144078116e-05,-0.0003951372405372,-0.00038107008547,-0.0004501285714285,-0.0005051218315018,-0.0004531145299145,-0.0004737114774114,-0.0004404901098901
-0.0005160504517704,-0.0004277995115995,-0.0003679999999999,0.0004697203174603,-7.294273504273476e-05,-0.0003981767765567,-0.0003871672771672,-0.0004410047619047,-0.0005081464713064,-0.0004591565323565,-0.0004767288156288,-0.0004465247863247
-0.0005039079365079,-0.0004247655677655,-0.0003740825396825,0.0004636597069597,-6.382420024419996e-05,-0.0003981767765567,-0.0003871672771672,-0.0004257984126984,-0.0005081464713064,-0.0004621775335775,-0.0004797461538461,-0.0004495421245421
-0.0005099791941391,-0.0004217316239316,-0.0003649587301587,0.0004636597069597,-7.294273504273476e-05,-0.0003920977045177,-0.00038107008547,-0.0004075507936507,-0.0004990725518925,-0.0004591565323565,-0.0004797461538461,-0.0004465247863247
-0.000519086080586,-0.0004126297924297,-0.0003558349206349,0.0004636597069597,-8.206126984126955e-05,-0.000382979096459,-0.0003749728937728,-0.0003893031746031,-0.0004839493528693,-0.0004500935286935,-0.0004706941391941,-0.0004404901098901
-0.000519086080586,-0.0004156637362637,-0.0003497523809523,0.00046669001221,-8.510078144078116e-05,-0.000382979096459,-0.0003719242979242,-0.0003710555555555,-0.0004718507936507,-0.0004410305250305,-0.0004646594627594,-0.0004374727716727
-0.0005099791941391,-0.0004126297924297,-0.0003558349206349,0.0004606294017094,-7.598224664224636e-05,-0.000382979096459,-0.0003688757020757,-0.0003497666666666,-0.0004627768742368,-0.0004380095238095,-0.0004646594627594,-0.0004344554334554
-0.0005039079365079,-0.0004065619047619,-0.0003558349206349,0.0004545687912087,-7.294273504273476e-05,-0.0003799395604395,-0.0003627785103785,-0.0003284777777777,-0.0004567275946275,-0.0004319675213675,-0.0004616421245421,-0.0004344554334554
-0.0004978366788766,-0.0003913921855921,-0.0003527936507936,0.0004424475702075,-7.294273504273476e-05,-0.0003708209523809,-0.0003566813186813,-0.0003041476190476,-0.0004506783150183,-0.0004289465201465,-0.0004586247863247,-0.000431438095238
-0.0004856941636141,-0.0003792564102564,-0.0003467111111111,0.0004303263492063,-6.990322344322315e-05,-0.0003617023443223,-0.0003597299145299,-0.0002828587301587,-0.0004416043956043,-0.0004259255189255,-0.0004525901098901,-0.0004284207570207
-0.0004765872771672,-0.0003610527472527,-0.0003375873015873,0.0004182051282051,-6.990322344322315e-05,-0.0003495442002442,-0.0003597299145299,-0.0002554873015873,-0.0004295058363858,-0.0004198835164835,-0.0004495727716727,-0.000422386080586
-0.0004765872771672,-0.0003580188034188,-0.0003375873015873,0.0004151748229548,-6.990322344322315e-05,-0.0003465046642246,-0.0003597299145299,-0.0002281158730158,-0.0004174072771672,-0.0004108205128205,-0.000443538095238,-0.0004193687423687
-0.0004765872771672,-0.000345883028083,-0.0003254222222222,0.0004091142124542,-7.598224664224636e-05,-0.0003343465201465,-0.0003536327228327,-0.0002007444444444,-0.0004053087179487,-0.0004017575091575,-0.000434486080586,-0.000413334065934
-0.0004644447619047,-0.0003307133089133,-0.0003193396825396,0.0003969929914529,-7.294273504273476e-05,-0.0003252279120879,-0.0003475355311355,-0.0001764142857142,-0.0003992594383394,-0.0003926945054945,-0.0004314687423687,-0.0004072993894993
-0.0004523022466422,-0.0003094757020757,-0.0003102158730158,0.0003788111599511,-6.990322344322315e-05,-0.0003100302319902,-0.0003475355311355,-0.0001520841269841,-0.0003871608791208,-0.0003836315018315,-0.0004193993894993,-0.00039523003663
-0.0004523022466422,-0.000291272039072,-0.0002950095238095,0.0003697202442002,-7.902175824175796e-05,-0.000291793015873,-0.0003475355311355,-0.0001277539682539,-0.000369013040293,-0.0003715474969474,-0.0004012953601953,-0.000377126007326
-0.0004462309890109,-0.0002821702075702,-0.0002889269841269,0.0003636596336996,-7.902175824175796e-05,-0.0002857139438339,-0.0003414383394383,-0.000106465079365,-0.0003599391208791,-0.0003624844932844,-0.0003922433455433,-0.0003680739926739
-0.0004431953601953,-0.0002700344322344,-0.0002798031746031,0.0003545687179487,-8.206126984126955e-05,-0.0002735557997557,-0.0003353411477411,-8.821746031746001e-05,-0.0003508652014652,-0.0003534214896214,-0.0003831913308913,-0.0003590219780219
-0.0004371241025641,-0.0002487968253968,-0.0002706793650793,0.0003424474969474,-8.206126984126955e-05,-0.0002583581196581,-0.0003383897435897,-7.30111111111108e-05,-0.0003387666422466,-0.0003413374847374,-0.0003681046398046,-0.0003439352869352
-0.0004249815873015,-0.0002275592185592,-0.000255473015873,0.0003242656654456,-8.510078144078116e-05,-0.0002401209035409,-0.0003414383394383,-6.084603174603144e-05,-0.000326668083028,-0.0003292534798534,-0.0003530179487179,-0.0003288485958485
-0.0004219459584859,-0.0002063216117216,-0.0002402666666666,0.0003121444444444,-9.117980463980436e-05,-0.0002218836874236,-0.0003475355311355,-5.172222222222191e-05,-0.0003206188034188,-0.0003201904761904,-0.0003409485958485,-0.0003107445665445
-0.0004189103296703,-0.000185084004884,-0.0002189777777777,0.0003000232234432,-0.0001002983394383,-0.0002006069352869,-0.0003536327228327,-5.172222222222191e-05,-0.0003175941636141,-0.0003111274725274,-0.0003318965811965,-0.0002986752136752
-0.0004189103296703,-0.0001668803418803,-0.0002007301587301,0.0002909323076923,-0.0001094168742368,-0.0001823697191697,-0.0003566813186813,-5.78047619047616e-05,-0.0003145695238095,-0.0003050854700854,-0.0003198272283272,-0.0002866058608058
-0.0004158747008547,-0.0001517106227106,-0.0001946476190476,0.0002818413919413,-0.0001094168742368,-0.0001732511111111,-0.0003627785103785,-6.692857142857113e-05,-0.0003115448840048,-0.0002990434676434,-0.0003137925518925,-0.0002745365079365
-0.0004006965567765,-0.0001395748473748,-0.0001976888888888,0.0002697201709401,-0.0001002983394383,-0.000167172039072,-0.0003719242979242,-8.517619047619017e-05,-0.0003145695238095,-0.0002960224664224,-0.0003047405372405,-0.0002624671550671
-0.0004006965567765,-0.000127439072039,-0.0001855238095238,0.0002636595604395,-0.0001063773626373,-0.0001550138949938,-0.0003841186813186,-0.000106465079365,-0.0003145695238095,-0.0002899804639804,-0.0002926711843711,-0.0002503978021978
-0.000412839072039,-0.0001153032967032,-0.0001611936507936,0.0002636595604395,-0.0001246144322344,-0.0001367766788766,-0.0003902158730158,-0.0001338365079365,-0.0003175941636141,-0.0002869594627594,-0.0002836191697191,-0.0002383284493284
-0.0004098034432234,-0.0001092354090354,-0.0001551111111111,0.0002575989499389,-0.0001276539438339,-0.0001306976068376,-0.0004024102564102,-0.0001794555555555,-0.0003296927228327,-0.0002930014652014,-0.0002866365079365,-0.0002353111111111
-0.0004098034432234,-0.0001092354090354,-0.0001581523809523,0.0002575989499389,-0.0001246144322344,-0.0001337371428571,-0.0004176532356532,-0.0002281158730158,-0.0003448159218559,-0.0002990434676434,-0.0002896538461538,-0.0002383284493284
-0.0004067678144078,-0.0001122693528693,-0.0001672761904761,0.0002575989499389,-0.0001185354090354,-0.0001398162148962,-0.0004298476190476,-0.0002828587301587,-0.0003599391208791,-0.0003111274725274,-0.0002926711843711,-0.0002413457875457
-0.0004219459584859,-0.0001183372405372,-0.0001551111111111,0.0002697201709401,-0.0001337329670329,-0.0001367766788766,-0.0004389934065934,-0.000331519047619,-0.0003720376800976,-0.0003081064713064,-0.0002866365079365,-0.0002353111111111
-0.0004462309890109,-0.000130473015873,-0.000142946031746,0.000287902002442,-0.00015197003663,-0.0001367766788766,-0.000442042002442,-0.000377138095238,-0.0003871608791208,-0.0003111274725274,-0.0002866365079365,-0.0002292764346764
-0.0004553378754578,-0.0001547445665445,-0.0001551111111111,0.0003030535286935,-0.0001489305250305,-0.0001550138949938,-0.0004481391941391,-0.0004257984126984,-0.0004083333577533,-0.0003232114774114,-0.0003017231990231,-0.0002443631257631
-0.0004583735042735,-0.000185084004884,-0.0001794412698412,0.0003212353601953,-0.0001398119902319,-0.0001823697191697,-0.0004511877899877,-0.0004744587301587,-0.0004325304761904,-0.0003443584859584,-0.0003198272283272,-0.0002654844932844
-0.0004614091330891,-0.0002093555555555,-0.0002007301587301,0.0003333565811965,-0.0001306934554334,-0.0002036464713064,-0.0004603335775335,-0.0005200777777777,-0.0004537029548229,-0.0003624844932844,-0.0003379312576312,-0.0002866058608058
-0.000470516019536,-0.0002396949938949,-0.0002250603174603,0.0003545687179487,-0.0001215749206349,-0.0002310022954822,-0.0004633821733821,-0.000556573015873,-0.0004748754334554,-0.0003775894993894,-0.0003560352869352,-0.0003077272283272
-0.0004826585347985,-0.0002700344322344,-0.0002402666666666,0.0003757808547008,-0.0001215749206349,-0.0002553185836385,-0.0004664307692307,-0.0005900269841269,-0.0004960479120879,-0.0003957155067155,-0.0003741393162393,-0.0003288485958485
-0.0005008723076923,-0.0003003738705738,-0.0002524317460317,0.0004000232967032,-0.0001246144322344,-0.0002765953357753,-0.0004633821733821,-0.0006234809523809,-0.0005172203907203,-0.0004138415140415,-0.0003922433455433,-0.0003499699633699
-0.0005130148229548,-0.0003246454212454,-0.0002645968253968,0.0004182051282051,-0.0001246144322344,-0.0002948325518925,-0.0004633821733821,-0.0006508523809523,-0.0005353682295482,-0.0004319675213675,-0.0004103473748473,-0.0003650566544566
-0.000519086080586,-0.000345883028083,-0.0002828444444444,0.0004303263492063,-0.0001185354090354,-0.0003130697680097,-0.0004664307692307,-0.0006751825396825,-0.000553516068376,-0.0004470725274725,-0.0004284514041514,-0.0003831606837606
-0.0005281929670329,-0.0003671206349206,-0.0002980507936507,0.0004454778754578,-0.0001154958974358,-0.0003313069841269,-0.0004694793650793,-0.0006903888888888,-0.0005686392673992,-0.0004621775335775,-0.0004405207570207,-0.0003982473748473
-0.0005281929670329,-0.0003913921855921,-0.0003193396825396,0.000457599096459,-0.0001033378510378,-0.0003556232722832,-0.0004694793650793,-0.0007086365079365,-0.0005837624664224,-0.0004772825396825,-0.0004556074481074,-0.000413334065934
-0.0005312285958485,-0.0004156637362637,-0.0003406285714285,0.0004727506227106,-9.421931623931596e-05,-0.00037690002442,-0.0004664307692307,-0.0007208015873015,-0.000595861025641,-0.0004893665445665,-0.0004737114774114,-0.000431438095238
-0.0005281929670329,-0.0004308334554334,-0.0003588761904761,0.0004788112332112,-8.510078144078116e-05,-0.0003951372405372,-0.0004633821733821,-0.0007329666666666,-0.0006079595848595,-0.0004954085470085,-0.0004827634920634,-0.0004404901098901
-0.0005372998534798,-0.0004369013431013,-0.0003619174603174,0.0004848718437118,-8.814029304029276e-05,-0.0003981767765567,-0.0004633821733821,-0.0007420904761904,-0.0006140088644688,-0.0005014505494505,-0.0004827634920634,-0.0004404901098901
-0.0005555136263736,-0.0004490371184371,-0.0003497523809523,0.0005000233699633,-0.0001033378510378,-0.0003981767765567,-0.0004572849816849,-0.0007420904761904,-0.0006140088644688,-0.0004984295482295,-0.0004797461538461,-0.0004374727716727
-0.0005615848840048,-0.000452071062271,-0.0003467111111111,0.0005060839804639,-0.0001063773626373,-0.0003981767765567,-0.0004603335775335,-0.000748173015873,-0.0006170335042735,-0.0005014505494505,-0.0004857808302808,-0.0004435074481074
-0.0005494423687423,-0.0004611728937728,-0.0003679999999999,0.0005030536752136,-9.117980463980436e-05,-0.0004133744566544,-0.0004633821733821,-0.000760338095238,-0.0006261074236874,-0.0005165555555555,-0.0005038848595848,-0.0004585941391941
-0.0005433711111111,-0.0004672407814407,-0.0003771238095238,0.0005030536752136,-8.206126984126955e-05,-0.000422493064713,-0.0004633821733821,-0.000760338095238,-0.0006351813431013,-0.0005225975579975,-0.0005069021978021,-0.0004646288156288
-0.0005494423687423,-0.0004733086691086,-0.0003771238095238,0.0005091142857142,-8.510078144078116e-05,-0.0004255326007326,-0.0004633821733821,-0.000760338095238,-0.0006321567032967,-0.0005225975579975,-0.0005069021978021,-0.0004646288156288
-0.0005464067399267,-0.0004763426129426,-0.0003832063492063,0.0005091142857142,-8.206126984126955e-05,-0.0004285721367521,-0.0004664307692307,-0.0007572968253968,-0.0006351813431013,-0.0005225975579975,-0.0005069021978021,-0.0004676461538461
-0.0005433711111111,-0.0004854444444444,-0.0003953714285714,0.0005121445909645,-7.294273504273476e-05,-0.0004407302808302,-0.0004633821733821,-0.0007572968253968,-0.0006382059829059,-0.0005286395604395,-0.0005129368742368,-0.0004736808302808
-0.0005555136263736,-0.0004915123321123,-0.0003923301587301,0.0005212355067155,-8.206126984126955e-05,-0.0004407302808302,-0.0004572849816849,-0.000760338095238,-0.0006412306227106,-0.0005316605616605,-0.0005159542124542,-0.0004766981684981
-0.0005555136263736,-0.0004915123321123,-0.0003862476190476,0.0005212355067155,-8.510078144078116e-05,-0.0004376907448107,-0.0004542363858363,-0.000760338095238,-0.0006382059829059,-0.0005316605616605,-0.0005189715506715,-0.0004736808302808
-0.0005585492551892,-0.0004915123321123,-0.0003832063492063,0.0005242658119658,-8.814029304029276e-05,-0.0004376907448107,-0.0004511877899877,-0.0007572968253968,-0.0006351813431013,-0.0005286395604395,-0.0005159542124542,-0.0004706634920634
-0.0005676561416361,-0.0004945462759462,-0.000380165079365,0.0005303264224664,-9.421931623931596e-05,-0.0004376907448107,-0.0004481391941391,-0.0007512142857142,-0.0006321567032967,-0.0005286395604395,-0.0005129368742368,-0.0004646288156288
-0.0005615848840048,-0.0004975802197802,-0.0003923301587301,0.0005272961172161,-8.510078144078116e-05,-0.0004437698168498,-0.0004511877899877,-0.0007542555555555,-0.0006351813431013,-0.0005316605616605,-0.0005159542124542,-0.0004676461538461
-0.0005615848840048,-0.0005006141636141,-0.0003953714285714,0.0005303264224664,-8.206126984126955e-05,-0.0004468093528693,-0.0004481391941391,-0.0007542555555555,-0.0006382059829059,-0.0005346815628815,-0.0005189715506715,-0.0004736808302808
-0.0005706917704517,-0.0005006141636141,-0.0003862476190476,0.0005333567277167,-9.117980463980436e-05,-0.0004437698168498,-0.000442042002442,-0.0007512142857142,-0.0006351813431013,-0.0005377025641025,-0.0005219888888888,-0.0004736808302808
-0.0005585492551892,-0.0004975802197802,-0.0003953714285714,0.0005272961172161,-8.206126984126955e-05,-0.0004468093528693,-0.0004481391941391,-0.0007512142857142,-0.0006412306227106,-0.0005437445665445,-0.0005280235653235,-0.0004797155067155
-0.0005494423687423,-0.0004975802197802,-0.0004044952380952,0.0005212355067155,-7.294273504273476e-05,-0.0004498488888888,-0.0004542363858363,-0.0007512142857142,-0.0006472799023199,-0.0005467655677655,-0.0005310409035409,-0.0004857501831501
-0.0005494423687423,-0.0004945462759462,-0.0004014539682539,0.0005212355067155,-7.294273504273476e-05,-0.0004468093528693,-0.0004542363858363,-0.000748173015873,-0.0006442552625152,-0.0005467655677655,-0.0005310409035409,-0.0004887675213675
-0.0005555136263736,-0.0004975802197802,-0.0003984126984126,0.0005242658119658,-7.902175824175796e-05,-0.0004468093528693,-0.0004511877899877,-0.0007451317460317,-0.0006382059829059,-0.0005467655677655,-0.0005340582417582,-0.0004887675213675
-0.0005555136263736,-0.000506682051282,-0.0004044952380952,0.0005303264224664,-7.598224664224636e-05,-0.0004559279609279,-0.0004450905982905,-0.0007420904761904,-0.0006382059829059,-0.0005467655677655,-0.0005340582417582,-0.0004887675213675
-0.0005524779975579,-0.000506682051282,-0.0004075365079365,0.0005272961172161,-7.294273504273476e-05,-0.0004559279609279,-0.0004450905982905,-0.0007360079365079,-0.0006351813431013,-0.0005437445665445,-0.0005310409035409,-0.0004857501831501
-0.0005585492551892,-0.0005036481074481,-0.0004014539682539,0.0005303264224664,-7.902175824175796e-05,-0.0004528884249084,-0.0004450905982905,-0.0007299253968253,-0.0006321567032967,-0.0005346815628815,-0.0005219888888888,-0.0004797155067155
-0.0005676561416361,-0.0004945462759462,-0.0003832063492063,0.0005303264224664,-9.117980463980436e-05,-0.0004376907448107,-0.000442042002442,-0.0007268841269841,-0.0006230827838827,-0.0005286395604395,-0.0005159542124542,-0.0004736808302808
-0.0005737273992673,-0.0004945462759462,-0.000380165079365,0.0005333567277167,-9.725882783882755e-05,-0.0004376907448107,-0.000442042002442,-0.0007268841269841,-0.0006230827838827,-0.0005286395604395,-0.0005219888888888,-0.0004766981684981
-0.0005646205128205,-0.0004945462759462,-0.0003892888888888,0.0005272961172161,-8.814029304029276e-05,-0.0004407302808302,-0.0004450905982905,-0.0007268841269841,-0.0006230827838827,-0.0005346815628815,-0.0005219888888888,-0.0004797155067155
-0.0005555136263736,-0.0004884783882783,-0.0003892888888888,0.0005212355067155,-8.206126984126955e-05,-0.0004376907448107,-0.0004481391941391,-0.0007208015873015,-0.0006230827838827,-0.0005316605616605,-0.0005219888888888,-0.0004797155067155
-0.0005494423687423,-0.0004793765567765,-0.0003892888888888,0.0005121445909645,-7.902175824175796e-05,-0.0004346512087912,-0.0004481391941391,-0.000714719047619,-0.0006200581440781,-0.0005256185592185,-0.0005159542124542,-0.0004766981684981
-0.0005494423687423,-0.0004824105006105,-0.0003892888888888,0.0005151748962148,-7.902175824175796e-05,-0.0004346512087912,-0.0004481391941391,-0.000714719047619,-0.0006170335042735,-0.0005225975579975,-0.0005159542124542,-0.0004736808302808
-0.0005524779975579,-0.0004824105006105,-0.0003832063492063,0.0005151748962148,-8.510078144078116e-05,-0.0004316116727716,-0.0004481391941391,-0.000714719047619,-0.0006170335042735,-0.0005225975579975,-0.0005159542124542,-0.0004736808302808
-0.0005494423687423,-0.0004793765567765,-0.0003832063492063,0.0005121445909645,-8.206126984126955e-05,-0.0004316116727716,-0.0004481391941391,-0.000714719047619,-0.0006170335042735,-0.0005195765567765,-0.0005159542124542,-0.0004736808302808
-0.0005433711111111,-0.0004733086691086,-0.0003832063492063,0.0005060839804639,-7.902175824175796e-05,-0.0004285721367521,-0.0004511877899877,-0.0007116777777777,-0.0006170335042735,-0.0005165555555555,-0.0005099195360195,-0.0004676461538461
-0.0005403354822954,-0.0004702747252747,-0.0003832063492063,0.0005030536752136,-7.902175824175796e-05,-0.0004255326007326,-0.0004572849816849,-0.0007116777777777,-0.0006140088644688,-0.0005135345543345,-0.0005069021978021,-0.0004676461538461
-0.0005494423687423,-0.0004672407814407,-0.0003710412698412,0.0005060839804639,-8.814029304029276e-05,-0.0004194535286935,-0.0004542363858363,-0.0007086365079365,-0.0006109842246642,-0.0005074925518925,-0.0005008675213675,-0.0004646288156288
-0.0005494423687423,-0.0004672407814407,-0.0003679999999999,0.0005060839804639,-9.117980463980436e-05,-0.0004164139926739,-0.0004542363858363,-0.0007086365079365,-0.0006109842246642,-0.0005044715506715,-0.0005038848595848,-0.0004646288156288
-0.0005342642246642,-0.0004642068376068,-0.0003832063492063,0.000496993064713,-7.598224664224636e-05,-0.000422493064713,-0.0004572849816849,-0.0007116777777777,-0.0006140088644688,-0.0005074925518925,-0.0005038848595848,-0.0004676461538461
-0.0005312285958485,-0.0004581389499389,-0.000380165079365,0.0004939627594627,-7.598224664224636e-05,-0.0004194535286935,-0.0004633821733821,-0.000714719047619,-0.0006109842246642,-0.0005044715506715,-0.0005008675213675,-0.0004646288156288
-0.0005433711111111,-0.000455105006105,-0.0003649587301587,0.000496993064713,-8.814029304029276e-05,-0.0004103349206349,-0.0004664307692307,-0.000714719047619,-0.0006079595848595,-0.0005014505494505,-0.0004948328449328,-0.0004555768009768
-0.0005372998534798,-0.0004490371184371,-0.0003679999999999,0.0004909324542124,-8.510078144078116e-05,-0.0004072953846153,-0.0004694793650793,-0.0007177603174603,-0.0006109842246642,-0.0005014505494505,-0.0004918155067155,-0.0004555768009768
-0.0005312285958485,-0.0004460031746031,-0.0003649587301587,0.0004879021489621,-8.206126984126955e-05,-0.0004042558485958,-0.0004725279609279,-0.0007238428571428,-0.0006140088644688,-0.0005014505494505,-0.0004948328449328,-0.0004585941391941
-0.0005433711111111,-0.000452071062271,-0.0003588761904761,0.000496993064713,-9.117980463980436e-05,-0.0004042558485958,-0.0004694793650793,-0.0007238428571428,-0.0006140088644688,-0.0005014505494505,-0.0004918155067155,-0.0004525594627594
-0.0005433711111111,-0.000452071062271,-0.0003619174603174,0.000496993064713,-9.117980463980436e-05,-0.0004072953846153,-0.0004694793650793,-0.0007238428571428,-0.0006170335042735,-0.0005014505494505,-0.0004918155067155,-0.0004525594627594
-0.0005312285958485,-0.0004460031746031,-0.0003679999999999,0.0004879021489621,-8.206126984126955e-05,-0.0004072953846153,-0.0004755765567765,-0.0007268841269841,-0.0006170335042735,-0.0005014505494505,-0.0004918155067155,-0.0004525594627594
-0.0005342642246642,-0.0004429692307692,-0.0003619174603174,0.0004879021489621,-8.510078144078116e-05,-0.0004012163125763,-0.0004755765567765,-0.0007299253968253,-0.0006170335042735,-0.0005014505494505,-0.0004887981684981,-0.0004525594627594
-0.0005433711111111,-0.0004490371184371,-0.0003619174603174,0.0004939627594627,-9.117980463980436e-05,-0.0004042558485958,-0.0004755765567765,-0.0007329666666666,-0.0006200581440781,-0.0005014505494505,-0.0004887981684981,-0.0004555768009768
-0.0005433711111111,-0.0004490371184371,-0.0003619174603174,0.0004939627594627,-9.117980463980436e-05,-0.0004042558485958,-0.0004755765567765,-0.0007360079365079,-0.0006170335042735,-0.0005014505494505,-0.0004887981684981,-0.0004495421245421
-0.0005372998534798,-0.0004460031746031,-0.0003649587301587,0.0004909324542124,-8.510078144078116e-05,-0.0004042558485958,-0.0004816737484737,-0.0007360079365079,-0.0006170335042735,-0.0004984295482295,-0.0004857808302808,-0.0004465247863247
-0.0005342642246642,-0.0004490371184371,-0.0003710412698412,0.0004909324542124,-8.206126984126955e-05,-0.0004103349206349,-0.0004816737484737,-0.0007390492063492,-0.0006200581440781,-0.0005014505494505,-0.0004857808302808,-0.0004495421245421
-0.0005342642246642,-0.000452071062271,-0.0003679999999999,0.0004909324542124,-8.206126984126955e-05,-0.0004103349206349,-0.0004847223443223,-0.0007420904761904,-0.0006230827838827,-0.0005044715506715,-0.0004857808302808,-0.0004495421245421
-0.0005342642246642,-0.000452071062271,-0.0003740825396825,0.0004909324542124,-7.902175824175796e-05,-0.0004133744566544,-0.0004816737484737,-0.000748173015873,-0.000629132063492,-0.0005105135531135,-0.0004948328449328,-0.0004555768009768
-0.0005312285958485,-0.0004490371184371,-0.0003710412698412,0.0004879021489621,-7.902175824175796e-05,-0.0004103349206349,-0.0004816737484737,-0.0007512142857142,-0.0006351813431013,-0.0005135345543345,-0.0004948328449328,-0.0004585941391941
-0.0005312285958485,-0.0004399352869352,-0.0003649587301587,0.0004848718437118,-8.206126984126955e-05,-0.0004012163125763,-0.0004816737484737,-0.0007542555555555,-0.0006321567032967,-0.0005105135531135,-0.0004948328449328,-0.0004585941391941
-0.0005312285958485,-0.0004429692307692,-0.0003710412698412,0.0004848718437118,-7.902175824175796e-05,-0.0004072953846153,-0.0004908195360195,-0.0007572968253968,-0.0006382059829059,-0.0005165555555555,-0.0005008675213675,-0.0004646288156288
-0.0005342642246642,-0.0004490371184371,-0.0003710412698412,0.0004909324542124,-8.206126984126955e-05,-0.0004103349206349,-0.0004908195360195,-0.0007542555555555,-0.0006382059829059,-0.0005135345543345,-0.0004978501831501,-0.0004646288156288
-0.0005403354822954,-0.000455105006105,-0.0003710412698412,0.000496993064713,-8.510078144078116e-05,-0.0004133744566544,-0.0004816737484737,-0.0007512142857142,-0.000629132063492,-0.0005044715506715,-0.0004918155067155,-0.0004585941391941
-0.0005433711111111,-0.000455105006105,-0.0003679999999999,0.000496993064713,-8.814029304029276e-05,-0.0004103349206349,-0.0004755765567765,-0.000748173015873,-0.0006230827838827,-0.0004984295482295,-0.0004857808302808,-0.0004495421245421
-0.0005433711111111,-0.000455105006105,-0.0003649587301587,0.000496993064713,-8.814029304029276e-05,-0.0004103349206349,-0.0004755765567765,-0.0007542555555555,-0.0006261074236874,-0.0005014505494505,-0.0004857808302808,-0.0004495421245421
-0.0005403354822954,-0.000455105006105,-0.0003679999999999,0.000496993064713,-8.510078144078116e-05,-0.0004103349206349,-0.0004847223443223,-0.0007572968253968,-0.0006321567032967,-0.0005044715506715,-0.0004857808302808,-0.0004495421245421
-0.0005494423687423,-0.000455105006105,-0.0003588761904761,0.0005000233699633,-9.421931623931596e-05,-0.0004072953846153,-0.0004877709401709,-0.0007572968253968,-0.0006321567032967,-0.0005044715506715,-0.0004857808302808,-0.0004495421245421
-0.0005555136263736,-0.000455105006105,-0.0003558349206349,0.0005030536752136,-0.0001002983394383,-0.0004042558485958,-0.0004877709401709,-0.000760338095238,-0.0006351813431013,-0.0005105135531135,-0.0004918155067155,-0.0004525594627594
-0.0005433711111111,-0.000452071062271,-0.0003679999999999,0.000496993064713,-8.814029304029276e-05,-0.0004103349206349,-0.0004908195360195,-0.0007664206349206,-0.0006382059829059,-0.0005105135531135,-0.0004948328449328,-0.0004585941391941
-0.0005372998534798,-0.000452071062271,-0.0003679999999999,0.0004939627594627,-8.510078144078116e-05,-0.0004103349206349,-0.0004877709401709,-0.0007633793650793,-0.0006351813431013,-0.0005074925518925,-0.0004887981684981,-0.0004525594627594
-0.0005342642246642,-0.000455105006105,-0.0003740825396825,0.0004939627594627,-7.902175824175796e-05,-0.0004133744566544,-0.0004847223443223,-0.000760338095238,-0.0006321567032967,-0.0005044715506715,-0.0004887981684981,-0.0004525594627594
-0.0005372998534798,-0.0004611728937728,-0.0003771238095238,0.000496993064713,-7.902175824175796e-05,-0.0004194535286935,-0.0004877709401709,-0.0007633793650793,-0.0006382059829059,-0.0005105135531135,-0.0004948328449328,-0.0004585941391941
-0.0005524779975579,-0.0004611728937728,-0.0003649587301587,0.0005060839804639,-9.421931623931596e-05,-0.0004133744566544,-0.0004847223443223,-0.0007633793650793,-0.0006382059829059,-0.0005074925518925,-0.0004918155067155,-0.0004585941391941
-0.0005555136263736,-0.000455105006105,-0.0003558349206349,0.0005030536752136,-0.0001002983394383,-0.0004042558485958,-0.0004816737484737,-0.0007633793650793,-0.0006351813431013,-0.0005074925518925,-0.0004887981684981,-0.0004555768009768
-0.0005403354822954,-0.0004642068376068,-0.000380165079365,0.0005000233699633,-7.902175824175796e-05,-0.000422493064713,-0.0004877709401709,-0.0007633793650793,-0.0006442552625152,-0.0005105135531135,-0.0004978501831501,-0.0004585941391941
-0.0005372998534798,-0.0004672407814407,-0.0003892888888888,0.0005000233699633,-7.294273504273476e-05,-0.0004285721367521,-0.0004877709401709,-0.0007633793650793,-0.0006442552625152,-0.0005135345543345,-0.0004978501831501,-0.0004585941391941
-0.0005342642246642,-0.0004672407814407,-0.0003923301587301,0.0005000233699633,-6.990322344322315e-05,-0.0004285721367521,-0.0004938681318681,-0.0007633793650793,-0.0006472799023199,-0.0005165555555555,-0.0005008675213675,-0.0004616114774114
-0.0005372998534798,-0.0004642068376068,-0.0003832063492063,0.0005000233699633,-7.598224664224636e-05,-0.000422493064713,-0.0004908195360195,-0.0007664206349206,-0.0006442552625152,-0.0005165555555555,-0.0005008675213675,-0.0004616114774114
-0.0005494423687423,-0.0004611728937728,-0.0003649587301587,0.0005030536752136,-9.117980463980436e-05,-0.0004133744566544,-0.0004877709401709,-0.0007633793650793,-0.0006412306227106,-0.0005074925518925,-0.0004918155067155,-0.0004525594627594
-0.0005555136263736,-0.0004611728937728,-0.0003588761904761,0.0005060839804639,-9.725882783882755e-05,-0.0004103349206349,-0.0004877709401709,-0.000760338095238,-0.0006382059829059,-0.0005074925518925,-0.0004887981684981,-0.0004495421245421
-0.0005433711111111,-0.0004611728937728,-0.0003740825396825,0.0005000233699633,-8.510078144078116e-05,-0.0004164139926739,-0.0004908195360195,-0.000760338095238,-0.0006412306227106,-0.0005105135531135,-0.0004918155067155,-0.0004525594627594
-0.0005403354822954,-0.0004702747252747,-0.0003832063492063,0.0005030536752136,-7.902175824175796e-05,-0.0004255326007326,-0.0004938681318681,-0.0007633793650793,-0.0006412306227106,-0.0005105135531135,-0.0004948328449328,-0.0004555768009768
-0.0005464067399267,-0.0004702747252747,-0.000380165079365,0.0005060839804639,-8.206126984126955e-05,-0.0004255326007326,-0.0004908195360195,-0.0007633793650793,-0.0006442552625152,-0.0005105135531135,-0.0004948328449328,-0.0004555768009768
-0.0005403354822954,-0.0004672407814407,-0.000380165079365,0.0005030536752136,-7.902175824175796e-05,-0.000422493064713,-0.0004908195360195,-0.0007633793650793,-0.0006442552625152,-0.0005135345543345,-0.0004948328449328,-0.0004555768009768
-0.0005342642246642,-0.0004642068376068,-0.0003862476190476,0.000496993064713,-7.294273504273476e-05,-0.0004255326007326,-0.0004969167277167,-0.0007633793650793,-0.0006472799023199,-0.0005135345543345,-0.0004978501831501,-0.0004555768009768
-0.0005372998534798,-0.0004642068376068,-0.000380165079365,0.0005000233699633,-7.902175824175796e-05,-0.000422493064713,-0.0004969167277167,-0.0007633793650793,-0.0006472799023199,-0.0005135345543345,-0.0004978501831501,-0.0004555768009768
-0.0005403354822954,-0.0004672407814407,-0.0003832063492063,0.0005030536752136,-7.902175824175796e-05,-0.0004255326007326,-0.0004969167277167,-0.0007664206349206,-0.0006533291819291,-0.0005165555555555,-0.0004978501831501,-0.0004616114774114
-0.0005342642246642,-0.0004702747252747,-0.0003923301587301,0.0005000233699633,-6.990322344322315e-05,-0.0004316116727716,-0.0004969167277167,-0.0007664206349206,-0.0006533291819291,-0.0005195765567765,-0.0005008675213675,-0.0004646288156288
-0.0005312285958485,-0.0004702747252747,-0.0003923301587301,0.0005000233699633,-6.990322344322315e-05,-0.0004316116727716,-0.0004938681318681,-0.0007664206349206,-0.0006563538217338,-0.0005225975579975,-0.0005038848595848,-0.0004646288156288
-0.0005342642246642,-0.0004642068376068,-0.0003832063492063,0.000496993064713,-7.598224664224636e-05,-0.000422493064713,-0.0004969167277167,-0.0007633793650793,-0.0006533291819291,-0.0005195765567765,-0.0004978501831501,-0.0004585941391941
-0.0005342642246642,-0.0004642068376068,-0.0003832063492063,0.000496993064713,-7.598224664224636e-05,-0.000422493064713,-0.0004999653235653,-0.0007633793650793,-0.0006563538217338,-0.0005165555555555,-0.0004978501831501,-0.0004585941391941
-0.0005403354822954,-0.0004642068376068,-0.000380165079365,0.0005000233699633,-7.902175824175796e-05,-0.000422493064713,-0.0005030139194139,-0.0007664206349206,-0.0006563538217338,-0.0005165555555555,-0.0005008675213675,-0.0004616114774114
-0.0005433711111111,-0.0004642068376068,-0.0003771238095238,0.0005030536752136,-8.206126984126955e-05,-0.0004194535286935,-0.0005030139194139,-0.0007664206349206,-0.0006563538217338,-0.0005195765567765,-0.0005038848595848,-0.0004646288156288
-0.0005372998534798,-0.0004611728937728,-0.0003832063492063,0.000496993064713,-7.598224664224636e-05,-0.000422493064713,-0.0004999653235653,-0.0007694619047619,-0.0006533291819291,-0.0005195765567765,-0.0005038848595848,-0.0004646288156288
-0.0005372998534798,-0.0004611728937728,-0.000380165079365,0.000496993064713,-7.902175824175796e-05,-0.0004194535286935,-0.0004969167277167,-0.0007664206349206,-0.0006472799023199,-0.0005105135531135,-0.0004978501831501,-0.0004555768009768
-0.0005403354822954,-0.0004642068376068,-0.0003832063492063,0.0005000233699633,-7.902175824175796e-05,-0.000422493064713,-0.0004999653235653,-0.0007633793650793,-0.0006472799023199,-0.0005105135531135,-0.0004918155067155,-0.0004495421245421
-0.0005372998534798,-0.0004672407814407,-0.0003862476190476,0.0005000233699633,-7.598224664224636e-05,-0.0004255326007326,-0.0005030139194139,-0.0007664206349206,-0.0006533291819291,-0.0005135345543345,-0.0004948328449328,-0.0004525594627594
-0.0005464067399267,-0.0004702747252747,-0.000380165079365,0.0005060839804639,-8.206126984126955e-05,-0.0004255326007326,-0.0004999653235653,-0.0007664206349206,-0.0006533291819291,-0.0005135345543345,-0.0004978501831501,-0.0004555768009768
-0.0005433711111111,-0.0004702747252747,-0.0003832063492063,0.0005060839804639,-7.902175824175796e-05,-0.0004255326007326,-0.0004969167277167,-0.0007633793650793,-0.0006503045421245,-0.0005135345543345,-0.0004978501831501,-0.0004555768009768
-0.0005312285958485,-0.0004672407814407,-0.0003892888888888,0.000496993064713,-6.990322344322315e-05,-0.0004285721367521,-0.0004999653235653,-0.0007664206349206,-0.0006533291819291,-0.0005135345543345,-0.0004978501831501,-0.0004555768009768
-0.0005372998534798,-0.0004581389499389,-0.0003771238095238,0.000496993064713,-7.902175824175796e-05,-0.0004164139926739,-0.0004969167277167,-0.0007633793650793,-0.0006533291819291,-0.0005105135531135,-0.0004948328449328,-0.0004525594627594
-0.0005403354822954,-0.000452071062271,-0.0003679999999999,0.0004939627594627,-8.510078144078116e-05,-0.0004103349206349,-0.0004969167277167,-0.0007633793650793,-0.0006563538217338,-0.0005135345543345,-0.0004948328449328,-0.0004555768009768
-0.0005281929670329,-0.0004429692307692,-0.0003710412698412,0.0004848718437118,-7.902175824175796e-05,-0.0004072953846153,-0.0004938681318681,-0.000760338095238,-0.0006533291819291,-0.0005135345543345,-0.0004978501831501,-0.0004555768009768
-0.0005221217094017,-0.0004429692307692,-0.0003740825396825,0.0004818415384615,-7.294273504273476e-05,-0.0004072953846153,-0.0004908195360195,-0.0007542555555555,-0.0006442552625152,-0.0005074925518925,-0.0004918155067155,-0.0004525594627594
-0.000519086080586,-0.0004460031746031,-0.000380165079365,0.0004818415384615,-6.990322344322315e-05,-0.0004133744566544,-0.0004847223443223,-0.0007451317460317,-0.0006351813431013,-0.0004954085470085,-0.0004827634920634,-0.0004435074481074
-0.0005099791941391,-0.0004369013431013,-0.000380165079365,0.0004727506227106,-6.382420024419996e-05,-0.0004072953846153,-0.0004786251526251,-0.0007360079365079,-0.000629132063492,-0.0004863455433455,-0.0004737114774114,-0.0004344554334554
-0.0005008723076923,-0.0004156637362637,-0.0003710412698412,0.000457599096459,-6.382420024419996e-05,-0.0003920977045177,-0.0004786251526251,-0.0007329666666666,-0.0006261074236874,-0.0004833245421245,-0.0004706941391941,-0.000431438095238
-0.000494801050061,-0.0003853242979242,-0.0003467111111111,0.0004394172649572,-7.294273504273476e-05,-0.0003647418803418,-0.0004633821733821,-0.0007238428571428,-0.0006109842246642,-0.0004742615384615,-0.0004616421245421,-0.0004254034188034
-0.000494801050061,-0.0003671206349206,-0.0003254222222222,0.0004303263492063,-8.510078144078116e-05,-0.0003465046642246,-0.0004572849816849,-0.0007055952380952,-0.000595861025641,-0.0004591565323565,-0.0004495727716727,-0.000413334065934
-0.0004796229059829,-0.0003610527472527,-0.0003315047619047,0.0004182051282051,-7.294273504273476e-05,-0.0003465046642246,-0.0004664307692307,-0.0006964714285714,-0.0005898117460317,-0.0004531145299145,-0.0004465554334554,-0.0004103167277167
-0.0004644447619047,-0.0003549848595848,-0.0003406285714285,0.0004091142124542,-6.078468864468836e-05,-0.0003465046642246,-0.0004786251526251,-0.0006903888888888,-0.0005837624664224,-0.0004500935286935,-0.0004405207570207,-0.0004103167277167
-0.0004614091330891,-0.0003489169719169,-0.0003406285714285,0.0004030536019536,-6.078468864468836e-05,-0.0003434651282051,-0.0004877709401709,-0.0006843063492063,-0.0005837624664224,-0.0004470725274725,-0.0004405207570207,-0.0004103167277167
-0.0004735516483516,-0.0003610527472527,-0.0003436698412698,0.0004151748229548,-6.382420024419996e-05,-0.0003525837362637,-0.0005121597069597,-0.0007025539682539,-0.0005898117460317,-0.0004531145299145,-0.000443538095238,-0.0004072993894993
-0.0004796229059829,-0.0003762224664224,-0.0003527936507936,0.000427296043956,-6.382420024419996e-05,-0.0003647418803418,-0.0005334998778998,-0.0007268841269841,-0.0006049349450549,-0.0004621775335775,-0.0004495727716727,-0.0004072993894993
-0.0004735516483516,-0.0003822903540903,-0.0003649587301587,0.000427296043956,-5.470566544566516e-05,-0.0003738604884004,-0.0005365484737484,-0.0007360079365079,-0.0006170335042735,-0.0004682195360195,-0.0004556074481074,-0.0004103167277167
-0.0004735516483516,-0.00039746007326,-0.0003771238095238,0.0004333566544566,-4.862664224664196e-05,-0.0003860186324786,-0.0005365484737484,-0.0007451317460317,-0.0006351813431013,-0.0004833245421245,-0.0004646594627594,-0.0004193687423687
-0.0004826585347985,-0.0004126297924297,-0.0003862476190476,0.0004454778754578,-4.862664224664196e-05,-0.0003981767765567,-0.000539597069597,-0.0007572968253968,-0.0006533291819291,-0.0005014505494505,-0.0004767288156288,-0.000431438095238
-0.0004887297924297,-0.0004156637362637,-0.000380165079365,0.0004515384859584,-5.470566544566516e-05,-0.0003981767765567,-0.0005365484737484,-0.0007572968253968,-0.0006533291819291,-0.0005044715506715,-0.0004767288156288,-0.0004344554334554
-0.0004826585347985,-0.0004126297924297,-0.0003832063492063,0.0004454778754578,-4.862664224664196e-05,-0.0003981767765567,-0.0005334998778998,-0.000760338095238,-0.0006533291819291,-0.0004984295482295,-0.0004737114774114,-0.000431438095238
-0.0004826585347985,-0.0004277995115995,-0.0003984126984126,0.0004545687912087,-4.254761904761877e-05,-0.0004133744566544,-0.000539597069597,-0.0007633793650793,-0.0006593784615384,-0.0005014505494505,-0.0004797461538461,-0.0004344554334554
-0.0004978366788766,-0.0004581389499389,-0.0004166603174603,0.0004757809279609,-3.950810744810717e-05,-0.0004376907448107,-0.000539597069597,-0.0007694619047619,-0.0006684523809523,-0.0005135345543345,-0.0004887981684981,-0.0004465247863247
-0.0005039079365079,-0.0004702747252747,-0.0004257841269841,0.0004848718437118,-3.950810744810717e-05,-0.0004468093528693,-0.000539597069597,-0.0007755444444444,-0.0006835755799755,-0.0005225975579975,-0.0004978501831501,-0.0004525594627594
-0.0005039079365079,-0.0004672407814407,-0.0004197015873015,0.0004848718437118,-4.254761904761877e-05,-0.0004437698168498,-0.0005426456654456,-0.0007816269841269,-0.0006866002197802,-0.0005225975579975,-0.0005008675213675,-0.0004555768009768
-0.0005160504517704,-0.0004611728937728,-0.0003984126984126,0.0004879021489621,-5.774517704517676e-05,-0.0004285721367521,-0.0005365484737484,-0.0007846682539682,-0.0006835755799755,-0.0005256185592185,-0.0005008675213675,-0.0004585941391941
-0.0005281929670329,-0.0004672407814407,-0.0003953714285714,0.000496993064713,-6.686371184371155e-05,-0.0004316116727716,-0.0005304512820512,-0.0007877095238095,-0.0006866002197802,-0.0005316605616605,-0.0005069021978021,-0.0004676461538461
-0.0005372998534798,-0.0004824105006105,-0.0003984126984126,0.0005091142857142,-6.990322344322315e-05,-0.0004407302808302,-0.000524354090354,-0.0007877095238095,-0.0006866002197802,-0.0005346815628815,-0.0005129368742368,-0.0004706634920634
-0.0005585492551892,-0.0005036481074481,-0.0003984126984126,0.0005303264224664,-7.902175824175796e-05,-0.0004498488888888,-0.0005182568986568,-0.0007877095238095,-0.0006896248595848,-0.0005407235653235,-0.0005159542124542,-0.0004676461538461
-0.0005585492551892,-0.0005097159951159,-0.0004075365079365,0.0005333567277167,-7.598224664224636e-05,-0.0004589674969474,-0.0005213054945054,-0.0007968333333333,-0.0006986987789987,-0.0005437445665445,-0.0005189715506715,-0.0004676461538461
-0.0005494423687423,-0.000506682051282,-0.0004105777777777,0.0005272961172161,-6.990322344322315e-05,-0.0004589674969474,-0.000524354090354,-0.0007998746031746,-0.0007017234188034,-0.0005437445665445,-0.0005189715506715,-0.0004676461538461
-0.0005433711111111,-0.0005036481074481,-0.000413619047619,0.0005212355067155,-6.382420024419996e-05,-0.0004589674969474,-0.000524354090354,-0.0007968333333333,-0.0006956741391941,-0.0005407235653235,-0.0005159542124542,-0.0004646288156288
-0.0005433711111111,-0.0005036481074481,-0.000413619047619,0.0005212355067155,-6.382420024419996e-05,-0.0004589674969474,-0.000524354090354,-0.0007907507936507,-0.0006926494993894,-0.0005377025641025,-0.0005099195360195,-0.0004616114774114
-0.0005433711111111,-0.000506682051282,-0.000413619047619,0.0005242658119658,-6.382420024419996e-05,-0.0004589674969474,-0.000524354090354,-0.000793792063492,-0.0006896248595848,-0.0005377025641025,-0.0005099195360195,-0.0004646288156288
-0.0005494423687423,-0.0004975802197802,-0.0004014539682539,0.0005212355067155,-7.294273504273476e-05,-0.0004498488888888,-0.000524354090354,-0.000793792063492,-0.0006896248595848,-0.0005377025641025,-0.0005129368742368,-0.0004676461538461
-0.0005585492551892,-0.0004915123321123,-0.0003892888888888,0.0005242658119658,-8.510078144078116e-05,-0.0004407302808302,-0.0005182568986568,-0.0007877095238095,-0.0006866002197802,-0.0005346815628815,-0.0005129368742368,-0.0004706634920634
-0.0005585492551892,-0.0004824105006105,-0.000380165079365,0.0005182052014652,-8.814029304029276e-05,-0.0004316116727716,-0.0005182568986568,-0.0007846682539682,-0.0006745016605616,-0.0005256185592185,-0.0005038848595848,-0.0004616114774114
-0.0005464067399267,-0.0004763426129426,-0.0003862476190476,0.0005091142857142,-7.902175824175796e-05,-0.0004316116727716,-0.0005213054945054,-0.0007816269841269,-0.000671477020757,-0.0005225975579975,-0.0005008675213675,-0.0004585941391941
-0.0005403354822954,-0.0004793765567765,-0.0003953714285714,0.0005091142857142,-7.294273504273476e-05,-0.0004376907448107,-0.0005274026862026,-0.0007877095238095,-0.0006745016605616,-0.0005225975579975,-0.0005038848595848,-0.0004616114774114
-0.0005494423687423,-0.0004824105006105,-0.0003892888888888,0.0005151748962148,-7.902175824175796e-05,-0.0004346512087912,-0.0005274026862026,-0.0007907507936507,-0.0006745016605616,-0.0005225975579975,-0.0005008675213675,-0.0004555768009768
-0.0005524779975579,-0.0004884783882783,-0.0003862476190476,0.0005182052014652,-8.206126984126955e-05,-0.0004376907448107,-0.0005274026862026,-0.0007816269841269,-0.0006624031013431,-0.0005135345543345,-0.0004948328449328,-0.0004525594627594
-0.0005615848840048,-0.0004824105006105,-0.0003771238095238,0.0005212355067155,-9.117980463980436e-05,-0.0004285721367521,-0.0005152083028083,-0.0007451317460317,-0.0006200581440781,-0.0004984295482295,-0.0004948328449328,-0.0004616114774114
-0.0005615848840048,-0.0004277995115995,-0.0003223809523809,0.0004939627594627,-0.0001185354090354,-0.0003738604884004,-0.0005091111111111,-0.0007055952380952,-0.000553516068376,-0.0004621775335775,-0.0004797461538461,-0.0004616114774114
-0.0005221217094017,-0.0002973399267399,-0.0002311428571428,0.0004091142124542,-0.000145891013431,-0.0002644371916971,-0.0005334998778998,-0.0006326047619047,-0.0004506783150183,-0.0003775894993894,-0.0004193993894993,-0.0004254034188034
-0.0004340884737484,-0.0001001335775335,-0.0001216571428571,0.0002666898656898,-0.0001550095482295,-0.0001094208547008,-0.000585326007326,-0.0004957476190476,-0.0002782738461538,-0.0002023714285714,-0.0002866365079365,-0.0003439352869352
-0.0002883782905982,0.0001638195360195,-6.088888888888796e-06,6.0629108669108703e-05,-0.0001398119902319,7.903037851037847e-05,-0.0006859296703296,-0.0004501285714285,-7.864761904761912e-05,5.139267399267347e-05,-7.240549450549465e-05,-0.0001840163614163
-0.0001305255921855,0.0005096891330891,0.0001794285714285,-0.0001878559218559,-0.0001550095482295,0.00034347001221,-0.0009084771672771,-0.0006843063492063,7.25843711843711e-05,0.0003565137973137,0.0002383803418803,9.056141636141577e-05
2.4291477411477133e-05,0.0008343211233211,0.0003466984126984,-0.00042725003663,-0.0001610885714285,0.0005896724297924,-0.0012316283272283,-0.0010766301587301,9.678148962148952e-05,0.0006404879120879,0.0005702875457875,0.0004103992673992
0.0001578591452991,0.0010679347985347,0.000444019047619,-0.0006120986568986,-0.0001428515018315,0.0007568469108669,-0.0015761196581196,-0.0014719952380952,-9.080903540903622e-06,0.0008126849816849,0.0008267612942612,0.0006910117216117
0.0002094648351648,0.001052765079365,0.0003771111111111,-0.0006302804884004,-8.206126984126955e-05,0.0007142934065934,-0.0017803755799755,-0.0017213793650793,-0.0002359288888888,0.0007160129426129,0.0008388306471306,0.0008026532356532
7.5897167277167e-05,0.0005339606837606,-6.088888888888796e-06,-0.0003030075213675,3.9519194139194425e-05,0.000264442075702,-0.0016889177045177,-0.0018369476190476,-0.000671477020757,0.0001964007326007,0.000449594017094,0.0005763528693528
-0.000200345054945,6.05445665445685e-06,-0.0002524317460317,9.699277167277173e-05,2.4321636141636424e-05,-0.0001215789987789,-0.0014694188034188,-0.002022465079365,-0.0011342469108669,-0.0003594634920634,2.414932844932829e-05,0.000301775091575
-0.0004310528449328,-0.0002063216117216,-0.0002250603174603,0.000318205054945,-0.0001033378510378,-0.0002158046153846,-0.0012834544566544,-0.0021137031746031,-0.0013671441758241,-0.0006555216117216,-0.0002081857142857,0.0001358214896214
-0.0005403354822954,-0.0003701545787545,-0.0002828444444444,0.0004545687912087,-0.0001276539438339,-0.0003252279120879,-0.0011371218559218,-0.0019281857142857,-0.0013580702564102,-0.0007612566544566,-0.0003681046398046,-3.918412698412759e-05
-0.0005797986568986,-0.0004611728937728,-0.0003375873015873,0.0005182052014652,-0.0001215749206349,-0.0003981767765567,-0.0010273724053724,-0.0016635952380952,-0.0012219614652014,-0.0007401096459096,-0.0004405207570207,-0.0001749643467643
-0.0005858699145299,-0.0004733086691086,-0.0003436698412698,0.0005272961172161,-0.0001215749206349,-0.0004072953846153,-0.0009115257631257,-0.0014111698412698,-0.0010707294749694,-0.0006796896214896,-0.0004616421245421,-0.0002624671550671
-0.0005706917704517,-0.0004763426129426,-0.0003588761904761,0.0005212355067155,-0.0001063773626373,-0.0004164139926739,-0.0007743389499389,-0.0011800333333333,-0.0009436946031746,-0.0006343746031746,-0.0004827634920634,-0.0003348832722832
-0.0005494423687423,-0.0004642068376068,-0.0003710412698412,0.0005060839804639,-8.814029304029276e-05,-0.0004164139926739,-0.0006432493284493,-0.0009671444444444,-0.000822709010989,-0.0005799965811965,-0.0004827634920634,-0.0003831606837606
-0.0005312285958485,-0.0004399352869352,-0.0003679999999999,0.0004848718437118,-8.206126984126955e-05,-0.0004042558485958,-0.00055484004884,-0.0008211634920634,-0.0007228958974358,-0.0005225975579975,-0.0004646594627594,-0.00039523003663
-0.0005281929670329,-0.0004247655677655,-0.0003558349206349,0.0004757809279609,-8.510078144078116e-05,-0.0003890581684981,-0.0005121597069597,-0.000748173015873,-0.0006654277411477,-0.0004893665445665,-0.0004525901098901,-0.00039523003663
-0.0005342642246642,-0.0004247655677655,-0.0003497523809523,0.0004788112332112,-9.117980463980436e-05,-0.0003860186324786,-0.0004938681318681,-0.0007208015873015,-0.0006442552625152,-0.0004833245421245,-0.0004525901098901,-0.0003982473748473
-0.0005281929670329,-0.0004338673992673,-0.0003619174603174,0.0004788112332112,-8.206126984126955e-05,-0.0003981767765567,-0.0004877709401709,-0.0007055952380952,-0.0006442552625152,-0.0004923875457875,-0.0004616421245421,-0.0004103167277167
-0.0005251573382173,-0.0004429692307692,-0.0003710412698412,0.0004818415384615,-7.598224664224636e-05,-0.0004072953846153,-0.0004816737484737,-0.0006934301587301,-0.0006442552625152,-0.0004984295482295,-0.0004737114774114,-0.000422386080586
-0.0005281929670329,-0.0004460031746031,-0.0003740825396825,0.0004848718437118,-7.598224664224636e-05,-0.0004103349206349,-0.0004786251526251,-0.0006843063492063,-0.0006382059829059,-0.0005014505494505,-0.0004767288156288,-0.0004344554334554
-0.0005342642246642,-0.0004460031746031,-0.0003679999999999,0.0004879021489621,-8.206126984126955e-05,-0.0004072953846153,-0.0004694793650793,-0.0006721412698412,-0.000629132063492,-0.0004984295482295,-0.0004797461538461,-0.0004374727716727
-0.0005342642246642,-0.0004429692307692,-0.0003649587301587,0.0004879021489621,-8.510078144078116e-05,-0.0004042558485958,-0.0004633821733821,-0.0006630174603174,-0.0006170335042735,-0.0004954085470085,-0.0004827634920634,-0.0004404901098901
-0.0005342642246642,-0.0004490371184371,-0.0003679999999999,0.0004909324542124,-8.206126984126955e-05,-0.0004072953846153,-0.0004603335775335,-0.0006538936507936,-0.0006109842246642,-0.0004954085470085,-0.0004827634920634,-0.0004404901098901
-0.0005342642246642,-0.0004460031746031,-0.0003679999999999,0.0004879021489621,-8.206126984126955e-05,-0.0004072953846153,-0.0004572849816849,-0.0006447698412698,-0.0006079595848595,-0.0004954085470085,-0.0004797461538461,-0.0004404901098901
-0.0005312285958485,-0.0004490371184371,-0.0003771238095238,0.0004879021489621,-7.598224664224636e-05,-0.0004133744566544,-0.0004572849816849,-0.0006447698412698,-0.0006109842246642,-0.0005014505494505,-0.0004857808302808,-0.0004495421245421
-0.0005281929670329,-0.0004429692307692,-0.0003710412698412,0.0004848718437118,-7.902175824175796e-05,-0.0004072953846153,-0.0004542363858363,-0.0006447698412698,-0.0006079595848595,-0.0004984295482295,-0.0004857808302808,-0.0004495421245421
-0.0005342642246642,-0.0004429692307692,-0.0003619174603174,0.0004879021489621,-8.510078144078116e-05,-0.0004012163125763,-0.0004542363858363,-0.0006386873015873,-0.0006019103052503,-0.0004923875457875,-0.0004827634920634,-0.0004435074481074
-0.0005342642246642,-0.0004460031746031,-0.0003649587301587,0.0004879021489621,-8.510078144078116e-05,-0.0004042558485958,-0.0004481391941391,-0.0006265222222222,-0.0005928363858363,-0.0004833245421245,-0.0004767288156288,-0.0004374727716727
-0.0005281929670329,-0.000452071062271,-0.0003771238095238,0.0004879021489621,-7.598224664224636e-05,-0.0004133744566544,-0.0004481391941391,-0.0006143571428571,-0.0005867871062271,-0.0004803035409035,-0.0004737114774114,-0.0004344554334554
-0.0005251573382173,-0.0004581389499389,-0.0003862476190476,0.0004909324542124,-6.990322344322315e-05,-0.000422493064713,-0.0004511877899877,-0.0006143571428571,-0.0005898117460317,-0.0004863455433455,-0.0004767288156288,-0.0004374727716727
-0.0005251573382173,-0.0004490371184371,-0.0003740825396825,0.0004848718437118,-7.598224664224636e-05,-0.0004103349206349,-0.0004481391941391,-0.0006113158730158,-0.0005928363858363,-0.0004893665445665,-0.0004797461538461,-0.0004404901098901
-0.0005312285958485,-0.0004429692307692,-0.0003679999999999,0.0004848718437118,-8.206126984126955e-05,-0.0004042558485958,-0.0004511877899877,-0.0006052333333333,-0.0005898117460317,-0.0004893665445665,-0.0004797461538461,-0.0004435074481074
-0.0005251573382173,-0.0004429692307692,-0.0003740825396825,0.0004818415384615,-7.598224664224636e-05,-0.0004072953846153,-0.0004511877899877,-0.000602192063492,-0.0005867871062271,-0.0004893665445665,-0.0004827634920634,-0.0004435074481074
-0.0005160504517704,-0.0004460031746031,-0.0003832063492063,0.0004788112332112,-6.686371184371155e-05,-0.0004133744566544,-0.0004542363858363,-0.0005930682539682,-0.0005837624664224,-0.0004923875457875,-0.0004857808302808,-0.0004465247863247
-0.0005160504517704,-0.000452071062271,-0.0003892888888888,0.0004818415384615,-6.382420024419996e-05,-0.0004194535286935,-0.0004542363858363,-0.0005900269841269,-0.0005837624664224,-0.0004893665445665,-0.0004857808302808,-0.0004465247863247
-0.000519086080586,-0.0004490371184371,-0.0003862476190476,0.0004818415384615,-6.686371184371155e-05,-0.0004164139926739,-0.0004511877899877,-0.0005869857142857,-0.0005837624664224,-0.0004863455433455,-0.0004857808302808,-0.0004465247863247
-0.0005160504517704,-0.0004399352869352,-0.000380165079365,0.0004757809279609,-6.686371184371155e-05,-0.0004103349206349,-0.0004481391941391,-0.0005869857142857,-0.0005837624664224,-0.0004863455433455,-0.0004887981684981,-0.0004495421245421
-0.0005130148229548,-0.0004399352869352,-0.0003832063492063,0.0004757809279609,-6.382420024419996e-05,-0.0004103349206349,-0.0004481391941391,-0.0005748206349206,-0.0005777131868131,-0.0004863455433455,-0.0004887981684981,-0.0004495421245421
-0.0005160504517704,-0.0004490371184371,-0.0003892888888888,0.0004818415384615,-6.382420024419996e-05,-0.0004194535286935,-0.0004450905982905,-0.0005596142857142,-0.0005686392673992,-0.0004803035409035,-0.0004857808302808,-0.0004435074481074
-0.0005160504517704,-0.0004611728937728,-0.0003984126984126,0.0004879021489621,-5.774517704517676e-05,-0.0004285721367521,-0.0004359448107448,-0.0005504904761904,-0.0005625899877899,-0.0004772825396825,-0.0004827634920634,-0.0004435074481074
-0.000519086080586,-0.0004611728937728,-0.0003984126984126,0.0004879021489621,-6.078468864468836e-05,-0.0004285721367521,-0.0004328962148962,-0.0005444079365079,-0.0005595653479853,-0.0004742615384615,-0.0004827634920634,-0.0004435074481074
-0.000519086080586,-0.0004490371184371,-0.0003862476190476,0.0004818415384615,-6.686371184371155e-05,-0.0004164139926739,-0.0004359448107448,-0.0005413666666666,-0.0005595653479853,-0.0004772825396825,-0.0004797461538461,-0.0004465247863247
-0.0005251573382173,-0.0004429692307692,-0.0003740825396825,0.0004818415384615,-7.598224664224636e-05,-0.0004072953846153,-0.0004389934065934,-0.0005322428571428,-0.0005595653479853,-0.0004803035409035,-0.0004827634920634,-0.0004495421245421
-0.0005221217094017,-0.0004490371184371,-0.0003832063492063,0.0004848718437118,-6.990322344322315e-05,-0.0004164139926739,-0.0004389934065934,-0.000523119047619,-0.0005565407081807,-0.0004803035409035,-0.0004887981684981,-0.0004555768009768
-0.0005160504517704,-0.000455105006105,-0.0003923301587301,0.0004848718437118,-6.078468864468836e-05,-0.000422493064713,-0.0004359448107448,-0.0005109539682539,-0.0005474667887667,-0.0004772825396825,-0.0004857808302808,-0.0004555768009768
-0.0005160504517704,-0.000452071062271,-0.0003923301587301,0.0004818415384615,-6.078468864468836e-05,-0.000422493064713,-0.0004298476190476,-0.0004987888888888,-0.0005444421489621,-0.0004742615384615,-0.0004857808302808,-0.0004555768009768
-0.0005130148229548,-0.000452071062271,-0.0003923301587301,0.0004818415384615,-6.078468864468836e-05,-0.000422493064713,-0.000426799023199,-0.000489665079365,-0.0005414175091575,-0.0004772825396825,-0.0004887981684981,-0.0004525594627594
-0.0005099791941391,-0.000455105006105,-0.0004014539682539,0.0004818415384615,-5.470566544566516e-05,-0.0004285721367521,-0.0004237504273504,-0.0004744587301587,-0.0005353682295482,-0.0004742615384615,-0.0004857808302808,-0.0004495421245421
-0.0005069435653235,-0.0004611728937728,-0.0004105777777777,0.0004818415384615,-4.862664224664196e-05,-0.0004346512087912,-0.0004237504273504,-0.0004562111111111,-0.0005262943101343,-0.0004621775335775,-0.0004767288156288,-0.0004435074481074
-0.0005099791941391,-0.0004581389499389,-0.0004044952380952,0.0004818415384615,-5.166615384615356e-05,-0.0004316116727716,-0.0004207018315018,-0.000444046031746,-0.0005232696703296,-0.0004621775335775,-0.0004767288156288,-0.0004465247863247
-0.0005008723076923,-0.0004460031746031,-0.0003984126984126,0.0004727506227106,-5.166615384615356e-05,-0.000422493064713,-0.0004207018315018,-0.0004379634920634,-0.0005293189499389,-0.0004682195360195,-0.0004827634920634,-0.0004495421245421
-0.0004917654212454,-0.0004277995115995,-0.0003862476190476,0.000457599096459,-5.166615384615356e-05,-0.0004072953846153,-0.0004207018315018,-0.0004257984126984,-0.0005262943101343,-0.0004682195360195,-0.0004827634920634,-0.0004525594627594
-0.000494801050061,-0.0004277995115995,-0.0003832063492063,0.0004606294017094,-5.470566544566516e-05,-0.0004042558485958,-0.0004146046398046,-0.0004075507936507,-0.0005141957509157,-0.0004591565323565,-0.0004767288156288,-0.0004495421245421
-0.0004917654212454,-0.0004399352869352,-0.0004014539682539,0.0004636597069597,-4.558713064713037e-05,-0.0004194535286935,-0.0004085074481074,-0.0003832206349206,-0.0004990725518925,-0.0004531145299145,-0.0004737114774114,-0.0004435074481074
-0.0004917654212454,-0.0004429692307692,-0.0004044952380952,0.00046669001221,-4.254761904761877e-05,-0.000422493064713,-0.0004054588522588,-0.000364973015873,-0.0004930232722832,-0.0004500935286935,-0.0004737114774114,-0.0004435074481074
-0.000494801050061,-0.0004338673992673,-0.0003923301587301,0.0004636597069597,-5.166615384615356e-05,-0.0004133744566544,-0.000396313064713,-0.0003467253968253,-0.0004869739926739,-0.0004470725274725,-0.0004676768009768,-0.0004374727716727
-0.0004917654212454,-0.0004217316239316,-0.0003862476190476,0.0004545687912087,-5.166615384615356e-05,-0.0004042558485958,-0.0003932644688644,-0.0003223952380952,-0.00047790007326,-0.0004380095238095,-0.0004616421245421,-0.0004284207570207
-0.0004856941636141,-0.0004065619047619,-0.0003771238095238,0.0004454778754578,-5.470566544566516e-05,-0.0003920977045177,-0.0003902158730158,-0.000298065079365,-0.0004688261538461,-0.0004319675213675,-0.0004586247863247,-0.0004284207570207
-0.0004796229059829,-0.000400494017094,-0.000380165079365,0.0004394172649572,-4.862664224664196e-05,-0.0003890581684981,-0.0003902158730158,-0.0002767761904761,-0.0004567275946275,-0.0004259255189255,-0.0004556074481074,-0.000431438095238
-0.0004614091330891,-0.00039746007326,-0.0003892888888888,0.000427296043956,-3.6468595848595565e-05,-0.0003920977045177,-0.0003902158730158,-0.0002554873015873,-0.0004476536752136,-0.0004229045177045,-0.0004525901098901,-0.0004284207570207
-0.0004523022466422,-0.0003883582417582,-0.0003892888888888,0.0004182051282051,-3.0389572649572364e-05,-0.0003890581684981,-0.0003871672771672,-0.0002311571428571,-0.0004385797557997,-0.0004168625152625,-0.0004495727716727,-0.0004254034188034
-0.0004523022466422,-0.0003792564102564,-0.000380165079365,0.0004151748229548,-3.6468595848595565e-05,-0.0003799395604395,-0.0003871672771672,-0.0002098682539682,-0.0004325304761904,-0.0004168625152625,-0.0004465554334554,-0.0004163514041514
-0.0004462309890109,-0.0003549848595848,-0.0003619174603174,0.0004000232967032,-4.254761904761877e-05,-0.0003586628083028,-0.0003871672771672,-0.0001885793650793,-0.0004204319169719,-0.0004047785103785,-0.0004314687423687,-0.0004012647130647
-0.0004553378754578,-0.0003337472527472,-0.0003315047619047,0.0003939626862026,-6.078468864468836e-05,-0.0003313069841269,-0.0003841186813186,-0.0001612079365079,-0.0004053087179487,-0.0003866525030525,-0.0004103473748473,-0.0003831606837606
-0.0004492666178266,-0.0003246454212454,-0.0003254222222222,0.0003848717704517,-6.078468864468836e-05,-0.0003252279120879,-0.00038107008547,-0.000139919047619,-0.0003932101587301,-0.0003775894993894,-0.0004043126984126,-0.0003741086691086
-0.0004401597313797,-0.0003034078144078,-0.0003162984126984,0.0003697202442002,-6.078468864468836e-05,-0.0003100302319902,-0.00038107008547,-0.0001216714285714,-0.0003841362393162,-0.0003685264957264,-0.0003922433455433,-0.0003680739926739
-0.0004462309890109,-0.0002821702075702,-0.0002950095238095,0.0003636596336996,-7.598224664224636e-05,-0.0002887534798534,-0.00038107008547,-0.0001034238095238,-0.0003750623199023,-0.0003594634920634,-0.0003801739926739,-0.0003529873015873
-0.0004280172161172,-0.0002609326007326,-0.0002889269841269,0.0003424474969474,-6.990322344322315e-05,-0.0002735557997557,-0.0003932644688644,-9.734126984126952e-05,-0.0003720376800976,-0.0003594634920634,-0.0003771566544566,-0.0003439352869352
-0.0004098034432234,-0.0002427289377289,-0.0002889269841269,0.0003242656654456,-6.078468864468836e-05,-0.0002644371916971,-0.0004024102564102,-8.821746031746001e-05,-0.0003629637606837,-0.0003504004884004,-0.0003681046398046,-0.0003318659340659
-0.0004158747008547,-0.0002396949938949,-0.0002828444444444,0.0003272959706959,-6.686371184371155e-05,-0.0002613976556776,-0.000396313064713,-7.605238095238064e-05,-0.0003478405616605,-0.0003352954822954,-0.0003560352869352,-0.0003167792429792
-0.0004158747008547,-0.0002305931623931,-0.0002706793650793,0.0003212353601953,-7.294273504273476e-05,-0.0002492395115995,-0.0003932644688644,-7.30111111111108e-05,-0.0003417912820512,-0.0003262324786324,-0.0003439659340659,-0.0003047098901098
-0.0003946252991452,-0.0002093555555555,-0.0002737206349206,0.0003000232234432,-6.078468864468836e-05,-0.0002401209035409,-0.0004024102564102,-7.909365079365048e-05,-0.0003417912820512,-0.0003232114774114,-0.0003349139194139,-0.0002896231990231
-0.0003915896703296,-0.0001911518925518,-0.0002585142857142,0.0002909323076923,-6.686371184371155e-05,-0.0002249232234432,-0.000411556043956,-8.821746031746001e-05,-0.0003387666422466,-0.0003141484737484,-0.0003228445665445,-0.0002715191697191
-0.0003946252991452,-0.0001759821733821,-0.0002402666666666,0.0002848716971916,-7.598224664224636e-05,-0.000206686007326,-0.0004176532356532,-0.0001034238095238,-0.0003387666422466,-0.0003081064713064,-0.0003107752136752,-0.0002564324786324
-0.000388554041514,-0.0001638463980463,-0.0002311428571428,0.0002757807814407,-7.902175824175796e-05,-0.0001975673992673,-0.000426799023199,-0.0001277539682539,-0.0003448159218559,-0.0003081064713064,-0.0003047405372405,-0.0002473804639804
-0.000388554041514,-0.0001547445665445,-0.0002250603174603,0.0002697201709401,-8.206126984126955e-05,-0.0001884487912087,-0.0004359448107448,-0.0001612079365079,-0.0003508652014652,-0.0003081064713064,-0.0002987058608058,-0.0002413457875457
-0.0004037321855921,-0.0001456427350427,-0.0002007301587301,0.0002727504761904,-0.0001002983394383,-0.0001732511111111,-0.0004450905982905,-0.0002007444444444,-0.0003599391208791,-0.0003081064713064,-0.0002926711843711,-0.0002353111111111
-0.0004098034432234,-0.0001365409035409,-0.0001855238095238,0.0002727504761904,-0.0001124563858363,-0.0001610929670329,-0.0004633821733821,-0.0002463634920634,-0.0003750623199023,-0.0003111274725274,-0.0002926711843711,-0.0002322937728937
-0.0004067678144078,-0.0001426087912087,-0.0001946476190476,0.0002727504761904,-0.0001063773626373,-0.000167172039072,-0.0004786251526251,-0.0003011063492063,-0.0003932101587301,-0.0003262324786324,-0.0003017231990231,-0.0002413457875457
-0.0004098034432234,-0.0001668803418803,-0.0002189777777777,0.000287902002442,-9.421931623931596e-05,-0.0001914883272283,-0.0004847223443223,-0.0003497666666666,-0.0004113579975579,-0.0003383164835164,-0.0003137925518925,-0.0002534151404151
-0.0004219459584859,-0.0001941858363858,-0.0002311428571428,0.0003060838339438,-9.421931623931596e-05,-0.000212765079365,-0.0004816737484737,-0.0003953857142857,-0.0004264811965811,-0.0003473794871794,-0.0003228445665445,-0.0002594498168498
-0.0004462309890109,-0.0002123894993894,-0.0002250603174603,0.0003272959706959,-0.0001094168742368,-0.0002188441514041,-0.0004816737484737,-0.0004410047619047,-0.0004416043956043,-0.0003534214896214,-0.0003318965811965,-0.0002624671550671
-0.0004614091330891,-0.0002245252747252,-0.0002189777777777,0.0003424474969474,-0.0001215749206349,-0.0002218836874236,-0.0004877709401709,-0.0004835825396825,-0.0004597522344322,-0.0003655054945054,-0.0003379312576312,-0.0002715191697191
-0.000470516019536,-0.0002487968253968,-0.0002372253968253,0.000357599023199,-0.0001154958974358,-0.0002431604395604,-0.0004938681318681,-0.0005292015873015,-0.0004839493528693,-0.0003836315018315,-0.0003560352869352,-0.0002926405372405
-0.0004826585347985,-0.0002852041514041,-0.0002615555555555,0.0003818414652014,-0.0001094168742368,-0.0002735557997557,-0.0004908195360195,-0.0005626555555555,-0.0005051218315018,-0.0004017575091575,-0.0003801739926739,-0.0003137619047619
-0.0004887297924297,-0.0003155435897435,-0.0002798031746031,0.0004000232967032,-0.0001033378510378,-0.000297872087912,-0.0004938681318681,-0.000602192063492,-0.0005293189499389,-0.0004198835164835,-0.000398278021978,-0.0003379006105006
-0.0004887297924297,-0.0003367811965811,-0.000301092063492,0.0004121445177045,-9.421931623931596e-05,-0.0003191488400488,-0.0004999653235653,-0.0006326047619047,-0.0005504914285714,-0.0004380095238095,-0.000416382051282,-0.0003590219780219
-0.0004978366788766,-0.0003610527472527,-0.0003193396825396,0.000427296043956,-8.814029304029276e-05,-0.0003404255921855,-0.0004969167277167,-0.0006538936507936,-0.0005656146275946,-0.0004561355311355,-0.0004314687423687,-0.0003741086691086
-0.0005160504517704,-0.0003913921855921,-0.0003284634920634,0.0004515384859584,-9.421931623931596e-05,-0.0003586628083028,-0.0004938681318681,-0.0006721412698412,-0.0005777131868131,-0.0004651985347985,-0.000443538095238,-0.000386178021978
-0.0005281929670329,-0.0004126297924297,-0.0003436698412698,0.0004697203174603,-9.117980463980436e-05,-0.00037690002442,-0.0004908195360195,-0.0006903888888888,-0.0005898117460317,-0.0004772825396825,-0.0004586247863247,-0.0004012647130647
-0.0005281929670329,-0.0004429692307692,-0.0003740825396825,0.0004848718437118,-7.598224664224636e-05,-0.0004072953846153,-0.0004877709401709,-0.0007086365079365,-0.0006079595848595,-0.0004923875457875,-0.0004737114774114,-0.0004193687423687
-0.0005281929670329,-0.000452071062271,-0.000380165079365,0.0004879021489621,-7.294273504273476e-05,-0.0004164139926739,-0.0004938681318681,-0.0007208015873015,-0.0006200581440781,-0.0004984295482295,-0.0004797461538461,-0.0004284207570207
-0.0005372998534798,-0.000455105006105,-0.0003771238095238,0.0004939627594627,-7.902175824175796e-05,-0.0004164139926739,-0.0004938681318681,-0.0007329666666666,-0.0006230827838827,-0.0005014505494505,-0.0004857808302808,-0.0004344554334554
-0.0005403354822954,-0.0004702747252747,-0.0003892888888888,0.0005030536752136,-7.598224664224636e-05,-0.0004285721367521,-0.0004969167277167,-0.0007390492063492,-0.000629132063492,-0.0005135345543345,-0.0004978501831501,-0.0004465247863247
-0.0005403354822954,-0.0004824105006105,-0.0004014539682539,0.0005091142857142,-6.990322344322315e-05,-0.0004407302808302,-0.0004938681318681,-0.0007451317460317,-0.0006382059829059,-0.0005256185592185,-0.0005069021978021,-0.0004555768009768
-0.0005433711111111,-0.0004945462759462,-0.0004075365079365,0.0005182052014652,-6.686371184371155e-05,-0.0004498488888888,-0.0004877709401709,-0.000748173015873,-0.0006442552625152,-0.0005256185592185,-0.0005099195360195,-0.0004555768009768
-0.0005464067399267,-0.0005006141636141,-0.0004105777777777,0.0005212355067155,-6.686371184371155e-05,-0.0004559279609279,-0.0004816737484737,-0.0007512142857142,-0.0006442552625152,-0.0005225975579975,-0.0005099195360195,-0.0004525594627594
-0.0005433711111111,-0.0005127499389499,-0.0004227428571428,0.0005272961172161,-6.078468864468836e-05,-0.0004680861050061,-0.0004786251526251,-0.000748173015873,-0.0006442552625152,-0.0005225975579975,-0.0005069021978021,-0.0004495421245421
-0.0005555136263736,-0.0005188178266178,-0.0004197015873015,0.000536387032967,-6.686371184371155e-05,-0.0004680861050061,-0.0004786251526251,-0.000748173015873,-0.0006503045421245,-0.0005256185592185,-0.0005069021978021,-0.0004465247863247
-0.0005676561416361,-0.0005188178266178,-0.0004075365079365,0.0005424476434676,-7.902175824175796e-05,-0.000462007032967,-0.0004786251526251,-0.0007451317460317,-0.0006533291819291,-0.0005316605616605,-0.0005099195360195,-0.0004495421245421
-0.0005555136263736,-0.0005157838827838,-0.0004166603174603,0.0005333567277167,-6.990322344322315e-05,-0.0004650465689865,-0.0004816737484737,-0.0007542555555555,-0.0006593784615384,-0.0005437445665445,-0.0005219888888888,-0.0004646288156288
-0.0005403354822954,-0.0005127499389499,-0.0004288253968253,0.0005242658119658,-5.470566544566516e-05,-0.0004711256410256,-0.0004877709401709,-0.0007572968253968,-0.0006684523809523,-0.0005528075702075,-0.0005310409035409,-0.0004736808302808
-0.0005433711111111,-0.0005157838827838,-0.0004257841269841,0.0005272961172161,-5.774517704517676e-05,-0.0004711256410256,-0.0004877709401709,-0.0007542555555555,-0.0006684523809523,-0.0005467655677655,-0.0005310409035409,-0.0004766981684981
-0.0005524779975579,-0.0005218517704517,-0.0004257841269841,0.000536387032967,-6.382420024419996e-05,-0.0004741651770451,-0.0004847223443223,-0.000748173015873,-0.0006624031013431,-0.0005467655677655,-0.0005370755799755,-0.0004797155067155
-0.0005555136263736,-0.0005279196581196,-0.0004288253968253,0.0005394173382173,-6.382420024419996e-05,-0.0004772047130647,-0.0004786251526251,-0.000748173015873,-0.0006654277411477,-0.0005497865689865,-0.0005370755799755,-0.0004827328449328
-0.0005494423687423,-0.0005339875457875,-0.0004379492063492,0.0005394173382173,-5.470566544566516e-05,-0.0004863233211233,-0.0004786251526251,-0.000748173015873,-0.0006654277411477,-0.0005497865689865,-0.0005400929181929,-0.0004827328449328
-0.0005524779975579,-0.0005339875457875,-0.0004349079365079,0.0005424476434676,-5.774517704517676e-05,-0.0004832837851037,-0.0004786251526251,-0.0007420904761904,-0.0006624031013431,-0.0005467655677655,-0.0005370755799755,-0.0004736808302808
-0.0005524779975579,-0.0005279196581196,-0.0004318666666666,0.0005394173382173,-6.078468864468836e-05,-0.0004802442490842,-0.0004786251526251,-0.0007451317460317,-0.0006654277411477,-0.0005497865689865,-0.0005370755799755,-0.0004736808302808
-0.0005494423687423,-0.0005279196581196,-0.0004318666666666,0.000536387032967,-5.774517704517676e-05,-0.0004802442490842,-0.0004755765567765,-0.0007420904761904,-0.0006624031013431,-0.0005497865689865,-0.0005370755799755,-0.0004736808302808
-0.0005524779975579,-0.0005400554334554,-0.0004379492063492,0.0005454779487179,-5.774517704517676e-05,-0.0004893628571428,-0.0004725279609279,-0.0007329666666666,-0.0006563538217338,-0.0005437445665445,-0.0005340582417582,-0.0004736808302808
-0.0005585492551892,-0.0005521912087912,-0.000447073015873,0.0005545688644688,-5.470566544566516e-05,-0.0004984814652014,-0.0004694793650793,-0.0007268841269841,-0.0006563538217338,-0.0005497865689865,-0.0005400929181929,-0.0004827328449328
-0.0005524779975579,-0.0005370214896214,-0.0004349079365079,0.0005424476434676,-5.774517704517676e-05,-0.0004863233211233,-0.0004725279609279,-0.0007299253968253,-0.0006624031013431,-0.0005558285714285,-0.0005431102564102,-0.0004887675213675
-0.0005494423687423,-0.0005248857142857,-0.0004257841269841,0.000536387032967,-6.078468864468836e-05,-0.0004741651770451,-0.0004755765567765,-0.0007268841269841,-0.0006593784615384,-0.0005528075702075,-0.0005431102564102,-0.0004857501831501
-0.0005494423687423,-0.0005309536019536,-0.0004349079365079,0.0005394173382173,-5.774517704517676e-05,-0.0004832837851037,-0.0004755765567765,-0.0007208015873015,-0.0006563538217338,-0.0005497865689865,-0.0005400929181929,-0.0004797155067155
-0.0005494423687423,-0.0005339875457875,-0.0004409904761904,0.0005394173382173,-5.470566544566516e-05,-0.0004863233211233,-0.0004725279609279,-0.000714719047619,-0.0006533291819291,-0.0005467655677655,-0.0005370755799755,-0.0004797155067155
-0.0005524779975579,-0.0005339875457875,-0.0004379492063492,0.0005424476434676,-5.774517704517676e-05,-0.0004863233211233,-0.0004725279609279,-0.0007116777777777,-0.0006503045421245,-0.0005437445665445,-0.0005340582417582,-0.0004736808302808
-0.0005524779975579,-0.0005339875457875,-0.0004349079365079,0.0005424476434676,-5.774517704517676e-05,-0.0004832837851037,-0.0004694793650793,-0.0007086365079365,-0.0006472799023199,-0.0005437445665445,-0.0005310409035409,-0.0004706634920634
-0.0005555136263736,-0.0005339875457875,-0.0004318666666666,0.0005424476434676,-6.078468864468836e-05,-0.0004832837851037,-0.0004694793650793,-0.0007055952380952,-0.0006472799023199,-0.0005437445665445,-0.0005310409035409,-0.0004706634920634
-0.0005464067399267,-0.0005188178266178,-0.0004288253968253,0.0005303264224664,-5.774517704517676e-05,-0.0004741651770451,-0.0004786251526251,-0.0007086365079365,-0.0006503045421245,-0.0005497865689865,-0.0005370755799755,-0.0004766981684981
-0.0005464067399267,-0.0005218517704517,-0.0004318666666666,0.0005333567277167,-5.774517704517676e-05,-0.0004772047130647,-0.0004786251526251,-0.000714719047619,-0.0006563538217338,-0.0005558285714285,-0.0005431102564102,-0.0004766981684981
-0.0005494423687423,-0.0005279196581196,-0.0004349079365079,0.000536387032967,-5.774517704517676e-05,-0.0004802442490842,-0.0004725279609279,-0.000714719047619,-0.0006563538217338,-0.0005558285714285,-0.0005461275946275,-0.0004797155067155
-0.0005464067399267,-0.0005218517704517,-0.0004318666666666,0.0005333567277167,-5.774517704517676e-05,-0.0004772047130647,-0.0004725279609279,-0.0007086365079365,-0.0006503045421245,-0.0005497865689865,-0.0005431102564102,-0.0004766981684981
-0.0005433711111111,-0.0005218517704517,-0.0004318666666666,0.0005303264224664,-5.470566544566516e-05,-0.0004772047130647,-0.0004755765567765,-0.0007055952380952,-0.0006472799023199,-0.0005437445665445,-0.0005310409035409,-0.0004736808302808
-0.0005372998534798,-0.0005188178266178,-0.0004349079365079,0.0005272961172161,-5.166615384615356e-05,-0.0004772047130647,-0.0004816737484737,-0.0007055952380952,-0.0006472799023199,-0.0005377025641025,-0.0005250062271062,-0.0004706634920634
-0.0005372998534798,-0.0005157838827838,-0.0004318666666666,0.0005242658119658,-5.166615384615356e-05,-0.0004741651770451,-0.0004816737484737,-0.0007086365079365,-0.0006442552625152,-0.0005316605616605,-0.0005219888888888,-0.0004646288156288
-0.0005524779975579,-0.0005157838827838,-0.0004197015873015,0.0005333567277167,-6.686371184371155e-05,-0.0004680861050061,-0.0004786251526251,-0.0007025539682539,-0.0006351813431013,-0.0005256185592185,-0.0005159542124542,-0.0004585941391941
-0.0005342642246642,-0.0005127499389499,-0.0004318666666666,0.0005212355067155,-5.166615384615356e-05,-0.0004711256410256,-0.0004847223443223,-0.0007025539682539,-0.0006382059829059,-0.0005256185592185,-0.0005159542124542,-0.0004585941391941
-0.0005160504517704,-0.0004884783882783,-0.0004288253968253,0.0005000233699633,-4.254761904761877e-05,-0.0004589674969474,-0.0004969167277167,-0.000714719047619,-0.0006503045421245,-0.0005316605616605,-0.0005219888888888,-0.0004646288156288
-0.000519086080586,-0.0004763426129426,-0.0004075365079365,0.000496993064713,-5.470566544566516e-05,-0.0004407302808302,-0.0005091111111111,-0.0007208015873015,-0.0006503045421245,-0.0005346815628815,-0.0005189715506715,-0.0004676461538461
-0.0005281929670329,-0.0004915123321123,-0.0004166603174603,0.0005091142857142,-5.470566544566516e-05,-0.0004528884249084,-0.0005060625152625,-0.000714719047619,-0.0006442552625152,-0.0005346815628815,-0.0005219888888888,-0.0004706634920634
-0.0005312285958485,-0.000506682051282,-0.0004288253968253,0.0005182052014652,-5.166615384615356e-05,-0.0004680861050061,-0.0004938681318681,-0.0007086365079365,-0.0006351813431013,-0.0005256185592185,-0.0005159542124542,-0.0004616114774114
-0.0005372998534798,-0.0005036481074481,-0.0004197015873015,0.0005182052014652,-5.774517704517676e-05,-0.000462007032967,-0.0004908195360195,-0.0007116777777777,-0.0006351813431013,-0.0005195765567765,-0.0005069021978021,-0.0004465247863247
-0.0005312285958485,-0.0004975802197802,-0.0004197015873015,0.0005121445909645,-5.470566544566516e-05,-0.0004589674969474,-0.0004969167277167,-0.000714719047619,-0.0006412306227106,-0.0005105135531135,-0.0005008675213675,-0.0004435074481074
-0.0005312285958485,-0.0004975802197802,-0.0004197015873015,0.0005121445909645,-5.470566544566516e-05,-0.0004589674969474,-0.0004999653235653,-0.0007177603174603,-0.0006442552625152,-0.0005135345543345,-0.0004978501831501,-0.0004435074481074
-0.0005312285958485,-0.0004884783882783,-0.0004105777777777,0.0005091142857142,-6.078468864468836e-05,-0.0004498488888888,-0.0005030139194139,-0.0007238428571428,-0.0006472799023199,-0.0005165555555555,-0.0005008675213675,-0.0004435074481074
-0.0005342642246642,-0.0004763426129426,-0.0003984126984126,0.0005030536752136,-6.686371184371155e-05,-0.0004376907448107,-0.0005091111111111,-0.0007329666666666,-0.0006593784615384,-0.0005256185592185,-0.0005038848595848,-0.0004495421245421
-0.0005372998534798,-0.0004763426129426,-0.0003892888888888,0.0005060839804639,-7.294273504273476e-05,-0.0004316116727716,-0.0005121597069597,-0.0007360079365079,-0.0006593784615384,-0.0005316605616605,-0.0005099195360195,-0.0004525594627594
-0.0005433711111111,-0.0004975802197802,-0.0004075365079365,0.0005182052014652,-6.686371184371155e-05,-0.0004528884249084,-0.0005030139194139,-0.0007299253968253,-0.0006503045421245,-0.0005256185592185,-0.0005099195360195,-0.0004495421245421
-0.0005403354822954,-0.000506682051282,-0.0004227428571428,0.0005212355067155,-5.774517704517676e-05,-0.0004650465689865,-0.0005030139194139,-0.0007299253968253,-0.0006503045421245,-0.0005256185592185,-0.0005099195360195,-0.0004495421245421
-0.0005342642246642,-0.0005036481074481,-0.0004257841269841,0.0005182052014652,-5.470566544566516e-05,-0.0004650465689865,-0.0005152083028083,-0.0007390492063492,-0.0006593784615384,-0.0005316605616605,-0.0005129368742368,-0.0004525594627594
-0.0005342642246642,-0.000506682051282,-0.0004257841269841,0.0005182052014652,-5.470566544566516e-05,-0.0004650465689865,-0.0005182568986568,-0.0007390492063492,-0.0006533291819291,-0.0005225975579975,-0.0005099195360195,-0.0004525594627594
-0.0005433711111111,-0.0005157838827838,-0.0004257841269841,0.0005272961172161,-5.774517704517676e-05,-0.0004711256410256,-0.0005121597069597,-0.0007329666666666,-0.0006503045421245,-0.0005165555555555,-0.0005038848595848,-0.0004465247863247
-0.0005464067399267,-0.0005218517704517,-0.0004318666666666,0.0005333567277167,-5.774517704517676e-05,-0.0004772047130647,-0.0005121597069597,-0.0007329666666666,-0.0006533291819291,-0.0005165555555555,-0.0005038848595848,-0.0004465247863247
-0.0005403354822954,-0.0005157838827838,-0.0004318666666666,0.0005272961172161,-5.470566544566516e-05,-0.0004741651770451,-0.0005213054945054,-0.0007420904761904,-0.0006654277411477,-0.0005225975579975,-0.0005069021978021,-0.0004525594627594
-0.0005372998534798,-0.0005127499389499,-0.0004288253968253,0.0005242658119658,-5.470566544566516e-05,-0.0004711256410256,-0.000524354090354,-0.000748173015873,-0.0006684523809523,-0.0005286395604395,-0.0005099195360195,-0.0004525594627594
-0.0005464067399267,-0.0005127499389499,-0.0004227428571428,0.0005272961172161,-6.078468864468836e-05,-0.0004680861050061,-0.0005152083028083,-0.0007451317460317,-0.0006624031013431,-0.0005256185592185,-0.0005069021978021,-0.0004495421245421
-0.0005494423687423,-0.000506682051282,-0.0004166603174603,0.0005272961172161,-6.686371184371155e-05,-0.000462007032967,-0.0005091111111111,-0.0007451317460317,-0.0006654277411477,-0.0005225975579975,-0.0005069021978021,-0.0004465247863247
-0.0005433711111111,-0.0004945462759462,-0.0004105777777777,0.0005182052014652,-6.686371184371155e-05,-0.0004528884249084,-0.0005213054945054,-0.0007512142857142,-0.000671477020757,-0.0005316605616605,-0.0005069021978021,-0.0004495421245421
-0.0005464067399267,-0.000506682051282,-0.0004166603174603,0.0005242658119658,-6.382420024419996e-05,-0.000462007032967,-0.0005213054945054,-0.0007512142857142,-0.0006684523809523,-0.0005346815628815,-0.0005129368742368,-0.0004555768009768
-0.0005494423687423,-0.0005188178266178,-0.0004257841269841,0.0005333567277167,-6.078468864468836e-05,-0.0004711256410256,-0.0005182568986568,-0.0007451317460317,-0.0006654277411477,-0.0005346815628815,-0.0005189715506715,-0.0004555768009768
-0.0005494423687423,-0.0005157838827838,-0.0004227428571428,0.0005303264224664,-6.382420024419996e-05,-0.0004680861050061,-0.0005182568986568,-0.000748173015873,-0.0006654277411477,-0.0005346815628815,-0.0005189715506715,-0.0004555768009768
-0.0005433711111111,-0.0005036481074481,-0.0004197015873015,0.0005212355067155,-6.078468864468836e-05,-0.000462007032967,-0.000524354090354,-0.0007542555555555,-0.000671477020757,-0.0005377025641025,-0.0005189715506715,-0.0004585941391941
-0.0005372998534798,-0.0005036481074481,-0.0004227428571428,0.0005182052014652,-5.774517704517676e-05,-0.000462007032967,-0.0005304512820512,-0.0007542555555555,-0.0006775263003663,-0.0005407235653235,-0.0005159542124542,-0.0004585941391941
-0.0005372998534798,-0.0005157838827838,-0.0004349079365079,0.0005242658119658,-5.166615384615356e-05,-0.0004741651770451,-0.0005274026862026,-0.0007512142857142,-0.0006745016605616,-0.0005407235653235,-0.0005189715506715,-0.0004616114774114
-0.0005433711111111,-0.0005309536019536,-0.0004440317460317,0.000536387032967,-4.862664224664196e-05,-0.0004863233211233,-0.0005182568986568,-0.0007451317460317,-0.0006684523809523,-0.0005377025641025,-0.0005189715506715,-0.0004616114774114
-0.0005494423687423,-0.0005279196581196,-0.0004318666666666,0.000536387032967,-5.774517704517676e-05,-0.0004802442490842,-0.0005213054945054,-0.0007451317460317,-0.0006684523809523,-0.0005286395604395,-0.0005159542124542,-0.0004555768009768
-0.0005555136263736,-0.0005188178266178,-0.0004166603174603,0.000536387032967,-6.990322344322315e-05,-0.0004680861050061,-0.000524354090354,-0.0007451317460317,-0.0006654277411477,-0.0005256185592185,-0.0005069021978021,-0.0004465247863247
-0.0005555136263736,-0.0005218517704517,-0.0004197015873015,0.000536387032967,-6.686371184371155e-05,-0.0004711256410256,-0.0005304512820512,-0.0007451317460317,-0.0006654277411477,-0.0005286395604395,-0.0005069021978021,-0.0004465247863247
-0.0005464067399267,-0.0005339875457875,-0.0004379492063492,0.0005394173382173,-5.470566544566516e-05,-0.0004863233211233,-0.0005334998778998,-0.000748173015873,-0.000671477020757,-0.0005346815628815,-0.0005159542124542,-0.0004525594627594
-0.0005464067399267,-0.0005279196581196,-0.0004318666666666,0.000536387032967,-5.774517704517676e-05,-0.0004802442490842,-0.0005334998778998,-0.0007512142857142,-0.0006775263003663,-0.0005407235653235,-0.0005189715506715,-0.0004585941391941
-0.0005494423687423,-0.0005188178266178,-0.0004227428571428,0.0005333567277167,-6.382420024419996e-05,-0.0004711256410256,-0.000539597069597,-0.000760338095238,-0.0006866002197802,-0.0005528075702075,-0.0005310409035409,-0.0004706634920634
-0.0005433711111111,-0.0005188178266178,-0.0004288253968253,0.0005303264224664,-5.774517704517676e-05,-0.0004741651770451,-0.0005426456654456,-0.000760338095238,-0.0006896248595848,-0.0005558285714285,-0.0005370755799755,-0.0004736808302808
-0.0005464067399267,-0.0005248857142857,-0.0004349079365079,0.0005333567277167,-5.470566544566516e-05,-0.0004802442490842,-0.000539597069597,-0.0007542555555555,-0.0006805509401709,-0.0005497865689865,-0.0005310409035409,-0.0004676461538461
-0.0005433711111111,-0.0005339875457875,-0.0004440317460317,0.000536387032967,-4.862664224664196e-05,-0.0004893628571428,-0.0005426456654456,-0.0007512142857142,-0.0006775263003663,-0.0005437445665445,-0.0005280235653235,-0.0004676461538461
-0.0005494423687423,-0.0005430893772893,-0.000447073015873,0.0005454779487179,-5.166615384615356e-05,-0.0004954419291819,-0.0005365484737484,-0.000748173015873,-0.0006775263003663,-0.0005437445665445,-0.0005280235653235,-0.0004616114774114
-0.0005615848840048,-0.0005370214896214,-0.0004288253968253,0.0005485082539682,-6.686371184371155e-05,-0.0004832837851037,-0.000539597069597,-0.0007512142857142,-0.0006775263003663,-0.0005467655677655,-0.0005250062271062,-0.0004555768009768
-0.0005524779975579,-0.0005218517704517,-0.0004227428571428,0.000536387032967,-6.382420024419996e-05,-0.0004711256410256,-0.0005517914529914,-0.0007542555555555,-0.0006805509401709,-0.0005437445665445,-0.0005189715506715,-0.0004525594627594
-0.0005403354822954,-0.0005279196581196,-0.0004409904761904,0.0005333567277167,-4.862664224664196e-05,-0.0004832837851037,-0.00055484004884,-0.0007542555555555,-0.0006775263003663,-0.0005407235653235,-0.0005159542124542,-0.0004525594627594
-0.0005372998534798,-0.0005400554334554,-0.0004561968253968,0.000536387032967,-3.950810744810717e-05,-0.0004984814652014,-0.0005517914529914,-0.0007512142857142,-0.0006775263003663,-0.0005437445665445,-0.0005250062271062,-0.0004585941391941
-0.0005403354822954,-0.0005400554334554,-0.0004531555555555,0.0005394173382173,-4.254761904761877e-05,-0.0004954419291819,-0.0005487428571428,-0.0007542555555555,-0.0006866002197802,-0.0005497865689865,-0.0005310409035409,-0.0004676461538461
-0.0005433711111111,-0.0005339875457875,-0.000447073015873,0.000536387032967,-4.862664224664196e-05,-0.0004893628571428,-0.0005487428571428,-0.000760338095238,-0.0006896248595848,-0.0005588495726495,-0.0005340582417582,-0.0004706634920634
-0.0005433711111111,-0.0005400554334554,-0.0004531555555555,0.0005394173382173,-4.558713064713037e-05,-0.0004954419291819,-0.0005456942612942,-0.0007572968253968,-0.0006866002197802,-0.0005528075702075,-0.0005340582417582,-0.0004646288156288
-0.0005433711111111,-0.000558259096459,-0.0004683619047619,0.0005485082539682,-3.6468595848595565e-05,-0.0005136791452991,-0.0005426456654456,-0.000748173015873,-0.0006805509401709,-0.0005437445665445,-0.0005250062271062,-0.0004585941391941
-0.0005494423687423,-0.0005521912087912,-0.0004561968253968,0.0005485082539682,-4.558713064713037e-05,-0.0005045605372405,-0.0005456942612942,-0.000748173015873,-0.0006805509401709,-0.0005437445665445,-0.0005219888888888,-0.0004525594627594
-0.0005555136263736,-0.0005400554334554,-0.0004409904761904,0.0005454779487179,-5.774517704517676e-05,-0.0004893628571428,-0.0005487428571428,-0.0007572968253968,-0.0006896248595848,-0.0005467655677655,-0.0005219888888888,-0.0004555768009768
-0.0005494423687423,-0.0005400554334554,-0.0004440317460317,0.0005424476434676,-5.166615384615356e-05,-0.0004924023931623,-0.0005487428571428,-0.0007572968253968,-0.0006866002197802,-0.0005467655677655,-0.0005280235653235,-0.0004585941391941
-0.0005555136263736,-0.0005521912087912,-0.0004501142857142,0.0005515385592185,-5.166615384615356e-05,-0.000501521001221,-0.0005426456654456,-0.0007542555555555,-0.0006805509401709,-0.0005437445665445,-0.0005310409035409,-0.0004585941391941
-0.0005585492551892,-0.0005552251526251,-0.0004501142857142,0.0005545688644688,-5.470566544566516e-05,-0.000501521001221,-0.0005365484737484,-0.0007451317460317,-0.0006775263003663,-0.0005377025641025,-0.0005219888888888,-0.0004525594627594
-0.0005464067399267,-0.0005491572649572,-0.000459238095238,0.0005454779487179,-4.254761904761877e-05,-0.0005045605372405,-0.000539597069597,-0.0007451317460317,-0.0006805509401709,-0.0005407235653235,-0.0005189715506715,-0.0004525594627594
-0.0005372998534798,-0.0005400554334554,-0.0004531555555555,0.000536387032967,-4.254761904761877e-05,-0.0004954419291819,-0.0005426456654456,-0.0007512142857142,-0.0006866002197802,-0.0005467655677655,-0.0005219888888888,-0.0004555768009768
-0.0005372998534798,-0.0005188178266178,-0.0004349079365079,0.0005272961172161,-5.166615384615356e-05,-0.0004772047130647,-0.0005426456654456,-0.0007542555555555,-0.0006896248595848,-0.0005528075702075,-0.0005280235653235,-0.0004616114774114
-0.0005372998534798,-0.0005036481074481,-0.0004227428571428,0.0005182052014652,-5.774517704517676e-05,-0.000462007032967,-0.0005426456654456,-0.0007512142857142,-0.0006896248595848,-0.0005528075702075,-0.0005310409035409,-0.0004646288156288
-0.0005312285958485,-0.0005097159951159,-0.0004288253968253,0.0005182052014652,-5.166615384615356e-05,-0.0004680861050061,-0.0005365484737484,-0.0007451317460317,-0.0006775263003663,-0.0005467655677655,-0.0005280235653235,-0.0004646288156288
-0.0005251573382173,-0.0005157838827838,-0.0004409904761904,0.0005182052014652,-4.254761904761877e-05,-0.0004772047130647,-0.0005334998778998,-0.0007360079365079,-0.0006684523809523,-0.0005346815628815,-0.0005219888888888,-0.0004585941391941
-0.0005221217094017,-0.0005006141636141,-0.0004318666666666,0.0005091142857142,-4.558713064713037e-05,-0.0004650465689865,-0.000524354090354,-0.0007238428571428,-0.0006563538217338,-0.0005256185592185,-0.0005129368742368,-0.0004465247863247
-0.000519086080586,-0.0004672407814407,-0.0004044952380952,0.0004909324542124,-5.774517704517676e-05,-0.0004346512087912,-0.0005121597069597,-0.0007116777777777,-0.0006442552625152,-0.0005105135531135,-0.0004948328449328,-0.0004284207570207
-0.0005099791941391,-0.0004490371184371,-0.0003923301587301,0.0004788112332112,-5.774517704517676e-05,-0.0004194535286935,-0.0005121597069597,-0.0007025539682539,-0.000629132063492,-0.0004954085470085,-0.0004797461538461,-0.0004163514041514
-0.0005099791941391,-0.000455105006105,-0.0004014539682539,0.0004818415384615,-5.470566544566516e-05,-0.0004285721367521,-0.0005091111111111,-0.0006873476190476,-0.0006170335042735,-0.0004893665445665,-0.0004737114774114,-0.000404282051282
-0.0005099791941391,-0.0004581389499389,-0.0004044952380952,0.0004818415384615,-5.166615384615356e-05,-0.0004316116727716,-0.0005152083028083,-0.0006782238095238,-0.0006109842246642,-0.0004833245421245,-0.0004676768009768,-0.0003982473748473
-0.0004978366788766,-0.0004399352869352,-0.0003984126984126,0.00046669001221,-4.862664224664196e-05,-0.0004194535286935,-0.000539597069597,-0.0006873476190476,-0.0006170335042735,-0.0004863455433455,-0.0004706941391941,-0.000404282051282
-0.0004887297924297,-0.0004429692307692,-0.0004075365079365,0.0004636597069597,-3.950810744810717e-05,-0.0004255326007326,-0.0005761802197802,-0.0007208015873015,-0.0006412306227106,-0.0005014505494505,-0.0004827634920634,-0.000422386080586
-0.0004917654212454,-0.000455105006105,-0.0004166603174603,0.0004727506227106,-3.6468595848595565e-05,-0.0004346512087912,-0.0005914231990231,-0.0007390492063492,-0.0006533291819291,-0.0005105135531135,-0.0004887981684981,-0.0004254034188034
-0.0005008723076923,-0.0004672407814407,-0.0004197015873015,0.0004818415384615,-3.950810744810717e-05,-0.0004437698168498,-0.0005822774114774,-0.0007329666666666,-0.0006503045421245,-0.0005074925518925,-0.0004857808302808,-0.0004193687423687
-0.0005130148229548,-0.0004915123321123,-0.0004349079365079,0.0005000233699633,-3.950810744810717e-05,-0.000462007032967,-0.0005761802197802,-0.0007390492063492,-0.0006654277411477,-0.0005225975579975,-0.0004978501831501,-0.0004254034188034
-0.0005160504517704,-0.000506682051282,-0.000447073015873,0.0005091142857142,-3.342908424908396e-05,-0.0004772047130647,-0.0005822774114774,-0.0007542555555555,-0.0006896248595848,-0.0005407235653235,-0.0005159542124542,-0.0004404901098901
-0.0005130148229548,-0.0005006141636141,-0.0004440317460317,0.0005060839804639,-3.342908424908396e-05,-0.0004711256410256,-0.0005822774114774,-0.0007512142857142,-0.0006866002197802,-0.0005407235653235,-0.0005129368742368,-0.0004404901098901
-0.0005160504517704,-0.0005006141636141,-0.0004409904761904,0.0005060839804639,-3.6468595848595565e-05,-0.0004711256410256,-0.0005822774114774,-0.0007512142857142,-0.0006805509401709,-0.0005316605616605,-0.0005099195360195,-0.000431438095238
-0.0005130148229548,-0.0005157838827838,-0.0004622793650793,0.0005121445909645,-2.4310549450549165e-05,-0.0004893628571428,-0.0005822774114774,-0.0007542555555555,-0.0006926494993894,-0.0005437445665445,-0.0005189715506715,-0.0004435074481074
-0.0005160504517704,-0.0005370214896214,-0.0004805269841269,0.0005242658119658,-1.823152625152597e-05,-0.00050760007326,-0.0005822774114774,-0.0007633793650793,-0.0007107973382173,-0.0005618705738705,-0.0005370755799755,-0.0004616114774114
-0.000519086080586,-0.0005521912087912,-0.0004866095238095,0.0005333567277167,-1.5192014652014368e-05,-0.0005197582173382,-0.0005822774114774,-0.0007694619047619,-0.0007198712576312,-0.0005679125763125,-0.0005431102564102,-0.0004676461538461
-0.0005342642246642,-0.0005521912087912,-0.0004714031746031,0.0005424476434676,-3.0389572649572364e-05,-0.0005106396092796,-0.0005792288156288,-0.0007725031746031,-0.0007138219780219,-0.0005648915750915,-0.0005400929181929,-0.0004646288156288
-0.0005555136263736,-0.0005491572649572,-0.0004440317460317,0.0005515385592185,-5.470566544566516e-05,-0.0004954419291819,-0.0005731316239316,-0.0007725031746031,-0.0007107973382173,-0.0005588495726495,-0.0005340582417582,-0.0004555768009768
-0.0005646205128205,-0.0005430893772893,-0.0004318666666666,0.0005515385592185,-6.686371184371155e-05,-0.0004863233211233,-0.0005731316239316,-0.0007755444444444,-0.0007138219780219,-0.0005588495726495,-0.0005280235653235,-0.0004525594627594
-0.0005585492551892,-0.0005552251526251,-0.0004561968253968,0.0005545688644688,-5.166615384615356e-05,-0.0005045605372405,-0.0005761802197802,-0.0007785857142857,-0.0007198712576312,-0.0005709335775335,-0.0005400929181929,-0.0004646288156288
-0.0005555136263736,-0.0005825306471306,-0.0004835682539682,0.00056669008547,-3.6468595848595565e-05,-0.0005319163614163,-0.0005731316239316,-0.0007785857142857,-0.0007289451770451,-0.0005799965811965,-0.0005551796092796,-0.0004706634920634
-0.0005585492551892,-0.0005825306471306,-0.0004774857142857,0.0005697203907203,-3.950810744810717e-05,-0.0005288768253968,-0.0005639858363858,-0.0007816269841269,-0.0007289451770451,-0.0005799965811965,-0.0005551796092796,-0.0004736808302808
-0.0005615848840048,-0.0005734288156288,-0.0004683619047619,0.00056669008547,-4.558713064713037e-05,-0.0005197582173382,-0.0005670344322344,-0.0007846682539682,-0.0007319698168498,-0.0005799965811965,-0.0005551796092796,-0.0004766981684981
-0.0005615848840048,-0.0005734288156288,-0.0004683619047619,0.00056669008547,-4.558713064713037e-05,-0.0005197582173382,-0.0005731316239316,-0.0007816269841269,-0.0007289451770451,-0.0005830175824175,-0.0005581969474969,-0.0004766981684981
-0.0005524779975579,-0.0005734288156288,-0.0004744444444444,0.0005606294749694,-3.950810744810717e-05,-0.0005227977533577,-0.0005761802197802,-0.0007816269841269,-0.0007289451770451,-0.0005799965811965,-0.0005551796092796,-0.0004766981684981
-0.0005524779975579,-0.0005794967032967,-0.0004805269841269,0.0005636597802197,-3.6468595848595565e-05,-0.0005288768253968,-0.0005731316239316,-0.0007755444444444,-0.0007198712576312,-0.0005679125763125,-0.0005491449328449,-0.0004706634920634
-0.0005524779975579,-0.0005794967032967,-0.0004805269841269,0.0005636597802197,-3.6468595848595565e-05,-0.0005288768253968,-0.0005731316239316,-0.0007755444444444,-0.0007198712576312,-0.0005679125763125,-0.0005461275946275,-0.0004676461538461
-0.0005494423687423,-0.0005643269841269,-0.0004683619047619,0.0005545688644688,-3.950810744810717e-05,-0.0005167186813186,-0.0005761802197802,-0.0007755444444444,-0.0007228958974358,-0.0005679125763125,-0.0005461275946275,-0.0004646288156288
-0.0005555136263736,-0.0005552251526251,-0.0004531555555555,0.0005545688644688,-5.166615384615356e-05,-0.0005045605372405,-0.0005792288156288,-0.0007725031746031,-0.0007168466178266,-0.0005679125763125,-0.0005431102564102,-0.0004646288156288
-0.0005646205128205,-0.0005552251526251,-0.000447073015873,0.0005575991697191,-5.774517704517676e-05,-0.000501521001221,-0.0005761802197802,-0.0007694619047619,-0.0007107973382173,-0.0005618705738705,-0.0005400929181929,-0.0004646288156288
-0.0005615848840048,-0.0005552251526251,-0.0004440317460317,0.0005575991697191,-5.774517704517676e-05,-0.0004984814652014,-0.0005761802197802,-0.0007725031746031,-0.0007107973382173,-0.0005588495726495,-0.0005370755799755,-0.0004646288156288
-0.0005615848840048,-0.0005521912087912,-0.0004409904761904,0.0005545688644688,-6.078468864468836e-05,-0.0004954419291819,-0.0005792288156288,-0.0007755444444444,-0.0007107973382173,-0.0005528075702075,-0.0005340582417582,-0.0004585941391941
-0.0005555136263736,-0.0005552251526251,-0.0004531555555555,0.0005545688644688,-5.166615384615356e-05,-0.0005045605372405,-0.0005792288156288,-0.000760338095238,-0.0006926494993894,-0.0005437445665445,-0.0005340582417582,-0.0004646288156288
-0.0005585492551892,-0.0005491572649572,-0.0004409904761904,0.0005515385592185,-5.774517704517676e-05,-0.0004954419291819,-0.0005670344322344,-0.0007177603174603,-0.0006412306227106,-0.0005316605616605,-0.0005400929181929,-0.0004797155067155
-0.0005646205128205,-0.0004642068376068,-0.0003588761904761,0.0005121445909645,-0.0001033378510378,-0.0004103349206349,-0.0005731316239316,-0.0006843063492063,-0.0005686392673992,-0.0004954085470085,-0.0005189715506715,-0.0004736808302808
-0.0005251573382173,-0.0003185775335775,-0.000255473015873,0.0004212354334554,-0.0001337329670329,-0.0002857139438339,-0.0005975203907203,-0.0005961095238095,-0.0004567275946275,-0.0003926945054945,-0.0004495727716727,-0.000431438095238
-0.0004189103296703,-0.0001183372405372,-0.0001581523809523,0.0002666898656898,-0.0001306934554334,-0.0001367766788766,-0.0006523951159951,-0.0004379634920634,-0.0002571013675213,-0.0001782034188034,-0.0002866365079365,-0.0003258312576312
-0.0002671288888888,0.0001971929181929,6.076190476190568e-06,3.335636141636145e-05,-0.0001367724786324,0.0001003071306471,-0.0007865333333333,-0.0004410047619047,-3.6302661782661866e-05,0.0001420227106227,1.062271062255604e-08,-9.953089133089192e-05
-0.000118383076923,0.0006037413919413,0.0002615428571428,-0.0002424014163614,-0.0001884441758241,0.0004316165567765,-0.0010365181929181,-0.0007116777777777,0.0001209786080586,0.0005166268620268,0.0003862299145299,0.0002384109890109
1.8220219780219504e-05,0.0009708485958485,0.0004835555555555,-0.0004939167521367,-0.0002309973382173,0.0007264515506715,-0.0013596693528693,-0.0011070428571428,0.0001240032478632,0.0008338319902319,0.0007573625152625,0.0005823875457875
9.714656898656873e-05,0.0011923264957264,0.0006264952380952,-0.0006424017094017,-0.0002644319658119,0.0009088237118437,-0.0016645289377289,-0.0014841603174603,-1.2105543345543424e-05,0.00097884004884,0.0009957322344322,0.0008539479853479
9.714656898656873e-05,0.0010284935286935,0.0004713904761904,-0.0005605834676434,-0.0001854046642246,0.0007507678388278,-0.0017590354090354,-0.0016788015873015,-0.0002843231257631,0.0007492439560439,0.0008750387057387,0.0008629999999999
-8.195553113553141e-05,0.0003883313797313,1.5200000000000092e-05,-0.0001514922588522,-4.862664224664196e-05,0.0002006118192918,-0.0015700224664224,-0.0017669984126984,-0.0007561669352869,0.0001178547008547,0.0003832125763125,0.0005612661782661
-0.0003460552380952,-6.069230769230749e-05,-0.0001703174603174,0.0002030534554334,-8.814029304029276e-05,-0.0001154999267399,-0.0013505235653235,-0.0019281857142857,-0.0012128875457875,-0.0004410305250305,-3.016275946275961e-05,0.0002987577533577
-0.0005221217094017,-0.0002518307692307,-0.0001824825396825,0.0003848717704517,-0.0001702071062271,-0.0002158046153846,-0.0011980937728937,-0.0019525158730158,-0.0014034398534798,-0.0007219836385836,-0.0002685324786324,0.0001116827838827
-0.0005858699145299,-0.0004247655677655,-0.0002950095238095,0.0005030536752136,-0.000145891013431,-0.0003586628083028,-0.0010731013431013,-0.0017487507936507,-0.0013399224175824,-0.0007854246642246,-0.0004193993894993,-6.935750915750975e-05
-0.0006101549450549,-0.0005339875457875,-0.0003771238095238,0.0005697203907203,-0.0001154958974358,-0.0004559279609279,-0.0009816434676434,-0.001514573015873,-0.0012068382661782,-0.0007552146520146,-0.0004887981684981,-0.000208155067155
-0.0006162262026862,-0.0005673609279609,-0.0004044952380952,0.0005909325274725,-0.0001063773626373,-0.0004863233211233,-0.0008932341880341,-0.0013138492063492,-0.0010858526739926,-0.0007098996336996,-0.0005219888888888,-0.0002986752136752
-0.0005919411721611,-0.0005703948717948,-0.0004349079365079,0.0005788113064713,-7.902175824175796e-05,-0.000501521001221,-0.0007804361416361,-0.0011070428571428,-0.000964867081807,-0.0006676056166056,-0.0005400929181929,-0.0003680739926739
-0.0005585492551892,-0.0005491572649572,-0.0004501142857142,0.0005515385592185,-5.470566544566516e-05,-0.0004984814652014,-0.000667638095238,-0.0009154428571428,-0.0008438814896214,-0.0006102065934065,-0.0005310409035409,-0.0004012647130647
-0.0005372998534798,-0.000506682051282,-0.0004257841269841,0.0005212355067155,-5.470566544566516e-05,-0.0004650465689865,-0.0005944717948717,-0.0007877095238095,-0.0007501176556776,-0.0005558285714285,-0.0005099195360195,-0.0004012647130647
-0.0005312285958485,-0.0004793765567765,-0.0004014539682539,0.0005030536752136,-6.382420024419996e-05,-0.0004407302808302,-0.0005639858363858,-0.0007268841269841,-0.0006986987789987,-0.0005316605616605,-0.0005008675213675,-0.000404282051282
-0.0005372998534798,-0.0004793765567765,-0.0003984126984126,0.0005060839804639,-6.990322344322315e-05,-0.0004376907448107,-0.0005487428571428,-0.0007055952380952,-0.0006805509401709,-0.0005256185592185,-0.0004978501831501,-0.0004072993894993
-0.0005433711111111,-0.0004884783882783,-0.0004014539682539,0.0005151748962148,-6.990322344322315e-05,-0.0004437698168498,-0.000539597069597,-0.0006934301587301,-0.0006745016605616,-0.0005286395604395,-0.0005038848595848,-0.0004163514041514
-0.0005464067399267,-0.0005006141636141,-0.0004105777777777,0.0005212355067155,-6.686371184371155e-05,-0.0004559279609279,-0.0005274026862026,-0.0006751825396825,-0.0006684523809523,-0.0005316605616605,-0.0005129368742368,-0.0004254034188034
-0.0005464067399267,-0.0005157838827838,-0.0004257841269841,0.0005303264224664,-6.078468864468836e-05,-0.0004711256410256,-0.0005182568986568,-0.0006660587301587,-0.0006593784615384,-0.0005346815628815,-0.0005189715506715,-0.0004344554334554
-0.0005403354822954,-0.0005097159951159,-0.0004197015873015,0.0005242658119658,-6.078468864468836e-05,-0.0004650465689865,-0.0005182568986568,-0.0006599761904761,-0.0006563538217338,-0.0005316605616605,-0.0005189715506715,-0.0004374727716727
-0.0005494423687423,-0.0004945462759462,-0.0003984126984126,0.0005212355067155,-7.598224664224636e-05,-0.0004468093528693,-0.0005182568986568,-0.0006538936507936,-0.0006533291819291,-0.0005316605616605,-0.0005219888888888,-0.0004435074481074
-0.0005494423687423,-0.0004915123321123,-0.0003953714285714,0.0005182052014652,-7.598224664224636e-05,-0.0004437698168498,-0.0005152083028083,-0.0006478111111111,-0.0006472799023199,-0.0005346815628815,-0.0005250062271062,-0.0004495421245421
-0.0005494423687423,-0.0005036481074481,-0.000413619047619,0.0005242658119658,-6.686371184371155e-05,-0.0004589674969474,-0.0005060625152625,-0.0006326047619047,-0.0006351813431013,-0.0005286395604395,-0.0005250062271062,-0.0004525594627594
-0.0005464067399267,-0.0005248857142857,-0.0004349079365079,0.0005333567277167,-5.470566544566516e-05,-0.0004802442490842,-0.0004969167277167,-0.0006234809523809,-0.000629132063492,-0.0005225975579975,-0.0005280235653235,-0.0004525594627594
-0.0005433711111111,-0.0005309536019536,-0.0004409904761904,0.000536387032967,-5.166615384615356e-05,-0.0004863233211233,-0.0004908195360195,-0.0006173984126984,-0.0006230827838827,-0.0005195765567765,-0.0005250062271062,-0.0004465247863247
-0.0005524779975579,-0.0005218517704517,-0.0004257841269841,0.000536387032967,-6.382420024419996e-05,-0.0004741651770451,-0.0004908195360195,-0.0006082746031746,-0.0006170335042735,-0.0005105135531135,-0.0005159542124542,-0.0004374727716727
-0.0005494423687423,-0.0005127499389499,-0.0004166603174603,0.0005303264224664,-6.686371184371155e-05,-0.0004650465689865,-0.0004969167277167,-0.0006082746031746,-0.0006170335042735,-0.0005105135531135,-0.0005129368742368,-0.0004374727716727
-0.0005372998534798,-0.000506682051282,-0.0004257841269841,0.0005212355067155,-5.470566544566516e-05,-0.0004650465689865,-0.0005030139194139,-0.0006113158730158,-0.0006230827838827,-0.0005195765567765,-0.0005219888888888,-0.0004465247863247
-0.0005342642246642,-0.000506682051282,-0.0004257841269841,0.0005182052014652,-5.470566544566516e-05,-0.0004650465689865,-0.0005030139194139,-0.0006113158730158,-0.0006230827838827,-0.0005256185592185,-0.0005250062271062,-0.0004495421245421
-0.0005403354822954,-0.0005036481074481,-0.000413619047619,0.0005212355067155,-6.382420024419996e-05,-0.0004589674969474,-0.0005030139194139,-0.0006052333333333,-0.0006200581440781,-0.0005225975579975,-0.0005219888888888,-0.0004465247863247
-0.0005372998534798,-0.0004975802197802,-0.000413619047619,0.0005151748962148,-6.078468864468836e-05,-0.0004559279609279,-0.0005030139194139,-0.000602192063492,-0.0006140088644688,-0.0005195765567765,-0.0005219888888888,-0.0004435074481074
-0.0005312285958485,-0.0004975802197802,-0.0004197015873015,0.0005121445909645,-5.470566544566516e-05,-0.0004589674969474,-0.0005060625152625,-0.0005991507936507,-0.0006079595848595,-0.0005165555555555,-0.0005159542124542,-0.0004404901098901
-0.0005312285958485,-0.0004975802197802,-0.0004197015873015,0.0005121445909645,-5.470566544566516e-05,-0.0004589674969474,-0.0005030139194139,-0.0005930682539682,-0.0006049349450549,-0.0005135345543345,-0.0005159542124542,-0.0004465247863247
-0.0005281929670329,-0.0005036481074481,-0.0004318666666666,0.0005151748962148,-4.862664224664196e-05,-0.0004680861050061,-0.0004969167277167,-0.0005839444444444,-0.0006019103052503,-0.0005165555555555,-0.0005189715506715,-0.0004525594627594
-0.0005281929670329,-0.000506682051282,-0.0004288253968253,0.0005151748962148,-4.862664224664196e-05,-0.0004680861050061,-0.0004938681318681,-0.0005778619047619,-0.0005988856654456,-0.0005165555555555,-0.0005219888888888,-0.0004555768009768
-0.0005281929670329,-0.000506682051282,-0.0004318666666666,0.0005151748962148,-4.862664224664196e-05,-0.0004680861050061,-0.0004938681318681,-0.0005717793650793,-0.0005988856654456,-0.0005135345543345,-0.0005250062271062,-0.0004555768009768
-0.0005281929670329,-0.0005036481074481,-0.0004288253968253,0.0005151748962148,-4.862664224664196e-05,-0.0004650465689865,-0.0004969167277167,-0.0005656968253968,-0.0005928363858363,-0.0005105135531135,-0.0005219888888888,-0.0004465247863247
-0.0005251573382173,-0.0004975802197802,-0.0004257841269841,0.0005091142857142,-4.862664224664196e-05,-0.000462007032967,-0.0004969167277167,-0.0005596142857142,-0.0005898117460317,-0.0005105135531135,-0.0005189715506715,-0.0004435074481074
-0.0005312285958485,-0.0004975802197802,-0.0004197015873015,0.0005121445909645,-5.470566544566516e-05,-0.0004589674969474,-0.0004908195360195,-0.0005504904761904,-0.0005837624664224,-0.0005044715506715,-0.0005129368742368,-0.0004374727716727
-0.0005403354822954,-0.0004975802197802,-0.0004166603174603,0.0005182052014652,-6.078468864468836e-05,-0.0004559279609279,-0.0004847223443223,-0.0005444079365079,-0.0005807378266178,-0.0005044715506715,-0.0005159542124542,-0.0004404901098901
-0.0005312285958485,-0.0005006141636141,-0.0004227428571428,0.0005151748962148,-5.470566544566516e-05,-0.000462007032967,-0.0004877709401709,-0.0005383253968253,-0.0005777131868131,-0.0005074925518925,-0.0005189715506715,-0.0004495421245421
-0.0005221217094017,-0.0005036481074481,-0.0004409904761904,0.0005121445909645,-3.950810744810717e-05,-0.0004711256410256,-0.0004877709401709,-0.0005322428571428,-0.0005746885470085,-0.0005074925518925,-0.0005219888888888,-0.0004495421245421
-0.000519086080586,-0.0005127499389499,-0.0004501142857142,0.0005151748962148,-3.342908424908396e-05,-0.0004802442490842,-0.0004847223443223,-0.0005200777777777,-0.0005686392673992,-0.0005044715506715,-0.0005219888888888,-0.0004495421245421
-0.000519086080586,-0.0005127499389499,-0.000447073015873,0.0005151748962148,-3.6468595848595565e-05,-0.0004802442490842,-0.0004816737484737,-0.0005109539682539,-0.0005656146275946,-0.0005014505494505,-0.0005189715506715,-0.0004465247863247
-0.000519086080586,-0.0005097159951159,-0.0004440317460317,0.0005121445909645,-3.6468595848595565e-05,-0.0004772047130647,-0.0004755765567765,-0.0005018301587301,-0.0005595653479853,-0.0005014505494505,-0.0005189715506715,-0.0004465247863247
-0.000519086080586,-0.000506682051282,-0.0004440317460317,0.0005121445909645,-3.6468595848595565e-05,-0.0004741651770451,-0.0004725279609279,-0.000489665079365,-0.0005565407081807,-0.0004984295482295,-0.0005189715506715,-0.0004465247863247
-0.0005251573382173,-0.0004975802197802,-0.0004318666666666,0.0005091142857142,-4.558713064713037e-05,-0.0004650465689865,-0.0004694793650793,-0.0004744587301587,-0.0005504914285714,-0.0004923875457875,-0.0005129368742368,-0.0004404901098901
-0.0005221217094017,-0.0004945462759462,-0.0004288253968253,0.0005060839804639,-4.558713064713037e-05,-0.000462007032967,-0.0004755765567765,-0.0004653349206349,-0.0005474667887667,-0.0004923875457875,-0.0005129368742368,-0.0004435074481074
-0.0005099791941391,-0.0004945462759462,-0.0004409904761904,0.0005000233699633,-3.342908424908396e-05,-0.0004680861050061,-0.0004786251526251,-0.0004562111111111,-0.0005504914285714,-0.0004984295482295,-0.0005189715506715,-0.0004495421245421
-0.0005099791941391,-0.0004915123321123,-0.0004379492063492,0.0005000233699633,-3.6468595848595565e-05,-0.0004650465689865,-0.0004755765567765,-0.0004470873015873,-0.0005474667887667,-0.0005014505494505,-0.0005219888888888,-0.0004525594627594
-0.0005130148229548,-0.0004824105006105,-0.0004288253968253,0.000496993064713,-4.254761904761877e-05,-0.0004559279609279,-0.0004725279609279,-0.0004318809523809,-0.0005353682295482,-0.0004923875457875,-0.0005129368742368,-0.0004435074481074
-0.0005008723076923,-0.0004763426129426,-0.0004318666666666,0.0004879021489621,-3.342908424908396e-05,-0.0004528884249084,-0.0004725279609279,-0.0004166746031746,-0.0005262943101343,-0.0004863455433455,-0.0005099195360195,-0.0004374727716727
-0.0004856941636141,-0.0004733086691086,-0.000447073015873,0.0004788112332112,-1.823152625152597e-05,-0.0004589674969474,-0.0004694793650793,-0.0004014682539682,-0.000520245030525,-0.0004803035409035,-0.0005069021978021,-0.0004374727716727
-0.0004826585347985,-0.0004763426129426,-0.0004501142857142,0.0004788112332112,-1.5192014652014368e-05,-0.000462007032967,-0.0004633821733821,-0.0003832206349206,-0.0005111711111111,-0.0004803035409035,-0.0005038848595848,-0.0004374727716727
-0.0004856941636141,-0.0004702747252747,-0.0004379492063492,0.0004757809279609,-2.4310549450549165e-05,-0.0004528884249084,-0.0004572849816849,-0.000364973015873,-0.0005051218315018,-0.0004772825396825,-0.0005038848595848,-0.0004374727716727
-0.000494801050061,-0.0004490371184371,-0.0004105777777777,0.0004697203174603,-4.254761904761877e-05,-0.0004285721367521,-0.0004542363858363,-0.0003467253968253,-0.0004960479120879,-0.0004742615384615,-0.0004978501831501,-0.0004254034188034
-0.0004917654212454,-0.0004338673992673,-0.0003953714285714,0.0004606294017094,-4.862664224664196e-05,-0.0004133744566544,-0.0004511877899877,-0.0003254365079365,-0.0004809247130647,-0.0004621775335775,-0.0004827634920634,-0.000413334065934
-0.0004735516483516,-0.0004308334554334,-0.0004105777777777,0.0004515384859584,-3.0389572649572364e-05,-0.0004194535286935,-0.0004511877899877,-0.000298065079365,-0.0004688261538461,-0.0004531145299145,-0.0004797461538461,-0.0004103167277167
-0.0004614091330891,-0.0004338673992673,-0.0004318666666666,0.0004454778754578,-1.5192014652014368e-05,-0.0004316116727716,-0.0004481391941391,-0.0002737349206349,-0.0004567275946275,-0.0004470725274725,-0.0004767288156288,-0.0004072993894993
-0.0004583735042735,-0.0004308334554334,-0.0004288253968253,0.0004424475702075,-1.5192014652014368e-05,-0.0004285721367521,-0.0004481391941391,-0.000252446031746,-0.0004476536752136,-0.0004410305250305,-0.0004737114774114,-0.000404282051282
-0.0004523022466422,-0.0004126297924297,-0.000413619047619,0.0004303263492063,-1.823152625152597e-05,-0.0004133744566544,-0.0004450905982905,-0.0002372396825396,-0.0004416043956043,-0.0004349885225885,-0.0004676768009768,-0.00039523003663
-0.0004553378754578,-0.0003913921855921,-0.0003862476190476,0.0004212354334554,-3.342908424908396e-05,-0.0003890581684981,-0.000442042002442,-0.0002129095238095,-0.0004295058363858,-0.0004259255189255,-0.0004525901098901,-0.000386178021978
-0.0004553378754578,-0.0003701545787545,-0.0003679999999999,0.0004121445177045,-4.254761904761877e-05,-0.0003677814163614,-0.000442042002442,-0.0001946619047619,-0.0004204319169719,-0.0004138415140415,-0.0004405207570207,-0.0003741086691086
-0.0004462309890109,-0.0003580188034188,-0.0003649587301587,0.0004000232967032,-3.950810744810717e-05,-0.0003617023443223,-0.000442042002442,-0.0001794555555555,-0.0004083333577533,-0.0004077995115995,-0.0004314687423687,-0.0003650566544566
-0.0004401597313797,-0.0003489169719169,-0.0003619174603174,0.0003939626862026,-3.950810744810717e-05,-0.0003556232722832,-0.000442042002442,-0.0001581666666666,-0.0003992594383394,-0.0003987365079365,-0.0004224167277167,-0.0003560046398046
-0.0004310528449328,-0.0003307133089133,-0.0003558349206349,0.0003788111599511,-3.6468595848595565e-05,-0.0003434651282051,-0.0004450905982905,-0.0001460015873015,-0.0003901855189255,-0.0003896735042735,-0.0004133647130647,-0.0003379006105006
-0.0004189103296703,-0.0003034078144078,-0.0003375873015873,0.0003606293284493,-3.950810744810717e-05,-0.0003191488400488,-0.0004603335775335,-0.0001368777777777,-0.0003871608791208,-0.0003836315018315,-0.0004012953601953,-0.0003258312576312
-0.0004158747008547,-0.0002852041514041,-0.0003193396825396,0.0003485081074481,-4.862664224664196e-05,-0.0003009116239316,-0.0004694793650793,-0.0001368777777777,-0.0003841362393162,-0.0003775894993894,-0.0003922433455433,-0.0003167792429792
-0.000412839072039,-0.0002700344322344,-0.0003071746031746,0.0003394171916971,-5.166615384615356e-05,-0.0002887534798534,-0.0004755765567765,-0.0001338365079365,-0.0003811115995115,-0.0003715474969474,-0.0003831913308913,-0.0003077272283272
-0.0004158747008547,-0.0002548647130647,-0.0002919682539682,0.0003333565811965,-6.078468864468836e-05,-0.0002735557997557,-0.0004694793650793,-0.0001307952380952,-0.0003720376800976,-0.0003594634920634,-0.0003711219780219,-0.0002926405372405
-0.0004158747008547,-0.0002396949938949,-0.0002767619047619,0.0003272959706959,-6.990322344322315e-05,-0.0002583581196581,-0.0004694793650793,-0.0001338365079365,-0.000369013040293,-0.0003504004884004,-0.0003590526251526,-0.0002775538461538
-0.0004098034432234,-0.0002154234432234,-0.0002615555555555,0.0003121444444444,-7.294273504273476e-05,-0.0002370813675213,-0.0004755765567765,-0.0001490428571428,-0.0003720376800976,-0.0003473794871794,-0.0003439659340659,-0.0002594498168498
-0.0004158747008547,-0.0002032876678876,-0.0002433079365079,0.0003091141391941,-8.510078144078116e-05,-0.0002218836874236,-0.0004816737484737,-0.0001672904761904,-0.0003750623199023,-0.0003443584859584,-0.0003349139194139,-0.0002473804639804
-0.0004189103296703,-0.0002093555555555,-0.0002463492063492,0.0003121444444444,-8.510078144078116e-05,-0.0002279627594627,-0.0004908195360195,-0.0001946619047619,-0.0003811115995115,-0.0003443584859584,-0.0003349139194139,-0.0002413457875457
-0.0004098034432234,-0.0002063216117216,-0.0002493904761904,0.0003060838339438,-7.902175824175796e-05,-0.0002279627594627,-0.0004999653235653,-0.0002311571428571,-0.0003932101587301,-0.0003504004884004,-0.0003349139194139,-0.0002413457875457
-0.000412839072039,-0.0002002537240537,-0.0002433079365079,0.0003060838339438,-8.510078144078116e-05,-0.0002218836874236,-0.0005091111111111,-0.0002706936507936,-0.0004053087179487,-0.0003534214896214,-0.0003318965811965,-0.0002322937728937
-0.0004189103296703,-0.0002002537240537,-0.0002341841269841,0.0003091141391941,-9.117980463980436e-05,-0.0002158046153846,-0.0005182568986568,-0.0003102301587301,-0.0004174072771672,-0.0003564424908424,-0.0003258619047619,-0.0002232417582417
-0.0004280172161172,-0.0002093555555555,-0.0002341841269841,0.000318205054945,-9.725882783882755e-05,-0.0002218836874236,-0.0005274026862026,-0.0003558492063492,-0.0004355551159951,-0.0003624844932844,-0.0003288792429792,-0.000226259096459
-0.0004371241025641,-0.0002245252747252,-0.0002372253968253,0.0003303262759462,-0.0001002983394383,-0.0002310022954822,-0.000539597069597,-0.000410592063492,-0.0004627768742368,-0.0003745684981684,-0.0003409485958485,-0.0002383284493284
-0.0004431953601953,-0.0002396949938949,-0.0002524317460317,0.0003394171916971,-9.421931623931596e-05,-0.0002461999755799,-0.0005456942612942,-0.0004562111111111,-0.0004809247130647,-0.0003896735042735,-0.0003560352869352,-0.0002564324786324
-0.0004614091330891,-0.0002670004884004,-0.0002585142857142,0.0003636596336996,-0.0001002983394383,-0.0002613976556776,-0.000539597069597,-0.000489665079365,-0.0004930232722832,-0.0003957155067155,-0.0003650873015873,-0.0002654844932844
-0.0004796229059829,-0.000291272039072,-0.0002645968253968,0.0003848717704517,-0.0001063773626373,-0.0002765953357753,-0.000539597069597,-0.0005200777777777,-0.0005081464713064,-0.0004077995115995,-0.0003741393162393,-0.0002805711843711
-0.0004796229059829,-0.0003155435897435,-0.0002889269841269,0.0003969929914529,-9.421931623931596e-05,-0.0003009116239316,-0.0005487428571428,-0.000556573015873,-0.0005262943101343,-0.0004259255189255,-0.0003952606837606,-0.0003047098901098
-0.0004796229059829,-0.000345883028083,-0.0003193396825396,0.0004121445177045,-7.902175824175796e-05,-0.0003313069841269,-0.0005517914529914,-0.0005930682539682,-0.0005474667887667,-0.0004440515262515,-0.0004193993894993,-0.0003318659340659
-0.0004887297924297,-0.0003671206349206,-0.000334546031746,0.000427296043956,-7.598224664224636e-05,-0.0003495442002442,-0.0005456942612942,-0.0006204396825396,-0.0005656146275946,-0.0004621775335775,-0.0004375034188034,-0.0003560046398046
-0.0005008723076923,-0.0003913921855921,-0.0003497523809523,0.0004454778754578,-7.598224664224636e-05,-0.0003708209523809,-0.000539597069597,-0.0006386873015873,-0.0005807378266178,-0.0004772825396825,-0.0004525901098901,-0.0003710913308913
-0.0005039079365079,-0.0004217316239316,-0.0003740825396825,0.0004606294017094,-6.382420024419996e-05,-0.0003981767765567,-0.000539597069597,-0.0006599761904761,-0.000595861025641,-0.0004893665445665,-0.0004706941391941,-0.000386178021978
-0.000519086080586,-0.0004429692307692,-0.000380165079365,0.0004788112332112,-6.990322344322315e-05,-0.0004103349206349,-0.000539597069597,-0.0006751825396825,-0.0006109842246642,-0.0005044715506715,-0.0004827634920634,-0.0003982473748473
-0.0005372998534798,-0.0004642068376068,-0.0003832063492063,0.0005000233699633,-7.598224664224636e-05,-0.000422493064713,-0.0005334998778998,-0.0006903888888888,-0.0006230827838827,-0.0005165555555555,-0.0004948328449328,-0.0004072993894993
-0.0005372998534798,-0.0004702747252747,-0.0003892888888888,0.0005030536752136,-7.294273504273476e-05,-0.0004285721367521,-0.0005304512820512,-0.0007086365079365,-0.0006351813431013,-0.0005256185592185,-0.0005069021978021,-0.0004193687423687
-0.0005342642246642,-0.0004763426129426,-0.0003984126984126,0.0005030536752136,-6.686371184371155e-05,-0.0004376907448107,-0.0005334998778998,-0.0007208015873015,-0.0006442552625152,-0.0005286395604395,-0.0005099195360195,-0.0004284207570207
-0.0005433711111111,-0.0005006141636141,-0.0004105777777777,0.0005212355067155,-6.686371184371155e-05,-0.0004559279609279,-0.0005334998778998,-0.0007268841269841,-0.0006442552625152,-0.0005316605616605,-0.0005159542124542,-0.000431438095238
-0.0005464067399267,-0.0005188178266178,-0.0004288253968253,0.0005303264224664,-5.774517704517676e-05,-0.0004741651770451,-0.0005304512820512,-0.0007299253968253,-0.0006503045421245,-0.0005407235653235,-0.0005250062271062,-0.0004435074481074
-0.0005585492551892,-0.0005279196581196,-0.0004288253968253,0.0005424476434676,-6.382420024419996e-05,-0.0004772047130647,-0.0005274026862026,-0.0007329666666666,-0.0006563538217338,-0.0005467655677655,-0.0005340582417582,-0.0004525594627594
-0.0005676561416361,-0.0005309536019536,-0.0004197015873015,0.0005485082539682,-7.294273504273476e-05,-0.0004741651770451,-0.000524354090354,-0.0007451317460317,-0.0006624031013431,-0.0005528075702075,-0.0005400929181929,-0.0004585941391941
-0.0005646205128205,-0.0005370214896214,-0.0004227428571428,0.0005485082539682,-6.990322344322315e-05,-0.0004802442490842,-0.0005213054945054,-0.000748173015873,-0.0006684523809523,-0.0005558285714285,-0.0005431102564102,-0.0004616114774114
-0.0005555136263736,-0.0005400554334554,-0.0004349079365079,0.0005454779487179,-6.078468864468836e-05,-0.0004863233211233,-0.000524354090354,-0.000748173015873,-0.0006684523809523,-0.0005558285714285,-0.0005431102564102,-0.0004616114774114
-0.0005585492551892,-0.0005400554334554,-0.0004379492063492,0.0005485082539682,-6.078468864468836e-05,-0.0004893628571428,-0.0005213054945054,-0.0007451317460317,-0.0006654277411477,-0.0005558285714285,-0.0005400929181929,-0.0004616114774114
-0.0005615848840048,-0.0005461233211233,-0.0004409904761904,0.0005515385592185,-6.078468864468836e-05,-0.0004924023931623,-0.0005182568986568,-0.0007420904761904,-0.0006654277411477,-0.0005588495726495,-0.0005461275946275,-0.0004616114774114
-0.0005646205128205,-0.0005521912087912,-0.0004409904761904,0.0005575991697191,-6.078468864468836e-05,-0.0004954419291819,-0.0005152083028083,-0.0007451317460317,-0.0006684523809523,-0.0005648915750915,-0.0005491449328449,-0.0004676461538461
-0.0005646205128205,-0.0005521912087912,-0.0004409904761904,0.0005575991697191,-6.078468864468836e-05,-0.0004954419291819,-0.0005121597069597,-0.0007451317460317,-0.0006684523809523,-0.0005648915750915,-0.0005491449328449,-0.0004676461538461
-0.0005706917704517,-0.000558259096459,-0.0004409904761904,0.0005636597802197,-6.382420024419996e-05,-0.0004984814652014,-0.0005121597069597,-0.0007390492063492,-0.0006654277411477,-0.0005648915750915,-0.0005491449328449,-0.0004676461538461
-0.0005706917704517,-0.0005552251526251,-0.0004379492063492,0.0005606294749694,-6.686371184371155e-05,-0.0004954419291819,-0.0005152083028083,-0.0007420904761904,-0.0006654277411477,-0.0005679125763125,-0.0005491449328449,-0.0004706634920634
-0.0005676561416361,-0.000558259096459,-0.0004440317460317,0.0005606294749694,-6.078468864468836e-05,-0.000501521001221,-0.0005213054945054,-0.0007451317460317,-0.0006684523809523,-0.0005739545787545,-0.0005581969474969,-0.0004766981684981
-0.0005615848840048,-0.0005643269841269,-0.000459238095238,0.0005606294749694,-5.166615384615356e-05,-0.0005106396092796,-0.0005182568986568,-0.0007390492063492,-0.0006684523809523,-0.0005739545787545,-0.0005642316239316,-0.0004797155067155
-0.0005615848840048,-0.000558259096459,-0.0004561968253968,0.0005575991697191,-5.166615384615356e-05,-0.00050760007326,-0.0005182568986568,-0.0007360079365079,-0.0006654277411477,-0.0005679125763125,-0.0005581969474969,-0.0004766981684981
-0.0005585492551892,-0.0005552251526251,-0.0004531555555555,0.0005545688644688,-5.166615384615356e-05,-0.0005045605372405,-0.0005182568986568,-0.0007299253968253,-0.0006624031013431,-0.0005648915750915,-0.0005521622710622,-0.0004736808302808
-0.0005615848840048,-0.000558259096459,-0.0004531555555555,0.0005575991697191,-5.470566544566516e-05,-0.0005045605372405,-0.0005182568986568,-0.0007299253968253,-0.0006624031013431,-0.0005648915750915,-0.0005551796092796,-0.0004766981684981
-0.0005585492551892,-0.000561293040293,-0.0004561968253968,0.0005575991697191,-5.166615384615356e-05,-0.00050760007326,-0.0005152083028083,-0.0007299253968253,-0.0006624031013431,-0.0005679125763125,-0.0005581969474969,-0.0004797155067155
-0.0005585492551892,-0.000558259096459,-0.0004501142857142,0.0005575991697191,-5.470566544566516e-05,-0.0005045605372405,-0.0005121597069597,-0.0007268841269841,-0.0006593784615384,-0.0005709335775335,-0.0005672489621489,-0.0004827328449328
-0.0005585492551892,-0.0005491572649572,-0.0004440317460317,0.0005515385592185,-5.774517704517676e-05,-0.0004954419291819,-0.0005121597069597,-0.0007238428571428,-0.0006563538217338,-0.0005709335775335,-0.0005642316239316,-0.0004797155067155
-0.0005706917704517,-0.0005430893772893,-0.0004257841269841,0.0005545688644688,-7.294273504273476e-05,-0.0004832837851037,-0.0005091111111111,-0.0007177603174603,-0.0006472799023199,-0.0005618705738705,-0.0005521622710622,-0.0004676461538461
-0.0005737273992673,-0.0005491572649572,-0.0004318666666666,0.0005606294749694,-6.990322344322315e-05,-0.0004893628571428,-0.0005091111111111,-0.0007116777777777,-0.0006442552625152,-0.0005618705738705,-0.0005551796092796,-0.0004736808302808
-0.0005615848840048,-0.0005521912087912,-0.0004440317460317,0.0005545688644688,-5.774517704517676e-05,-0.0004984814652014,-0.0005121597069597,-0.0007055952380952,-0.0006442552625152,-0.0005588495726495,-0.0005551796092796,-0.0004797155067155
-0.0005585492551892,-0.0005521912087912,-0.000447073015873,0.0005545688644688,-5.470566544566516e-05,-0.0004984814652014,-0.0005121597069597,-0.0007055952380952,-0.0006472799023199,-0.0005588495726495,-0.0005551796092796,-0.0004766981684981
-0.0005555136263736,-0.0005430893772893,-0.0004409904761904,0.0005485082539682,-5.774517704517676e-05,-0.0004924023931623,-0.0005152083028083,-0.0007086365079365,-0.0006472799023199,-0.0005588495726495,-0.0005491449328449,-0.0004736808302808
-0.0005555136263736,-0.0005370214896214,-0.0004349079365079,0.0005454779487179,-6.078468864468836e-05,-0.0004863233211233,-0.0005152083028083,-0.0007055952380952,-0.0006472799023199,-0.0005588495726495,-0.0005461275946275,-0.0004736808302808
-0.0005646205128205,-0.0005370214896214,-0.0004288253968253,0.0005485082539682,-6.686371184371155e-05,-0.0004832837851037,-0.0005213054945054,-0.0007086365079365,-0.0006503045421245,-0.0005618705738705,-0.0005461275946275,-0.0004736808302808
-0.0005615848840048,-0.0005279196581196,-0.0004257841269841,0.0005424476434676,-6.686371184371155e-05,-0.0004772047130647,-0.0005274026862026,-0.0007116777777777,-0.0006503045421245,-0.0005618705738705,-0.0005491449328449,-0.0004706634920634
-0.0005555136263736,-0.0005248857142857,-0.0004288253968253,0.0005394173382173,-6.382420024419996e-05,-0.0004772047130647,-0.0005304512820512,-0.0007086365079365,-0.0006503045421245,-0.0005618705738705,-0.0005461275946275,-0.0004676461538461
-0.0005555136263736,-0.0005248857142857,-0.0004257841269841,0.0005394173382173,-6.382420024419996e-05,-0.0004741651770451,-0.0005304512820512,-0.0007055952380952,-0.0006442552625152,-0.0005528075702075,-0.0005370755799755,-0.0004585941391941
-0.0005524779975579,-0.0005218517704517,-0.0004227428571428,0.000536387032967,-6.382420024419996e-05,-0.0004711256410256,-0.0005334998778998,-0.0007025539682539,-0.0006382059829059,-0.0005407235653235,-0.0005280235653235,-0.0004495421245421
-0.0005494423687423,-0.0005188178266178,-0.0004227428571428,0.0005333567277167,-6.382420024419996e-05,-0.0004711256410256,-0.000539597069597,-0.0006995126984126,-0.0006382059829059,-0.0005377025641025,-0.0005250062271062,-0.0004495421245421
-0.0005433711111111,-0.0005218517704517,-0.0004318666666666,0.0005303264224664,-5.470566544566516e-05,-0.0004772047130647,-0.000539597069597,-0.0007055952380952,-0.0006412306227106,-0.0005437445665445,-0.0005280235653235,-0.0004555768009768
-0.0005372998534798,-0.0005218517704517,-0.0004349079365079,0.0005272961172161,-5.166615384615356e-05,-0.0004772047130647,-0.000539597069597,-0.0007086365079365,-0.0006382059829059,-0.0005407235653235,-0.0005280235653235,-0.0004525594627594
-0.0005433711111111,-0.0005127499389499,-0.0004257841269841,0.0005272961172161,-5.774517704517676e-05,-0.0004680861050061,-0.0005426456654456,-0.0007086365079365,-0.0006351813431013,-0.0005346815628815,-0.0005219888888888,-0.0004465247863247
-0.0005433711111111,-0.0005006141636141,-0.000413619047619,0.0005212355067155,-6.382420024419996e-05,-0.0004559279609279,-0.0005517914529914,-0.0007116777777777,-0.0006382059829059,-0.0005286395604395,-0.0005159542124542,-0.0004404901098901
-0.0005433711111111,-0.0004945462759462,-0.0004105777777777,0.0005182052014652,-6.686371184371155e-05,-0.0004528884249084,-0.0005578886446886,-0.0007177603174603,-0.0006382059829059,-0.0005286395604395,-0.0005129368742368,-0.0004435074481074
-0.0005433711111111,-0.0005006141636141,-0.000413619047619,0.0005212355067155,-6.382420024419996e-05,-0.0004559279609279,-0.0005517914529914,-0.000714719047619,-0.0006351813431013,-0.0005256185592185,-0.0005159542124542,-0.0004435074481074
-0.0005464067399267,-0.0005097159951159,-0.0004227428571428,0.0005272961172161,-6.078468864468836e-05,-0.0004650465689865,-0.0005456942612942,-0.0007116777777777,-0.000629132063492,-0.0005225975579975,-0.0005159542124542,-0.0004404901098901
-0.0005433711111111,-0.0005127499389499,-0.0004257841269841,0.0005272961172161,-5.774517704517676e-05,-0.0004680861050061,-0.0005456942612942,-0.000714719047619,-0.0006351813431013,-0.0005225975579975,-0.0005129368742368,-0.0004404901098901
-0.0005372998534798,-0.0005036481074481,-0.0004166603174603,0.0005182052014652,-6.078468864468836e-05,-0.0004589674969474,-0.00055484004884,-0.0007208015873015,-0.0006382059829059,-0.0005256185592185,-0.0005099195360195,-0.0004374727716727
-0.0005342642246642,-0.0004975802197802,-0.0004197015873015,0.0005151748962148,-5.774517704517676e-05,-0.0004589674969474,-0.0005609372405372,-0.0007268841269841,-0.0006412306227106,-0.0005316605616605,-0.0005159542124542,-0.0004435074481074
-0.0005403354822954,-0.0004945462759462,-0.0004105777777777,0.0005151748962148,-6.382420024419996e-05,-0.0004528884249084,-0.00055484004884,-0.0007268841269841,-0.0006442552625152,-0.0005316605616605,-0.0005159542124542,-0.0004435074481074
-0.0005555136263736,-0.0004975802197802,-0.0004014539682539,0.0005242658119658,-7.598224664224636e-05,-0.0004498488888888,-0.0005517914529914,-0.0007238428571428,-0.0006382059829059,-0.0005225975579975,-0.0005099195360195,-0.0004374727716727
-0.0005494423687423,-0.0004975802197802,-0.0004044952380952,0.0005212355067155,-7.294273504273476e-05,-0.0004498488888888,-0.0005517914529914,-0.0007238428571428,-0.0006382059829059,-0.0005195765567765,-0.0005069021978021,-0.0004344554334554
-0.0005342642246642,-0.0004975802197802,-0.000413619047619,0.0005151748962148,-6.078468864468836e-05,-0.0004559279609279,-0.0005578886446886,-0.0007299253968253,-0.0006442552625152,-0.0005256185592185,-0.0005099195360195,-0.0004374727716727
-0.0005342642246642,-0.0004945462759462,-0.000413619047619,0.0005121445909645,-6.078468864468836e-05,-0.0004528884249084,-0.00055484004884,-0.0007329666666666,-0.0006503045421245,-0.0005286395604395,-0.0005129368742368,-0.0004404901098901
-0.0005403354822954,-0.0004945462759462,-0.0004105777777777,0.0005151748962148,-6.382420024419996e-05,-0.0004528884249084,-0.00055484004884,-0.0007360079365079,-0.0006503045421245,-0.0005256185592185,-0.0005129368742368,-0.0004404901098901
-0.0005433711111111,-0.0005036481074481,-0.0004166603174603,0.0005212355067155,-6.382420024419996e-05,-0.0004589674969474,-0.0005487428571428,-0.0007360079365079,-0.0006472799023199,-0.0005256185592185,-0.0005129368742368,-0.0004435074481074
-0.0005403354822954,-0.000506682051282,-0.0004257841269841,0.0005212355067155,-5.774517704517676e-05,-0.0004650465689865,-0.0005487428571428,-0.0007360079365079,-0.0006472799023199,-0.0005256185592185,-0.0005129368742368,-0.0004404901098901
-0.0005403354822954,-0.000506682051282,-0.0004227428571428,0.0005212355067155,-5.774517704517676e-05,-0.0004650465689865,-0.00055484004884,-0.0007360079365079,-0.0006472799023199,-0.0005225975579975,-0.0005069021978021,-0.0004374727716727
-0.0005433711111111,-0.000506682051282,-0.0004197015873015,0.0005242658119658,-6.078468864468836e-05,-0.000462007032967,-0.0005578886446886,-0.0007390492063492,-0.0006503045421245,-0.0005256185592185,-0.0005099195360195,-0.0004404901098901
-0.0005403354822954,-0.0005097159951159,-0.0004257841269841,0.0005242658119658,-5.774517704517676e-05,-0.0004680861050061,-0.00055484004884,-0.0007420904761904,-0.0006563538217338,-0.0005316605616605,-0.0005159542124542,-0.0004435074481074
-0.0005403354822954,-0.0005097159951159,-0.0004257841269841,0.0005242658119658,-5.774517704517676e-05,-0.0004680861050061,-0.0005517914529914,-0.0007451317460317,-0.0006624031013431,-0.0005346815628815,-0.0005189715506715,-0.0004495421245421
-0.0005403354822954,-0.0004975802197802,-0.0004166603174603,0.0005182052014652,-6.078468864468836e-05,-0.0004559279609279,-0.0005517914529914,-0.000748173015873,-0.0006624031013431,-0.0005407235653235,-0.0005219888888888,-0.0004495421245421
-0.0005403354822954,-0.0004945462759462,-0.0004105777777777,0.0005151748962148,-6.382420024419996e-05,-0.0004528884249084,-0.0005578886446886,-0.0007542555555555,-0.0006654277411477,-0.0005437445665445,-0.0005280235653235,-0.0004525594627594
-0.0005464067399267,-0.0004945462759462,-0.0004044952380952,0.0005182052014652,-6.990322344322315e-05,-0.0004498488888888,-0.00055484004884,-0.0007512142857142,-0.0006624031013431,-0.0005377025641025,-0.0005219888888888,-0.0004525594627594
-0.0005524779975579,-0.0005097159951159,-0.0004105777777777,0.0005303264224664,-6.990322344322315e-05,-0.0004589674969474,-0.0005487428571428,-0.0007512142857142,-0.0006563538217338,-0.0005316605616605,-0.0005219888888888,-0.0004525594627594
-0.0005494423687423,-0.0005188178266178,-0.0004257841269841,0.0005333567277167,-6.078468864468836e-05,-0.0004711256410256,-0.0005456942612942,-0.0007512142857142,-0.0006563538217338,-0.0005286395604395,-0.0005189715506715,-0.0004465247863247
-0.0005464067399267,-0.0005097159951159,-0.0004227428571428,0.0005272961172161,-6.078468864468836e-05,-0.0004650465689865,-0.0005517914529914,-0.0007512142857142,-0.0006533291819291,-0.0005256185592185,-0.0005099195360195,-0.0004374727716727
-0.0005464067399267,-0.000506682051282,-0.0004166603174603,0.0005242658119658,-6.382420024419996e-05,-0.000462007032967,-0.0005578886446886,-0.000748173015873,-0.0006533291819291,-0.0005225975579975,-0.0005038848595848,-0.0004344554334554
-0.0005464067399267,-0.0005157838827838,-0.0004227428571428,0.0005303264224664,-6.078468864468836e-05,-0.0004680861050061,-0.0005609372405372,-0.0007512142857142,-0.0006563538217338,-0.0005256185592185,-0.0005129368742368,-0.0004404901098901
-0.0005464067399267,-0.0005097159951159,-0.0004227428571428,0.0005272961172161,-6.078468864468836e-05,-0.0004650465689865,-0.0005578886446886,-0.0007542555555555,-0.0006593784615384,-0.0005346815628815,-0.0005189715506715,-0.0004495421245421
-0.0005494423687423,-0.000506682051282,-0.000413619047619,0.0005272961172161,-6.686371184371155e-05,-0.0004589674969474,-0.00055484004884,-0.0007542555555555,-0.0006654277411477,-0.0005377025641025,-0.0005219888888888,-0.0004525594627594
-0.0005403354822954,-0.0005036481074481,-0.0004166603174603,0.0005212355067155,-6.078468864468836e-05,-0.0004589674969474,-0.0005609372405372,-0.000760338095238,-0.0006684523809523,-0.0005407235653235,-0.0005219888888888,-0.0004555768009768
-0.0005372998534798,-0.0005006141636141,-0.0004197015873015,0.0005182052014652,-5.774517704517676e-05,-0.0004589674969474,-0.0005639858363858,-0.0007633793650793,-0.0006654277411477,-0.0005407235653235,-0.0005250062271062,-0.0004555768009768
-0.0005524779975579,-0.000506682051282,-0.000413619047619,0.0005272961172161,-6.990322344322315e-05,-0.0004589674969474,-0.0005609372405372,-0.000760338095238,-0.0006593784615384,-0.0005346815628815,-0.0005189715506715,-0.0004495421245421
-0.0005585492551892,-0.0005157838827838,-0.000413619047619,0.000536387032967,-7.294273504273476e-05,-0.0004650465689865,-0.0005517914529914,-0.0007542555555555,-0.0006503045421245,-0.0005286395604395,-0.0005189715506715,-0.0004465247863247
-0.0005524779975579,-0.0005218517704517,-0.0004227428571428,0.000536387032967,-6.382420024419996e-05,-0.0004711256410256,-0.0005487428571428,-0.0007572968253968,-0.0006533291819291,-0.0005286395604395,-0.0005189715506715,-0.0004435074481074
-0.0005372998534798,-0.0005157838827838,-0.0004318666666666,0.0005242658119658,-5.166615384615356e-05,-0.0004741651770451,-0.0005517914529914,-0.0007572968253968,-0.0006563538217338,-0.0005346815628815,-0.0005189715506715,-0.0004465247863247
-0.0005372998534798,-0.0005157838827838,-0.0004349079365079,0.0005242658119658,-5.166615384615356e-05,-0.0004741651770451,-0.00055484004884,-0.0007572968253968,-0.0006624031013431,-0.0005346815628815,-0.0005189715506715,-0.0004495421245421
-0.0005464067399267,-0.0005127499389499,-0.0004227428571428,0.0005272961172161,-6.078468864468836e-05,-0.0004680861050061,-0.00055484004884,-0.0007572968253968,-0.0006624031013431,-0.0005346815628815,-0.0005159542124542,-0.0004465247863247
-0.0005494423687423,-0.0005097159951159,-0.0004166603174603,0.0005272961172161,-6.686371184371155e-05,-0.000462007032967,-0.00055484004884,-0.000760338095238,-0.0006624031013431,-0.0005346815628815,-0.0005159542124542,-0.0004465247863247
-0.0005494423687423,-0.0005127499389499,-0.0004197015873015,0.0005303264224664,-6.382420024419996e-05,-0.0004650465689865,-0.0005517914529914,-0.000760338095238,-0.0006563538217338,-0.0005316605616605,-0.0005159542124542,-0.0004465247863247
-0.0005585492551892,-0.0005157838827838,-0.000413619047619,0.000536387032967,-7.294273504273476e-05,-0.0004650465689865,-0.0005456942612942,-0.0007542555555555,-0.0006503045421245,-0.0005256185592185,-0.0005129368742368,-0.0004404901098901
-0.0005555136263736,-0.0005188178266178,-0.0004197015873015,0.000536387032967,-6.686371184371155e-05,-0.0004680861050061,-0.0005456942612942,-0.0007542555555555,-0.0006503045421245,-0.0005286395604395,-0.0005129368742368,-0.0004435074481074
-0.0005433711111111,-0.0005218517704517,-0.0004318666666666,0.0005303264224664,-5.470566544566516e-05,-0.0004772047130647,-0.0005517914529914,-0.0007572968253968,-0.0006593784615384,-0.0005346815628815,-0.0005189715506715,-0.0004495421245421
-0.0005464067399267,-0.0005218517704517,-0.0004288253968253,0.0005333567277167,-5.774517704517676e-05,-0.0004741651770451,-0.0005487428571428,-0.000760338095238,-0.0006624031013431,-0.0005377025641025,-0.0005219888888888,-0.0004525594627594
-0.0005494423687423,-0.0005157838827838,-0.0004227428571428,0.0005303264224664,-6.382420024419996e-05,-0.0004680861050061,-0.0005487428571428,-0.000760338095238,-0.0006593784615384,-0.0005377025641025,-0.0005219888888888,-0.0004525594627594
-0.0005433711111111,-0.0005097159951159,-0.0004227428571428,0.0005242658119658,-6.078468864468836e-05,-0.0004650465689865,-0.0005517914529914,-0.0007633793650793,-0.0006624031013431,-0.0005377025641025,-0.0005219888888888,-0.0004525594627594
-0.0005433711111111,-0.0005097159951159,-0.0004227428571428,0.0005242658119658,-6.078468864468836e-05,-0.0004650465689865,-0.00055484004884,-0.0007633793650793,-0.0006624031013431,-0.0005377025641025,-0.0005219888888888,-0.0004525594627594
-0.0005524779975579,-0.0005157838827838,-0.0004166603174603,0.0005333567277167,-6.686371184371155e-05,-0.0004650465689865,-0.0005517914529914,-0.0007572968253968,-0.0006593784615384,-0.0005377025641025,-0.0005219888888888,-0.0004495421245421
-0.0005433711111111,-0.0005157838827838,-0.0004288253968253,0.0005272961172161,-5.774517704517676e-05,-0.0004711256410256,-0.0005456942612942,-0.0007572968253968,-0.0006593784615384,-0.0005407235653235,-0.0005250062271062,-0.0004525594627594
-0.0005403354822954,-0.0005127499389499,-0.0004318666666666,0.0005242658119658,-5.470566544566516e-05,-0.0004711256410256,-0.0005365484737484,-0.0007512142857142,-0.0006563538217338,-0.0005346815628815,-0.0005189715506715,-0.0004495421245421
-0.0005312285958485,-0.0005006141636141,-0.0004288253968253,0.0005151748962148,-5.166615384615356e-05,-0.0004650465689865,-0.0005334998778998,-0.0007451317460317,-0.0006503045421245,-0.0005256185592185,-0.0005129368742368,-0.0004435074481074
-0.0005342642246642,-0.0004975802197802,-0.0004197015873015,0.0005151748962148,-5.774517704517676e-05,-0.0004589674969474,-0.0005334998778998,-0.0007390492063492,-0.0006472799023199,-0.0005225975579975,-0.0005099195360195,-0.0004404901098901
-0.0005372998534798,-0.0004884783882783,-0.0004075365079365,0.0005121445909645,-6.382420024419996e-05,-0.0004468093528693,-0.0005274026862026,-0.0007360079365079,-0.0006412306227106,-0.0005165555555555,-0.0005008675213675,-0.0004374727716727
-0.0005281929670329,-0.0004793765567765,-0.0004075365079365,0.0005030536752136,-6.078468864468836e-05,-0.0004437698168498,-0.0005274026862026,-0.0007360079365079,-0.0006382059829059,-0.0005165555555555,-0.0005038848595848,-0.0004374727716727
-0.0005160504517704,-0.0004611728937728,-0.0003984126984126,0.0004879021489621,-5.774517704517676e-05,-0.0004285721367521,-0.0005213054945054,-0.0007299253968253,-0.000629132063492,-0.0005074925518925,-0.0004978501831501,-0.0004284207570207
-0.0005160504517704,-0.0004338673992673,-0.0003710412698412,0.0004727506227106,-7.294273504273476e-05,-0.0004012163125763,-0.0005091111111111,-0.0007116777777777,-0.0006079595848595,-0.0004863455433455,-0.0004737114774114,-0.0004072993894993
-0.0005130148229548,-0.0004186976800976,-0.0003588761904761,0.0004636597069597,-7.598224664224636e-05,-0.0003890581684981,-0.0005091111111111,-0.0006995126984126,-0.000595861025641,-0.0004742615384615,-0.0004616421245421,-0.0003982473748473
-0.0005039079365079,-0.0004126297924297,-0.0003619174603174,0.000457599096459,-6.990322344322315e-05,-0.0003860186324786,-0.0005152083028083,-0.0006934301587301,-0.000595861025641,-0.0004712405372405,-0.0004616421245421,-0.0003982473748473
-0.0005008723076923,-0.0004126297924297,-0.0003679999999999,0.0004545687912087,-6.686371184371155e-05,-0.0003890581684981,-0.0005182568986568,-0.0006903888888888,-0.0005928363858363,-0.0004712405372405,-0.0004646594627594,-0.0004012647130647
-0.0004978366788766,-0.0004095958485958,-0.0003710412698412,0.0004515384859584,-6.382420024419996e-05,-0.0003890581684981,-0.0005365484737484,-0.0006995126984126,-0.0005928363858363,-0.0004742615384615,-0.0004646594627594,-0.0004012647130647
-0.0004887297924297,-0.0004186976800976,-0.0003862476190476,0.0004515384859584,-5.166615384615356e-05,-0.0004012163125763,-0.0005670344322344,-0.0007208015873015,-0.0006049349450549,-0.0004833245421245,-0.0004706941391941,-0.0004012647130647
-0.0004887297924297,-0.0004338673992673,-0.0004014539682539,0.0004606294017094,-4.254761904761877e-05,-0.0004164139926739,-0.0005761802197802,-0.0007329666666666,-0.0006200581440781,-0.0004893665445665,-0.0004767288156288,-0.000404282051282
-0.0005008723076923,-0.0004429692307692,-0.0003984126984126,0.0004697203174603,-5.166615384615356e-05,-0.0004194535286935,-0.000570083028083,-0.0007390492063492,-0.0006261074236874,-0.0004923875457875,-0.0004767288156288,-0.0004072993894993
-0.0005160504517704,-0.0004611728937728,-0.0003984126984126,0.0004879021489621,-5.774517704517676e-05,-0.0004285721367521,-0.0005670344322344,-0.0007512142857142,-0.0006412306227106,-0.0005074925518925,-0.0004857808302808,-0.0004163514041514
-0.0005160504517704,-0.0004733086691086,-0.000413619047619,0.0004939627594627,-5.166615384615356e-05,-0.0004437698168498,-0.0005670344322344,-0.0007572968253968,-0.0006563538217338,-0.0005165555555555,-0.0004948328449328,-0.000422386080586
-0.0005099791941391,-0.0004702747252747,-0.0004166603174603,0.0004879021489621,-4.558713064713037e-05,-0.0004437698168498,-0.0005731316239316,-0.0007572968253968,-0.0006563538217338,-0.0005135345543345,-0.0004948328449328,-0.000422386080586
-0.0005008723076923,-0.0004672407814407,-0.0004166603174603,0.0004818415384615,-4.254761904761877e-05,-0.0004407302808302,-0.0005822774114774,-0.0007633793650793,-0.0006533291819291,-0.0005135345543345,-0.0004918155067155,-0.0004193687423687
-0.0005008723076923,-0.0004824105006105,-0.0004349079365079,0.0004909324542124,-3.342908424908396e-05,-0.0004589674969474,-0.0005792288156288,-0.0007664206349206,-0.0006624031013431,-0.0005256185592185,-0.0005038848595848,-0.000431438095238
-0.000519086080586,-0.000506682051282,-0.0004409904761904,0.0005121445909645,-3.950810744810717e-05,-0.0004741651770451,-0.000570083028083,-0.0007725031746031,-0.0006745016605616,-0.0005346815628815,-0.0005129368742368,-0.0004404901098901
-0.0005312285958485,-0.0005127499389499,-0.0004349079365079,0.0005212355067155,-4.862664224664196e-05,-0.0004741651770451,-0.0005639858363858,-0.0007755444444444,-0.0006805509401709,-0.0005407235653235,-0.0005189715506715,-0.0004404901098901
-0.0005251573382173,-0.000506682051282,-0.0004349079365079,0.0005151748962148,-4.558713064713037e-05,-0.0004711256410256,-0.0005670344322344,-0.0007816269841269,-0.0006866002197802,-0.0005467655677655,-0.0005250062271062,-0.0004435074481074
-0.0005342642246642,-0.0005036481074481,-0.0004197015873015,0.0005182052014652,-5.774517704517676e-05,-0.000462007032967,-0.0005639858363858,-0.0007846682539682,-0.0006866002197802,-0.0005497865689865,-0.0005250062271062,-0.0004495421245421
-0.0005524779975579,-0.0005127499389499,-0.000413619047619,0.0005303264224664,-6.990322344322315e-05,-0.000462007032967,-0.0005578886446886,-0.0007816269841269,-0.0006896248595848,-0.0005497865689865,-0.0005250062271062,-0.0004495421245421
-0.0005585492551892,-0.0005279196581196,-0.0004257841269841,0.0005424476434676,-6.686371184371155e-05,-0.0004772047130647,-0.00055484004884,-0.0007877095238095,-0.0006956741391941,-0.0005558285714285,-0.0005340582417582,-0.0004616114774114
-0.0005585492551892,-0.0005461233211233,-0.0004409904761904,0.0005515385592185,-5.774517704517676e-05,-0.0004924023931623,-0.00055484004884,-0.000793792063492,-0.0007017234188034,-0.0005618705738705,-0.0005400929181929,-0.0004706634920634
-0.0005676561416361,-0.0005521912087912,-0.0004379492063492,0.0005575991697191,-6.382420024419996e-05,-0.0004954419291819,-0.0005517914529914,-0.0007907507936507,-0.0006956741391941,-0.0005558285714285,-0.0005310409035409,-0.0004616114774114
-0.0005676561416361,-0.0005521912087912,-0.0004349079365079,0.0005575991697191,-6.686371184371155e-05,-0.0004924023931623,-0.0005487428571428,-0.0007877095238095,-0.0006896248595848,-0.0005497865689865,-0.0005280235653235,-0.0004525594627594
-0.0005646205128205,-0.0005521912087912,-0.0004409904761904,0.0005575991697191,-6.078468864468836e-05,-0.0004954419291819,-0.0005487428571428,-0.0007846682539682,-0.0006896248595848,-0.0005528075702075,-0.0005310409035409,-0.0004555768009768
-0.0005646205128205,-0.0005521912087912,-0.0004440317460317,0.0005575991697191,-6.078468864468836e-05,-0.0004984814652014,-0.0005456942612942,-0.0007846682539682,-0.0006956741391941,-0.0005558285714285,-0.0005340582417582,-0.0004585941391941
-0.0005585492551892,-0.0005491572649572,-0.0004409904761904,0.0005515385592185,-5.774517704517676e-05,-0.0004954419291819,-0.0005456942612942,-0.0007877095238095,-0.0006956741391941,-0.0005588495726495,-0.0005340582417582,-0.0004585941391941
-0.0005585492551892,-0.0005461233211233,-0.0004409904761904,0.0005515385592185,-5.774517704517676e-05,-0.0004924023931623,-0.0005517914529914,-0.0007846682539682,-0.0006926494993894,-0.0005558285714285,-0.0005310409035409,-0.0004585941391941
-0.0005615848840048,-0.0005370214896214,-0.0004288253968253,0.0005485082539682,-6.686371184371155e-05,-0.0004832837851037,-0.0005517914529914,-0.0007816269841269,-0.0006896248595848,-0.0005467655677655,-0.0005250062271062,-0.0004555768009768
-0.0005646205128205,-0.0005279196581196,-0.0004166603174603,0.0005454779487179,-7.294273504273476e-05,-0.0004711256410256,-0.00055484004884,-0.0007785857142857,-0.0006835755799755,-0.0005437445665445,-0.0005219888888888,-0.0004525594627594
-0.0005646205128205,-0.0005248857142857,-0.0004166603174603,0.0005424476434676,-7.294273504273476e-05,-0.0004711256410256,-0.00055484004884,-0.0007785857142857,-0.0006805509401709,-0.0005437445665445,-0.0005219888888888,-0.0004495421245421
-0.0005646205128205,-0.0005248857142857,-0.000413619047619,0.0005424476434676,-7.598224664224636e-05,-0.0004680861050061,-0.0005517914529914,-0.0007816269841269,-0.0006775263003663,-0.0005437445665445,-0.0005189715506715,-0.0004495421245421
-0.0005555136263736,-0.0005188178266178,-0.0004166603174603,0.000536387032967,-6.990322344322315e-05,-0.0004680861050061,-0.0005578886446886,-0.0007846682539682,-0.0006775263003663,-0.0005407235653235,-0.0005159542124542,-0.0004465247863247
-0.0005615848840048,-0.0005188178266178,-0.0004105777777777,0.0005394173382173,-7.598224664224636e-05,-0.0004650465689865,-0.0005578886446886,-0.0007694619047619,-0.0006593784615384,-0.0005346815628815,-0.0005189715506715,-0.0004525594627594
-0.0005737273992673,-0.000506682051282,-0.0003892888888888,0.0005394173382173,-9.117980463980436e-05,-0.0004468093528693,-0.0005456942612942,-0.0007329666666666,-0.0006109842246642,-0.0005165555555555,-0.0005219888888888,-0.0004676461538461
-0.0005706917704517,-0.0004338673992673,-0.0003193396825396,0.0005000233699633,-0.0001246144322344,-0.00037690002442,-0.0005426456654456,-0.000681265079365,-0.0005323435897435,-0.0004742615384615,-0.0005008675213675,-0.0004616114774114
-0.0005221217094017,-0.0002821702075702,-0.0002159365079365,0.0004000232967032,-0.00015197003663,-0.0002492395115995,-0.000570083028083,-0.0005809031746031,-0.000402284078144,-0.0003594634920634,-0.000416382051282,-0.000404282051282
-0.0004189103296703,-6.676019536019515e-05,-0.0001064507936507,0.0002424474236874,-0.0001550095482295,-8.510456654456658e-05,-0.0006310549450549,-0.0004622936507936,-0.0002056824908424,-0.0001449724053724,-0.0002504284493284,-0.0003016925518925
-0.000282307032967,0.0002518039072039,7.60253968253969e-05,1.5174529914529944e-05,-0.0001793256410256,0.0001641373870573,-0.0007804361416361,-0.0005352841269841,-6.0562637362638166e-06,0.0001541067155067,1.8114652014651857e-05,-8.746153846153906e-05
-0.0001244543345543,0.0006583523809523,0.0003223682539682,-0.0002666438583638,-0.0002218788034188,0.0004893677411477,-0.0010517611721611,-0.0008454936507936,0.000142151086691,0.0005015218559218,0.0003741605616605,0.0002233242979242
3.64339926739924e-05,0.001001188034188,0.0004987619047619,-0.0005181591941391,-0.0002309973382173,0.0007507678388278,-0.0013962525030525,-0.0012165285714285,0.0001482003663003,0.0008096639804639,0.0007211544566544,0.0005491968253968
0.0001487522588522,0.0012135641025641,0.000602165079365,-0.0006787653724053,-0.0002249183150183,0.0009088237118437,-0.0017194036630036,-0.0015297793650793,4.2337973137973054e-05,0.000969777045177,0.0009595241758241,0.0008207572649572
0.0001639304029304,0.0010618669108669,0.0004379365079365,-0.0006120986568986,-0.0001367724786324,0.0007507678388278,-0.0018474446886446,-0.0017000904761904,-0.0002359288888888,0.0007552859584859,0.0008659866910866,0.0008479133089133
-2.1242954822955094e-05,0.0004217047619047,-1.825396825396816e-05,-0.0001999771428571,5.543345543628675e-09,0.0002006118192918,-0.0016736747252747,-0.0018095761904761,-0.0007440683760683,0.0001238967032967,0.0003922645909645,0.0005642835164835
-0.0003035564346764,-4.552258852258832e-05,-0.0002007301587301,0.0001727504029304,-5.166615384615356e-05,-0.0001215789987789,-0.0014480786324786,-0.0020042174603174,-0.0012098629059829,-0.0004229045177045,-6.024053724053878e-06,0.0003138444444444
-0.0004978366788766,-0.0002518307692307,-0.0002098539682539,0.0003727505494505,-0.0001428515018315,-0.0002310022954822,-0.0012682114774114,-0.0020194238095238,-0.0013913412942612,-0.0006947946275946,-0.0002413764346764,0.0001328041514041
-0.0005828342857142,-0.0004095958485958,-0.0002828444444444,0.0004939627594627,-0.0001489305250305,-0.0003465046642246,-0.0011310246642246,-0.0018034936507936,-0.0013247992185592,-0.0007612566544566,-0.0003862086691086,-4.22014652014658e-05
-0.0005980124297924,-0.0004733086691086,-0.0003315047619047,0.0005333567277167,-0.0001337329670329,-0.0004012163125763,-0.0010273724053724,-0.0015510682539682,-0.0011705425885225,-0.0007250046398046,-0.0004465554334554,-0.000171947008547
-0.0005828342857142,-0.0004975802197802,-0.0003710412698412,0.0005394173382173,-0.0001063773626373,-0.0004346512087912,-0.0009084771672771,-0.001322973015873,-0.0010314091575091,-0.0006736476190476,-0.0004827634920634,-0.0002685018315018
-0.0005646205128205,-0.0005127499389499,-0.0004044952380952,0.000536387032967,-7.902175824175796e-05,-0.0004589674969474,-0.0007651931623931,-0.0011009603174603,-0.0009043742857142,-0.0006283326007326,-0.0005038848595848,-0.0003439352869352
-0.0005555136263736,-0.0004975802197802,-0.0003984126984126,0.0005242658119658,-7.902175824175796e-05,-0.0004468093528693,-0.0006402007326007,-0.0009093603174603,-0.0007833886935286,-0.0005739545787545,-0.0005008675213675,-0.000377126007326
-0.0005433711111111,-0.0004642068376068,-0.0003740825396825,0.0005030536752136,-8.510078144078116e-05,-0.0004194535286935,-0.0005639858363858,-0.0007877095238095,-0.0006926494993894,-0.0005256185592185,-0.0004797461538461,-0.0003831606837606
-0.0005372998534798,-0.0004460031746031,-0.0003649587301587,0.0004909324542124,-8.510078144078116e-05,-0.0004042558485958,-0.0005365484737484,-0.0007329666666666,-0.0006503045421245,-0.0005044715506715,-0.0004737114774114,-0.0003891953601953
-0.0005403354822954,-0.000452071062271,-0.0003679999999999,0.0004939627594627,-8.510078144078116e-05,-0.0004103349206349,-0.0005274026862026,-0.000714719047619,-0.0006412306227106,-0.0005105135531135,-0.0004827634920634,-0.0004012647130647
-0.0005494423687423,-0.0004611728937728,-0.0003679999999999,0.0005030536752136,-9.117980463980436e-05,-0.0004133744566544,-0.0005152083028083,-0.0007025539682539,-0.0006351813431013,-0.0005165555555555,-0.0004918155067155,-0.000413334065934
-0.0005555136263736,-0.0004702747252747,-0.0003710412698412,0.0005121445909645,-9.117980463980436e-05,-0.0004194535286935,-0.0005060625152625,-0.0006873476190476,-0.0006261074236874,-0.0005165555555555,-0.0004948328449328,-0.0004193687423687
-0.0005524779975579,-0.0004763426129426,-0.000380165079365,0.0005121445909645,-8.510078144078116e-05,-0.0004285721367521,-0.0004938681318681,-0.0006721412698412,-0.0006170335042735,-0.0005105135531135,-0.0004978501831501,-0.0004254034188034
-0.0005433711111111,-0.0004763426129426,-0.0003862476190476,0.0005091142857142,-7.902175824175796e-05,-0.0004316116727716,-0.0004877709401709,-0.0006569349206349,-0.0006079595848595,-0.0005105135531135,-0.0004978501831501,-0.0004284207570207
-0.0005403354822954,-0.0004672407814407,-0.0003862476190476,0.0005030536752136,-7.598224664224636e-05,-0.0004255326007326,-0.0004877709401709,-0.0006447698412698,-0.0006019103052503,-0.0005074925518925,-0.0004978501831501,-0.0004284207570207
-0.0005403354822954,-0.0004702747252747,-0.0003862476190476,0.0005030536752136,-7.598224664224636e-05,-0.0004285721367521,-0.0004877709401709,-0.0006447698412698,-0.0005988856654456,-0.0005074925518925,-0.0005008675213675,-0.000431438095238
-0.0005494423687423,-0.0004793765567765,-0.0003832063492063,0.0005121445909645,-8.206126984126955e-05,-0.0004316116727716,-0.0004847223443223,-0.0006417285714285,-0.0005988856654456,-0.0005105135531135,-0.0005038848595848,-0.0004374727716727
-0.0005585492551892,-0.0004793765567765,-0.0003771238095238,0.0005182052014652,-9.117980463980436e-05,-0.0004285721367521,-0.0004816737484737,-0.000635646031746,-0.0005928363858363,-0.0005074925518925,-0.0005038848595848,-0.0004374727716727
-0.0005464067399267,-0.0004733086691086,-0.0003832063492063,0.0005091142857142,-8.206126984126955e-05,-0.0004285721367521,-0.0004847223443223,-0.0006295634920634,-0.0005928363858363,-0.0005105135531135,-0.0005069021978021,-0.0004404901098901
-0.0005403354822954,-0.0004672407814407,-0.0003832063492063,0.0005030536752136,-7.902175824175796e-05,-0.0004255326007326,-0.0004877709401709,-0.0006265222222222,-0.0005867871062271,-0.0005074925518925,-0.0005038848595848,-0.0004404901098901
-0.0005403354822954,-0.0004702747252747,-0.000380165079365,0.0005030536752136,-7.902175824175796e-05,-0.0004255326007326,-0.0004847223443223,-0.0006234809523809,-0.0005867871062271,-0.0005044715506715,-0.0005038848595848,-0.0004435074481074
-0.0005433711111111,-0.0004702747252747,-0.0003832063492063,0.0005060839804639,-7.902175824175796e-05,-0.0004255326007326,-0.0004816737484737,-0.0006204396825396,-0.0005837624664224,-0.0005044715506715,-0.0005069021978021,-0.0004435074481074
-0.0005433711111111,-0.0004733086691086,-0.0003862476190476,0.0005060839804639,-7.902175824175796e-05,-0.0004285721367521,-0.0004786251526251,-0.0006143571428571,-0.0005807378266178,-0.0005014505494505,-0.0005038848595848,-0.0004404901098901
-0.0005433711111111,-0.0004824105006105,-0.0003923301587301,0.0005121445909645,-7.598224664224636e-05,-0.0004376907448107,-0.0004786251526251,-0.0006082746031746,-0.0005746885470085,-0.0005014505494505,-0.0005008675213675,-0.0004374727716727
-0.0005433711111111,-0.0004824105006105,-0.0003923301587301,0.0005121445909645,-7.598224664224636e-05,-0.0004376907448107,-0.0004816737484737,-0.000602192063492,-0.0005716639072039,-0.0005014505494505,-0.0004978501831501,-0.0004344554334554
-0.0005403354822954,-0.0004763426129426,-0.0003892888888888,0.0005060839804639,-7.598224664224636e-05,-0.0004316116727716,-0.0004847223443223,-0.0005961095238095,-0.0005686392673992,-0.0004984295482295,-0.0004978501831501,-0.0004344554334554
-0.0005403354822954,-0.0004733086691086,-0.0003862476190476,0.0005060839804639,-7.598224664224636e-05,-0.0004285721367521,-0.0004786251526251,-0.0005900269841269,-0.0005686392673992,-0.0004984295482295,-0.0005008675213675,-0.0004374727716727
-0.0005372998534798,-0.0004733086691086,-0.0003923301587301,0.0005030536752136,-7.294273504273476e-05,-0.0004316116727716,-0.0004755765567765,-0.0005869857142857,-0.0005686392673992,-0.0005044715506715,-0.0005069021978021,-0.0004465247863247
-0.0005372998534798,-0.0004672407814407,-0.0003832063492063,0.0005000233699633,-7.598224664224636e-05,-0.0004255326007326,-0.0004755765567765,-0.0005809031746031,-0.0005686392673992,-0.0005044715506715,-0.0005099195360195,-0.0004465247863247
-0.0005372998534798,-0.000455105006105,-0.0003740825396825,0.0004939627594627,-8.206126984126955e-05,-0.0004133744566544,-0.0004786251526251,-0.0005778619047619,-0.0005656146275946,-0.0005014505494505,-0.0005069021978021,-0.0004435074481074
-0.0005433711111111,-0.0004581389499389,-0.0003679999999999,0.0005000233699633,-8.814029304029276e-05,-0.0004133744566544,-0.0004755765567765,-0.0005717793650793,-0.0005625899877899,-0.0005014505494505,-0.0005069021978021,-0.0004435074481074
-0.0005403354822954,-0.0004672407814407,-0.0003862476190476,0.0005030536752136,-7.598224664224636e-05,-0.0004255326007326,-0.0004694793650793,-0.0005626555555555,-0.000553516068376,-0.0004984295482295,-0.0005069021978021,-0.0004465247863247
-0.0005251573382173,-0.0004733086691086,-0.0004044952380952,0.000496993064713,-6.078468864468836e-05,-0.0004376907448107,-0.0004664307692307,-0.000556573015873,-0.0005474667887667,-0.0004954085470085,-0.0005069021978021,-0.0004465247863247
-0.0005251573382173,-0.0004763426129426,-0.0004044952380952,0.0005000233699633,-6.078468864468836e-05,-0.0004407302808302,-0.0004633821733821,-0.0005413666666666,-0.0005444421489621,-0.0004923875457875,-0.0005038848595848,-0.0004404901098901
-0.0005281929670329,-0.0004763426129426,-0.0004014539682539,0.0005000233699633,-6.382420024419996e-05,-0.0004376907448107,-0.0004603335775335,-0.0005322428571428,-0.0005383928693528,-0.0004863455433455,-0.0005008675213675,-0.0004374727716727
-0.0005281929670329,-0.0004702747252747,-0.0003984126984126,0.000496993064713,-6.382420024419996e-05,-0.0004346512087912,-0.0004572849816849,-0.0005200777777777,-0.0005323435897435,-0.0004833245421245,-0.0004978501831501,-0.0004374727716727
-0.0005221217094017,-0.0004702747252747,-0.0004014539682539,0.0004939627594627,-6.078468864468836e-05,-0.0004346512087912,-0.0004542363858363,-0.0005109539682539,-0.0005293189499389,-0.0004833245421245,-0.0005008675213675,-0.0004404901098901
-0.000519086080586,-0.0004702747252747,-0.0004075365079365,0.0004939627594627,-5.470566544566516e-05,-0.0004376907448107,-0.0004542363858363,-0.0005079126984126,-0.0005293189499389,-0.0004863455433455,-0.0005069021978021,-0.0004435074481074
-0.000519086080586,-0.0004672407814407,-0.0004044952380952,0.0004909324542124,-5.774517704517676e-05,-0.0004346512087912,-0.0004542363858363,-0.0004987888888888,-0.0005293189499389,-0.0004893665445665,-0.0005099195360195,-0.0004495421245421
-0.0005221217094017,-0.0004611728937728,-0.0003953714285714,0.0004909324542124,-6.382420024419996e-05,-0.0004285721367521,-0.0004572849816849,-0.000489665079365,-0.0005232696703296,-0.0004863455433455,-0.0005099195360195,-0.0004495421245421
-0.0005251573382173,-0.0004611728937728,-0.0003923301587301,0.0004909324542124,-6.686371184371155e-05,-0.0004255326007326,-0.0004511877899877,-0.0004744587301587,-0.0005141957509157,-0.0004833245421245,-0.0005038848595848,-0.0004495421245421
-0.0005221217094017,-0.0004581389499389,-0.0003923301587301,0.0004879021489621,-6.382420024419996e-05,-0.0004255326007326,-0.000442042002442,-0.0004592523809523,-0.0005051218315018,-0.0004742615384615,-0.0005008675213675,-0.0004435074481074
-0.0005221217094017,-0.0004581389499389,-0.0003923301587301,0.0004879021489621,-6.382420024419996e-05,-0.0004255326007326,-0.0004359448107448,-0.000444046031746,-0.0004990725518925,-0.0004682195360195,-0.0004978501831501,-0.0004404901098901
-0.0005130148229548,-0.000455105006105,-0.0003984126984126,0.0004818415384615,-5.774517704517676e-05,-0.0004255326007326,-0.0004359448107448,-0.0004257984126984,-0.0004930232722832,-0.0004651985347985,-0.0004948328449328,-0.0004404901098901
-0.0005069435653235,-0.0004490371184371,-0.0004014539682539,0.0004757809279609,-5.166615384615356e-05,-0.0004255326007326,-0.0004389934065934,-0.000410592063492,-0.0004869739926739,-0.0004651985347985,-0.0004918155067155,-0.0004404901098901
-0.0005008723076923,-0.0004429692307692,-0.0004014539682539,0.0004697203174603,-4.862664224664196e-05,-0.000422493064713,-0.0004359448107448,-0.0003923444444444,-0.0004839493528693,-0.0004621775335775,-0.0004887981684981,-0.0004374727716727
-0.0005069435653235,-0.0004429692307692,-0.0003953714285714,0.0004727506227106,-5.470566544566516e-05,-0.0004194535286935,-0.0004298476190476,-0.0003801793650793,-0.00047790007326,-0.0004621775335775,-0.0004887981684981,-0.0004404901098901
-0.0005039079365079,-0.0004338673992673,-0.0003862476190476,0.00046669001221,-5.774517704517676e-05,-0.0004103349206349,-0.000426799023199,-0.000364973015873,-0.0004718507936507,-0.0004591565323565,-0.0004857808302808,-0.0004404901098901
-0.0005008723076923,-0.0004186976800976,-0.0003740825396825,0.000457599096459,-6.382420024419996e-05,-0.0003951372405372,-0.0004237504273504,-0.0003436841269841,-0.0004627768742368,-0.0004500935286935,-0.0004797461538461,-0.000431438095238
-0.0005069435653235,-0.0004156637362637,-0.0003679999999999,0.0004606294017094,-6.990322344322315e-05,-0.0003920977045177,-0.0004176532356532,-0.0003163126984126,-0.0004506783150183,-0.0004410305250305,-0.0004737114774114,-0.0004254034188034
-0.0005039079365079,-0.0004186976800976,-0.0003710412698412,0.0004606294017094,-6.686371184371155e-05,-0.0003951372405372,-0.0004085074481074,-0.0002889412698412,-0.0004355551159951,-0.0004349885225885,-0.0004706941391941,-0.0004193687423687
-0.000494801050061,-0.0004126297924297,-0.0003710412698412,0.0004515384859584,-6.078468864468836e-05,-0.0003920977045177,-0.0004024102564102,-0.0002646111111111,-0.0004264811965811,-0.0004259255189255,-0.0004646594627594,-0.0004163514041514
-0.0004856941636141,-0.0004035279609279,-0.0003740825396825,0.0004424475702075,-5.470566544566516e-05,-0.0003890581684981,-0.0003993616605616,-0.0002433222222222,-0.0004174072771672,-0.0004229045177045,-0.0004586247863247,-0.000413334065934
-0.0004735516483516,-0.0003853242979242,-0.0003710412698412,0.000427296043956,-5.166615384615356e-05,-0.00037690002442,-0.0003993616605616,-0.000218992063492,-0.0004113579975579,-0.0004168625152625,-0.0004495727716727,-0.0004012647130647
-0.0004614091330891,-0.0003731885225885,-0.0003679999999999,0.0004151748229548,-4.558713064713037e-05,-0.0003708209523809,-0.0004024102564102,-0.0001946619047619,-0.000402284078144,-0.0004077995115995,-0.000443538095238,-0.00039523003663
-0.0004644447619047,-0.0003640866910866,-0.0003558349206349,0.0004121445177045,-5.470566544566516e-05,-0.0003586628083028,-0.0003993616605616,-0.000173373015873,-0.0003901855189255,-0.0004017575091575,-0.0004375034188034,-0.0003891953601953
-0.0004674803907203,-0.0003489169719169,-0.0003315047619047,0.0004060839072039,-6.686371184371155e-05,-0.0003404255921855,-0.0003902158730158,-0.0001490428571428,-0.0003750623199023,-0.0003896735042735,-0.000425434065934,-0.0003801433455433
-0.0004614091330891,-0.0003307133089133,-0.0003223809523809,0.0003939626862026,-6.990322344322315e-05,-0.0003252279120879,-0.0003871672771672,-0.0001307952380952,-0.0003659884004884,-0.0003806105006105,-0.000416382051282,-0.0003680739926739
-0.0004401597313797,-0.0003094757020757,-0.0003193396825396,0.0003727505494505,-6.078468864468836e-05,-0.0003130697680097,-0.000396313064713,-0.0001125476190476,-0.0003599391208791,-0.0003745684981684,-0.0004043126984126,-0.0003560046398046
-0.0004280172161172,-0.000288238095238,-0.0003132571428571,0.000357599023199,-5.774517704517676e-05,-0.0003009116239316,-0.0004024102564102,-0.0001003825396825,-0.0003538898412698,-0.0003655054945054,-0.0003922433455433,-0.0003409179487179
-0.0004280172161172,-0.0002670004884004,-0.0002950095238095,0.0003454778021978,-6.686371184371155e-05,-0.0002796348717948,-0.0004024102564102,-8.517619047619017e-05,-0.0003417912820512,-0.0003534214896214,-0.0003801739926739,-0.0003258312576312
-0.0004340884737484,-0.0002487968253968,-0.0002706793650793,0.0003394171916971,-8.206126984126955e-05,-0.0002583581196581,-0.0003993616605616,-7.605238095238064e-05,-0.0003327173626373,-0.0003443584859584,-0.0003650873015873,-0.0003107445665445
-0.0004340884737484,-0.0002305931623931,-0.0002493904761904,0.0003303262759462,-9.117980463980436e-05,-0.0002401209035409,-0.0004024102564102,-7.605238095238064e-05,-0.0003296927228327,-0.0003352954822954,-0.0003530179487179,-0.0002956578754578
-0.0004310528449328,-0.0002093555555555,-0.0002311428571428,0.000318205054945,-0.0001002983394383,-0.0002188441514041,-0.0004085074481074,-7.605238095238064e-05,-0.000326668083028,-0.0003292534798534,-0.0003409485958485,-0.0002835885225885
-0.0004219459584859,-0.0001881179487179,-0.000222019047619,0.0003030535286935,-0.0001002983394383,-0.0002036464713064,-0.0004207018315018,-8.517619047619017e-05,-0.000326668083028,-0.0003201904761904,-0.0003318965811965,-0.0002715191697191
-0.0004158747008547,-0.0001729482295482,-0.0002128952380952,0.0002939626129426,-0.0001002983394383,-0.0001914883272283,-0.000426799023199,-0.0001003825396825,-0.000326668083028,-0.0003141484737484,-0.0003228445665445,-0.0002564324786324
-0.0004158747008547,-0.0001638463980463,-0.0002037714285714,0.000287902002442,-0.0001063773626373,-0.0001823697191697,-0.0004328962148962,-0.0001247126984126,-0.0003327173626373,-0.0003141484737484,-0.0003168098901098,-0.0002473804639804
-0.0004158747008547,-0.0001547445665445,-0.0001976888888888,0.0002848716971916,-0.0001094168742368,-0.0001762906471306,-0.000442042002442,-0.0001520841269841,-0.0003387666422466,-0.0003081064713064,-0.0003047405372405,-0.0002353111111111
-0.0004189103296703,-0.0001517106227106,-0.0001916063492063,0.0002848716971916,-0.0001124563858363,-0.0001702115750915,-0.0004511877899877,-0.000185538095238,-0.0003448159218559,-0.0003050854700854,-0.0002956885225885,-0.0002232417582417
-0.0004219459584859,-0.0001517106227106,-0.0001855238095238,0.0002848716971916,-0.0001185354090354,-0.000167172039072,-0.0004603335775335,-0.0002250746031746,-0.0003508652014652,-0.0003050854700854,-0.0002896538461538,-0.000217207081807
-0.0004310528449328,-0.0001517106227106,-0.0001794412698412,0.0002909323076923,-0.0001246144322344,-0.0001641325030525,-0.0004725279609279,-0.0002737349206349,-0.0003629637606837,-0.0003081064713064,-0.0002896538461538,-0.000217207081807
-0.0004401597313797,-0.0001638463980463,-0.0001794412698412,0.0003000232234432,-0.0001306934554334,-0.0001702115750915,-0.0004816737484737,-0.0003254365079365,-0.0003811115995115,-0.0003201904761904,-0.0002987058608058,-0.0002202244200244
-0.0004492666178266,-0.0001759821733821,-0.0001824825396825,0.0003121444444444,-0.0001337329670329,-0.0001793301831501,-0.0004908195360195,-0.000377138095238,-0.000402284078144,-0.0003322744810744,-0.0003107752136752,-0.0002292764346764
-0.0004553378754578,-0.0001941858363858,-0.0001946476190476,0.0003242656654456,-0.0001306934554334,-0.0001945278632478,-0.0004999653235653,-0.0004257984126984,-0.0004234565567765,-0.0003473794871794,-0.0003258619047619,-0.0002473804639804
-0.0004614091330891,-0.0002184573870573,-0.0002128952380952,0.0003394171916971,-0.0001246144322344,-0.0002158046153846,-0.0005060625152625,-0.0004714174603174,-0.000444629035409,-0.0003655054945054,-0.0003439659340659,-0.0002715191697191
-0.0004735516483516,-0.0002457628815628,-0.0002281015873015,0.000357599023199,-0.0001215749206349,-0.0002370813675213,-0.0005091111111111,-0.0005139952380952,-0.0004688261538461,-0.0003806105006105,-0.0003590526251526,-0.0002926405372405
-0.0004887297924297,-0.0002761023199023,-0.0002402666666666,0.0003818414652014,-0.0001246144322344,-0.0002583581196581,-0.0005091111111111,-0.0005504904761904,-0.0004869739926739,-0.0003957155067155,-0.0003771566544566,-0.0003107445665445
-0.0005069435653235,-0.0003064417582417,-0.0002524317460317,0.0004060839072039,-0.0001276539438339,-0.0002796348717948,-0.0005030139194139,-0.0005869857142857,-0.0005051218315018,-0.0004108205128205,-0.0003922433455433,-0.0003228139194139
-0.0005160504517704,-0.0003337472527472,-0.0002706793650793,0.0004242657387057,-0.0001215749206349,-0.0003009116239316,-0.0005060625152625,-0.0006173984126984,-0.000520245030525,-0.0004229045177045,-0.0004043126984126,-0.0003379006105006
-0.000519086080586,-0.0003640866910866,-0.000301092063492,0.0004394172649572,-0.0001094168742368,-0.0003313069841269,-0.0005121597069597,-0.0006417285714285,-0.0005414175091575,-0.0004410305250305,-0.0004224167277167,-0.0003560046398046
-0.0005281929670329,-0.0003944261294261,-0.0003193396825396,0.0004606294017094,-0.0001033378510378,-0.0003556232722832,-0.0005152083028083,-0.0006660587301587,-0.0005625899877899,-0.0004591565323565,-0.000443538095238,-0.000377126007326
-0.0005372998534798,-0.0004126297924297,-0.000334546031746,0.0004727506227106,-0.0001002983394383,-0.0003738604884004,-0.0005121597069597,-0.0006873476190476,-0.0005777131868131,-0.0004742615384615,-0.0004586247863247,-0.00039523003663
-0.0005372998534798,-0.0004308334554334,-0.0003497523809523,0.0004818415384615,-9.421931623931596e-05,-0.0003890581684981,-0.0005091111111111,-0.0007055952380952,-0.0005928363858363,-0.0004893665445665,-0.0004737114774114,-0.0004072993894993
-0.0005433711111111,-0.0004490371184371,-0.0003619174603174,0.0004939627594627,-9.117980463980436e-05,-0.0004042558485958,-0.0005121597069597,-0.0007177603174603,-0.0006019103052503,-0.0004984295482295,-0.0004857808302808,-0.000422386080586
-0.0005555136263736,-0.0004642068376068,-0.0003649587301587,0.0005091142857142,-9.421931623931596e-05,-0.0004133744566544,-0.0005091111111111,-0.0007268841269841,-0.0006049349450549,-0.0005044715506715,-0.0004887981684981,-0.0004254034188034
-0.0005676561416361,-0.0004733086691086,-0.0003619174603174,0.0005182052014652,-0.0001033378510378,-0.0004164139926739,-0.0005030139194139,-0.0007329666666666,-0.0006109842246642,-0.0005044715506715,-0.0004918155067155,-0.0004284207570207
-0.0005676561416361,-0.0004854444444444,-0.0003710412698412,0.0005242658119658,-9.725882783882755e-05,-0.0004285721367521,-0.0005030139194139,-0.0007390492063492,-0.0006170335042735,-0.0005135345543345,-0.0005008675213675,-0.0004404901098901
-0.0005615848840048,-0.0004915123321123,-0.0003832063492063,0.0005242658119658,-8.814029304029276e-05,-0.0004376907448107,-0.0005060625152625,-0.000748173015873,-0.0006261074236874,-0.0005195765567765,-0.0005099195360195,-0.0004465247863247
-0.0005585492551892,-0.0004975802197802,-0.0003923301587301,0.0005272961172161,-8.206126984126955e-05,-0.0004437698168498,-0.0005091111111111,-0.0007542555555555,-0.0006321567032967,-0.0005256185592185,-0.0005099195360195,-0.0004495421245421
-0.0005646205128205,-0.0005036481074481,-0.0003953714285714,0.0005333567277167,-8.510078144078116e-05,-0.0004498488888888,-0.0005060625152625,-0.0007542555555555,-0.0006321567032967,-0.0005286395604395,-0.0005099195360195,-0.0004525594627594
-0.000576763028083,-0.0005097159951159,-0.0003892888888888,0.0005424476434676,-9.421931623931596e-05,-0.0004498488888888,-0.0005030139194139,-0.0007542555555555,-0.0006321567032967,-0.0005286395604395,-0.0005099195360195,-0.0004525594627594
-0.000576763028083,-0.0005157838827838,-0.0003984126984126,0.0005454779487179,-8.814029304029276e-05,-0.0004559279609279,-0.0005030139194139,-0.0007572968253968,-0.0006382059829059,-0.0005316605616605,-0.0005159542124542,-0.0004555768009768
-0.0005646205128205,-0.0005157838827838,-0.0004044952380952,0.0005394173382173,-7.902175824175796e-05,-0.0004589674969474,-0.0005091111111111,-0.000760338095238,-0.0006412306227106,-0.0005346815628815,-0.0005219888888888,-0.0004616114774114
-0.0005615848840048,-0.0005127499389499,-0.0004075365079365,0.000536387032967,-7.598224664224636e-05,-0.0004589674969474,-0.0005091111111111,-0.0007633793650793,-0.0006442552625152,-0.0005407235653235,-0.0005280235653235,-0.0004676461538461
-0.000576763028083,-0.0005188178266178,-0.0003984126984126,0.0005454779487179,-8.814029304029276e-05,-0.0004589674969474,-0.0005030139194139,-0.0007572968253968,-0.0006412306227106,-0.0005407235653235,-0.0005280235653235,-0.0004676461538461
-0.0005889055433455,-0.0005279196581196,-0.0003923301587301,0.0005575991697191,-9.725882783882755e-05,-0.0004589674969474,-0.0004999653235653,-0.0007542555555555,-0.0006412306227106,-0.0005407235653235,-0.0005280235653235,-0.0004676461538461
-0.0005828342857142,-0.0005339875457875,-0.0004075365079365,0.0005575991697191,-8.814029304029276e-05,-0.0004711256410256,-0.0004969167277167,-0.0007512142857142,-0.0006442552625152,-0.0005437445665445,-0.0005310409035409,-0.0004706634920634
-0.0005737273992673,-0.0005339875457875,-0.0004166603174603,0.0005515385592185,-7.902175824175796e-05,-0.0004741651770451,-0.0004969167277167,-0.0007512142857142,-0.0006472799023199,-0.0005467655677655,-0.0005340582417582,-0.0004736808302808
-0.0005615848840048,-0.0005339875457875,-0.0004227428571428,0.0005454779487179,-6.990322344322315e-05,-0.0004772047130647,-0.0005030139194139,-0.0007512142857142,-0.0006503045421245,-0.0005467655677655,-0.0005340582417582,-0.0004736808302808
-0.0005646205128205,-0.0005339875457875,-0.0004197015873015,0.0005485082539682,-7.294273504273476e-05,-0.0004772047130647,-0.0005060625152625,-0.000748173015873,-0.0006472799023199,-0.0005467655677655,-0.0005340582417582,-0.0004736808302808
-0.000576763028083,-0.0005339875457875,-0.000413619047619,0.0005545688644688,-8.206126984126955e-05,-0.0004741651770451,-0.0004999653235653,-0.0007420904761904,-0.0006442552625152,-0.0005467655677655,-0.0005370755799755,-0.0004736808302808
-0.0005737273992673,-0.0005339875457875,-0.000413619047619,0.0005515385592185,-7.902175824175796e-05,-0.0004741651770451,-0.0004969167277167,-0.0007420904761904,-0.0006412306227106,-0.0005497865689865,-0.0005400929181929,-0.0004766981684981
-0.0005737273992673,-0.0005339875457875,-0.000413619047619,0.0005515385592185,-7.902175824175796e-05,-0.0004741651770451,-0.0004938681318681,-0.0007390492063492,-0.0006412306227106,-0.0005497865689865,-0.0005400929181929,-0.0004766981684981
-0.0005737273992673,-0.0005370214896214,-0.0004166603174603,0.0005545688644688,-7.902175824175796e-05,-0.0004772047130647,-0.0004908195360195,-0.0007329666666666,-0.0006382059829059,-0.0005467655677655,-0.0005400929181929,-0.0004766981684981
-0.0005676561416361,-0.0005339875457875,-0.0004227428571428,0.0005485082539682,-7.294273504273476e-05,-0.0004772047130647,-0.0004938681318681,-0.0007299253968253,-0.0006382059829059,-0.0005497865689865,-0.0005431102564102,-0.0004827328449328
-0.0005676561416361,-0.0005339875457875,-0.0004227428571428,0.0005485082539682,-7.294273504273476e-05,-0.0004772047130647,-0.0004969167277167,-0.0007329666666666,-0.0006382059829059,-0.0005497865689865,-0.0005431102564102,-0.0004827328449328
-0.0005676561416361,-0.0005339875457875,-0.0004197015873015,0.0005485082539682,-7.294273504273476e-05,-0.0004772047130647,-0.0004969167277167,-0.0007360079365079,-0.0006382059829059,-0.0005497865689865,-0.0005431102564102,-0.0004827328449328
-0.0005676561416361,-0.0005309536019536,-0.0004197015873015,0.0005485082539682,-7.294273504273476e-05,-0.0004741651770451,-0.0004969167277167,-0.0007299253968253,-0.0006351813431013,-0.0005467655677655,-0.0005400929181929,-0.0004797155067155
-0.0005676561416361,-0.0005309536019536,-0.0004197015873015,0.0005485082539682,-7.294273504273476e-05,-0.0004741651770451,-0.0004969167277167,-0.0007208015873015,-0.000629132063492,-0.0005437445665445,-0.0005370755799755,-0.0004797155067155
-0.0005646205128205,-0.0005248857142857,-0.0004166603174603,0.0005424476434676,-7.294273504273476e-05,-0.0004711256410256,-0.0004999653235653,-0.0007177603174603,-0.0006230827838827,-0.0005377025641025,-0.0005340582417582,-0.0004766981684981
-0.0005737273992673,-0.0005248857142857,-0.0004075365079365,0.0005485082539682,-8.206126984126955e-05,-0.0004650465689865,-0.0004969167277167,-0.0007177603174603,-0.0006170335042735,-0.0005346815628815,-0.0005310409035409,-0.0004766981684981
-0.0005706917704517,-0.0005218517704517,-0.0004075365079365,0.0005454779487179,-8.206126984126955e-05,-0.0004650465689865,-0.0004999653235653,-0.0007177603174603,-0.0006200581440781,-0.0005377025641025,-0.0005370755799755,-0.0004827328449328
-0.0005615848840048,-0.0005097159951159,-0.0004044952380952,0.0005333567277167,-7.902175824175796e-05,-0.0004559279609279,-0.0004999653235653,-0.0007177603174603,-0.0006230827838827,-0.0005377025641025,-0.0005370755799755,-0.0004827328449328
-0.0005585492551892,-0.0005097159951159,-0.0004044952380952,0.0005333567277167,-7.598224664224636e-05,-0.0004559279609279,-0.0005030139194139,-0.000714719047619,-0.0006170335042735,-0.0005346815628815,-0.0005340582417582,-0.0004797155067155
-0.0005646205128205,-0.0005218517704517,-0.0004105777777777,0.0005424476434676,-7.598224664224636e-05,-0.0004650465689865,-0.0005030139194139,-0.0007055952380952,-0.0006109842246642,-0.0005286395604395,-0.0005280235653235,-0.0004706634920634
-0.0005615848840048,-0.0005218517704517,-0.0004166603174603,0.0005394173382173,-7.294273504273476e-05,-0.0004680861050061,-0.0005030139194139,-0.0007055952380952,-0.0006109842246642,-0.0005256185592185,-0.0005250062271062,-0.0004676461538461
-0.0005646205128205,-0.0005157838827838,-0.0004075365079365,0.0005394173382173,-7.902175824175796e-05,-0.000462007032967,-0.0004999653235653,-0.0007055952380952,-0.0006109842246642,-0.0005195765567765,-0.0005189715506715,-0.0004646288156288
-0.0005585492551892,-0.000506682051282,-0.0004044952380952,0.0005303264224664,-7.598224664224636e-05,-0.0004559279609279,-0.0005060625152625,-0.0007055952380952,-0.0006079595848595,-0.0005165555555555,-0.0005159542124542,-0.0004585941391941
-0.0005555136263736,-0.0005006141636141,-0.0004014539682539,0.0005272961172161,-7.598224664224636e-05,-0.0004498488888888,-0.0005091111111111,-0.0007086365079365,-0.0006079595848595,-0.0005165555555555,-0.0005129368742368,-0.0004555768009768
-0.0005555136263736,-0.0005006141636141,-0.0004014539682539,0.0005272961172161,-7.598224664224636e-05,-0.0004498488888888,-0.0005182568986568,-0.0007086365079365,-0.0006079595848595,-0.0005135345543345,-0.0005099195360195,-0.0004585941391941
-0.0005555136263736,-0.0004975802197802,-0.0004014539682539,0.0005242658119658,-7.598224664224636e-05,-0.0004498488888888,-0.0005213054945054,-0.0007086365079365,-0.0006109842246642,-0.0005135345543345,-0.0005129368742368,-0.0004585941391941
-0.0005615848840048,-0.0004915123321123,-0.0003862476190476,0.0005242658119658,-8.814029304029276e-05,-0.0004376907448107,-0.0005182568986568,-0.0007086365079365,-0.0006079595848595,-0.0005074925518925,-0.0005038848595848,-0.0004525594627594
-0.0005555136263736,-0.0004884783882783,-0.0003892888888888,0.0005212355067155,-8.206126984126955e-05,-0.0004376907448107,-0.0005213054945054,-0.0007116777777777,-0.0006079595848595,-0.0005105135531135,-0.0005038848595848,-0.0004525594627594
-0.0005403354822954,-0.0004884783882783,-0.0004044952380952,0.0005121445909645,-6.686371184371155e-05,-0.0004468093528693,-0.0005304512820512,-0.0007177603174603,-0.0006140088644688,-0.0005135345543345,-0.0005069021978021,-0.0004555768009768
-0.0005342642246642,-0.0004854444444444,-0.0004044952380952,0.0005091142857142,-6.382420024419996e-05,-0.0004437698168498,-0.0005334998778998,-0.0007208015873015,-0.0006140088644688,-0.0005135345543345,-0.0005038848595848,-0.0004525594627594
-0.0005403354822954,-0.0004854444444444,-0.0003953714285714,0.0005121445909645,-7.294273504273476e-05,-0.0004407302808302,-0.0005334998778998,-0.0007208015873015,-0.0006140088644688,-0.0005105135531135,-0.0005038848595848,-0.0004495421245421
-0.0005494423687423,-0.0004824105006105,-0.0003892888888888,0.0005151748962148,-7.902175824175796e-05,-0.0004346512087912,-0.0005334998778998,-0.0007208015873015,-0.0006140088644688,-0.0005074925518925,-0.0005008675213675,-0.0004495421245421
-0.0005585492551892,-0.0004824105006105,-0.0003771238095238,0.0005182052014652,-9.117980463980436e-05,-0.0004285721367521,-0.0005274026862026,-0.0007238428571428,-0.0006109842246642,-0.0005044715506715,-0.0004948328449328,-0.0004435074481074
-0.0005524779975579,-0.0004793765567765,-0.0003832063492063,0.0005151748962148,-8.510078144078116e-05,-0.0004316116727716,-0.0005334998778998,-0.0007268841269841,-0.0006140088644688,-0.0005044715506715,-0.0004948328449328,-0.0004435074481074
-0.0005464067399267,-0.0004763426129426,-0.0003862476190476,0.0005091142857142,-7.902175824175796e-05,-0.0004316116727716,-0.000539597069597,-0.0007299253968253,-0.0006170335042735,-0.0005044715506715,-0.0004918155067155,-0.0004404901098901
-0.0005433711111111,-0.0004854444444444,-0.0003923301587301,0.0005121445909645,-7.598224664224636e-05,-0.0004376907448107,-0.0005426456654456,-0.0007329666666666,-0.0006230827838827,-0.0005074925518925,-0.0004948328449328,-0.0004435074481074
-0.0005372998534798,-0.0004884783882783,-0.0004044952380952,0.0005121445909645,-6.686371184371155e-05,-0.0004468093528693,-0.0005426456654456,-0.0007329666666666,-0.0006261074236874,-0.0005105135531135,-0.0004978501831501,-0.0004465247863247
-0.0005372998534798,-0.0004884783882783,-0.0004044952380952,0.0005121445909645,-6.686371184371155e-05,-0.0004468093528693,-0.0005426456654456,-0.0007360079365079,-0.0006261074236874,-0.0005105135531135,-0.0004978501831501,-0.0004435074481074
-0.0005464067399267,-0.0004824105006105,-0.0003892888888888,0.0005121445909645,-7.902175824175796e-05,-0.0004346512087912,-0.0005426456654456,-0.0007360079365079,-0.0006230827838827,-0.0005044715506715,-0.0004887981684981,-0.0004374727716727
-0.0005433711111111,-0.0004793765567765,-0.0003923301587301,0.0005091142857142,-7.598224664224636e-05,-0.0004346512087912,-0.0005456942612942,-0.0007390492063492,-0.000629132063492,-0.0005074925518925,-0.0004918155067155,-0.0004435074481074
-0.0005464067399267,-0.0004824105006105,-0.0003923301587301,0.0005121445909645,-7.598224664224636e-05,-0.0004376907448107,-0.0005456942612942,-0.0007420904761904,-0.0006321567032967,-0.0005135345543345,-0.0004948328449328,-0.0004465247863247
-0.0005524779975579,-0.0004824105006105,-0.0003862476190476,0.0005151748962148,-8.206126984126955e-05,-0.0004346512087912,-0.0005456942612942,-0.0007451317460317,-0.0006321567032967,-0.0005135345543345,-0.0004978501831501,-0.0004465247863247
-0.0005494423687423,-0.0004854444444444,-0.0003923301587301,0.0005151748962148,-7.902175824175796e-05,-0.0004376907448107,-0.0005487428571428,-0.000748173015873,-0.0006321567032967,-0.0005135345543345,-0.0004978501831501,-0.0004465247863247
-0.0005433711111111,-0.0004915123321123,-0.0004014539682539,0.0005151748962148,-6.990322344322315e-05,-0.0004468093528693,-0.0005517914529914,-0.000748173015873,-0.0006351813431013,-0.0005105135531135,-0.0004978501831501,-0.0004465247863247
-0.0005403354822954,-0.0004854444444444,-0.0004014539682539,0.0005121445909645,-6.990322344322315e-05,-0.0004437698168498,-0.00055484004884,-0.000748173015873,-0.0006321567032967,-0.0005105135531135,-0.0004978501831501,-0.0004435074481074
-0.0005433711111111,-0.0004824105006105,-0.0003923301587301,0.0005121445909645,-7.598224664224636e-05,-0.0004376907448107,-0.0005609372405372,-0.000748173015873,-0.0006321567032967,-0.0005074925518925,-0.0004948328449328,-0.0004435074481074
-0.0005494423687423,-0.0004793765567765,-0.0003862476190476,0.0005121445909645,-8.206126984126955e-05,-0.0004316116727716,-0.0005639858363858,-0.0007512142857142,-0.0006351813431013,-0.0005105135531135,-0.0004978501831501,-0.0004465247863247
-0.0005555136263736,-0.0004854444444444,-0.0003832063492063,0.0005182052014652,-8.510078144078116e-05,-0.0004346512087912,-0.0005822774114774,-0.0007512142857142,-0.0006351813431013,-0.0005135345543345,-0.0005008675213675,-0.0004495421245421
-0.0005555136263736,-0.0004824105006105,-0.000380165079365,0.0005182052014652,-8.814029304029276e-05,-0.0004316116727716,-0.0006097147741147,-0.0007572968253968,-0.0006382059829059,-0.0005135345543345,-0.0004978501831501,-0.0004495421245421
-0.0005524779975579,-0.0004793765567765,-0.0003862476190476,0.0005151748962148,-8.206126984126955e-05,-0.0004316116727716,-0.0006402007326007,-0.000760338095238,-0.0006382059829059,-0.0005165555555555,-0.0005008675213675,-0.0004495421245421
-0.0005494423687423,-0.0004793765567765,-0.0003892888888888,0.0005121445909645,-7.902175824175796e-05,-0.0004346512087912,-0.0006615409035409,-0.000760338095238,-0.0006351813431013,-0.0005135345543345,-0.0004978501831501,-0.0004495421245421
-0.0005494423687423,-0.0004884783882783,-0.0003984126984126,0.0005182052014652,-7.598224664224636e-05,-0.0004437698168498,-0.0006767838827838,-0.000760338095238,-0.0006382059829059,-0.0005135345543345,-0.0005008675213675,-0.0004495421245421
-0.0005433711111111,-0.0004915123321123,-0.0004075365079365,0.0005151748962148,-6.686371184371155e-05,-0.0004498488888888,-0.0006920268620268,-0.000760338095238,-0.0006382059829059,-0.0005165555555555,-0.0005008675213675,-0.0004525594627594
-0.0005403354822954,-0.0004915123321123,-0.0004075365079365,0.0005151748962148,-6.686371184371155e-05,-0.0004498488888888,-0.0007103184371184,-0.000760338095238,-0.0006382059829059,-0.0005135345543345,-0.0004978501831501,-0.0004495421245421
-0.0005403354822954,-0.0004884783882783,-0.0004044952380952,0.0005121445909645,-6.686371184371155e-05,-0.0004468093528693,-0.00072861001221,-0.000760338095238,-0.0006351813431013,-0.0005105135531135,-0.0004948328449328,-0.0004465247863247
-0.0005433711111111,-0.0004884783882783,-0.0003984126984126,0.0005151748962148,-7.294273504273476e-05,-0.0004437698168498,-0.0007408043956043,-0.000760338095238,-0.0006351813431013,-0.0005135345543345,-0.0004948328449328,-0.0004495421245421
-0.0005494423687423,-0.0004884783882783,-0.0003892888888888,0.0005182052014652,-7.902175824175796e-05,-0.0004376907448107,-0.0007499501831501,-0.000760338095238,-0.0006351813431013,-0.0005135345543345,-0.0004948328449328,-0.0004495421245421
-0.0005585492551892,-0.0004884783882783,-0.0003832063492063,0.0005212355067155,-8.814029304029276e-05,-0.0004346512087912,-0.0007590959706959,-0.0007633793650793,-0.0006351813431013,-0.0005105135531135,-0.0004948328449328,-0.0004495421245421
-0.0005555136263736,-0.0004884783882783,-0.0003892888888888,0.0005212355067155,-8.206126984126955e-05,-0.0004376907448107,-0.0007743389499389,-0.0007633793650793,-0.0006351813431013,-0.0005105135531135,-0.0004948328449328,-0.0004465247863247
-0.0005433711111111,-0.0004854444444444,-0.0003984126984126,0.0005121445909645,-7.294273504273476e-05,-0.0004407302808302,-0.0007895819291819,-0.0007633793650793,-0.0006382059829059,-0.0005135345543345,-0.0004948328449328,-0.0004495421245421
-0.0005494423687423,-0.0004854444444444,-0.0003953714285714,0.0005151748962148,-7.598224664224636e-05,-0.0004407302808302,-0.0007987277167277,-0.000760338095238,-0.0006382059829059,-0.0005165555555555,-0.0004978501831501,-0.0004495421245421
-0.0005524779975579,-0.0004884783882783,-0.0003953714285714,0.0005182052014652,-7.902175824175796e-05,-0.0004407302808302,-0.0008048249084249,-0.000760338095238,-0.0006382059829059,-0.0005165555555555,-0.0004978501831501,-0.0004525594627594
-0.0005433711111111,-0.0004915123321123,-0.0003984126984126,0.0005151748962148,-7.294273504273476e-05,-0.0004437698168498,-0.0008109221001221,-0.0007633793650793,-0.0006382059829059,-0.0005195765567765,-0.0005008675213675,-0.0004525594627594
-0.0005464067399267,-0.0004884783882783,-0.0003953714285714,0.0005151748962148,-7.598224664224636e-05,-0.0004407302808302,-0.0008200678876678,-0.0007633793650793,-0.0006382059829059,-0.0005135345543345,-0.0004978501831501,-0.0004465247863247
-0.0005494423687423,-0.0004854444444444,-0.0003892888888888,0.0005151748962148,-7.902175824175796e-05,-0.0004376907448107,-0.0008292136752136,-0.0007633793650793,-0.0006351813431013,-0.0005105135531135,-0.0004948328449328,-0.0004465247863247
-0.0005524779975579,-0.0004915123321123,-0.0003892888888888,0.0005212355067155,-8.206126984126955e-05,-0.0004407302808302,-0.0008322622710622,-0.0007633793650793,-0.0006382059829059,-0.0005135345543345,-0.0004978501831501,-0.0004495421245421
-0.0005464067399267,-0.0004945462759462,-0.0004014539682539,0.0005182052014652,-7.294273504273476e-05,-0.0004468093528693,-0.0008353108669108,-0.0007664206349206,-0.0006382059829059,-0.0005165555555555,-0.0005008675213675,-0.0004525594627594
-0.0005433711111111,-0.0004945462759462,-0.0004044952380952,0.0005182052014652,-6.990322344322315e-05,-0.0004498488888888,-0.0008383594627594,-0.0007664206349206,-0.0006382059829059,-0.0005135345543345,-0.0004978501831501,-0.0004495421245421
-0.0005464067399267,-0.0004915123321123,-0.0003984126984126,0.0005182052014652,-7.294273504273476e-05,-0.0004437698168498,-0.000841408058608,-0.0007633793650793,-0.0006382059829059,-0.0005135345543345,-0.0004948328449328,-0.0004435074481074
-0.0005464067399267,-0.0004945462759462,-0.0004014539682539,0.0005182052014652,-7.294273504273476e-05,-0.0004468093528693,-0.0008475052503052,-0.0007633793650793,-0.0006382059829059,-0.0005135345543345,-0.0004918155067155,-0.0004465247863247
-0.0005433711111111,-0.0004975802197802,-0.0004075365079365,0.0005182052014652,-6.686371184371155e-05,-0.0004528884249084,-0.000856651037851,-0.0007664206349206,-0.0006442552625152,-0.0005195765567765,-0.0004978501831501,-0.0004525594627594
-0.0005403354822954,-0.0005006141636141,-0.000413619047619,0.0005182052014652,-6.382420024419996e-05,-0.0004559279609279,-0.0008627482295482,-0.0007664206349206,-0.0006442552625152,-0.0005225975579975,-0.0005038848595848,-0.0004555768009768
-0.0005464067399267,-0.0004915123321123,-0.0003984126984126,0.0005182052014652,-7.294273504273476e-05,-0.0004437698168498,-0.0008657968253968,-0.0007664206349206,-0.0006412306227106,-0.0005165555555555,-0.0004978501831501,-0.0004495421245421
-0.0005524779975579,-0.0004854444444444,-0.0003862476190476,0.0005182052014652,-8.206126984126955e-05,-0.0004346512087912,-0.0008688454212454,-0.0007633793650793,-0.0006351813431013,-0.0005105135531135,-0.0004887981684981,-0.0004435074481074
-0.0005524779975579,-0.0004884783882783,-0.0003923301587301,0.0005182052014652,-7.902175824175796e-05,-0.0004407302808302,-0.0008749426129426,-0.0007633793650793,-0.0006382059829059,-0.0005105135531135,-0.0004887981684981,-0.0004465247863247
-0.0005555136263736,-0.0004945462759462,-0.0003923301587301,0.0005242658119658,-8.206126984126955e-05,-0.0004437698168498,-0.000871894017094,-0.0007572968253968,-0.0006351813431013,-0.0005105135531135,-0.0004887981684981,-0.0004435074481074
-0.0005524779975579,-0.0004945462759462,-0.0003953714285714,0.0005212355067155,-7.902175824175796e-05,-0.0004437698168498,-0.0008749426129426,-0.000760338095238,-0.0006382059829059,-0.0005135345543345,-0.0004918155067155,-0.0004495421245421
-0.0005464067399267,-0.0004915123321123,-0.0003984126984126,0.0005182052014652,-7.294273504273476e-05,-0.0004437698168498,-0.0008810398046398,-0.0007633793650793,-0.0006382059829059,-0.0005165555555555,-0.0004918155067155,-0.0004495421245421
-0.0005433711111111,-0.0004884783882783,-0.0004014539682539,0.0005151748962148,-6.990322344322315e-05,-0.0004437698168498,-0.0008871369963369,-0.0007664206349206,-0.0006351813431013,-0.0005135345543345,-0.0004918155067155,-0.0004465247863247
-0.0005403354822954,-0.0004945462759462,-0.0004105777777777,0.0005151748962148,-6.382420024419996e-05,-0.0004528884249084,-0.0008901855921855,-0.0007664206349206,-0.0006382059829059,-0.0005165555555555,-0.0004948328449328,-0.0004495421245421
-0.0005342642246642,-0.0004945462759462,-0.0004166603174603,0.0005121445909645,-5.774517704517676e-05,-0.0004559279609279,-0.0008932341880341,-0.0007664206349206,-0.0006412306227106,-0.0005165555555555,-0.0004948328449328,-0.0004495421245421
-0.0005372998534798,-0.0004915123321123,-0.0004075365079365,0.0005121445909645,-6.382420024419996e-05,-0.0004498488888888,-0.0008932341880341,-0.0007633793650793,-0.0006382059829059,-0.0005105135531135,-0.0004918155067155,-0.0004435074481074
-0.0005464067399267,-0.0004854444444444,-0.0003923301587301,0.0005151748962148,-7.598224664224636e-05,-0.0004376907448107,-0.0008901855921855,-0.0007633793650793,-0.0006321567032967,-0.0005074925518925,-0.0004857808302808,-0.0004404901098901
-0.0005464067399267,-0.0004793765567765,-0.0003892888888888,0.0005121445909645,-7.902175824175796e-05,-0.0004346512087912,-0.0008871369963369,-0.0007572968253968,-0.000629132063492,-0.0005044715506715,-0.0004797461538461,-0.0004374727716727
-0.0005433711111111,-0.0004733086691086,-0.0003862476190476,0.0005060839804639,-7.902175824175796e-05,-0.0004285721367521,-0.0008840884004884,-0.0007542555555555,-0.0006200581440781,-0.0004984295482295,-0.0004767288156288,-0.000431438095238
-0.0005372998534798,-0.0004672407814407,-0.0003832063492063,0.0005000233699633,-7.598224664224636e-05,-0.0004255326007326,-0.0008810398046398,-0.0007512142857142,-0.0006170335042735,-0.0004954085470085,-0.0004767288156288,-0.000431438095238
-0.0005312285958485,-0.0004642068376068,-0.0003862476190476,0.000496993064713,-7.294273504273476e-05,-0.0004255326007326,-0.0008810398046398,-0.000748173015873,-0.0006170335042735,-0.0004954085470085,-0.0004767288156288,-0.000431438095238
-0.0005221217094017,-0.0004581389499389,-0.0003892888888888,0.0004879021489621,-6.686371184371155e-05,-0.000422493064713,-0.0008810398046398,-0.000748173015873,-0.0006140088644688,-0.0004923875457875,-0.0004767288156288,-0.000431438095238
-0.0005099791941391,-0.0004429692307692,-0.0003892888888888,0.0004757809279609,-6.078468864468836e-05,-0.0004164139926739,-0.0008810398046398,-0.0007420904761904,-0.0006079595848595,-0.0004863455433455,-0.0004706941391941,-0.0004254034188034
-0.0004978366788766,-0.0004217316239316,-0.0003740825396825,0.000457599096459,-6.078468864468836e-05,-0.0003981767765567,-0.000871894017094,-0.0007299253968253,-0.0005928363858363,-0.0004772825396825,-0.0004586247863247,-0.0004163514041514
-0.0005039079365079,-0.0004035279609279,-0.0003527936507936,0.0004515384859584,-7.598224664224636e-05,-0.00037690002442,-0.0008596996336996,-0.000714719047619,-0.0005777131868131,-0.0004621775335775,-0.0004465554334554,-0.0004072993894993
-0.0005069435653235,-0.0003883582417582,-0.0003375873015873,0.0004454778754578,-8.510078144078116e-05,-0.0003617023443223,-0.0008596996336996,-0.0007055952380952,-0.0005686392673992,-0.0004531145299145,-0.0004375034188034,-0.0003982473748473
-0.000494801050061,-0.0003731885225885,-0.000334546031746,0.0004333566544566,-7.902175824175796e-05,-0.0003525837362637,-0.0008657968253968,-0.0006995126984126,-0.0005625899877899,-0.0004470725274725,-0.0004314687423687,-0.0003891953601953
-0.0004856941636141,-0.0003640866910866,-0.000334546031746,0.0004242657387057,-7.598224664224636e-05,-0.0003495442002442,-0.0008779912087912,-0.0006934301587301,-0.0005595653479853,-0.0004410305250305,-0.000425434065934,-0.000386178021978
-0.0004917654212454,-0.0003731885225885,-0.0003375873015873,0.0004303263492063,-7.598224664224636e-05,-0.0003556232722832,-0.0009023799755799,-0.0007025539682539,-0.0005625899877899,-0.0004470725274725,-0.0004284514041514,-0.0003922126984126
-0.0004917654212454,-0.00039746007326,-0.0003558349206349,0.0004424475702075,-6.686371184371155e-05,-0.00037690002442,-0.0009359145299145,-0.0007299253968253,-0.0005837624664224,-0.0004621775335775,-0.000443538095238,-0.0004012647130647
-0.0004917654212454,-0.0004095958485958,-0.0003710412698412,0.0004485081807081,-6.078468864468836e-05,-0.0003890581684981,-0.0009450603174603,-0.0007451317460317,-0.000595861025641,-0.0004712405372405,-0.0004495727716727,-0.0004072993894993
-0.0004978366788766,-0.0004217316239316,-0.000380165079365,0.000457599096459,-5.774517704517676e-05,-0.0004012163125763,-0.0009389631257631,-0.0007512142857142,-0.0006049349450549,-0.0004772825396825,-0.0004556074481074,-0.0004103167277167
-0.0005008723076923,-0.0004429692307692,-0.0004014539682539,0.0004697203174603,-4.862664224664196e-05,-0.000422493064713,-0.0009359145299145,-0.0007633793650793,-0.0006200581440781,-0.0004893665445665,-0.0004676768009768,-0.000422386080586
-0.0005039079365079,-0.000455105006105,-0.0004075365079365,0.0004788112332112,-4.862664224664196e-05,-0.0004316116727716,-0.0009359145299145,-0.0007664206349206,-0.000629132063492,-0.0004954085470085,-0.0004706941391941,-0.000422386080586
-0.0005130148229548,-0.0004460031746031,-0.0003953714285714,0.0004788112332112,-5.774517704517676e-05,-0.0004194535286935,-0.0009328659340659,-0.000760338095238,-0.0006200581440781,-0.0004863455433455,-0.0004616421245421,-0.0004163514041514
-0.0005069435653235,-0.0004490371184371,-0.0004014539682539,0.0004757809279609,-5.166615384615356e-05,-0.0004255326007326,-0.0009389631257631,-0.0007694619047619,-0.000629132063492,-0.0004923875457875,-0.0004646594627594,-0.0004193687423687
-0.0005069435653235,-0.0004702747252747,-0.0004227428571428,0.0004879021489621,-4.254761904761877e-05,-0.0004468093528693,-0.0009389631257631,-0.0007725031746031,-0.0006472799023199,-0.0005105135531135,-0.0004797461538461,-0.000431438095238
-0.0005099791941391,-0.0004884783882783,-0.0004349079365079,0.000496993064713,-3.6468595848595565e-05,-0.000462007032967,-0.0009389631257631,-0.0007785857142857,-0.0006593784615384,-0.0005195765567765,-0.0004887981684981,-0.0004435074481074
-0.000519086080586,-0.0004915123321123,-0.0004318666666666,0.0005030536752136,-4.254761904761877e-05,-0.000462007032967,-0.0009359145299145,-0.0007816269841269,-0.0006624031013431,-0.0005195765567765,-0.0004887981684981,-0.0004404901098901
-0.0005342642246642,-0.0004915123321123,-0.0004166603174603,0.0005121445909645,-5.774517704517676e-05,-0.0004528884249084,-0.0009328659340659,-0.0007846682539682,-0.0006593784615384,-0.0005195765567765,-0.0004887981684981,-0.0004374727716727
-0.0005555136263736,-0.0004975802197802,-0.0003984126984126,0.0005242658119658,-7.902175824175796e-05,-0.0004468093528693,-0.0009237201465201,-0.0007877095238095,-0.0006593784615384,-0.0005195765567765,-0.0004887981684981,-0.0004404901098901
-0.0005585492551892,-0.0005006141636141,-0.0003984126984126,0.0005272961172161,-7.902175824175796e-05,-0.0004498488888888,-0.0009145743589743,-0.0007907507936507,-0.0006593784615384,-0.0005256185592185,-0.0004948328449328,-0.0004435074481074
-0.0005524779975579,-0.0005097159951159,-0.000413619047619,0.0005303264224664,-6.990322344322315e-05,-0.000462007032967,-0.0009176229548229,-0.0007998746031746,-0.0006684523809523,-0.0005377025641025,-0.0005069021978021,-0.0004555768009768
-0.0005494423687423,-0.0005248857142857,-0.0004227428571428,0.000536387032967,-6.382420024419996e-05,-0.0004741651770451,-0.0009206715506715,-0.0008029158730158,-0.0006745016605616,-0.0005437445665445,-0.0005129368742368,-0.0004646288156288
-0.0005646205128205,-0.0005279196581196,-0.000413619047619,0.0005454779487179,-7.598224664224636e-05,-0.0004711256410256,-0.0009115257631257,-0.0007968333333333,-0.0006684523809523,-0.0005377025641025,-0.0005069021978021,-0.0004585941391941
-0.0005646205128205,-0.0005218517704517,-0.000413619047619,0.0005424476434676,-7.598224664224636e-05,-0.0004680861050061,-0.0009084771672771,-0.0007968333333333,-0.0006684523809523,-0.0005346815628815,-0.0005038848595848,-0.0004525594627594
-0.0005494423687423,-0.0005218517704517,-0.0004257841269841,0.0005333567277167,-6.078468864468836e-05,-0.0004741651770451,-0.0009115257631257,-0.0007998746031746,-0.0006745016605616,-0.0005346815628815,-0.0005038848595848,-0.0004555768009768
-0.0005464067399267,-0.0005188178266178,-0.0004288253968253,0.0005303264224664,-5.774517704517676e-05,-0.0004741651770451,-0.0009145743589743,-0.0007968333333333,-0.000671477020757,-0.0005346815628815,-0.0005038848595848,-0.0004555768009768
-0.0005555136263736,-0.0005188178266178,-0.0004197015873015,0.000536387032967,-6.686371184371155e-05,-0.0004680861050061,-0.0009145743589743,-0.000793792063492,-0.0006654277411477,-0.0005316605616605,-0.0005008675213675,-0.0004525594627594
-0.0005615848840048,-0.0005127499389499,-0.0004075365079365,0.000536387032967,-7.598224664224636e-05,-0.0004589674969474,-0.0009115257631257,-0.000793792063492,-0.0006593784615384,-0.0005286395604395,-0.0004978501831501,-0.0004495421245421
-0.0005585492551892,-0.000506682051282,-0.0004044952380952,0.0005303264224664,-7.598224664224636e-05,-0.0004559279609279,-0.0009084771672771,-0.000793792063492,-0.0006593784615384,-0.0005286395604395,-0.0004978501831501,-0.0004495421245421
-0.0005585492551892,-0.0004975802197802,-0.0003984126984126,0.0005272961172161,-7.902175824175796e-05,-0.0004468093528693,-0.0009084771672771,-0.000793792063492,-0.0006593784615384,-0.0005256185592185,-0.0004948328449328,-0.0004465247863247
-0.0005524779975579,-0.0004945462759462,-0.0004014539682539,0.0005212355067155,-7.598224664224636e-05,-0.0004468093528693,-0.0009115257631257,-0.000793792063492,-0.0006563538217338,-0.0005225975579975,-0.0004948328449328,-0.0004465247863247
-0.0005464067399267,-0.0004975802197802,-0.0004044952380952,0.0005212355067155,-6.990322344322315e-05,-0.0004498488888888,-0.0009176229548229,-0.000793792063492,-0.0006533291819291,-0.0005195765567765,-0.0004918155067155,-0.0004465247863247
-0.0005524779975579,-0.0005036481074481,-0.0004044952380952,0.0005272961172161,-7.294273504273476e-05,-0.0004528884249084,-0.0009176229548229,-0.0007907507936507,-0.0006472799023199,-0.0005135345543345,-0.0004887981684981,-0.0004435074481074
-0.0005524779975579,-0.0005006141636141,-0.0004044952380952,0.0005242658119658,-7.294273504273476e-05,-0.0004528884249084,-0.0009145743589743,-0.0007694619047619,-0.0006230827838827,-0.0005074925518925,-0.0004948328449328,-0.0004555768009768
-0.0005555136263736,-0.0004672407814407,-0.0003679999999999,0.0005091142857142,-9.421931623931596e-05,-0.0004164139926739,-0.0009023799755799,-0.0007238428571428,-0.0005625899877899,-0.0004863455433455,-0.0004948328449328,-0.0004646288156288
-0.0005615848840048,-0.0003640866910866,-0.0002615555555555,0.0004606294017094,-0.0001489305250305,-0.0003130697680097,-0.0008932341880341,-0.0006478111111111,-0.0004597522344322,-0.0004138415140415,-0.0004405207570207,-0.000431438095238
-0.0005039079365079,-0.0001881179487179,-0.000142946031746,0.0003454778021978,-0.0001793256410256,-0.0001641325030525,-0.0009237201465201,-0.0005383253968253,-0.0003024709645909,-0.0002688334554334,-0.0003288792429792,-0.0003590219780219
-0.0003794471550671,2.7292063492063687e-05,-5.474920634920625e-05,0.0001757807081807,-0.0001610885714285,-1.2155702075702113e-05,-0.0009968864468864,-0.0004562111111111,-0.0001119186568986,-4.830036630036682e-05,-0.0001599083028083,-0.0002473804639804
-0.0002307013431013,0.0003367543345543,0.0001033968253968,-5.149218559218556e-05,-0.0001671675946275,0.000218849035409,-0.0011676078144078,-0.0006052333333333,6.048581196581188e-05,0.0002296317460317,0.0001056174603174,-2.4097435897436496e-05
-6.981301587301614e-05,0.0007038615384615,0.0003102031746031,-0.0003151287423687,-0.0001884441758241,0.0005076049572649,-0.0014663702075702,-0.0009549793650793,0.000151225006105,0.0005438158730158,0.0004465766788766,0.0002866884004883
0.0001001821978021,0.0010102898656898,0.0004501015873015,-0.0005545228571428,-0.0001732466178266,0.000729491086691,-0.0018382989010989,-0.001335138095238,0.0001028307692307,0.0008006009768009,0.0007603798534798,0.0006004915750915
0.0002094648351648,0.0011741228327228,0.0005048444444444,-0.0006908865934065,-0.000145891013431,0.0008389143833943,-0.002146207081807,-0.0016210174603174,-3.327802197802206e-05,0.000882168009768,0.0009353854700854,0.0008267919413919
0.0001851798046398,0.0008858981684981,0.0002372126984126,-0.0005333107203907,-2.4310549450549165e-05,0.0005623166056166,-0.0022132761904761,-0.0017609158730158,-0.0003811115995115,0.0005498578754578,0.0007271891330891,0.0007604105006105
-4.856361416361444e-05,0.000242702075702,-0.0001672761904761,-9.694676434676432e-05,5.7756263736264016e-05,3.64768742368742e-05,-0.0020212146520146,-0.0019068968253968,-0.000898325006105,-7.851037851037902e-05,0.0002474323565323,0.0004586766788766
-0.0003248058363858,-0.0001213711843711,-0.0002524317460317,0.0002212352869352,-3.6468595848595565e-05,-0.0001854092551892,-0.0018078129426129,-0.0020984968253968,-0.0012764049816849,-0.0005195765567765,-7.542283272283288e-05,0.0002504803418803
-0.0004917654212454,-0.0003155435897435,-0.0002798031746031,0.0004030536019536,-0.0001063773626373,-0.000297872087912,-0.0016309943833943,-0.0020255063492063,-0.0013731934554334,-0.0007189626373626,-0.0002745671550671,7.547472527472467e-05
-0.0005555136263736,-0.0004308334554334,-0.0003284634920634,0.0004909324542124,-0.0001124563858363,-0.0003799395604395,-0.0014968561660561,-0.0017761222222222,-0.0012643064224664,-0.0007401096459096,-0.0003862086691086,-7.840952380952442e-05
-0.000576763028083,-0.0004672407814407,-0.0003436698412698,0.0005212355067155,-0.0001154958974358,-0.0004042558485958,-0.0013657665445665,-0.0015054492063492,-0.0011040005128205,-0.0006857316239316,-0.0004284514041514,-0.000190051037851
-0.0005737273992673,-0.0004793765567765,-0.0003588761904761,0.0005242658119658,-0.0001063773626373,-0.0004194535286935,-0.0012133367521367,-0.0012621476190476,-0.0009588178021978,-0.0006313536019536,-0.0004525901098901,-0.0002715191697191
-0.0005585492551892,-0.0004793765567765,-0.0003771238095238,0.0005182052014652,-9.117980463980436e-05,-0.0004285721367521,-0.0010609069597069,-0.0010370936507936,-0.0008378322100122,-0.0005799965811965,-0.0004646594627594,-0.0003318659340659
-0.0005372998534798,-0.000452071062271,-0.0003710412698412,0.0004939627594627,-8.206126984126955e-05,-0.0004103349206349,-0.0009542061050061,-0.0008667825396825,-0.0007319698168498,-0.0005286395604395,-0.0004525901098901,-0.0003620393162393
-0.0005312285958485,-0.0004247655677655,-0.0003527936507936,0.0004757809279609,-8.814029304029276e-05,-0.0003890581684981,-0.0009023799755799,-0.0007694619047619,-0.0006593784615384,-0.0004893665445665,-0.0004375034188034,-0.0003710913308913
-0.0005403354822954,-0.0004247655677655,-0.0003406285714285,0.0004818415384615,-0.0001002983394383,-0.000382979096459,-0.0008779912087912,-0.0007268841269841,-0.000629132063492,-0.0004772825396825,-0.0004375034188034,-0.000377126007326
-0.0005433711111111,-0.0004399352869352,-0.0003527936507936,0.0004909324542124,-9.421931623931596e-05,-0.0003951372405372,-0.0008627482295482,-0.0007177603174603,-0.0006230827838827,-0.0004863455433455,-0.0004495727716727,-0.0003922126984126
-0.0005372998534798,-0.0004460031746031,-0.0003619174603174,0.0004909324542124,-8.814029304029276e-05,-0.0004042558485958,-0.0008505538461538,-0.0007055952380952,-0.0006230827838827,-0.0004923875457875,-0.0004586247863247,-0.000404282051282
-0.0005403354822954,-0.0004490371184371,-0.0003619174603174,0.0004939627594627,-8.814029304029276e-05,-0.0004042558485958,-0.0008444566544566,-0.0006873476190476,-0.0006140088644688,-0.0004954085470085,-0.0004646594627594,-0.0004103167277167
-0.0005372998534798,-0.0004490371184371,-0.0003649587301587,0.0004909324542124,-8.510078144078116e-05,-0.0004072953846153,-0.0008383594627594,-0.0006721412698412,-0.0006079595848595,-0.0004954085470085,-0.0004676768009768,-0.0004163514041514
-0.0005372998534798,-0.0004460031746031,-0.0003649587301587,0.0004909324542124,-8.510078144078116e-05,-0.0004042558485958,-0.0008322622710622,-0.0006630174603174,-0.0005988856654456,-0.0004923875457875,-0.0004676768009768,-0.000422386080586
-0.0005464067399267,-0.000455105006105,-0.0003679999999999,0.0005000233699633,-8.814029304029276e-05,-0.0004103349206349,-0.0008200678876678,-0.0006538936507936,-0.0005928363858363,-0.0004893665445665,-0.0004706941391941,-0.0004284207570207
-0.0005494423687423,-0.0004642068376068,-0.0003710412698412,0.0005060839804639,-8.814029304029276e-05,-0.0004164139926739,-0.0008139706959706,-0.0006447698412698,-0.0005867871062271,-0.0004863455433455,-0.0004676768009768,-0.0004284207570207
-0.0005494423687423,-0.0004581389499389,-0.0003649587301587,0.0005030536752136,-9.117980463980436e-05,-0.0004103349206349,-0.0008109221001221,-0.0006386873015873,-0.0005807378266178,-0.0004803035409035,-0.0004646594627594,-0.000422386080586
-0.0005433711111111,-0.000455105006105,-0.0003679999999999,0.000496993064713,-8.814029304029276e-05,-0.0004103349206349,-0.0008109221001221,-0.0006326047619047,-0.0005807378266178,-0.0004803035409035,-0.0004676768009768,-0.0004254034188034
-0.0005433711111111,-0.0004581389499389,-0.0003771238095238,0.0005000233699633,-8.206126984126955e-05,-0.0004164139926739,-0.0008109221001221,-0.0006295634920634,-0.0005807378266178,-0.0004863455433455,-0.0004737114774114,-0.000431438095238
-0.0005372998534798,-0.0004581389499389,-0.0003771238095238,0.000496993064713,-7.902175824175796e-05,-0.0004164139926739,-0.0008078735042735,-0.0006295634920634,-0.0005807378266178,-0.0004893665445665,-0.0004737114774114,-0.0004344554334554
-0.0005372998534798,-0.000455105006105,-0.0003710412698412,0.0004939627594627,-8.206126984126955e-05,-0.0004133744566544,-0.0008048249084249,-0.0006234809523809,-0.0005777131868131,-0.0004863455433455,-0.0004706941391941,-0.000431438095238
-0.0005433711111111,-0.000455105006105,-0.0003679999999999,0.000496993064713,-8.814029304029276e-05,-0.0004103349206349,-0.0008048249084249,-0.0006143571428571,-0.0005716639072039,-0.0004833245421245,-0.0004737114774114,-0.0004284207570207
-0.0005403354822954,-0.0004490371184371,-0.0003710412698412,0.0004939627594627,-8.510078144078116e-05,-0.0004103349206349,-0.0008017763125763,-0.0006052333333333,-0.0005656146275946,-0.0004803035409035,-0.0004676768009768,-0.0004254034188034
-0.0005403354822954,-0.000452071062271,-0.0003710412698412,0.0004939627594627,-8.510078144078116e-05,-0.0004103349206349,-0.0007987277167277,-0.0005991507936507,-0.0005625899877899,-0.0004772825396825,-0.0004676768009768,-0.000422386080586
-0.0005342642246642,-0.000455105006105,-0.0003771238095238,0.0004939627594627,-7.902175824175796e-05,-0.0004164139926739,-0.0007926305250305,-0.0005961095238095,-0.0005625899877899,-0.0004803035409035,-0.0004737114774114,-0.0004284207570207
-0.0005342642246642,-0.0004581389499389,-0.000380165079365,0.0004939627594627,-7.598224664224636e-05,-0.0004194535286935,-0.0007895819291819,-0.0005900269841269,-0.0005625899877899,-0.0004803035409035,-0.0004737114774114,-0.0004284207570207
-0.0005342642246642,-0.0004581389499389,-0.000380165079365,0.0004939627594627,-7.598224664224636e-05,-0.0004194535286935,-0.0007895819291819,-0.0005839444444444,-0.0005595653479853,-0.0004803035409035,-0.0004706941391941,-0.0004254034188034
-0.0005342642246642,-0.0004581389499389,-0.0003771238095238,0.0004939627594627,-7.902175824175796e-05,-0.0004164139926739,-0.0007895819291819,-0.0005809031746031,-0.0005565407081807,-0.0004803035409035,-0.0004706941391941,-0.0004254034188034
-0.0005342642246642,-0.000452071062271,-0.0003740825396825,0.0004909324542124,-7.902175824175796e-05,-0.0004133744566544,-0.0007895819291819,-0.0005778619047619,-0.000553516068376,-0.0004772825396825,-0.0004706941391941,-0.0004284207570207
-0.0005312285958485,-0.0004490371184371,-0.0003771238095238,0.0004879021489621,-7.598224664224636e-05,-0.0004133744566544,-0.0007865333333333,-0.0005717793650793,-0.0005504914285714,-0.0004772825396825,-0.0004737114774114,-0.000431438095238
-0.0005251573382173,-0.000455105006105,-0.0003862476190476,0.0004879021489621,-6.990322344322315e-05,-0.0004194535286935,-0.0007804361416361,-0.0005626555555555,-0.0005444421489621,-0.0004803035409035,-0.0004737114774114,-0.000431438095238
-0.0005221217094017,-0.000455105006105,-0.0003923301587301,0.0004879021489621,-6.382420024419996e-05,-0.000422493064713,-0.0007804361416361,-0.0005535317460317,-0.0005414175091575,-0.0004772825396825,-0.0004737114774114,-0.000431438095238
-0.0005342642246642,-0.000455105006105,-0.0003740825396825,0.0004939627594627,-7.902175824175796e-05,-0.0004133744566544,-0.0007743389499389,-0.0005413666666666,-0.0005353682295482,-0.0004712405372405,-0.0004737114774114,-0.000431438095238
-0.0005281929670329,-0.000452071062271,-0.0003771238095238,0.0004879021489621,-7.598224664224636e-05,-0.0004133744566544,-0.0007743389499389,-0.0005383253968253,-0.0005353682295482,-0.0004742615384615,-0.0004767288156288,-0.0004344554334554
-0.0005221217094017,-0.000452071062271,-0.0003832063492063,0.0004848718437118,-6.990322344322315e-05,-0.0004164139926739,-0.0007712903540903,-0.0005322428571428,-0.0005383928693528,-0.0004772825396825,-0.0004797461538461,-0.0004404901098901
-0.0005281929670329,-0.000452071062271,-0.000380165079365,0.0004879021489621,-7.294273504273476e-05,-0.0004164139926739,-0.0007651931623931,-0.0005200777777777,-0.0005293189499389,-0.0004742615384615,-0.0004767288156288,-0.0004374727716727
-0.000519086080586,-0.000455105006105,-0.0003923301587301,0.0004848718437118,-6.382420024419996e-05,-0.000422493064713,-0.0007651931623931,-0.0005079126984126,-0.000520245030525,-0.0004712405372405,-0.0004767288156288,-0.0004344554334554
-0.0005008723076923,-0.0004611728937728,-0.0004105777777777,0.0004788112332112,-4.558713064713037e-05,-0.0004346512087912,-0.0007651931623931,-0.0004987888888888,-0.000520245030525,-0.0004742615384615,-0.0004767288156288,-0.0004404901098901
-0.0005039079365079,-0.0004672407814407,-0.0004166603174603,0.0004848718437118,-4.254761904761877e-05,-0.0004407302808302,-0.0007651931623931,-0.0004866238095238,-0.0005172203907203,-0.0004742615384615,-0.0004797461538461,-0.0004435074481074
-0.0005099791941391,-0.0004642068376068,-0.0004075365079365,0.0004848718437118,-5.166615384615356e-05,-0.0004346512087912,-0.0007560473748473,-0.0004714174603174,-0.0005081464713064,-0.0004712405372405,-0.0004797461538461,-0.0004404901098901
-0.0005221217094017,-0.000455105006105,-0.0003862476190476,0.0004879021489621,-6.686371184371155e-05,-0.0004194535286935,-0.0007438529914529,-0.0004562111111111,-0.0005020971916971,-0.0004621775335775,-0.0004706941391941,-0.0004284207570207
-0.000519086080586,-0.0004460031746031,-0.0003862476190476,0.0004818415384615,-6.686371184371155e-05,-0.0004164139926739,-0.0007438529914529,-0.000444046031746,-0.0004990725518925,-0.0004591565323565,-0.0004676768009768,-0.0004284207570207
-0.0005130148229548,-0.0004460031746031,-0.0003892888888888,0.0004788112332112,-6.078468864468836e-05,-0.0004164139926739,-0.0007438529914529,-0.0004288396825396,-0.0004960479120879,-0.0004621775335775,-0.0004676768009768,-0.0004374727716727
-0.0005130148229548,-0.0004460031746031,-0.0003892888888888,0.0004788112332112,-6.078468864468836e-05,-0.0004164139926739,-0.0007377557997557,-0.0004075507936507,-0.0004899986324786,-0.0004561355311355,-0.0004676768009768,-0.0004344554334554
-0.0005069435653235,-0.0004460031746031,-0.0003984126984126,0.0004757809279609,-5.470566544566516e-05,-0.000422493064713,-0.0007347072039072,-0.0003953857142857,-0.0004809247130647,-0.0004561355311355,-0.0004737114774114,-0.0004374727716727
-0.000494801050061,-0.0004460031746031,-0.0004075365079365,0.0004697203174603,-4.254761904761877e-05,-0.0004255326007326,-0.00072861001221,-0.000377138095238,-0.0004748754334554,-0.0004531145299145,-0.0004706941391941,-0.0004374727716727
-0.0004917654212454,-0.0004369013431013,-0.0004014539682539,0.0004636597069597,-4.558713064713037e-05,-0.0004194535286935,-0.0007255614163614,-0.0003558492063492,-0.0004627768742368,-0.0004440515262515,-0.0004616421245421,-0.000431438095238
-0.0004887297924297,-0.0004338673992673,-0.0004044952380952,0.0004606294017094,-4.254761904761877e-05,-0.0004194535286935,-0.0007225128205128,-0.0003345603174603,-0.0004597522344322,-0.0004410305250305,-0.0004616421245421,-0.0004284207570207
-0.0004917654212454,-0.0004338673992673,-0.0003984126984126,0.0004606294017094,-4.558713064713037e-05,-0.0004164139926739,-0.0007164156288156,-0.0003132714285714,-0.0004537029548229,-0.0004380095238095,-0.0004586247863247,-0.0004254034188034
-0.0004856941636141,-0.0004247655677655,-0.0003984126984126,0.0004545687912087,-4.254761904761877e-05,-0.0004103349206349,-0.0007103184371184,-0.0002919825396825,-0.000444629035409,-0.0004319675213675,-0.0004556074481074,-0.000422386080586
-0.0004826585347985,-0.0004156637362637,-0.0003892888888888,0.0004485081807081,-4.558713064713037e-05,-0.0004012163125763,-0.0007042212454212,-0.0002676523809523,-0.0004295058363858,-0.0004259255189255,-0.0004465554334554,-0.000413334065934
-0.0004765872771672,-0.000400494017094,-0.000380165079365,0.0004363869597069,-4.862664224664196e-05,-0.0003890581684981,-0.0007042212454212,-0.0002433222222222,-0.0004204319169719,-0.0004168625152625,-0.0004375034188034,-0.000404282051282
-0.000470516019536,-0.0003913921855921,-0.0003740825396825,0.0004303263492063,-4.862664224664196e-05,-0.000382979096459,-0.0007042212454212,-0.000218992063492,-0.0004113579975579,-0.0004108205128205,-0.0004314687423687,-0.0003982473748473
-0.000470516019536,-0.0003792564102564,-0.0003588761904761,0.0004242657387057,-5.470566544566516e-05,-0.0003677814163614,-0.0007011726495726,-0.0001916206349206,-0.0003992594383394,-0.0004047785103785,-0.000425434065934,-0.0003922126984126
-0.000470516019536,-0.0003610527472527,-0.0003436698412698,0.0004151748229548,-6.382420024419996e-05,-0.0003525837362637,-0.0006950754578754,-0.0001642492063492,-0.0003871608791208,-0.0003957155067155,-0.000416382051282,-0.000386178021978
-0.0004523022466422,-0.0003398151404151,-0.0003375873015873,0.0003939626862026,-5.774517704517676e-05,-0.000337386056166,-0.0006920268620268,-0.000139919047619,-0.0003780869597069,-0.0003866525030525,-0.00040733003663,-0.000377126007326
-0.0004401597313797,-0.0003246454212454,-0.0003284634920634,0.0003818414652014,-5.470566544566516e-05,-0.0003252279120879,-0.0006950754578754,-0.0001186301587301,-0.000369013040293,-0.0003775894993894,-0.0004012953601953,-0.0003710913308913
-0.0004371241025641,-0.0003064417582417,-0.0003193396825396,0.0003697202442002,-5.774517704517676e-05,-0.0003130697680097,-0.000698124053724,-0.0001034238095238,-0.0003599391208791,-0.0003715474969474,-0.000389226007326,-0.0003590219780219
-0.0004340884737484,-0.000288238095238,-0.0003071746031746,0.0003606293284493,-6.382420024419996e-05,-0.000297872087912,-0.0006950754578754,-8.821746031746001e-05,-0.0003508652014652,-0.0003594634920634,-0.0003771566544566,-0.0003469526251526
-0.0004249815873015,-0.0002700344322344,-0.0002980507936507,0.0003454778021978,-6.382420024419996e-05,-0.0002826744078144,-0.0006950754578754,-7.605238095238064e-05,-0.0003417912820512,-0.0003504004884004,-0.0003681046398046,-0.0003379006105006
-0.0004158747008547,-0.0002487968253968,-0.0002858857142857,0.0003303262759462,-6.382420024419996e-05,-0.0002674767277167,-0.0007011726495726,-6.996984126984096e-05,-0.000335742002442,-0.0003473794871794,-0.0003590526251526,-0.0003228139194139
-0.0004158747008547,-0.0002214913308913,-0.0002615555555555,0.000318205054945,-7.598224664224636e-05,-0.0002401209035409,-0.0007072698412698,-6.084603174603144e-05,-0.000326668083028,-0.0003322744810744,-0.0003409485958485,-0.0003016925518925
-0.0004158747008547,-0.0002032876678876,-0.0002433079365079,0.0003091141391941,-8.510078144078116e-05,-0.0002218836874236,-0.0007072698412698,-5.172222222222191e-05,-0.0003145695238095,-0.0003171694749694,-0.0003258619047619,-0.0002805711843711
-0.0004067678144078,-0.0001972197802197,-0.0002463492063492,0.0003000232234432,-7.902175824175796e-05,-0.0002218836874236,-0.0007103184371184,-5.172222222222191e-05,-0.0003054956043956,-0.0003111274725274,-0.0003137925518925,-0.0002685018315018
-0.0004098034432234,-0.0001911518925518,-0.0002372253968253,0.0003000232234432,-8.510078144078116e-05,-0.000212765079365,-0.0007103184371184,-6.084603174603144e-05,-0.0003024709645909,-0.0002990434676434,-0.0003047405372405,-0.0002564324786324
-0.0004006965567765,-0.0001759821733821,-0.0002311428571428,0.000287902002442,-8.510078144078116e-05,-0.0002036464713064,-0.0007164156288156,-7.30111111111108e-05,-0.0003024709645909,-0.0002930014652014,-0.0002926711843711,-0.0002413457875457
-0.0003976609279609,-0.0001547445665445,-0.0002128952380952,0.0002757807814407,-9.117980463980436e-05,-0.0001823697191697,-0.00072861001221,-9.429999999999968e-05,-0.0003024709645909,-0.0002869594627594,-0.0002806018315018,-0.000226259096459
-0.0003976609279609,-0.0001365409035409,-0.0001946476190476,0.0002666898656898,-0.0001002983394383,-0.0001641325030525,-0.0007438529914529,-0.0001307952380952,-0.0003145695238095,-0.0002899804639804,-0.0002715498168498,-0.000217207081807
-0.0004067678144078,-0.0001335069597069,-0.0001855238095238,0.0002697201709401,-0.0001094168742368,-0.0001580534310134,-0.0007529987789987,-0.0001764142857142,-0.000326668083028,-0.0002930014652014,-0.0002745671550671,-0.0002141897435897
-0.0004067678144078,-0.0001365409035409,-0.0001855238095238,0.0002697201709401,-0.0001094168742368,-0.0001610929670329,-0.0007621445665445,-0.0002220333333333,-0.0003387666422466,-0.0002960224664224,-0.0002745671550671,-0.0002141897435897
-0.0004067678144078,-0.0001426087912087,-0.0001916063492063,0.0002727504761904,-0.0001063773626373,-0.000167172039072,-0.0007712903540903,-0.0002706936507936,-0.0003538898412698,-0.0003020644688644,-0.0002775844932844,-0.000217207081807
-0.0004219459584859,-0.0001456427350427,-0.0001824825396825,0.0002818413919413,-0.0001185354090354,-0.0001641325030525,-0.0007773875457875,-0.0003193539682539,-0.0003659884004884,-0.0003050854700854,-0.0002745671550671,-0.000217207081807
-0.0004340884737484,-0.0001577785103785,-0.0001824825396825,0.0002939626129426,-0.0001246144322344,-0.0001702115750915,-0.0007895819291819,-0.0003710555555555,-0.0003841362393162,-0.0003141484737484,-0.0002806018315018,-0.0002202244200244
-0.0004371241025641,-0.0001790161172161,-0.0001976888888888,0.0003060838339438,-0.0001185354090354,-0.0001884487912087,-0.0007987277167277,-0.0004257984126984,-0.0004083333577533,-0.0003322744810744,-0.0002987058608058,-0.0002383284493284
-0.0004523022466422,-0.0002002537240537,-0.0002037714285714,0.0003242656654456,-0.0001246144322344,-0.0002006069352869,-0.0008048249084249,-0.0004714174603174,-0.0004325304761904,-0.0003473794871794,-0.0003137925518925,-0.0002564324786324
-0.000470516019536,-0.0002245252747252,-0.0002128952380952,0.0003454778021978,-0.0001276539438339,-0.0002188441514041,-0.0008048249084249,-0.0005139952380952,-0.0004506783150183,-0.0003624844932844,-0.0003288792429792,-0.0002745365079365
-0.0004674803907203,-0.0002548647130647,-0.0002402666666666,0.0003606293284493,-0.0001124563858363,-0.0002461999755799,-0.0008109221001221,-0.0005535317460317,-0.0004718507936507,-0.0003806105006105,-0.0003500006105006,-0.0002986752136752
-0.0004765872771672,-0.0002821702075702,-0.0002645968253968,0.0003788111599511,-0.0001063773626373,-0.0002735557997557,-0.0008139706959706,-0.0005839444444444,-0.0004899986324786,-0.0004017575091575,-0.0003711219780219,-0.0003197965811965
-0.0004978366788766,-0.0003155435897435,-0.0002737206349206,0.0004060839072039,-0.0001124563858363,-0.0002948325518925,-0.0008078735042735,-0.0006143571428571,-0.0005111711111111,-0.0004138415140415,-0.0003862086691086,-0.0003348832722832
-0.000519086080586,-0.000345883028083,-0.0002828444444444,0.0004303263492063,-0.0001185354090354,-0.0003130697680097,-0.0008017763125763,-0.0006417285714285,-0.0005232696703296,-0.0004229045177045,-0.0003952606837606,-0.0003439352869352
-0.0005251573382173,-0.0003762224664224,-0.0003041333333333,0.0004485081807081,-0.0001094168742368,-0.0003404255921855,-0.0008017763125763,-0.0006630174603174,-0.0005383928693528,-0.0004349885225885,-0.0004103473748473,-0.0003620393162393
-0.0005130148229548,-0.00039746007326,-0.0003375873015873,0.0004545687912087,-8.814029304029276e-05,-0.0003677814163614,-0.0008078735042735,-0.0006873476190476,-0.0005595653479853,-0.0004561355311355,-0.0004314687423687,-0.0003831606837606
-0.0005099791941391,-0.0004156637362637,-0.0003619174603174,0.0004606294017094,-7.294273504273476e-05,-0.0003890581684981,-0.0008139706959706,-0.0007055952380952,-0.0005777131868131,-0.0004712405372405,-0.0004465554334554,-0.0003982473748473
-0.0005221217094017,-0.0004308334554334,-0.0003649587301587,0.0004757809279609,-7.902175824175796e-05,-0.0003981767765567,-0.0008109221001221,-0.0007208015873015,-0.0005867871062271,-0.0004863455433455,-0.0004586247863247,-0.0004103167277167
-0.0005342642246642,-0.0004429692307692,-0.0003649587301587,0.0004879021489621,-8.510078144078116e-05,-0.0004042558485958,-0.0008078735042735,-0.0007329666666666,-0.000595861025641,-0.0004923875457875,-0.0004676768009768,-0.000413334065934
-0.0005403354822954,-0.000452071062271,-0.0003710412698412,0.0004939627594627,-8.510078144078116e-05,-0.0004103349206349,-0.0008078735042735,-0.0007420904761904,-0.0006019103052503,-0.0005014505494505,-0.0004737114774114,-0.0004193687423687
-0.0005342642246642,-0.0004611728937728,-0.0003832063492063,0.000496993064713,-7.598224664224636e-05,-0.000422493064713,-0.0008078735042735,-0.0007451317460317,-0.0006079595848595,-0.0005074925518925,-0.0004827634920634,-0.000431438095238
-0.0005372998534798,-0.0004702747252747,-0.0003832063492063,0.0005030536752136,-7.598224664224636e-05,-0.0004255326007326,-0.0008048249084249,-0.000748173015873,-0.0006109842246642,-0.0005135345543345,-0.0004857808302808,-0.0004374727716727
-0.0005494423687423,-0.0004733086691086,-0.000380165079365,0.0005091142857142,-8.510078144078116e-05,-0.0004255326007326,-0.0007987277167277,-0.000748173015873,-0.0006109842246642,-0.0005105135531135,-0.0004887981684981,-0.0004374727716727
-0.0005494423687423,-0.0004793765567765,-0.0003892888888888,0.0005121445909645,-7.902175824175796e-05,-0.0004346512087912,-0.0007987277167277,-0.0007512142857142,-0.0006140088644688,-0.0005135345543345,-0.0004918155067155,-0.0004404901098901
-0.0005464067399267,-0.0004884783882783,-0.0004014539682539,0.0005151748962148,-7.294273504273476e-05,-0.0004437698168498,-0.0007956791208791,-0.0007512142857142,-0.0006170335042735,-0.0005195765567765,-0.0004948328449328,-0.0004435074481074
-0.0005524779975579,-0.0004915123321123,-0.0003984126984126,0.0005212355067155,-7.598224664224636e-05,-0.0004437698168498,-0.0007926305250305,-0.000748173015873,-0.0006170335042735,-0.0005165555555555,-0.0004918155067155,-0.0004374727716727
-0.0005464067399267,-0.0004975802197802,-0.0004105777777777,0.0005212355067155,-6.686371184371155e-05,-0.0004528884249084,-0.0007926305250305,-0.000748173015873,-0.0006230827838827,-0.0005195765567765,-0.0004948328449328,-0.0004404901098901
-0.0005372998534798,-0.000506682051282,-0.0004257841269841,0.0005212355067155,-5.470566544566516e-05,-0.0004650465689865,-0.0007926305250305,-0.0007512142857142,-0.000629132063492,-0.0005286395604395,-0.0005069021978021,-0.0004495421245421
-0.0005372998534798,-0.0005097159951159,-0.0004257841269841,0.0005212355067155,-5.470566544566516e-05,-0.0004680861050061,-0.0007865333333333,-0.0007512142857142,-0.0006321567032967,-0.0005346815628815,-0.0005099195360195,-0.0004585941391941
-0.0005372998534798,-0.000506682051282,-0.0004257841269841,0.0005212355067155,-5.470566544566516e-05,-0.0004650465689865,-0.0007834847374847,-0.0007512142857142,-0.0006351813431013,-0.0005377025641025,-0.0005129368742368,-0.0004616114774114
-0.0005433711111111,-0.0005036481074481,-0.000413619047619,0.0005212355067155,-6.382420024419996e-05,-0.0004589674969474,-0.0007804361416361,-0.000748173015873,-0.0006321567032967,-0.0005346815628815,-0.0005099195360195,-0.0004585941391941
-0.0005403354822954,-0.000506682051282,-0.0004197015873015,0.0005212355067155,-6.078468864468836e-05,-0.000462007032967,-0.0007804361416361,-0.0007451317460317,-0.000629132063492,-0.0005316605616605,-0.0005069021978021,-0.0004555768009768
-0.0005403354822954,-0.0005157838827838,-0.0004318666666666,0.0005272961172161,-5.470566544566516e-05,-0.0004741651770451,-0.0007743389499389,-0.0007420904761904,-0.0006321567032967,-0.0005377025641025,-0.0005099195360195,-0.0004616114774114
-0.0005524779975579,-0.0005248857142857,-0.0004257841269841,0.000536387032967,-6.382420024419996e-05,-0.0004741651770451,-0.0007651931623931,-0.0007390492063492,-0.000629132063492,-0.0005346815628815,-0.0005099195360195,-0.0004585941391941
-0.0005524779975579,-0.0005248857142857,-0.0004257841269841,0.000536387032967,-6.382420024419996e-05,-0.0004741651770451,-0.0007651931623931,-0.0007360079365079,-0.000629132063492,-0.0005377025641025,-0.0005159542124542,-0.0004616114774114
-0.0005494423687423,-0.0005157838827838,-0.0004197015873015,0.0005303264224664,-6.382420024419996e-05,-0.0004680861050061,-0.0007682417582417,-0.0007329666666666,-0.000629132063492,-0.0005377025641025,-0.0005159542124542,-0.0004616114774114
-0.0005524779975579,-0.0005157838827838,-0.0004197015873015,0.0005333567277167,-6.686371184371155e-05,-0.0004680861050061,-0.0007682417582417,-0.0007299253968253,-0.0006261074236874,-0.0005346815628815,-0.0005129368742368,-0.0004585941391941
-0.0005494423687423,-0.0005248857142857,-0.0004288253968253,0.000536387032967,-6.078468864468836e-05,-0.0004772047130647,-0.0007621445665445,-0.0007268841269841,-0.0006261074236874,-0.0005377025641025,-0.0005159542124542,-0.0004646288156288
-0.0005494423687423,-0.0005279196581196,-0.0004318666666666,0.000536387032967,-5.774517704517676e-05,-0.0004802442490842,-0.0007590959706959,-0.0007268841269841,-0.0006230827838827,-0.0005377025641025,-0.0005159542124542,-0.0004646288156288
-0.0005464067399267,-0.0005279196581196,-0.0004379492063492,0.000536387032967,-5.470566544566516e-05,-0.0004832837851037,-0.0007621445665445,-0.0007238428571428,-0.0006230827838827,-0.0005377025641025,-0.0005189715506715,-0.0004676461538461
-0.0005372998534798,-0.0005248857142857,-0.000447073015873,0.0005303264224664,-4.558713064713037e-05,-0.0004863233211233,-0.0007682417582417,-0.0007268841269841,-0.0006261074236874,-0.0005437445665445,-0.0005219888888888,-0.0004676461538461
-0.0005494423687423,-0.0005218517704517,-0.0004257841269841,0.0005333567277167,-6.078468864468836e-05,-0.0004741651770451,-0.0007651931623931,-0.000714719047619,-0.0006200581440781,-0.0005377025641025,-0.0005159542124542,-0.0004646288156288
-0.0005585492551892,-0.0005157838827838,-0.000413619047619,0.000536387032967,-7.294273504273476e-05,-0.0004650465689865,-0.0007590959706959,-0.0007116777777777,-0.0006170335042735,-0.0005346815628815,-0.0005159542124542,-0.0004646288156288
-0.0005403354822954,-0.0005218517704517,-0.0004379492063492,0.0005303264224664,-5.166615384615356e-05,-0.0004802442490842,-0.0007621445665445,-0.0007177603174603,-0.0006230827838827,-0.0005437445665445,-0.0005250062271062,-0.0004736808302808
-0.0005281929670329,-0.0005279196581196,-0.0004501142857142,0.0005272961172161,-3.950810744810717e-05,-0.0004893628571428,-0.0007621445665445,-0.000714719047619,-0.0006200581440781,-0.0005437445665445,-0.0005250062271062,-0.0004797155067155
-0.0005251573382173,-0.0005279196581196,-0.0004531555555555,0.0005242658119658,-3.6468595848595565e-05,-0.0004893628571428,-0.0007621445665445,-0.0007086365079365,-0.0006170335042735,-0.0005377025641025,-0.0005219888888888,-0.0004766981684981
-0.0005403354822954,-0.0005248857142857,-0.0004379492063492,0.0005303264224664,-5.166615384615356e-05,-0.0004802442490842,-0.0007590959706959,-0.0007025539682539,-0.0006079595848595,-0.0005256185592185,-0.0005099195360195,-0.0004616114774114
-0.0005524779975579,-0.0005157838827838,-0.0004166603174603,0.0005333567277167,-6.686371184371155e-05,-0.0004650465689865,-0.0007560473748473,-0.0006995126984126,-0.0006019103052503,-0.0005195765567765,-0.0005038848595848,-0.0004525594627594
-0.0005464067399267,-0.0005127499389499,-0.0004197015873015,0.0005272961172161,-6.382420024419996e-05,-0.0004650465689865,-0.0007529987789987,-0.0006995126984126,-0.0006049349450549,-0.0005225975579975,-0.0005038848595848,-0.0004555768009768
-0.0005312285958485,-0.000506682051282,-0.0004318666666666,0.0005182052014652,-4.862664224664196e-05,-0.0004680861050061,-0.0007621445665445,-0.0007055952380952,-0.0006109842246642,-0.0005256185592185,-0.0005129368742368,-0.0004616114774114
-0.0005342642246642,-0.0005006141636141,-0.0004227428571428,0.0005151748962148,-5.470566544566516e-05,-0.000462007032967,-0.0007621445665445,-0.0007086365079365,-0.0006109842246642,-0.0005256185592185,-0.0005099195360195,-0.0004616114774114
-0.0005372998534798,-0.0004975802197802,-0.0004166603174603,0.0005151748962148,-6.078468864468836e-05,-0.0004559279609279,-0.0007651931623931,-0.0007086365079365,-0.0006140088644688,-0.0005286395604395,-0.0005069021978021,-0.0004585941391941
-0.0005342642246642,-0.0004945462759462,-0.000413619047619,0.0005121445909645,-6.078468864468836e-05,-0.0004528884249084,-0.0007651931623931,-0.0007116777777777,-0.0006109842246642,-0.0005256185592185,-0.0005069021978021,-0.0004585941391941
-0.0005312285958485,-0.0004884783882783,-0.0004105777777777,0.0005091142857142,-6.078468864468836e-05,-0.0004498488888888,-0.0007621445665445,-0.0007086365079365,-0.0006049349450549,-0.0005165555555555,-0.0004978501831501,-0.0004495421245421
-0.0005281929670329,-0.0004854444444444,-0.0004105777777777,0.0005060839804639,-5.774517704517676e-05,-0.0004468093528693,-0.0007590959706959,-0.0007025539682539,-0.0005988856654456,-0.0005074925518925,-0.0004887981684981,-0.0004374727716727
-0.0005312285958485,-0.0004824105006105,-0.0004075365079365,0.0005060839804639,-6.078468864468836e-05,-0.0004437698168498,-0.0007621445665445,-0.0007025539682539,-0.000595861025641,-0.0005014505494505,-0.0004797461538461,-0.000431438095238
-0.0005281929670329,-0.0004854444444444,-0.0004075365079365,0.0005060839804639,-6.078468864468836e-05,-0.0004468093528693,-0.0007651931623931,-0.0007055952380952,-0.0005988856654456,-0.0005044715506715,-0.0004767288156288,-0.000431438095238
-0.0005281929670329,-0.0004824105006105,-0.0004105777777777,0.0005030536752136,-5.774517704517676e-05,-0.0004468093528693,-0.0007743389499389,-0.0007116777777777,-0.0006079595848595,-0.0005105135531135,-0.0004827634920634,-0.0004374727716727
-0.0005312285958485,-0.0004763426129426,-0.0004014539682539,0.0005030536752136,-6.382420024419996e-05,-0.0004376907448107,-0.0007743389499389,-0.0007208015873015,-0.0006079595848595,-0.0005105135531135,-0.0004857808302808,-0.0004374727716727
-0.0005312285958485,-0.0004763426129426,-0.0004014539682539,0.0005030536752136,-6.382420024419996e-05,-0.0004376907448107,-0.0007743389499389,-0.0007208015873015,-0.0006049349450549,-0.0005074925518925,-0.0004827634920634,-0.0004344554334554
-0.0005433711111111,-0.0004884783882783,-0.0004044952380952,0.0005151748962148,-6.990322344322315e-05,-0.0004468093528693,-0.0007682417582417,-0.000714719047619,-0.0006019103052503,-0.0004984295482295,-0.0004767288156288,-0.0004284207570207
-0.0005281929670329,-0.0004975802197802,-0.0004227428571428,0.0005121445909645,-5.166615384615356e-05,-0.0004589674969474,-0.0007712903540903,-0.0007177603174603,-0.0006079595848595,-0.0005074925518925,-0.0004827634920634,-0.0004374727716727
-0.0005130148229548,-0.0004945462759462,-0.0004318666666666,0.0005030536752136,-3.950810744810717e-05,-0.000462007032967,-0.0007804361416361,-0.0007299253968253,-0.0006170335042735,-0.0005165555555555,-0.0004887981684981,-0.0004465247863247
-0.0005281929670329,-0.0004824105006105,-0.0004105777777777,0.0005030536752136,-5.774517704517676e-05,-0.0004468093528693,-0.0007773875457875,-0.0007299253968253,-0.0006170335042735,-0.0005135345543345,-0.0004857808302808,-0.0004404901098901
-0.0005312285958485,-0.0004763426129426,-0.0004075365079365,0.0005030536752136,-6.078468864468836e-05,-0.0004407302808302,-0.0007773875457875,-0.0007268841269841,-0.0006170335042735,-0.0005135345543345,-0.0004857808302808,-0.0004374727716727
-0.0005433711111111,-0.0004763426129426,-0.0003923301587301,0.0005091142857142,-7.598224664224636e-05,-0.0004346512087912,-0.0007773875457875,-0.0007238428571428,-0.0006109842246642,-0.0005044715506715,-0.0004767288156288,-0.0004284207570207
-0.0005464067399267,-0.0004854444444444,-0.0003953714285714,0.0005151748962148,-7.598224664224636e-05,-0.0004407302808302,-0.0007773875457875,-0.0007329666666666,-0.0006170335042735,-0.0005074925518925,-0.0004767288156288,-0.000431438095238
-0.0005312285958485,-0.0004824105006105,-0.0004075365079365,0.0005060839804639,-6.078468864468836e-05,-0.0004437698168498,-0.0007834847374847,-0.0007420904761904,-0.000629132063492,-0.0005165555555555,-0.0004827634920634,-0.0004404901098901
-0.0005221217094017,-0.0004702747252747,-0.0004075365079365,0.0004939627594627,-5.774517704517676e-05,-0.0004376907448107,-0.0007865333333333,-0.0007451317460317,-0.000629132063492,-0.0005225975579975,-0.0004857808302808,-0.0004404901098901
-0.000519086080586,-0.0004702747252747,-0.0004105777777777,0.0004939627594627,-5.470566544566516e-05,-0.0004407302808302,-0.0007895819291819,-0.000748173015873,-0.000629132063492,-0.0005256185592185,-0.0004887981684981,-0.0004404901098901
-0.0005221217094017,-0.0004793765567765,-0.0004105777777777,0.0005000233699633,-5.470566544566516e-05,-0.0004437698168498,-0.0007895819291819,-0.000748173015873,-0.0006261074236874,-0.0005195765567765,-0.0004887981684981,-0.0004374727716727
-0.0005342642246642,-0.0004854444444444,-0.0004075365079365,0.0005091142857142,-6.382420024419996e-05,-0.0004468093528693,-0.0007834847374847,-0.0007451317460317,-0.0006261074236874,-0.0005135345543345,-0.0004827634920634,-0.0004284207570207
-0.0005312285958485,-0.0004793765567765,-0.0004075365079365,0.0005030536752136,-6.078468864468836e-05,-0.0004437698168498,-0.0007834847374847,-0.0007451317460317,-0.0006261074236874,-0.0005105135531135,-0.0004767288156288,-0.0004254034188034
-0.0005221217094017,-0.0004793765567765,-0.000413619047619,0.0005000233699633,-5.470566544566516e-05,-0.0004468093528693,-0.0007834847374847,-0.0007451317460317,-0.000629132063492,-0.0005105135531135,-0.0004797461538461,-0.000431438095238
-0.0005221217094017,-0.0004854444444444,-0.0004197015873015,0.0005030536752136,-5.166615384615356e-05,-0.0004528884249084,-0.0007865333333333,-0.0007512142857142,-0.0006321567032967,-0.0005165555555555,-0.0004857808302808,-0.0004374727716727
-0.0005281929670329,-0.0004854444444444,-0.0004105777777777,0.0005060839804639,-5.774517704517676e-05,-0.0004468093528693,-0.0007834847374847,-0.0007512142857142,-0.0006321567032967,-0.0005135345543345,-0.0004797461538461,-0.0004344554334554
-0.0005342642246642,-0.0004884783882783,-0.0004105777777777,0.0005091142857142,-6.078468864468836e-05,-0.0004498488888888,-0.0007804361416361,-0.000748173015873,-0.0006261074236874,-0.0005105135531135,-0.0004767288156288,-0.0004284207570207
-0.0005342642246642,-0.0005036481074481,-0.0004257841269841,0.0005182052014652,-5.470566544566516e-05,-0.0004650465689865,-0.0007804361416361,-0.000748173015873,-0.000629132063492,-0.0005135345543345,-0.0004827634920634,-0.0004344554334554
-0.0005312285958485,-0.000506682051282,-0.0004318666666666,0.0005182052014652,-4.862664224664196e-05,-0.0004680861050061,-0.0007773875457875,-0.0007512142857142,-0.0006321567032967,-0.0005165555555555,-0.0004827634920634,-0.0004344554334554
-0.0005312285958485,-0.0004915123321123,-0.0004166603174603,0.0005091142857142,-5.774517704517676e-05,-0.0004528884249084,-0.0007834847374847,-0.0007542555555555,-0.0006321567032967,-0.0005165555555555,-0.0004797461538461,-0.0004344554334554
-0.0005372998534798,-0.0004884783882783,-0.0004075365079365,0.0005121445909645,-6.382420024419996e-05,-0.0004468093528693,-0.0007865333333333,-0.0007542555555555,-0.0006321567032967,-0.0005195765567765,-0.0004827634920634,-0.0004374727716727
-0.0005403354822954,-0.0004945462759462,-0.000413619047619,0.0005151748962148,-6.382420024419996e-05,-0.0004528884249084,-0.0007865333333333,-0.0007542555555555,-0.0006351813431013,-0.0005256185592185,-0.0004918155067155,-0.0004465247863247
-0.0005403354822954,-0.0004975802197802,-0.000413619047619,0.0005182052014652,-6.382420024419996e-05,-0.0004559279609279,-0.0007804361416361,-0.0007542555555555,-0.0006382059829059,-0.0005316605616605,-0.0004978501831501,-0.0004495421245421
-0.0005372998534798,-0.0004915123321123,-0.0004105777777777,0.0005121445909645,-6.382420024419996e-05,-0.0004498488888888,-0.0007773875457875,-0.0007542555555555,-0.0006321567032967,-0.0005256185592185,-0.0004948328449328,-0.0004495421245421
-0.0005403354822954,-0.0004975802197802,-0.0004105777777777,0.0005182052014652,-6.382420024419996e-05,-0.0004528884249084,-0.0007773875457875,-0.0007512142857142,-0.000629132063492,-0.0005195765567765,-0.0004887981684981,-0.0004435074481074
-0.0005433711111111,-0.0005097159951159,-0.0004197015873015,0.0005242658119658,-6.078468864468836e-05,-0.0004650465689865,-0.0007834847374847,-0.0007512142857142,-0.0006321567032967,-0.0005195765567765,-0.0004887981684981,-0.0004374727716727
-0.0005372998534798,-0.0005097159951159,-0.0004288253968253,0.0005212355067155,-5.470566544566516e-05,-0.0004680861050061,-0.0007926305250305,-0.0007542555555555,-0.0006412306227106,-0.0005256185592185,-0.0004887981684981,-0.0004344554334554
-0.0005342642246642,-0.0005036481074481,-0.0004257841269841,0.0005182052014652,-5.470566544566516e-05,-0.0004650465689865,-0.0007895819291819,-0.0007572968253968,-0.0006442552625152,-0.0005316605616605,-0.0004887981684981,-0.0004344554334554
-0.0005312285958485,-0.0005036481074481,-0.0004257841269841,0.0005151748962148,-5.166615384615356e-05,-0.0004650465689865,-0.0007865333333333,-0.000760338095238,-0.0006533291819291,-0.0005377025641025,-0.0004948328449328,-0.0004374727716727
-0.0005403354822954,-0.0005006141636141,-0.0004105777777777,0.0005182052014652,-6.382420024419996e-05,-0.0004559279609279,-0.0007834847374847,-0.000760338095238,-0.0006503045421245,-0.0005346815628815,-0.0004918155067155,-0.0004374727716727
-0.0005494423687423,-0.0004975802197802,-0.0004014539682539,0.0005212355067155,-7.294273504273476e-05,-0.0004498488888888,-0.0007804361416361,-0.0007572968253968,-0.0006472799023199,-0.0005256185592185,-0.0004857808302808,-0.0004344554334554
-0.0005312285958485,-0.000506682051282,-0.0004318666666666,0.0005182052014652,-4.862664224664196e-05,-0.0004680861050061,-0.0007865333333333,-0.000760338095238,-0.0006503045421245,-0.0005316605616605,-0.0004948328449328,-0.0004465247863247
-0.0005221217094017,-0.0005218517704517,-0.0004531555555555,0.0005212355067155,-3.342908424908396e-05,-0.0004863233211233,-0.0007895819291819,-0.0007633793650793,-0.0006533291819291,-0.0005346815628815,-0.0005008675213675,-0.0004525594627594
-0.0005494423687423,-0.0005097159951159,-0.000413619047619,0.0005272961172161,-6.686371184371155e-05,-0.000462007032967,-0.0007804361416361,-0.0007572968253968,-0.0006442552625152,-0.0005256185592185,-0.0004887981684981,-0.0004374727716727
-0.0005555136263736,-0.0004884783882783,-0.0003923301587301,0.0005212355067155,-8.206126984126955e-05,-0.0004407302808302,-0.0007834847374847,-0.000760338095238,-0.0006442552625152,-0.0005256185592185,-0.0004827634920634,-0.0004284207570207
-0.0005312285958485,-0.0004915123321123,-0.000413619047619,0.0005091142857142,-5.774517704517676e-05,-0.0004528884249084,-0.0007865333333333,-0.000760338095238,-0.0006503045421245,-0.0005316605616605,-0.0004918155067155,-0.0004374727716727
-0.0005160504517704,-0.000506682051282,-0.0004440317460317,0.0005091142857142,-3.6468595848595565e-05,-0.0004741651770451,-0.0007865333333333,-0.0007572968253968,-0.0006533291819291,-0.0005346815628815,-0.0005008675213675,-0.0004495421245421
-0.0005281929670329,-0.0005157838827838,-0.0004440317460317,0.0005212355067155,-4.254761904761877e-05,-0.0004802442490842,-0.0007804361416361,-0.0007572968253968,-0.0006503045421245,-0.0005346815628815,-0.0004978501831501,-0.0004465247863247
-0.0005464067399267,-0.0005188178266178,-0.0004257841269841,0.0005303264224664,-6.078468864468836e-05,-0.0004711256410256,-0.0007743389499389,-0.0007572968253968,-0.0006503045421245,-0.0005316605616605,-0.0004948328449328,-0.0004404901098901
-0.0005464067399267,-0.0005157838827838,-0.0004227428571428,0.0005303264224664,-6.078468864468836e-05,-0.0004680861050061,-0.0007743389499389,-0.0007542555555555,-0.0006503045421245,-0.0005286395604395,-0.0004887981684981,-0.0004344554334554
