DateTime,ECG
2023-08-31 16:47:13.736000000,1.7557509157509157
2023-08-31 16:47:13.741000192,1.7535042735042734
2023-08-31 16:47:13.746000384,1.75013431013431
2023-08-31 16:47:13.751000320,1.757997557997558
2023-08-31 16:47:13.756000512,1.7456410256410257
2023-08-31 16:47:13.761000704,1.7377777777777779
2023-08-31 16:47:13.766000640,1.7344078144078143
2023-08-31 16:47:13.771000832,1.7276678876678877
2023-08-31 16:47:13.776001024,1.7321611721611723
2023-08-31 16:47:13.781001216,1.738901098901099
2023-08-31 16:47:13.786001152,1.7467643467643468
2023-08-31 16:47:13.791001344,1.7860805860805862
2023-08-31 16:47:13.796001536,1.9354822954822954
2023-08-31 16:47:13.801001472,2.0152380952380953
2023-08-31 16:47:13.806001664,1.8366300366300365
2023-08-31 16:47:13.811001856,1.7242979242979244
2023-08-31 16:47:13.816001792,1.5692796092796093
2023-08-31 16:47:13.821001984,1.374945054945055
2023-08-31 16:47:13.826002176,1.1817338217338218
2023-08-31 16:47:13.831002112,1.0413186813186812
2023-08-31 16:47:13.836002304,0.9772893772893773
2023-08-31 16:47:13.841002496,1.0042490842490843
2023-08-31 16:47:13.846002688,1.1132112332112332
2023-08-31 16:47:13.851002624,1.2165567765567766
2023-08-31 16:47:13.856002816,1.3075457875457877
2023-08-31 16:47:13.861003008,1.3221489621489622
2023-08-31 16:47:13.866002944,1.3041758241758241
2023-08-31 16:47:13.871003136,1.3165323565323566
2023-08-31 16:47:13.876003328,1.3558485958485957
2023-08-31 16:47:13.881003264,1.403028083028083
2023-08-31 16:47:13.886003456,1.4917704517704518
2023-08-31 16:47:13.891003648,1.585006105006105
2023-08-31 16:47:13.896003840,1.6681318681318682
2023-08-31 16:47:13.901003776,1.7332844932844933
2023-08-31 16:47:13.906003968,1.7467643467643468
2023-08-31 16:47:13.911004160,1.7804639804639804
2023-08-31 16:47:13.916004096,1.7872039072039072
2023-08-31 16:47:13.921004288,1.8175335775335775
2023-08-31 16:47:13.926004480,1.8321367521367522
2023-08-31 16:47:13.931004416,1.8355067155067155
2023-08-31 16:47:13.936004608,1.8388766788766788
2023-08-31 16:47:13.941004800,1.841123321123321
2023-08-31 16:47:13.946004992,1.8433699633699634
2023-08-31 16:47:13.951004928,1.8433699633699634
2023-08-31 16:47:13.956005120,1.85010989010989
2023-08-31 16:47:13.961005312,1.8568498168498169
2023-08-31 16:47:13.966005248,1.866959706959707
2023-08-31 16:47:13.971005440,1.8624664224664225
2023-08-31 16:47:13.976005632,1.857973137973138
2023-08-31 16:47:13.981005568,1.8523565323565323
2023-08-31 16:47:13.986005760,1.8512332112332113
2023-08-31 16:47:13.991005952,1.8613431013431014
2023-08-31 16:47:13.996005888,1.8534798534798536
2023-08-31 16:47:14.001006080,1.8624664224664225
2023-08-31 16:47:14.006006272,1.8590964590964592
2023-08-31 16:47:14.011006464,1.8512332112332113
2023-08-31 16:47:14.016006400,1.8557264957264956
2023-08-31 16:47:14.021006592,1.8355067155067155
2023-08-31 16:47:14.026006784,1.8265201465201466
2023-08-31 16:47:14.031006720,1.8321367521367522
2023-08-31 16:47:14.036006912,1.82989010989011
2023-08-31 16:47:14.041007104,1.8141636141636142
2023-08-31 16:47:14.046007040,1.802930402930403
2023-08-31 16:47:14.051007232,1.7984371184371184
2023-08-31 16:47:14.056007424,1.7872039072039072
2023-08-31 16:47:14.061007616,1.777094017094017
2023-08-31 16:47:14.066007552,1.7815873015873016
2023-08-31 16:47:14.071007744,1.7916971916971918
2023-08-31 16:47:14.076007936,1.7928205128205128
2023-08-31 16:47:14.081007872,1.7737240537240537
2023-08-31 16:47:14.086008064,1.7804639804639804
2023-08-31 16:47:14.091008256,1.7815873015873016
2023-08-31 16:47:14.096008192,1.777094017094017
2023-08-31 16:47:14.101008384,1.777094017094017
2023-08-31 16:47:14.106008576,1.777094017094017
2023-08-31 16:47:14.111008768,1.7748473748473748
2023-08-31 16:47:14.116008704,1.7804639804639804
2023-08-31 16:47:14.121008896,1.7782173382173383
2023-08-31 16:47:14.126009088,1.7916971916971918
2023-08-31 16:47:14.131009024,1.7995604395604397
2023-08-31 16:47:14.136009216,1.8096703296703296
2023-08-31 16:47:14.141009408,1.8141636141636142
2023-08-31 16:47:14.146009344,1.822026862026862
2023-08-31 16:47:14.151009536,1.820903540903541
2023-08-31 16:47:14.156009728,1.8175335775335775
2023-08-31 16:47:14.161009664,1.8130402930402931
2023-08-31 16:47:14.166009856,1.8119169719169719
2023-08-31 16:47:14.171010048,1.8018070818070817
2023-08-31 16:47:14.176010240,1.8063003663003663
2023-08-31 16:47:14.181010176,1.8006837606837607
2023-08-31 16:47:14.186010368,1.7984371184371184
2023-08-31 16:47:14.191010560,1.8063003663003663
2023-08-31 16:47:14.196010496,1.8130402930402931
2023-08-31 16:47:14.201010688,1.8197802197802198
2023-08-31 16:47:14.206010880,1.82989010989011
2023-08-31 16:47:14.211010816,1.8388766788766788
2023-08-31 16:47:14.216011008,1.8546031746031746
2023-08-31 16:47:14.221011200,1.8512332112332113
2023-08-31 16:47:14.226011392,1.848986568986569
2023-08-31 16:47:14.231011328,1.8546031746031746
2023-08-31 16:47:14.242000128,1.8703296703296703
2023-08-31 16:47:14.247000320,1.874822954822955
2023-08-31 16:47:14.252000256,1.8725763125763126
2023-08-31 16:47:14.257000448,1.8613431013431014
2023-08-31 16:47:14.262000640,1.8534798534798536
2023-08-31 16:47:14.267000576,1.8467399267399267
2023-08-31 16:47:14.272000768,1.8433699633699634
2023-08-31 16:47:14.277000960,1.8467399267399267
2023-08-31 16:47:14.282000896,1.8355067155067155
2023-08-31 16:47:14.287001088,1.831013431013431
2023-08-31 16:47:14.292001280,1.82989010989011
2023-08-31 16:47:14.297001472,1.8332600732600732
2023-08-31 16:47:14.302001408,1.8355067155067155
2023-08-31 16:47:14.307001600,1.8355067155067155
2023-08-31 16:47:14.312001792,1.8265201465201466
2023-08-31 16:47:14.317001728,1.8343833943833945
2023-08-31 16:47:14.322001920,1.823150183150183
2023-08-31 16:47:14.327002112,1.8130402930402931
2023-08-31 16:47:14.332002048,1.795067155067155
2023-08-31 16:47:14.337002240,1.7905738705738705
2023-08-31 16:47:14.342002432,1.7928205128205128
2023-08-31 16:47:14.347002624,1.795067155067155
2023-08-31 16:47:14.352002560,1.7961904761904761
2023-08-31 16:47:14.357002752,1.7916971916971918
2023-08-31 16:47:14.362002944,1.7905738705738705
2023-08-31 16:47:14.367002880,1.7905738705738705
2023-08-31 16:47:14.372003072,1.795067155067155
2023-08-31 16:47:14.377003264,1.7804639804639804
2023-08-31 16:47:14.382003200,1.7973137973137974
2023-08-31 16:47:14.387003392,1.7973137973137974
2023-08-31 16:47:14.392003584,1.7883272283272282
2023-08-31 16:47:14.397003776,1.7815873015873016
2023-08-31 16:47:14.402003712,1.7804639804639804
2023-08-31 16:47:14.407003904,1.777094017094017
2023-08-31 16:47:14.412004096,1.7737240537240537
2023-08-31 16:47:14.417004032,1.7703540903540904
2023-08-31 16:47:14.422004224,1.7703540903540904
2023-08-31 16:47:14.427004416,1.7692307692307692
2023-08-31 16:47:14.432004352,1.7535042735042734
2023-08-31 16:47:14.437004544,1.7546275946275947
2023-08-31 16:47:14.442004736,1.7422710622710622
2023-08-31 16:47:14.447004672,1.7321611721611723
2023-08-31 16:47:14.452004864,1.757997557997558
2023-08-31 16:47:14.457005056,1.7782173382173383
2023-08-31 16:47:14.462005248,1.7827106227106226
2023-08-31 16:47:14.467005184,1.7883272283272282
2023-08-31 16:47:14.472005376,1.8006837606837607
2023-08-31 16:47:14.477005568,1.857973137973138
2023-08-31 16:47:14.482005504,1.9085225885225885
2023-08-31 16:47:14.487005696,1.913015873015873
2023-08-31 16:47:14.492005888,1.9096459096459097
2023-08-31 16:47:14.497005824,1.8927960927960927
2023-08-31 16:47:14.502006016,1.8714529914529914
2023-08-31 16:47:14.507006208,1.847863247863248
2023-08-31 16:47:14.512006400,1.848986568986569
2023-08-31 16:47:14.517006336,1.857973137973138
2023-08-31 16:47:14.522006528,1.8546031746031746
2023-08-31 16:47:14.527006720,1.8276434676434676
2023-08-31 16:47:14.532006656,1.7872039072039072
2023-08-31 16:47:14.537006848,1.756874236874237
2023-08-31 16:47:14.542007040,1.75013431013431
2023-08-31 16:47:14.547006976,1.7332844932844933
2023-08-31 16:47:14.552007168,1.74002442002442
2023-08-31 16:47:14.557007360,1.7287912087912087
2023-08-31 16:47:14.562007552,1.7254212454212454
2023-08-31 16:47:14.567007488,1.7254212454212454
2023-08-31 16:47:14.572007680,1.756874236874237
2023-08-31 16:47:14.577007872,1.7276678876678877
2023-08-31 16:47:14.582007808,1.7254212454212454
2023-08-31 16:47:14.587008000,1.7254212454212454
2023-08-31 16:47:14.592008192,1.7557509157509157
2023-08-31 16:47:14.597008128,1.72991452991453
2023-08-31 16:47:14.602008320,1.7366544566544566
2023-08-31 16:47:14.607008512,1.72991452991453
2023-08-31 16:47:14.612008448,1.756874236874237
2023-08-31 16:47:14.617008640,1.7422710622710622
2023-08-31 16:47:14.622008832,1.8332600732600732
2023-08-31 16:47:14.627009024,1.9995115995115995
2023-08-31 16:47:14.632008960,1.9152625152625153
2023-08-31 16:47:14.637009152,1.7287912087912087
2023-08-31 16:47:14.642009344,1.6445421245421246
2023-08-31 16:47:14.647009280,1.467057387057387
2023-08-31 16:47:14.652009472,1.24014652014652
2023-08-31 16:47:14.657009664,1.1087179487179488
2023-08-31 16:47:14.662009600,0.9997557997557998
2023-08-31 16:47:14.667009792,0.9862759462759463
2023-08-31 16:47:14.672009984,1.0705250305250305
2023-08-31 16:47:14.677010176,1.183980463980464
2023-08-31 16:47:14.682010112,1.3165323565323566
2023-08-31 16:47:14.687010304,1.358095238095238
2023-08-31 16:47:14.692010496,1.3434920634920635
2023-08-31 16:47:14.697010432,1.3322588522588523
2023-08-31 16:47:14.702010624,1.358095238095238
2023-08-31 16:47:14.707010816,1.3985347985347985
2023-08-31 16:47:14.712010752,1.449084249084249
2023-08-31 16:47:14.717010944,1.5602930402930404
2023-08-31 16:47:14.722011136,1.6445421245421246
2023-08-31 16:47:14.727011328,1.710818070818071
2023-08-31 16:47:14.732011264,1.7422710622710622
2023-08-31 16:47:14.737011456,1.775970695970696
2023-08-31 16:47:14.749000192,1.802930402930403
2023-08-31 16:47:14.754000128,1.8175335775335775
2023-08-31 16:47:14.759000320,1.8512332112332113
2023-08-31 16:47:14.764000512,1.8534798534798536
2023-08-31 16:47:14.769000448,1.8557264957264956
2023-08-31 16:47:14.774000640,1.8692063492063493
2023-08-31 16:47:14.779000832,1.8624664224664225
2023-08-31 16:47:14.784000768,1.8714529914529914
2023-08-31 16:47:14.789000960,1.8703296703296703
2023-08-31 16:47:14.794001152,1.8781929181929182
2023-08-31 16:47:14.799001344,1.8793162393162393
2023-08-31 16:47:14.804001280,1.8781929181929182
2023-08-31 16:47:14.809001472,1.868083028083028
2023-08-31 16:47:14.814001664,1.8714529914529914
2023-08-31 16:47:14.819001600,1.8804395604395605
2023-08-31 16:47:14.824001792,1.8725763125763126
2023-08-31 16:47:14.829001984,1.8815628815628815
2023-08-31 16:47:14.834001920,1.8815628815628815
2023-08-31 16:47:14.839002112,1.8916727716727717
2023-08-31 16:47:14.844002304,1.8793162393162393
2023-08-31 16:47:14.849002240,1.8781929181929182
2023-08-31 16:47:14.854002432,1.875946275946276
2023-08-31 16:47:14.859002624,1.8624664224664225
2023-08-31 16:47:14.864002816,1.8635897435897435
2023-08-31 16:47:14.869002752,1.8613431013431014
2023-08-31 16:47:14.874002944,1.8613431013431014
2023-08-31 16:47:14.879003136,1.8692063492063493
2023-08-31 16:47:14.884003072,1.8433699633699634
2023-08-31 16:47:14.889003264,1.8355067155067155
2023-08-31 16:47:14.894003456,1.8186568986568987
2023-08-31 16:47:14.899003392,1.822026862026862
2023-08-31 16:47:14.904003584,1.822026862026862
2023-08-31 16:47:14.909003776,1.8265201465201466
2023-08-31 16:47:14.914003968,1.8130402930402931
2023-08-31 16:47:14.919003904,1.8119169719169719
2023-08-31 16:47:14.924004096,1.8096703296703296
2023-08-31 16:47:14.929004288,1.7961904761904761
2023-08-31 16:47:14.934004224,1.8063003663003663
2023-08-31 16:47:14.939004416,1.8119169719169719
2023-08-31 16:47:14.944004608,1.8096703296703296
2023-08-31 16:47:14.949004544,1.8018070818070817
2023-08-31 16:47:14.954004736,1.7973137973137974
2023-08-31 16:47:14.959004928,1.7995604395604397
2023-08-31 16:47:14.964005120,1.8175335775335775
2023-08-31 16:47:14.969005056,1.8141636141636142
2023-08-31 16:47:14.974005248,1.8265201465201466
2023-08-31 16:47:14.979005440,1.8287667887667887
2023-08-31 16:47:14.984005376,1.8388766788766788
2023-08-31 16:47:14.989005568,1.8388766788766788
2023-08-31 16:47:14.994005760,1.8388766788766788
2023-08-31 16:47:14.999005696,1.8355067155067155
2023-08-31 16:47:15.004005888,1.82989010989011
2023-08-31 16:47:15.009006080,1.8343833943833945
2023-08-31 16:47:15.014006016,1.841123321123321
2023-08-31 16:47:15.019006208,1.848986568986569
2023-08-31 16:47:15.024006400,1.8523565323565323
2023-08-31 16:47:15.029006592,1.8624664224664225
2023-08-31 16:47:15.034006528,1.8613431013431014
2023-08-31 16:47:15.039006720,1.8635897435897435
2023-08-31 16:47:15.044006912,1.874822954822955
2023-08-31 16:47:15.049006848,1.877069597069597
2023-08-31 16:47:15.054007040,1.8883028083028084
2023-08-31 16:47:15.059007232,1.8838095238095238
2023-08-31 16:47:15.064007168,1.8871794871794871
2023-08-31 16:47:15.069007360,1.893919413919414
2023-08-31 16:47:15.074007552,1.8984126984126983
2023-08-31 16:47:15.079007744,1.9096459096459097
2023-08-31 16:47:15.084007680,1.9017826617826619
2023-08-31 16:47:15.089007872,1.8871794871794871
2023-08-31 16:47:15.094008064,1.8804395604395605
2023-08-31 16:47:15.099008000,1.8725763125763126
2023-08-31 16:47:15.104008192,1.8635897435897435
2023-08-31 16:47:15.109008384,1.8613431013431014
2023-08-31 16:47:15.114008320,1.8635897435897435
2023-08-31 16:47:15.119008512,1.8546031746031746
2023-08-31 16:47:15.124008704,1.8568498168498169
2023-08-31 16:47:15.129008896,1.8590964590964592
2023-08-31 16:47:15.134008832,1.8590964590964592
2023-08-31 16:47:15.139009024,1.8512332112332113
2023-08-31 16:47:15.144009216,1.8467399267399267
2023-08-31 16:47:15.149009152,1.8512332112332113
2023-08-31 16:47:15.154009344,1.8433699633699634
2023-08-31 16:47:15.159009536,1.84
2023-08-31 16:47:15.164009472,1.8332600732600732
2023-08-31 16:47:15.169009664,1.822026862026862
2023-08-31 16:47:15.174009856,1.8332600732600732
2023-08-31 16:47:15.179009792,1.8276434676434676
2023-08-31 16:47:15.184009984,1.820903540903541
2023-08-31 16:47:15.189010176,1.8130402930402931
2023-08-31 16:47:15.194010368,1.8107936507936508
2023-08-31 16:47:15.199010304,1.8074236874236875
2023-08-31 16:47:15.204010496,1.8096703296703296
2023-08-31 16:47:15.209010688,1.8006837606837607
2023-08-31 16:47:15.214010624,1.7916971916971918
2023-08-31 16:47:15.219010816,1.7883272283272282
2023-08-31 16:47:15.224011008,1.7894505494505495
2023-08-31 16:47:15.229010944,1.795067155067155
2023-08-31 16:47:15.234011136,1.795067155067155
2023-08-31 16:47:15.239011328,1.7928205128205128
2023-08-31 16:47:15.244011520,1.7827106227106226
2023-08-31 16:47:15.255000064,1.7860805860805862
2023-08-31 16:47:15.260000256,1.7860805860805862
2023-08-31 16:47:15.265000448,1.7894505494505495
2023-08-31 16:47:15.270000384,1.7860805860805862
2023-08-31 16:47:15.275000576,1.7714774114774114
2023-08-31 16:47:15.280000768,1.7658608058608058
2023-08-31 16:47:15.285000704,1.7669841269841269
2023-08-31 16:47:15.290000896,1.7681074481074481
2023-08-31 16:47:15.295001088,1.7681074481074481
2023-08-31 16:47:15.300001024,1.7782173382173383
2023-08-31 16:47:15.305001216,1.775970695970696
2023-08-31 16:47:15.310001408,1.7602442002442003
2023-08-31 16:47:15.315001600,1.7456410256410257
2023-08-31 16:47:15.320001536,1.7523809523809524
2023-08-31 16:47:15.325001728,1.731037851037851
2023-08-31 16:47:15.330001920,1.7321611721611723
2023-08-31 16:47:15.335001856,1.75013431013431
2023-08-31 16:47:15.340002048,1.7512576312576313
2023-08-31 16:47:15.345002240,1.7535042735042734
2023-08-31 16:47:15.350002176,1.7512576312576313
2023-08-31 16:47:15.355002368,1.7883272283272282
2023-08-31 16:47:15.360002560,1.7984371184371184
2023-08-31 16:47:15.365002752,1.7961904761904761
2023-08-31 16:47:15.370002688,1.8107936507936508
2023-08-31 16:47:15.375002880,1.820903540903541
2023-08-31 16:47:15.380003072,1.8074236874236875
2023-08-31 16:47:15.385003008,1.820903540903541
2023-08-31 16:47:15.390003200,1.82989010989011
2023-08-31 16:47:15.395003392,1.84
2023-08-31 16:47:15.400003328,1.8164102564102564
2023-08-31 16:47:15.405003520,1.7894505494505495
2023-08-31 16:47:15.410003712,1.756874236874237
2023-08-31 16:47:15.415003904,1.75013431013431
2023-08-31 16:47:15.420003840,1.74002442002442
2023-08-31 16:47:15.425004032,1.7287912087912087
2023-08-31 16:47:15.430004224,1.7287912087912087
2023-08-31 16:47:15.435004160,1.72991452991453
2023-08-31 16:47:15.440004352,1.7287912087912087
2023-08-31 16:47:15.445004544,1.7265445665445665
2023-08-31 16:47:15.450004480,1.7546275946275947
2023-08-31 16:47:15.455004672,1.75013431013431
2023-08-31 16:47:15.460004864,1.7411477411477412
2023-08-31 16:47:15.465004800,1.7467643467643468
2023-08-31 16:47:15.470004992,1.7478876678876678
2023-08-31 16:47:15.475005184,1.7512576312576313
2023-08-31 16:47:15.480005376,1.757997557997558
2023-08-31 16:47:15.485005312,1.7456410256410257
2023-08-31 16:47:15.490005504,1.7321611721611723
2023-08-31 16:47:15.495005696,1.7411477411477412
2023-08-31 16:47:15.500005632,1.7703540903540904
2023-08-31 16:47:15.505005824,1.93997557997558
2023-08-31 16:47:15.510006016,1.957948717948718
2023-08-31 16:47:15.515005952,1.777094017094017
2023-08-31 16:47:15.520006144,1.6625152625152626
2023-08-31 16:47:15.525006336,1.495140415140415
2023-08-31 16:47:15.530006528,1.264859584859585
2023-08-31 16:47:15.535006464,1.100854700854701
2023-08-31 16:47:15.540006656,0.984029304029304
2023-08-31 16:47:15.545006848,0.9323565323565324
2023-08-31 16:47:15.550006784,0.9963858363858363
2023-08-31 16:47:15.555006976,1.1491575091575092
2023-08-31 16:47:15.560007168,1.2760927960927961
2023-08-31 16:47:15.565007104,1.3603418803418803
2023-08-31 16:47:15.570007296,1.356971916971917
2023-08-31 16:47:15.575007488,1.3232722832722832
2023-08-31 16:47:15.580007680,1.3345054945054946
2023-08-31 16:47:15.585007616,1.3682051282051282
2023-08-31 16:47:15.590007808,1.4243711843711844
2023-08-31 16:47:15.595008000,1.511990231990232
2023-08-31 16:47:15.600007936,1.5906227106227107
2023-08-31 16:47:15.605008128,1.6692551892551892
2023-08-31 16:47:15.610008320,1.7344078144078143
2023-08-31 16:47:15.615008256,1.7478876678876678
2023-08-31 16:47:15.620008448,1.7748473748473748
2023-08-31 16:47:15.625008640,1.7961904761904761
2023-08-31 16:47:15.630008576,1.8175335775335775
2023-08-31 16:47:15.635008768,1.8276434676434676
2023-08-31 16:47:15.640008960,1.8366300366300365
2023-08-31 16:47:15.645009152,1.8343833943833945
2023-08-31 16:47:15.650009088,1.8388766788766788
2023-08-31 16:47:15.655009280,1.8422466422466421
2023-08-31 16:47:15.660009472,1.8422466422466421
2023-08-31 16:47:15.665009408,1.8422466422466421
2023-08-31 16:47:15.670009600,1.8388766788766788
2023-08-31 16:47:15.675009792,1.820903540903541
2023-08-31 16:47:15.680009728,1.7961904761904761
2023-08-31 16:47:15.685009920,1.777094017094017
2023-08-31 16:47:15.690010112,1.7602442002442003
2023-08-31 16:47:15.695010304,1.7321611721611723
2023-08-31 16:47:15.700010240,1.756874236874237
2023-08-31 16:47:15.705010432,1.7445177045177045
2023-08-31 16:47:15.710010624,1.7366544566544566
2023-08-31 16:47:15.715010560,1.7276678876678877
2023-08-31 16:47:15.720010752,1.705201465201465
2023-08-31 16:47:15.725010944,1.6894749694749696
2023-08-31 16:47:15.730010880,1.6692551892551892
2023-08-31 16:47:15.735011072,1.6546520146520147
2023-08-31 16:47:15.740011264,1.6243223443223442
2023-08-31 16:47:15.745011456,1.6220757020757022
2023-08-31 16:47:15.750011392,1.6276923076923078
2023-08-31 16:47:15.762000128,1.6366788766788767
2023-08-31 16:47:15.767000320,1.6613919413919414
2023-08-31 16:47:15.772000256,1.6928449328449329
2023-08-31 16:47:15.777000448,1.7512576312576313
2023-08-31 16:47:15.782000640,1.7714774114774114
2023-08-31 16:47:15.787000576,1.7916971916971918
2023-08-31 16:47:15.792000768,1.795067155067155
2023-08-31 16:47:15.797000960,1.7984371184371184
2023-08-31 16:47:15.802000896,1.8130402930402931
2023-08-31 16:47:15.807001088,1.8287667887667887
2023-08-31 16:47:15.812001280,1.8321367521367522
2023-08-31 16:47:15.817001216,1.8624664224664225
2023-08-31 16:47:15.822001408,1.8793162393162393
2023-08-31 16:47:15.827001600,1.8995360195360196
2023-08-31 16:47:15.832001792,1.9073992673992675
2023-08-31 16:47:15.837001728,1.8984126984126983
2023-08-31 16:47:15.842001920,1.902905982905983
2023-08-31 16:47:15.847002112,1.9107692307692308
2023-08-31 16:47:15.852002048,1.9175091575091574
2023-08-31 16:47:15.857002240,1.922002442002442
2023-08-31 16:47:15.862002432,1.9377289377289377
2023-08-31 16:47:15.867002368,1.9366056166056167
2023-08-31 16:47:15.872002560,1.9388522588522588
2023-08-31 16:47:15.877002752,1.9298656898656898
2023-08-31 16:47:15.882002944,1.913015873015873
2023-08-31 16:47:15.887002880,1.9017826617826619
2023-08-31 16:47:15.892003072,1.9017826617826619
2023-08-31 16:47:15.897003264,1.9006593406593406
2023-08-31 16:47:15.902003200,1.8995360195360196
2023-08-31 16:47:15.907003392,1.9107692307692308
2023-08-31 16:47:15.912003584,1.9073992673992675
2023-08-31 16:47:15.917003520,1.8995360195360196
2023-08-31 16:47:15.922003712,1.895042735042735
2023-08-31 16:47:15.927003904,1.8995360195360196
2023-08-31 16:47:15.932004096,1.902905982905983
2023-08-31 16:47:15.937004032,1.895042735042735
2023-08-31 16:47:15.942004224,1.893919413919414
2023-08-31 16:47:15.947004416,1.8815628815628815
2023-08-31 16:47:15.952004352,1.8815628815628815
2023-08-31 16:47:15.957004544,1.877069597069597
2023-08-31 16:47:15.962004736,1.8804395604395605
2023-08-31 16:47:15.967004672,1.868083028083028
2023-08-31 16:47:15.972004864,1.866959706959707
2023-08-31 16:47:15.977005056,1.8703296703296703
2023-08-31 16:47:15.982004992,1.8557264957264956
2023-08-31 16:47:15.987005184,1.857973137973138
2023-08-31 16:47:15.992005376,1.847863247863248
2023-08-31 16:47:15.997005568,1.8355067155067155
2023-08-31 16:47:16.002005504,1.8343833943833945
2023-08-31 16:47:16.007005696,1.820903540903541
2023-08-31 16:47:16.012005888,1.8175335775335775
2023-08-31 16:47:16.017005824,1.8141636141636142
2023-08-31 16:47:16.022006016,1.8152869352869352
2023-08-31 16:47:16.027006208,1.8164102564102564
2023-08-31 16:47:16.032006144,1.8152869352869352
2023-08-31 16:47:16.037006336,1.8152869352869352
2023-08-31 16:47:16.042006528,1.8175335775335775
2023-08-31 16:47:16.047006720,1.8085470085470086
2023-08-31 16:47:16.052006656,1.8096703296703296
2023-08-31 16:47:16.057006848,1.8074236874236875
2023-08-31 16:47:16.062007040,1.7961904761904761
2023-08-31 16:47:16.067006976,1.795067155067155
2023-08-31 16:47:16.072007168,1.7860805860805862
2023-08-31 16:47:16.077007360,1.7748473748473748
2023-08-31 16:47:16.082007296,1.7669841269841269
2023-08-31 16:47:16.087007488,1.7681074481074481
2023-08-31 16:47:16.092007680,1.7714774114774114
2023-08-31 16:47:16.097007872,1.7703540903540904
2023-08-31 16:47:16.102007808,1.7658608058608058
2023-08-31 16:47:16.107008000,1.7557509157509157
2023-08-31 16:47:16.112008192,1.7602442002442003
2023-08-31 16:47:16.117008128,1.756874236874237
2023-08-31 16:47:16.122008320,1.7602442002442003
2023-08-31 16:47:16.127008512,1.75013431013431
2023-08-31 16:47:16.132008448,1.738901098901099
2023-08-31 16:47:16.137008640,1.749010989010989
2023-08-31 16:47:16.142008832,1.75013431013431
2023-08-31 16:47:16.147008768,1.75013431013431
2023-08-31 16:47:16.152008960,1.738901098901099
2023-08-31 16:47:16.157009152,1.7321611721611723
2023-08-31 16:47:16.162009344,1.7366544566544566
2023-08-31 16:47:16.167009280,1.738901098901099
2023-08-31 16:47:16.172009472,1.7478876678876678
2023-08-31 16:47:16.177009664,1.749010989010989
2023-08-31 16:47:16.182009600,1.7467643467643468
2023-08-31 16:47:16.187009792,1.7321611721611723
2023-08-31 16:47:16.192009984,1.731037851037851
2023-08-31 16:47:16.197009920,1.7344078144078143
2023-08-31 16:47:16.202010112,1.7355311355311356
2023-08-31 16:47:16.207010304,1.7377777777777779
2023-08-31 16:47:16.212010496,1.7456410256410257
2023-08-31 16:47:16.217010432,1.7377777777777779
2023-08-31 16:47:16.222010624,1.7321611721611723
2023-08-31 16:47:16.227010816,1.7265445665445665
2023-08-31 16:47:16.232010752,1.731037851037851
2023-08-31 16:47:16.237010944,1.731037851037851
2023-08-31 16:47:16.242011136,1.756874236874237
2023-08-31 16:47:16.247011072,1.7512576312576313
2023-08-31 16:47:16.252011264,1.756874236874237
2023-08-31 16:47:16.257011456,1.72991452991453
2023-08-31 16:47:16.268000000,1.756874236874237
2023-08-31 16:47:16.272999936,1.7366544566544566
2023-08-31 16:47:16.278000128,1.7321611721611723
2023-08-31 16:47:16.283000320,1.7276678876678877
2023-08-31 16:47:16.288000256,1.7546275946275947
2023-08-31 16:47:16.293000448,1.7276678876678877
2023-08-31 16:47:16.298000640,1.7546275946275947
2023-08-31 16:47:16.303000576,1.7276678876678877
2023-08-31 16:47:16.308000768,1.7332844932844933
2023-08-31 16:47:16.313000960,1.731037851037851
2023-08-31 16:47:16.318001152,1.72991452991453
2023-08-31 16:47:16.323001088,1.756874236874237
2023-08-31 16:47:16.328001280,1.7512576312576313
2023-08-31 16:47:16.333001472,1.749010989010989
2023-08-31 16:47:16.338001408,1.7467643467643468
2023-08-31 16:47:16.343001600,1.7467643467643468
2023-08-31 16:47:16.348001792,1.7546275946275947
2023-08-31 16:47:16.353001728,1.7478876678876678
2023-08-31 16:47:16.358001920,1.7411477411477412
2023-08-31 16:47:16.363002112,1.75013431013431
2023-08-31 16:47:16.368002304,1.75013431013431
2023-08-31 16:47:16.373002240,1.7265445665445665
2023-08-31 16:47:16.378002432,1.749010989010989
2023-08-31 16:47:16.383002624,1.7456410256410257
2023-08-31 16:47:16.388002560,1.7411477411477412
2023-08-31 16:47:16.393002752,1.7355311355311356
2023-08-31 16:47:16.398002944,1.7422710622710622
2023-08-31 16:47:16.403002880,1.749010989010989
2023-08-31 16:47:16.408003072,1.7512576312576313
2023-08-31 16:47:16.413003264,1.7422710622710622
2023-08-31 16:47:16.418003200,1.7377777777777779
2023-08-31 16:47:16.423003392,1.7422710622710622
2023-08-31 16:47:16.428003584,1.7344078144078143
2023-08-31 16:47:16.433003776,1.7355311355311356
2023-08-31 16:47:16.438003712,1.7377777777777779
2023-08-31 16:47:16.443003904,1.7355311355311356
2023-08-31 16:47:16.448004096,1.7355311355311356
2023-08-31 16:47:16.453004032,1.7433943833943835
2023-08-31 16:47:16.458004224,1.7433943833943835
2023-08-31 16:47:16.463004416,1.7321611721611723
2023-08-31 16:47:16.468004352,1.7287912087912087
2023-08-31 16:47:16.473004544,1.7321611721611723
2023-08-31 16:47:16.478004736,1.7366544566544566
2023-08-31 16:47:16.483004928,1.7433943833943835
2023-08-31 16:47:16.488004864,1.7478876678876678
2023-08-31 16:47:16.493005056,1.7467643467643468
2023-08-31 16:47:16.498005248,1.7523809523809524
2023-08-31 16:47:16.503005184,1.75013431013431
2023-08-31 16:47:16.508005376,1.7478876678876678
2023-08-31 16:47:16.513005568,1.7422710622710622
2023-08-31 16:47:16.518005504,1.7422710622710622
2023-08-31 16:47:16.523005696,1.7344078144078143
2023-08-31 16:47:16.528005888,1.7467643467643468
2023-08-31 16:47:16.533006080,1.7512576312576313
2023-08-31 16:47:16.538006016,1.7535042735042734
2023-08-31 16:47:16.543006208,1.7557509157509157
2023-08-31 16:47:16.548006400,1.7411477411477412
2023-08-31 16:47:16.553006336,1.7422710622710622
2023-08-31 16:47:16.558006528,1.7523809523809524
2023-08-31 16:47:16.563006720,1.75013431013431
2023-08-31 16:47:16.568006656,1.7523809523809524
2023-08-31 16:47:16.573006848,1.757997557997558
2023-08-31 16:47:16.578007040,1.7535042735042734
2023-08-31 16:47:16.583006976,1.7546275946275947
2023-08-31 16:47:16.588007168,1.7456410256410257
2023-08-31 16:47:16.593007360,1.7422710622710622
2023-08-31 16:47:16.598007552,1.7467643467643468
2023-08-31 16:47:16.603007488,1.7456410256410257
2023-08-31 16:47:16.608007680,1.7433943833943835
2023-08-31 16:47:16.613007872,1.7411477411477412
2023-08-31 16:47:16.618007808,1.7512576312576313
2023-08-31 16:47:16.623008000,1.757997557997558
2023-08-31 16:47:16.628008192,1.756874236874237
2023-08-31 16:47:16.633008128,1.756874236874237
2023-08-31 16:47:16.638008320,1.756874236874237
2023-08-31 16:47:16.643008512,1.757997557997558
2023-08-31 16:47:16.648008704,1.7557509157509157
2023-08-31 16:47:16.653008640,1.7265445665445665
2023-08-31 16:47:16.658008832,1.7692307692307692
2023-08-31 16:47:16.663009024,1.9175091575091574
2023-08-31 16:47:16.668008960,2.0174847374847373
2023-08-31 16:47:16.673009152,1.9186324786324787
2023-08-31 16:47:16.678009344,1.7602442002442003
2023-08-31 16:47:16.683009280,1.6535286935286935
2023-08-31 16:47:16.688009472,1.4468376068376068
2023-08-31 16:47:16.693009664,1.1828571428571428
2023-08-31 16:47:16.698009856,0.9907692307692307
2023-08-31 16:47:16.703009792,0.8402442002442002
2023-08-31 16:47:16.708009984,0.7784615384615384
2023-08-31 16:47:16.713010176,0.8907936507936508
2023-08-31 16:47:16.718010112,0.9896459096459096
2023-08-31 16:47:16.723010304,1.1514041514041513
2023-08-31 16:47:16.728010496,1.3637118437118436
2023-08-31 16:47:16.733010432,1.520976800976801
2023-08-31 16:47:16.738010624,1.656898656898657
2023-08-31 16:47:16.743010816,1.7456410256410257
2023-08-31 16:47:16.748010752,1.7411477411477412
2023-08-31 16:47:16.753010944,1.7726007326007327
2023-08-31 16:47:16.758011136,1.7793406593406593
2023-08-31 16:47:16.763011328,1.7804639804639804
2023-08-31 16:47:16.773999872,1.7984371184371184
2023-08-31 16:47:16.779000064,1.7984371184371184
2023-08-31 16:47:16.784000256,1.8063003663003663
2023-08-31 16:47:16.789000192,1.8063003663003663
2023-08-31 16:47:16.794000384,1.7984371184371184
2023-08-31 16:47:16.799000576,1.7905738705738705
2023-08-31 16:47:16.804000512,1.7703540903540904
2023-08-31 16:47:16.809000704,1.7467643467643468
2023-08-31 16:47:16.814000896,1.7254212454212454
2023-08-31 16:47:16.819000832,1.7287912087912087
2023-08-31 16:47:16.824001024,1.7085714285714286
2023-08-31 16:47:16.829001216,1.6804884004884004
2023-08-31 16:47:16.834001408,1.6366788766788767
2023-08-31 16:47:16.839001344,1.5894993894993894
2023-08-31 16:47:16.844001536,1.5602930402930404
2023-08-31 16:47:16.849001728,1.5254700854700856
2023-08-31 16:47:16.854001664,1.5232234432234433
2023-08-31 16:47:16.859001856,1.5456898656898657
2023-08-31 16:47:16.864002048,1.5838827838827838
2023-08-31 16:47:16.869001984,1.620952380952381
2023-08-31 16:47:16.874002176,1.6625152625152626
2023-08-31 16:47:16.879002368,1.7231746031746031
2023-08-31 16:47:16.884002560,1.7613675213675213
2023-08-31 16:47:16.889002496,1.8119169719169719
2023-08-31 16:47:16.894002688,1.8377533577533578
2023-08-31 16:47:16.899002880,1.847863247863248
2023-08-31 16:47:16.904002816,1.8366300366300365
2023-08-31 16:47:16.909003008,1.8355067155067155
2023-08-31 16:47:16.914003200,1.8332600732600732
2023-08-31 16:47:16.919003136,1.8355067155067155
2023-08-31 16:47:16.924003328,1.8366300366300365
2023-08-31 16:47:16.929003520,1.8276434676434676
2023-08-31 16:47:16.934003712,1.8119169719169719
2023-08-31 16:47:16.939003648,1.8006837606837607
2023-08-31 16:47:16.944003840,1.7894505494505495
2023-08-31 16:47:16.949004032,1.7827106227106226
2023-08-31 16:47:16.954003968,1.7883272283272282
2023-08-31 16:47:16.959004160,1.777094017094017
2023-08-31 16:47:16.964004352,1.7793406593406593
2023-08-31 16:47:16.969004288,1.7669841269841269
2023-08-31 16:47:16.974004480,1.7793406593406593
2023-08-31 16:47:16.979004672,1.7827106227106226
2023-08-31 16:47:16.984004608,1.777094017094017
2023-08-31 16:47:16.989004800,1.7793406593406593
2023-08-31 16:47:16.994004992,1.7827106227106226
2023-08-31 16:47:16.999005184,1.795067155067155
2023-08-31 16:47:17.004005120,1.795067155067155
2023-08-31 16:47:17.009005312,1.8063003663003663
2023-08-31 16:47:17.014005504,1.8119169719169719
2023-08-31 16:47:17.019005440,1.820903540903541
2023-08-31 16:47:17.024005632,1.8332600732600732
2023-08-31 16:47:17.029005824,1.848986568986569
2023-08-31 16:47:17.034005760,1.8590964590964592
2023-08-31 16:47:17.039005952,1.8736996336996337
2023-08-31 16:47:17.044006144,1.8793162393162393
2023-08-31 16:47:17.049006336,1.8961660561660563
2023-08-31 16:47:17.054006272,1.9017826617826619
2023-08-31 16:47:17.059006464,1.9175091575091574
2023-08-31 16:47:17.064006656,1.9298656898656898
2023-08-31 16:47:17.069006592,1.9343589743589744
2023-08-31 16:47:17.074006784,1.9444688644688646
2023-08-31 16:47:17.079006976,1.9512087912087912
2023-08-31 16:47:17.084006912,1.957948717948718
2023-08-31 16:47:17.089007104,1.9568253968253968
2023-08-31 16:47:17.094007296,1.9613186813186814
2023-08-31 16:47:17.099007488,1.9523321123321122
2023-08-31 16:47:17.104007424,1.9545787545787545
2023-08-31 16:47:17.109007616,1.9635653235653237
2023-08-31 16:47:17.114007808,1.9523321123321122
2023-08-31 16:47:17.119007744,1.948962148962149
2023-08-31 16:47:17.124007936,1.93997557997558
2023-08-31 16:47:17.129008128,1.948962148962149
2023-08-31 16:47:17.134008064,1.9422222222222223
2023-08-31 16:47:17.139008256,1.9388522588522588
2023-08-31 16:47:17.144008448,1.93997557997558
2023-08-31 16:47:17.149008640,1.9309890109890109
2023-08-31 16:47:17.154008576,1.9298656898656898
2023-08-31 16:47:17.159008768,1.922002442002442
2023-08-31 16:47:17.164008960,1.914139194139194
2023-08-31 16:47:17.169008896,1.9017826617826619
2023-08-31 16:47:17.174009088,1.8995360195360196
2023-08-31 16:47:17.179009280,1.8894261294261294
2023-08-31 16:47:17.184009216,1.8781929181929182
2023-08-31 16:47:17.189009408,1.8725763125763126
2023-08-31 16:47:17.194009600,1.874822954822955
2023-08-31 16:47:17.199009536,1.8613431013431014
2023-08-31 16:47:17.204009728,1.8624664224664225
2023-08-31 16:47:17.209009920,1.8568498168498169
2023-08-31 16:47:17.214010112,1.8635897435897435
2023-08-31 16:47:17.219010048,1.8534798534798536
2023-08-31 16:47:17.224010240,1.8467399267399267
2023-08-31 16:47:17.229010432,1.848986568986569
2023-08-31 16:47:17.234010368,1.848986568986569
2023-08-31 16:47:17.239010560,1.84
2023-08-31 16:47:17.244010752,1.8467399267399267
2023-08-31 16:47:17.249010688,1.847863247863248
2023-08-31 16:47:17.254010880,1.841123321123321
2023-08-31 16:47:17.259011072,1.8377533577533578
2023-08-31 16:47:17.264011264,1.84
2023-08-31 16:47:17.269011200,1.8321367521367522
2023-08-31 16:47:17.280999936,1.8130402930402931
2023-08-31 16:47:17.286000128,1.823150183150183
2023-08-31 16:47:17.291000064,1.8152869352869352
2023-08-31 16:47:17.296000256,1.8186568986568987
2023-08-31 16:47:17.301000448,1.8063003663003663
2023-08-31 16:47:17.306000384,1.8006837606837607
2023-08-31 16:47:17.311000576,1.7995604395604397
2023-08-31 16:47:17.316000768,1.802930402930403
2023-08-31 16:47:17.321000704,1.7995604395604397
2023-08-31 16:47:17.326000896,1.7961904761904761
2023-08-31 16:47:17.331001088,1.7928205128205128
2023-08-31 16:47:17.336001280,1.7916971916971918
2023-08-31 16:47:17.341001216,1.795067155067155
2023-08-31 16:47:17.346001408,1.7883272283272282
2023-08-31 16:47:17.351001600,1.777094017094017
2023-08-31 16:47:17.356001536,1.777094017094017
2023-08-31 16:47:17.361001728,1.7748473748473748
2023-08-31 16:47:17.366001920,1.775970695970696
2023-08-31 16:47:17.371001856,1.7748473748473748
2023-08-31 16:47:17.376002048,1.7737240537240537
2023-08-31 16:47:17.381002240,1.7748473748473748
2023-08-31 16:47:17.386002176,1.7782173382173383
2023-08-31 16:47:17.391002368,1.7793406593406593
2023-08-31 16:47:17.396002560,1.775970695970696
2023-08-31 16:47:17.401002752,1.7804639804639804
2023-08-31 16:47:17.406002688,1.7827106227106226
2023-08-31 16:47:17.411002880,1.7883272283272282
2023-08-31 16:47:17.416003072,1.7815873015873016
2023-08-31 16:47:17.421003008,1.775970695970696
2023-08-31 16:47:17.426003200,1.7804639804639804
2023-08-31 16:47:17.431003392,1.7883272283272282
2023-08-31 16:47:17.436003328,1.7827106227106226
2023-08-31 16:47:17.441003520,1.7872039072039072
2023-08-31 16:47:17.446003712,1.7827106227106226
2023-08-31 16:47:17.451003904,1.7804639804639804
2023-08-31 16:47:17.456003840,1.7793406593406593
2023-08-31 16:47:17.461004032,1.777094017094017
2023-08-31 16:47:17.466004224,1.7726007326007327
2023-08-31 16:47:17.471004160,1.7714774114774114
2023-08-31 16:47:17.476004352,1.7681074481074481
2023-08-31 16:47:17.481004544,1.7546275946275947
2023-08-31 16:47:17.486004480,1.7624908424908425
2023-08-31 16:47:17.491004672,1.7624908424908425
2023-08-31 16:47:17.496004864,1.7557509157509157
2023-08-31 16:47:17.501005056,1.7613675213675213
2023-08-31 16:47:17.506004992,1.756874236874237
2023-08-31 16:47:17.511005184,1.757997557997558
2023-08-31 16:47:17.516005376,1.757997557997558
2023-08-31 16:47:17.521005312,1.756874236874237
2023-08-31 16:47:17.526005504,1.75013431013431
2023-08-31 16:47:17.531005696,1.749010989010989
2023-08-31 16:47:17.536005632,1.7467643467643468
2023-08-31 16:47:17.541005824,1.749010989010989
2023-08-31 16:47:17.546006016,1.7344078144078143
2023-08-31 16:47:17.551005952,1.7366544566544566
2023-08-31 16:47:17.556006144,1.7456410256410257
2023-08-31 16:47:17.561006336,1.75013431013431
2023-08-31 16:47:17.566006528,1.7456410256410257
2023-08-31 16:47:17.571006464,1.7456410256410257
2023-08-31 16:47:17.576006656,1.7366544566544566
2023-08-31 16:47:17.581006848,1.7355311355311356
2023-08-31 16:47:17.586006784,1.7377777777777779
2023-08-31 16:47:17.591006976,1.74002442002442
2023-08-31 16:47:17.596007168,1.7456410256410257
2023-08-31 16:47:17.601007104,1.72991452991453
2023-08-31 16:47:17.606007296,1.7332844932844933
2023-08-31 16:47:17.611007488,1.7467643467643468
2023-08-31 16:47:17.616007680,1.75013431013431
2023-08-31 16:47:17.621007616,1.7478876678876678
2023-08-31 16:47:17.626007808,1.7411477411477412
2023-08-31 16:47:17.631008000,1.7366544566544566
2023-08-31 16:47:17.636007936,1.7276678876678877
2023-08-31 16:47:17.641008128,1.7276678876678877
2023-08-31 16:47:17.646008320,1.731037851037851
2023-08-31 16:47:17.651008256,1.7276678876678877
2023-08-31 16:47:17.656008448,1.7287912087912087
2023-08-31 16:47:17.661008640,1.7366544566544566
2023-08-31 16:47:17.666008832,1.7411477411477412
2023-08-31 16:47:17.671008768,1.72991452991453
2023-08-31 16:47:17.676008960,1.7355311355311356
2023-08-31 16:47:17.681009152,1.7366544566544566
2023-08-31 16:47:17.686009088,1.738901098901099
2023-08-31 16:47:17.691009280,1.738901098901099
2023-08-31 16:47:17.696009472,1.7344078144078143
2023-08-31 16:47:17.701009408,1.7321611721611723
2023-08-31 16:47:17.706009600,1.7546275946275947
2023-08-31 16:47:17.711009792,1.7276678876678877
2023-08-31 16:47:17.716009728,1.7276678876678877
2023-08-31 16:47:17.721009920,1.7321611721611723
2023-08-31 16:47:17.726010112,1.7355311355311356
2023-08-31 16:47:17.731010304,1.7344078144078143
2023-08-31 16:47:17.736010240,1.731037851037851
2023-08-31 16:47:17.741010432,1.7265445665445665
2023-08-31 16:47:17.746010624,1.7321611721611723
2023-08-31 16:47:17.751010560,1.7366544566544566
2023-08-31 16:47:17.756010752,1.7332844932844933
2023-08-31 16:47:17.761010944,1.7366544566544566
2023-08-31 16:47:17.766010880,1.7512576312576313
2023-08-31 16:47:17.771011072,1.831013431013431
2023-08-31 16:47:17.776011264,2.0129914529914528
2023-08-31 16:47:17.787000064,2.002881562881563
2023-08-31 16:47:17.792000000,1.8377533577533578
2023-08-31 16:47:17.797000192,1.7321611721611723
2023-08-31 16:47:17.802000384,1.5333333333333334
2023-08-31 16:47:17.807000320,1.2940659340659342
2023-08-31 16:47:17.812000512,1.0694017094017094
2023-08-31 16:47:17.817000704,0.8829304029304029
2023-08-31 16:47:17.822000640,0.7728449328449328
2023-08-31 16:47:17.827000832,0.8065445665445665
2023-08-31 16:47:17.832001024,0.9076434676434676
2023-08-31 16:47:17.837000960,1.057045177045177
2023-08-31 16:47:17.842001152,1.2244200244200245
2023-08-31 16:47:17.847001344,1.404151404151404
2023-08-31 16:47:17.852001536,1.5243467643467643
2023-08-31 16:47:17.857001472,1.6422954822954823
2023-08-31 16:47:17.862001664,1.684981684981685
2023-08-31 16:47:17.867001856,1.710818070818071
2023-08-31 16:47:17.872001792,1.7085714285714286
2023-08-31 16:47:17.877001984,1.6827350427350427
2023-08-31 16:47:17.882002176,1.6827350427350427
2023-08-31 16:47:17.887002112,1.7231746031746031
2023-08-31 16:47:17.892002304,1.7557509157509157
2023-08-31 16:47:17.897002496,1.8018070818070817
2023-08-31 16:47:17.902002688,1.8287667887667887
2023-08-31 16:47:17.907002624,1.823150183150183
2023-08-31 16:47:17.912002816,1.8388766788766788
2023-08-31 16:47:17.917003008,1.820903540903541
2023-08-31 16:47:17.922002944,1.847863247863248
2023-08-31 16:47:17.927003136,1.8624664224664225
2023-08-31 16:47:17.932003328,1.8546031746031746
2023-08-31 16:47:17.937003264,1.8332600732600732
2023-08-31 16:47:17.942003456,1.8141636141636142
2023-08-31 16:47:17.947003648,1.802930402930403
2023-08-31 16:47:17.952003840,1.8119169719169719
2023-08-31 16:47:17.957003776,1.8107936507936508
2023-08-31 16:47:17.962003968,1.8006837606837607
2023-08-31 16:47:17.967004160,1.8018070818070817
2023-08-31 16:47:17.972004096,1.8063003663003663
2023-08-31 16:47:17.977004288,1.8063003663003663
2023-08-31 16:47:17.982004480,1.8018070818070817
2023-08-31 16:47:17.987004416,1.795067155067155
2023-08-31 16:47:17.992004608,1.7883272283272282
2023-08-31 16:47:17.997004800,1.7748473748473748
2023-08-31 16:47:18.002004736,1.7681074481074481
2023-08-31 16:47:18.007004928,1.7624908424908425
2023-08-31 16:47:18.012005120,1.7591208791208792
2023-08-31 16:47:18.017005312,1.756874236874237
2023-08-31 16:47:18.022005248,1.7366544566544566
2023-08-31 16:47:18.027005440,1.731037851037851
2023-08-31 16:47:18.032005632,1.757997557997558
2023-08-31 16:47:18.037005568,1.7523809523809524
2023-08-31 16:47:18.042005760,1.7366544566544566
2023-08-31 16:47:18.047005952,1.7254212454212454
2023-08-31 16:47:18.052005888,1.704078144078144
2023-08-31 16:47:18.057006080,1.686105006105006
2023-08-31 16:47:18.062006272,1.6804884004884004
2023-08-31 16:47:18.067006464,1.6737484737484738
2023-08-31 16:47:18.072006400,1.675995115995116
2023-08-31 16:47:18.077006592,1.6726251526251525
2023-08-31 16:47:18.082006784,1.6827350427350427
2023-08-31 16:47:18.087006720,1.6872283272283273
2023-08-31 16:47:18.092006912,1.686105006105006
2023-08-31 16:47:18.097007104,1.6928449328449329
2023-08-31 16:47:18.102007040,1.705201465201465
2023-08-31 16:47:18.107007232,1.711941391941392
2023-08-31 16:47:18.112007424,1.7321611721611723
2023-08-31 16:47:18.117007616,1.7535042735042734
2023-08-31 16:47:18.122007552,1.7546275946275947
2023-08-31 16:47:18.127007744,1.7377777777777779
2023-08-31 16:47:18.132007936,1.756874236874237
2023-08-31 16:47:18.137007872,1.7782173382173383
2023-08-31 16:47:18.142008064,1.7939438339438338
2023-08-31 16:47:18.147008256,1.8063003663003663
2023-08-31 16:47:18.152008192,1.8186568986568987
2023-08-31 16:47:18.157008384,1.8433699633699634
2023-08-31 16:47:18.162008576,1.8613431013431014
2023-08-31 16:47:18.167008512,1.8815628815628815
2023-08-31 16:47:18.172008704,1.8894261294261294
2023-08-31 16:47:18.177008896,1.9085225885225885
2023-08-31 16:47:18.182009088,1.9197557997557997
2023-08-31 16:47:18.187009024,1.9287423687423688
2023-08-31 16:47:18.192009216,1.9422222222222223
2023-08-31 16:47:18.197009408,1.947838827838828
2023-08-31 16:47:18.202009344,1.9433455433455433
2023-08-31 16:47:18.207009536,1.9377289377289377
2023-08-31 16:47:18.212009728,1.9523321123321122
2023-08-31 16:47:18.217009664,1.93997557997558
2023-08-31 16:47:18.222009856,1.9332356532356532
2023-08-31 16:47:18.227010048,1.9343589743589744
2023-08-31 16:47:18.232010240,1.9332356532356532
2023-08-31 16:47:18.237010176,1.9242490842490843
2023-08-31 16:47:18.242010368,1.9197557997557997
2023-08-31 16:47:18.247010560,1.913015873015873
2023-08-31 16:47:18.252010496,1.902905982905983
2023-08-31 16:47:18.257010688,1.9017826617826619
2023-08-31 16:47:18.262010880,1.8984126984126983
2023-08-31 16:47:18.267010816,1.8905494505494504
2023-08-31 16:47:18.272011008,1.8815628815628815
2023-08-31 16:47:18.277011200,1.8815628815628815
2023-08-31 16:47:18.282011392,1.8781929181929182
2023-08-31 16:47:18.293999872,1.893919413919414
2023-08-31 16:47:18.299000064,1.8905494505494504
2023-08-31 16:47:18.304000256,1.8838095238095238
2023-08-31 16:47:18.309000192,1.877069597069597
2023-08-31 16:47:18.314000384,1.8635897435897435
2023-08-31 16:47:18.319000576,1.8613431013431014
2023-08-31 16:47:18.324000512,1.8692063492063493
2023-08-31 16:47:18.329000704,1.8568498168498169
2023-08-31 16:47:18.334000896,1.8635897435897435
2023-08-31 16:47:18.339000832,1.8546031746031746
2023-08-31 16:47:18.344001024,1.8635897435897435
2023-08-31 16:47:18.349001216,1.857973137973138
2023-08-31 16:47:18.354001408,1.8546031746031746
2023-08-31 16:47:18.359001344,1.8568498168498169
2023-08-31 16:47:18.364001536,1.8602197802197802
2023-08-31 16:47:18.369001728,1.8523565323565323
2023-08-31 16:47:18.374001664,1.8546031746031746
2023-08-31 16:47:18.379001856,1.8602197802197802
2023-08-31 16:47:18.384002048,1.8546031746031746
2023-08-31 16:47:18.389001984,1.8557264957264956
2023-08-31 16:47:18.394002176,1.857973137973138
2023-08-31 16:47:18.399002368,1.848986568986569
2023-08-31 16:47:18.404002304,1.8388766788766788
2023-08-31 16:47:18.409002496,1.8343833943833945
2023-08-31 16:47:18.414002688,1.8332600732600732
2023-08-31 16:47:18.419002880,1.8321367521367522
2023-08-31 16:47:18.424002816,1.831013431013431
2023-08-31 16:47:18.429003008,1.8321367521367522
2023-08-31 16:47:18.434003200,1.8433699633699634
2023-08-31 16:47:18.439003136,1.8343833943833945
2023-08-31 16:47:18.444003328,1.8377533577533578
2023-08-31 16:47:18.449003520,1.8366300366300365
2023-08-31 16:47:18.454003456,1.8366300366300365
2023-08-31 16:47:18.459003648,1.82989010989011
2023-08-31 16:47:18.464003840,1.831013431013431
2023-08-31 16:47:18.469004032,1.8287667887667887
2023-08-31 16:47:18.474003968,1.822026862026862
2023-08-31 16:47:18.479004160,1.8276434676434676
2023-08-31 16:47:18.484004352,1.820903540903541
2023-08-31 16:47:18.489004288,1.822026862026862
2023-08-31 16:47:18.494004480,1.822026862026862
2023-08-31 16:47:18.499004672,1.823150183150183
2023-08-31 16:47:18.504004608,1.820903540903541
2023-08-31 16:47:18.509004800,1.820903540903541
2023-08-31 16:47:18.514004992,1.8186568986568987
2023-08-31 16:47:18.519005184,1.8175335775335775
2023-08-31 16:47:18.524005120,1.820903540903541
2023-08-31 16:47:18.529005312,1.8152869352869352
2023-08-31 16:47:18.534005504,1.8141636141636142
2023-08-31 16:47:18.539005440,1.8107936507936508
2023-08-31 16:47:18.544005632,1.7984371184371184
2023-08-31 16:47:18.549005824,1.7928205128205128
2023-08-31 16:47:18.554005760,1.7973137973137974
2023-08-31 16:47:18.559005952,1.7860805860805862
2023-08-31 16:47:18.564006144,1.7815873015873016
2023-08-31 16:47:18.569006080,1.7804639804639804
2023-08-31 16:47:18.574006272,1.7894505494505495
2023-08-31 16:47:18.579006464,1.7815873015873016
2023-08-31 16:47:18.584006656,1.7804639804639804
2023-08-31 16:47:18.589006592,1.7737240537240537
2023-08-31 16:47:18.594006784,1.7703540903540904
2023-08-31 16:47:18.599006976,1.7658608058608058
2023-08-31 16:47:18.604006912,1.7613675213675213
2023-08-31 16:47:18.609007104,1.7681074481074481
2023-08-31 16:47:18.614007296,1.7658608058608058
2023-08-31 16:47:18.619007232,1.7624908424908425
2023-08-31 16:47:18.624007424,1.7591208791208792
2023-08-31 16:47:18.629007616,1.7557509157509157
2023-08-31 16:47:18.634007808,1.756874236874237
2023-08-31 16:47:18.639007744,1.7591208791208792
2023-08-31 16:47:18.644007936,1.749010989010989
2023-08-31 16:47:18.649008128,1.7512576312576313
2023-08-31 16:47:18.654008064,1.7467643467643468
2023-08-31 16:47:18.659008256,1.7478876678876678
2023-08-31 16:47:18.664008448,1.7478876678876678
2023-08-31 16:47:18.669008384,1.7535042735042734
2023-08-31 16:47:18.674008576,1.749010989010989
2023-08-31 16:47:18.679008768,1.7535042735042734
2023-08-31 16:47:18.684008960,1.7456410256410257
2023-08-31 16:47:18.689008896,1.7512576312576313
2023-08-31 16:47:18.694009088,1.7467643467643468
2023-08-31 16:47:18.699009280,1.7523809523809524
2023-08-31 16:47:18.704009216,1.7523809523809524
2023-08-31 16:47:18.709009408,1.7456410256410257
2023-08-31 16:47:18.714009600,1.7478876678876678
2023-08-31 16:47:18.719009536,1.7512576312576313
2023-08-31 16:47:18.724009728,1.7546275946275947
2023-08-31 16:47:18.729009920,1.7613675213675213
2023-08-31 16:47:18.734009856,1.7512576312576313
2023-08-31 16:47:18.739010048,1.7478876678876678
2023-08-31 16:47:18.744010240,1.738901098901099
2023-08-31 16:47:18.749010432,1.749010989010989
2023-08-31 16:47:18.754010368,1.7512576312576313
2023-08-31 16:47:18.759010560,1.749010989010989
2023-08-31 16:47:18.764010752,1.7535042735042734
2023-08-31 16:47:18.769010688,1.7535042735042734
2023-08-31 16:47:18.774010880,1.757997557997558
2023-08-31 16:47:18.779011072,1.7512576312576313
2023-08-31 16:47:18.784011008,1.731037851037851
2023-08-31 16:47:18.789011200,1.7321611721611723
2023-08-31 16:47:18.800000000,1.6917216117216116
2023-08-31 16:47:18.805000192,1.6872283272283273
2023-08-31 16:47:18.810000128,1.6950915750915752
2023-08-31 16:47:18.815000320,1.6962148962148962
2023-08-31 16:47:18.820000512,1.686105006105006
2023-08-31 16:47:18.825000448,1.6703785103785105
2023-08-31 16:47:18.830000640,1.6804884004884004
2023-08-31 16:47:18.835000832,1.667008547008547
2023-08-31 16:47:18.840000768,1.665885225885226
2023-08-31 16:47:18.845000960,1.6872283272283273
2023-08-31 16:47:18.850001152,1.7456410256410257
2023-08-31 16:47:18.855001088,1.7714774114774114
2023-08-31 16:47:18.860001280,1.7916971916971918
2023-08-31 16:47:18.865001472,1.8186568986568987
2023-08-31 16:47:18.870001664,1.9096459096459097
2023-08-31 16:47:18.875001600,2.0624175824175826
2023-08-31 16:47:18.880001792,2.0455677655677658
2023-08-31 16:47:18.885001984,1.874822954822955
2023-08-31 16:47:18.890001920,1.7355311355311356
2023-08-31 16:47:18.895002112,1.4850305250305251
2023-08-31 16:47:18.900002304,1.2547496947496948
2023-08-31 16:47:18.905002240,1.0547985347985347
2023-08-31 16:47:18.910002432,0.8907936507936508
2023-08-31 16:47:18.915002624,0.8233943833943834
2023-08-31 16:47:18.920002816,0.8975335775335775
2023-08-31 16:47:18.925002752,1.076141636141636
2023-08-31 16:47:18.930002944,1.2188034188034187
2023-08-31 16:47:18.935003136,1.4580708180708182
2023-08-31 16:47:18.940003072,1.6029792429792429
2023-08-31 16:47:18.945003264,1.7276678876678877
2023-08-31 16:47:18.950003456,1.8186568986568987
2023-08-31 16:47:18.955003392,1.8433699633699634
2023-08-31 16:47:18.960003584,1.8422466422466421
2023-08-31 16:47:18.965003776,1.848986568986569
2023-08-31 16:47:18.970003968,1.8366300366300365
2023-08-31 16:47:18.975003904,1.8332600732600732
2023-08-31 16:47:18.980004096,1.8433699633699634
2023-08-31 16:47:18.985004288,1.8512332112332113
2023-08-31 16:47:18.990004224,1.8388766788766788
2023-08-31 16:47:18.995004416,1.8321367521367522
2023-08-31 16:47:19.000004608,1.8355067155067155
2023-08-31 16:47:19.005004544,1.8366300366300365
2023-08-31 16:47:19.010004736,1.822026862026862
2023-08-31 16:47:19.015004928,1.8085470085470086
2023-08-31 16:47:19.020004864,1.8107936507936508
2023-08-31 16:47:19.025005056,1.8141636141636142
2023-08-31 16:47:19.030005248,1.8175335775335775
2023-08-31 16:47:19.035005440,1.8130402930402931
2023-08-31 16:47:19.040005376,1.8063003663003663
2023-08-31 16:47:19.045005568,1.7872039072039072
2023-08-31 16:47:19.050005760,1.7815873015873016
2023-08-31 16:47:19.055005696,1.7928205128205128
2023-08-31 16:47:19.060005888,1.7916971916971918
2023-08-31 16:47:19.065006080,1.7815873015873016
2023-08-31 16:47:19.070006016,1.7714774114774114
2023-08-31 16:47:19.075006208,1.7726007326007327
2023-08-31 16:47:19.080006400,1.7692307692307692
2023-08-31 16:47:19.085006592,1.7512576312576313
2023-08-31 16:47:19.090006528,1.749010989010989
2023-08-31 16:47:19.095006720,1.7478876678876678
2023-08-31 16:47:19.100006912,1.75013431013431
2023-08-31 16:47:19.105006848,1.7422710622710622
2023-08-31 16:47:19.110007040,1.7332844932844933
2023-08-31 16:47:19.115007232,1.7456410256410257
2023-08-31 16:47:19.120007168,1.7411477411477412
2023-08-31 16:47:19.125007360,1.738901098901099
2023-08-31 16:47:19.130007552,1.7546275946275947
2023-08-31 16:47:19.135007744,1.7411477411477412
2023-08-31 16:47:19.140007680,1.731037851037851
2023-08-31 16:47:19.145007872,1.731037851037851
2023-08-31 16:47:19.150008064,1.7209279609279609
2023-08-31 16:47:19.155008000,1.704078144078144
2023-08-31 16:47:19.160008192,1.6872283272283273
2023-08-31 16:47:19.165008384,1.6872283272283273
2023-08-31 16:47:19.170008320,1.6905982905982906
2023-08-31 16:47:19.175008512,1.6894749694749696
2023-08-31 16:47:19.180008704,1.6872283272283273
2023-08-31 16:47:19.185008640,1.677118437118437
2023-08-31 16:47:19.190008832,1.677118437118437
2023-08-31 16:47:19.195009024,1.6804884004884004
2023-08-31 16:47:19.200009216,1.6905982905982906
2023-08-31 16:47:19.205009152,1.693968253968254
2023-08-31 16:47:19.210009344,1.7063247863247863
2023-08-31 16:47:19.215009536,1.7231746031746031
2023-08-31 16:47:19.220009472,1.7478876678876678
2023-08-31 16:47:19.225009664,1.7478876678876678
2023-08-31 16:47:19.230009856,1.7344078144078143
2023-08-31 16:47:19.235009792,1.7535042735042734
2023-08-31 16:47:19.240009984,1.7793406593406593
2023-08-31 16:47:19.245010176,1.8018070818070817
2023-08-31 16:47:19.250010368,1.822026862026862
2023-08-31 16:47:19.255010304,1.82989010989011
2023-08-31 16:47:19.260010496,1.8377533577533578
2023-08-31 16:47:19.265010688,1.848986568986569
2023-08-31 16:47:19.270010624,1.8624664224664225
2023-08-31 16:47:19.275010816,1.8871794871794871
2023-08-31 16:47:19.280011008,1.8927960927960927
2023-08-31 16:47:19.285010944,1.9152625152625153
2023-08-31 16:47:19.290011136,1.913015873015873
2023-08-31 16:47:19.295011328,1.902905982905983
2023-08-31 16:47:19.306999808,1.9073992673992675
2023-08-31 16:47:19.312000000,1.913015873015873
2023-08-31 16:47:19.317000192,1.904029304029304
2023-08-31 16:47:19.322000384,1.9006593406593406
2023-08-31 16:47:19.327000320,1.9017826617826619
2023-08-31 16:47:19.332000512,1.902905982905983
2023-08-31 16:47:19.337000704,1.9017826617826619
2023-08-31 16:47:19.342000640,1.8984126984126983
2023-08-31 16:47:19.347000832,1.8894261294261294
2023-08-31 16:47:19.352001024,1.8916727716727717
2023-08-31 16:47:19.357000960,1.8815628815628815
2023-08-31 16:47:19.362001152,1.8714529914529914
2023-08-31 16:47:19.367001344,1.8725763125763126
2023-08-31 16:47:19.372001536,1.8736996336996337
2023-08-31 16:47:19.377001472,1.877069597069597
2023-08-31 16:47:19.382001664,1.866959706959707
2023-08-31 16:47:19.387001856,1.8692063492063493
2023-08-31 16:47:19.392001792,1.8624664224664225
2023-08-31 16:47:19.397001984,1.8714529914529914
2023-08-31 16:47:19.402002176,1.8602197802197802
2023-08-31 16:47:19.407002112,1.8523565323565323
2023-08-31 16:47:19.412002304,1.8467399267399267
2023-08-31 16:47:19.417002496,1.848986568986569
2023-08-31 16:47:19.422002432,1.8388766788766788
2023-08-31 16:47:19.427002624,1.8287667887667887
2023-08-31 16:47:19.432002816,1.82989010989011
2023-08-31 16:47:19.437003008,1.831013431013431
2023-08-31 16:47:19.442002944,1.822026862026862
2023-08-31 16:47:19.447003136,1.8130402930402931
2023-08-31 16:47:19.452003328,1.8085470085470086
2023-08-31 16:47:19.457003264,1.8175335775335775
2023-08-31 16:47:19.462003456,1.8164102564102564
2023-08-31 16:47:19.467003648,1.7961904761904761
2023-08-31 16:47:19.472003584,1.7973137973137974
2023-08-31 16:47:19.477003776,1.7961904761904761
2023-08-31 16:47:19.482003968,1.8063003663003663
2023-08-31 16:47:19.487004160,1.7916971916971918
2023-08-31 16:47:19.492004096,1.7928205128205128
2023-08-31 16:47:19.497004288,1.7939438339438338
2023-08-31 16:47:19.502004480,1.795067155067155
2023-08-31 16:47:19.507004416,1.7928205128205128
2023-08-31 16:47:19.512004608,1.7860805860805862
2023-08-31 16:47:19.517004800,1.7703540903540904
2023-08-31 16:47:19.522004736,1.7681074481074481
2023-08-31 16:47:19.527004928,1.7681074481074481
2023-08-31 16:47:19.532005120,1.7681074481074481
2023-08-31 16:47:19.537005312,1.7726007326007327
2023-08-31 16:47:19.542005248,1.7782173382173383
2023-08-31 16:47:19.547005440,1.7782173382173383
2023-08-31 16:47:19.552005632,1.7782173382173383
2023-08-31 16:47:19.557005568,1.7692307692307692
2023-08-31 16:47:19.562005760,1.7602442002442003
2023-08-31 16:47:19.567005952,1.7658608058608058
2023-08-31 16:47:19.572005888,1.7681074481074481
2023-08-31 16:47:19.577006080,1.7669841269841269
2023-08-31 16:47:19.582006272,1.7714774114774114
2023-08-31 16:47:19.587006208,1.7591208791208792
2023-08-31 16:47:19.592006400,1.7467643467643468
2023-08-31 16:47:19.597006592,1.7535042735042734
2023-08-31 16:47:19.602006784,1.7456410256410257
2023-08-31 16:47:19.607006720,1.7456410256410257
2023-08-31 16:47:19.612006912,1.749010989010989
2023-08-31 16:47:19.617007104,1.7523809523809524
2023-08-31 16:47:19.622007040,1.7535042735042734
2023-08-31 16:47:19.627007232,1.7557509157509157
2023-08-31 16:47:19.632007424,1.7467643467643468
2023-08-31 16:47:19.637007360,1.7332844932844933
2023-08-31 16:47:19.642007552,1.7344078144078143
2023-08-31 16:47:19.647007744,1.7377777777777779
2023-08-31 16:47:19.652007936,1.7411477411477412
2023-08-31 16:47:19.657007872,1.7467643467643468
2023-08-31 16:47:19.662008064,1.7478876678876678
2023-08-31 16:47:19.667008256,1.7478876678876678
2023-08-31 16:47:19.672008192,1.7332844932844933
2023-08-31 16:47:19.677008384,1.7175579975579975
2023-08-31 16:47:19.682008576,1.6827350427350427
2023-08-31 16:47:19.687008512,1.667008547008547
2023-08-31 16:47:19.692008704,1.6692551892551892
2023-08-31 16:47:19.697008896,1.6715018315018315
2023-08-31 16:47:19.702009088,1.6647619047619047
2023-08-31 16:47:19.707009024,1.6647619047619047
2023-08-31 16:47:19.712009216,1.6512820512820512
2023-08-31 16:47:19.717009408,1.6333089133089134
2023-08-31 16:47:19.722009344,1.631062271062271
2023-08-31 16:47:19.727009536,1.6557753357753358
2023-08-31 16:47:19.732009728,1.704078144078144
2023-08-31 16:47:19.737009664,1.7276678876678877
2023-08-31 16:47:19.742009856,1.7557509157509157
2023-08-31 16:47:19.747010048,1.7602442002442003
2023-08-31 16:47:19.752009984,1.757997557997558
2023-08-31 16:47:19.757010176,1.7726007326007327
2023-08-31 16:47:19.762010368,1.7905738705738705
2023-08-31 16:47:19.767010560,1.8006837606837607
2023-08-31 16:47:19.772010496,1.7815873015873016
2023-08-31 16:47:19.777010688,1.7624908424908425
2023-08-31 16:47:19.782010880,1.7478876678876678
2023-08-31 16:47:19.787010816,1.7478876678876678
2023-08-31 16:47:19.792011008,1.7422710622710622
2023-08-31 16:47:19.797011200,1.749010989010989
2023-08-31 16:47:19.802011136,1.75013431013431
2023-08-31 16:47:19.812999936,1.756874236874237
2023-08-31 16:47:19.818000128,1.756874236874237
2023-08-31 16:47:19.823000320,1.7613675213675213
2023-08-31 16:47:19.828000256,1.7613675213675213
2023-08-31 16:47:19.833000448,1.7535042735042734
2023-08-31 16:47:19.838000640,1.756874236874237
2023-08-31 16:47:19.843000576,1.7613675213675213
2023-08-31 16:47:19.848000768,1.7692307692307692
2023-08-31 16:47:19.853000960,1.777094017094017
2023-08-31 16:47:19.858000896,1.8467399267399267
2023-08-31 16:47:19.863001088,2.0163614163614163
2023-08-31 16:47:19.868001280,2.01973137973138
2023-08-31 16:47:19.873001216,1.8343833943833945
2023-08-31 16:47:19.878001408,1.7422710622710622
2023-08-31 16:47:19.883001600,1.5647863247863247
2023-08-31 16:47:19.888001792,1.3187789987789988
2023-08-31 16:47:19.893001728,1.1491575091575092
2023-08-31 16:47:19.898001920,1.0368253968253969
2023-08-31 16:47:19.903002112,0.9986324786324786
2023-08-31 16:47:19.908002048,1.0682783882783882
2023-08-31 16:47:19.913002240,1.167130647130647
2023-08-31 16:47:19.918002432,1.3041758241758241
2023-08-31 16:47:19.923002368,1.3648351648351649
2023-08-31 16:47:19.928002560,1.3491086691086691
2023-08-31 16:47:19.933002752,1.3468620268620268
2023-08-31 16:47:19.938002944,1.3738217338217338
2023-08-31 16:47:19.943002880,1.4198778998778998
2023-08-31 16:47:19.948003072,1.4547008547008546
2023-08-31 16:47:19.953003264,1.568156288156288
2023-08-31 16:47:19.958003200,1.6490354090354091
2023-08-31 16:47:19.963003392,1.7254212454212454
2023-08-31 16:47:19.968003584,1.7377777777777779
2023-08-31 16:47:19.973003520,1.7703540903540904
2023-08-31 16:47:19.978003712,1.7804639804639804
2023-08-31 16:47:19.983003904,1.7961904761904761
2023-08-31 16:47:19.988004096,1.8018070818070817
2023-08-31 16:47:19.993004032,1.8130402930402931
2023-08-31 16:47:19.998004224,1.8197802197802198
2023-08-31 16:47:20.003004416,1.8197802197802198
2023-08-31 16:47:20.008004352,1.820903540903541
2023-08-31 16:47:20.013004544,1.822026862026862
2023-08-31 16:47:20.018004736,1.8175335775335775
2023-08-31 16:47:20.023004672,1.822026862026862
2023-08-31 16:47:20.028004864,1.8107936507936508
2023-08-31 16:47:20.033005056,1.7939438339438338
2023-08-31 16:47:20.038004992,1.7782173382173383
2023-08-31 16:47:20.043005184,1.7714774114774114
2023-08-31 16:47:20.048005376,1.7467643467643468
2023-08-31 16:47:20.053005568,1.7287912087912087
2023-08-31 16:47:20.058005504,1.749010989010989
2023-08-31 16:47:20.063005696,1.7355311355311356
2023-08-31 16:47:20.068005888,1.7254212454212454
2023-08-31 16:47:20.073005824,1.7153113553113553
2023-08-31 16:47:20.078006016,1.7018315018315018
2023-08-31 16:47:20.083006208,1.677118437118437
2023-08-31 16:47:20.088006144,1.6625152625152626
2023-08-31 16:47:20.093006336,1.6344322344322344
2023-08-31 16:47:20.098006528,1.6254456654456655
2023-08-31 16:47:20.103006720,1.631062271062271
2023-08-31 16:47:20.108006656,1.6321855921855921
2023-08-31 16:47:20.113006848,1.64004884004884
2023-08-31 16:47:20.118007040,1.667008547008547
2023-08-31 16:47:20.123006976,1.710818070818071
2023-08-31 16:47:20.128007168,1.7422710622710622
2023-08-31 16:47:20.133007360,1.7782173382173383
2023-08-31 16:47:20.138007296,1.7883272283272282
2023-08-31 16:47:20.143007488,1.7928205128205128
2023-08-31 16:47:20.148007680,1.7995604395604397
2023-08-31 16:47:20.153007872,1.8164102564102564
2023-08-31 16:47:20.158007808,1.8186568986568987
2023-08-31 16:47:20.163008000,1.8287667887667887
2023-08-31 16:47:20.168008192,1.8635897435897435
2023-08-31 16:47:20.173008128,1.8916727716727717
2023-08-31 16:47:20.178008320,1.8916727716727717
2023-08-31 16:47:20.183008512,1.8871794871794871
2023-08-31 16:47:20.188008448,1.8905494505494504
2023-08-31 16:47:20.193008640,1.8927960927960927
2023-08-31 16:47:20.198008832,1.8781929181929182
2023-08-31 16:47:20.203008768,1.8826862026862028
2023-08-31 16:47:20.208008960,1.8984126984126983
2023-08-31 16:47:20.213009152,1.8995360195360196
2023-08-31 16:47:20.218009344,1.8972893772893773
2023-08-31 16:47:20.223009280,1.9152625152625153
2023-08-31 16:47:20.228009472,1.9118925518925518
2023-08-31 16:47:20.233009664,1.9096459096459097
2023-08-31 16:47:20.238009600,1.9096459096459097
2023-08-31 16:47:20.243009792,1.9006593406593406
2023-08-31 16:47:20.248009984,1.9073992673992675
2023-08-31 16:47:20.253009920,1.8972893772893773
2023-08-31 16:47:20.258010112,1.8905494505494504
2023-08-31 16:47:20.263010304,1.8984126984126983
2023-08-31 16:47:20.268010496,1.902905982905983
2023-08-31 16:47:20.273010432,1.9096459096459097
2023-08-31 16:47:20.278010624,1.913015873015873
2023-08-31 16:47:20.283010816,1.9197557997557997
2023-08-31 16:47:20.288010752,1.9321123321123321
2023-08-31 16:47:20.293010944,1.9433455433455433
2023-08-31 16:47:20.298011136,1.9343589743589744
2023-08-31 16:47:20.303011072,1.9242490842490843
2023-08-31 16:47:20.308011264,1.922002442002442
2023-08-31 16:47:20.320000000,1.9321123321123321
2023-08-31 16:47:20.324999936,1.9354822954822954
2023-08-31 16:47:20.330000128,1.9377289377289377
2023-08-31 16:47:20.335000320,1.922002442002442
2023-08-31 16:47:20.340000512,1.9276190476190476
2023-08-31 16:47:20.345000448,1.9747985347985348
2023-08-31 16:47:20.350000640,2.0444444444444443
2023-08-31 16:47:20.355000832,1.9792918192918192
2023-08-31 16:47:20.360000768,1.683858363858364
2023-08-31 16:47:20.365000960,1.455824175824176
2023-08-31 16:47:20.370001152,1.3131623931623932
2023-08-31 16:47:20.375001088,1.1727472527472527
2023-08-31 16:47:20.380001280,1.092991452991453
2023-08-31 16:47:20.385001472,0.9918925518925519
2023-08-31 16:47:20.390001408,1.0705250305250305
2023-08-31 16:47:20.395001600,1.3052991452991454
2023-08-31 16:47:20.400001792,1.4895238095238095
2023-08-31 16:47:20.405001984,1.611965811965812
2023-08-31 16:47:20.410001920,1.6085958485958487
2023-08-31 16:47:20.415002112,1.4839072039072039
2023-08-31 16:47:20.420002304,1.383931623931624
2023-08-31 16:47:20.425002240,1.292942612942613
2023-08-31 16:47:20.430002432,1.2828327228327228
2023-08-31 16:47:20.435002624,1.4187545787545788
2023-08-31 16:47:20.440002560,1.5243467643467643
2023-08-31 16:47:20.445002752,1.686105006105006
2023-08-31 16:47:20.450002944,1.7916971916971918
2023-08-31 16:47:20.455003136,1.8972893772893773
2023-08-31 16:47:20.460003072,1.941098901098901
2023-08-31 16:47:20.465003264,1.9500854700854702
2023-08-31 16:47:20.470003456,1.9523321123321122
2023-08-31 16:47:20.475003392,1.9500854700854702
2023-08-31 16:47:20.480003584,1.9557020757020758
2023-08-31 16:47:20.485003776,1.9433455433455433
2023-08-31 16:47:20.490003712,1.9433455433455433
2023-08-31 16:47:20.495003904,1.941098901098901
2023-08-31 16:47:20.500004096,1.9354822954822954
2023-08-31 16:47:20.505004288,1.9343589743589744
2023-08-31 16:47:20.510004224,1.913015873015873
2023-08-31 16:47:20.515004416,1.893919413919414
2023-08-31 16:47:20.520004608,1.868083028083028
2023-08-31 16:47:20.525004544,1.84
2023-08-31 16:47:20.530004736,1.8119169719169719
2023-08-31 16:47:20.535004928,1.8006837606837607
2023-08-31 16:47:20.540004864,1.7714774114774114
2023-08-31 16:47:20.545005056,1.75013431013431
2023-08-31 16:47:20.550005248,1.7557509157509157
2023-08-31 16:47:20.555005184,1.7355311355311356
2023-08-31 16:47:20.560005376,1.713064713064713
2023-08-31 16:47:20.565005568,1.677118437118437
2023-08-31 16:47:20.570005760,1.6445421245421246
2023-08-31 16:47:20.575005696,1.6333089133089134
2023-08-31 16:47:20.580005888,1.64004884004884
2023-08-31 16:47:20.585006080,1.6557753357753358
2023-08-31 16:47:20.590006016,1.6950915750915752
2023-08-31 16:47:20.595006208,1.7332844932844933
2023-08-31 16:47:20.600006400,1.7366544566544566
2023-08-31 16:47:20.605006336,1.7939438339438338
2023-08-31 16:47:20.610006528,1.820903540903541
2023-08-31 16:47:20.615006720,1.8355067155067155
2023-08-31 16:47:20.620006912,1.8557264957264956
2023-08-31 16:47:20.625006848,1.8692063492063493
2023-08-31 16:47:20.630007040,1.8905494505494504
2023-08-31 16:47:20.635007232,1.9073992673992675
2023-08-31 16:47:20.640007168,1.914139194139194
2023-08-31 16:47:20.645007360,1.9276190476190476
2023-08-31 16:47:20.650007552,1.9770451770451771
2023-08-31 16:47:20.655007488,1.993894993894994
2023-08-31 16:47:20.660007680,1.9927716727716727
2023-08-31 16:47:20.665007872,2.005128205128205
2023-08-31 16:47:20.670008064,2.0006349206349205
2023-08-31 16:47:20.675008000,2.0084981684981686
2023-08-31 16:47:20.680008192,2.01973137973138
2023-08-31 16:47:20.685008384,2.023101343101343
2023-08-31 16:47:20.690008320,2.030964590964591
2023-08-31 16:47:20.695008512,2.0242246642246644
2023-08-31 16:47:20.700008704,2.023101343101343
2023-08-31 16:47:20.705008640,2.0129914529914528
2023-08-31 16:47:20.710008832,2.005128205128205
2023-08-31 16:47:20.715009024,1.9927716727716727
2023-08-31 16:47:20.720009216,1.9815384615384615
2023-08-31 16:47:20.725009152,1.9725518925518926
2023-08-31 16:47:20.730009344,1.9624420024420024
2023-08-31 16:47:20.735009536,1.9646886446886447
2023-08-31 16:47:20.740009472,1.9601953601953601
2023-08-31 16:47:20.745009664,1.9601953601953601
2023-08-31 16:47:20.750009856,1.9635653235653237
2023-08-31 16:47:20.755009792,1.9646886446886447
2023-08-31 16:47:20.760009984,1.9500854700854702
2023-08-31 16:47:20.765010176,1.948962148962149
2023-08-31 16:47:20.770010112,1.9366056166056167
2023-08-31 16:47:20.775010304,1.9276190476190476
2023-08-31 16:47:20.780010496,1.9197557997557997
2023-08-31 16:47:20.785010688,1.9085225885225885
2023-08-31 16:47:20.790010624,1.8995360195360196
2023-08-31 16:47:20.795010816,1.8916727716727717
2023-08-31 16:47:20.800011008,1.8781929181929182
2023-08-31 16:47:20.805010944,1.877069597069597
2023-08-31 16:47:20.810011136,1.8714529914529914
2023-08-31 16:47:20.815011328,1.8546031746031746
2023-08-31 16:47:20.825999872,1.848986568986569
2023-08-31 16:47:20.831000064,1.8590964590964592
2023-08-31 16:47:20.836000256,1.8534798534798536
2023-08-31 16:47:20.841000192,1.8388766788766788
2023-08-31 16:47:20.846000384,1.8321367521367522
2023-08-31 16:47:20.851000576,1.8388766788766788
2023-08-31 16:47:20.856000768,1.841123321123321
2023-08-31 16:47:20.861000704,1.82989010989011
2023-08-31 16:47:20.866000896,1.823150183150183
2023-08-31 16:47:20.871001088,1.8321367521367522
2023-08-31 16:47:20.876001024,1.8388766788766788
2023-08-31 16:47:20.881001216,1.8332600732600732
2023-08-31 16:47:20.886001408,1.8276434676434676
2023-08-31 16:47:20.891001344,1.82989010989011
2023-08-31 16:47:20.896001536,1.8276434676434676
2023-08-31 16:47:20.901001728,1.8265201465201466
2023-08-31 16:47:20.906001920,1.831013431013431
2023-08-31 16:47:20.911001856,1.8287667887667887
2023-08-31 16:47:20.916002048,1.8265201465201466
2023-08-31 16:47:20.921002240,1.8164102564102564
2023-08-31 16:47:20.926002176,1.820903540903541
2023-08-31 16:47:20.931002368,1.822026862026862
2023-08-31 16:47:20.936002560,1.8175335775335775
2023-08-31 16:47:20.941002496,1.8175335775335775
2023-08-31 16:47:20.946002688,1.820903540903541
2023-08-31 16:47:20.951002880,1.8107936507936508
2023-08-31 16:47:20.956003072,1.8018070818070817
2023-08-31 16:47:20.961003008,1.8018070818070817
2023-08-31 16:47:20.966003200,1.8085470085470086
2023-08-31 16:47:20.971003392,1.8018070818070817
2023-08-31 16:47:20.976003328,1.7995604395604397
2023-08-31 16:47:20.981003520,1.7815873015873016
2023-08-31 16:47:20.986003712,1.7872039072039072
2023-08-31 16:47:20.991003648,1.7827106227106226
2023-08-31 16:47:20.996003840,1.7827106227106226
2023-08-31 16:47:21.001004032,1.7894505494505495
2023-08-31 16:47:21.006003968,1.775970695970696
2023-08-31 16:47:21.011004160,1.757997557997558
2023-08-31 16:47:21.016004352,1.756874236874237
2023-08-31 16:47:21.021004544,1.7591208791208792
2023-08-31 16:47:21.026004480,1.756874236874237
2023-08-31 16:47:21.031004672,1.7602442002442003
2023-08-31 16:47:21.036004864,1.7624908424908425
2023-08-31 16:47:21.041004800,1.7624908424908425
2023-08-31 16:47:21.046004992,1.757997557997558
2023-08-31 16:47:21.051005184,1.7512576312576313
2023-08-31 16:47:21.056005120,1.7456410256410257
2023-08-31 16:47:21.061005312,1.749010989010989
2023-08-31 16:47:21.066005504,1.7512576312576313
2023-08-31 16:47:21.071005696,1.7591208791208792
2023-08-31 16:47:21.076005632,1.7714774114774114
2023-08-31 16:47:21.081005824,1.7726007326007327
2023-08-31 16:47:21.086006016,1.7591208791208792
2023-08-31 16:47:21.091005952,1.7748473748473748
2023-08-31 16:47:21.096006144,1.8590964590964592
2023-08-31 16:47:21.101006336,2.0377045177045177
2023-08-31 16:47:21.106006272,2.005128205128205
2023-08-31 16:47:21.111006464,1.8197802197802198
2023-08-31 16:47:21.116006656,1.693968253968254
2023-08-31 16:47:21.121006848,1.503003663003663
2023-08-31 16:47:21.126006784,1.2772161172161172
2023-08-31 16:47:21.131006976,1.0649084249084249
2023-08-31 16:47:21.136007168,0.8795604395604396
2023-08-31 16:47:21.141007104,0.7863247863247863
2023-08-31 16:47:21.146007296,0.8503540903540904
2023-08-31 16:47:21.151007488,0.9806593406593407
2023-08-31 16:47:21.156007424,1.1412942612942614
2023-08-31 16:47:21.161007616,1.3165323565323566
2023-08-31 16:47:21.166007808,1.4636874236874238
2023-08-31 16:47:21.171007744,1.613089133089133
2023-08-31 16:47:21.176007936,1.711941391941392
2023-08-31 16:47:21.181008128,1.7535042735042734
2023-08-31 16:47:21.186008320,1.75013431013431
2023-08-31 16:47:21.191008256,1.7905738705738705
2023-08-31 16:47:21.196008448,1.7928205128205128
2023-08-31 16:47:21.201008640,1.7984371184371184
2023-08-31 16:47:21.206008576,1.802930402930403
2023-08-31 16:47:21.211008768,1.8107936507936508
2023-08-31 16:47:21.216008960,1.8096703296703296
2023-08-31 16:47:21.221008896,1.8074236874236875
2023-08-31 16:47:21.226009088,1.7984371184371184
2023-08-31 16:47:21.231009280,1.7905738705738705
2023-08-31 16:47:21.236009472,1.7737240537240537
2023-08-31 16:47:21.241009408,1.7512576312576313
2023-08-31 16:47:21.246009600,1.731037851037851
2023-08-31 16:47:21.251009792,1.7377777777777779
2023-08-31 16:47:21.256009728,1.7332844932844933
2023-08-31 16:47:21.261009920,1.711941391941392
2023-08-31 16:47:21.266010112,1.6827350427350427
2023-08-31 16:47:21.271010048,1.6625152625152626
2023-08-31 16:47:21.276010240,1.6535286935286935
2023-08-31 16:47:21.281010432,1.6276923076923078
2023-08-31 16:47:21.286010624,1.5906227106227107
2023-08-31 16:47:21.291010560,1.5614163614163614
2023-08-31 16:47:21.296010752,1.546813186813187
2023-08-31 16:47:21.301010944,1.5501831501831502
2023-08-31 16:47:21.306010880,1.5692796092796093
2023-08-31 16:47:21.311011072,1.6142124542124543
2023-08-31 16:47:21.316011264,1.6703785103785105
2023-08-31 16:47:21.321011200,1.7332844932844933
2023-08-31 16:47:21.332999936,1.72991452991453
2023-08-31 16:47:21.338000128,1.7411477411477412
2023-08-31 16:47:21.343000064,1.7557509157509157
2023-08-31 16:47:21.348000256,1.7782173382173383
2023-08-31 16:47:21.353000448,1.7961904761904761
2023-08-31 16:47:21.358000640,1.7916971916971918
2023-08-31 16:47:21.363000576,1.8186568986568987
2023-08-31 16:47:21.368000768,1.8388766788766788
2023-08-31 16:47:21.373000960,1.8422466422466421
2023-08-31 16:47:21.378000896,1.8388766788766788
2023-08-31 16:47:21.383001088,1.820903540903541
2023-08-31 16:47:21.388001280,1.8265201465201466
2023-08-31 16:47:21.393001216,1.8164102564102564
2023-08-31 16:47:21.398001408,1.8107936507936508
2023-08-31 16:47:21.403001600,1.8085470085470086
2023-08-31 16:47:21.408001536,1.8152869352869352
2023-08-31 16:47:21.413001728,1.820903540903541
2023-08-31 16:47:21.418001920,1.8164102564102564
2023-08-31 16:47:21.423002112,1.8175335775335775
2023-08-31 16:47:21.428002048,1.8130402930402931
2023-08-31 16:47:21.433002240,1.822026862026862
2023-08-31 16:47:21.438002432,1.8377533577533578
2023-08-31 16:47:21.443002368,1.84
2023-08-31 16:47:21.448002560,1.8332600732600732
2023-08-31 16:47:21.453002752,1.8366300366300365
2023-08-31 16:47:21.458002688,1.841123321123321
2023-08-31 16:47:21.463002880,1.8534798534798536
2023-08-31 16:47:21.468003072,1.866959706959707
2023-08-31 16:47:21.473003264,1.868083028083028
2023-08-31 16:47:21.478003200,1.8736996336996337
2023-08-31 16:47:21.483003392,1.893919413919414
2023-08-31 16:47:21.488003584,1.8995360195360196
2023-08-31 16:47:21.493003520,1.8905494505494504
2023-08-31 16:47:21.498003712,1.893919413919414
2023-08-31 16:47:21.503003904,1.9118925518925518
2023-08-31 16:47:21.508003840,1.913015873015873
2023-08-31 16:47:21.513004032,1.9186324786324787
2023-08-31 16:47:21.518004224,1.9197557997557997
2023-08-31 16:47:21.523004416,1.9152625152625153
2023-08-31 16:47:21.528004352,1.913015873015873
2023-08-31 16:47:21.533004544,1.9085225885225885
2023-08-31 16:47:21.538004736,1.8961660561660563
2023-08-31 16:47:21.543004672,1.895042735042735
2023-08-31 16:47:21.548004864,1.8927960927960927
2023-08-31 16:47:21.553005056,1.8961660561660563
2023-08-31 16:47:21.558004992,1.8916727716727717
2023-08-31 16:47:21.563005184,1.8838095238095238
2023-08-31 16:47:21.568005376,1.8815628815628815
2023-08-31 16:47:21.573005312,1.874822954822955
2023-08-31 16:47:21.578005504,1.8725763125763126
2023-08-31 16:47:21.583005696,1.8613431013431014
2023-08-31 16:47:21.588005888,1.8624664224664225
2023-08-31 16:47:21.593005824,1.8725763125763126
2023-08-31 16:47:21.598006016,1.8613431013431014
2023-08-31 16:47:21.603006208,1.8590964590964592
2023-08-31 16:47:21.608006144,1.857973137973138
2023-08-31 16:47:21.613006336,1.857973137973138
2023-08-31 16:47:21.618006528,1.857973137973138
2023-08-31 16:47:21.623006464,1.8523565323565323
2023-08-31 16:47:21.628006656,1.8512332112332113
2023-08-31 16:47:21.633006848,1.8433699633699634
2023-08-31 16:47:21.638007040,1.841123321123321
2023-08-31 16:47:21.643006976,1.8377533577533578
2023-08-31 16:47:21.648007168,1.8355067155067155
2023-08-31 16:47:21.653007360,1.8355067155067155
2023-08-31 16:47:21.658007296,1.820903540903541
2023-08-31 16:47:21.663007488,1.8276434676434676
2023-08-31 16:47:21.668007680,1.8276434676434676
2023-08-31 16:47:21.673007616,1.822026862026862
2023-08-31 16:47:21.678007808,1.8107936507936508
2023-08-31 16:47:21.683008000,1.8018070818070817
2023-08-31 16:47:21.688008192,1.7939438339438338
2023-08-31 16:47:21.693008128,1.7984371184371184
2023-08-31 16:47:21.698008320,1.7939438339438338
2023-08-31 16:47:21.703008512,1.8018070818070817
2023-08-31 16:47:21.708008448,1.8006837606837607
2023-08-31 16:47:21.713008640,1.7916971916971918
2023-08-31 16:47:21.718008832,1.8018070818070817
2023-08-31 16:47:21.723008768,1.795067155067155
2023-08-31 16:47:21.728008960,1.7883272283272282
2023-08-31 16:47:21.733009152,1.7827106227106226
2023-08-31 16:47:21.738009088,1.7894505494505495
2023-08-31 16:47:21.743009280,1.7872039072039072
2023-08-31 16:47:21.748009472,1.7804639804639804
2023-08-31 16:47:21.753009664,1.777094017094017
2023-08-31 16:47:21.758009600,1.7748473748473748
2023-08-31 16:47:21.763009792,1.775970695970696
2023-08-31 16:47:21.768009984,1.7726007326007327
2023-08-31 16:47:21.773009920,1.7658608058608058
2023-08-31 16:47:21.778010112,1.7703540903540904
2023-08-31 16:47:21.783010304,1.756874236874237
2023-08-31 16:47:21.788010240,1.7658608058608058
2023-08-31 16:47:21.793010432,1.7748473748473748
2023-08-31 16:47:21.798010624,1.7782173382173383
2023-08-31 16:47:21.803010816,1.7658608058608058
2023-08-31 16:47:21.808010752,1.7591208791208792
2023-08-31 16:47:21.813010944,1.7591208791208792
2023-08-31 16:47:21.818011136,1.7613675213675213
2023-08-31 16:47:21.823011072,1.757997557997558
2023-08-31 16:47:21.828011264,1.756874236874237
2023-08-31 16:47:21.839000064,1.7602442002442003
2023-08-31 16:47:21.844000000,1.7512576312576313
2023-08-31 16:47:21.849000192,1.7523809523809524
2023-08-31 16:47:21.854000384,1.756874236874237
2023-08-31 16:47:21.859000320,1.75013431013431
2023-08-31 16:47:21.864000512,1.7456410256410257
2023-08-31 16:47:21.869000704,1.75013431013431
2023-08-31 16:47:21.874000896,1.7467643467643468
2023-08-31 16:47:21.879000832,1.7478876678876678
2023-08-31 16:47:21.884001024,1.7344078144078143
2023-08-31 16:47:21.889001216,1.738901098901099
2023-08-31 16:47:21.894001152,1.7377777777777779
2023-08-31 16:47:21.899001344,1.7332844932844933
2023-08-31 16:47:21.904001536,1.72991452991453
2023-08-31 16:47:21.909001472,1.7276678876678877
2023-08-31 16:47:21.914001664,1.7254212454212454
2023-08-31 16:47:21.919001856,1.756874236874237
2023-08-31 16:47:21.924002048,1.7276678876678877
2023-08-31 16:47:21.929001984,1.7546275946275947
2023-08-31 16:47:21.934002176,1.7535042735042734
2023-08-31 16:47:21.939002368,1.7478876678876678
2023-08-31 16:47:21.944002304,1.7512576312576313
2023-08-31 16:47:21.949002496,1.7512576312576313
2023-08-31 16:47:21.954002688,1.7265445665445665
2023-08-31 16:47:21.959002624,1.72991452991453
2023-08-31 16:47:21.964002816,1.7332844932844933
2023-08-31 16:47:21.969003008,1.7557509157509157
2023-08-31 16:47:21.974003200,1.756874236874237
2023-08-31 16:47:21.979003136,1.749010989010989
2023-08-31 16:47:21.984003328,1.7512576312576313
2023-08-31 16:47:21.989003520,1.7523809523809524
2023-08-31 16:47:21.994003456,1.7467643467643468
2023-08-31 16:47:21.999003648,1.7467643467643468
2023-08-31 16:47:22.004003840,1.7445177045177045
2023-08-31 16:47:22.009003776,1.7456410256410257
2023-08-31 16:47:22.014003968,1.7445177045177045
2023-08-31 16:47:22.019004160,1.7254212454212454
2023-08-31 16:47:22.024004096,1.75013431013431
2023-08-31 16:47:22.029004288,1.7546275946275947
2023-08-31 16:47:22.034004480,1.7535042735042734
2023-08-31 16:47:22.039004672,1.7456410256410257
2023-08-31 16:47:22.044004608,1.7478876678876678
2023-08-31 16:47:22.049004800,1.7467643467643468
2023-08-31 16:47:22.054004992,1.7456410256410257
2023-08-31 16:47:22.059004928,1.7456410256410257
2023-08-31 16:47:22.064005120,1.7411477411477412
2023-08-31 16:47:22.069005312,1.7422710622710622
2023-08-31 16:47:22.074005248,1.75013431013431
2023-08-31 16:47:22.079005440,1.7467643467643468
2023-08-31 16:47:22.084005632,1.7467643467643468
2023-08-31 16:47:22.089005824,1.7467643467643468
2023-08-31 16:47:22.094005760,1.7523809523809524
2023-08-31 16:47:22.099005952,1.7546275946275947
2023-08-31 16:47:22.104006144,1.7546275946275947
2023-08-31 16:47:22.109006080,1.749010989010989
2023-08-31 16:47:22.114006272,1.7535042735042734
2023-08-31 16:47:22.119006464,1.7321611721611723
2023-08-31 16:47:22.124006400,1.7254212454212454
2023-08-31 16:47:22.129006592,1.7512576312576313
2023-08-31 16:47:22.134006784,1.8736996336996337
2023-08-31 16:47:22.139006976,2.0354578754578756
2023-08-31 16:47:22.144006912,1.9242490842490843
2023-08-31 16:47:22.149007104,1.7478876678876678
2023-08-31 16:47:22.154007296,1.6321855921855921
2023-08-31 16:47:22.159007232,1.4333577533577533
2023-08-31 16:47:22.164007424,1.1592673992673992
2023-08-31 16:47:22.169007616,0.9761660561660561
2023-08-31 16:47:22.174007552,0.8245177045177046
2023-08-31 16:47:22.179007744,0.782954822954823
2023-08-31 16:47:22.184007936,0.8773137973137973
2023-08-31 16:47:22.189007872,1.0255921855921857
2023-08-31 16:47:22.194008064,1.1615140415140415
2023-08-31 16:47:22.199008256,1.3603418803418803
2023-08-31 16:47:22.204008448,1.4895238095238095
2023-08-31 16:47:22.209008384,1.6153357753357753
2023-08-31 16:47:22.214008576,1.702954822954823
2023-08-31 16:47:22.219008768,1.7287912087912087
2023-08-31 16:47:22.224008704,1.7512576312576313
2023-08-31 16:47:22.229008896,1.7422710622710622
2023-08-31 16:47:22.234009088,1.7613675213675213
2023-08-31 16:47:22.239009024,1.7905738705738705
2023-08-31 16:47:22.244009216,1.7973137973137974
2023-08-31 16:47:22.249009408,1.7602442002442003
2023-08-31 16:47:22.254009600,1.7591208791208792
2023-08-31 16:47:22.259009536,1.7872039072039072
2023-08-31 16:47:22.264009728,1.8063003663003663
2023-08-31 16:47:22.269009920,1.7928205128205128
2023-08-31 16:47:22.274009856,1.7748473748473748
2023-08-31 16:47:22.279010048,1.7748473748473748
2023-08-31 16:47:22.284010240,1.7714774114774114
2023-08-31 16:47:22.289010176,1.7872039072039072
2023-08-31 16:47:22.294010368,1.8107936507936508
2023-08-31 16:47:22.299010560,1.8175335775335775
2023-08-31 16:47:22.304010752,1.8074236874236875
2023-08-31 16:47:22.309010688,1.7916971916971918
2023-08-31 16:47:22.314010880,1.7804639804639804
2023-08-31 16:47:22.319011072,1.7860805860805862
2023-08-31 16:47:22.324011008,1.7872039072039072
2023-08-31 16:47:22.329011200,1.7782173382173383
2023-08-31 16:47:22.334011392,1.775970695970696
2023-08-31 16:47:22.345999872,1.7916971916971918
2023-08-31 16:47:22.351000064,1.7714774114774114
2023-08-31 16:47:22.356000256,1.7703540903540904
2023-08-31 16:47:22.361000192,1.757997557997558
2023-08-31 16:47:22.366000384,1.7557509157509157
2023-08-31 16:47:22.371000576,1.7456410256410257
2023-08-31 16:47:22.376000768,1.75013431013431
2023-08-31 16:47:22.381000704,1.7254212454212454
2023-08-31 16:47:22.386000896,1.7456410256410257
2023-08-31 16:47:22.391001088,1.72991452991453
2023-08-31 16:47:22.396001024,1.7164346764346765
2023-08-31 16:47:22.401001216,1.7074481074481074
2023-08-31 16:47:22.406001408,1.7018315018315018
2023-08-31 16:47:22.411001344,1.6962148962148962
2023-08-31 16:47:22.416001536,1.6917216117216116
2023-08-31 16:47:22.421001728,1.686105006105006
2023-08-31 16:47:22.426001664,1.684981684981685
2023-08-31 16:47:22.431001856,1.6872283272283273
2023-08-31 16:47:22.436002048,1.6894749694749696
2023-08-31 16:47:22.441002240,1.6917216117216116
2023-08-31 16:47:22.446002176,1.6894749694749696
2023-08-31 16:47:22.451002368,1.704078144078144
2023-08-31 16:47:22.456002560,1.705201465201465
2023-08-31 16:47:22.461002496,1.7085714285714286
2023-08-31 16:47:22.466002688,1.7254212454212454
2023-08-31 16:47:22.471002880,1.72991452991453
2023-08-31 16:47:22.476002816,1.7332844932844933
2023-08-31 16:47:22.481003008,1.749010989010989
2023-08-31 16:47:22.486003200,1.7321611721611723
2023-08-31 16:47:22.491003392,1.7422710622710622
2023-08-31 16:47:22.496003328,1.7658608058608058
2023-08-31 16:47:22.501003520,1.7827106227106226
2023-08-31 16:47:22.506003712,1.7984371184371184
2023-08-31 16:47:22.511003648,1.8074236874236875
2023-08-31 16:47:22.516003840,1.8152869352869352
2023-08-31 16:47:22.521004032,1.8107936507936508
2023-08-31 16:47:22.526003968,1.8175335775335775
2023-08-31 16:47:22.531004160,1.8388766788766788
2023-08-31 16:47:22.536004352,1.848986568986569
2023-08-31 16:47:22.541004544,1.8557264957264956
2023-08-31 16:47:22.546004480,1.877069597069597
2023-08-31 16:47:22.551004672,1.8781929181929182
2023-08-31 16:47:22.556004864,1.8894261294261294
2023-08-31 16:47:22.561004800,1.8961660561660563
2023-08-31 16:47:22.566004992,1.8927960927960927
2023-08-31 16:47:22.571005184,1.893919413919414
2023-08-31 16:47:22.576005120,1.895042735042735
2023-08-31 16:47:22.581005312,1.8972893772893773
2023-08-31 16:47:22.586005504,1.8961660561660563
2023-08-31 16:47:22.591005440,1.902905982905983
2023-08-31 16:47:22.596005632,1.8995360195360196
2023-08-31 16:47:22.601005824,1.8916727716727717
2023-08-31 16:47:22.606006016,1.8871794871794871
2023-08-31 16:47:22.611005952,1.8781929181929182
2023-08-31 16:47:22.616006144,1.8781929181929182
2023-08-31 16:47:22.621006336,1.8703296703296703
2023-08-31 16:47:22.626006272,1.8703296703296703
2023-08-31 16:47:22.631006464,1.8703296703296703
2023-08-31 16:47:22.636006656,1.8725763125763126
2023-08-31 16:47:22.641006592,1.868083028083028
2023-08-31 16:47:22.646006784,1.8546031746031746
2023-08-31 16:47:22.651006976,1.8624664224664225
2023-08-31 16:47:22.656007168,1.8512332112332113
2023-08-31 16:47:22.661007104,1.8433699633699634
2023-08-31 16:47:22.666007296,1.8343833943833945
2023-08-31 16:47:22.671007488,1.8343833943833945
2023-08-31 16:47:22.676007424,1.8287667887667887
2023-08-31 16:47:22.681007616,1.820903540903541
2023-08-31 16:47:22.686007808,1.8164102564102564
2023-08-31 16:47:22.691007744,1.8152869352869352
2023-08-31 16:47:22.696007936,1.8119169719169719
2023-08-31 16:47:22.701008128,1.8152869352869352
2023-08-31 16:47:22.706008320,1.8164102564102564
2023-08-31 16:47:22.711008256,1.8287667887667887
2023-08-31 16:47:22.716008448,1.820903540903541
2023-08-31 16:47:22.721008640,1.8085470085470086
2023-08-31 16:47:22.726008576,1.7973137973137974
2023-08-31 16:47:22.731008768,1.7961904761904761
2023-08-31 16:47:22.736008960,1.7939438339438338
2023-08-31 16:47:22.741008896,1.7995604395604397
2023-08-31 16:47:22.746009088,1.8063003663003663
2023-08-31 16:47:22.751009280,1.8107936507936508
2023-08-31 16:47:22.756009216,1.8107936507936508
2023-08-31 16:47:22.761009408,1.8006837606837607
2023-08-31 16:47:22.766009600,1.7961904761904761
2023-08-31 16:47:22.771009792,1.7939438339438338
2023-08-31 16:47:22.776009728,1.7916971916971918
2023-08-31 16:47:22.781009920,1.7916971916971918
2023-08-31 16:47:22.786010112,1.777094017094017
2023-08-31 16:47:22.791010048,1.7815873015873016
2023-08-31 16:47:22.796010240,1.777094017094017
2023-08-31 16:47:22.801010432,1.7714774114774114
2023-08-31 16:47:22.806010368,1.7703540903540904
2023-08-31 16:47:22.811010560,1.7658608058608058
2023-08-31 16:47:22.816010752,1.7658608058608058
2023-08-31 16:47:22.821010944,1.7669841269841269
2023-08-31 16:47:22.826010880,1.7692307692307692
2023-08-31 16:47:22.831011072,1.7669841269841269
2023-08-31 16:47:22.836011264,1.7692307692307692
2023-08-31 16:47:22.841011200,1.7658608058608058
2023-08-31 16:47:22.852000000,1.7613675213675213
2023-08-31 16:47:22.857000192,1.7714774114774114
2023-08-31 16:47:22.862000128,1.7748473748473748
2023-08-31 16:47:22.867000320,1.7703540903540904
2023-08-31 16:47:22.872000512,1.756874236874237
2023-08-31 16:47:22.877000448,1.757997557997558
2023-08-31 16:47:22.882000640,1.7557509157509157
2023-08-31 16:47:22.887000832,1.7557509157509157
2023-08-31 16:47:22.892001024,1.7557509157509157
2023-08-31 16:47:22.897000960,1.7591208791208792
2023-08-31 16:47:22.902001152,1.7624908424908425
2023-08-31 16:47:22.907001344,1.7602442002442003
2023-08-31 16:47:22.912001280,1.7546275946275947
2023-08-31 16:47:22.917001472,1.7557509157509157
2023-08-31 16:47:22.922001664,1.749010989010989
2023-08-31 16:47:22.927001600,1.7546275946275947
2023-08-31 16:47:22.932001792,1.749010989010989
2023-08-31 16:47:22.937001984,1.7467643467643468
2023-08-31 16:47:22.942002176,1.74002442002442
2023-08-31 16:47:22.947002112,1.7411477411477412
2023-08-31 16:47:22.952002304,1.738901098901099
2023-08-31 16:47:22.957002496,1.7411477411477412
2023-08-31 16:47:22.962002432,1.7287912087912087
2023-08-31 16:47:22.967002624,1.731037851037851
2023-08-31 16:47:22.972002816,1.757997557997558
2023-08-31 16:47:22.977002752,1.7557509157509157
2023-08-31 16:47:22.982002944,1.7557509157509157
2023-08-31 16:47:22.987003136,1.7276678876678877
2023-08-31 16:47:22.992003328,1.7265445665445665
2023-08-31 16:47:22.997003264,1.756874236874237
2023-08-31 16:47:23.002003456,1.7546275946275947
2023-08-31 16:47:23.007003648,1.7523809523809524
2023-08-31 16:47:23.012003584,1.7512576312576313
2023-08-31 16:47:23.017003776,1.7557509157509157
2023-08-31 16:47:23.022003968,1.7557509157509157
2023-08-31 16:47:23.027003904,1.7546275946275947
2023-08-31 16:47:23.032004096,1.75013431013431
2023-08-31 16:47:23.037004288,1.749010989010989
2023-08-31 16:47:23.042004224,1.7546275946275947
2023-08-31 16:47:23.047004416,1.7557509157509157
2023-08-31 16:47:23.052004608,1.756874236874237
2023-08-31 16:47:23.057004800,1.756874236874237
2023-08-31 16:47:23.062004736,1.7355311355311356
2023-08-31 16:47:23.067004928,1.7276678876678877
2023-08-31 16:47:23.072005120,1.7332844932844933
2023-08-31 16:47:23.077005056,1.7276678876678877
2023-08-31 16:47:23.082005248,1.7321611721611723
2023-08-31 16:47:23.087005440,1.7276678876678877
2023-08-31 16:47:23.092005376,1.7321611721611723
2023-08-31 16:47:23.097005568,1.756874236874237
2023-08-31 16:47:23.102005760,1.7254212454212454
2023-08-31 16:47:23.107005952,1.75013431013431
2023-08-31 16:47:23.112005888,1.7546275946275947
2023-08-31 16:47:23.117006080,1.7377777777777779
2023-08-31 16:47:23.122006272,1.7344078144078143
2023-08-31 16:47:23.127006208,1.7355311355311356
2023-08-31 16:47:23.132006400,1.72991452991453
2023-08-31 16:47:23.137006592,1.7591208791208792
2023-08-31 16:47:23.142006528,1.7546275946275947
2023-08-31 16:47:23.147006720,1.7546275946275947
2023-08-31 16:47:23.152006912,1.7916971916971918
2023-08-31 16:47:23.157007104,1.8366300366300365
2023-08-31 16:47:23.162007040,1.8534798534798536
2023-08-31 16:47:23.167007232,1.8546031746031746
2023-08-31 16:47:23.172007424,1.8433699633699634
2023-08-31 16:47:23.177007360,1.822026862026862
2023-08-31 16:47:23.182007552,1.7973137973137974
2023-08-31 16:47:23.187007744,1.795067155067155
2023-08-31 16:47:23.192007680,1.8063003663003663
2023-08-31 16:47:23.197007872,1.8119169719169719
2023-08-31 16:47:23.202008064,1.7916971916971918
2023-08-31 16:47:23.207008000,1.7591208791208792
2023-08-31 16:47:23.212008192,1.7422710622710622
2023-08-31 16:47:23.217008384,1.7815873015873016
2023-08-31 16:47:23.222008576,1.9388522588522588
2023-08-31 16:47:23.227008512,2.0287179487179485
2023-08-31 16:47:23.232008704,1.8635897435897435
2023-08-31 16:47:23.237008896,1.7355311355311356
2023-08-31 16:47:23.242008832,1.5614163614163614
2023-08-31 16:47:23.247009024,1.3277655677655678
2023-08-31 16:47:23.252009216,1.1064713064713065
2023-08-31 16:47:23.257009152,0.8739438339438339
2023-08-31 16:47:23.262009344,0.7728449328449328
2023-08-31 16:47:23.267009536,0.7998046398046398
2023-08-31 16:47:23.272009728,0.9334798534798535
2023-08-31 16:47:23.277009664,1.1109645909645909
2023-08-31 16:47:23.282009856,1.285079365079365
2023-08-31 16:47:23.287010048,1.4805372405372406
2023-08-31 16:47:23.292009984,1.6557753357753358
2023-08-31 16:47:23.297010176,1.74002442002442
2023-08-31 16:47:23.302010368,1.7984371184371184
2023-08-31 16:47:23.307010304,1.7894505494505495
2023-08-31 16:47:23.312010496,1.777094017094017
2023-08-31 16:47:23.317010688,1.7669841269841269
2023-08-31 16:47:23.322010880,1.7478876678876678
2023-08-31 16:47:23.327010816,1.7422710622710622
2023-08-31 16:47:23.332011008,1.7557509157509157
2023-08-31 16:47:23.337011200,1.7669841269841269
2023-08-31 16:47:23.342011136,1.7714774114774114
2023-08-31 16:47:23.347011328,1.7726007326007327
2023-08-31 16:47:23.358000128,1.7692307692307692
2023-08-31 16:47:23.363000064,1.7557509157509157
2023-08-31 16:47:23.368000256,1.7535042735042734
2023-08-31 16:47:23.373000448,1.7523809523809524
2023-08-31 16:47:23.378000384,1.7523809523809524
2023-08-31 16:47:23.383000576,1.75013431013431
2023-08-31 16:47:23.388000768,1.75013431013431
2023-08-31 16:47:23.393000960,1.7456410256410257
2023-08-31 16:47:23.398000896,1.7478876678876678
2023-08-31 16:47:23.403001088,1.7557509157509157
2023-08-31 16:47:23.408001280,1.7602442002442003
2023-08-31 16:47:23.413001216,1.7714774114774114
2023-08-31 16:47:23.418001408,1.7793406593406593
2023-08-31 16:47:23.423001600,1.7815873015873016
2023-08-31 16:47:23.428001536,1.7815873015873016
2023-08-31 16:47:23.433001728,1.7894505494505495
2023-08-31 16:47:23.438001920,1.7883272283272282
2023-08-31 16:47:23.443002112,1.7827106227106226
2023-08-31 16:47:23.448002048,1.7827106227106226
2023-08-31 16:47:23.453002240,1.7860805860805862
2023-08-31 16:47:23.458002432,1.7782173382173383
2023-08-31 16:47:23.463002368,1.777094017094017
2023-08-31 16:47:23.468002560,1.777094017094017
2023-08-31 16:47:23.473002752,1.777094017094017
2023-08-31 16:47:23.478002688,1.7714774114774114
2023-08-31 16:47:23.483002880,1.756874236874237
2023-08-31 16:47:23.488003072,1.7591208791208792
2023-08-31 16:47:23.493003008,1.7478876678876678
2023-08-31 16:47:23.498003200,1.7557509157509157
2023-08-31 16:47:23.503003392,1.7467643467643468
2023-08-31 16:47:23.508003584,1.7467643467643468
2023-08-31 16:47:23.513003520,1.7433943833943835
2023-08-31 16:47:23.518003712,1.7433943833943835
2023-08-31 16:47:23.523003904,1.7422710622710622
2023-08-31 16:47:23.528003840,1.7411477411477412
2023-08-31 16:47:23.533004032,1.731037851037851
2023-08-31 16:47:23.538004224,1.7321611721611723
2023-08-31 16:47:23.543004160,1.7321611721611723
2023-08-31 16:47:23.548004352,1.7344078144078143
2023-08-31 16:47:23.553004544,1.75013431013431
2023-08-31 16:47:23.558004736,1.7265445665445665
2023-08-31 16:47:23.563004672,1.72991452991453
2023-08-31 16:47:23.568004864,1.7321611721611723
2023-08-31 16:47:23.573005056,1.7377777777777779
2023-08-31 16:47:23.578004992,1.7512576312576313
2023-08-31 16:47:23.583005184,1.7602442002442003
2023-08-31 16:47:23.588005376,1.7726007326007327
2023-08-31 16:47:23.593005312,1.7894505494505495
2023-08-31 16:47:23.598005504,1.8074236874236875
2023-08-31 16:47:23.603005696,1.8085470085470086
2023-08-31 16:47:23.608005888,1.8265201465201466
2023-08-31 16:47:23.613005824,1.847863247863248
2023-08-31 16:47:23.618006016,1.8523565323565323
2023-08-31 16:47:23.623006208,1.866959706959707
2023-08-31 16:47:23.628006144,1.875946275946276
2023-08-31 16:47:23.633006336,1.8826862026862028
2023-08-31 16:47:23.638006528,1.8995360195360196
2023-08-31 16:47:23.643006464,1.9118925518925518
2023-08-31 16:47:23.648006656,1.9096459096459097
2023-08-31 16:47:23.653006848,1.922002442002442
2023-08-31 16:47:23.658006784,1.9242490842490843
2023-08-31 16:47:23.663006976,1.9197557997557997
2023-08-31 16:47:23.668007168,1.9163858363858364
2023-08-31 16:47:23.673007360,1.9085225885225885
2023-08-31 16:47:23.678007296,1.9107692307692308
2023-08-31 16:47:23.683007488,1.9073992673992675
2023-08-31 16:47:23.688007680,1.8995360195360196
2023-08-31 16:47:23.693007616,1.893919413919414
2023-08-31 16:47:23.698007808,1.8916727716727717
2023-08-31 16:47:23.703008000,1.8927960927960927
2023-08-31 16:47:23.708007936,1.8871794871794871
2023-08-31 16:47:23.713008128,1.8793162393162393
2023-08-31 16:47:23.718008320,1.875946275946276
2023-08-31 16:47:23.723008512,1.875946275946276
2023-08-31 16:47:23.728008448,1.8725763125763126
2023-08-31 16:47:23.733008640,1.866959706959707
2023-08-31 16:47:23.738008832,1.8736996336996337
2023-08-31 16:47:23.743008768,1.875946275946276
2023-08-31 16:47:23.748008960,1.8815628815628815
2023-08-31 16:47:23.753009152,1.8781929181929182
2023-08-31 16:47:23.758009088,1.875946275946276
2023-08-31 16:47:23.763009280,1.8635897435897435
2023-08-31 16:47:23.768009472,1.857973137973138
2023-08-31 16:47:23.773009664,1.8546031746031746
2023-08-31 16:47:23.778009600,1.8523565323565323
2023-08-31 16:47:23.783009792,1.8422466422466421
2023-08-31 16:47:23.788009984,1.8422466422466421
2023-08-31 16:47:23.793009920,1.8422466422466421
2023-08-31 16:47:23.798010112,1.8355067155067155
2023-08-31 16:47:23.803010304,1.8388766788766788
2023-08-31 16:47:23.808010240,1.8355067155067155
2023-08-31 16:47:23.813010432,1.8332600732600732
2023-08-31 16:47:23.818010624,1.8321367521367522
2023-08-31 16:47:23.823010560,1.8287667887667887
2023-08-31 16:47:23.828010752,1.822026862026862
2023-08-31 16:47:23.833010944,1.8186568986568987
2023-08-31 16:47:23.838011136,1.8096703296703296
2023-08-31 16:47:23.843011072,1.8141636141636142
2023-08-31 16:47:23.848011264,1.8107936507936508
2023-08-31 16:47:23.853011456,1.8175335775335775
2023-08-31 16:47:23.864999936,1.7984371184371184
2023-08-31 16:47:23.870000128,1.7995604395604397
2023-08-31 16:47:23.875000320,1.7995604395604397
2023-08-31 16:47:23.880000256,1.7995604395604397
2023-08-31 16:47:23.885000448,1.7883272283272282
2023-08-31 16:47:23.890000640,1.7782173382173383
2023-08-31 16:47:23.895000576,1.7726007326007327
2023-08-31 16:47:23.900000768,1.7602442002442003
2023-08-31 16:47:23.905000960,1.75013431013431
2023-08-31 16:47:23.910001152,1.75013431013431
2023-08-31 16:47:23.915001088,1.7703540903540904
2023-08-31 16:47:23.920001280,1.7883272283272282
2023-08-31 16:47:23.925001472,1.7793406593406593
2023-08-31 16:47:23.930001408,1.7815873015873016
2023-08-31 16:47:23.935001600,1.8355067155067155
2023-08-31 16:47:23.940001792,1.8894261294261294
2023-08-31 16:47:23.945001728,1.8984126984126983
2023-08-31 16:47:23.950001920,1.8995360195360196
2023-08-31 16:47:23.955002112,1.9006593406593406
2023-08-31 16:47:23.960002304,1.8905494505494504
2023-08-31 16:47:23.965002240,1.8624664224664225
2023-08-31 16:47:23.970002432,1.8590964590964592
2023-08-31 16:47:23.975002624,1.8602197802197802
2023-08-31 16:47:23.980002560,1.8568498168498169
2023-08-31 16:47:23.985002752,1.8355067155067155
2023-08-31 16:47:23.990002944,1.8119169719169719
2023-08-31 16:47:23.995002880,1.7804639804639804
2023-08-31 16:47:24.000003072,1.7557509157509157
2023-08-31 16:47:24.005003264,1.7478876678876678
2023-08-31 16:47:24.010003456,1.7377777777777779
2023-08-31 16:47:24.015003392,1.756874236874237
2023-08-31 16:47:24.020003584,1.7287912087912087
2023-08-31 16:47:24.025003776,1.7546275946275947
2023-08-31 16:47:24.030003712,1.756874236874237
2023-08-31 16:47:24.035003904,1.7557509157509157
2023-08-31 16:47:24.040004096,1.7523809523809524
2023-08-31 16:47:24.045004032,1.7535042735042734
2023-08-31 16:47:24.050004224,1.75013431013431
2023-08-31 16:47:24.055004416,1.7456410256410257
2023-08-31 16:47:24.060004352,1.7377777777777779
2023-08-31 16:47:24.065004544,1.749010989010989
2023-08-31 16:47:24.070004736,1.775970695970696
2023-08-31 16:47:24.075004928,1.941098901098901
2023-08-31 16:47:24.080004864,1.9231257631257632
2023-08-31 16:47:24.085005056,1.7377777777777779
2023-08-31 16:47:24.090005248,1.6422954822954823
2023-08-31 16:47:24.095005184,1.4872771672771672
2023-08-31 16:47:24.100005376,1.2626129426129427
2023-08-31 16:47:24.105005568,1.0986080586080587
2023-08-31 16:47:24.110005504,0.9750427350427351
2023-08-31 16:47:24.115005696,0.9435897435897436
2023-08-31 16:47:24.120005888,1.0076190476190476
2023-08-31 16:47:24.125006080,1.1525274725274726
2023-08-31 16:47:24.130006016,1.2794627594627594
2023-08-31 16:47:24.135006208,1.3547252747252747
2023-08-31 16:47:24.140006400,1.3491086691086691
2023-08-31 16:47:24.145006336,1.3345054945054946
2023-08-31 16:47:24.150006528,1.338998778998779
2023-08-31 16:47:24.155006720,1.385054945054945
2023-08-31 16:47:24.160006656,1.4614407814407815
2023-08-31 16:47:24.165006848,1.5456898656898657
2023-08-31 16:47:24.170007040,1.61982905982906
2023-08-31 16:47:24.175007232,1.7063247863247863
2023-08-31 16:47:24.180007168,1.731037851037851
2023-08-31 16:47:24.185007360,1.7557509157509157
2023-08-31 16:47:24.190007552,1.7714774114774114
2023-08-31 16:47:24.195007488,1.7872039072039072
2023-08-31 16:47:24.200007680,1.802930402930403
2023-08-31 16:47:24.205007872,1.8175335775335775
2023-08-31 16:47:24.210007808,1.820903540903541
2023-08-31 16:47:24.215008000,1.8355067155067155
2023-08-31 16:47:24.220008192,1.8332600732600732
2023-08-31 16:47:24.225008128,1.8355067155067155
2023-08-31 16:47:24.230008320,1.8433699633699634
2023-08-31 16:47:24.235008512,1.85010989010989
2023-08-31 16:47:24.240008704,1.8534798534798536
2023-08-31 16:47:24.245008640,1.8602197802197802
2023-08-31 16:47:24.250008832,1.8557264957264956
2023-08-31 16:47:24.255009024,1.848986568986569
2023-08-31 16:47:24.260008960,1.8523565323565323
2023-08-31 16:47:24.265009152,1.8433699633699634
2023-08-31 16:47:24.270009344,1.8422466422466421
2023-08-31 16:47:24.275009280,1.8467399267399267
2023-08-31 16:47:24.280009472,1.848986568986569
2023-08-31 16:47:24.285009664,1.8512332112332113
2023-08-31 16:47:24.290009856,1.847863247863248
2023-08-31 16:47:24.295009792,1.8388766788766788
2023-08-31 16:47:24.300009984,1.8388766788766788
2023-08-31 16:47:24.305010176,1.84
2023-08-31 16:47:24.310010112,1.8343833943833945
2023-08-31 16:47:24.315010304,1.822026862026862
2023-08-31 16:47:24.320010496,1.820903540903541
2023-08-31 16:47:24.325010432,1.8175335775335775
2023-08-31 16:47:24.330010624,1.8063003663003663
2023-08-31 16:47:24.335010816,1.7916971916971918
2023-08-31 16:47:24.340011008,1.7793406593406593
2023-08-31 16:47:24.345010944,1.7714774114774114
2023-08-31 16:47:24.350011136,1.7669841269841269
2023-08-31 16:47:24.355011328,1.7703540903540904
2023-08-31 16:47:24.360011264,1.7681074481074481
2023-08-31 16:47:24.371000064,1.7726007326007327
2023-08-31 16:47:24.376000256,1.7737240537240537
2023-08-31 16:47:24.381000192,1.7815873015873016
2023-08-31 16:47:24.386000384,1.7748473748473748
2023-08-31 16:47:24.391000576,1.7748473748473748
2023-08-31 16:47:24.396000512,1.7703540903540904
2023-08-31 16:47:24.401000704,1.756874236874237
2023-08-31 16:47:24.406000896,1.757997557997558
2023-08-31 16:47:24.411001088,1.756874236874237
2023-08-31 16:47:24.416001024,1.7703540903540904
2023-08-31 16:47:24.421001216,1.7815873015873016
2023-08-31 16:47:24.426001408,1.7905738705738705
2023-08-31 16:47:24.431001344,1.795067155067155
2023-08-31 16:47:24.436001536,1.8063003663003663
2023-08-31 16:47:24.441001728,1.7984371184371184
2023-08-31 16:47:24.446001664,1.7984371184371184
2023-08-31 16:47:24.451001856,1.7928205128205128
2023-08-31 16:47:24.456002048,1.7883272283272282
2023-08-31 16:47:24.461001984,1.7804639804639804
2023-08-31 16:47:24.466002176,1.7815873015873016
2023-08-31 16:47:24.471002368,1.7860805860805862
2023-08-31 16:47:24.476002560,1.7973137973137974
2023-08-31 16:47:24.481002496,1.7961904761904761
2023-08-31 16:47:24.486002688,1.7984371184371184
2023-08-31 16:47:24.491002880,1.8107936507936508
2023-08-31 16:47:24.496002816,1.8175335775335775
2023-08-31 16:47:24.501003008,1.82989010989011
2023-08-31 16:47:24.506003200,1.8355067155067155
2023-08-31 16:47:24.511003136,1.85010989010989
2023-08-31 16:47:24.516003328,1.848986568986569
2023-08-31 16:47:24.521003520,1.8523565323565323
2023-08-31 16:47:24.526003712,1.85010989010989
2023-08-31 16:47:24.531003648,1.84
2023-08-31 16:47:24.536003840,1.8467399267399267
2023-08-31 16:47:24.541004032,1.8523565323565323
2023-08-31 16:47:24.546003968,1.8388766788766788
2023-08-31 16:47:24.551004160,1.8343833943833945
2023-08-31 16:47:24.556004352,1.8332600732600732
2023-08-31 16:47:24.561004288,1.8321367521367522
2023-08-31 16:47:24.566004480,1.8265201465201466
2023-08-31 16:47:24.571004672,1.8152869352869352
2023-08-31 16:47:24.576004864,1.8006837606837607
2023-08-31 16:47:24.581004800,1.8018070818070817
2023-08-31 16:47:24.586004992,1.8006837606837607
2023-08-31 16:47:24.591005184,1.802930402930403
2023-08-31 16:47:24.596005120,1.8152869352869352
2023-08-31 16:47:24.601005312,1.8186568986568987
2023-08-31 16:47:24.606005504,1.8141636141636142
2023-08-31 16:47:24.611005440,1.8107936507936508
2023-08-31 16:47:24.616005632,1.8018070818070817
2023-08-31 16:47:24.621005824,1.7939438339438338
2023-08-31 16:47:24.626005760,1.7916971916971918
2023-08-31 16:47:24.631005952,1.7973137973137974
2023-08-31 16:47:24.636006144,1.7916971916971918
2023-08-31 16:47:24.641006336,1.7905738705738705
2023-08-31 16:47:24.646006272,1.7928205128205128
2023-08-31 16:47:24.651006464,1.7815873015873016
2023-08-31 16:47:24.656006656,1.7905738705738705
2023-08-31 16:47:24.661006592,1.7916971916971918
2023-08-31 16:47:24.666006784,1.7939438339438338
2023-08-31 16:47:24.671006976,1.7804639804639804
2023-08-31 16:47:24.676006912,1.7703540903540904
2023-08-31 16:47:24.681007104,1.7557509157509157
2023-08-31 16:47:24.686007296,1.749010989010989
2023-08-31 16:47:24.691007488,1.7377777777777779
2023-08-31 16:47:24.696007424,1.75013431013431
2023-08-31 16:47:24.701007616,1.7737240537240537
2023-08-31 16:47:24.706007808,1.7883272283272282
2023-08-31 16:47:24.711007744,1.7905738705738705
2023-08-31 16:47:24.716007936,1.7872039072039072
2023-08-31 16:47:24.721008128,1.8287667887667887
2023-08-31 16:47:24.726008064,1.877069597069597
2023-08-31 16:47:24.731008256,1.9017826617826619
2023-08-31 16:47:24.736008448,1.8972893772893773
2023-08-31 16:47:24.741008640,1.8995360195360196
2023-08-31 16:47:24.746008576,1.8793162393162393
2023-08-31 16:47:24.751008768,1.857973137973138
2023-08-31 16:47:24.756008960,1.8613431013431014
2023-08-31 16:47:24.761008896,1.868083028083028
2023-08-31 16:47:24.766009088,1.8613431013431014
2023-08-31 16:47:24.771009280,1.847863247863248
2023-08-31 16:47:24.776009216,1.8006837606837607
2023-08-31 16:47:24.781009408,1.7669841269841269
2023-08-31 16:47:24.786009600,1.75013431013431
2023-08-31 16:47:24.791009792,1.7523809523809524
2023-08-31 16:47:24.796009728,1.7478876678876678
2023-08-31 16:47:24.801009920,1.7478876678876678
2023-08-31 16:47:24.806010112,1.74002442002442
2023-08-31 16:47:24.811010048,1.74002442002442
2023-08-31 16:47:24.816010240,1.7366544566544566
2023-08-31 16:47:24.821010432,1.756874236874237
2023-08-31 16:47:24.826010368,1.7254212454212454
2023-08-31 16:47:24.831010560,1.756874236874237
2023-08-31 16:47:24.836010752,1.7321611721611723
2023-08-31 16:47:24.841010688,1.7321611721611723
2023-08-31 16:47:24.846010880,1.7321611721611723
2023-08-31 16:47:24.851011072,1.7355311355311356
2023-08-31 16:47:24.856011264,1.757997557997558
2023-08-31 16:47:24.861011200,1.8186568986568987
2023-08-31 16:47:24.866011392,1.9916483516483516
2023-08-31 16:47:24.878000128,1.9714285714285715
2023-08-31 16:47:24.883000064,1.7804639804639804
2023-08-31 16:47:24.888000256,1.6715018315018315
2023-08-31 16:47:24.893000448,1.4928937728937728
2023-08-31 16:47:24.898000384,1.2547496947496948
2023-08-31 16:47:24.903000576,1.1098412698412699
2023-08-31 16:47:24.908000768,0.9952625152625153
2023-08-31 16:47:24.913000704,0.9705494505494505
2023-08-31 16:47:24.918000896,1.0390720390720392
2023-08-31 16:47:24.923001088,1.1536507936507936
2023-08-31 16:47:24.928001280,1.2985592185592185
2023-08-31 16:47:24.933001216,1.3670818070818072
2023-08-31 16:47:24.938001408,1.3637118437118436
2023-08-31 16:47:24.943001600,1.338998778998779
2023-08-31 16:47:24.948001536,1.3603418803418803
2023-08-31 16:47:24.953001728,1.3974114774114774
2023-08-31 16:47:24.958001920,1.4614407814407815
2023-08-31 16:47:24.963001856,1.541196581196581
2023-08-31 16:47:24.968002048,1.6220757020757022
2023-08-31 16:47:24.973002240,1.7018315018315018
2023-08-31 16:47:24.978002432,1.7332844932844933
2023-08-31 16:47:24.983002368,1.775970695970696
2023-08-31 16:47:24.988002560,1.7984371184371184
2023-08-31 16:47:24.993002752,1.8175335775335775
2023-08-31 16:47:24.998002688,1.8355067155067155
2023-08-31 16:47:25.003002880,1.857973137973138
2023-08-31 16:47:25.008003072,1.8557264957264956
2023-08-31 16:47:25.013003008,1.8613431013431014
2023-08-31 16:47:25.018003200,1.868083028083028
2023-08-31 16:47:25.023003392,1.8714529914529914
2023-08-31 16:47:25.028003328,1.8781929181929182
2023-08-31 16:47:25.033003520,1.8736996336996337
2023-08-31 16:47:25.038003712,1.8793162393162393
2023-08-31 16:47:25.043003904,1.875946275946276
2023-08-31 16:47:25.048003840,1.8781929181929182
2023-08-31 16:47:25.053004032,1.8894261294261294
2023-08-31 16:47:25.058004224,1.8905494505494504
2023-08-31 16:47:25.063004160,1.8793162393162393
2023-08-31 16:47:25.068004352,1.8894261294261294
2023-08-31 16:47:25.073004544,1.8871794871794871
2023-08-31 16:47:25.078004480,1.8894261294261294
2023-08-31 16:47:25.083004672,1.8871794871794871
2023-08-31 16:47:25.088004864,1.8838095238095238
2023-08-31 16:47:25.093005056,1.8781929181929182
2023-08-31 16:47:25.098004992,1.877069597069597
2023-08-31 16:47:25.103005184,1.875946275946276
2023-08-31 16:47:25.108005376,1.868083028083028
2023-08-31 16:47:25.113005312,1.868083028083028
2023-08-31 16:47:25.118005504,1.8557264957264956
2023-08-31 16:47:25.123005696,1.8467399267399267
2023-08-31 16:47:25.128005632,1.841123321123321
2023-08-31 16:47:25.133005824,1.841123321123321
2023-08-31 16:47:25.138006016,1.8343833943833945
2023-08-31 16:47:25.143006208,1.8287667887667887
2023-08-31 16:47:25.148006144,1.8186568986568987
2023-08-31 16:47:25.153006336,1.8096703296703296
2023-08-31 16:47:25.158006528,1.802930402930403
2023-08-31 16:47:25.163006464,1.8018070818070817
2023-08-31 16:47:25.168006656,1.8074236874236875
2023-08-31 16:47:25.173006848,1.8085470085470086
2023-08-31 16:47:25.178006784,1.8130402930402931
2023-08-31 16:47:25.183006976,1.8085470085470086
2023-08-31 16:47:25.188007168,1.802930402930403
2023-08-31 16:47:25.193007104,1.8018070818070817
2023-08-31 16:47:25.198007296,1.7961904761904761
2023-08-31 16:47:25.203007488,1.7928205128205128
2023-08-31 16:47:25.208007680,1.8006837606837607
2023-08-31 16:47:25.213007616,1.8096703296703296
2023-08-31 16:47:25.218007808,1.8186568986568987
2023-08-31 16:47:25.223008000,1.8175335775335775
2023-08-31 16:47:25.228007936,1.8186568986568987
2023-08-31 16:47:25.233008128,1.8287667887667887
2023-08-31 16:47:25.238008320,1.8265201465201466
2023-08-31 16:47:25.243008256,1.8265201465201466
2023-08-31 16:47:25.248008448,1.8276434676434676
2023-08-31 16:47:25.253008640,1.820903540903541
2023-08-31 16:47:25.258008832,1.8321367521367522
2023-08-31 16:47:25.263008768,1.8366300366300365
2023-08-31 16:47:25.268008960,1.8433699633699634
2023-08-31 16:47:25.273009152,1.8433699633699634
2023-08-31 16:47:25.278009088,1.8467399267399267
2023-08-31 16:47:25.283009280,1.8635897435897435
2023-08-31 16:47:25.288009472,1.8781929181929182
2023-08-31 16:47:25.293009408,1.874822954822955
2023-08-31 16:47:25.298009600,1.8838095238095238
2023-08-31 16:47:25.303009792,1.8883028083028084
2023-08-31 16:47:25.308009984,1.8927960927960927
2023-08-31 16:47:25.313009920,1.8883028083028084
2023-08-31 16:47:25.318010112,1.8838095238095238
2023-08-31 16:47:25.323010304,1.8725763125763126
2023-08-31 16:47:25.328010240,1.8703296703296703
2023-08-31 16:47:25.333010432,1.8602197802197802
2023-08-31 16:47:25.338010624,1.8557264957264956
2023-08-31 16:47:25.343010560,1.8557264957264956
2023-08-31 16:47:25.348010752,1.8624664224664225
2023-08-31 16:47:25.353010944,1.8602197802197802
2023-08-31 16:47:25.358010880,1.8546031746031746
2023-08-31 16:47:25.363011072,1.847863247863248
2023-08-31 16:47:25.368011264,1.8377533577533578
2023-08-31 16:47:25.373011456,1.841123321123321
2023-08-31 16:47:25.384999936,1.8377533577533578
2023-08-31 16:47:25.390000128,1.8377533577533578
2023-08-31 16:47:25.395000320,1.8276434676434676
2023-08-31 16:47:25.400000256,1.8321367521367522
2023-08-31 16:47:25.405000448,1.8422466422466421
2023-08-31 16:47:25.410000640,1.8287667887667887
2023-08-31 16:47:25.415000576,1.8287667887667887
2023-08-31 16:47:25.420000768,1.8332600732600732
2023-08-31 16:47:25.425000960,1.8332600732600732
2023-08-31 16:47:25.430000896,1.8321367521367522
2023-08-31 16:47:25.435001088,1.8276434676434676
2023-08-31 16:47:25.440001280,1.831013431013431
2023-08-31 16:47:25.445001472,1.8197802197802198
2023-08-31 16:47:25.450001408,1.8164102564102564
2023-08-31 16:47:25.455001600,1.8141636141636142
2023-08-31 16:47:25.460001792,1.8096703296703296
2023-08-31 16:47:25.465001728,1.8152869352869352
2023-08-31 16:47:25.470001920,1.8130402930402931
2023-08-31 16:47:25.475002112,1.7984371184371184
2023-08-31 16:47:25.480002048,1.8074236874236875
2023-08-31 16:47:25.485002240,1.7883272283272282
2023-08-31 16:47:25.490002432,1.7748473748473748
2023-08-31 16:47:25.495002624,1.7658608058608058
2023-08-31 16:47:25.500002560,1.7658608058608058
2023-08-31 16:47:25.505002752,1.7703540903540904
2023-08-31 16:47:25.510002944,1.8018070818070817
2023-08-31 16:47:25.515002880,1.8197802197802198
2023-08-31 16:47:25.520003072,1.7928205128205128
2023-08-31 16:47:25.525003264,1.8074236874236875
2023-08-31 16:47:25.530003200,1.8590964590964592
2023-08-31 16:47:25.535003392,1.9073992673992675
2023-08-31 16:47:25.540003584,1.914139194139194
2023-08-31 16:47:25.545003776,1.9152625152625153
2023-08-31 16:47:25.550003712,1.8984126984126983
2023-08-31 16:47:25.555003904,1.8714529914529914
2023-08-31 16:47:25.560004096,1.857973137973138
2023-08-31 16:47:25.565004032,1.866959706959707
2023-08-31 16:47:25.570004224,1.8736996336996337
2023-08-31 16:47:25.575004416,1.8624664224664225
2023-08-31 16:47:25.580004352,1.8343833943833945
2023-08-31 16:47:25.585004544,1.8018070818070817
2023-08-31 16:47:25.590004736,1.7703540903540904
2023-08-31 16:47:25.595004672,1.7512576312576313
2023-08-31 16:47:25.600004864,1.7377777777777779
2023-08-31 16:47:25.605005056,1.7422710622710622
2023-08-31 16:47:25.610005248,1.7377777777777779
2023-08-31 16:47:25.615005184,1.7557509157509157
2023-08-31 16:47:25.620005376,1.7523809523809524
2023-08-31 16:47:25.625005568,1.7445177045177045
2023-08-31 16:47:25.630005504,1.7411477411477412
2023-08-31 16:47:25.635005696,1.7422710622710622
2023-08-31 16:47:25.640005888,1.7355311355311356
2023-08-31 16:47:25.645005824,1.7344078144078143
2023-08-31 16:47:25.650006016,1.7445177045177045
2023-08-31 16:47:25.655006208,1.7512576312576313
2023-08-31 16:47:25.660006400,1.7546275946275947
2023-08-31 16:47:25.665006336,1.7478876678876678
2023-08-31 16:47:25.670006528,1.7422710622710622
2023-08-31 16:47:25.675006720,1.8433699633699634
2023-08-31 16:47:25.680006656,1.9927716727716727
2023-08-31 16:47:25.685006848,1.8838095238095238
2023-08-31 16:47:25.690007040,1.72991452991453
2023-08-31 16:47:25.695006976,1.5647863247863247
2023-08-31 16:47:25.700007168,1.383931623931624
2023-08-31 16:47:25.705007360,1.1705006105006106
2023-08-31 16:47:25.710007552,1.0132356532356532
2023-08-31 16:47:25.715007488,0.9143833943833943
2023-08-31 16:47:25.720007680,0.9278632478632478
2023-08-31 16:47:25.725007872,1.0334554334554336
2023-08-31 16:47:25.730007808,1.1648840048840048
2023-08-31 16:47:25.735008000,1.3041758241758241
2023-08-31 16:47:25.740008192,1.3558485958485957
2023-08-31 16:47:25.745008128,1.3333821733821734
2023-08-31 16:47:25.750008320,1.3052991452991454
2023-08-31 16:47:25.755008512,1.3288888888888888
2023-08-31 16:47:25.760008448,1.3738217338217338
2023-08-31 16:47:25.765008640,1.447960927960928
2023-08-31 16:47:25.770008832,1.5265934065934066
2023-08-31 16:47:25.775009024,1.6108424908424908
2023-08-31 16:47:25.780008960,1.6748717948717948
2023-08-31 16:47:25.785009152,1.7467643467643468
2023-08-31 16:47:25.790009344,1.7467643467643468
2023-08-31 16:47:25.795009280,1.7804639804639804
2023-08-31 16:47:25.800009472,1.8074236874236875
2023-08-31 16:47:25.805009664,1.8186568986568987
2023-08-31 16:47:25.810009600,1.8433699633699634
2023-08-31 16:47:25.815009792,1.8523565323565323
2023-08-31 16:47:25.820009984,1.8546031746031746
2023-08-31 16:47:25.825010176,1.8546031746031746
2023-08-31 16:47:25.830010112,1.8590964590964592
2023-08-31 16:47:25.835010304,1.866959706959707
2023-08-31 16:47:25.840010496,1.8714529914529914
2023-08-31 16:47:25.845010432,1.8736996336996337
2023-08-31 16:47:25.850010624,1.8736996336996337
2023-08-31 16:47:25.855010816,1.877069597069597
2023-08-31 16:47:25.860010752,1.8736996336996337
2023-08-31 16:47:25.865010944,1.8613431013431014
2023-08-31 16:47:25.870011136,1.8613431013431014
2023-08-31 16:47:25.875011328,1.8613431013431014
2023-08-31 16:47:25.880011264,1.8624664224664225
2023-08-31 16:47:25.891000064,1.8557264957264956
2023-08-31 16:47:25.896000256,1.868083028083028
2023-08-31 16:47:25.901000192,1.841123321123321
2023-08-31 16:47:25.906000384,1.8355067155067155
2023-08-31 16:47:25.911000576,1.8422466422466421
2023-08-31 16:47:25.916000512,1.8366300366300365
2023-08-31 16:47:25.921000704,1.8388766788766788
2023-08-31 16:47:25.926000896,1.8355067155067155
2023-08-31 16:47:25.931000832,1.831013431013431
2023-08-31 16:47:25.936001024,1.8265201465201466
2023-08-31 16:47:25.941001216,1.8175335775335775
2023-08-31 16:47:25.946001408,1.8096703296703296
2023-08-31 16:47:25.951001344,1.7973137973137974
2023-08-31 16:47:25.956001536,1.7961904761904761
2023-08-31 16:47:25.961001728,1.7916971916971918
2023-08-31 16:47:25.966001664,1.7883272283272282
2023-08-31 16:47:25.971001856,1.7815873015873016
2023-08-31 16:47:25.976002048,1.7883272283272282
2023-08-31 16:47:25.981001984,1.7860805860805862
2023-08-31 16:47:25.986002176,1.7883272283272282
2023-08-31 16:47:25.991002368,1.7804639804639804
2023-08-31 16:47:25.996002560,1.7726007326007327
2023-08-31 16:47:26.001002496,1.7613675213675213
2023-08-31 16:47:26.006002688,1.7692307692307692
2023-08-31 16:47:26.011002880,1.775970695970696
2023-08-31 16:47:26.016002816,1.7804639804639804
2023-08-31 16:47:26.021003008,1.7782173382173383
2023-08-31 16:47:26.026003200,1.7894505494505495
2023-08-31 16:47:26.031003136,1.8006837606837607
2023-08-31 16:47:26.036003328,1.8063003663003663
2023-08-31 16:47:26.041003520,1.8085470085470086
2023-08-31 16:47:26.046003456,1.7984371184371184
2023-08-31 16:47:26.051003648,1.8085470085470086
2023-08-31 16:47:26.056003840,1.8063003663003663
2023-08-31 16:47:26.061004032,1.8074236874236875
2023-08-31 16:47:26.066003968,1.8107936507936508
2023-08-31 16:47:26.071004160,1.8164102564102564
2023-08-31 16:47:26.076004352,1.8265201465201466
2023-08-31 16:47:26.081004288,1.8265201465201466
2023-08-31 16:47:26.086004480,1.8343833943833945
2023-08-31 16:47:26.091004672,1.8355067155067155
2023-08-31 16:47:26.096004608,1.8388766788766788
2023-08-31 16:47:26.101004800,1.847863247863248
2023-08-31 16:47:26.106004992,1.8568498168498169
2023-08-31 16:47:26.111005184,1.866959706959707
2023-08-31 16:47:26.116005120,1.857973137973138
2023-08-31 16:47:26.121005312,1.8523565323565323
2023-08-31 16:47:26.126005504,1.8523565323565323
2023-08-31 16:47:26.131005440,1.8512332112332113
2023-08-31 16:47:26.136005632,1.847863247863248
2023-08-31 16:47:26.141005824,1.8433699633699634
2023-08-31 16:47:26.146005760,1.84
2023-08-31 16:47:26.151005952,1.8343833943833945
2023-08-31 16:47:26.156006144,1.8276434676434676
2023-08-31 16:47:26.161006336,1.820903540903541
2023-08-31 16:47:26.166006272,1.8175335775335775
2023-08-31 16:47:26.171006464,1.8276434676434676
2023-08-31 16:47:26.176006656,1.8276434676434676
2023-08-31 16:47:26.181006592,1.8119169719169719
2023-08-31 16:47:26.186006784,1.8063003663003663
2023-08-31 16:47:26.191006976,1.7995604395604397
2023-08-31 16:47:26.196006912,1.7905738705738705
2023-08-31 16:47:26.201007104,1.7860805860805862
2023-08-31 16:47:26.206007296,1.7872039072039072
2023-08-31 16:47:26.211007232,1.7939438339438338
2023-08-31 16:47:26.216007424,1.7827106227106226
2023-08-31 16:47:26.221007616,1.777094017094017
2023-08-31 16:47:26.226007808,1.7692307692307692
2023-08-31 16:47:26.231007744,1.7681074481074481
2023-08-31 16:47:26.236007936,1.7624908424908425
2023-08-31 16:47:26.241008128,1.7681074481074481
2023-08-31 16:47:26.246008064,1.775970695970696
2023-08-31 16:47:26.251008256,1.7692307692307692
2023-08-31 16:47:26.256008448,1.7737240537240537
2023-08-31 16:47:26.261008384,1.7624908424908425
2023-08-31 16:47:26.266008576,1.7535042735042734
2023-08-31 16:47:26.271008768,1.7467643467643468
2023-08-31 16:47:26.276008960,1.7411477411477412
2023-08-31 16:47:26.281008896,1.7377777777777779
2023-08-31 16:47:26.286009088,1.7332844932844933
2023-08-31 16:47:26.291009280,1.7355311355311356
2023-08-31 16:47:26.296009216,1.72991452991453
2023-08-31 16:47:26.301009408,1.731037851037851
2023-08-31 16:47:26.306009600,1.757997557997558
2023-08-31 16:47:26.311009536,1.731037851037851
2023-08-31 16:47:26.316009728,1.7535042735042734
2023-08-31 16:47:26.321009920,1.7467643467643468
2023-08-31 16:47:26.326010112,1.749010989010989
2023-08-31 16:47:26.331010048,1.7366544566544566
2023-08-31 16:47:26.336010240,1.72991452991453
2023-08-31 16:47:26.341010432,1.7445177045177045
2023-08-31 16:47:26.346010368,1.7467643467643468
2023-08-31 16:47:26.351010560,1.7535042735042734
2023-08-31 16:47:26.356010752,1.7456410256410257
2023-08-31 16:47:26.361010688,1.7703540903540904
2023-08-31 16:47:26.366010880,1.8186568986568987
2023-08-31 16:47:26.371011072,1.8590964590964592
2023-08-31 16:47:26.376011008,1.8534798534798536
2023-08-31 16:47:26.381011200,1.8523565323565323
2023-08-31 16:47:26.386011392,1.841123321123321
2023-08-31 16:47:26.398000128,1.823150183150183
2023-08-31 16:47:26.403000064,1.8107936507936508
2023-08-31 16:47:26.408000256,1.8107936507936508
2023-08-31 16:47:26.413000448,1.8119169719169719
2023-08-31 16:47:26.418000384,1.7973137973137974
2023-08-31 16:47:26.423000576,1.7714774114774114
2023-08-31 16:47:26.428000768,1.7422710622710622
2023-08-31 16:47:26.433000704,1.756874236874237
2023-08-31 16:47:26.438000896,1.7445177045177045
2023-08-31 16:47:26.443001088,1.7321611721611723
2023-08-31 16:47:26.448001024,1.72991452991453
2023-08-31 16:47:26.453001216,1.7242979242979244
2023-08-31 16:47:26.458001408,1.7242979242979244
2023-08-31 16:47:26.463001600,1.7265445665445665
2023-08-31 16:47:26.468001536,1.7209279609279609
2023-08-31 16:47:26.473001728,1.711941391941392
2023-08-31 16:47:26.478001920,1.7074481074481074
2023-08-31 16:47:26.483001856,1.7074481074481074
2023-08-31 16:47:26.488002048,1.702954822954823
2023-08-31 16:47:26.493002240,1.6928449328449329
2023-08-31 16:47:26.498002176,1.704078144078144
2023-08-31 16:47:26.503002368,1.704078144078144
2023-08-31 16:47:26.508002560,1.705201465201465
2023-08-31 16:47:26.513002752,1.7085714285714286
2023-08-31 16:47:26.518002688,1.7433943833943835
2023-08-31 16:47:26.523002880,1.841123321123321
2023-08-31 16:47:26.528003072,1.9646886446886447
2023-08-31 16:47:26.533003008,1.8074236874236875
2023-08-31 16:47:26.538003200,1.6827350427350427
2023-08-31 16:47:26.543003392,1.5625396825396825
2023-08-31 16:47:26.548003328,1.3682051282051282
2023-08-31 16:47:26.553003520,1.1626373626373627
2023-08-31 16:47:26.558003712,1.0244688644688644
2023-08-31 16:47:26.563003904,0.9447130647130647
2023-08-31 16:47:26.568003840,0.9559462759462759
2023-08-31 16:47:26.573004032,1.0592918192918193
2023-08-31 16:47:26.578004224,1.1817338217338218
2023-08-31 16:47:26.583004160,1.2828327228327228
2023-08-31 16:47:26.588004352,1.3142857142857143
2023-08-31 16:47:26.593004544,1.3041758241758241
2023-08-31 16:47:26.598004480,1.3131623931623932
2023-08-31 16:47:26.603004672,1.347985347985348
2023-08-31 16:47:26.608004864,1.4007814407814407
2023-08-31 16:47:26.613004800,1.4872771672771672
2023-08-31 16:47:26.618004992,1.5872527472527473
2023-08-31 16:47:26.623005184,1.6748717948717948
2023-08-31 16:47:26.628005376,1.7557509157509157
2023-08-31 16:47:26.633005312,1.7613675213675213
2023-08-31 16:47:26.638005504,1.7860805860805862
2023-08-31 16:47:26.643005696,1.8063003663003663
2023-08-31 16:47:26.648005632,1.8186568986568987
2023-08-31 16:47:26.653005824,1.8388766788766788
2023-08-31 16:47:26.658006016,1.841123321123321
2023-08-31 16:47:26.663005952,1.85010989010989
2023-08-31 16:47:26.668006144,1.8523565323565323
2023-08-31 16:47:26.673006336,1.847863247863248
2023-08-31 16:47:26.678006528,1.8512332112332113
2023-08-31 16:47:26.683006464,1.8534798534798536
2023-08-31 16:47:26.688006656,1.8534798534798536
2023-08-31 16:47:26.693006848,1.8523565323565323
2023-08-31 16:47:26.698006784,1.8523565323565323
2023-08-31 16:47:26.703006976,1.8557264957264956
2023-08-31 16:47:26.708007168,1.868083028083028
2023-08-31 16:47:26.713007104,1.8725763125763126
2023-08-31 16:47:26.718007296,1.8714529914529914
2023-08-31 16:47:26.723007488,1.8534798534798536
2023-08-31 16:47:26.728007680,1.8602197802197802
2023-08-31 16:47:26.733007616,1.8523565323565323
2023-08-31 16:47:26.738007808,1.8523565323565323
2023-08-31 16:47:26.743008000,1.848986568986569
2023-08-31 16:47:26.748007936,1.8422466422466421
2023-08-31 16:47:26.753008128,1.8422466422466421
2023-08-31 16:47:26.758008320,1.8422466422466421
2023-08-31 16:47:26.763008256,1.841123321123321
2023-08-31 16:47:26.768008448,1.8321367521367522
2023-08-31 16:47:26.773008640,1.822026862026862
2023-08-31 16:47:26.778008576,1.8164102564102564
2023-08-31 16:47:26.783008768,1.8119169719169719
2023-08-31 16:47:26.788008960,1.7939438339438338
2023-08-31 16:47:26.793009152,1.7928205128205128
2023-08-31 16:47:26.798009088,1.7894505494505495
2023-08-31 16:47:26.803009280,1.7860805860805862
2023-08-31 16:47:26.808009472,1.7804639804639804
2023-08-31 16:47:26.813009408,1.7804639804639804
2023-08-31 16:47:26.818009600,1.7782173382173383
2023-08-31 16:47:26.823009792,1.777094017094017
2023-08-31 16:47:26.828009728,1.7737240537240537
2023-08-31 16:47:26.833009920,1.7793406593406593
2023-08-31 16:47:26.838010112,1.775970695970696
2023-08-31 16:47:26.843010304,1.7905738705738705
2023-08-31 16:47:26.848010240,1.7804639804639804
2023-08-31 16:47:26.853010432,1.7905738705738705
2023-08-31 16:47:26.858010624,1.7939438339438338
2023-08-31 16:47:26.863010560,1.795067155067155
2023-08-31 16:47:26.868010752,1.8018070818070817
2023-08-31 16:47:26.873010944,1.8074236874236875
2023-08-31 16:47:26.878010880,1.8186568986568987
2023-08-31 16:47:26.883011072,1.820903540903541
2023-08-31 16:47:26.888011264,1.831013431013431
2023-08-31 16:47:26.893011456,1.8321367521367522
2023-08-31 16:47:26.904000000,1.82989010989011
2023-08-31 16:47:26.909000192,1.8096703296703296
2023-08-31 16:47:26.914000384,1.8130402930402931
2023-08-31 16:47:26.919000320,1.8107936507936508
2023-08-31 16:47:26.924000512,1.8107936507936508
2023-08-31 16:47:26.929000704,1.8164102564102564
2023-08-31 16:47:26.934000640,1.820903540903541
2023-08-31 16:47:26.939000832,1.8355067155067155
2023-08-31 16:47:26.944001024,1.8534798534798536
2023-08-31 16:47:26.949000960,1.8523565323565323
2023-08-31 16:47:26.954001152,1.8635897435897435
2023-08-31 16:47:26.959001344,1.8725763125763126
2023-08-31 16:47:26.964001536,1.874822954822955
2023-08-31 16:47:26.969001472,1.8692063492063493
2023-08-31 16:47:26.974001664,1.8692063492063493
2023-08-31 16:47:26.979001856,1.8602197802197802
2023-08-31 16:47:26.984001792,1.8613431013431014
2023-08-31 16:47:26.989001984,1.8590964590964592
2023-08-31 16:47:26.994002176,1.857973137973138
2023-08-31 16:47:26.999002112,1.8546031746031746
2023-08-31 16:47:27.004002304,1.8568498168498169
2023-08-31 16:47:27.009002496,1.848986568986569
2023-08-31 16:47:27.014002688,1.8512332112332113
2023-08-31 16:47:27.019002624,1.841123321123321
2023-08-31 16:47:27.024002816,1.8433699633699634
2023-08-31 16:47:27.029003008,1.8355067155067155
2023-08-31 16:47:27.034002944,1.84
2023-08-31 16:47:27.039003136,1.84
2023-08-31 16:47:27.044003328,1.8377533577533578
2023-08-31 16:47:27.049003264,1.8287667887667887
2023-08-31 16:47:27.054003456,1.8197802197802198
2023-08-31 16:47:27.059003648,1.8152869352869352
2023-08-31 16:47:27.064003584,1.8164102564102564
2023-08-31 16:47:27.069003776,1.8152869352869352
2023-08-31 16:47:27.074003968,1.8175335775335775
2023-08-31 16:47:27.079004160,1.8085470085470086
2023-08-31 16:47:27.084004096,1.8018070818070817
2023-08-31 16:47:27.089004288,1.7995604395604397
2023-08-31 16:47:27.094004480,1.8074236874236875
2023-08-31 16:47:27.099004416,1.8085470085470086
2023-08-31 16:47:27.104004608,1.8063003663003663
2023-08-31 16:47:27.109004800,1.7973137973137974
2023-08-31 16:47:27.114004736,1.7995604395604397
2023-08-31 16:47:27.119004928,1.7939438339438338
2023-08-31 16:47:27.124005120,1.7939438339438338
2023-08-31 16:47:27.129005312,1.7939438339438338
2023-08-31 16:47:27.134005248,1.7984371184371184
2023-08-31 16:47:27.139005440,1.7928205128205128
2023-08-31 16:47:27.144005632,1.7872039072039072
2023-08-31 16:47:27.149005568,1.7905738705738705
2023-08-31 16:47:27.154005760,1.7939438339438338
2023-08-31 16:47:27.159005952,1.7916971916971918
2023-08-31 16:47:27.164005888,1.795067155067155
2023-08-31 16:47:27.169006080,1.7860805860805862
2023-08-31 16:47:27.174006272,1.7827106227106226
2023-08-31 16:47:27.179006464,1.7782173382173383
2023-08-31 16:47:27.184006400,1.777094017094017
2023-08-31 16:47:27.189006592,1.7804639804639804
2023-08-31 16:47:27.194006784,1.7827106227106226
2023-08-31 16:47:27.199006720,1.7804639804639804
2023-08-31 16:47:27.204006912,1.7815873015873016
2023-08-31 16:47:27.209007104,1.7782173382173383
2023-08-31 16:47:27.214007040,1.7883272283272282
2023-08-31 16:47:27.219007232,1.7928205128205128
2023-08-31 16:47:27.224007424,1.7883272283272282
2023-08-31 16:47:27.229007360,1.7928205128205128
2023-08-31 16:47:27.234007552,1.7905738705738705
2023-08-31 16:47:27.239007744,1.7872039072039072
2023-08-31 16:47:27.244007936,1.777094017094017
2023-08-31 16:47:27.249007872,1.777094017094017
2023-08-31 16:47:27.254008064,1.7860805860805862
2023-08-31 16:47:27.259008256,1.7782173382173383
2023-08-31 16:47:27.264008192,1.777094017094017
2023-08-31 16:47:27.269008384,1.7748473748473748
2023-08-31 16:47:27.274008576,1.7602442002442003
2023-08-31 16:47:27.279008512,1.7669841269841269
2023-08-31 16:47:27.284008704,1.7613675213675213
2023-08-31 16:47:27.289008896,1.757997557997558
2023-08-31 16:47:27.294009088,1.7478876678876678
2023-08-31 16:47:27.299009024,1.757997557997558
2023-08-31 16:47:27.304009216,1.7265445665445665
2023-08-31 16:47:27.309009408,1.6928449328449329
2023-08-31 16:47:27.314009344,1.6928449328449329
2023-08-31 16:47:27.319009536,1.6950915750915752
2023-08-31 16:47:27.324009728,1.6928449328449329
2023-08-31 16:47:27.329009664,1.6905982905982906
2023-08-31 16:47:27.334009856,1.684981684981685
2023-08-31 16:47:27.339010048,1.6715018315018315
2023-08-31 16:47:27.344010240,1.665885225885226
2023-08-31 16:47:27.349010176,1.6962148962148962
2023-08-31 16:47:27.354010368,1.7445177045177045
2023-08-31 16:47:27.359010560,1.7411477411477412
2023-08-31 16:47:27.364010496,1.7692307692307692
2023-08-31 16:47:27.369010688,1.7804639804639804
2023-08-31 16:47:27.374010880,1.7860805860805862
2023-08-31 16:47:27.379010816,1.7827106227106226
2023-08-31 16:47:27.384011008,1.7916971916971918
2023-08-31 16:47:27.389011200,1.8096703296703296
2023-08-31 16:47:27.394011136,1.8186568986568987
2023-08-31 16:47:27.399011328,1.8006837606837607
2023-08-31 16:47:27.411000064,1.7905738705738705
2023-08-31 16:47:27.416000000,1.7737240537240537
2023-08-31 16:47:27.421000192,1.7737240537240537
2023-08-31 16:47:27.426000384,1.7726007326007327
2023-08-31 16:47:27.431000576,1.7669841269841269
2023-08-31 16:47:27.436000512,1.7692307692307692
2023-08-31 16:47:27.441000704,1.7714774114774114
2023-08-31 16:47:27.446000896,1.7748473748473748
2023-08-31 16:47:27.451000832,1.7726007326007327
2023-08-31 16:47:27.456001024,1.7726007326007327
2023-08-31 16:47:27.461001216,1.8265201465201466
2023-08-31 16:47:27.466001152,1.9635653235653237
2023-08-31 16:47:27.471001344,2.075897435897436
2023-08-31 16:47:27.476001536,1.9635653235653237
2023-08-31 16:47:27.481001728,1.8006837606837607
2023-08-31 16:47:27.486001664,1.711941391941392
2023-08-31 16:47:27.491001856,1.4502075702075703
2023-08-31 16:47:27.496002048,1.1918437118437117
2023-08-31 16:47:27.501001984,0.9873992673992674
2023-08-31 16:47:27.506002176,0.8683272283272283
2023-08-31 16:47:27.511002368,0.891916971916972
2023-08-31 16:47:27.516002304,0.9716727716727717
2023-08-31 16:47:27.521002496,1.1311843711843712
2023-08-31 16:47:27.526002688,1.3052991452991454
2023-08-31 16:47:27.531002880,1.5074969474969475
2023-08-31 16:47:27.536002816,1.7018315018315018
2023-08-31 16:47:27.541003008,1.7894505494505495
2023-08-31 16:47:27.546003200,1.823150183150183
2023-08-31 16:47:27.551003136,1.8130402930402931
2023-08-31 16:47:27.556003328,1.8074236874236875
2023-08-31 16:47:27.561003520,1.8006837606837607
2023-08-31 16:47:27.566003456,1.7737240537240537
2023-08-31 16:47:27.571003648,1.7782173382173383
2023-08-31 16:47:27.576003840,1.7883272283272282
2023-08-31 16:47:27.581004032,1.7860805860805862
2023-08-31 16:47:27.586003968,1.7860805860805862
2023-08-31 16:47:27.591004160,1.7815873015873016
2023-08-31 16:47:27.596004352,1.7827106227106226
2023-08-31 16:47:27.601004288,1.7793406593406593
2023-08-31 16:47:27.606004480,1.7815873015873016
2023-08-31 16:47:27.611004672,1.7658608058608058
2023-08-31 16:47:27.616004608,1.7692307692307692
2023-08-31 16:47:27.621004800,1.7669841269841269
2023-08-31 16:47:27.626004992,1.7681074481074481
2023-08-31 16:47:27.631004928,1.7624908424908425
2023-08-31 16:47:27.636005120,1.7681074481074481
2023-08-31 16:47:27.641005312,1.7726007326007327
2023-08-31 16:47:27.646005504,1.7804639804639804
2023-08-31 16:47:27.651005440,1.775970695970696
2023-08-31 16:47:27.656005632,1.7726007326007327
2023-08-31 16:47:27.661005824,1.7669841269841269
2023-08-31 16:47:27.666005760,1.7692307692307692
2023-08-31 16:47:27.671005952,1.7658608058608058
2023-08-31 16:47:27.676006144,1.7669841269841269
2023-08-31 16:47:27.681006080,1.7658608058608058
2023-08-31 16:47:27.686006272,1.7658608058608058
2023-08-31 16:47:27.691006464,1.7557509157509157
2023-08-31 16:47:27.696006656,1.7557509157509157
2023-08-31 16:47:27.701006592,1.7478876678876678
2023-08-31 16:47:27.706006784,1.7344078144078143
2023-08-31 16:47:27.711006976,1.7557509157509157
2023-08-31 16:47:27.716006912,1.75013431013431
2023-08-31 16:47:27.721007104,1.72991452991453
2023-08-31 16:47:27.726007296,1.7164346764346765
2023-08-31 16:47:27.731007232,1.7074481074481074
2023-08-31 16:47:27.736007424,1.702954822954823
2023-08-31 16:47:27.741007616,1.6894749694749696
2023-08-31 16:47:27.746007808,1.675995115995116
2023-08-31 16:47:27.751007744,1.6692551892551892
2023-08-31 16:47:27.756007936,1.665885225885226
2023-08-31 16:47:27.761008128,1.6625152625152626
2023-08-31 16:47:27.766008064,1.6524053724053724
2023-08-31 16:47:27.771008256,1.6490354090354091
2023-08-31 16:47:27.776008448,1.6602686202686203
2023-08-31 16:47:27.781008384,1.6647619047619047
2023-08-31 16:47:27.786008576,1.6737484737484738
2023-08-31 16:47:27.791008768,1.683858363858364
2023-08-31 16:47:27.796008704,1.7007081807081808
2023-08-31 16:47:27.801008896,1.710818070818071
2023-08-31 16:47:27.806009088,1.7265445665445665
2023-08-31 16:47:27.811009280,1.7321611721611723
2023-08-31 16:47:27.816009216,1.75013431013431
2023-08-31 16:47:27.821009408,1.7523809523809524
2023-08-31 16:47:27.826009600,1.7265445665445665
2023-08-31 16:47:27.831009536,1.7467643467643468
2023-08-31 16:47:27.836009728,1.7714774114774114
2023-08-31 16:47:27.841009920,1.7815873015873016
2023-08-31 16:47:27.846009856,1.8018070818070817
2023-08-31 16:47:27.851010048,1.820903540903541
2023-08-31 16:47:27.856010240,1.8343833943833945
2023-08-31 16:47:27.861010432,1.8422466422466421
2023-08-31 16:47:27.866010368,1.8512332112332113
2023-08-31 16:47:27.871010560,1.8624664224664225
2023-08-31 16:47:27.876010752,1.8613431013431014
2023-08-31 16:47:27.881010688,1.866959706959707
2023-08-31 16:47:27.886010880,1.8613431013431014
2023-08-31 16:47:27.891011072,1.857973137973138
2023-08-31 16:47:27.896011008,1.8635897435897435
2023-08-31 16:47:27.901011200,1.857973137973138
2023-08-31 16:47:27.906011392,1.8557264957264956
2023-08-31 16:47:27.916999936,1.8512332112332113
2023-08-31 16:47:27.922000128,1.8523565323565323
2023-08-31 16:47:27.927000320,1.8366300366300365
2023-08-31 16:47:27.932000512,1.8276434676434676
2023-08-31 16:47:27.937000448,1.8265201465201466
2023-08-31 16:47:27.942000640,1.823150183150183
2023-08-31 16:47:27.947000832,1.8175335775335775
2023-08-31 16:47:27.952000768,1.822026862026862
2023-08-31 16:47:27.957000960,1.822026862026862
2023-08-31 16:47:27.962001152,1.8321367521367522
2023-08-31 16:47:27.967001088,1.8332600732600732
2023-08-31 16:47:27.972001280,1.8287667887667887
2023-08-31 16:47:27.977001472,1.8343833943833945
2023-08-31 16:47:27.982001664,1.8265201465201466
2023-08-31 16:47:27.987001600,1.8141636141636142
2023-08-31 16:47:27.992001792,1.8119169719169719
2023-08-31 16:47:27.997001984,1.8119169719169719
2023-08-31 16:47:28.002001920,1.8107936507936508
2023-08-31 16:47:28.007002112,1.8141636141636142
2023-08-31 16:47:28.012002304,1.8130402930402931
2023-08-31 16:47:28.017002240,1.820903540903541
2023-08-31 16:47:28.022002432,1.8175335775335775
2023-08-31 16:47:28.027002624,1.8119169719169719
2023-08-31 16:47:28.032002560,1.820903540903541
2023-08-31 16:47:28.037002752,1.7995604395604397
2023-08-31 16:47:28.042002944,1.7961904761904761
2023-08-31 16:47:28.047003136,1.7939438339438338
2023-08-31 16:47:28.052003072,1.7872039072039072
2023-08-31 16:47:28.057003264,1.7872039072039072
2023-08-31 16:47:28.062003456,1.7961904761904761
2023-08-31 16:47:28.067003392,1.7905738705738705
2023-08-31 16:47:28.072003584,1.7984371184371184
2023-08-31 16:47:28.077003776,1.7804639804639804
2023-08-31 16:47:28.082003712,1.777094017094017
2023-08-31 16:47:28.087003904,1.7804639804639804
2023-08-31 16:47:28.092004096,1.795067155067155
2023-08-31 16:47:28.097004288,1.7984371184371184
2023-08-31 16:47:28.102004224,1.7905738705738705
2023-08-31 16:47:28.107004416,1.7905738705738705
2023-08-31 16:47:28.112004608,1.7961904761904761
2023-08-31 16:47:28.117004544,1.7928205128205128
2023-08-31 16:47:28.122004736,1.7928205128205128
2023-08-31 16:47:28.127004928,1.7815873015873016
2023-08-31 16:47:28.132004864,1.7782173382173383
2023-08-31 16:47:28.137005056,1.7804639804639804
2023-08-31 16:47:28.142005248,1.7737240537240537
2023-08-31 16:47:28.147005440,1.7748473748473748
2023-08-31 16:47:28.152005376,1.7726007326007327
2023-08-31 16:47:28.157005568,1.777094017094017
2023-08-31 16:47:28.162005760,1.7726007326007327
2023-08-31 16:47:28.167005696,1.7669841269841269
2023-08-31 16:47:28.172005888,1.7748473748473748
2023-08-31 16:47:28.177006080,1.7782173382173383
2023-08-31 16:47:28.182006016,1.775970695970696
2023-08-31 16:47:28.187006208,1.7692307692307692
2023-08-31 16:47:28.192006400,1.7726007326007327
2023-08-31 16:47:28.197006592,1.775970695970696
2023-08-31 16:47:28.202006528,1.777094017094017
2023-08-31 16:47:28.207006720,1.7782173382173383
2023-08-31 16:47:28.212006912,1.7748473748473748
2023-08-31 16:47:28.217006848,1.7658608058608058
2023-08-31 16:47:28.222007040,1.7512576312576313
2023-08-31 16:47:28.227007232,1.7546275946275947
2023-08-31 16:47:28.232007168,1.7141880341880342
2023-08-31 16:47:28.237007360,1.7063247863247863
2023-08-31 16:47:28.242007552,1.7018315018315018
2023-08-31 16:47:28.247007488,1.7018315018315018
2023-08-31 16:47:28.252007680,1.6905982905982906
2023-08-31 16:47:28.257007872,1.693968253968254
2023-08-31 16:47:28.262008064,1.677118437118437
2023-08-31 16:47:28.267008000,1.667008547008547
2023-08-31 16:47:28.272008192,1.6804884004884004
2023-08-31 16:47:28.277008384,1.711941391941392
2023-08-31 16:47:28.282008320,1.7557509157509157
2023-08-31 16:47:28.287008512,1.7827106227106226
2023-08-31 16:47:28.292008704,1.7894505494505495
2023-08-31 16:47:28.297008640,1.7961904761904761
2023-08-31 16:47:28.302008832,1.8018070818070817
2023-08-31 16:47:28.307009024,1.7961904761904761
2023-08-31 16:47:28.312009216,1.8152869352869352
2023-08-31 16:47:28.317009152,1.8332600732600732
2023-08-31 16:47:28.322009344,1.8186568986568987
2023-08-31 16:47:28.327009536,1.7928205128205128
2023-08-31 16:47:28.332009472,1.7782173382173383
2023-08-31 16:47:28.337009664,1.7793406593406593
2023-08-31 16:47:28.342009856,1.7872039072039072
2023-08-31 16:47:28.347009792,1.777094017094017
2023-08-31 16:47:28.352009984,1.777094017094017
2023-08-31 16:47:28.357010176,1.7714774114774114
2023-08-31 16:47:28.362010368,1.7726007326007327
2023-08-31 16:47:28.367010304,1.777094017094017
2023-08-31 16:47:28.372010496,1.7793406593406593
2023-08-31 16:47:28.377010688,1.7872039072039072
2023-08-31 16:47:28.382010624,1.7793406593406593
2023-08-31 16:47:28.387010816,1.775970695970696
2023-08-31 16:47:28.392011008,1.7714774114774114
2023-08-31 16:47:28.397010944,1.7737240537240537
2023-08-31 16:47:28.402011136,1.775970695970696
2023-08-31 16:47:28.407011328,1.7714774114774114
2023-08-31 16:47:28.412011264,1.7726007326007327
2023-08-31 16:47:28.423000064,1.7827106227106226
2023-08-31 16:47:28.428000256,1.775970695970696
2023-08-31 16:47:28.433000448,1.7782173382173383
2023-08-31 16:47:28.438000384,1.831013431013431
2023-08-31 16:47:28.443000576,1.959072039072039
2023-08-31 16:47:28.448000768,2.0646642246642246
2023-08-31 16:47:28.453000704,1.9714285714285715
2023-08-31 16:47:28.458000896,1.8085470085470086
2023-08-31 16:47:28.463001088,1.7141880341880342
2023-08-31 16:47:28.468001024,1.4648107448107448
2023-08-31 16:47:28.473001216,1.2547496947496948
2023-08-31 16:47:28.478001408,1.1323076923076922
2023-08-31 16:47:28.483001344,1.0334554334554336
2023-08-31 16:47:28.488001536,1.0334554334554336
2023-08-31 16:47:28.493001728,1.1379242979242978
2023-08-31 16:47:28.498001920,1.2603663003663004
2023-08-31 16:47:28.503001856,1.356971916971917
2023-08-31 16:47:28.508002048,1.3625885225885226
2023-08-31 16:47:28.513002240,1.3536019536019537
2023-08-31 16:47:28.518002176,1.3558485958485957
2023-08-31 16:47:28.523002368,1.3974114774114774
2023-08-31 16:47:28.528002560,1.4603174603174602
2023-08-31 16:47:28.533002496,1.5333333333333334
2023-08-31 16:47:28.538002688,1.6254456654456655
2023-08-31 16:47:28.543002880,1.710818070818071
2023-08-31 16:47:28.548003072,1.7276678876678877
2023-08-31 16:47:28.553003008,1.7804639804639804
2023-08-31 16:47:28.558003200,1.8107936507936508
2023-08-31 16:47:28.563003392,1.822026862026862
2023-08-31 16:47:28.568003328,1.848986568986569
2023-08-31 16:47:28.573003520,1.8692063492063493
2023-08-31 16:47:28.578003712,1.8815628815628815
2023-08-31 16:47:28.583003648,1.8815628815628815
2023-08-31 16:47:28.588003840,1.8736996336996337
2023-08-31 16:47:28.593004032,1.874822954822955
2023-08-31 16:47:28.598004224,1.8781929181929182
2023-08-31 16:47:28.603004160,1.8725763125763126
2023-08-31 16:47:28.608004352,1.8534798534798536
2023-08-31 16:47:28.613004544,1.831013431013431
2023-08-31 16:47:28.618004480,1.8197802197802198
2023-08-31 16:47:28.623004672,1.8096703296703296
2023-08-31 16:47:28.628004864,1.8006837606837607
2023-08-31 16:47:28.633004800,1.775970695970696
2023-08-31 16:47:28.638004992,1.7602442002442003
2023-08-31 16:47:28.643005184,1.7512576312576313
2023-08-31 16:47:28.648005120,1.7332844932844933
2023-08-31 16:47:28.653005312,1.7254212454212454
2023-08-31 16:47:28.658005504,1.7411477411477412
2023-08-31 16:47:28.663005696,1.731037851037851
2023-08-31 16:47:28.668005632,1.7085714285714286
2023-08-31 16:47:28.673005824,1.6928449328449329
2023-08-31 16:47:28.678006016,1.6613919413919414
2023-08-31 16:47:28.683005952,1.6726251526251525
2023-08-31 16:47:28.688006144,1.6872283272283273
2023-08-31 16:47:28.693006336,1.693968253968254
2023-08-31 16:47:28.698006272,1.711941391941392
2023-08-31 16:47:28.703006464,1.7433943833943835
2023-08-31 16:47:28.708006656,1.7737240537240537
2023-08-31 16:47:28.713006848,1.8175335775335775
2023-08-31 16:47:28.718006784,1.8321367521367522
2023-08-31 16:47:28.723006976,1.82989010989011
2023-08-31 16:47:28.728007168,1.831013431013431
2023-08-31 16:47:28.733007104,1.8433699633699634
2023-08-31 16:47:28.738007296,1.8602197802197802
2023-08-31 16:47:28.743007488,1.875946275946276
2023-08-31 16:47:28.748007424,1.8826862026862028
2023-08-31 16:47:28.753007616,1.9152625152625153
2023-08-31 16:47:28.758007808,1.93997557997558
2023-08-31 16:47:28.763008000,1.9422222222222223
2023-08-31 16:47:28.768007936,1.9321123321123321
2023-08-31 16:47:28.773008128,1.9186324786324787
2023-08-31 16:47:28.778008320,1.9152625152625153
2023-08-31 16:47:28.783008256,1.920879120879121
2023-08-31 16:47:28.788008448,1.9231257631257632
2023-08-31 16:47:28.793008640,1.9276190476190476
2023-08-31 16:47:28.798008576,1.9354822954822954
2023-08-31 16:47:28.803008768,1.9444688644688646
2023-08-31 16:47:28.808008960,1.9444688644688646
2023-08-31 16:47:28.813008896,1.9388522588522588
2023-08-31 16:47:28.818009088,1.9388522588522588
2023-08-31 16:47:28.823009280,1.941098901098901
2023-08-31 16:47:28.828009472,1.9332356532356532
2023-08-31 16:47:28.833009408,1.9388522588522588
2023-08-31 16:47:28.838009600,1.9309890109890109
2023-08-31 16:47:28.843009792,1.9309890109890109
2023-08-31 16:47:28.848009728,1.9332356532356532
2023-08-31 16:47:28.853009920,1.9231257631257632
2023-08-31 16:47:28.858010112,1.9276190476190476
2023-08-31 16:47:28.863010048,1.9298656898656898
2023-08-31 16:47:28.868010240,1.9366056166056167
2023-08-31 16:47:28.873010432,1.9321123321123321
2023-08-31 16:47:28.878010624,1.9332356532356532
2023-08-31 16:47:28.883010560,1.9321123321123321
2023-08-31 16:47:28.888010752,1.9332356532356532
2023-08-31 16:47:28.893010944,1.9298656898656898
2023-08-31 16:47:28.898010880,1.9152625152625153
2023-08-31 16:47:28.903011072,1.913015873015873
2023-08-31 16:47:28.908011264,1.9118925518925518
2023-08-31 16:47:28.913011200,1.904029304029304
2023-08-31 16:47:28.918011392,1.895042735042735
2023-08-31 16:47:28.930000128,1.8961660561660563
2023-08-31 16:47:28.935000064,1.8793162393162393
2023-08-31 16:47:28.940000256,1.877069597069597
2023-08-31 16:47:28.945000448,1.8984126984126983
2023-08-31 16:47:28.950000640,1.8961660561660563
2023-08-31 16:47:28.955000576,1.8916727716727717
2023-08-31 16:47:28.960000768,1.8894261294261294
2023-08-31 16:47:28.965000960,1.893919413919414
2023-08-31 16:47:28.970000896,1.8916727716727717
2023-08-31 16:47:28.975001088,1.8894261294261294
2023-08-31 16:47:28.980001280,1.8714529914529914
2023-08-31 16:47:28.985001216,1.8692063492063493
2023-08-31 16:47:28.990001408,1.8692063492063493
2023-08-31 16:47:28.995001600,1.8602197802197802
2023-08-31 16:47:29.000001792,1.8523565323565323
2023-08-31 16:47:29.005001728,1.848986568986569
2023-08-31 16:47:29.010001920,1.8433699633699634
2023-08-31 16:47:29.015002112,1.8377533577533578
2023-08-31 16:47:29.020002048,1.8332600732600732
2023-08-31 16:47:29.025002240,1.8287667887667887
2023-08-31 16:47:29.030002432,1.8287667887667887
2023-08-31 16:47:29.035002368,1.8265201465201466
2023-08-31 16:47:29.040002560,1.8276434676434676
2023-08-31 16:47:29.045002752,1.8276434676434676
2023-08-31 16:47:29.050002688,1.823150183150183
2023-08-31 16:47:29.055002880,1.822026862026862
2023-08-31 16:47:29.060003072,1.8119169719169719
2023-08-31 16:47:29.065003264,1.8018070818070817
2023-08-31 16:47:29.070003200,1.7961904761904761
2023-08-31 16:47:29.075003392,1.7939438339438338
2023-08-31 16:47:29.080003584,1.7973137973137974
2023-08-31 16:47:29.085003520,1.7984371184371184
2023-08-31 16:47:29.090003712,1.7928205128205128
2023-08-31 16:47:29.095003904,1.7928205128205128
2023-08-31 16:47:29.100003840,1.7984371184371184
2023-08-31 16:47:29.105004032,1.7939438339438338
2023-08-31 16:47:29.110004224,1.795067155067155
2023-08-31 16:47:29.115004416,1.7905738705738705
2023-08-31 16:47:29.120004352,1.795067155067155
2023-08-31 16:47:29.125004544,1.7872039072039072
2023-08-31 16:47:29.130004736,1.7860805860805862
2023-08-31 16:47:29.135004672,1.7748473748473748
2023-08-31 16:47:29.140004864,1.7726007326007327
2023-08-31 16:47:29.145005056,1.7703540903540904
2023-08-31 16:47:29.150004992,1.7624908424908425
2023-08-31 16:47:29.155005184,1.777094017094017
2023-08-31 16:47:29.160005376,1.7602442002442003
2023-08-31 16:47:29.165005568,1.7669841269841269
2023-08-31 16:47:29.170005504,1.7703540903540904
2023-08-31 16:47:29.175005696,1.7624908424908425
2023-08-31 16:47:29.180005888,1.7624908424908425
2023-08-31 16:47:29.185005824,1.7669841269841269
2023-08-31 16:47:29.190006016,1.7703540903540904
2023-08-31 16:47:29.195006208,1.7703540903540904
2023-08-31 16:47:29.200006144,1.7692307692307692
2023-08-31 16:47:29.205006336,1.756874236874237
2023-08-31 16:47:29.210006528,1.7557509157509157
2023-08-31 16:47:29.215006464,1.7535042735042734
2023-08-31 16:47:29.220006656,1.7467643467643468
2023-08-31 16:47:29.225006848,1.75013431013431
2023-08-31 16:47:29.230007040,1.738901098901099
2023-08-31 16:47:29.235006976,1.7377777777777779
2023-08-31 16:47:29.240007168,1.7332844932844933
2023-08-31 16:47:29.245007360,1.7344078144078143
2023-08-31 16:47:29.250007296,1.7276678876678877
2023-08-31 16:47:29.255007488,1.7265445665445665
2023-08-31 16:47:29.260007680,1.7254212454212454
2023-08-31 16:47:29.265007616,1.7265445665445665
2023-08-31 16:47:29.270007808,1.757997557997558
2023-08-31 16:47:29.275008000,1.7535042735042734
2023-08-31 16:47:29.280008192,1.7535042735042734
2023-08-31 16:47:29.285008128,1.7523809523809524
2023-08-31 16:47:29.290008320,1.749010989010989
2023-08-31 16:47:29.295008512,1.75013431013431
2023-08-31 16:47:29.300008448,1.7512576312576313
2023-08-31 16:47:29.305008640,1.7512576312576313
2023-08-31 16:47:29.310008832,1.7467643467643468
2023-08-31 16:47:29.315008768,1.749010989010989
2023-08-31 16:47:29.320008960,1.7433943833943835
2023-08-31 16:47:29.325009152,1.7366544566544566
2023-08-31 16:47:29.330009344,1.7411477411477412
2023-08-31 16:47:29.335009280,1.7467643467643468
2023-08-31 16:47:29.340009472,1.7467643467643468
2023-08-31 16:47:29.345009664,1.7478876678876678
2023-08-31 16:47:29.350009600,1.7456410256410257
2023-08-31 16:47:29.355009792,1.7321611721611723
2023-08-31 16:47:29.360009984,1.7377777777777779
2023-08-31 16:47:29.365009920,1.7332844932844933
2023-08-31 16:47:29.370010112,1.7366544566544566
2023-08-31 16:47:29.375010304,1.731037851037851
2023-08-31 16:47:29.380010240,1.7265445665445665
2023-08-31 16:47:29.385010432,1.7276678876678877
2023-08-31 16:47:29.390010624,1.7332844932844933
2023-08-31 16:47:29.395010816,1.7276678876678877
2023-08-31 16:47:29.400010752,1.731037851037851
2023-08-31 16:47:29.405010944,1.7355311355311356
2023-08-31 16:47:29.410011136,1.7467643467643468
2023-08-31 16:47:29.415011072,1.7377777777777779
2023-08-31 16:47:29.420011264,1.7377777777777779
2023-08-31 16:47:29.425011456,1.7422710622710622
2023-08-31 16:47:29.436000000,1.7344078144078143
2023-08-31 16:47:29.441000192,1.72991452991453
2023-08-31 16:47:29.446000384,1.7265445665445665
2023-08-31 16:47:29.451000576,1.72991452991453
2023-08-31 16:47:29.456000512,1.7332844932844933
2023-08-31 16:47:29.461000704,1.7321611721611723
2023-08-31 16:47:29.466000896,1.7332844932844933
2023-08-31 16:47:29.471000832,1.7366544566544566
2023-08-31 16:47:29.476001024,1.7377777777777779
2023-08-31 16:47:29.481001216,1.7344078144078143
2023-08-31 16:47:29.486001152,1.7231746031746031
2023-08-31 16:47:29.491001344,1.7254212454212454
2023-08-31 16:47:29.496001536,1.7209279609279609
2023-08-31 16:47:29.501001472,1.7096947496947497
2023-08-31 16:47:29.506001664,1.702954822954823
2023-08-31 16:47:29.511001856,1.6973382173382174
2023-08-31 16:47:29.516002048,1.7007081807081808
2023-08-31 16:47:29.521001984,1.7018315018315018
2023-08-31 16:47:29.526002176,1.7242979242979244
2023-08-31 16:47:29.531002368,1.7456410256410257
2023-08-31 16:47:29.536002304,1.7456410256410257
2023-08-31 16:47:29.541002496,1.7422710622710622
2023-08-31 16:47:29.546002688,1.7377777777777779
2023-08-31 16:47:29.551002624,1.7872039072039072
2023-08-31 16:47:29.556002816,1.8107936507936508
2023-08-31 16:47:29.561003008,1.8141636141636142
2023-08-31 16:47:29.566003200,1.8119169719169719
2023-08-31 16:47:29.571003136,1.7961904761904761
2023-08-31 16:47:29.576003328,1.7658608058608058
2023-08-31 16:47:29.581003520,1.7591208791208792
2023-08-31 16:47:29.586003456,1.7681074481074481
2023-08-31 16:47:29.591003648,1.7782173382173383
2023-08-31 16:47:29.596003840,1.7602442002442003
2023-08-31 16:47:29.601003776,1.7276678876678877
2023-08-31 16:47:29.606003968,1.7456410256410257
2023-08-31 16:47:29.611004160,1.7883272283272282
2023-08-31 16:47:29.616004352,1.9646886446886447
2023-08-31 16:47:29.621004288,1.9276190476190476
2023-08-31 16:47:29.626004480,1.74002442002442
2023-08-31 16:47:29.631004672,1.6243223443223442
2023-08-31 16:47:29.636004608,1.4333577533577533
2023-08-31 16:47:29.641004800,1.167130647130647
2023-08-31 16:47:29.646004992,0.9559462759462759
2023-08-31 16:47:29.651004928,0.7852014652014652
2023-08-31 16:47:29.656005120,0.6885958485958485
2023-08-31 16:47:29.661005312,0.7661050061050061
2023-08-31 16:47:29.666005248,0.9098901098901099
2023-08-31 16:47:29.671005440,1.0817582417582419
2023-08-31 16:47:29.676005632,1.2996825396825398
2023-08-31 16:47:29.681005824,1.4861538461538462
2023-08-31 16:47:29.686005760,1.6512820512820512
2023-08-31 16:47:29.691005952,1.75013431013431
2023-08-31 16:47:29.696006144,1.74002442002442
2023-08-31 16:47:29.701006080,1.7557509157509157
2023-08-31 16:47:29.706006272,1.7523809523809524
2023-08-31 16:47:29.711006464,1.7422710622710622
2023-08-31 16:47:29.716006400,1.7433943833943835
2023-08-31 16:47:29.721006592,1.75013431013431
2023-08-31 16:47:29.726006784,1.731037851037851
2023-08-31 16:47:29.731006976,1.7332844932844933
2023-08-31 16:47:29.736006912,1.7344078144078143
2023-08-31 16:47:29.741007104,1.731037851037851
2023-08-31 16:47:29.746007296,1.74002442002442
2023-08-31 16:47:29.751007232,1.738901098901099
2023-08-31 16:47:29.756007424,1.7456410256410257
2023-08-31 16:47:29.761007616,1.7512576312576313
2023-08-31 16:47:29.766007552,1.7523809523809524
2023-08-31 16:47:29.771007744,1.7535042735042734
2023-08-31 16:47:29.776007936,1.7512576312576313
2023-08-31 16:47:29.781008128,1.7467643467643468
2023-08-31 16:47:29.786008064,1.7546275946275947
2023-08-31 16:47:29.791008256,1.7602442002442003
2023-08-31 16:47:29.796008448,1.7692307692307692
2023-08-31 16:47:29.801008384,1.7669841269841269
2023-08-31 16:47:29.806008576,1.7681074481074481
2023-08-31 16:47:29.811008768,1.7714774114774114
2023-08-31 16:47:29.816008704,1.7737240537240537
2023-08-31 16:47:29.821008896,1.7692307692307692
2023-08-31 16:47:29.826009088,1.7714774114774114
2023-08-31 16:47:29.831009024,1.7692307692307692
2023-08-31 16:47:29.836009216,1.756874236874237
2023-08-31 16:47:29.841009408,1.7658608058608058
2023-08-31 16:47:29.846009600,1.757997557997558
2023-08-31 16:47:29.851009536,1.7602442002442003
2023-08-31 16:47:29.856009728,1.7512576312576313
2023-08-31 16:47:29.861009920,1.7478876678876678
2023-08-31 16:47:29.866009856,1.731037851037851
2023-08-31 16:47:29.871010048,1.7287912087912087
2023-08-31 16:47:29.876010240,1.7467643467643468
2023-08-31 16:47:29.881010176,1.7445177045177045
2023-08-31 16:47:29.886010368,1.749010989010989
2023-08-31 16:47:29.891010560,1.7366544566544566
2023-08-31 16:47:29.896010752,1.7265445665445665
2023-08-31 16:47:29.901010688,1.7141880341880342
2023-08-31 16:47:29.906010880,1.7074481074481074
2023-08-31 16:47:29.911011072,1.705201465201465
2023-08-31 16:47:29.916011008,1.6973382173382174
2023-08-31 16:47:29.921011200,1.6872283272283273
2023-08-31 16:47:29.926011392,1.6883516483516483
2023-08-31 16:47:29.931011328,1.6917216117216116
