I,II,III,aVR,aVL,aVF,V1,V2,V3,V4,V5,V6
-877.0,-877.0,-897.0,-983,-1293.0,-1520.0,-153.0,-377.0,-599.0,-599.0,-1289.0,-1289.0
-870.0,-870.0,-894.0,-985,-984.0,-1520.0,-153.0,-377.0,-599.0,-599.0,-1289.0,-1289.0
-858.0,-858.0,-889.0,-983,-983.0,-1487.0,-153.0,-377.0,-599.0,-599.0,-1289.0,-1289.0
-820.0,-820.0,-884.0,-903,-983.0,-1483.0,-153.0,-377.0,-599.0,-599.0,-1289.0,-1289.0
-816.0,-816.0,-877.0,-902,-982.0,-1481.0,-153.0,-377.0,-599.0,-599.0,-1288.0,-1288.0
-815.0,-815.0,-870.0,-902,-983.0,-1541.0,-153.0,-377.0,-598.0,-598.0,-1288.0,-1288.0
-812.0,-812.0,-858.0,-903,-983.0,-1541.0,-153.0,-377.0,-598.0,-598.0,-1288.0,-1288.0
-812.0,-812.0,-820.0,-904,-984.0,-1545.0,-153.0,-377.0,-598.0,-596.0,-1288.0,-1286.0
-846.0,-846.0,-816.0,-903,-985.0,-1550.0,-154.0,-378.0,-596.0,-598.0,-1288.0,-1288.0
-791.0,-791.0,-815.0,-903,-989.0,-1578.0,-154.0,-378.0,-598.0,-598.0,-1288.0,-1288.0
-784.0,-784.0,-812.0,-902,-992.0,-1402.0,-154.0,-378.0,-598.0,-823.0,-1288.0,-1288.0
-770.0,-770.0,-812.0,-900,-996.0,-1400.0,-154.0,-377.0,-598.0,-821.0,-1288.0,-1288.0
-742.0,-742.0,-846.0,-897,-999.0,-1395.0,-155.0,-377.0,-599.0,-822.0,-1289.0,-1289.0
-735.0,-735.0,-791.0,-894,-1006.0,-1391.0,-154.0,-377.0,-599.0,-823.0,-1290.0,-1290.0
-723.0,-723.0,-784.0,-889,-1014.0,-1383.0,-154.0,-377.0,-599.0,-823.0,-1292.0,-1292.0
-565.0,-717.0,-770.0,-884,-1027.0,-1377.0,-154.0,-375.0,-600.0,-824.0,-1292.0,-1292.0
-558.0,-709.0,-742.0,-877,-1038.0,-1370.0,-154.0,-377.0,-601.0,-825.0,-1293.0,-1293.0
-546.0,-700.0,-735.0,-870,-1048.0,-1364.0,-153.0,-377.0,-602.0,-825.0,-1293.0,-1293.0
-535.0,-690.0,-723.0,-858,-1091.0,-1356.0,-153.0,-377.0,-602.0,-835.0,-1294.0,-1294.0
-527.0,-681.0,-717.0,-820,-1096.0,-1350.0,-153.0,-377.0,-603.0,-835.0,-1294.0,-1294.0
-183.0,-673.0,-709.0,-816,-1104.0,-1345.0,-152.0,-377.0,-604.0,-836.0,-1294.0,-1294.0
-184.0,-665.0,-700.0,-815,-1111.0,-1342.0,-152.0,-388.0,-604.0,-836.0,-1294.0,-1294.0
-184.0,-657.0,-690.0,-786,-1116.0,-1338.0,-152.0,-389.0,-605.0,-836.0,-1295.0,-1295.0
-185.0,-651.0,-681.0,-812,-1120.0,-1335.0,-152.0,-389.0,-605.0,-836.0,-1295.0,-1295.0
-184.0,-644.0,-673.0,-816,-1124.0,-1332.0,-152.0,-388.0,-606.0,-836.0,-1297.0,-1295.0
-182.0,-640.0,-665.0,-837,-1127.0,-1331.0,-152.0,-388.0,-606.0,-836.0,-1295.0,-1295.0
-179.0,-636.0,-657.0,-844,-1128.0,-1330.0,-152.0,-388.0,-606.0,-836.0,-1295.0,-1295.0
-177.0,-449.0,-651.0,-854,-1130.0,-1329.0,-152.0,-387.0,-606.0,-836.0,-1295.0,-1295.0
-173.0,-444.0,-644.0,-861,-1131.0,-1328.0,-152.0,-388.0,-606.0,-836.0,-1294.0,-1294.0
-176.0,-439.0,-640.0,-867,-1131.0,-1328.0,-152.0,-388.0,-606.0,-836.0,-1294.0,-1294.0
-177.0,-433.0,-636.0,-872,-1131.0,-1327.0,-152.0,-388.0,-605.0,-836.0,-1294.0,-1294.0
-180.0,-428.0,-632.0,-877,-1132.0,-1327.0,-152.0,-388.0,-605.0,-836.0,-1293.0,-1293.0
-183.0,-421.0,-630.0,-881,-1132.0,-1327.0,-152.0,-389.0,-605.0,-836.0,-1293.0,-1293.0
-187.0,-415.0,-628.0,-884,-1133.0,-1326.0,-152.0,-389.0,-605.0,-836.0,-1293.0,-1293.0
-190.0,-411.0,-627.0,-886,-1133.0,-1326.0,-152.0,-389.0,-605.0,-835.0,-1293.0,-1293.0
-193.0,-408.0,-626.0,-889,-1133.0,-1326.0,-152.0,-389.0,-605.0,-835.0,-1293.0,-1293.0
-196.0,-405.0,-625.0,-890,-1134.0,-1326.0,-152.0,-389.0,-604.0,-834.0,-1293.0,-1293.0
-198.0,-403.0,-624.0,-891,-1134.0,-1325.0,-152.0,-389.0,-604.0,-834.0,-1292.0,-1292.0
-198.0,-401.0,-623.0,-892,-1134.0,-1324.0,-152.0,-389.0,-604.0,-834.0,-1290.0,-1290.0
-198.0,-400.0,-623.0,-893,-1134.0,-1323.0,-152.0,-389.0,-604.0,-833.0,-1288.0,-1288.0
-197.0,-399.0,-622.0,-893,-1135.0,-1322.0,-152.0,-388.0,-603.0,-832.0,-1286.0,-1286.0
-197.0,-398.0,-622.0,-893,-1135.0,-1322.0,-152.0,-387.0,-603.0,-831.0,-1283.0,-1283.0
-197.0,-397.0,-622.0,-893,-1136.0,-1321.0,-151.0,-385.0,-601.0,-829.0,-1281.0,-1281.0
-196.0,-397.0,-622.0,-893,-1136.0,-1320.0,-150.0,-383.0,-600.0,-827.0,-1279.0,-1279.0
-196.0,-397.0,-622.0,-893,-1137.0,-1320.0,-148.0,-380.0,-597.0,-823.0,-1277.0,-1277.0
-195.0,-397.0,-621.0,-893,-1138.0,-1319.0,-146.0,-378.0,-596.0,-821.0,-1276.0,-1271.0
-195.0,-397.0,-621.0,-894,-1138.0,-1318.0,-143.0,-376.0,-593.0,-820.0,-1277.0,-1277.0
-195.0,-396.0,-621.0,-894,-1138.0,-1318.0,-139.0,-139.0,-591.0,-813.0,-1279.0,-1279.0
-193.0,-396.0,-620.0,-894,-1139.0,-1316.0,-136.0,-136.0,-589.0,-819.0,-1282.0,-1282.0
-195.0,-396.0,-619.0,-894,-1139.0,-1313.0,-133.0,-133.0,-588.0,-820.0,-1288.0,-1288.0
-195.0,-395.0,-618.0,-894,-1140.0,-1311.0,-131.0,-131.0,-369.0,-821.0,-1295.0,-1295.0
-195.0,-395.0,-617.0,-895,-1140.0,-1309.0,-126.0,-126.0,-372.0,-828.0,-1298.0,-1298.0
-196.0,-394.0,-617.0,-895,-1140.0,-1308.0,-133.0,-133.0,-127.0,-835.0,-1302.0,-1302.0
-196.0,-393.0,-616.0,-895,-1141.0,-1307.0,-136.0,-136.0,-136.0,-839.0,-1307.0,-1307.0
-196.0,-392.0,-615.0,-895,-1141.0,-1305.0,-140.0,-140.0,-140.0,-844.0,-1318.0,-1318.0
-196.0,-392.0,-614.0,-896,-1142.0,-1304.0,-141.0,-141.0,-141.0,-851.0,-1323.0,-1323.0
-196.0,-391.0,-614.0,-896,-1143.0,-1302.0,-146.0,-146.0,-146.0,-857.0,-1328.0,-1328.0
-196.0,-391.0,-613.0,-897,-1143.0,-1301.0,-151.0,-151.0,-151.0,-862.0,-1332.0,-1332.0
-196.0,-390.0,-612.0,-897,-1144.0,-1299.0,-156.0,-156.0,-156.0,-1174.0,-1346.0,-1346.0
-196.0,-390.0,-612.0,-898,-1146.0,-1298.0,-162.0,-162.0,-162.0,-1178.0,-1333.0,-1333.0
-196.0,-389.0,-610.0,-899,-1147.0,-1297.0,-168.0,-168.0,-168.0,-1184.0,-1336.0,-1336.0
-196.0,-388.0,-609.0,-900,-1148.0,-1295.0,-173.0,-173.0,-173.0,-1191.0,-1333.0,-1333.0
-197.0,-387.0,-608.0,-901,-1150.0,-1293.0,-176.0,-176.0,-176.0,-1199.0,-1332.0,-1332.0
-197.0,-385.0,-605.0,-902,-1152.0,-1290.0,-180.0,-180.0,-180.0,-1241.0,-1331.0,-1331.0
-198.0,-383.0,-603.0,-903,-1154.0,-1287.0,-183.0,-183.0,-183.0,-1323.0,-1323.0,-1323.0
-198.0,-382.0,-601.0,-905,-1156.0,-1282.0,-184.0,-184.0,-184.0,-1325.0,-1325.0,-1325.0
-198.0,-380.0,-599.0,-906,-1160.0,-1279.0,-185.0,-185.0,-185.0,-1330.0,-1330.0,-1330.0
-198.0,-378.0,-596.0,-907,-1162.0,-1276.0,-186.0,-186.0,-186.0,-1344.0,-1344.0,-1344.0
-197.0,-376.0,-594.0,-908,-1164.0,-1272.0,-186.0,-186.0,-186.0,-1349.0,-1349.0,-1349.0
-196.0,-374.0,-592.0,-909,-1167.0,-1268.0,-186.0,-186.0,-186.0,-1354.0,-1354.0,-1354.0
-196.0,-372.0,-588.0,-910,-1169.0,-1264.0,-186.0,-186.0,-186.0,-1358.0,-1358.0,-1358.0
-195.0,-370.0,-586.0,-912,-1171.0,-1260.0,-186.0,-186.0,-186.0,-1363.0,-1363.0,-1363.0
-195.0,-369.0,-583.0,-913,-1173.0,-1256.0,-187.0,-187.0,-187.0,-1366.0,-1366.0,-1366.0
-195.0,-367.0,-580.0,-915,-1175.0,-1252.0,-187.0,-187.0,-187.0,-1374.0,-1374.0,-1374.0
-192.0,-364.0,-576.0,-917,-1177.0,-1248.0,-188.0,-188.0,-188.0,-1366.0,-1366.0,-1366.0
-194.0,-362.0,-573.0,-919,-1179.0,-1244.0,-188.0,-188.0,-188.0,-1363.0,-1363.0,-1363.0
-195.0,-358.0,-570.0,-921,-1181.0,-1240.0,-191.0,-191.0,-191.0,-1355.0,-1355.0,-1355.0
-195.0,-356.0,-566.0,-923,-1183.0,-1236.0,-193.0,-193.0,-193.0,-1343.0,-1343.0,-1343.0
-196.0,-352.0,-562.0,-926,-1185.0,-1232.0,-197.0,-197.0,-197.0,-1319.0,-1319.0,-1319.0
-196.0,-349.0,-558.0,-929,-1186.0,-1228.0,-204.0,-204.0,-204.0,-1311.0,-1311.0,-1311.0
-197.0,-345.0,-554.0,-931,-1187.0,-1224.0,-210.0,-210.0,-210.0,-1289.0,-1289.0,-1289.0
-197.0,-342.0,-549.0,-934,-1190.0,-1220.0,-214.0,-214.0,-214.0,-1467.0,-1467.0,-1467.0
-198.0,-338.0,-545.0,-938,-1188.0,-1216.0,-218.0,-218.0,-218.0,-1416.0,-1416.0,-1416.0
-198.0,-335.0,-542.0,-941,-1187.0,-1214.0,-229.0,-221.0,-221.0,-1400.0,-1400.0,-1400.0
-198.0,-331.0,-538.0,-944,-1187.0,-1212.0,-221.0,-221.0,-221.0,-1386.0,-1386.0,-1386.0
-198.0,-328.0,-534.0,-947,-1186.0,-1210.0,-216.0,-216.0,-216.0,-1372.0,-1372.0,-1372.0
-198.0,-324.0,-531.0,-950,-1184.0,-1206.0,-209.0,-209.0,-209.0,-1352.0,-1352.0,-1352.0
-198.0,-319.0,-527.0,-952,-1183.0,-1210.0,-202.0,-202.0,-202.0,-1339.0,-1339.0,-1339.0
-197.0,-315.0,-523.0,-954,-1180.0,-1211.0,-197.0,-197.0,-197.0,-1332.0,-1332.0,-1332.0
-197.0,-310.0,-520.0,-956,-1178.0,-1215.0,-190.0,-190.0,-190.0,-1321.0,-1321.0,-1321.0
-196.0,-305.0,-517.0,-957,-1175.0,-1219.0,-183.0,-183.0,-183.0,-1310.0,-1310.0,-1310.0
-196.0,-300.0,-516.0,-957,-1170.0,-1224.0,-178.0,-178.0,-178.0,-1305.0,-1305.0,-1305.0
-195.0,-295.0,-514.0,-958,-1167.0,-1229.0,-173.0,-173.0,-173.0,-1299.0,-1299.0,-1299.0
-194.0,-291.0,-513.0,-960,-1164.0,-1236.0,-168.0,-168.0,-168.0,-1064.0,-1064.0,-1295.0
-194.0,-288.0,-509.0,-958,-1160.0,-1243.0,-164.0,-164.0,-164.0,-1061.0,-1061.0,-1292.0
-193.0,-286.0,-513.0,-957,-1157.0,-1251.0,-161.0,-161.0,-161.0,-1057.0,-1057.0,-1288.0
-193.0,-283.0,-515.0,-956,-1154.0,-1258.0,-157.0,-157.0,-157.0,-1054.0,-1054.0,-1285.0
-193.0,-281.0,-520.0,-955,-1151.0,-1265.0,-153.0,-153.0,-153.0,-1050.0,-1050.0,-1283.0
-192.0,-280.0,-523.0,-953,-1149.0,-1271.0,-152.0,-152.0,-152.0,-1047.0,-1047.0,-1281.0
-192.0,-276.0,-528.0,-952,-1147.0,-1278.0,-150.0,-150.0,-150.0,-1044.0,-1044.0,-1279.0
-191.0,-281.0,-534.0,-950,-1146.0,-1284.0,-149.0,-149.0,-149.0,-1043.0,-1043.0,-1278.0
-191.0,-283.0,-542.0,-948,-1144.0,-1289.0,-149.0,-149.0,-149.0,-1042.0,-1042.0,-1277.0
-190.0,-285.0,-549.0,-946,-1143.0,-1295.0,-148.0,-148.0,-148.0,-1040.0,-1040.0,-1277.0
-189.0,-288.0,-556.0,-943,-1141.0,-1298.0,-148.0,-148.0,-148.0,-1039.0,-1039.0,-1276.0
-189.0,-294.0,-563.0,-941,-1140.0,-1302.0,-147.0,-147.0,-147.0,-1038.0,-1038.0,-1275.0
-188.0,-300.0,-571.0,-938,-1138.0,-1306.0,-147.0,-147.0,-147.0,-1038.0,-1038.0,-1275.0
-187.0,-305.0,-577.0,-934,-1137.0,-1309.0,-146.0,-146.0,-146.0,-1037.0,-1037.0,-1274.0
-186.0,-312.0,-584.0,-931,-1136.0,-1312.0,-146.0,-146.0,-146.0,-1036.0,-1036.0,-1273.0
-185.0,-318.0,-590.0,-928,-1135.0,-1314.0,-146.0,-146.0,-146.0,-1035.0,-1035.0,-1272.0
-183.0,-325.0,-595.0,-924,-1133.0,-1317.0,-145.0,-145.0,-145.0,-1034.0,-1034.0,-1271.0
-182.0,-332.0,-599.0,-922,-1132.0,-1319.0,-145.0,-145.0,-145.0,-1032.0,-1032.0,-1271.0
-181.0,-339.0,-603.0,-920,-1132.0,-1320.0,-145.0,-145.0,-145.0,-1031.0,-1031.0,-1270.0
-180.0,-345.0,-606.0,-918,-1131.0,-1321.0,-145.0,-145.0,-145.0,-1030.0,-1030.0,-1269.0
-177.0,-352.0,-609.0,-916,-1130.0,-1322.0,-145.0,-145.0,-145.0,-1029.0,-1029.0,-1269.0
-180.0,-359.0,-612.0,-914,-1129.0,-1323.0,-145.0,-145.0,-145.0,-1027.0,-1027.0,-1267.0
-182.0,-365.0,-615.0,-912,-1129.0,-1324.0,-145.0,-145.0,-145.0,-1026.0,-1026.0,-1266.0
-183.0,-370.0,-617.0,-911,-1128.0,-1326.0,-145.0,-145.0,-145.0,-1025.0,-1025.0,-1265.0
-184.0,-373.0,-619.0,-910,-1128.0,-1328.0,-145.0,-145.0,-145.0,-1023.0,-1023.0,-1264.0
-185.0,-376.0,-622.0,-908,-1127.0,-1331.0,-145.0,-145.0,-145.0,-1021.0,-1021.0,-1263.0
-186.0,-378.0,-623.0,-907,-1126.0,-1335.0,-144.0,-144.0,-144.0,-1019.0,-1019.0,-1262.0
-187.0,-381.0,-624.0,-906,-1126.0,-1338.0,-144.0,-144.0,-144.0,-1017.0,-1017.0,-1260.0
-187.0,-383.0,-625.0,-906,-1126.0,-1342.0,-144.0,-144.0,-144.0,-1015.0,-1015.0,-1258.0
-187.0,-385.0,-626.0,-905,-1126.0,-1344.0,-144.0,-144.0,-144.0,-1012.0,-1012.0,-1257.0
-187.0,-386.0,-627.0,-905,-1127.0,-1347.0,-144.0,-144.0,-144.0,-1010.0,-1010.0,-1255.0
-188.0,-387.0,-629.0,-905,-1127.0,-1350.0,-144.0,-144.0,-144.0,-1008.0,-1008.0,-1254.0
-188.0,-387.0,-630.0,-904,-1129.0,-1351.0,-144.0,-144.0,-144.0,-1005.0,-1005.0,-1252.0
-189.0,-388.0,-632.0,-904,-1127.0,-1353.0,-144.0,-144.0,-144.0,-1003.0,-1003.0,-1250.0
-189.0,-389.0,-634.0,-901,-1127.0,-1353.0,-143.0,-143.0,-141.0,-1002.0,-1002.0,-1248.0
-189.0,-391.0,-637.0,-899,-1126.0,-1353.0,-143.0,-143.0,-143.0,-999.0,-999.0,-1246.0
-189.0,-394.0,-639.0,-897,-1125.0,-1354.0,-143.0,-143.0,-536.0,-997.0,-997.0,-1244.0
-189.0,-398.0,-641.0,-894,-1125.0,-1354.0,-143.0,-143.0,-534.0,-994.0,-994.0,-1242.0
-188.0,-402.0,-643.0,-891,-1124.0,-1354.0,-143.0,-143.0,-532.0,-992.0,-992.0,-1239.0
-188.0,-408.0,-644.0,-889,-1124.0,-1354.0,-142.0,-140.0,-529.0,-988.0,-988.0,-1236.0
-187.0,-413.0,-645.0,-886,-1123.0,-1354.0,-142.0,-142.0,-527.0,-985.0,-985.0,-1233.0
-184.0,-417.0,-646.0,-883,-1122.0,-1354.0,-142.0,-349.0,-523.0,-980.0,-980.0,-1229.0
-187.0,-420.0,-648.0,-882,-1122.0,-1354.0,-142.0,-346.0,-518.0,-975.0,-975.0,-1224.0
-189.0,-422.0,-648.0,-881,-1122.0,-1354.0,-141.0,-344.0,-512.0,-969.0,-969.0,-1218.0
-191.0,-423.0,-649.0,-877,-1122.0,-1354.0,-140.0,-341.0,-505.0,-962.0,-962.0,-1214.0
-193.0,-423.0,-649.0,-881,-1122.0,-1354.0,-140.0,-338.0,-498.0,-953.0,-953.0,-1210.0
-197.0,-423.0,-650.0,-881,-1123.0,-1354.0,-139.0,-335.0,-494.0,-944.0,-944.0,-1205.0
-199.0,-423.0,-650.0,-881,-1123.0,-1354.0,-138.0,-332.0,-486.0,-937.0,-937.0,-1200.0
-201.0,-423.0,-650.0,-881,-1123.0,-1354.0,-137.0,-329.0,-481.0,-933.0,-933.0,-1196.0
-202.0,-423.0,-650.0,-881,-1123.0,-1354.0,-136.0,-326.0,-468.0,-924.0,-924.0,-1190.0
-206.0,-424.0,-650.0,-881,-1124.0,-1355.0,-135.0,-324.0,-462.0,-918.0,-918.0,-1185.0
-202.0,-425.0,-650.0,-880,-1124.0,-1355.0,-134.0,-320.0,-455.0,-912.0,-912.0,-1180.0
-201.0,-425.0,-650.0,-880,-1125.0,-1355.0,-133.0,-316.0,-449.0,-905.0,-905.0,-1175.0
-200.0,-426.0,-650.0,-880,-1124.0,-1355.0,-132.0,-313.0,-439.0,-894.0,-894.0,-1170.0
-199.0,-426.0,-650.0,-880,-1124.0,-1356.0,-131.0,-311.0,-432.0,-888.0,-888.0,-1164.0
-199.0,-425.0,-650.0,-880,-1124.0,-1356.0,-130.0,-308.0,-426.0,-883.0,-883.0,-1159.0
-199.0,-425.0,-650.0,-879,-1123.0,-1356.0,-129.0,-302.0,-421.0,-879.0,-879.0,-1154.0
-197.0,-422.0,-651.0,-879,-1123.0,-1357.0,-129.0,-295.0,-414.0,-874.0,-874.0,-1149.0
-199.0,-424.0,-651.0,-879,-1123.0,-1357.0,-128.0,-290.0,-408.0,-866.0,-866.0,-1145.0
-199.0,-425.0,-651.0,-879,-1122.0,-1357.0,-128.0,-283.0,-403.0,-859.0,-859.0,-1141.0
-199.0,-426.0,-652.0,-879,-1122.0,-1358.0,-127.0,-276.0,-396.0,-855.0,-855.0,-1138.0
-200.0,-426.0,-652.0,-879,-1121.0,-1358.0,-127.0,-271.0,-392.0,-852.0,-852.0,-1136.0
-200.0,-427.0,-652.0,-878,-1121.0,-1358.0,-126.0,-267.0,-389.0,-851.0,-851.0,-1131.0
-200.0,-428.0,-653.0,-878,-1121.0,-1358.0,-126.0,-263.0,-386.0,-849.0,-849.0,-1135.0
-200.0,-429.0,-653.0,-878,-1121.0,-1358.0,-126.0,-261.0,-385.0,-849.0,-842.0,-1136.0
-200.0,-429.0,-653.0,-877,-1121.0,-1358.0,-126.0,-259.0,-379.0,-849.0,-849.0,-1138.0
-200.0,-429.0,-653.0,-877,-1121.0,-1358.0,-125.0,-257.0,-384.0,-850.0,-850.0,-1140.0
-201.0,-429.0,-653.0,-877,-1122.0,-1358.0,-123.0,-255.0,-385.0,-858.0,-858.0,-1145.0
-201.0,-429.0,-653.0,-876,-1122.0,-1358.0,-125.0,-248.0,-389.0,-866.0,-866.0,-1149.0
-202.0,-429.0,-653.0,-876,-1122.0,-1358.0,-126.0,-254.0,-404.0,-873.0,-873.0,-1156.0
-202.0,-430.0,-653.0,-876,-1123.0,-1358.0,-127.0,-256.0,-408.0,-877.0,-877.0,-1162.0
-202.0,-430.0,-653.0,-876,-1122.0,-1358.0,-128.0,-261.0,-415.0,-884.0,-884.0,-1170.0
-204.0,-430.0,-653.0,-876,-1122.0,-1358.0,-129.0,-267.0,-421.0,-896.0,-896.0,-1180.0
-202.0,-430.0,-653.0,-876,-1122.0,-1358.0,-131.0,-271.0,-429.0,-905.0,-905.0,-1187.0
-202.0,-430.0,-653.0,-876,-1122.0,-1358.0,-133.0,-275.0,-438.0,-915.0,-915.0,-1194.0
-202.0,-431.0,-653.0,-876,-1121.0,-1358.0,-135.0,-280.0,-451.0,-663.0,-928.0,-1203.0
-201.0,-431.0,-653.0,-875,-1121.0,-1359.0,-138.0,-287.0,-461.0,-697.0,-944.0,-1212.0
-201.0,-431.0,-653.0,-875,-1121.0,-1359.0,-140.0,-293.0,-474.0,-715.0,-958.0,-1222.0
-201.0,-432.0,-653.0,-875,-1121.0,-1360.0,-141.0,-299.0,-497.0,-722.0,-964.0,-1228.0
-202.0,-431.0,-653.0,-875,-1121.0,-1362.0,-143.0,-306.0,-505.0,-730.0,-973.0,-1235.0
-202.0,-431.0,-653.0,-873,-1121.0,-1360.0,-144.0,-312.0,-512.0,-737.0,-984.0,-1240.0
-202.0,-431.0,-653.0,-875,-1121.0,-1360.0,-145.0,-317.0,-518.0,-745.0,-992.0,-1245.0
-202.0,-431.0,-653.0,-875,-1121.0,-1359.0,-146.0,-323.0,-529.0,-755.0,-999.0,-1250.0
-202.0,-430.0,-653.0,-875,-1121.0,-1359.0,-147.0,-330.0,-538.0,-763.0,-1009.0,-1254.0
-203.0,-430.0,-653.0,-875,-1121.0,-1358.0,-148.0,-336.0,-542.0,-769.0,-1015.0,-1259.0
-203.0,-430.0,-653.0,-876,-1121.0,-1358.0,-149.0,-340.0,-547.0,-774.0,-1020.0,-1262.0
-205.0,-430.0,-653.0,-876,-1120.0,-1357.0,-150.0,-344.0,-553.0,-781.0,-1025.0,-1265.0
-203.0,-430.0,-653.0,-876,-1120.0,-1357.0,-150.0,-348.0,-561.0,-785.0,-1029.0,-1268.0
-203.0,-431.0,-653.0,-876,-1120.0,-1356.0,-151.0,-352.0,-566.0,-790.0,-1033.0,-1270.0
-203.0,-431.0,-653.0,-876,-1120.0,-1356.0,-151.0,-355.0,-570.0,-794.0,-1035.0,-1273.0
-202.0,-431.0,-653.0,-876,-1119.0,-1356.0,-151.0,-358.0,-574.0,-797.0,-1037.0,-1274.0
-202.0,-434.0,-653.0,-875,-1119.0,-1356.0,-151.0,-360.0,-577.0,-800.0,-1038.0,-1275.0
-201.0,-432.0,-653.0,-872,-1119.0,-1356.0,-152.0,-363.0,-580.0,-803.0,-1041.0,-1276.0
-201.0,-431.0,-653.0,-874,-1117.0,-1356.0,-152.0,-364.0,-582.0,-805.0,-1042.0,-1277.0
-202.0,-431.0,-653.0,-875,-1119.0,-1356.0,-152.0,-366.0,-585.0,-807.0,-1043.0,-1277.0
-203.0,-430.0,-653.0,-875,-1119.0,-1356.0,-152.0,-367.0,-586.0,-808.0,-1044.0,-1278.0
-203.0,-429.0,-653.0,-876,-1119.0,-1356.0,-153.0,-369.0,-587.0,-810.0,-1045.0,-1279.0
-205.0,-429.0,-653.0,-878,-1120.0,-1356.0,-153.0,-370.0,-588.0,-810.0,-1046.0,-1279.0
-203.0,-428.0,-653.0,-879,-1120.0,-1356.0,-153.0,-371.0,-589.0,-811.0,-1046.0,-1280.0
-203.0,-427.0,-653.0,-879,-1120.0,-1356.0,-153.0,-372.0,-589.0,-812.0,-1047.0,-1281.0
-202.0,-427.0,-653.0,-880,-1121.0,-1356.0,-153.0,-373.0,-590.0,-813.0,-1047.0,-1281.0
-202.0,-427.0,-653.0,-881,-1121.0,-1356.0,-153.0,-373.0,-591.0,-813.0,-1048.0,-1282.0
-201.0,-427.0,-653.0,-881,-1121.0,-1356.0,-153.0,-374.0,-591.0,-813.0,-1048.0,-1282.0
-200.0,-428.0,-653.0,-880,-1123.0,-1355.0,-153.0,-374.0,-591.0,-814.0,-1048.0,-1282.0
-200.0,-428.0,-653.0,-880,-1121.0,-1355.0,-153.0,-375.0,-592.0,-814.0,-1049.0,-1283.0
-199.0,-428.0,-653.0,-879,-1121.0,-1355.0,-153.0,-375.0,-593.0,-815.0,-1049.0,-1283.0
-198.0,-428.0,-653.0,-879,-1121.0,-1354.0,-153.0,-376.0,-594.0,-816.0,-1050.0,-1283.0
-196.0,-428.0,-653.0,-878,-1121.0,-1354.0,-153.0,-376.0,-594.0,-817.0,-1050.0,-1284.0
-198.0,-429.0,-653.0,-877,-1120.0,-1354.0,-154.0,-376.0,-595.0,-818.0,-1051.0,-1284.0
-199.0,-429.0,-653.0,-877,-1120.0,-1354.0,-153.0,-377.0,-596.0,-818.0,-1051.0,-1284.0
-199.0,-429.0,-653.0,-876,-1119.0,-1355.0,-153.0,-377.0,-596.0,-819.0,-1052.0,-1285.0
-200.0,-433.0,-653.0,-874,-1119.0,-1355.0,-153.0,-377.0,-597.0,-820.0,-1052.0,-1285.0
-200.0,-429.0,-653.0,-876,-1117.0,-1356.0,-153.0,-378.0,-598.0,-821.0,-1053.0,-1286.0
-201.0,-429.0,-653.0,-877,-1119.0,-1357.0,-153.0,-378.0,-598.0,-821.0,-1053.0,-1286.0
-202.0,-427.0,-653.0,-878,-1119.0,-1357.0,-153.0,-378.0,-599.0,-822.0,-1054.0,-1286.0
-203.0,-425.0,-653.0,-879,-1119.0,-1358.0,-153.0,-378.0,-599.0,-822.0,-1054.0,-1287.0
-203.0,-425.0,-653.0,-880,-1120.0,-1360.0,-153.0,-379.0,-599.0,-823.0,-1055.0,-1287.0
-206.0,-424.0,-653.0,-881,-1120.0,-1358.0,-150.0,-379.0,-600.0,-823.0,-1055.0,-1287.0
-203.0,-421.0,-654.0,-882,-1121.0,-1357.0,-153.0,-379.0,-600.0,-824.0,-1056.0,-1288.0
-203.0,-423.0,-654.0,-883,-1121.0,-1357.0,-153.0,-380.0,-600.0,-825.0,-1056.0,-1288.0
-202.0,-424.0,-654.0,-883,-1121.0,-1357.0,-153.0,-380.0,-601.0,-825.0,-1057.0,-1288.0
-200.0,-425.0,-654.0,-883,-1123.0,-1356.0,-153.0,-381.0,-601.0,-826.0,-1057.0,-1288.0
-199.0,-427.0,-654.0,-882,-1121.0,-1355.0,-153.0,-381.0,-602.0,-826.0,-1058.0,-1289.0
-198.0,-428.0,-654.0,-881,-1121.0,-1355.0,-153.0,-382.0,-602.0,-827.0,-1058.0,-1289.0
-197.0,-429.0,-654.0,-880,-1121.0,-1354.0,-153.0,-383.0,-603.0,-827.0,-1058.0,-1289.0
-196.0,-430.0,-654.0,-879,-1121.0,-1354.0,-153.0,-383.0,-604.0,-828.0,-1059.0,-1289.0
-193.0,-431.0,-654.0,-878,-1120.0,-1354.0,-153.0,-383.0,-604.0,-828.0,-1059.0,-1290.0
-196.0,-434.0,-654.0,-877,-1120.0,-1354.0,-154.0,-384.0,-604.0,-829.0,-1060.0,-1290.0
-198.0,-431.0,-653.0,-876,-1120.0,-1355.0,-154.0,-384.0,-605.0,-829.0,-1060.0,-1290.0
-199.0,-431.0,-653.0,-872,-1120.0,-1356.0,-154.0,-385.0,-605.0,-829.0,-1060.0,-1290.0
-200.0,-429.0,-653.0,-875,-1119.0,-1357.0,-154.0,-385.0,-605.0,-830.0,-1061.0,-1290.0
-201.0,-429.0,-653.0,-876,-1119.0,-1359.0,-154.0,-385.0,-605.0,-830.0,-1061.0,-1291.0
-202.0,-427.0,-653.0,-877,-1119.0,-1357.0,-154.0,-386.0,-606.0,-830.0,-1062.0,-1291.0
-203.0,-425.0,-653.0,-878,-1119.0,-1357.0,-154.0,-386.0,-606.0,-831.0,-1062.0,-1291.0
-203.0,-424.0,-653.0,-880,-1119.0,-1356.0,-154.0,-386.0,-607.0,-831.0,-1063.0,-1292.0
-206.0,-421.0,-653.0,-881,-1119.0,-1355.0,-154.0,-386.0,-607.0,-831.0,-1063.0,-1292.0
-203.0,-424.0,-653.0,-882,-1119.0,-1355.0,-154.0,-386.0,-608.0,-832.0,-1064.0,-1292.0
-202.0,-425.0,-653.0,-883,-1119.0,-1355.0,-155.0,-386.0,-608.0,-832.0,-1065.0,-1293.0
-201.0,-426.0,-653.0,-883,-1117.0,-1354.0,-155.0,-387.0,-609.0,-833.0,-1065.0,-1293.0
-200.0,-427.0,-653.0,-882,-1119.0,-1354.0,-155.0,-387.0,-609.0,-833.0,-1065.0,-1293.0
-199.0,-428.0,-653.0,-881,-1119.0,-1354.0,-155.0,-387.0,-609.0,-834.0,-1066.0,-1294.0
-198.0,-429.0,-653.0,-880,-1119.0,-1354.0,-155.0,-387.0,-610.0,-834.0,-1066.0,-1294.0
-195.0,-431.0,-653.0,-879,-1119.0,-1354.0,-155.0,-387.0,-610.0,-834.0,-1066.0,-1294.0
-197.0,-429.0,-653.0,-879,-1119.0,-1354.0,-155.0,-388.0,-610.0,-835.0,-1067.0,-1295.0
-198.0,-428.0,-653.0,-876,-1119.0,-1354.0,-155.0,-388.0,-611.0,-835.0,-1067.0,-1295.0
-198.0,-427.0,-653.0,-879,-1119.0,-1354.0,-155.0,-388.0,-611.0,-835.0,-1067.0,-1296.0
-199.0,-427.0,-653.0,-879,-1119.0,-1354.0,-155.0,-388.0,-611.0,-836.0,-1068.0,-1296.0
-200.0,-426.0,-653.0,-880,-1120.0,-1354.0,-155.0,-388.0,-612.0,-836.0,-1068.0,-1296.0
-200.0,-426.0,-653.0,-880,-1120.0,-1354.0,-155.0,-388.0,-612.0,-836.0,-1068.0,-1297.0
-200.0,-425.0,-653.0,-881,-1120.0,-1354.0,-155.0,-388.0,-612.0,-836.0,-1068.0,-1297.0
-200.0,-423.0,-652.0,-881,-1120.0,-1354.0,-155.0,-389.0,-613.0,-837.0,-1068.0,-1297.0
-200.0,-425.0,-652.0,-881,-1120.0,-1354.0,-155.0,-389.0,-613.0,-837.0,-1068.0,-1297.0
-200.0,-426.0,-652.0,-882,-1120.0,-1354.0,-155.0,-389.0,-613.0,-837.0,-1068.0,-1298.0
-199.0,-426.0,-652.0,-881,-1119.0,-1354.0,-155.0,-389.0,-613.0,-837.0,-1068.0,-1298.0
-199.0,-426.0,-652.0,-881,-1117.0,-1354.0,-155.0,-390.0,-614.0,-838.0,-1069.0,-1298.0
-198.0,-426.0,-652.0,-881,-1119.0,-1354.0,-155.0,-390.0,-614.0,-838.0,-1069.0,-1298.0
-196.0,-426.0,-652.0,-878,-1120.0,-1354.0,-155.0,-390.0,-614.0,-838.0,-1069.0,-1298.0
-198.0,-425.0,-652.0,-881,-1120.0,-1354.0,-155.0,-390.0,-614.0,-838.0,-1069.0,-1298.0
-199.0,-425.0,-651.0,-881,-1121.0,-1354.0,-155.0,-390.0,-615.0,-838.0,-1069.0,-1298.0
-199.0,-424.0,-651.0,-881,-1122.0,-1354.0,-155.0,-390.0,-615.0,-839.0,-1069.0,-1298.0
-200.0,-421.0,-651.0,-882,-1122.0,-1354.0,-155.0,-390.0,-615.0,-839.0,-1069.0,-1298.0
-200.0,-423.0,-651.0,-882,-1123.0,-1354.0,-155.0,-391.0,-615.0,-839.0,-1069.0,-1298.0
-200.0,-424.0,-651.0,-882,-1125.0,-1354.0,-155.0,-391.0,-615.0,-839.0,-1069.0,-1299.0
-200.0,-424.0,-649.0,-883,-1123.0,-1354.0,-155.0,-391.0,-615.0,-839.0,-1069.0,-1299.0
-200.0,-425.0,-651.0,-882,-1123.0,-1354.0,-155.0,-391.0,-615.0,-839.0,-1069.0,-1299.0
-199.0,-426.0,-651.0,-881,-1122.0,-1354.0,-155.0,-390.0,-616.0,-839.0,-1069.0,-1300.0
-199.0,-427.0,-651.0,-881,-1122.0,-1354.0,-155.0,-390.0,-616.0,-839.0,-1070.0,-1299.0
-195.0,-427.0,-651.0,-880,-1121.0,-1354.0,-155.0,-390.0,-616.0,-839.0,-1070.0,-1299.0
-198.0,-428.0,-651.0,-879,-1121.0,-1354.0,-154.0,-390.0,-616.0,-839.0,-1070.0,-1299.0
-199.0,-430.0,-651.0,-878,-1120.0,-1353.0,-154.0,-390.0,-616.0,-839.0,-1070.0,-1299.0
-200.0,-428.0,-652.0,-875,-1119.0,-1353.0,-154.0,-390.0,-616.0,-839.0,-1072.0,-1298.0
-201.0,-427.0,-652.0,-878,-1119.0,-1352.0,-154.0,-390.0,-616.0,-839.0,-1070.0,-1298.0
-202.0,-427.0,-652.0,-878,-1119.0,-1349.0,-154.0,-390.0,-616.0,-839.0,-1070.0,-1298.0
-203.0,-426.0,-652.0,-879,-1119.0,-1346.0,-154.0,-390.0,-615.0,-839.0,-1070.0,-1297.0
-204.0,-425.0,-652.0,-880,-1118.0,-1343.0,-153.0,-389.0,-615.0,-839.0,-1070.0,-1297.0
-206.0,-425.0,-652.0,-882,-1117.0,-1340.0,-152.0,-389.0,-615.0,-838.0,-1069.0,-1297.0
-204.0,-424.0,-652.0,-883,-1115.0,-1337.0,-152.0,-388.0,-615.0,-838.0,-1069.0,-1296.0
-203.0,-424.0,-652.0,-884,-1113.0,-1331.0,-151.0,-388.0,-614.0,-838.0,-1068.0,-1296.0
-202.0,-423.0,-652.0,-884,-1110.0,-1337.0,-150.0,-387.0,-614.0,-837.0,-1067.0,-1295.0
-200.0,-423.0,-652.0,-884,-1108.0,-1345.0,-149.0,-387.0,-613.0,-836.0,-1066.0,-1294.0
-199.0,-423.0,-652.0,-884,-1105.0,-1351.0,-148.0,-386.0,-612.0,-835.0,-1066.0,-1294.0
-198.0,-420.0,-653.0,-884,-1102.0,-1113.0,-147.0,-385.0,-611.0,-835.0,-1065.0,-1293.0
-197.0,-417.0,-653.0,-886,-1104.0,-1110.0,-146.0,-385.0,-610.0,-834.0,-1064.0,-1293.0
-197.0,-414.0,-653.0,-889,-1105.0,-1108.0,-144.0,-384.0,-610.0,-834.0,-1063.0,-1292.0
-197.0,-411.0,-654.0,-891,-1107.0,-1105.0,-144.0,-383.0,-609.0,-833.0,-1062.0,-1291.0
-197.0,-406.0,-656.0,-894,-1109.0,-1102.0,-144.0,-382.0,-608.0,-832.0,-1061.0,-1291.0
-197.0,-400.0,-658.0,-898,-1110.0,-1104.0,-140.0,-379.0,-607.0,-831.0,-1060.0,-1290.0
-196.0,-404.0,-662.0,-902,-1108.0,-1105.0,-144.0,-382.0,-607.0,-830.0,-1059.0,-1289.0
-193.0,-408.0,-668.0,-908,-1105.0,-1107.0,-145.0,-382.0,-606.0,-829.0,-1058.0,-1288.0
-191.0,-415.0,-678.0,-902,-1098.0,-1109.0,-147.0,-383.0,-602.0,-829.0,-1058.0,-1288.0
-189.0,-424.0,-690.0,-898,-1092.0,-1110.0,-149.0,-384.0,-606.0,-828.0,-1057.0,-1288.0
-185.0,-435.0,-702.0,-894,-1087.0,-1108.0,-150.0,-385.0,-605.0,-828.0,-1057.0,-1287.0
-183.0,-447.0,-716.0,-890,-1082.0,-1105.0,-153.0,-386.0,-605.0,-827.0,-1057.0,-1287.0
-177.0,-461.0,-728.0,-884,-1075.0,-1098.0,-155.0,-387.0,-603.0,-827.0,-1057.0,-1286.0
-181.0,-477.0,-814.0,-879,-1070.0,-1092.0,-156.0,-388.0,-605.0,-827.0,-1057.0,-1286.0
-183.0,-493.0,-831.0,-874,-1063.0,-1087.0,-157.0,-388.0,-605.0,-825.0,-1055.0,-1285.0
-187.0,-517.0,-840.0,-870,-1058.0,-1082.0,-159.0,-389.0,-605.0,-827.0,-1057.0,-1285.0
-189.0,-534.0,-888.0,-866,-1050.0,-1075.0,-160.0,-389.0,-606.0,-827.0,-1057.0,-1285.0
-191.0,-551.0,-801.0,-863,-1045.0,-1070.0,-161.0,-390.0,-606.0,-827.0,-1057.0,-1282.0
-194.0,-584.0,-797.0,-859,-1038.0,-1063.0,-165.0,-390.0,-607.0,-828.0,-1057.0,-1284.0
-196.0,-601.0,-793.0,-856,-1032.0,-1058.0,-161.0,-391.0,-608.0,-828.0,-1057.0,-1285.0
-194.0,-614.0,-789.0,-851,-1025.0,-1050.0,-160.0,-391.0,-608.0,-829.0,-1058.0,-1286.0
-193.0,-626.0,-786.0,-847,-1019.0,-1045.0,-159.0,-391.0,-610.0,-830.0,-1059.0,-1287.0
-191.0,-641.0,-783.0,-842,-1014.0,-1038.0,-159.0,-392.0,-611.0,-831.0,-1061.0,-1288.0
-189.0,-650.0,-780.0,-837,-1009.0,-1032.0,-157.0,-392.0,-613.0,-833.0,-1063.0,-1290.0
-187.0,-655.0,-777.0,-833,-1004.0,-1025.0,-157.0,-392.0,-614.0,-835.0,-1065.0,-1292.0
-185.0,-659.0,-775.0,-788,-1000.0,-1019.0,-157.0,-393.0,-616.0,-837.0,-1067.0,-1294.0
-184.0,-663.0,-772.0,-831,-995.0,-1014.0,-156.0,-393.0,-617.0,-838.0,-1069.0,-1296.0
-182.0,-668.0,-771.0,-840,-991.0,-1009.0,-156.0,-393.0,-619.0,-840.0,-1071.0,-1298.0
-182.0,-664.0,-769.0,-842,-987.0,-1004.0,-155.0,-394.0,-620.0,-842.0,-1071.0,-1299.0
-181.0,-660.0,-770.0,-874,-983.0,-1000.0,-155.0,-394.0,-621.0,-843.0,-1073.0,-1300.0
-180.0,-655.0,-774.0,-891,-981.0,-995.0,-153.0,-394.0,-622.0,-844.0,-1073.0,-1301.0
-180.0,-650.0,-781.0,-897,-977.0,-991.0,-155.0,-395.0,-622.0,-844.0,-1073.0,-1301.0
-179.0,-639.0,-791.0,-902,-980.0,-987.0,-155.0,-394.0,-622.0,-844.0,-1073.0,-1302.0
-179.0,-628.0,-856.0,-906,-982.0,-983.0,-155.0,-394.0,-622.0,-845.0,-1073.0,-1302.0
-179.0,-617.0,-813.0,-912,-984.0,-981.0,-156.0,-394.0,-622.0,-845.0,-1074.0,-1302.0
-176.0,-607.0,-812.0,-909,-988.0,-977.0,-156.0,-394.0,-622.0,-845.0,-1074.0,-1302.0
-178.0,-591.0,-808.0,-907,-994.0,-980.0,-156.0,-393.0,-622.0,-845.0,-1074.0,-1302.0
-179.0,-578.0,-806.0,-905,-1000.0,-982.0,-156.0,-393.0,-624.0,-845.0,-1074.0,-1302.0
-179.0,-565.0,-767.0,-901,-1007.0,-984.0,-156.0,-393.0,-622.0,-845.0,-1074.0,-1302.0
-181.0,-553.0,-755.0,-894,-1016.0,-988.0,-156.0,-393.0,-622.0,-847.0,-1074.0,-1302.0
-183.0,-539.0,-742.0,-886,-1028.0,-994.0,-156.0,-393.0,-622.0,-845.0,-1074.0,-1303.0
-185.0,-527.0,-728.0,-878,-1045.0,-1000.0,-156.0,-393.0,-622.0,-845.0,-1076.0,-1302.0
-187.0,-516.0,-717.0,-868,-1061.0,-1007.0,-156.0,-392.0,-622.0,-845.0,-1074.0,-1302.0
-187.0,-506.0,-707.0,-860,-1073.0,-1016.0,-156.0,-392.0,-622.0,-845.0,-1074.0,-1302.0
-187.0,-497.0,-694.0,-848,-1085.0,-1028.0,-156.0,-392.0,-622.0,-845.0,-1074.0,-1302.0
-186.0,-483.0,-684.0,-815,-1101.0,-1045.0,-156.0,-392.0,-621.0,-845.0,-1074.0,-1302.0
-185.0,-473.0,-677.0,-813,-1110.0,-1061.0,-155.0,-391.0,-621.0,-845.0,-1074.0,-1302.0
-184.0,-464.0,-667.0,-812,-1117.0,-1073.0,-155.0,-391.0,-621.0,-844.0,-1074.0,-1302.0
-183.0,-454.0,-659.0,-808,-1121.0,-1085.0,-155.0,-390.0,-621.0,-844.0,-1074.0,-1302.0
-179.0,-446.0,-653.0,-748,-1125.0,-1101.0,-153.0,-390.0,-620.0,-844.0,-1074.0,-1302.0
-184.0,-439.0,-647.0,-854,-1128.0,-1332.0,-151.0,-389.0,-619.0,-843.0,-1073.0,-1301.0
-186.0,-433.0,-642.0,-862,-1131.0,-1331.0,-150.0,-388.0,-617.0,-842.0,-1072.0,-1300.0
-187.0,-427.0,-638.0,-867,-1132.0,-1330.0,-148.0,-386.0,-616.0,-841.0,-1071.0,-1299.0
-190.0,-422.0,-635.0,-872,-1133.0,-1328.0,-145.0,-385.0,-614.0,-839.0,-1070.0,-1298.0
-193.0,-418.0,-633.0,-878,-1134.0,-1327.0,-143.0,-383.0,-612.0,-838.0,-1068.0,-1297.0
-195.0,-414.0,-631.0,-882,-1134.0,-1326.0,-141.0,-380.0,-610.0,-836.0,-1066.0,-1295.0
-197.0,-411.0,-630.0,-884,-1135.0,-1324.0,-135.0,-378.0,-608.0,-835.0,-1064.0,-1293.0
-198.0,-409.0,-629.0,-886,-1135.0,-1323.0,-139.0,-377.0,-607.0,-833.0,-1062.0,-1291.0
-199.0,-407.0,-628.0,-887,-1136.0,-1321.0,-140.0,-377.0,-600.0,-826.0,-1061.0,-1289.0
-200.0,-406.0,-627.0,-889,-1136.0,-1319.0,-142.0,-376.0,-606.0,-832.0,-1055.0,-1283.0
-200.0,-405.0,-626.0,-889,-1137.0,-1317.0,-144.0,-376.0,-607.0,-833.0,-1061.0,-1288.0
-200.0,-404.0,-624.0,-890,-1137.0,-1315.0,-147.0,-376.0,-608.0,-834.0,-1064.0,-1289.0
-201.0,-402.0,-622.0,-890,-1138.0,-1312.0,-150.0,-375.0,-611.0,-836.0,-1066.0,-1291.0
-201.0,-401.0,-621.0,-891,-1139.0,-1310.0,-153.0,-374.0,-616.0,-841.0,-1070.0,-1294.0
-202.0,-398.0,-619.0,-892,-1140.0,-1307.0,-156.0,-373.0,-622.0,-844.0,-1074.0,-1298.0
-202.0,-397.0,-617.0,-893,-1141.0,-1305.0,-159.0,-370.0,-627.0,-847.0,-1079.0,-1302.0
-203.0,-394.0,-614.0,-894,-1142.0,-1303.0,-161.0,-368.0,-630.0,-851.0,-1082.0,-1304.0
-202.0,-392.0,-613.0,-896,-1142.0,-1302.0,-164.0,-366.0,-633.0,-855.0,-1086.0,-1307.0
-202.0,-390.0,-611.0,-898,-1143.0,-1300.0,-166.0,-365.0,-636.0,-859.0,-1089.0,-1309.0
-201.0,-388.0,-609.0,-899,-1143.0,-1298.0,-169.0,-364.0,-642.0,-862.0,-1092.0,-1312.0
-201.0,-386.0,-607.0,-901,-1144.0,-1296.0,-170.0,-361.0,-653.0,-869.0,-1096.0,-1314.0
-200.0,-383.0,-605.0,-903,-1144.0,-1294.0,-173.0,-360.0,-661.0,-875.0,-1100.0,-1318.0
-200.0,-381.0,-604.0,-905,-1144.0,-1293.0,-175.0,-357.0,-671.0,-879.0,-1104.0,-1324.0
-199.0,-380.0,-602.0,-906,-1144.0,-1292.0,-177.0,-352.0,-681.0,-917.0,-1112.0,-1328.0
-199.0,-378.0,-600.0,-908,-1145.0,-1291.0,-179.0,-357.0,-691.0,-925.0,-1153.0,-1347.0
-198.0,-376.0,-598.0,-909,-1145.0,-1290.0,-181.0,-358.0,-703.0,-934.0,-1163.0,-1365.0
-198.0,-373.0,-596.0,-911,-1145.0,-1288.0,-183.0,-361.0,-725.0,-952.0,-1216.0,-1375.0
-198.0,-370.0,-596.0,-912,-1146.0,-1287.0,-185.0,-364.0,-739.0,-976.0,-976.0,-1386.0
-198.0,-368.0,-595.0,-914,-1147.0,-1286.0,-186.0,-370.0,-750.0,-989.0,-989.0,-1406.0
-197.0,-366.0,-594.0,-916,-1148.0,-1285.0,-187.0,-376.0,-769.0,-1002.0,-1002.0,-1415.0
-197.0,-364.0,-593.0,-917,-1148.0,-1284.0,-189.0,-390.0,-786.0,-1025.0,-1025.0,-1431.0
-197.0,-362.0,-593.0,-918,-1149.0,-1283.0,-191.0,-397.0,-795.0,-1034.0,-1034.0,-1444.0
-196.0,-360.0,-592.0,-920,-1149.0,-1282.0,-193.0,-406.0,-801.0,-1046.0,-1046.0,-1453.0
-196.0,-359.0,-590.0,-920,-1150.0,-1282.0,-196.0,-422.0,-809.0,-1056.0,-1056.0,-1460.0
-195.0,-358.0,-589.0,-921,-1150.0,-1279.0,-199.0,-435.0,-822.0,-1064.0,-1064.0,-1468.0
-195.0,-357.0,-588.0,-921,-1151.0,-1281.0,-202.0,-445.0,-825.0,-1074.0,-1074.0,-1477.0
-194.0,-356.0,-587.0,-921,-1152.0,-1282.0,-207.0,-460.0,-862.0,-1094.0,-1094.0,-1484.0
-193.0,-355.0,-586.0,-922,-1152.0,-1282.0,-211.0,-474.0,-864.0,-1101.0,-1101.0,-1490.0
-192.0,-354.0,-585.0,-923,-1153.0,-1283.0,-215.0,-489.0,-867.0,-1105.0,-1105.0,-1495.0
-190.0,-353.0,-585.0,-924,-1155.0,-1283.0,-220.0,-500.0,-890.0,-1122.0,-1122.0,-1507.0
-192.0,-352.0,-585.0,-928,-1156.0,-1281.0,-223.0,-507.0,-870.0,-1106.0,-1106.0,-1497.0
-192.0,-348.0,-585.0,-925,-1157.0,-1279.0,-232.0,-525.0,-865.0,-1101.0,-1101.0,-1495.0
-193.0,-352.0,-585.0,-924,-1159.0,-1276.0,-224.0,-509.0,-857.0,-1094.0,-1094.0,-1487.0
-193.0,-353.0,-584.0,-922,-1161.0,-1274.0,-221.0,-506.0,-848.0,-1077.0,-1077.0,-1478.0
-193.0,-355.0,-583.0,-921,-1163.0,-1270.0,-215.0,-500.0,-831.0,-1064.0,-1064.0,-1465.0
-193.0,-356.0,-581.0,-920,-1165.0,-1267.0,-204.0,-488.0,-811.0,-1046.0,-1046.0,-1451.0
-193.0,-357.0,-579.0,-918,-1167.0,-1264.0,-197.0,-472.0,-775.0,-1022.0,-1022.0,-1431.0
-194.0,-357.0,-577.0,-917,-1169.0,-1260.0,-191.0,-463.0,-761.0,-999.0,-999.0,-1416.0
-195.0,-356.0,-574.0,-917,-1171.0,-1256.0,-184.0,-454.0,-739.0,-980.0,-980.0,-1405.0
-196.0,-354.0,-572.0,-917,-1173.0,-1253.0,-176.0,-443.0,-725.0,-963.0,-963.0,-1386.0
-197.0,-351.0,-568.0,-917,-1175.0,-1250.0,-168.0,-431.0,-695.0,-941.0,-941.0,-1371.0
-199.0,-348.0,-565.0,-919,-1177.0,-1247.0,-162.0,-416.0,-679.0,-929.0,-929.0,-1367.0
-200.0,-345.0,-562.0,-921,-1178.0,-1243.0,-158.0,-406.0,-660.0,-921.0,-921.0,-1315.0
-201.0,-341.0,-558.0,-924,-1180.0,-1238.0,-154.0,-400.0,-644.0,-869.0,-869.0,-1312.0
-201.0,-338.0,-555.0,-927,-1181.0,-1234.0,-150.0,-392.0,-626.0,-867.0,-859.0,-1307.0
-201.0,-334.0,-552.0,-930,-1182.0,-1229.0,-148.0,-387.0,-837.0,-833.0,-1065.0,-1301.0
-201.0,-329.0,-548.0,-934,-1183.0,-1225.0,-147.0,-383.0,-829.0,-829.0,-1061.0,-1295.0
-201.0,-324.0,-544.0,-937,-1185.0,-1222.0,-146.0,-381.0,-826.0,-826.0,-1058.0,-1291.0
-201.0,-320.0,-540.0,-940,-1183.0,-1219.0,-146.0,-380.0,-824.0,-824.0,-1054.0,-1288.0
-200.0,-315.0,-536.0,-944,-1182.0,-1217.0,-145.0,-378.0,-822.0,-822.0,-1051.0,-1286.0
-199.0,-311.0,-532.0,-947,-1181.0,-1215.0,-145.0,-377.0,-819.0,-819.0,-1048.0,-1283.0
-199.0,-306.0,-529.0,-950,-1179.0,-1210.0,-145.0,-376.0,-817.0,-817.0,-1045.0,-1282.0
-198.0,-302.0,-526.0,-952,-1177.0,-1214.0,-142.0,-375.0,-815.0,-815.0,-1043.0,-1280.0
-198.0,-298.0,-523.0,-955,-1175.0,-1216.0,-144.0,-374.0,-813.0,-813.0,-1042.0,-1279.0
-197.0,-295.0,-521.0,-957,-1172.0,-1219.0,-145.0,-374.0,-812.0,-812.0,-1040.0,-1278.0
-197.0,-292.0,-517.0,-959,-1169.0,-1223.0,-145.0,-374.0,-811.0,-811.0,-1039.0,-1277.0
-196.0,-289.0,-522.0,-964,-1165.0,-1228.0,-145.0,-373.0,-810.0,-810.0,-1038.0,-1276.0
-195.0,-287.0,-523.0,-961,-1162.0,-1233.0,-146.0,-373.0,-809.0,-809.0,-1037.0,-1275.0
-194.0,-283.0,-526.0,-960,-1158.0,-1240.0,-146.0,-373.0,-808.0,-808.0,-1036.0,-1275.0
-193.0,-286.0,-531.0,-958,-1156.0,-1248.0,-147.0,-373.0,-807.0,-807.0,-1036.0,-1274.0
-192.0,-287.0,-536.0,-957,-1153.0,-1256.0,-147.0,-373.0,-806.0,-806.0,-1034.0,-1273.0
-191.0,-290.0,-543.0,-955,-1151.0,-1264.0,-147.0,-373.0,-805.0,-805.0,-1034.0,-1272.0
-190.0,-293.0,-550.0,-953,-1148.0,-1274.0,-147.0,-373.0,-805.0,-805.0,-1033.0,-1272.0
-189.0,-298.0,-558.0,-951,-1146.0,-1283.0,-147.0,-373.0,-805.0,-805.0,-1033.0,-1272.0
-189.0,-306.0,-566.0,-948,-1143.0,-1291.0,-147.0,-372.0,-804.0,-804.0,-1032.0,-1271.0
-188.0,-313.0,-575.0,-946,-1141.0,-1299.0,-147.0,-372.0,-803.0,-803.0,-1032.0,-1271.0
-187.0,-320.0,-583.0,-942,-1139.0,-1307.0,-147.0,-372.0,-802.0,-802.0,-1031.0,-1270.0
-185.0,-328.0,-590.0,-939,-1136.0,-1314.0,-146.0,-371.0,-802.0,-802.0,-1030.0,-1270.0
-184.0,-336.0,-597.0,-934,-1134.0,-1319.0,-146.0,-370.0,-800.0,-800.0,-1029.0,-1270.0
-184.0,-345.0,-602.0,-930,-1132.0,-1325.0,-146.0,-369.0,-799.0,-799.0,-1028.0,-1268.0
-180.0,-354.0,-609.0,-926,-1130.0,-1329.0,-146.0,-368.0,-798.0,-798.0,-1026.0,-1268.0
-184.0,-362.0,-615.0,-922,-1128.0,-1333.0,-145.0,-367.0,-796.0,-796.0,-1025.0,-1267.0
-185.0,-370.0,-621.0,-918,-1126.0,-1335.0,-145.0,-367.0,-795.0,-795.0,-1023.0,-1266.0
-186.0,-377.0,-626.0,-915,-1124.0,-1338.0,-145.0,-366.0,-793.0,-793.0,-1021.0,-1265.0
-187.0,-384.0,-631.0,-912,-1123.0,-1341.0,-145.0,-365.0,-791.0,-791.0,-1020.0,-1264.0
-189.0,-389.0,-635.0,-910,-1121.0,-1342.0,-145.0,-364.0,-789.0,-789.0,-1018.0,-1263.0
-190.0,-394.0,-638.0,-908,-1120.0,-1343.0,-145.0,-364.0,-787.0,-787.0,-1017.0,-1261.0
-190.0,-398.0,-641.0,-907,-1120.0,-1344.0,-145.0,-362.0,-785.0,-785.0,-1015.0,-1260.0
-191.0,-401.0,-643.0,-905,-1120.0,-1345.0,-145.0,-361.0,-783.0,-783.0,-1013.0,-1259.0
-191.0,-404.0,-645.0,-902,-1117.0,-1345.0,-145.0,-360.0,-781.0,-781.0,-1012.0,-1257.0
-191.0,-407.0,-645.0,-900,-1120.0,-1346.0,-145.0,-359.0,-779.0,-779.0,-1009.0,-1255.0
-191.0,-410.0,-646.0,-898,-1120.0,-1347.0,-145.0,-358.0,-777.0,-777.0,-1007.0,-1254.0
-191.0,-412.0,-647.0,-897,-1120.0,-1347.0,-144.0,-357.0,-774.0,-774.0,-1004.0,-1251.0
-192.0,-413.0,-647.0,-895,-1121.0,-1348.0,-144.0,-355.0,-771.0,-771.0,-1001.0,-1249.0
-192.0,-415.0,-647.0,-894,-1121.0,-1348.0,-143.0,-354.0,-768.0,-768.0,-998.0,-1247.0
-193.0,-417.0,-647.0,-893,-1121.0,-1349.0,-143.0,-352.0,-765.0,-765.0,-995.0,-1244.0
-193.0,-418.0,-647.0,-891,-1122.0,-1349.0,-142.0,-351.0,-761.0,-761.0,-992.0,-1242.0
-194.0,-419.0,-647.0,-890,-1122.0,-1349.0,-141.0,-349.0,-757.0,-757.0,-988.0,-1240.0
-195.0,-420.0,-647.0,-889,-1122.0,-1349.0,-140.0,-529.0,-752.0,-752.0,-983.0,-1237.0
-196.0,-420.0,-647.0,-888,-1122.0,-1349.0,-139.0,-515.0,-748.0,-748.0,-979.0,-1233.0
-197.0,-421.0,-648.0,-888,-1122.0,-1348.0,-139.0,-509.0,-743.0,-743.0,-974.0,-1230.0
-197.0,-422.0,-648.0,-887,-1123.0,-1347.0,-138.0,-503.0,-738.0,-738.0,-969.0,-1227.0
-197.0,-422.0,-648.0,-886,-1123.0,-1346.0,-137.0,-493.0,-728.0,-728.0,-962.0,-1223.0
-198.0,-422.0,-648.0,-886,-1123.0,-1345.0,-136.0,-486.0,-720.0,-720.0,-955.0,-1218.0
-198.0,-422.0,-647.0,-886,-1123.0,-1345.0,-135.0,-478.0,-712.0,-712.0,-949.0,-1213.0
-198.0,-421.0,-647.0,-885,-1123.0,-1345.0,-134.0,-471.0,-704.0,-704.0,-942.0,-1208.0
-198.0,-420.0,-646.0,-885,-1124.0,-1345.0,-133.0,-461.0,-694.0,-694.0,-932.0,-1202.0
-199.0,-420.0,-646.0,-885,-1124.0,-1344.0,-132.0,-454.0,-687.0,-687.0,-924.0,-1197.0
-199.0,-419.0,-645.0,-885,-1125.0,-1344.0,-131.0,-449.0,-682.0,-682.0,-918.0,-1192.0
-200.0,-419.0,-644.0,-885,-1126.0,-1344.0,-131.0,-442.0,-676.0,-676.0,-912.0,-1186.0
-200.0,-418.0,-643.0,-886,-1127.0,-1344.0,-130.0,-436.0,-668.0,-668.0,-905.0,-1181.0
-200.0,-416.0,-643.0,-886,-1128.0,-1344.0,-129.0,-430.0,-663.0,-663.0,-898.0,-1175.0
-200.0,-418.0,-642.0,-887,-1128.0,-1342.0,-128.0,-425.0,-658.0,-658.0,-891.0,-1170.0
-199.0,-418.0,-642.0,-886,-1131.0,-1344.0,-128.0,-421.0,-653.0,-653.0,-885.0,-1165.0
-197.0,-419.0,-639.0,-886,-1129.0,-1344.0,-127.0,-416.0,-648.0,-648.0,-881.0,-1161.0
-199.0,-419.0,-641.0,-886,-1128.0,-1344.0,-125.0,-412.0,-643.0,-643.0,-878.0,-1157.0
-199.0,-420.0,-642.0,-885,-1128.0,-1344.0,-127.0,-410.0,-639.0,-639.0,-873.0,-1154.0
-200.0,-420.0,-642.0,-885,-1128.0,-1344.0,-127.0,-408.0,-637.0,-637.0,-871.0,-1152.0
-201.0,-420.0,-642.0,-885,-1128.0,-1345.0,-128.0,-408.0,-636.0,-630.0,-863.0,-1151.0
-202.0,-420.0,-642.0,-885,-1128.0,-1345.0,-128.0,-410.0,-638.0,-638.0,-869.0,-1150.0
-204.0,-420.0,-642.0,-885,-1128.0,-1345.0,-129.0,-413.0,-640.0,-640.0,-870.0,-1146.0
-204.0,-420.0,-642.0,-885,-1127.0,-1345.0,-130.0,-418.0,-645.0,-645.0,-871.0,-1150.0
-208.0,-420.0,-642.0,-885,-1127.0,-1345.0,-132.0,-422.0,-650.0,-650.0,-875.0,-1150.0
-205.0,-420.0,-642.0,-885,-1127.0,-1345.0,-133.0,-427.0,-654.0,-654.0,-880.0,-1153.0
-204.0,-420.0,-642.0,-885,-1127.0,-1345.0,-134.0,-434.0,-660.0,-660.0,-886.0,-1157.0
-204.0,-420.0,-643.0,-885,-1127.0,-1345.0,-136.0,-440.0,-664.0,-664.0,-892.0,-1161.0
-203.0,-420.0,-643.0,-885,-1127.0,-1345.0,-138.0,-450.0,-670.0,-670.0,-899.0,-1167.0
-203.0,-420.0,-643.0,-885,-1126.0,-1345.0,-139.0,-457.0,-675.0,-675.0,-906.0,-1173.0
-202.0,-420.0,-644.0,-885,-1126.0,-1345.0,-141.0,-465.0,-681.0,-681.0,-914.0,-1179.0
-203.0,-419.0,-644.0,-885,-1125.0,-1345.0,-143.0,-504.0,-696.0,-696.0,-927.0,-1187.0
-203.0,-419.0,-644.0,-885,-1124.0,-1346.0,-145.0,-311.0,-711.0,-711.0,-939.0,-1195.0
-204.0,-419.0,-645.0,-885,-1123.0,-1346.0,-146.0,-317.0,-719.0,-719.0,-947.0,-1202.0
-207.0,-418.0,-645.0,-885,-1123.0,-1346.0,-147.0,-324.0,-496.0,-730.0,-957.0,-1211.0
-204.0,-418.0,-645.0,-885,-1123.0,-1347.0,-148.0,-331.0,-531.0,-742.0,-970.0,-1220.0
-204.0,-415.0,-646.0,-885,-1122.0,-1347.0,-149.0,-336.0,-539.0,-761.0,-983.0,-1228.0
-203.0,-417.0,-646.0,-886,-1123.0,-1348.0,-150.0,-341.0,-545.0,-768.0,-991.0,-1236.0
-202.0,-418.0,-646.0,-886,-1123.0,-1348.0,-150.0,-344.0,-551.0,-776.0,-999.0,-1242.0
-201.0,-419.0,-646.0,-886,-1124.0,-1348.0,-151.0,-348.0,-557.0,-782.0,-1007.0,-1249.0
-200.0,-420.0,-646.0,-888,-1124.0,-1348.0,-151.0,-352.0,-561.0,-787.0,-1013.0,-1254.0
-199.0,-421.0,-646.0,-886,-1125.0,-1349.0,-152.0,-355.0,-566.0,-792.0,-1019.0,-1259.0
-198.0,-422.0,-646.0,-886,-1125.0,-1349.0,-152.0,-358.0,-570.0,-797.0,-1024.0,-1263.0
-195.0,-423.0,-646.0,-886,-1126.0,-1349.0,-152.0,-361.0,-574.0,-801.0,-1028.0,-1266.0
-198.0,-423.0,-646.0,-885,-1126.0,-1349.0,-152.0,-364.0,-578.0,-805.0,-1032.0,-1270.0
-199.0,-423.0,-646.0,-885,-1129.0,-1349.0,-152.0,-366.0,-581.0,-808.0,-1035.0,-1272.0
-199.0,-424.0,-646.0,-885,-1126.0,-1350.0,-152.0,-367.0,-583.0,-811.0,-1038.0,-1275.0
-200.0,-424.0,-646.0,-885,-1126.0,-1350.0,-152.0,-368.0,-585.0,-814.0,-1041.0,-1277.0
-201.0,-424.0,-647.0,-884,-1126.0,-1350.0,-153.0,-369.0,-587.0,-816.0,-1043.0,-1279.0
-202.0,-424.0,-647.0,-884,-1125.0,-1350.0,-153.0,-370.0,-588.0,-818.0,-1044.0,-1281.0
-203.0,-424.0,-648.0,-884,-1124.0,-1350.0,-153.0,-371.0,-588.0,-819.0,-1046.0,-1282.0
-203.0,-424.0,-648.0,-884,-1124.0,-1350.0,-153.0,-372.0,-589.0,-820.0,-1047.0,-1283.0
-203.0,-424.0,-648.0,-884,-1124.0,-1350.0,-153.0,-372.0,-590.0,-821.0,-1048.0,-1283.0
-203.0,-424.0,-648.0,-884,-1124.0,-1351.0,-153.0,-372.0,-590.0,-821.0,-1048.0,-1284.0
-203.0,-424.0,-648.0,-884,-1124.0,-1351.0,-153.0,-373.0,-591.0,-822.0,-1049.0,-1284.0
-205.0,-424.0,-648.0,-884,-1123.0,-1351.0,-153.0,-373.0,-591.0,-822.0,-1050.0,-1285.0
-203.0,-425.0,-648.0,-884,-1123.0,-1351.0,-153.0,-374.0,-592.0,-823.0,-1050.0,-1285.0
-203.0,-425.0,-648.0,-884,-1123.0,-1351.0,-153.0,-374.0,-593.0,-823.0,-1051.0,-1286.0
-203.0,-425.0,-649.0,-884,-1123.0,-1352.0,-153.0,-374.0,-593.0,-823.0,-1051.0,-1286.0
-203.0,-425.0,-649.0,-884,-1123.0,-1352.0,-153.0,-375.0,-594.0,-823.0,-1051.0,-1286.0
-203.0,-425.0,-650.0,-884,-1122.0,-1352.0,-153.0,-375.0,-594.0,-823.0,-1052.0,-1287.0
-203.0,-425.0,-651.0,-884,-1121.0,-1352.0,-153.0,-375.0,-594.0,-824.0,-1052.0,-1287.0
-203.0,-425.0,-651.0,-884,-1120.0,-1352.0,-153.0,-375.0,-595.0,-824.0,-1052.0,-1287.0
-203.0,-425.0,-652.0,-884,-1120.0,-1352.0,-153.0,-376.0,-595.0,-824.0,-1052.0,-1287.0
-203.0,-425.0,-652.0,-884,-1120.0,-1353.0,-153.0,-376.0,-595.0,-824.0,-1052.0,-1287.0
-203.0,-425.0,-651.0,-884,-1121.0,-1353.0,-153.0,-376.0,-595.0,-824.0,-1052.0,-1287.0
-203.0,-426.0,-651.0,-884,-1122.0,-1353.0,-153.0,-376.0,-595.0,-824.0,-1052.0,-1287.0
-203.0,-426.0,-651.0,-884,-1123.0,-1354.0,-152.0,-376.0,-595.0,-824.0,-1052.0,-1287.0
-203.0,-426.0,-650.0,-884,-1123.0,-1353.0,-152.0,-376.0,-595.0,-825.0,-1051.0,-1287.0
-202.0,-426.0,-650.0,-884,-1126.0,-1353.0,-151.0,-376.0,-595.0,-825.0,-1051.0,-1287.0
-201.0,-426.0,-650.0,-884,-1123.0,-1353.0,-151.0,-376.0,-595.0,-825.0,-1051.0,-1287.0
-197.0,-426.0,-648.0,-884,-1123.0,-1353.0,-150.0,-376.0,-595.0,-825.0,-1051.0,-1286.0
-200.0,-427.0,-650.0,-883,-1123.0,-1352.0,-149.0,-376.0,-595.0,-824.0,-1051.0,-1286.0
-201.0,-427.0,-650.0,-882,-1123.0,-1352.0,-148.0,-375.0,-594.0,-824.0,-1051.0,-1286.0
-203.0,-426.0,-650.0,-881,-1122.0,-1352.0,-147.0,-375.0,-594.0,-824.0,-1050.0,-1286.0
-204.0,-426.0,-651.0,-881,-1122.0,-1352.0,-146.0,-375.0,-594.0,-824.0,-1050.0,-1285.0
-205.0,-426.0,-651.0,-880,-1121.0,-1351.0,-145.0,-375.0,-593.0,-823.0,-1050.0,-1285.0
-205.0,-426.0,-651.0,-877,-1121.0,-1351.0,-144.0,-374.0,-592.0,-823.0,-1049.0,-1284.0
-208.0,-426.0,-651.0,-880,-1120.0,-1350.0,-144.0,-373.0,-591.0,-822.0,-1049.0,-1284.0
-206.0,-426.0,-651.0,-880,-1120.0,-1350.0,-143.0,-372.0,-590.0,-821.0,-1049.0,-1283.0
-205.0,-425.0,-651.0,-881,-1120.0,-1346.0,-139.0,-372.0,-589.0,-820.0,-1048.0,-1283.0
-205.0,-425.0,-650.0,-882,-1117.0,-1350.0,-142.0,-371.0,-589.0,-820.0,-1047.0,-1282.0
-205.0,-424.0,-648.0,-882,-1119.0,-1350.0,-143.0,-367.0,-588.0,-819.0,-1046.0,-1281.0
-204.0,-423.0,-650.0,-883,-1120.0,-1351.0,-144.0,-371.0,-587.0,-818.0,-1045.0,-1280.0
-203.0,-422.0,-650.0,-884,-1120.0,-1352.0,-146.0,-372.0,-587.0,-817.0,-1044.0,-1279.0
-202.0,-418.0,-651.0,-884,-1122.0,-1353.0,-148.0,-374.0,-584.0,-816.0,-1044.0,-1278.0
-201.0,-422.0,-651.0,-885,-1123.0,-1353.0,-151.0,-376.0,-587.0,-813.0,-1043.0,-1277.0
-200.0,-424.0,-652.0,-886,-1127.0,-1354.0,-154.0,-377.0,-587.0,-816.0,-1042.0,-1277.0
-200.0,-426.0,-652.0,-889,-1123.0,-1354.0,-155.0,-379.0,-588.0,-817.0,-1039.0,-1276.0
-199.0,-428.0,-653.0,-886,-1122.0,-1354.0,-157.0,-380.0,-590.0,-817.0,-1042.0,-1276.0
-197.0,-430.0,-653.0,-886,-1122.0,-1354.0,-158.0,-380.0,-591.0,-818.0,-1042.0,-1275.0
-199.0,-433.0,-653.0,-885,-1121.0,-1354.0,-160.0,-381.0,-592.0,-818.0,-1043.0,-1275.0
-200.0,-431.0,-654.0,-883,-1120.0,-1354.0,-161.0,-381.0,-593.0,-818.0,-1043.0,-1275.0
-202.0,-430.0,-654.0,-882,-1120.0,-1354.0,-163.0,-382.0,-594.0,-819.0,-1043.0,-1275.0
-203.0,-429.0,-654.0,-881,-1119.0,-1354.0,-161.0,-382.0,-596.0,-820.0,-1044.0,-1273.0
-205.0,-429.0,-655.0,-880,-1119.0,-1354.0,-160.0,-383.0,-597.0,-821.0,-1045.0,-1275.0
-207.0,-428.0,-655.0,-876,-1119.0,-1354.0,-159.0,-384.0,-599.0,-823.0,-1045.0,-1275.0
-211.0,-428.0,-655.0,-880,-1119.0,-1354.0,-159.0,-385.0,-601.0,-824.0,-1046.0,-1275.0
-207.0,-427.0,-655.0,-880,-1119.0,-1354.0,-158.0,-386.0,-603.0,-826.0,-1048.0,-1275.0
-205.0,-427.0,-655.0,-881,-1119.0,-1354.0,-158.0,-387.0,-605.0,-828.0,-1050.0,-1276.0
-204.0,-428.0,-655.0,-881,-1119.0,-1354.0,-157.0,-388.0,-607.0,-830.0,-1052.0,-1278.0
-203.0,-428.0,-655.0,-882,-1119.0,-1354.0,-157.0,-389.0,-609.0,-832.0,-1054.0,-1280.0
-202.0,-428.0,-655.0,-883,-1119.0,-1354.0,-157.0,-390.0,-611.0,-834.0,-1056.0,-1282.0
-202.0,-428.0,-655.0,-883,-1119.0,-1354.0,-157.0,-391.0,-612.0,-836.0,-1059.0,-1284.0
-202.0,-428.0,-654.0,-883,-1119.0,-1354.0,-157.0,-391.0,-613.0,-838.0,-1061.0,-1287.0
-202.0,-430.0,-654.0,-882,-1119.0,-1354.0,-157.0,-392.0,-615.0,-839.0,-1063.0,-1289.0
-202.0,-428.0,-654.0,-882,-1119.0,-1355.0,-157.0,-392.0,-616.0,-841.0,-1064.0,-1290.0
-203.0,-428.0,-654.0,-881,-1119.0,-1354.0,-157.0,-393.0,-617.0,-841.0,-1065.0,-1291.0
-203.0,-428.0,-653.0,-881,-1119.0,-1354.0,-157.0,-394.0,-618.0,-842.0,-1066.0,-1292.0
-203.0,-428.0,-653.0,-881,-1119.0,-1354.0,-157.0,-394.0,-619.0,-843.0,-1067.0,-1294.0
-203.0,-428.0,-653.0,-881,-1119.0,-1354.0,-157.0,-394.0,-620.0,-844.0,-1068.0,-1295.0
-203.0,-427.0,-651.0,-879,-1119.0,-1354.0,-157.0,-395.0,-620.0,-845.0,-1069.0,-1295.0
-203.0,-427.0,-653.0,-881,-1119.0,-1354.0,-157.0,-395.0,-621.0,-845.0,-1069.0,-1296.0
-205.0,-427.0,-653.0,-881,-1119.0,-1354.0,-157.0,-395.0,-621.0,-846.0,-1070.0,-1296.0
-203.0,-427.0,-653.0,-881,-1119.0,-1354.0,-157.0,-396.0,-621.0,-846.0,-1070.0,-1297.0
-203.0,-427.0,-653.0,-881,-1119.0,-1354.0,-157.0,-396.0,-622.0,-847.0,-1071.0,-1297.0
-203.0,-427.0,-654.0,-882,-1119.0,-1354.0,-157.0,-397.0,-622.0,-847.0,-1071.0,-1297.0
-203.0,-427.0,-654.0,-882,-1118.0,-1354.0,-157.0,-396.0,-622.0,-847.0,-1071.0,-1298.0
-203.0,-427.0,-654.0,-882,-1118.0,-1354.0,-157.0,-396.0,-623.0,-848.0,-1071.0,-1298.0
-203.0,-427.0,-654.0,-883,-1116.0,-1354.0,-157.0,-395.0,-623.0,-848.0,-1072.0,-1299.0
-202.0,-427.0,-654.0,-883,-1118.0,-1354.0,-157.0,-395.0,-623.0,-848.0,-1072.0,-1299.0
-202.0,-427.0,-654.0,-883,-1118.0,-1354.0,-157.0,-395.0,-624.0,-849.0,-1072.0,-1299.0
-202.0,-424.0,-654.0,-883,-1118.0,-1354.0,-157.0,-395.0,-624.0,-849.0,-1072.0,-1299.0
-201.0,-427.0,-654.0,-883,-1119.0,-1354.0,-158.0,-395.0,-624.0,-849.0,-1072.0,-1299.0
-201.0,-428.0,-654.0,-884,-1119.0,-1354.0,-158.0,-395.0,-624.0,-849.0,-1072.0,-1299.0
-201.0,-428.0,-654.0,-884,-1119.0,-1354.0,-158.0,-395.0,-624.0,-849.0,-1072.0,-1299.0
-201.0,-429.0,-654.0,-886,-1119.0,-1354.0,-158.0,-395.0,-624.0,-850.0,-1072.0,-1299.0
-201.0,-429.0,-654.0,-884,-1119.0,-1353.0,-158.0,-395.0,-624.0,-850.0,-1072.0,-1300.0
-201.0,-430.0,-654.0,-884,-1119.0,-1353.0,-158.0,-395.0,-625.0,-850.0,-1072.0,-1300.0
-201.0,-432.0,-654.0,-883,-1119.0,-1353.0,-158.0,-395.0,-625.0,-851.0,-1072.0,-1300.0
-202.0,-430.0,-654.0,-882,-1119.0,-1353.0,-158.0,-394.0,-626.0,-850.0,-1073.0,-1300.0
-203.0,-429.0,-654.0,-881,-1118.0,-1353.0,-158.0,-394.0,-625.0,-850.0,-1075.0,-1300.0
-203.0,-428.0,-654.0,-881,-1118.0,-1353.0,-158.0,-394.0,-625.0,-850.0,-1073.0,-1300.0
-204.0,-427.0,-654.0,-878,-1118.0,-1353.0,-158.0,-394.0,-624.0,-850.0,-1072.0,-1302.0
-207.0,-426.0,-654.0,-880,-1118.0,-1353.0,-158.0,-394.0,-624.0,-849.0,-1072.0,-1300.0
-204.0,-425.0,-654.0,-881,-1118.0,-1353.0,-158.0,-394.0,-624.0,-849.0,-1072.0,-1300.0
-204.0,-422.0,-655.0,-881,-1115.0,-1354.0,-158.0,-393.0,-624.0,-849.0,-1072.0,-1300.0
-203.0,-425.0,-655.0,-882,-1117.0,-1355.0,-158.0,-393.0,-624.0,-849.0,-1072.0,-1300.0
-202.0,-426.0,-655.0,-883,-1118.0,-1355.0,-158.0,-393.0,-624.0,-849.0,-1071.0,-1300.0
-201.0,-427.0,-655.0,-884,-1118.0,-1359.0,-158.0,-393.0,-624.0,-849.0,-1071.0,-1300.0
-200.0,-428.0,-655.0,-885,-1118.0,-1355.0,-158.0,-393.0,-624.0,-849.0,-1071.0,-1300.0
-200.0,-429.0,-655.0,-887,-1118.0,-1353.0,-158.0,-393.0,-624.0,-849.0,-1071.0,-1299.0
-197.0,-430.0,-655.0,-885,-1117.0,-1352.0,-158.0,-393.0,-624.0,-848.0,-1071.0,-1299.0
-200.0,-435.0,-655.0,-885,-1115.0,-1348.0,-158.0,-393.0,-624.0,-848.0,-1071.0,-1299.0
-200.0,-432.0,-656.0,-884,-1111.0,-1345.0,-158.0,-393.0,-623.0,-848.0,-1071.0,-1299.0
-201.0,-430.0,-656.0,-883,-1110.0,-1343.0,-158.0,-393.0,-623.0,-848.0,-1071.0,-1299.0
-202.0,-428.0,-656.0,-882,-1108.0,-1341.0,-158.0,-393.0,-623.0,-848.0,-1070.0,-1299.0
-203.0,-426.0,-656.0,-880,-1105.0,-1336.0,-158.0,-392.0,-623.0,-848.0,-1070.0,-1299.0
-204.0,-423.0,-656.0,-876,-1101.0,-1339.0,-158.0,-392.0,-623.0,-848.0,-1070.0,-1299.0
-208.0,-419.0,-656.0,-880,-1104.0,-1341.0,-158.0,-390.0,-622.0,-848.0,-1070.0,-1299.0
-204.0,-417.0,-656.0,-882,-1104.0,-1344.0,-158.0,-392.0,-622.0,-847.0,-1070.0,-1299.0
-201.0,-413.0,-656.0,-885,-1106.0,-1350.0,-158.0,-392.0,-622.0,-847.0,-1070.0,-1299.0
-199.0,-416.0,-657.0,-887,-1108.0,-1364.0,-159.0,-393.0,-622.0,-847.0,-1070.0,-1299.0
-196.0,-417.0,-660.0,-890,-1110.0,-1380.0,-158.0,-393.0,-622.0,-847.0,-1070.0,-1299.0
-192.0,-421.0,-665.0,-894,-1111.0,-1393.0,-158.0,-393.0,-622.0,-847.0,-1070.0,-1299.0
-190.0,-424.0,-672.0,-896,-1109.0,-1102.0,-158.0,-393.0,-622.0,-847.0,-1070.0,-1298.0
-185.0,-430.0,-679.0,-900,-1106.0,-1108.0,-158.0,-393.0,-622.0,-847.0,-1069.0,-1298.0
-189.0,-439.0,-691.0,-895,-1101.0,-1110.0,-158.0,-393.0,-622.0,-847.0,-1069.0,-1298.0
-190.0,-452.0,-711.0,-893,-1096.0,-1111.0,-158.0,-393.0,-621.0,-847.0,-1069.0,-1298.0
-192.0,-464.0,-725.0,-891,-1090.0,-1109.0,-158.0,-393.0,-621.0,-847.0,-1069.0,-1298.0
-194.0,-475.0,-734.0,-888,-1082.0,-1106.0,-158.0,-393.0,-621.0,-847.0,-1069.0,-1298.0
-196.0,-486.0,-748.0,-885,-1076.0,-1101.0,-158.0,-393.0,-621.0,-847.0,-1069.0,-1298.0
-197.0,-505.0,-760.0,-881,-1070.0,-1096.0,-158.0,-393.0,-621.0,-846.0,-1069.0,-1298.0
-198.0,-525.0,-807.0,-877,-1064.0,-1090.0,-158.0,-393.0,-621.0,-846.0,-1069.0,-1298.0
-197.0,-538.0,-837.0,-874,-1056.0,-1082.0,-158.0,-393.0,-621.0,-846.0,-1069.0,-1297.0
-196.0,-552.0,-843.0,-870,-1050.0,-1076.0,-158.0,-393.0,-621.0,-846.0,-1068.0,-1297.0
-193.0,-568.0,-885.0,-866,-1044.0,-1070.0,-158.0,-393.0,-621.0,-846.0,-1068.0,-1297.0
-191.0,-585.0,-809.0,-862,-1037.0,-1064.0,-158.0,-393.0,-621.0,-846.0,-1068.0,-1297.0
-188.0,-598.0,-805.0,-857,-1031.0,-1056.0,-158.0,-393.0,-621.0,-846.0,-1068.0,-1297.0
-186.0,-609.0,-800.0,-853,-1025.0,-1050.0,-158.0,-393.0,-621.0,-846.0,-1068.0,-1297.0
-184.0,-621.0,-796.0,-849,-1020.0,-1044.0,-158.0,-393.0,-621.0,-846.0,-1067.0,-1297.0
-182.0,-633.0,-792.0,-845,-1014.0,-1037.0,-158.0,-393.0,-621.0,-846.0,-1067.0,-1297.0
-181.0,-641.0,-788.0,-840,-1009.0,-1031.0,-158.0,-393.0,-621.0,-846.0,-1067.0,-1296.0
-180.0,-649.0,-783.0,-836,-1005.0,-1025.0,-158.0,-393.0,-621.0,-845.0,-1067.0,-1296.0
-178.0,-653.0,-779.0,-822,-1000.0,-1020.0,-158.0,-393.0,-621.0,-845.0,-1067.0,-1296.0
-177.0,-664.0,-776.0,-831,-997.0,-1014.0,-158.0,-393.0,-621.0,-845.0,-1067.0,-1296.0
-176.0,-656.0,-774.0,-837,-993.0,-1009.0,-158.0,-393.0,-620.0,-845.0,-1067.0,-1295.0
-176.0,-652.0,-773.0,-843,-990.0,-1005.0,-158.0,-393.0,-620.0,-844.0,-1067.0,-1295.0
-172.0,-649.0,-775.0,-845,-988.0,-1000.0,-158.0,-393.0,-620.0,-844.0,-1067.0,-1295.0
-175.0,-643.0,-781.0,-872,-986.0,-997.0,-158.0,-393.0,-620.0,-844.0,-1067.0,-1295.0
-176.0,-633.0,-874.0,-882,-982.0,-993.0,-158.0,-393.0,-620.0,-844.0,-1067.0,-1294.0
-177.0,-620.0,-817.0,-889,-986.0,-990.0,-158.0,-392.0,-619.0,-843.0,-1066.0,-1294.0
-179.0,-607.0,-810.0,-894,-987.0,-988.0,-157.0,-392.0,-619.0,-843.0,-1066.0,-1294.0
-182.0,-594.0,-805.0,-897,-989.0,-986.0,-155.0,-392.0,-619.0,-843.0,-1066.0,-1294.0
-184.0,-577.0,-773.0,-904,-993.0,-982.0,-153.0,-391.0,-619.0,-842.0,-1065.0,-1294.0
-186.0,-562.0,-766.0,-899,-999.0,-986.0,-152.0,-390.0,-619.0,-842.0,-1065.0,-1293.0
-188.0,-547.0,-754.0,-896,-1007.0,-987.0,-150.0,-388.0,-618.0,-842.0,-1064.0,-1293.0
-191.0,-534.0,-741.0,-893,-1017.0,-989.0,-149.0,-385.0,-617.0,-841.0,-1064.0,-1293.0
-192.0,-521.0,-734.0,-887,-1030.0,-993.0,-143.0,-383.0,-615.0,-840.0,-1064.0,-1292.0
-192.0,-510.0,-724.0,-878,-1041.0,-999.0,-149.0,-381.0,-614.0,-840.0,-1063.0,-1292.0
-192.0,-500.0,-711.0,-868,-1053.0,-1007.0,-151.0,-376.0,-613.0,-838.0,-1063.0,-1292.0
-193.0,-489.0,-700.0,-858,-1070.0,-1017.0,-154.0,-380.0,-611.0,-837.0,-1062.0,-1291.0
-194.0,-479.0,-688.0,-823,-1085.0,-1030.0,-157.0,-381.0,-605.0,-835.0,-1061.0,-1290.0
-194.0,-469.0,-680.0,-817,-1096.0,-1041.0,-160.0,-382.0,-610.0,-834.0,-1059.0,-1288.0
-196.0,-460.0,-671.0,-810,-1106.0,-1053.0,-163.0,-384.0,-611.0,-828.0,-1058.0,-1286.0
-197.0,-452.0,-665.0,-769,-1112.0,-1070.0,-166.0,-385.0,-614.0,-833.0,-1057.0,-1284.0
-198.0,-443.0,-658.0,-823,-1117.0,-1085.0,-169.0,-385.0,-618.0,-835.0,-1050.0,-1282.0
-200.0,-437.0,-652.0,-837,-1121.0,-1096.0,-172.0,-385.0,-627.0,-841.0,-1055.0,-1277.0
-202.0,-431.0,-648.0,-848,-1124.0,-1341.0,-175.0,-384.0,-638.0,-856.0,-1059.0,-1281.0
-203.0,-427.0,-645.0,-858,-1125.0,-1339.0,-178.0,-382.0,-646.0,-861.0,-1069.0,-1284.0
-203.0,-423.0,-642.0,-865,-1127.0,-1338.0,-182.0,-174.0,-653.0,-866.0,-1074.0,-1287.0
-203.0,-420.0,-639.0,-870,-1128.0,-1337.0,-186.0,-378.0,-378.0,-1081.0,-1081.0,-1290.0
-203.0,-417.0,-637.0,-876,-1130.0,-1337.0,-189.0,-378.0,-376.0,-1091.0,-1091.0,-1298.0
-203.0,-416.0,-636.0,-881,-1130.0,-1335.0,-192.0,-378.0,-378.0,-1099.0,-1099.0,-1302.0
-204.0,-415.0,-635.0,-883,-1130.0,-1334.0,-194.0,-379.0,-379.0,-1307.0,-1307.0,-1307.0
-204.0,-414.0,-634.0,-885,-1131.0,-1334.0,-195.0,-379.0,-379.0,-1312.0,-1312.0,-1312.0
-205.0,-413.0,-634.0,-886,-1132.0,-1333.0,-197.0,-381.0,-381.0,-1316.0,-1316.0,-1316.0
-206.0,-412.0,-633.0,-886,-1132.0,-1332.0,-198.0,-384.0,-384.0,-1321.0,-1321.0,-1321.0
-207.0,-412.0,-632.0,-887,-1132.0,-1332.0,-199.0,-388.0,-388.0,-1326.0,-1326.0,-1326.0
-209.0,-411.0,-631.0,-887,-1132.0,-1331.0,-200.0,-392.0,-392.0,-1332.0,-1332.0,-1332.0
-207.0,-410.0,-630.0,-887,-1133.0,-1331.0,-202.0,-395.0,-395.0,-1349.0,-1338.0,-1338.0
-207.0,-410.0,-630.0,-888,-1133.0,-1330.0,-203.0,-400.0,-400.0,-1178.0,-1349.0,-1349.0
-206.0,-409.0,-629.0,-888,-1133.0,-1329.0,-206.0,-405.0,-405.0,-987.0,-1362.0,-1362.0
-206.0,-408.0,-629.0,-888,-1133.0,-1328.0,-209.0,-413.0,-413.0,-998.0,-1370.0,-1370.0
-207.0,-407.0,-629.0,-889,-1133.0,-1328.0,-212.0,-422.0,-422.0,-1015.0,-1380.0,-1380.0
-207.0,-406.0,-628.0,-889,-1133.0,-1327.0,-217.0,-443.0,-443.0,-1029.0,-1415.0,-1392.0
-210.0,-405.0,-628.0,-890,-1133.0,-1327.0,-222.0,-456.0,-456.0,-1066.0,-1246.0,-1406.0
-207.0,-404.0,-627.0,-891,-1133.0,-1326.0,-228.0,-468.0,-468.0,-1073.0,-1256.0,-1420.0
-207.0,-404.0,-627.0,-892,-1134.0,-1325.0,-230.0,-483.0,-483.0,-1082.0,-1271.0,-1434.0
-206.0,-403.0,-626.0,-892,-1134.0,-1324.0,-235.0,-505.0,-505.0,-1090.0,-1295.0,-1445.0
-205.0,-403.0,-626.0,-893,-1134.0,-1323.0,-237.0,-516.0,-516.0,-1097.0,-1305.0,-1458.0
-205.0,-401.0,-625.0,-894,-1134.0,-1322.0,-247.0,-547.0,-528.0,-1108.0,-1314.0,-1466.0
-204.0,-401.0,-625.0,-894,-1134.0,-1320.0,-238.0,-512.0,-532.0,-1116.0,-1323.0,-1473.0
-204.0,-399.0,-624.0,-894,-1134.0,-1319.0,-235.0,-532.0,-532.0,-1120.0,-1331.0,-1482.0
-204.0,-398.0,-623.0,-895,-1134.0,-1318.0,-230.0,-552.0,-534.0,-1125.0,-1336.0,-1488.0
-204.0,-396.0,-621.0,-896,-1135.0,-1316.0,-225.0,-534.0,-534.0,-1129.0,-1340.0,-1494.0
-204.0,-395.0,-620.0,-896,-1136.0,-1314.0,-217.0,-531.0,-531.0,-1140.0,-1342.0,-1500.0
-203.0,-393.0,-619.0,-897,-1136.0,-1313.0,-208.0,-516.0,-516.0,-1127.0,-1353.0,-1505.0
-203.0,-392.0,-618.0,-899,-1137.0,-1312.0,-200.0,-505.0,-505.0,-1121.0,-1342.0,-1514.0
-202.0,-390.0,-616.0,-899,-1138.0,-1310.0,-192.0,-497.0,-497.0,-1115.0,-1335.0,-1506.0
-201.0,-389.0,-615.0,-901,-1139.0,-1309.0,-185.0,-484.0,-484.0,-1106.0,-1306.0,-1500.0
-201.0,-389.0,-613.0,-902,-1140.0,-1308.0,-178.0,-475.0,-475.0,-1063.0,-1297.0,-1492.0
-201.0,-388.0,-612.0,-902,-1141.0,-1305.0,-174.0,-460.0,-460.0,-1047.0,-1287.0,-1482.0
-201.0,-387.0,-610.0,-902,-1142.0,-1304.0,-169.0,-443.0,-419.0,-981.0,-1265.0,-1471.0
-201.0,-385.0,-608.0,-903,-1143.0,-1301.0,-165.0,-430.0,-704.0,-970.0,-1216.0,-1457.0
-201.0,-383.0,-606.0,-903,-1144.0,-1299.0,-162.0,-422.0,-684.0,-963.0,-1201.0,-1424.0
-201.0,-380.0,-604.0,-903,-1146.0,-1297.0,-159.0,-412.0,-667.0,-937.0,-1186.0,-1405.0
-202.0,-378.0,-602.0,-904,-1147.0,-1294.0,-157.0,-405.0,-649.0,-883.0,-1141.0,-1382.0
-205.0,-375.0,-599.0,-904,-1148.0,-1291.0,-156.0,-398.0,-632.0,-875.0,-1121.0,-1369.0
-203.0,-372.0,-597.0,-906,-1149.0,-1288.0,-155.0,-394.0,-625.0,-861.0,-1112.0,-1350.0
-202.0,-368.0,-595.0,-907,-1151.0,-1285.0,-154.0,-389.0,-618.0,-848.0,-1079.0,-1334.0
-202.0,-364.0,-592.0,-909,-1153.0,-1281.0,-154.0,-386.0,-613.0,-837.0,-1069.0,-1319.0
-202.0,-361.0,-589.0,-911,-1155.0,-1278.0,-154.0,-384.0,-603.0,-833.0,-1061.0,-1311.0
-201.0,-358.0,-585.0,-913,-1157.0,-1274.0,-152.0,-383.0,-597.0,-828.0,-1057.0,-1302.0
-201.0,-353.0,-582.0,-916,-1159.0,-1270.0,-154.0,-383.0,-592.0,-823.0,-1051.0,-1294.0
-201.0,-350.0,-578.0,-918,-1161.0,-1266.0,-154.0,-383.0,-591.0,-820.0,-1047.0,-1288.0
-200.0,-346.0,-574.0,-921,-1164.0,-1263.0,-154.0,-383.0,-589.0,-817.0,-1043.0,-1283.0
-200.0,-342.0,-570.0,-923,-1165.0,-1259.0,-154.0,-382.0,-589.0,-816.0,-1041.0,-1279.0
-200.0,-337.0,-567.0,-926,-1167.0,-1255.0,-155.0,-382.0,-588.0,-814.0,-1039.0,-1277.0
-200.0,-333.0,-563.0,-928,-1169.0,-1252.0,-155.0,-382.0,-587.0,-812.0,-1038.0,-1276.0
-199.0,-329.0,-559.0,-931,-1171.0,-1247.0,-155.0,-382.0,-586.0,-811.0,-1037.0,-1274.0
-199.0,-325.0,-555.0,-934,-1173.0,-1243.0,-155.0,-382.0,-586.0,-810.0,-1036.0,-1273.0
-198.0,-321.0,-551.0,-937,-1174.0,-1239.0,-155.0,-381.0,-585.0,-810.0,-1035.0,-1272.0
-198.0,-318.0,-547.0,-940,-1175.0,-1235.0,-155.0,-381.0,-584.0,-809.0,-1034.0,-1272.0
-198.0,-314.0,-543.0,-942,-1176.0,-1230.0,-155.0,-380.0,-583.0,-808.0,-1034.0,-1271.0
-197.0,-311.0,-539.0,-944,-1176.0,-1227.0,-155.0,-380.0,-583.0,-807.0,-1033.0,-1271.0
-197.0,-307.0,-536.0,-947,-1178.0,-1223.0,-155.0,-379.0,-582.0,-806.0,-1032.0,-1270.0
-196.0,-303.0,-533.0,-949,-1176.0,-1221.0,-155.0,-379.0,-581.0,-805.0,-1032.0,-1270.0
-196.0,-300.0,-530.0,-952,-1176.0,-1219.0,-155.0,-378.0,-580.0,-804.0,-1031.0,-1269.0
-195.0,-296.0,-529.0,-954,-1175.0,-1217.0,-154.0,-377.0,-580.0,-803.0,-1030.0,-1269.0
-194.0,-293.0,-524.0,-957,-1174.0,-1216.0,-154.0,-376.0,-579.0,-802.0,-1029.0,-1268.0
-193.0,-291.0,-527.0,-959,-1171.0,-1213.0,-154.0,-375.0,-577.0,-801.0,-1027.0,-1268.0
-192.0,-289.0,-528.0,-961,-1169.0,-1216.0,-154.0,-373.0,-576.0,-800.0,-1027.0,-1267.0
-191.0,-287.0,-529.0,-962,-1167.0,-1217.0,-153.0,-372.0,-574.0,-798.0,-1026.0,-1266.0
-190.0,-284.0,-531.0,-963,-1164.0,-1220.0,-153.0,-371.0,-572.0,-797.0,-1024.0,-1266.0
-188.0,-287.0,-534.0,-965,-1161.0,-1224.0,-153.0,-370.0,-571.0,-795.0,-1023.0,-1265.0
-187.0,-290.0,-538.0,-963,-1157.0,-1229.0,-152.0,-369.0,-569.0,-793.0,-1021.0,-1264.0
-186.0,-292.0,-543.0,-963,-1154.0,-1235.0,-152.0,-368.0,-566.0,-791.0,-1020.0,-1264.0
-185.0,-296.0,-550.0,-962,-1151.0,-1241.0,-152.0,-367.0,-563.0,-789.0,-1018.0,-1262.0
-185.0,-301.0,-556.0,-961,-1148.0,-1249.0,-151.0,-366.0,-561.0,-787.0,-1016.0,-1261.0
-184.0,-307.0,-563.0,-959,-1145.0,-1256.0,-151.0,-365.0,-558.0,-784.0,-1015.0,-1260.0
-183.0,-315.0,-571.0,-956,-1142.0,-1264.0,-151.0,-363.0,-555.0,-781.0,-1013.0,-1259.0
-183.0,-322.0,-579.0,-954,-1139.0,-1271.0,-150.0,-362.0,-552.0,-779.0,-1011.0,-1258.0
-182.0,-330.0,-587.0,-951,-1136.0,-1279.0,-150.0,-361.0,-549.0,-776.0,-1008.0,-1256.0
-182.0,-338.0,-594.0,-947,-1135.0,-1286.0,-149.0,-360.0,-546.0,-773.0,-1005.0,-1255.0
-181.0,-346.0,-601.0,-945,-1132.0,-1293.0,-149.0,-359.0,-543.0,-770.0,-1003.0,-1253.0
-181.0,-353.0,-607.0,-941,-1130.0,-1299.0,-148.0,-357.0,-539.0,-767.0,-1000.0,-1251.0
-178.0,-360.0,-612.0,-939,-1128.0,-1304.0,-147.0,-355.0,-535.0,-764.0,-997.0,-1249.0
-181.0,-367.0,-617.0,-936,-1126.0,-1309.0,-146.0,-353.0,-530.0,-760.0,-994.0,-1247.0
-181.0,-373.0,-622.0,-932,-1125.0,-1314.0,-145.0,-350.0,-526.0,-757.0,-990.0,-1245.0
-182.0,-378.0,-627.0,-929,-1123.0,-1318.0,-144.0,-347.0,-518.0,-751.0,-987.0,-1242.0
-182.0,-383.0,-631.0,-926,-1122.0,-1323.0,-143.0,-344.0,-512.0,-745.0,-983.0,-1240.0
-183.0,-388.0,-635.0,-923,-1121.0,-1327.0,-142.0,-341.0,-505.0,-740.0,-979.0,-1237.0
-184.0,-393.0,-638.0,-920,-1121.0,-1332.0,-141.0,-337.0,-498.0,-735.0,-974.0,-1234.0
-186.0,-399.0,-641.0,-917,-1120.0,-1334.0,-139.0,-333.0,-490.0,-727.0,-966.0,-1231.0
-187.0,-402.0,-643.0,-914,-1120.0,-1337.0,-138.0,-328.0,-483.0,-721.0,-962.0,-1228.0
-188.0,-406.0,-644.0,-911,-1120.0,-1339.0,-137.0,-323.0,-477.0,-715.0,-956.0,-1224.0
-190.0,-409.0,-645.0,-908,-1119.0,-1340.0,-136.0,-319.0,-471.0,-710.0,-950.0,-1220.0
-191.0,-413.0,-646.0,-905,-1119.0,-1341.0,-135.0,-313.0,-461.0,-702.0,-941.0,-1215.0
-194.0,-415.0,-647.0,-902,-1119.0,-1342.0,-133.0,-308.0,-455.0,-695.0,-935.0,-1211.0
-195.0,-415.0,-648.0,-900,-1118.0,-1342.0,-131.0,-302.0,-443.0,-690.0,-928.0,-1206.0
-197.0,-416.0,-648.0,-898,-1118.0,-1342.0,-129.0,-294.0,-431.0,-669.0,-923.0,-1202.0
-199.0,-416.0,-649.0,-896,-1118.0,-1342.0,-128.0,-285.0,-423.0,-659.0,-918.0,-1195.0
-200.0,-415.0,-649.0,-894,-1118.0,-1342.0,-126.0,-280.0,-416.0,-651.0,-912.0,-1190.0
-200.0,-415.0,-650.0,-893,-1118.0,-1343.0,-125.0,-275.0,-410.0,-646.0,-907.0,-1185.0
-199.0,-412.0,-650.0,-893,-1118.0,-1343.0,-125.0,-270.0,-404.0,-640.0,-883.0,-1181.0
-198.0,-415.0,-651.0,-893,-1116.0,-1343.0,-125.0,-265.0,-398.0,-631.0,-878.0,-1175.0
-197.0,-415.0,-651.0,-894,-1118.0,-1344.0,-122.0,-260.0,-393.0,-625.0,-873.0,-1170.0
-196.0,-415.0,-651.0,-895,-1118.0,-1344.0,-125.0,-254.0,-390.0,-621.0,-866.0,-1162.0
-195.0,-417.0,-651.0,-895,-1118.0,-1345.0,-127.0,-246.0,-384.0,-618.0,-860.0,-1156.0
-192.0,-418.0,-651.0,-897,-1118.0,-1346.0,-129.0,-256.0,-389.0,-614.0,-855.0,-1151.0
-195.0,-419.0,-652.0,-895,-1118.0,-1346.0,-132.0,-245.0,-391.0,-609.0,-852.0,-1143.0
-195.0,-421.0,-652.0,-895,-1118.0,-1346.0,-135.0,-254.0,-395.0,-613.0,-850.0,-1139.0
-196.0,-422.0,-652.0,-894,-1119.0,-1347.0,-139.0,-258.0,-401.0,-617.0,-844.0,-1135.0
-196.0,-423.0,-652.0,-893,-1119.0,-1347.0,-143.0,-264.0,-409.0,-621.0,-850.0,-1133.0
-198.0,-423.0,-652.0,-892,-1119.0,-1347.0,-147.0,-270.0,-417.0,-624.0,-852.0,-1132.0
-199.0,-424.0,-652.0,-891,-1119.0,-1347.0,-151.0,-277.0,-427.0,-633.0,-857.0,-1127.0
-201.0,-424.0,-652.0,-890,-1119.0,-1348.0,-155.0,-284.0,-437.0,-642.0,-863.0,-1131.0
-201.0,-424.0,-652.0,-889,-1119.0,-1348.0,-157.0,-290.0,-452.0,-650.0,-871.0,-1133.0
-202.0,-423.0,-652.0,-888,-1119.0,-1348.0,-159.0,-297.0,-463.0,-660.0,-877.0,-1137.0
-202.0,-423.0,-652.0,-887,-1119.0,-1348.0,-161.0,-304.0,-474.0,-674.0,-886.0,-1141.0
-204.0,-423.0,-652.0,-887,-1119.0,-1346.0,-162.0,-310.0,-483.0,-683.0,-897.0,-1147.0
-202.0,-423.0,-653.0,-886,-1118.0,-1347.0,-163.0,-318.0,-490.0,-691.0,-904.0,-1153.0
-202.0,-423.0,-653.0,-886,-1118.0,-1348.0,-163.0,-323.0,-498.0,-699.0,-913.0,-1160.0
-202.0,-422.0,-653.0,-886,-1118.0,-1348.0,-163.0,-328.0,-508.0,-710.0,-923.0,-1166.0
-201.0,-422.0,-653.0,-886,-1118.0,-1348.0,-164.0,-334.0,-516.0,-719.0,-932.0,-1172.0
-201.0,-420.0,-654.0,-887,-1118.0,-1348.0,-165.0,-341.0,-525.0,-728.0,-940.0,-1179.0
-201.0,-422.0,-654.0,-887,-1118.0,-1348.0,-164.0,-348.0,-533.0,-736.0,-949.0,-1184.0
-201.0,-422.0,-654.0,-887,-1118.0,-1349.0,-163.0,-354.0,-543.0,-749.0,-960.0,-1194.0
-200.0,-423.0,-654.0,-888,-1118.0,-1349.0,-163.0,-359.0,-552.0,-758.0,-968.0,-1201.0
-200.0,-423.0,-654.0,-888,-1118.0,-1350.0,-163.0,-364.0,-559.0,-767.0,-978.0,-1209.0
-197.0,-424.0,-654.0,-888,-1116.0,-1350.0,-163.0,-369.0,-567.0,-775.0,-987.0,-1215.0
-200.0,-424.0,-654.0,-889,-1118.0,-1351.0,-163.0,-372.0,-574.0,-785.0,-998.0,-1224.0
-200.0,-425.0,-654.0,-891,-1118.0,-1351.0,-163.0,-375.0,-579.0,-792.0,-1007.0,-1232.0
-200.0,-425.0,-654.0,-889,-1118.0,-1351.0,-163.0,-377.0,-583.0,-798.0,-1015.0,-1239.0
-201.0,-426.0,-655.0,-888,-1118.0,-1352.0,-162.0,-379.0,-588.0,-803.0,-1022.0,-1245.0
-201.0,-427.0,-655.0,-888,-1118.0,-1352.0,-162.0,-380.0,-591.0,-808.0,-1029.0,-1252.0
-201.0,-427.0,-655.0,-888,-1118.0,-1352.0,-162.0,-381.0,-594.0,-813.0,-1035.0,-1258.0
-201.0,-428.0,-655.0,-887,-1118.0,-1352.0,-162.0,-382.0,-596.0,-816.0,-1039.0,-1263.0
-201.0,-429.0,-655.0,-887,-1118.0,-1352.0,-162.0,-382.0,-598.0,-820.0,-1042.0,-1269.0
-202.0,-430.0,-655.0,-887,-1118.0,-1352.0,-162.0,-383.0,-600.0,-822.0,-1045.0,-1273.0
-202.0,-430.0,-655.0,-886,-1119.0,-1353.0,-162.0,-383.0,-601.0,-825.0,-1048.0,-1276.0
-203.0,-431.0,-655.0,-886,-1119.0,-1353.0,-162.0,-383.0,-602.0,-826.0,-1051.0,-1279.0
-203.0,-431.0,-655.0,-885,-1120.0,-1353.0,-162.0,-384.0,-604.0,-827.0,-1052.0,-1282.0
-203.0,-432.0,-655.0,-885,-1120.0,-1353.0,-162.0,-384.0,-604.0,-829.0,-1054.0,-1283.0
-204.0,-432.0,-655.0,-884,-1121.0,-1353.0,-162.0,-384.0,-605.0,-830.0,-1055.0,-1285.0
-206.0,-435.0,-655.0,-884,-1123.0,-1353.0,-162.0,-384.0,-605.0,-830.0,-1056.0,-1286.0
-207.0,-432.0,-655.0,-883,-1121.0,-1353.0,-162.0,-384.0,-606.0,-831.0,-1057.0,-1287.0
-207.0,-432.0,-655.0,-883,-1121.0,-1353.0,-162.0,-384.0,-606.0,-831.0,-1058.0,-1288.0
-208.0,-431.0,-655.0,-882,-1120.0,-1354.0,-162.0,-384.0,-606.0,-832.0,-1059.0,-1289.0
-209.0,-431.0,-656.0,-881,-1120.0,-1354.0,-162.0,-384.0,-606.0,-832.0,-1059.0,-1290.0
-212.0,-431.0,-656.0,-881,-1119.0,-1354.0,-162.0,-384.0,-606.0,-832.0,-1059.0,-1290.0
-209.0,-430.0,-656.0,-878,-1118.0,-1354.0,-162.0,-385.0,-606.0,-832.0,-1059.0,-1290.0
-208.0,-430.0,-656.0,-881,-1118.0,-1354.0,-162.0,-385.0,-606.0,-832.0,-1059.0,-1290.0
-207.0,-430.0,-656.0,-881,-1117.0,-1354.0,-162.0,-386.0,-606.0,-832.0,-1059.0,-1290.0
-205.0,-430.0,-656.0,-881,-1117.0,-1355.0,-162.0,-387.0,-606.0,-832.0,-1059.0,-1290.0
-204.0,-430.0,-656.0,-882,-1115.0,-1354.0,-162.0,-387.0,-606.0,-832.0,-1060.0,-1290.0
-203.0,-431.0,-656.0,-883,-1117.0,-1354.0,-162.0,-388.0,-607.0,-832.0,-1059.0,-1291.0
-203.0,-431.0,-656.0,-884,-1117.0,-1354.0,-162.0,-389.0,-607.0,-832.0,-1059.0,-1291.0
-202.0,-432.0,-656.0,-884,-1117.0,-1354.0,-162.0,-389.0,-607.0,-832.0,-1057.0,-1291.0
-202.0,-435.0,-656.0,-885,-1118.0,-1354.0,-162.0,-390.0,-607.0,-832.0,-1059.0,-1291.0
-203.0,-432.0,-656.0,-887,-1118.0,-1354.0,-162.0,-391.0,-607.0,-832.0,-1059.0,-1291.0
-203.0,-432.0,-656.0,-885,-1118.0,-1353.0,-162.0,-391.0,-607.0,-832.0,-1060.0,-1291.0
-205.0,-431.0,-656.0,-884,-1118.0,-1353.0,-162.0,-391.0,-608.0,-833.0,-1060.0,-1291.0
-205.0,-431.0,-656.0,-883,-1118.0,-1353.0,-162.0,-392.0,-608.0,-833.0,-1060.0,-1291.0
-206.0,-430.0,-656.0,-882,-1118.0,-1353.0,-162.0,-392.0,-608.0,-833.0,-1060.0,-1291.0
-209.0,-429.0,-656.0,-882,-1118.0,-1353.0,-162.0,-391.0,-608.0,-833.0,-1060.0,-1291.0
-206.0,-429.0,-656.0,-879,-1118.0,-1353.0,-162.0,-391.0,-608.0,-834.0,-1060.0,-1291.0
-205.0,-429.0,-656.0,-882,-1118.0,-1353.0,-162.0,-388.0,-608.0,-834.0,-1060.0,-1291.0
-204.0,-429.0,-656.0,-882,-1118.0,-1353.0,-162.0,-391.0,-608.0,-834.0,-1060.0,-1292.0
-204.0,-429.0,-657.0,-882,-1118.0,-1353.0,-162.0,-391.0,-608.0,-834.0,-1060.0,-1292.0
-203.0,-429.0,-656.0,-883,-1118.0,-1353.0,-162.0,-392.0,-608.0,-834.0,-1060.0,-1292.0
-203.0,-430.0,-656.0,-883,-1118.0,-1353.0,-163.0,-392.0,-608.0,-834.0,-1060.0,-1292.0
-203.0,-430.0,-656.0,-883,-1118.0,-1354.0,-163.0,-392.0,-608.0,-834.0,-1060.0,-1292.0
-203.0,-431.0,-656.0,-883,-1118.0,-1354.0,-163.0,-392.0,-608.0,-834.0,-1060.0,-1292.0
-203.0,-432.0,-656.0,-883,-1118.0,-1354.0,-163.0,-393.0,-608.0,-834.0,-1060.0,-1291.0
-204.0,-433.0,-656.0,-884,-1118.0,-1354.0,-163.0,-393.0,-608.0,-834.0,-1060.0,-1291.0
-205.0,-434.0,-656.0,-886,-1118.0,-1354.0,-163.0,-394.0,-609.0,-834.0,-1060.0,-1291.0
-205.0,-436.0,-656.0,-884,-1118.0,-1354.0,-165.0,-394.0,-609.0,-834.0,-1060.0,-1291.0
-206.0,-434.0,-656.0,-883,-1118.0,-1354.0,-163.0,-395.0,-610.0,-835.0,-1060.0,-1289.0
-207.0,-434.0,-656.0,-883,-1118.0,-1354.0,-163.0,-395.0,-610.0,-835.0,-1061.0,-1291.0
-208.0,-433.0,-656.0,-882,-1118.0,-1354.0,-163.0,-397.0,-610.0,-835.0,-1061.0,-1291.0
-208.0,-432.0,-656.0,-881,-1118.0,-1356.0,-163.0,-395.0,-611.0,-836.0,-1061.0,-1291.0
-212.0,-432.0,-656.0,-880,-1118.0,-1354.0,-163.0,-395.0,-611.0,-836.0,-1062.0,-1291.0
-209.0,-431.0,-656.0,-879,-1118.0,-1354.0,-163.0,-394.0,-611.0,-837.0,-1063.0,-1291.0
-208.0,-430.0,-656.0,-875,-1118.0,-1354.0,-163.0,-394.0,-611.0,-837.0,-1064.0,-1292.0
-207.0,-430.0,-656.0,-879,-1118.0,-1354.0,-162.0,-394.0,-611.0,-837.0,-1064.0,-1292.0
-206.0,-430.0,-656.0,-879,-1118.0,-1354.0,-162.0,-394.0,-611.0,-837.0,-1065.0,-1293.0
-204.0,-430.0,-656.0,-881,-1118.0,-1354.0,-162.0,-393.0,-611.0,-837.0,-1065.0,-1293.0
-203.0,-430.0,-656.0,-882,-1118.0,-1354.0,-162.0,-393.0,-611.0,-837.0,-1065.0,-1294.0
-203.0,-431.0,-656.0,-883,-1118.0,-1354.0,-162.0,-393.0,-611.0,-837.0,-1065.0,-1294.0
-203.0,-432.0,-656.0,-883,-1118.0,-1354.0,-162.0,-393.0,-610.0,-836.0,-1064.0,-1294.0
-204.0,-431.0,-655.0,-883,-1118.0,-1353.0,-162.0,-393.0,-610.0,-836.0,-1063.0,-1294.0
-204.0,-430.0,-655.0,-883,-1118.0,-1353.0,-162.0,-393.0,-608.0,-836.0,-1063.0,-1293.0
-205.0,-430.0,-655.0,-883,-1119.0,-1353.0,-162.0,-393.0,-610.0,-836.0,-1062.0,-1293.0
-206.0,-430.0,-655.0,-883,-1119.0,-1352.0,-163.0,-393.0,-610.0,-834.0,-1062.0,-1293.0
-207.0,-429.0,-654.0,-882,-1119.0,-1352.0,-163.0,-393.0,-611.0,-836.0,-1062.0,-1293.0
-207.0,-429.0,-653.0,-881,-1120.0,-1350.0,-163.0,-393.0,-611.0,-836.0,-1062.0,-1293.0
-209.0,-428.0,-651.0,-881,-1121.0,-1349.0,-163.0,-393.0,-611.0,-836.0,-1062.0,-1292.0
-207.0,-426.0,-649.0,-879,-1121.0,-1348.0,-163.0,-393.0,-611.0,-836.0,-1062.0,-1292.0
-207.0,-425.0,-648.0,-881,-1122.0,-1346.0,-163.0,-394.0,-611.0,-837.0,-1062.0,-1292.0
-207.0,-424.0,-646.0,-881,-1123.0,-1344.0,-163.0,-394.0,-611.0,-837.0,-1062.0,-1292.0
-206.0,-422.0,-644.0,-882,-1123.0,-1343.0,-163.0,-394.0,-611.0,-837.0,-1062.0,-1292.0
-206.0,-420.0,-643.0,-883,-1124.0,-1341.0,-163.0,-394.0,-612.0,-837.0,-1062.0,-1292.0
-205.0,-419.0,-641.0,-883,-1125.0,-1340.0,-163.0,-395.0,-612.0,-837.0,-1061.0,-1290.0
-205.0,-417.0,-640.0,-884,-1126.0,-1339.0,-165.0,-395.0,-613.0,-837.0,-1059.0,-1292.0
-205.0,-415.0,-638.0,-885,-1126.0,-1337.0,-164.0,-396.0,-613.0,-838.0,-1061.0,-1292.0
-205.0,-413.0,-637.0,-885,-1127.0,-1336.0,-163.0,-396.0,-614.0,-838.0,-1062.0,-1292.0
-205.0,-411.0,-637.0,-886,-1127.0,-1334.0,-163.0,-396.0,-614.0,-839.0,-1062.0,-1292.0
-205.0,-410.0,-636.0,-887,-1127.0,-1332.0,-163.0,-397.0,-615.0,-840.0,-1063.0,-1292.0
-205.0,-408.0,-635.0,-888,-1127.0,-1331.0,-164.0,-396.0,-615.0,-840.0,-1064.0,-1292.0
-205.0,-406.0,-635.0,-889,-1127.0,-1329.0,-164.0,-396.0,-615.0,-841.0,-1066.0,-1292.0
-205.0,-405.0,-634.0,-889,-1127.0,-1329.0,-164.0,-396.0,-615.0,-842.0,-1067.0,-1293.0
-204.0,-404.0,-632.0,-890,-1127.0,-1327.0,-164.0,-395.0,-615.0,-842.0,-1068.0,-1293.0
-204.0,-400.0,-634.0,-892,-1127.0,-1324.0,-164.0,-395.0,-615.0,-842.0,-1068.0,-1295.0
-203.0,-403.0,-634.0,-893,-1127.0,-1327.0,-164.0,-396.0,-615.0,-841.0,-1068.0,-1296.0
-202.0,-404.0,-635.0,-894,-1127.0,-1328.0,-164.0,-396.0,-615.0,-841.0,-1068.0,-1297.0
-201.0,-406.0,-635.0,-896,-1127.0,-1329.0,-164.0,-396.0,-615.0,-840.0,-1067.0,-1301.0
-196.0,-408.0,-636.0,-897,-1127.0,-1331.0,-164.0,-396.0,-615.0,-839.0,-1066.0,-1297.0
-199.0,-411.0,-637.0,-898,-1128.0,-1333.0,-164.0,-396.0,-615.0,-837.0,-1066.0,-1296.0
-200.0,-414.0,-639.0,-899,-1130.0,-1336.0,-164.0,-396.0,-615.0,-839.0,-1065.0,-1296.0
-201.0,-418.0,-641.0,-903,-1128.0,-1339.0,-164.0,-397.0,-616.0,-839.0,-1062.0,-1295.0
-203.0,-421.0,-643.0,-899,-1127.0,-1342.0,-164.0,-397.0,-616.0,-840.0,-1065.0,-1294.0
-206.0,-424.0,-646.0,-898,-1127.0,-1345.0,-164.0,-397.0,-616.0,-840.0,-1065.0,-1293.0
-207.0,-426.0,-648.0,-895,-1125.0,-1347.0,-164.0,-397.0,-616.0,-841.0,-1066.0,-1293.0
-209.0,-429.0,-651.0,-893,-1123.0,-1349.0,-164.0,-397.0,-616.0,-841.0,-1066.0,-1290.0
-212.0,-430.0,-653.0,-891,-1122.0,-1351.0,-164.0,-397.0,-617.0,-841.0,-1067.0,-1293.0
-209.0,-432.0,-655.0,-889,-1121.0,-1353.0,-164.0,-397.0,-617.0,-842.0,-1067.0,-1293.0
-209.0,-434.0,-657.0,-887,-1120.0,-1354.0,-164.0,-397.0,-617.0,-842.0,-1067.0,-1294.0
-208.0,-436.0,-657.0,-886,-1119.0,-1355.0,-164.0,-397.0,-617.0,-842.0,-1067.0,-1294.0
-207.0,-437.0,-659.0,-884,-1118.0,-1356.0,-164.0,-397.0,-618.0,-842.0,-1067.0,-1295.0
-206.0,-438.0,-659.0,-884,-1118.0,-1358.0,-164.0,-397.0,-618.0,-842.0,-1067.0,-1295.0
-206.0,-440.0,-660.0,-883,-1117.0,-1359.0,-165.0,-397.0,-618.0,-842.0,-1067.0,-1296.0
-206.0,-440.0,-660.0,-882,-1117.0,-1359.0,-164.0,-397.0,-618.0,-842.0,-1067.0,-1296.0
-207.0,-440.0,-661.0,-881,-1117.0,-1359.0,-164.0,-397.0,-618.0,-842.0,-1068.0,-1296.0
-208.0,-440.0,-661.0,-880,-1117.0,-1360.0,-164.0,-398.0,-618.0,-842.0,-1068.0,-1296.0
-211.0,-440.0,-661.0,-879,-1117.0,-1360.0,-164.0,-398.0,-618.0,-842.0,-1068.0,-1296.0
-209.0,-441.0,-661.0,-879,-1117.0,-1361.0,-164.0,-398.0,-618.0,-842.0,-1068.0,-1296.0
-208.0,-442.0,-662.0,-879,-1117.0,-1361.0,-164.0,-398.0,-618.0,-842.0,-1068.0,-1296.0
-208.0,-442.0,-662.0,-878,-1117.0,-1361.0,-164.0,-398.0,-618.0,-842.0,-1068.0,-1296.0
-209.0,-443.0,-662.0,-878,-1117.0,-1362.0,-164.0,-398.0,-618.0,-842.0,-1067.0,-1296.0
-209.0,-444.0,-662.0,-878,-1117.0,-1362.0,-164.0,-398.0,-618.0,-842.0,-1067.0,-1295.0
-209.0,-445.0,-662.0,-877,-1117.0,-1363.0,-164.0,-398.0,-618.0,-842.0,-1064.0,-1295.0
-210.0,-448.0,-662.0,-877,-1117.0,-1365.0,-164.0,-398.0,-618.0,-843.0,-1067.0,-1295.0
-210.0,-445.0,-662.0,-877,-1117.0,-1363.0,-164.0,-398.0,-619.0,-843.0,-1067.0,-1295.0
-211.0,-445.0,-662.0,-877,-1117.0,-1363.0,-164.0,-398.0,-619.0,-843.0,-1067.0,-1295.0
-212.0,-443.0,-662.0,-876,-1117.0,-1362.0,-164.0,-398.0,-619.0,-843.0,-1068.0,-1295.0
-213.0,-441.0,-662.0,-876,-1117.0,-1360.0,-164.0,-398.0,-619.0,-843.0,-1068.0,-1295.0
-216.0,-438.0,-662.0,-874,-1116.0,-1358.0,-164.0,-398.0,-619.0,-843.0,-1068.0,-1295.0
-213.0,-433.0,-662.0,-873,-1115.0,-1354.0,-164.0,-398.0,-619.0,-843.0,-1068.0,-1295.0
-212.0,-430.0,-662.0,-869,-1113.0,-1351.0,-164.0,-398.0,-619.0,-843.0,-1068.0,-1293.0
-211.0,-428.0,-662.0,-872,-1111.0,-1348.0,-164.0,-399.0,-619.0,-843.0,-1068.0,-1295.0
-206.0,-425.0,-662.0,-873,-1109.0,-1345.0,-164.0,-399.0,-619.0,-843.0,-1068.0,-1295.0
-204.0,-419.0,-663.0,-874,-1106.0,-1337.0,-164.0,-399.0,-619.0,-840.0,-1068.0,-1295.0
-201.0,-423.0,-664.0,-877,-1104.0,-1343.0,-164.0,-399.0,-619.0,-843.0,-1068.0,-1295.0
-199.0,-426.0,-665.0,-879,-1103.0,-1345.0,-163.0,-399.0,-619.0,-843.0,-1068.0,-1295.0
-196.0,-432.0,-668.0,-884,-1099.0,-1349.0,-163.0,-399.0,-619.0,-843.0,-1068.0,-1295.0
-194.0,-436.0,-672.0,-887,-1102.0,-1355.0,-163.0,-399.0,-619.0,-843.0,-1068.0,-1295.0
-189.0,-442.0,-675.0,-889,-1104.0,-1363.0,-163.0,-399.0,-619.0,-843.0,-1068.0,-1295.0
-193.0,-452.0,-680.0,-891,-1105.0,-1370.0,-163.0,-399.0,-618.0,-843.0,-1068.0,-1295.0
-194.0,-461.0,-689.0,-892,-1107.0,-1377.0,-164.0,-399.0,-618.0,-843.0,-1068.0,-1296.0
-197.0,-471.0,-699.0,-897,-1106.0,-1388.0,-164.0,-399.0,-618.0,-843.0,-1069.0,-1297.0
-198.0,-481.0,-708.0,-891,-1104.0,-1398.0,-164.0,-400.0,-618.0,-843.0,-1069.0,-1297.0
-201.0,-498.0,-721.0,-888,-1101.0,-1413.0,-164.0,-399.0,-616.0,-843.0,-1069.0,-1300.0
-203.0,-517.0,-735.0,-885,-1095.0,-1107.0,-164.0,-399.0,-618.0,-842.0,-1068.0,-1298.0
-207.0,-530.0,-746.0,-880,-1089.0,-1106.0,-165.0,-399.0,-618.0,-842.0,-1068.0,-1297.0
-204.0,-544.0,-778.0,-876,-1085.0,-1104.0,-164.0,-399.0,-618.0,-841.0,-1068.0,-1297.0
-203.0,-563.0,-831.0,-871,-1079.0,-1101.0,-164.0,-399.0,-618.0,-839.0,-1068.0,-1296.0
-201.0,-575.0,-835.0,-869,-1073.0,-1095.0,-164.0,-399.0,-619.0,-841.0,-1068.0,-1296.0
-199.0,-590.0,-881.0,-866,-1067.0,-1089.0,-164.0,-399.0,-619.0,-842.0,-1068.0,-1295.0
-197.0,-605.0,-804.0,-862,-1060.0,-1085.0,-164.0,-399.0,-619.0,-842.0,-1066.0,-1295.0
-194.0,-616.0,-800.0,-859,-1053.0,-1079.0,-162.0,-399.0,-619.0,-842.0,-1068.0,-1293.0
-192.0,-624.0,-797.0,-854,-1046.0,-1073.0,-160.0,-399.0,-620.0,-843.0,-1068.0,-1295.0
-190.0,-633.0,-793.0,-851,-1038.0,-1067.0,-158.0,-399.0,-620.0,-844.0,-1068.0,-1295.0
-189.0,-641.0,-788.0,-846,-1028.0,-1060.0,-156.0,-398.0,-620.0,-844.0,-1068.0,-1295.0
-187.0,-649.0,-785.0,-842,-1021.0,-1053.0,-154.0,-397.0,-620.0,-845.0,-1068.0,-1296.0
-186.0,-653.0,-783.0,-836,-1015.0,-1046.0,-152.0,-394.0,-620.0,-847.0,-1068.0,-1296.0
-185.0,-657.0,-781.0,-832,-1010.0,-1038.0,-147.0,-392.0,-620.0,-845.0,-1069.0,-1296.0
-183.0,-663.0,-779.0,-803,-1004.0,-1028.0,-151.0,-391.0,-618.0,-845.0,-1069.0,-1296.0
-185.0,-658.0,-777.0,-831,-1000.0,-1021.0,-154.0,-389.0,-617.0,-844.0,-1069.0,-1296.0
-186.0,-655.0,-776.0,-835,-996.0,-1015.0,-156.0,-386.0,-616.0,-844.0,-1069.0,-1297.0
-186.0,-651.0,-775.0,-839,-993.0,-1010.0,-158.0,-381.0,-614.0,-843.0,-1069.0,-1297.0
-187.0,-643.0,-776.0,-876,-990.0,-1004.0,-160.0,-385.0,-613.0,-841.0,-1069.0,-1299.0
-188.0,-638.0,-779.0,-884,-988.0,-1000.0,-164.0,-386.0,-611.0,-840.0,-1067.0,-1297.0
-189.0,-632.0,-785.0,-888,-987.0,-996.0,-165.0,-386.0,-606.0,-838.0,-1067.0,-1297.0
-191.0,-625.0,-875.0,-892,-984.0,-993.0,-168.0,-387.0,-611.0,-837.0,-1065.0,-1296.0
-192.0,-609.0,-822.0,-896,-987.0,-990.0,-170.0,-387.0,-612.0,-835.0,-1063.0,-1295.0
-194.0,-598.0,-818.0,-900,-988.0,-988.0,-171.0,-385.0,-614.0,-830.0,-1061.0,-1294.0
-194.0,-587.0,-814.0,-901,-990.0,-987.0,-174.0,-384.0,-618.0,-836.0,-1060.0,-1293.0
-195.0,-574.0,-779.0,-906,-992.0,-984.0,-175.0,-382.0,-625.0,-839.0,-1055.0,-1291.0
-195.0,-561.0,-767.0,-901,-995.0,-987.0,-177.0,-380.0,-632.0,-843.0,-1059.0,-1290.0
-195.0,-547.0,-758.0,-898,-1001.0,-988.0,-180.0,-378.0,-639.0,-849.0,-1062.0,-1288.0
-194.0,-535.0,-750.0,-893,-1005.0,-990.0,-181.0,-375.0,-646.0,-858.0,-1066.0,-1286.0
-193.0,-519.0,-741.0,-888,-1009.0,-992.0,-183.0,-374.0,-655.0,-865.0,-1070.0,-1281.0
-193.0,-503.0,-727.0,-882,-1013.0,-995.0,-184.0,-373.0,-665.0,-874.0,-1077.0,-1287.0
-189.0,-490.0,-713.0,-872,-1020.0,-1001.0,-185.0,-369.0,-675.0,-882.0,-1086.0,-1290.0
-193.0,-481.0,-701.0,-863,-1043.0,-1005.0,-186.0,-373.0,-686.0,-892.0,-1094.0,-1295.0
-194.0,-467.0,-689.0,-825,-1053.0,-1009.0,-187.0,-374.0,-699.0,-901.0,-1102.0,-1300.0
-197.0,-454.0,-676.0,-822,-1061.0,-1013.0,-187.0,-377.0,-709.0,-911.0,-1114.0,-1306.0
-199.0,-447.0,-671.0,-818,-1072.0,-1020.0,-187.0,-380.0,-718.0,-924.0,-1122.0,-1312.0
-203.0,-439.0,-663.0,-779,-1096.0,-1043.0,-188.0,-384.0,-735.0,-940.0,-1131.0,-1318.0
-205.0,-434.0,-657.0,-816,-1104.0,-1053.0,-188.0,-390.0,-746.0,-950.0,-1138.0,-1323.0
-208.0,-428.0,-650.0,-829,-1111.0,-1061.0,-189.0,-395.0,-761.0,-963.0,-1145.0,-1329.0
-209.0,-424.0,-646.0,-841,-1117.0,-1072.0,-191.0,-401.0,-773.0,-974.0,-1157.0,-1335.0
-212.0,-420.0,-643.0,-851,-1121.0,-1096.0,-194.0,-408.0,-791.0,-996.0,-996.0,-1341.0
-210.0,-417.0,-639.0,-860,-1124.0,-1104.0,-200.0,-419.0,-805.0,-1012.0,-1012.0,-1347.0
-209.0,-415.0,-637.0,-866,-1126.0,-1111.0,-204.0,-433.0,-819.0,-1026.0,-1026.0,-1354.0
-209.0,-414.0,-635.0,-872,-1127.0,-1117.0,-209.0,-442.0,-832.0,-1036.0,-1036.0,-1359.0
-209.0,-413.0,-634.0,-877,-1129.0,-1121.0,-215.0,-454.0,-842.0,-1058.0,-1058.0,-1366.0
-209.0,-412.0,-633.0,-881,-1130.0,-1124.0,-221.0,-466.0,-855.0,-1071.0,-1071.0,-1376.0
-209.0,-411.0,-632.0,-884,-1131.0,-1126.0,-226.0,-483.0,-865.0,-1080.0,-1080.0,-1393.0
-209.0,-410.0,-631.0,-886,-1131.0,-1127.0,-229.0,-497.0,-873.0,-1090.0,-1090.0,-1402.0
-209.0,-410.0,-630.0,-887,-1131.0,-1129.0,-237.0,-511.0,-884.0,-1103.0,-1103.0,-1412.0
-212.0,-409.0,-630.0,-888,-1132.0,-1130.0,-230.0,-521.0,-892.0,-1112.0,-1112.0,-1424.0
-210.0,-408.0,-629.0,-889,-1132.0,-1131.0,-226.0,-533.0,-900.0,-1118.0,-1118.0,-1442.0
-209.0,-408.0,-629.0,-890,-1132.0,-1131.0,-217.0,-546.0,-907.0,-1124.0,-1124.0,-1450.0
-209.0,-407.0,-628.0,-891,-1133.0,-1131.0,-210.0,-533.0,-913.0,-1134.0,-1134.0,-1461.0
-209.0,-406.0,-628.0,-891,-1133.0,-1132.0,-203.0,-527.0,-934.0,-1140.0,-1140.0,-1473.0
-208.0,-406.0,-628.0,-891,-1133.0,-1132.0,-195.0,-518.0,-914.0,-1149.0,-1149.0,-1481.0
-208.0,-406.0,-627.0,-892,-1133.0,-1132.0,-185.0,-507.0,-902.0,-1167.0,-1167.0,-1488.0
-208.0,-406.0,-626.0,-893,-1134.0,-1133.0,-178.0,-491.0,-887.0,-1149.0,-1149.0,-1498.0
-208.0,-406.0,-626.0,-893,-1134.0,-1133.0,-171.0,-476.0,-852.0,-1141.0,-1141.0,-1505.0
-209.0,-405.0,-626.0,-894,-1134.0,-1133.0,-166.0,-461.0,-824.0,-1127.0,-1127.0,-1508.0
-209.0,-404.0,-625.0,-894,-1135.0,-1133.0,-162.0,-449.0,-791.0,-1092.0,-1092.0,-1511.0
-210.0,-404.0,-624.0,-894,-1135.0,-1134.0,-158.0,-433.0,-745.0,-1072.0,-1072.0,-1514.0
-211.0,-402.0,-623.0,-894,-1136.0,-1134.0,-155.0,-421.0,-725.0,-1048.0,-1048.0,-1516.0
-212.0,-401.0,-623.0,-894,-1136.0,-1134.0,-154.0,-407.0,-708.0,-1001.0,-1001.0,-1515.0
-216.0,-399.0,-622.0,-894,-1137.0,-1135.0,-152.0,-399.0,-685.0,-959.0,-959.0,-1508.0
-212.0,-397.0,-621.0,-894,-1137.0,-1135.0,-151.0,-393.0,-660.0,-936.0,-936.0,-1495.0
-210.0,-396.0,-620.0,-894,-1137.0,-1136.0,-150.0,-390.0,-634.0,-923.0,-923.0,-1483.0
-209.0,-395.0,-619.0,-894,-1137.0,-1136.0,-146.0,-387.0,-617.0,-905.0,-848.0,-1471.0
-207.0,-393.0,-618.0,-895,-1137.0,-1137.0,-149.0,-384.0,-604.0,-865.0,-1151.0,-1450.0
-207.0,-392.0,-618.0,-896,-1137.0,-1137.0,-150.0,-382.0,-597.0,-848.0,-1129.0,-1425.0
-206.0,-391.0,-616.0,-897,-1137.0,-1137.0,-151.0,-380.0,-592.0,-836.0,-1117.0,-1391.0
-206.0,-390.0,-615.0,-898,-1138.0,-1137.0,-152.0,-379.0,-586.0,-827.0,-1083.0,-1371.0
-206.0,-389.0,-614.0,-899,-1138.0,-1137.0,-154.0,-377.0,-583.0,-821.0,-1064.0,-1352.0
-206.0,-388.0,-613.0,-901,-1138.0,-1137.0,-157.0,-376.0,-580.0,-816.0,-1056.0,-1337.0
-206.0,-387.0,-611.0,-902,-1139.0,-1137.0,-159.0,-373.0,-579.0,-811.0,-1050.0,-1311.0
-206.0,-386.0,-608.0,-902,-1140.0,-1138.0,-161.0,-376.0,-576.0,-808.0,-1044.0,-1298.0
-207.0,-384.0,-606.0,-903,-1141.0,-1138.0,-163.0,-377.0,-575.0,-806.0,-1040.0,-1291.0
-207.0,-382.0,-603.0,-903,-1142.0,-1138.0,-164.0,-378.0,-574.0,-803.0,-1036.0,-1286.0
-208.0,-380.0,-601.0,-904,-1143.0,-1139.0,-165.0,-379.0,-573.0,-801.0,-1033.0,-1282.0
-208.0,-376.0,-598.0,-905,-1145.0,-1140.0,-166.0,-379.0,-572.0,-799.0,-1030.0,-1277.0
-208.0,-374.0,-596.0,-905,-1147.0,-1141.0,-168.0,-379.0,-571.0,-798.0,-1028.0,-1274.0
-209.0,-370.0,-593.0,-906,-1148.0,-1142.0,-166.0,-379.0,-570.0,-796.0,-1026.0,-1272.0
-211.0,-367.0,-591.0,-906,-1150.0,-1143.0,-166.0,-379.0,-569.0,-795.0,-1025.0,-1270.0
-209.0,-363.0,-587.0,-906,-1152.0,-1145.0,-165.0,-378.0,-567.0,-794.0,-1023.0,-1269.0
-209.0,-359.0,-584.0,-907,-1153.0,-1147.0,-165.0,-377.0,-566.0,-793.0,-1022.0,-1267.0
-208.0,-355.0,-580.0,-907,-1155.0,-1148.0,-164.0,-377.0,-565.0,-791.0,-1021.0,-1266.0
-208.0,-351.0,-576.0,-909,-1157.0,-1150.0,-163.0,-376.0,-564.0,-790.0,-1020.0,-1264.0
-207.0,-346.0,-571.0,-910,-1159.0,-1152.0,-162.0,-375.0,-563.0,-788.0,-1018.0,-1262.0
-207.0,-343.0,-567.0,-913,-1161.0,-1153.0,-161.0,-375.0,-559.0,-786.0,-1017.0,-1261.0
-206.0,-339.0,-564.0,-915,-1163.0,-1155.0,-160.0,-375.0,-562.0,-785.0,-1016.0,-1259.0
-205.0,-205.0,-560.0,-918,-1164.0,-1157.0,-159.0,-375.0,-563.0,-784.0,-1014.0,-1258.0
-205.0,-205.0,-556.0,-921,-1167.0,-1159.0,-159.0,-375.0,-563.0,-783.0,-1013.0,-1256.0
-205.0,-205.0,-553.0,-924,-1168.0,-1161.0,-158.0,-374.0,-564.0,-780.0,-1012.0,-1255.0
-205.0,-203.0,-550.0,-927,-1170.0,-1163.0,-157.0,-373.0,-565.0,-783.0,-1011.0,-1254.0
-205.0,-205.0,-547.0,-930,-1173.0,-1164.0,-157.0,-372.0,-565.0,-785.0,-1007.0,-1252.0
-205.0,-205.0,-544.0,-933,-1174.0,-1167.0,-157.0,-371.0,-565.0,-786.0,-1010.0,-1251.0
-205.0,-205.0,-541.0,-936,-1176.0,-1168.0,-157.0,-370.0,-564.0,-787.0,-1011.0,-1250.0
-205.0,-308.0,-537.0,-939,-1178.0,-1170.0,-156.0,-369.0,-562.0,-788.0,-1012.0,-1246.0
-205.0,-304.0,-534.0,-941,-1179.0,-1173.0,-156.0,-368.0,-560.0,-787.0,-1013.0,-1250.0
-205.0,-302.0,-531.0,-943,-1180.0,-1174.0,-155.0,-367.0,-557.0,-786.0,-1014.0,-1251.0
-205.0,-298.0,-529.0,-945,-1181.0,-1176.0,-155.0,-365.0,-554.0,-784.0,-1014.0,-1253.0
-204.0,-296.0,-527.0,-947,-1181.0,-1178.0,-154.0,-363.0,-551.0,-780.0,-1014.0,-1255.0
-203.0,-294.0,-526.0,-949,-1184.0,-1179.0,-154.0,-362.0,-547.0,-777.0,-1013.0,-1256.0
-202.0,-293.0,-521.0,-951,-1182.0,-1180.0,-153.0,-360.0,-543.0,-774.0,-1010.0,-1257.0
-201.0,-289.0,-524.0,-953,-1181.0,-1181.0,-152.0,-358.0,-539.0,-770.0,-1008.0,-1257.0
-200.0,-292.0,-525.0,-955,-1180.0,-1181.0,-151.0,-356.0,-534.0,-767.0,-1005.0,-1257.0
-199.0,-293.0,-527.0,-957,-1178.0,-1182.0,-150.0,-354.0,-530.0,-762.0,-1002.0,-1257.0
-197.0,-295.0,-531.0,-958,-1175.0,-1211.0,-149.0,-350.0,-524.0,-757.0,-998.0,-1255.0
-196.0,-299.0,-535.0,-960,-1173.0,-1212.0,-147.0,-347.0,-516.0,-751.0,-994.0,-1253.0
-195.0,-303.0,-540.0,-963,-1170.0,-1215.0,-146.0,-343.0,-510.0,-744.0,-990.0,-1251.0
-194.0,-309.0,-546.0,-960,-1166.0,-1219.0,-145.0,-339.0,-503.0,-739.0,-986.0,-1248.0
-193.0,-314.0,-551.0,-960,-1163.0,-1224.0,-144.0,-335.0,-493.0,-732.0,-981.0,-1246.0
-192.0,-322.0,-559.0,-959,-1159.0,-1230.0,-142.0,-330.0,-487.0,-728.0,-975.0,-1243.0
-189.0,-327.0,-568.0,-957,-1157.0,-1236.0,-141.0,-326.0,-479.0,-723.0,-969.0,-1240.0
-192.0,-341.0,-576.0,-955,-1153.0,-1244.0,-140.0,-321.0,-471.0,-719.0,-963.0,-1236.0
-192.0,-349.0,-584.0,-952,-1150.0,-1251.0,-139.0,-314.0,-461.0,-709.0,-955.0,-1233.0
-193.0,-357.0,-592.0,-949,-1147.0,-1257.0,-138.0,-309.0,-451.0,-697.0,-949.0,-1229.0
-193.0,-366.0,-595.0,-945,-1144.0,-1265.0,-137.0,-303.0,-442.0,-686.0,-941.0,-1224.0
-194.0,-374.0,-609.0,-942,-1140.0,-1276.0,-136.0,-298.0,-433.0,-677.0,-933.0,-1220.0
-195.0,-381.0,-615.0,-937,-1137.0,-1285.0,-135.0,-292.0,-424.0,-667.0,-922.0,-1216.0
-196.0,-387.0,-621.0,-933,-1134.0,-1292.0,-134.0,-286.0,-416.0,-659.0,-913.0,-1210.0
-196.0,-391.0,-626.0,-929,-1132.0,-1299.0,-131.0,-281.0,-410.0,-651.0,-905.0,-1204.0
-197.0,-396.0,-630.0,-924,-1129.0,-1305.0,-134.0,-277.0,-406.0,-642.0,-897.0,-1199.0
-198.0,-400.0,-634.0,-920,-1128.0,-1311.0,-135.0,-274.0,-403.0,-634.0,-889.0,-1193.0
-199.0,-404.0,-637.0,-917,-1126.0,-1317.0,-136.0,-271.0,-400.0,-629.0,-883.0,-1185.0
-199.0,-408.0,-640.0,-916,-1124.0,-1321.0,-137.0,-265.0,-394.0,-624.0,-876.0,-1178.0
-200.0,-411.0,-644.0,-913,-1123.0,-1325.0,-138.0,-268.0,-400.0,-620.0,-871.0,-1173.0
-200.0,-414.0,-646.0,-911,-1122.0,-1329.0,-139.0,-269.0,-403.0,-612.0,-866.0,-1167.0
-201.0,-417.0,-649.0,-909,-1121.0,-1332.0,-140.0,-270.0,-408.0,-617.0,-862.0,-1160.0
-201.0,-419.0,-650.0,-906,-1120.0,-1334.0,-142.0,-273.0,-414.0,-619.0,-858.0,-1156.0
-202.0,-422.0,-651.0,-903,-1119.0,-1336.0,-144.0,-276.0,-420.0,-622.0,-853.0,-1151.0
-202.0,-423.0,-652.0,-901,-1119.0,-1338.0,-145.0,-280.0,-427.0,-627.0,-858.0,-1147.0
-203.0,-425.0,-653.0,-900,-1119.0,-1341.0,-146.0,-284.0,-434.0,-633.0,-861.0,-1144.0
-203.0,-426.0,-653.0,-898,-1119.0,-1343.0,-147.0,-288.0,-441.0,-639.0,-865.0,-1142.0
-204.0,-426.0,-653.0,-896,-1119.0,-1344.0,-148.0,-293.0,-449.0,-646.0,-870.0,-1137.0
-204.0,-426.0,-653.0,-895,-1119.0,-1345.0,-149.0,-297.0,-456.0,-653.0,-875.0,-1142.0
-205.0,-427.0,-653.0,-893,-1119.0,-1345.0,-150.0,-302.0,-464.0,-662.0,-882.0,-1144.0
-205.0,-427.0,-653.0,-892,-1119.0,-1346.0,-151.0,-308.0,-473.0,-669.0,-889.0,-1147.0
-205.0,-427.0,-653.0,-890,-1117.0,-1346.0,-152.0,-313.0,-481.0,-677.0,-896.0,-1151.0
-206.0,-427.0,-653.0,-889,-1119.0,-1347.0,-153.0,-319.0,-489.0,-685.0,-904.0,-1155.0
-206.0,-424.0,-653.0,-888,-1119.0,-1347.0,-154.0,-324.0,-497.0,-694.0,-913.0,-1161.0
-206.0,-426.0,-653.0,-888,-1119.0,-1347.0,-155.0,-330.0,-506.0,-703.0,-920.0,-1165.0
-206.0,-427.0,-653.0,-887,-1119.0,-1347.0,-155.0,-335.0,-515.0,-712.0,-928.0,-1172.0
-206.0,-427.0,-652.0,-887,-1119.0,-1347.0,-156.0,-339.0,-523.0,-721.0,-939.0,-1177.0
-206.0,-427.0,-652.0,-887,-1119.0,-1347.0,-157.0,-344.0,-530.0,-729.0,-948.0,-1183.0
-206.0,-427.0,-652.0,-887,-1119.0,-1347.0,-157.0,-348.0,-537.0,-738.0,-957.0,-1189.0
-206.0,-427.0,-652.0,-887,-1119.0,-1347.0,-157.0,-351.0,-544.0,-747.0,-965.0,-1195.0
-206.0,-427.0,-652.0,-887,-1120.0,-1347.0,-158.0,-355.0,-551.0,-755.0,-974.0,-1200.0
-206.0,-427.0,-652.0,-887,-1120.0,-1347.0,-158.0,-358.0,-557.0,-762.0,-982.0,-1208.0
-206.0,-430.0,-652.0,-890,-1120.0,-1346.0,-159.0,-360.0,-559.0,-765.0,-985.0,-1211.0
-206.0,-428.0,-651.0,-888,-1120.0,-1346.0,-159.0,-365.0,-568.0,-776.0,-998.0,-1220.0
-207.0,-427.0,-651.0,-887,-1120.0,-1346.0,-159.0,-367.0,-572.0,-781.0,-1004.0,-1226.0
-207.0,-427.0,-651.0,-887,-1120.0,-1346.0,-159.0,-370.0,-576.0,-786.0,-1010.0,-1233.0
-207.0,-427.0,-651.0,-887,-1120.0,-1346.0,-160.0,-372.0,-580.0,-791.0,-1016.0,-1239.0
-208.0,-426.0,-651.0,-887,-1120.0,-1346.0,-160.0,-373.0,-583.0,-796.0,-1022.0,-1244.0
-207.0,-426.0,-651.0,-887,-1120.0,-1346.0,-160.0,-374.0,-586.0,-800.0,-1027.0,-1249.0
-207.0,-425.0,-651.0,-886,-1120.0,-1346.0,-160.0,-375.0,-588.0,-804.0,-1032.0,-1254.0
-207.0,-424.0,-651.0,-886,-1120.0,-1345.0,-160.0,-376.0,-590.0,-807.0,-1035.0,-1259.0
-206.0,-424.0,-650.0,-886,-1120.0,-1345.0,-160.0,-377.0,-592.0,-810.0,-1039.0,-1263.0
-206.0,-423.0,-650.0,-886,-1119.0,-1345.0,-160.0,-378.0,-593.0,-812.0,-1042.0,-1266.0
-206.0,-422.0,-649.0,-886,-1119.0,-1344.0,-160.0,-379.0,-594.0,-814.0,-1045.0,-1269.0
-206.0,-421.0,-648.0,-886,-1117.0,-1344.0,-161.0,-379.0,-595.0,-816.0,-1047.0,-1272.0
-206.0,-421.0,-648.0,-886,-1119.0,-1343.0,-161.0,-380.0,-596.0,-817.0,-1049.0,-1275.0
-206.0,-419.0,-646.0,-886,-1119.0,-1343.0,-161.0,-381.0,-597.0,-819.0,-1051.0,-1277.0
-206.0,-418.0,-645.0,-887,-1119.0,-1342.0,-161.0,-381.0,-598.0,-820.0,-1052.0,-1279.0
-206.0,-417.0,-644.0,-887,-1120.0,-1341.0,-162.0,-382.0,-598.0,-821.0,-1054.0,-1281.0
-206.0,-415.0,-642.0,-888,-1121.0,-1340.0,-162.0,-383.0,-599.0,-822.0,-1055.0,-1282.0
-206.0,-413.0,-641.0,-889,-1121.0,-1339.0,-162.0,-383.0,-600.0,-822.0,-1056.0,-1284.0
-206.0,-411.0,-639.0,-889,-1122.0,-1338.0,-162.0,-384.0,-600.0,-823.0,-1056.0,-1285.0
-206.0,-409.0,-638.0,-890,-1123.0,-1336.0,-163.0,-384.0,-601.0,-824.0,-1057.0,-1286.0
-206.0,-408.0,-636.0,-891,-1124.0,-1335.0,-163.0,-385.0,-602.0,-825.0,-1058.0,-1286.0
-206.0,-406.0,-635.0,-892,-1125.0,-1333.0,-163.0,-385.0,-602.0,-825.0,-1058.0,-1287.0
-206.0,-405.0,-634.0,-892,-1126.0,-1331.0,-164.0,-385.0,-603.0,-826.0,-1059.0,-1288.0
-206.0,-404.0,-634.0,-893,-1126.0,-1329.0,-164.0,-386.0,-603.0,-827.0,-1059.0,-1288.0
-206.0,-404.0,-633.0,-893,-1127.0,-1328.0,-164.0,-386.0,-604.0,-827.0,-1060.0,-1289.0
-206.0,-404.0,-631.0,-894,-1128.0,-1327.0,-164.0,-386.0,-604.0,-828.0,-1060.0,-1289.0
-206.0,-403.0,-633.0,-895,-1128.0,-1326.0,-164.0,-386.0,-605.0,-828.0,-1061.0,-1290.0
-205.0,-403.0,-633.0,-896,-1129.0,-1325.0,-164.0,-386.0,-605.0,-829.0,-1061.0,-1290.0
-205.0,-401.0,-634.0,-897,-1131.0,-1324.0,-164.0,-387.0,-606.0,-830.0,-1062.0,-1291.0
-205.0,-403.0,-634.0,-898,-1129.0,-1321.0,-164.0,-388.0,-606.0,-830.0,-1062.0,-1291.0
-205.0,-403.0,-635.0,-899,-1128.0,-1324.0,-164.0,-388.0,-607.0,-831.0,-1062.0,-1292.0
-204.0,-404.0,-635.0,-899,-1128.0,-1324.0,-164.0,-389.0,-608.0,-832.0,-1063.0,-1292.0
-203.0,-404.0,-636.0,-900,-1128.0,-1325.0,-164.0,-389.0,-608.0,-832.0,-1063.0,-1292.0
-202.0,-405.0,-637.0,-900,-1128.0,-1325.0,-164.0,-390.0,-609.0,-833.0,-1063.0,-1292.0
-201.0,-406.0,-637.0,-901,-1127.0,-1325.0,-165.0,-390.0,-609.0,-833.0,-1063.0,-1293.0
-201.0,-409.0,-638.0,-901,-1127.0,-1325.0,-165.0,-390.0,-609.0,-834.0,-1064.0,-1293.0
-196.0,-411.0,-640.0,-902,-1126.0,-1326.0,-165.0,-391.0,-610.0,-834.0,-1064.0,-1293.0
-201.0,-414.0,-641.0,-902,-1126.0,-1327.0,-165.0,-391.0,-610.0,-835.0,-1064.0,-1293.0
-202.0,-417.0,-643.0,-902,-1125.0,-1328.0,-165.0,-392.0,-610.0,-835.0,-1065.0,-1293.0
-203.0,-422.0,-646.0,-906,-1125.0,-1331.0,-165.0,-392.0,-610.0,-836.0,-1066.0,-1293.0
-205.0,-426.0,-649.0,-902,-1125.0,-1333.0,-165.0,-392.0,-611.0,-836.0,-1066.0,-1293.0
-206.0,-428.0,-651.0,-901,-1124.0,-1336.0,-165.0,-393.0,-611.0,-836.0,-1067.0,-1293.0
-208.0,-430.0,-653.0,-900,-1124.0,-1338.0,-165.0,-393.0,-611.0,-836.0,-1067.0,-1294.0
-209.0,-432.0,-655.0,-898,-1123.0,-1342.0,-166.0,-393.0,-612.0,-837.0,-1068.0,-1294.0
-210.0,-433.0,-656.0,-895,-1122.0,-1345.0,-166.0,-394.0,-612.0,-837.0,-1068.0,-1295.0
-210.0,-434.0,-657.0,-893,-1122.0,-1348.0,-166.0,-394.0,-612.0,-837.0,-1068.0,-1295.0
-213.0,-435.0,-658.0,-891,-1121.0,-1350.0,-166.0,-394.0,-613.0,-838.0,-1069.0,-1296.0
-210.0,-435.0,-658.0,-889,-1120.0,-1351.0,-166.0,-395.0,-614.0,-838.0,-1069.0,-1296.0
-210.0,-436.0,-659.0,-887,-1119.0,-1352.0,-166.0,-395.0,-614.0,-839.0,-1069.0,-1297.0
-209.0,-436.0,-659.0,-886,-1118.0,-1353.0,-166.0,-396.0,-615.0,-839.0,-1070.0,-1297.0
-209.0,-437.0,-659.0,-885,-1118.0,-1353.0,-166.0,-396.0,-615.0,-840.0,-1070.0,-1297.0
-208.0,-437.0,-660.0,-884,-1117.0,-1354.0,-166.0,-396.0,-616.0,-840.0,-1070.0,-1297.0
-208.0,-438.0,-660.0,-884,-1117.0,-1354.0,-166.0,-396.0,-616.0,-841.0,-1071.0,-1297.0
-208.0,-439.0,-660.0,-883,-1117.0,-1355.0,-166.0,-397.0,-616.0,-841.0,-1071.0,-1297.0
-209.0,-440.0,-660.0,-883,-1117.0,-1355.0,-166.0,-397.0,-617.0,-841.0,-1072.0,-1297.0
-209.0,-441.0,-661.0,-883,-1115.0,-1355.0,-166.0,-397.0,-617.0,-842.0,-1072.0,-1297.0
-210.0,-442.0,-662.0,-882,-1117.0,-1356.0,-166.0,-397.0,-618.0,-842.0,-1072.0,-1298.0
-211.0,-445.0,-661.0,-882,-1117.0,-1357.0,-166.0,-397.0,-618.0,-843.0,-1073.0,-1298.0
-212.0,-442.0,-660.0,-882,-1117.0,-1358.0,-166.0,-397.0,-618.0,-843.0,-1073.0,-1298.0
-213.0,-442.0,-660.0,-881,-1117.0,-1358.0,-166.0,-397.0,-618.0,-844.0,-1073.0,-1298.0
-214.0,-441.0,-660.0,-881,-1118.0,-1359.0,-166.0,-398.0,-618.0,-844.0,-1074.0,-1299.0
-217.0,-440.0,-660.0,-881,-1118.0,-1359.0,-166.0,-398.0,-618.0,-844.0,-1074.0,-1299.0
-214.0,-440.0,-660.0,-880,-1118.0,-1361.0,-166.0,-398.0,-618.0,-844.0,-1074.0,-1300.0
-214.0,-439.0,-660.0,-879,-1118.0,-1359.0,-166.0,-398.0,-618.0,-844.0,-1074.0,-1300.0
-213.0,-439.0,-660.0,-878,-1118.0,-1359.0,-166.0,-398.0,-618.0,-844.0,-1074.0,-1300.0
-213.0,-439.0,-660.0,-877,-1118.0,-1358.0,-166.0,-399.0,-618.0,-844.0,-1074.0,-1301.0
-212.0,-440.0,-660.0,-877,-1118.0,-1357.0,-166.0,-398.0,-618.0,-844.0,-1074.0,-1301.0
-212.0,-440.0,-660.0,-873,-1118.0,-1356.0,-166.0,-398.0,-619.0,-844.0,-1074.0,-1301.0
-212.0,-441.0,-660.0,-876,-1118.0,-1356.0,-166.0,-398.0,-619.0,-844.0,-1074.0,-1301.0
-212.0,-441.0,-660.0,-877,-1118.0,-1356.0,-166.0,-398.0,-619.0,-844.0,-1074.0,-1301.0
-213.0,-441.0,-660.0,-877,-1118.0,-1356.0,-166.0,-398.0,-619.0,-844.0,-1074.0,-1302.0
-213.0,-442.0,-660.0,-878,-1118.0,-1356.0,-166.0,-398.0,-620.0,-845.0,-1075.0,-1301.0
-214.0,-442.0,-660.0,-878,-1118.0,-1357.0,-166.0,-397.0,-620.0,-845.0,-1074.0,-1301.0
-214.0,-443.0,-660.0,-879,-1118.0,-1358.0,-166.0,-397.0,-620.0,-845.0,-1074.0,-1301.0
-215.0,-442.0,-660.0,-879,-1118.0,-1358.0,-166.0,-396.0,-620.0,-845.0,-1074.0,-1301.0
-217.0,-442.0,-660.0,-878,-1118.0,-1359.0,-166.0,-396.0,-620.0,-846.0,-1074.0,-1301.0
-215.0,-441.0,-660.0,-878,-1118.0,-1361.0,-166.0,-396.0,-620.0,-846.0,-1074.0,-1300.0
-214.0,-441.0,-660.0,-878,-1118.0,-1359.0,-166.0,-397.0,-619.0,-848.0,-1074.0,-1300.0
-214.0,-440.0,-660.0,-877,-1118.0,-1359.0,-167.0,-397.0,-619.0,-846.0,-1074.0,-1300.0
-213.0,-440.0,-660.0,-877,-1118.0,-1358.0,-167.0,-398.0,-616.0,-846.0,-1074.0,-1300.0
-213.0,-440.0,-660.0,-877,-1118.0,-1358.0,-167.0,-398.0,-619.0,-845.0,-1074.0,-1301.0
-212.0,-440.0,-660.0,-876,-1118.0,-1358.0,-168.0,-399.0,-619.0,-845.0,-1074.0,-1301.0
-212.0,-439.0,-660.0,-873,-1118.0,-1357.0,-167.0,-399.0,-619.0,-844.0,-1074.0,-1302.0
-212.0,-439.0,-660.0,-876,-1118.0,-1357.0,-167.0,-399.0,-620.0,-844.0,-1073.0,-1301.0
-211.0,-438.0,-660.0,-876,-1118.0,-1356.0,-167.0,-399.0,-620.0,-845.0,-1073.0,-1301.0
-211.0,-438.0,-660.0,-877,-1118.0,-1356.0,-166.0,-399.0,-621.0,-845.0,-1073.0,-1301.0
-211.0,-438.0,-660.0,-877,-1118.0,-1355.0,-166.0,-399.0,-621.0,-846.0,-1073.0,-1300.0
-210.0,-438.0,-659.0,-877,-1118.0,-1355.0,-166.0,-399.0,-621.0,-846.0,-1073.0,-1300.0
-210.0,-438.0,-659.0,-878,-1117.0,-1355.0,-166.0,-399.0,-622.0,-846.0,-1073.0,-1300.0
-210.0,-439.0,-659.0,-879,-1117.0,-1355.0,-166.0,-399.0,-622.0,-847.0,-1074.0,-1300.0
-210.0,-439.0,-659.0,-879,-1117.0,-1354.0,-166.0,-399.0,-622.0,-847.0,-1075.0,-1300.0
-211.0,-439.0,-659.0,-880,-1117.0,-1355.0,-166.0,-399.0,-622.0,-847.0,-1075.0,-1300.0
-211.0,-439.0,-659.0,-880,-1117.0,-1355.0,-166.0,-399.0,-622.0,-847.0,-1075.0,-1300.0
-212.0,-439.0,-659.0,-881,-1117.0,-1355.0,-166.0,-399.0,-622.0,-847.0,-1076.0,-1300.0
-212.0,-440.0,-659.0,-881,-1115.0,-1355.0,-166.0,-399.0,-622.0,-847.0,-1076.0,-1301.0
-212.0,-441.0,-659.0,-881,-1117.0,-1355.0,-167.0,-399.0,-622.0,-847.0,-1077.0,-1301.0
-213.0,-440.0,-659.0,-881,-1117.0,-1355.0,-167.0,-399.0,-622.0,-847.0,-1076.0,-1301.0
-214.0,-440.0,-659.0,-881,-1117.0,-1355.0,-167.0,-399.0,-622.0,-847.0,-1076.0,-1301.0
-214.0,-439.0,-659.0,-880,-1117.0,-1357.0,-167.0,-399.0,-622.0,-847.0,-1075.0,-1302.0
-214.0,-439.0,-659.0,-880,-1117.0,-1355.0,-167.0,-399.0,-622.0,-847.0,-1075.0,-1302.0
-217.0,-439.0,-659.0,-880,-1117.0,-1355.0,-167.0,-399.0,-622.0,-847.0,-1075.0,-1303.0
-214.0,-439.0,-659.0,-879,-1118.0,-1355.0,-167.0,-399.0,-622.0,-847.0,-1075.0,-1302.0
-214.0,-439.0,-659.0,-879,-1118.0,-1355.0,-167.0,-399.0,-622.0,-847.0,-1075.0,-1302.0
-214.0,-438.0,-659.0,-878,-1118.0,-1355.0,-167.0,-399.0,-622.0,-847.0,-1075.0,-1301.0
-213.0,-437.0,-659.0,-878,-1118.0,-1355.0,-167.0,-399.0,-622.0,-847.0,-1075.0,-1301.0
-212.0,-436.0,-659.0,-875,-1118.0,-1355.0,-167.0,-399.0,-623.0,-847.0,-1075.0,-1301.0
-211.0,-435.0,-658.0,-878,-1118.0,-1354.0,-167.0,-399.0,-623.0,-847.0,-1075.0,-1301.0
-210.0,-435.0,-658.0,-878,-1118.0,-1354.0,-167.0,-399.0,-623.0,-847.0,-1075.0,-1301.0
-210.0,-434.0,-658.0,-878,-1118.0,-1354.0,-167.0,-399.0,-623.0,-849.0,-1075.0,-1301.0
-209.0,-434.0,-658.0,-879,-1117.0,-1353.0,-167.0,-399.0,-623.0,-848.0,-1075.0,-1301.0
-209.0,-433.0,-658.0,-879,-1117.0,-1353.0,-167.0,-399.0,-623.0,-847.0,-1075.0,-1301.0
-208.0,-433.0,-658.0,-879,-1117.0,-1353.0,-167.0,-399.0,-623.0,-847.0,-1075.0,-1301.0
-208.0,-433.0,-658.0,-880,-1117.0,-1352.0,-167.0,-399.0,-623.0,-847.0,-1075.0,-1301.0
-208.0,-434.0,-658.0,-880,-1115.0,-1352.0,-167.0,-399.0,-623.0,-847.0,-1075.0,-1301.0
-208.0,-435.0,-658.0,-881,-1117.0,-1351.0,-167.0,-399.0,-623.0,-847.0,-1075.0,-1301.0
-209.0,-435.0,-658.0,-882,-1117.0,-1351.0,-167.0,-399.0,-623.0,-847.0,-1075.0,-1301.0
-209.0,-436.0,-658.0,-882,-1117.0,-1351.0,-167.0,-399.0,-623.0,-846.0,-1075.0,-1301.0
-210.0,-437.0,-658.0,-883,-1117.0,-1349.0,-167.0,-399.0,-623.0,-846.0,-1075.0,-1301.0
-211.0,-440.0,-658.0,-883,-1117.0,-1351.0,-167.0,-399.0,-623.0,-846.0,-1075.0,-1301.0
-211.0,-437.0,-658.0,-883,-1118.0,-1351.0,-167.0,-399.0,-623.0,-846.0,-1074.0,-1301.0
-212.0,-437.0,-658.0,-883,-1118.0,-1351.0,-167.0,-399.0,-623.0,-846.0,-1074.0,-1301.0
-213.0,-436.0,-658.0,-883,-1118.0,-1351.0,-167.0,-399.0,-623.0,-847.0,-1074.0,-1301.0
-215.0,-435.0,-658.0,-883,-1118.0,-1352.0,-168.0,-399.0,-623.0,-848.0,-1074.0,-1300.0
-213.0,-434.0,-658.0,-883,-1118.0,-1352.0,-168.0,-400.0,-623.0,-847.0,-1074.0,-1300.0
-212.0,-433.0,-658.0,-883,-1118.0,-1352.0,-169.0,-400.0,-623.0,-847.0,-1074.0,-1300.0
-211.0,-431.0,-658.0,-882,-1118.0,-1352.0,-168.0,-400.0,-623.0,-846.0,-1074.0,-1300.0
-210.0,-429.0,-658.0,-882,-1118.0,-1352.0,-168.0,-401.0,-623.0,-847.0,-1076.0,-1300.0
-209.0,-428.0,-658.0,-881,-1118.0,-1352.0,-167.0,-400.0,-623.0,-847.0,-1074.0,-1300.0
-208.0,-425.0,-658.0,-880,-1117.0,-1351.0,-167.0,-400.0,-624.0,-847.0,-1074.0,-1301.0
-205.0,-422.0,-658.0,-877,-1116.0,-1350.0,-167.0,-400.0,-624.0,-847.0,-1074.0,-1301.0
-202.0,-420.0,-658.0,-880,-1115.0,-1349.0,-167.0,-400.0,-624.0,-847.0,-1075.0,-1301.0
-200.0,-418.0,-658.0,-881,-1114.0,-1347.0,-166.0,-399.0,-624.0,-847.0,-1075.0,-1301.0
-199.0,-410.0,-659.0,-882,-1112.0,-1345.0,-166.0,-399.0,-625.0,-848.0,-1075.0,-1301.0
-196.0,-417.0,-659.0,-884,-1109.0,-1342.0,-165.0,-399.0,-624.0,-848.0,-1075.0,-1301.0
-195.0,-420.0,-660.0,-886,-1106.0,-1339.0,-165.0,-399.0,-624.0,-849.0,-1075.0,-1301.0
-190.0,-427.0,-661.0,-889,-1104.0,-1336.0,-164.0,-398.0,-624.0,-848.0,-1075.0,-1301.0
-195.0,-434.0,-662.0,-890,-1103.0,-1334.0,-163.0,-398.0,-624.0,-848.0,-1077.0,-1301.0
-197.0,-441.0,-664.0,-892,-1102.0,-1328.0,-162.0,-397.0,-623.0,-848.0,-1075.0,-1302.0
-200.0,-448.0,-666.0,-896,-1101.0,-1333.0,-159.0,-397.0,-623.0,-847.0,-1075.0,-1302.0
-203.0,-460.0,-671.0,-899,-1102.0,-1337.0,-155.0,-396.0,-622.0,-847.0,-1075.0,-1302.0
-205.0,-473.0,-699.0,-907,-1103.0,-1341.0,-151.0,-395.0,-622.0,-847.0,-1075.0,-1303.0
-214.0,-487.0,-709.0,-901,-1104.0,-1350.0,-148.0,-394.0,-621.0,-847.0,-1075.0,-1302.0
-207.0,-497.0,-715.0,-900,-1107.0,-1359.0,-144.0,-393.0,-621.0,-846.0,-1075.0,-1302.0
-206.0,-513.0,-724.0,-897,-1107.0,-1368.0,-136.0,-391.0,-619.0,-846.0,-1074.0,-1302.0
-204.0,-529.0,-742.0,-893,-1104.0,-1378.0,-142.0,-388.0,-618.0,-846.0,-1074.0,-1302.0
-202.0,-540.0,-750.0,-889,-1096.0,-1101.0,-145.0,-385.0,-617.0,-845.0,-1074.0,-1301.0
-200.0,-557.0,-759.0,-885,-1090.0,-1107.0,-150.0,-382.0,-616.0,-845.0,-1073.0,-1301.0
-198.0,-570.0,-828.0,-879,-1085.0,-1107.0,-154.0,-380.0,-614.0,-844.0,-1073.0,-1301.0
-197.0,-581.0,-829.0,-874,-1078.0,-1104.0,-159.0,-372.0,-612.0,-843.0,-1073.0,-1301.0
-196.0,-596.0,-872.0,-870,-1071.0,-1096.0,-164.0,-376.0,-609.0,-841.0,-1072.0,-1300.0
-195.0,-608.0,-801.0,-866,-1065.0,-1090.0,-169.0,-377.0,-606.0,-840.0,-1072.0,-1299.0
-194.0,-619.0,-797.0,-863,-1060.0,-1085.0,-173.0,-380.0,-603.0,-838.0,-1070.0,-1299.0
-193.0,-627.0,-794.0,-860,-1054.0,-1078.0,-177.0,-382.0,-600.0,-835.0,-1069.0,-1299.0
-192.0,-638.0,-791.0,-856,-1047.0,-1071.0,-180.0,-384.0,-592.0,-832.0,-1068.0,-1298.0
-191.0,-644.0,-789.0,-851,-1041.0,-1065.0,-183.0,-386.0,-597.0,-829.0,-1066.0,-1297.0
-190.0,-651.0,-787.0,-842,-1034.0,-1060.0,-185.0,-386.0,-600.0,-826.0,-1064.0,-1297.0
-190.0,-653.0,-785.0,-836,-1027.0,-1054.0,-187.0,-384.0,-602.0,-823.0,-1061.0,-1296.0
-187.0,-660.0,-784.0,-830,-1021.0,-1047.0,-189.0,-380.0,-606.0,-817.0,-1058.0,-1296.0
-189.0,-655.0,-783.0,-804,-1014.0,-1041.0,-191.0,-378.0,-612.0,-823.0,-1055.0,-1294.0
-190.0,-652.0,-782.0,-828,-1008.0,-1034.0,-193.0,-375.0,-620.0,-826.0,-1052.0,-1292.0
-191.0,-646.0,-782.0,-829,-1002.0,-1027.0,-195.0,-372.0,-626.0,-830.0,-1049.0,-1290.0
-191.0,-633.0,-782.0,-832,-997.0,-1021.0,-196.0,-366.0,-632.0,-837.0,-1044.0,-1287.0
-192.0,-628.0,-784.0,-863,-992.0,-1014.0,-197.0,-370.0,-641.0,-843.0,-1050.0,-1284.0
-192.0,-619.0,-787.0,-873,-989.0,-1008.0,-198.0,-371.0,-651.0,-849.0,-1053.0,-1280.0
-193.0,-607.0,-873.0,-883,-986.0,-1002.0,-199.0,-372.0,-661.0,-858.0,-1058.0,-1277.0
-193.0,-589.0,-827.0,-889,-985.0,-997.0,-200.0,-375.0,-672.0,-868.0,-1066.0,-1269.0
-193.0,-576.0,-825.0,-894,-981.0,-992.0,-201.0,-378.0,-681.0,-876.0,-1073.0,-1274.0
-193.0,-563.0,-818.0,-899,-985.0,-989.0,-202.0,-382.0,-693.0,-884.0,-1080.0,-1277.0
-193.0,-546.0,-817.0,-908,-986.0,-986.0,-203.0,-386.0,-704.0,-895.0,-1088.0,-1281.0
-193.0,-533.0,-760.0,-901,-987.0,-985.0,-205.0,-391.0,-717.0,-906.0,-1095.0,-1285.0
-193.0,-521.0,-752.0,-898,-989.0,-981.0,-207.0,-396.0,-729.0,-918.0,-1103.0,-1291.0
-194.0,-509.0,-746.0,-893,-993.0,-985.0,-211.0,-403.0,-742.0,-930.0,-1112.0,-1297.0
-196.0,-492.0,-740.0,-890,-998.0,-986.0,-215.0,-410.0,-757.0,-945.0,-1122.0,-1303.0
-199.0,-481.0,-727.0,-885,-1004.0,-987.0,-219.0,-419.0,-771.0,-958.0,-1132.0,-1310.0
-201.0,-471.0,-715.0,-869,-1010.0,-989.0,-226.0,-432.0,-785.0,-975.0,-1143.0,-1316.0
-204.0,-463.0,-701.0,-863,-1017.0,-993.0,-232.0,-444.0,-801.0,-994.0,-1156.0,-1324.0
-207.0,-453.0,-686.0,-828,-1029.0,-998.0,-236.0,-456.0,-816.0,-1010.0,-1174.0,-1330.0
-210.0,-443.0,-672.0,-827,-1045.0,-1004.0,-240.0,-467.0,-829.0,-1024.0,-1187.0,-1338.0
-212.0,-438.0,-664.0,-825,-1054.0,-1010.0,-244.0,-481.0,-838.0,-1040.0,-1200.0,-1345.0
-212.0,-431.0,-658.0,-818,-1068.0,-1017.0,-251.0,-497.0,-850.0,-1058.0,-1216.0,-1355.0
-215.0,-424.0,-650.0,-790,-1082.0,-1029.0,-244.0,-506.0,-861.0,-1067.0,-1230.0,-1362.0
-213.0,-419.0,-645.0,-831,-1097.0,-1045.0,-238.0,-516.0,-867.0,-1075.0,-1242.0,-1370.0
-212.0,-415.0,-641.0,-840,-1104.0,-1054.0,-232.0,-525.0,-874.0,-1084.0,-1252.0,-1379.0
-212.0,-413.0,-637.0,-847,-1113.0,-1068.0,-224.0,-542.0,-881.0,-1091.0,-1264.0,-1387.0
-212.0,-412.0,-634.0,-854,-1119.0,-1082.0,-217.0,-531.0,-888.0,-1098.0,-1278.0,-1396.0
-211.0,-411.0,-632.0,-861,-1123.0,-1097.0,-206.0,-523.0,-894.0,-1105.0,-1290.0,-1406.0
-211.0,-410.0,-631.0,-868,-1126.0,-1340.0,-196.0,-514.0,-900.0,-1114.0,-1299.0,-1421.0
-211.0,-409.0,-631.0,-873,-1128.0,-1336.0,-188.0,-507.0,-909.0,-1120.0,-1306.0,-1432.0
-211.0,-409.0,-630.0,-876,-1130.0,-1332.0,-180.0,-497.0,-897.0,-1125.0,-1316.0,-1444.0
-211.0,-408.0,-630.0,-881,-1131.0,-1329.0,-175.0,-481.0,-877.0,-1132.0,-1322.0,-1457.0
-211.0,-408.0,-629.0,-887,-1132.0,-1327.0,-170.0,-468.0,-859.0,-1143.0,-1329.0,-1466.0
-212.0,-408.0,-628.0,-889,-1133.0,-1326.0,-166.0,-455.0,-824.0,-1135.0,-1335.0,-1474.0
-212.0,-407.0,-628.0,-891,-1133.0,-1325.0,-164.0,-444.0,-809.0,-1129.0,-1341.0,-1485.0
-212.0,-407.0,-627.0,-892,-1133.0,-1324.0,-162.0,-432.0,-770.0,-1114.0,-1346.0,-1493.0
-213.0,-407.0,-627.0,-893,-1134.0,-1324.0,-161.0,-422.0,-728.0,-1080.0,-1350.0,-1499.0
-214.0,-407.0,-626.0,-893,-1134.0,-1323.0,-160.0,-412.0,-704.0,-1052.0,-1361.0,-1504.0
-215.0,-406.0,-626.0,-894,-1134.0,-1323.0,-160.0,-406.0,-690.0,-1037.0,-1350.0,-1507.0
-216.0,-406.0,-625.0,-894,-1134.0,-1323.0,-160.0,-400.0,-667.0,-993.0,-1340.0,-1511.0
-216.0,-405.0,-624.0,-894,-1135.0,-1322.0,-160.0,-396.0,-651.0,-950.0,-1311.0,-1516.0
-217.0,-405.0,-624.0,-894,-1135.0,-1322.0,-160.0,-393.0,-639.0,-928.0,-1279.0,-1513.0
-219.0,-404.0,-623.0,-894,-1135.0,-1322.0,-160.0,-390.0,-625.0,-904.0,-1259.0,-1506.0
-217.0,-403.0,-622.0,-894,-1136.0,-1321.0,-160.0,-389.0,-614.0,-887.0,-1220.0,-1498.0
-216.0,-402.0,-622.0,-894,-1136.0,-1321.0,-160.0,-389.0,-608.0,-870.0,-1179.0,-1481.0
-216.0,-401.0,-621.0,-894,-1137.0,-1321.0,-159.0,-389.0,-604.0,-859.0,-1156.0,-1466.0
-215.0,-401.0,-620.0,-894,-1137.0,-1320.0,-159.0,-389.0,-600.0,-847.0,-1127.0,-1454.0
-215.0,-400.0,-619.0,-894,-1138.0,-1319.0,-159.0,-388.0,-597.0,-840.0,-1112.0,-1422.0
-214.0,-399.0,-619.0,-894,-1138.0,-1319.0,-158.0,-388.0,-596.0,-836.0,-1096.0,-1396.0
-214.0,-397.0,-618.0,-894,-1138.0,-1318.0,-158.0,-388.0,-595.0,-831.0,-1080.0,-1371.0
-213.0,-396.0,-617.0,-894,-1139.0,-1317.0,-157.0,-387.0,-594.0,-827.0,-1071.0,-1358.0
-213.0,-395.0,-616.0,-895,-1139.0,-1316.0,-157.0,-387.0,-593.0,-825.0,-1063.0,-1339.0
-212.0,-393.0,-615.0,-896,-1139.0,-1315.0,-157.0,-386.0,-592.0,-823.0,-1058.0,-1325.0
-212.0,-391.0,-614.0,-896,-1140.0,-1313.0,-157.0,-385.0,-591.0,-822.0,-1055.0,-1309.0
-211.0,-389.0,-613.0,-897,-1140.0,-1312.0,-157.0,-384.0,-590.0,-821.0,-1052.0,-1301.0
-211.0,-387.0,-611.0,-898,-1140.0,-1311.0,-157.0,-383.0,-589.0,-820.0,-1050.0,-1296.0
-211.0,-384.0,-610.0,-899,-1140.0,-1310.0,-156.0,-382.0,-587.0,-818.0,-1049.0,-1292.0
-211.0,-382.0,-608.0,-899,-1141.0,-1309.0,-156.0,-381.0,-586.0,-817.0,-1049.0,-1289.0
-211.0,-211.0,-605.0,-900,-1141.0,-1307.0,-156.0,-380.0,-584.0,-816.0,-1048.0,-1286.0
-211.0,-209.0,-603.0,-901,-1141.0,-1305.0,-156.0,-379.0,-583.0,-815.0,-1047.0,-1285.0
-211.0,-211.0,-601.0,-902,-1142.0,-1304.0,-156.0,-378.0,-582.0,-814.0,-1046.0,-1284.0
-212.0,-212.0,-599.0,-903,-1143.0,-1302.0,-155.0,-377.0,-580.0,-812.0,-1045.0,-1283.0
-212.0,-212.0,-596.0,-904,-1144.0,-1301.0,-155.0,-376.0,-579.0,-811.0,-1044.0,-1283.0
-212.0,-212.0,-593.0,-905,-1145.0,-1299.0,-154.0,-375.0,-577.0,-809.0,-1043.0,-1282.0
-212.0,-212.0,-591.0,-906,-1146.0,-1298.0,-154.0,-374.0,-576.0,-808.0,-1042.0,-1282.0
-213.0,-213.0,-587.0,-907,-1148.0,-1296.0,-154.0,-373.0,-575.0,-807.0,-1041.0,-1281.0
-214.0,-213.0,-583.0,-908,-1149.0,-1294.0,-154.0,-371.0,-573.0,-805.0,-1040.0,-1280.0
-213.0,-213.0,-578.0,-909,-1151.0,-1292.0,-154.0,-369.0,-571.0,-804.0,-1038.0,-1279.0
-212.0,-212.0,-574.0,-910,-1153.0,-1289.0,-154.0,-368.0,-569.0,-803.0,-1037.0,-1278.0
-212.0,-212.0,-361.0,-911,-1155.0,-1286.0,-154.0,-366.0,-567.0,-802.0,-1036.0,-1277.0
-212.0,-212.0,-357.0,-912,-1157.0,-1282.0,-154.0,-364.0,-564.0,-800.0,-1035.0,-1276.0
-212.0,-212.0,-352.0,-913,-1160.0,-1278.0,-153.0,-363.0,-561.0,-798.0,-1034.0,-1275.0
-211.0,-211.0,-348.0,-915,-1162.0,-1273.0,-153.0,-362.0,-558.0,-796.0,-1033.0,-1274.0
-211.0,-211.0,-345.0,-916,-1164.0,-1268.0,-152.0,-360.0,-555.0,-794.0,-1032.0,-1273.0
-210.0,-210.0,-337.0,-918,-1166.0,-1264.0,-151.0,-359.0,-553.0,-791.0,-1030.0,-1273.0
-210.0,-210.0,-548.0,-920,-1168.0,-1260.0,-150.0,-356.0,-550.0,-788.0,-1028.0,-1272.0
-209.0,-209.0,-545.0,-922,-1170.0,-1259.0,-149.0,-354.0,-547.0,-785.0,-1026.0,-1272.0
-209.0,-207.0,-543.0,-924,-1171.0,-1256.0,-148.0,-352.0,-544.0,-782.0,-1024.0,-1271.0
-209.0,-209.0,-539.0,-927,-1174.0,-1251.0,-147.0,-350.0,-541.0,-779.0,-1021.0,-1270.0
-208.0,-300.0,-535.0,-930,-1176.0,-1246.0,-146.0,-347.0,-536.0,-776.0,-1018.0,-1269.0
-207.0,-296.0,-531.0,-933,-1178.0,-1243.0,-145.0,-345.0,-532.0,-773.0,-1015.0,-1268.0
-206.0,-292.0,-528.0,-936,-1179.0,-1238.0,-144.0,-341.0,-527.0,-769.0,-1012.0,-1266.0
-204.0,-289.0,-525.0,-939,-1180.0,-1232.0,-143.0,-338.0,-524.0,-765.0,-1009.0,-1264.0
-203.0,-287.0,-524.0,-942,-1182.0,-1228.0,-142.0,-334.0,-513.0,-761.0,-1005.0,-1262.0
-201.0,-285.0,-522.0,-945,-1183.0,-1225.0,-140.0,-329.0,-505.0,-756.0,-1003.0,-1259.0
-199.0,-278.0,-521.0,-947,-1183.0,-1221.0,-140.0,-325.0,-498.0,-751.0,-999.0,-1257.0
-197.0,-283.0,-518.0,-950,-1185.0,-1218.0,-139.0,-321.0,-492.0,-746.0,-995.0,-1255.0
-196.0,-286.0,-521.0,-952,-1183.0,-1214.0,-138.0,-316.0,-481.0,-736.0,-991.0,-1252.0
-195.0,-289.0,-523.0,-955,-1183.0,-1211.0,-138.0,-312.0,-474.0,-730.0,-985.0,-1250.0
-194.0,-294.0,-530.0,-957,-1182.0,-1209.0,-137.0,-306.0,-463.0,-722.0,-980.0,-1247.0
-193.0,-300.0,-535.0,-960,-1180.0,-1207.0,-137.0,-299.0,-453.0,-711.0,-974.0,-1244.0
-193.0,-306.0,-538.0,-962,-1178.0,-1205.0,-136.0,-290.0,-442.0,-702.0,-967.0,-1241.0
-193.0,-313.0,-544.0,-965,-1176.0,-1204.0,-133.0,-285.0,-434.0,-693.0,-960.0,-1238.0
-192.0,-320.0,-551.0,-967,-1173.0,-1203.0,-136.0,-280.0,-427.0,-685.0,-953.0,-1234.0
-192.0,-326.0,-559.0,-973,-1169.0,-1180.0,-136.0,-277.0,-420.0,-678.0,-948.0,-1231.0
-192.0,-331.0,-567.0,-968,-1164.0,-1178.0,-137.0,-271.0,-415.0,-673.0,-939.0,-1227.0
-192.0,-338.0,-574.0,-967,-1161.0,-1176.0,-138.0,-267.0,-410.0,-668.0,-931.0,-1222.0
-191.0,-344.0,-580.0,-964,-1158.0,-1173.0,-139.0,-264.0,-407.0,-662.0,-924.0,-1218.0
-190.0,-350.0,-585.0,-961,-1154.0,-1169.0,-140.0,-262.0,-403.0,-650.0,-913.0,-1212.0
-189.0,-356.0,-592.0,-958,-1150.0,-1164.0,-141.0,-258.0,-398.0,-643.0,-905.0,-1206.0
-188.0,-361.0,-599.0,-954,-1147.0,-1161.0,-142.0,-262.0,-403.0,-638.0,-898.0,-1200.0
-187.0,-368.0,-606.0,-951,-1143.0,-1158.0,-143.0,-264.0,-406.0,-634.0,-890.0,-1195.0
-183.0,-374.0,-612.0,-948,-1140.0,-1154.0,-145.0,-267.0,-409.0,-630.0,-883.0,-1189.0
-187.0,-380.0,-618.0,-945,-1138.0,-1150.0,-147.0,-270.0,-414.0,-623.0,-877.0,-1183.0
-189.0,-387.0,-624.0,-943,-1135.0,-1147.0,-149.0,-275.0,-419.0,-630.0,-872.0,-1178.0
-192.0,-396.0,-628.0,-940,-1132.0,-1143.0,-151.0,-279.0,-425.0,-632.0,-868.0,-1172.0
-195.0,-406.0,-633.0,-938,-1129.0,-1140.0,-154.0,-285.0,-433.0,-636.0,-866.0,-1167.0
-199.0,-412.0,-637.0,-937,-1127.0,-1138.0,-156.0,-292.0,-440.0,-641.0,-861.0,-1161.0
-203.0,-418.0,-641.0,-935,-1125.0,-1135.0,-158.0,-299.0,-449.0,-646.0,-867.0,-1157.0
-205.0,-424.0,-644.0,-932,-1124.0,-1132.0,-159.0,-305.0,-457.0,-653.0,-870.0,-1153.0
-208.0,-428.0,-647.0,-929,-1123.0,-1129.0,-161.0,-312.0,-467.0,-660.0,-874.0,-1150.0
-210.0,-430.0,-649.0,-924,-1122.0,-1127.0,-162.0,-319.0,-477.0,-668.0,-880.0,-1147.0
-211.0,-432.0,-651.0,-920,-1122.0,-1125.0,-163.0,-326.0,-486.0,-676.0,-886.0,-1143.0
-212.0,-433.0,-653.0,-915,-1122.0,-1124.0,-164.0,-332.0,-495.0,-684.0,-893.0,-1147.0
-213.0,-433.0,-654.0,-910,-1122.0,-1123.0,-165.0,-337.0,-505.0,-693.0,-900.0,-1148.0
-215.0,-433.0,-656.0,-906,-1122.0,-1122.0,-165.0,-343.0,-515.0,-703.0,-908.0,-1150.0
-213.0,-433.0,-656.0,-901,-1122.0,-1122.0,-165.0,-348.0,-524.0,-713.0,-917.0,-1153.0
-213.0,-433.0,-657.0,-898,-1121.0,-1122.0,-166.0,-352.0,-534.0,-724.0,-925.0,-1157.0
-212.0,-434.0,-657.0,-894,-1121.0,-1122.0,-166.0,-356.0,-542.0,-734.0,-934.0,-1162.0
-212.0,-434.0,-658.0,-890,-1121.0,-1122.0,-166.0,-360.0,-549.0,-742.0,-942.0,-1166.0
-212.0,-434.0,-658.0,-888,-1120.0,-1122.0,-166.0,-364.0,-555.0,-752.0,-951.0,-1171.0
-211.0,-434.0,-658.0,-887,-1120.0,-1121.0,-167.0,-367.0,-562.0,-760.0,-960.0,-1177.0
-211.0,-434.0,-658.0,-886,-1119.0,-1121.0,-167.0,-370.0,-568.0,-769.0,-970.0,-1183.0
-212.0,-434.0,-658.0,-885,-1119.0,-1121.0,-167.0,-373.0,-572.0,-776.0,-978.0,-1190.0
-212.0,-434.0,-658.0,-885,-1119.0,-1120.0,-167.0,-375.0,-577.0,-782.0,-986.0,-1199.0
-213.0,-434.0,-658.0,-885,-1119.0,-1120.0,-167.0,-377.0,-580.0,-788.0,-994.0,-1207.0
-213.0,-435.0,-658.0,-885,-1118.0,-1119.0,-167.0,-378.0,-584.0,-795.0,-1002.0,-1213.0
-214.0,-435.0,-658.0,-885,-885.0,-1119.0,-167.0,-380.0,-587.0,-800.0,-1010.0,-1220.0
-214.0,-435.0,-658.0,-885,-885.0,-1119.0,-167.0,-381.0,-590.0,-804.0,-1017.0,-1226.0
-214.0,-435.0,-658.0,-885,-885.0,-1119.0,-167.0,-382.0,-592.0,-808.0,-1023.0,-1232.0
-214.0,-437.0,-658.0,-884,-884.0,-1118.0,-167.0,-382.0,-594.0,-812.0,-1028.0,-1237.0
-214.0,-435.0,-658.0,-884,-884.0,-885.0,-167.0,-383.0,-596.0,-815.0,-1033.0,-1243.0
-214.0,-435.0,-658.0,-884,-884.0,-885.0,-167.0,-383.0,-597.0,-818.0,-1037.0,-1248.0
-216.0,-435.0,-659.0,-884,-884.0,-885.0,-167.0,-384.0,-598.0,-819.0,-1041.0,-1254.0
-214.0,-435.0,-659.0,-884,-884.0,-884.0,-167.0,-384.0,-599.0,-822.0,-1044.0,-1258.0
-214.0,-435.0,-659.0,-883,-883.0,-884.0,-167.0,-385.0,-600.0,-823.0,-1046.0,-1263.0
-214.0,-434.0,-659.0,-883,-883.0,-884.0,-167.0,-386.0,-600.0,-824.0,-1049.0,-1268.0
-214.0,-434.0,-659.0,-883,-883.0,-884.0,-167.0,-386.0,-601.0,-825.0,-1051.0,-1271.0
-214.0,-434.0,-658.0,-883,-883.0,-884.0,-167.0,-387.0,-601.0,-826.0,-1053.0,-1274.0
-214.0,-435.0,-658.0,-883,-883.0,-883.0,-167.0,-387.0,-602.0,-827.0,-1053.0,-1276.0
-214.0,-435.0,-658.0,-882,-882.0,-883.0,-167.0,-388.0,-602.0,-827.0,-1055.0,-1278.0
-213.0,-435.0,-658.0,-881,-881.0,-883.0,-167.0,-388.0,-603.0,-827.0,-1056.0,-1280.0
-213.0,-435.0,-658.0,-882,-882.0,-883.0,-168.0,-388.0,-603.0,-827.0,-1056.0,-1281.0
-213.0,-436.0,-658.0,-882,-1120.0,-883.0,-168.0,-389.0,-604.0,-828.0,-1056.0,-1283.0
-213.0,-437.0,-659.0,-883,-1120.0,-882.0,-168.0,-389.0,-604.0,-828.0,-1057.0,-1284.0
-213.0,-438.0,-659.0,-883,-1119.0,-881.0,-168.0,-389.0,-605.0,-829.0,-1057.0,-1285.0
-213.0,-438.0,-659.0,-883,-1119.0,-882.0,-168.0,-390.0,-605.0,-829.0,-1057.0,-1286.0
-214.0,-439.0,-659.0,-883,-1119.0,-1120.0,-168.0,-390.0,-606.0,-830.0,-1058.0,-1286.0
-214.0,-440.0,-660.0,-883,-1119.0,-1120.0,-168.0,-390.0,-606.0,-831.0,-1058.0,-1286.0
-215.0,-440.0,-660.0,-883,-1119.0,-1119.0,-168.0,-390.0,-607.0,-831.0,-1058.0,-1287.0
-215.0,-442.0,-660.0,-883,-1119.0,-1119.0,-168.0,-390.0,-607.0,-832.0,-1059.0,-1287.0
-216.0,-440.0,-660.0,-883,-1119.0,-1119.0,-168.0,-391.0,-608.0,-832.0,-1059.0,-1287.0
-216.0,-440.0,-660.0,-883,-1119.0,-1119.0,-168.0,-391.0,-608.0,-833.0,-1060.0,-1288.0
-218.0,-439.0,-660.0,-883,-1119.0,-1119.0,-168.0,-391.0,-608.0,-833.0,-1060.0,-1288.0
-216.0,-438.0,-660.0,-883,-1119.0,-1119.0,-168.0,-392.0,-609.0,-833.0,-1061.0,-1288.0
-216.0,-438.0,-660.0,-883,-1119.0,-1119.0,-168.0,-392.0,-609.0,-834.0,-1061.0,-1288.0
-215.0,-437.0,-660.0,-882,-1119.0,-1119.0,-168.0,-392.0,-610.0,-834.0,-1061.0,-1288.0
-214.0,-436.0,-660.0,-882,-1119.0,-1119.0,-168.0,-393.0,-610.0,-835.0,-1062.0,-1289.0
-213.0,-435.0,-660.0,-881,-1119.0,-1119.0,-169.0,-393.0,-611.0,-836.0,-1062.0,-1289.0
-213.0,-435.0,-660.0,-881,-1119.0,-1119.0,-169.0,-393.0,-611.0,-836.0,-1062.0,-1289.0
-212.0,-435.0,-660.0,-881,-1119.0,-1119.0,-169.0,-394.0,-612.0,-837.0,-1062.0,-1289.0
-211.0,-435.0,-659.0,-880,-1119.0,-1119.0,-169.0,-394.0,-612.0,-838.0,-1062.0,-1290.0
-211.0,-435.0,-435.0,-878,-1119.0,-1119.0,-169.0,-395.0,-612.0,-838.0,-1063.0,-1290.0
-211.0,-435.0,-435.0,-880,-1119.0,-1119.0,-170.0,-396.0,-612.0,-838.0,-1063.0,-1290.0
-211.0,-436.0,-433.0,-881,-1119.0,-1119.0,-169.0,-397.0,-613.0,-838.0,-1063.0,-1290.0
-211.0,-436.0,-435.0,-881,-1119.0,-1119.0,-169.0,-397.0,-613.0,-838.0,-1064.0,-1290.0
-211.0,-436.0,-435.0,-882,-1118.0,-1119.0,-169.0,-398.0,-614.0,-838.0,-1064.0,-1290.0
-212.0,-436.0,-435.0,-882,-1117.0,-1119.0,-169.0,-398.0,-614.0,-838.0,-1065.0,-1290.0
-212.0,-437.0,-436.0,-883,-1118.0,-1119.0,-169.0,-399.0,-615.0,-839.0,-1065.0,-1291.0
-212.0,-438.0,-436.0,-883,-1119.0,-1119.0,-169.0,-399.0,-616.0,-839.0,-1065.0,-1291.0
-213.0,-437.0,-436.0,-883,-1119.0,-1118.0,-168.0,-399.0,-617.0,-840.0,-1065.0,-1291.0
-213.0,-436.0,-436.0,-884,-1119.0,-1117.0,-168.0,-400.0,-617.0,-841.0,-1065.0,-1292.0
-213.0,-436.0,-437.0,-884,-1119.0,-1118.0,-168.0,-400.0,-618.0,-841.0,-1065.0,-1292.0
-213.0,-436.0,-437.0,-884,-1119.0,-1119.0,-168.0,-400.0,-619.0,-842.0,-1065.0,-1292.0
-213.0,-436.0,-437.0,-885,-1119.0,-1119.0,-168.0,-400.0,-619.0,-843.0,-1066.0,-1293.0
-213.0,-436.0,-436.0,-884,-1119.0,-1119.0,-168.0,-401.0,-620.0,-843.0,-1067.0,-1293.0
-215.0,-436.0,-436.0,-884,-1119.0,-1119.0,-168.0,-401.0,-621.0,-844.0,-1067.0,-1293.0
-213.0,-436.0,-436.0,-884,-1119.0,-1119.0,-168.0,-401.0,-622.0,-845.0,-1068.0,-1294.0
-213.0,-436.0,-436.0,-883,-1119.0,-1119.0,-168.0,-401.0,-622.0,-846.0,-1068.0,-1294.0
-213.0,-436.0,-436.0,-883,-1119.0,-1119.0,-168.0,-401.0,-622.0,-847.0,-1069.0,-1294.0
-213.0,-435.0,-436.0,-883,-1119.0,-1119.0,-168.0,-401.0,-622.0,-847.0,-1070.0,-1294.0
-213.0,-435.0,-436.0,-883,-1119.0,-1119.0,-168.0,-401.0,-622.0,-847.0,-1071.0,-1294.0
-213.0,-435.0,-436.0,-883,-1119.0,-1119.0,-168.0,-401.0,-622.0,-847.0,-1071.0,-1295.0
-212.0,-435.0,-436.0,-883,-1119.0,-1119.0,-168.0,-401.0,-622.0,-848.0,-1072.0,-1295.0
-212.0,-435.0,-435.0,-884,-1119.0,-1119.0,-168.0,-402.0,-622.0,-848.0,-1073.0,-1295.0
-212.0,-435.0,-435.0,-884,-1119.0,-1119.0,-168.0,-402.0,-622.0,-848.0,-1074.0,-1295.0
-212.0,-435.0,-435.0,-884,-1119.0,-1119.0,-168.0,-402.0,-622.0,-849.0,-1074.0,-1296.0
-212.0,-435.0,-435.0,-884,-1119.0,-1119.0,-168.0,-402.0,-622.0,-849.0,-1075.0,-1296.0
-212.0,-435.0,-433.0,-884,-1119.0,-1119.0,-169.0,-402.0,-623.0,-849.0,-1077.0,-1296.0
-213.0,-435.0,-435.0,-884,-1119.0,-1119.0,-169.0,-402.0,-623.0,-849.0,-1075.0,-1296.0
-213.0,-436.0,-435.0,-884,-1119.0,-1119.0,-169.0,-402.0,-623.0,-849.0,-1074.0,-1297.0
-214.0,-437.0,-435.0,-884,-1119.0,-1119.0,-169.0,-402.0,-623.0,-850.0,-1074.0,-1297.0
-214.0,-436.0,-435.0,-884,-1119.0,-1119.0,-170.0,-402.0,-623.0,-850.0,-1074.0,-1297.0
-216.0,-436.0,-435.0,-884,-1119.0,-1119.0,-169.0,-402.0,-623.0,-850.0,-1074.0,-1297.0
-214.0,-435.0,-659.0,-884,-1119.0,-1119.0,-169.0,-403.0,-623.0,-850.0,-1074.0,-1297.0
-214.0,-435.0,-658.0,-884,-1119.0,-1119.0,-169.0,-403.0,-624.0,-850.0,-1074.0,-1298.0
-213.0,-435.0,-658.0,-884,-1119.0,-1119.0,-169.0,-403.0,-624.0,-850.0,-1075.0,-1298.0
-213.0,-435.0,-658.0,-884,-1119.0,-1119.0,-169.0,-404.0,-624.0,-850.0,-1075.0,-1298.0
-213.0,-435.0,-658.0,-884,-1119.0,-1119.0,-168.0,-403.0,-624.0,-850.0,-1076.0,-1298.0
-213.0,-435.0,-658.0,-884,-1119.0,-1119.0,-167.0,-403.0,-625.0,-851.0,-1076.0,-1298.0
-212.0,-435.0,-658.0,-884,-1119.0,-1119.0,-166.0,-403.0,-625.0,-851.0,-1077.0,-1298.0
-212.0,-435.0,-657.0,-884,-1119.0,-1119.0,-164.0,-402.0,-626.0,-851.0,-1077.0,-1298.0
-212.0,-435.0,-657.0,-884,-1119.0,-1119.0,-162.0,-402.0,-626.0,-851.0,-1077.0,-1298.0
-212.0,-435.0,-657.0,-884,-1119.0,-1119.0,-161.0,-401.0,-628.0,-852.0,-1077.0,-1299.0
-213.0,-435.0,-657.0,-884,-1119.0,-1119.0,-159.0,-401.0,-626.0,-852.0,-1078.0,-1299.0
-213.0,-435.0,-657.0,-884,-1118.0,-1119.0,-158.0,-400.0,-626.0,-852.0,-1078.0,-1299.0
-213.0,-435.0,-657.0,-885,-1118.0,-1119.0,-157.0,-399.0,-626.0,-853.0,-1078.0,-1299.0
-213.0,-435.0,-657.0,-885,-1116.0,-1119.0,-157.0,-398.0,-625.0,-853.0,-1078.0,-1299.0
-215.0,-435.0,-657.0,-885,-1118.0,-1119.0,-157.0,-397.0,-625.0,-855.0,-1078.0,-1299.0
-214.0,-435.0,-657.0,-885,-1118.0,-1118.0,-158.0,-395.0,-624.0,-853.0,-1079.0,-1299.0
-213.0,-435.0,-657.0,-885,-1118.0,-1118.0,-159.0,-394.0,-624.0,-853.0,-1078.0,-1299.0
-213.0,-435.0,-657.0,-885,-1119.0,-1116.0,-160.0,-392.0,-622.0,-852.0,-1078.0,-1299.0
-213.0,-435.0,-657.0,-885,-1119.0,-1118.0,-163.0,-392.0,-621.0,-852.0,-1078.0,-1300.0
-212.0,-435.0,-658.0,-885,-1119.0,-1118.0,-165.0,-392.0,-620.0,-851.0,-1078.0,-1300.0
-212.0,-435.0,-658.0,-885,-1119.0,-1118.0,-167.0,-392.0,-618.0,-850.0,-1078.0,-1300.0
-212.0,-435.0,-658.0,-885,-1119.0,-1119.0,-169.0,-393.0,-617.0,-849.0,-1078.0,-1300.0
-212.0,-435.0,-658.0,-885,-1118.0,-1119.0,-171.0,-394.0,-616.0,-848.0,-1077.0,-1300.0
-212.0,-435.0,-658.0,-885,-1118.0,-1119.0,-173.0,-396.0,-615.0,-847.0,-1077.0,-1301.0
-211.0,-435.0,-658.0,-885,-1118.0,-1119.0,-175.0,-397.0,-614.0,-846.0,-1076.0,-1300.0
-211.0,-435.0,-658.0,-885,-1118.0,-1119.0,-176.0,-398.0,-614.0,-844.0,-1075.0,-1300.0
-211.0,-435.0,-659.0,-885,-1118.0,-1118.0,-179.0,-399.0,-612.0,-843.0,-1074.0,-1300.0
-211.0,-435.0,-659.0,-885,-1118.0,-1118.0,-176.0,-399.0,-614.0,-842.0,-1073.0,-1300.0
-211.0,-435.0,-660.0,-885,-1117.0,-1118.0,-175.0,-399.0,-614.0,-841.0,-1072.0,-1300.0
-211.0,-435.0,-659.0,-885,-1117.0,-1118.0,-174.0,-400.0,-614.0,-841.0,-1070.0,-1300.0
-211.0,-435.0,-659.0,-885,-1117.0,-1118.0,-173.0,-400.0,-615.0,-840.0,-1069.0,-1299.0
-211.0,-435.0,-658.0,-886,-1117.0,-1118.0,-172.0,-401.0,-614.0,-840.0,-1068.0,-1298.0
-212.0,-435.0,-658.0,-886,-1117.0,-1117.0,-171.0,-402.0,-612.0,-840.0,-1067.0,-1298.0
-212.0,-435.0,-658.0,-886,-1116.0,-1117.0,-171.0,-402.0,-614.0,-840.0,-1067.0,-1297.0
-213.0,-435.0,-658.0,-886,-1117.0,-1117.0,-170.0,-403.0,-614.0,-840.0,-1066.0,-1296.0
-214.0,-436.0,-658.0,-887,-1117.0,-1117.0,-170.0,-404.0,-615.0,-840.0,-1066.0,-1295.0
-214.0,-437.0,-658.0,-886,-1117.0,-1117.0,-170.0,-405.0,-617.0,-839.0,-1066.0,-1295.0
-215.0,-436.0,-658.0,-886,-1117.0,-1116.0,-170.0,-406.0,-618.0,-837.0,-1065.0,-1294.0
-215.0,-435.0,-658.0,-886,-1117.0,-1117.0,-170.0,-407.0,-620.0,-839.0,-1065.0,-1293.0
-218.0,-435.0,-658.0,-886,-1118.0,-1117.0,-170.0,-407.0,-622.0,-839.0,-1065.0,-1293.0
-215.0,-435.0,-658.0,-885,-1118.0,-1117.0,-170.0,-407.0,-625.0,-840.0,-1063.0,-1292.0
-215.0,-435.0,-658.0,-885,-1118.0,-1117.0,-170.0,-408.0,-627.0,-842.0,-1065.0,-1292.0
-214.0,-435.0,-658.0,-885,-1118.0,-1117.0,-170.0,-408.0,-629.0,-844.0,-1065.0,-1291.0
-214.0,-434.0,-658.0,-884,-1118.0,-1118.0,-170.0,-408.0,-630.0,-846.0,-1065.0,-1291.0
-213.0,-434.0,-658.0,-884,-1118.0,-1118.0,-170.0,-408.0,-632.0,-849.0,-1065.0,-1290.0
-213.0,-434.0,-658.0,-884,-1118.0,-1118.0,-170.0,-408.0,-633.0,-851.0,-1066.0,-1289.0
-212.0,-434.0,-658.0,-883,-1118.0,-1118.0,-170.0,-408.0,-633.0,-853.0,-1067.0,-1289.0
-212.0,-434.0,-658.0,-883,-1118.0,-1118.0,-170.0,-408.0,-633.0,-855.0,-1069.0,-1288.0
-212.0,-434.0,-658.0,-883,-1118.0,-1118.0,-170.0,-408.0,-634.0,-857.0,-1071.0,-1285.0
-212.0,-434.0,-658.0,-883,-1118.0,-1118.0,-170.0,-408.0,-634.0,-858.0,-1073.0,-1287.0
-212.0,-434.0,-658.0,-883,-1119.0,-1118.0,-170.0,-408.0,-634.0,-859.0,-1076.0,-1288.0
-213.0,-434.0,-658.0,-883,-1119.0,-1118.0,-170.0,-409.0,-634.0,-860.0,-1078.0,-1289.0
-213.0,-434.0,-658.0,-884,-1118.0,-1118.0,-170.0,-410.0,-635.0,-860.0,-1080.0,-1291.0
-214.0,-435.0,-658.0,-884,-1118.0,-1118.0,-170.0,-409.0,-635.0,-861.0,-1082.0,-1293.0
-214.0,-435.0,-658.0,-885,-1118.0,-1119.0,-170.0,-408.0,-636.0,-861.0,-1083.0,-1295.0
-214.0,-437.0,-658.0,-885,-1118.0,-1119.0,-170.0,-408.0,-636.0,-861.0,-1084.0,-1297.0
-215.0,-435.0,-658.0,-885,-1116.0,-1118.0,-170.0,-408.0,-636.0,-862.0,-1085.0,-1299.0
-217.0,-435.0,-658.0,-887,-1118.0,-1118.0,-170.0,-408.0,-636.0,-862.0,-1085.0,-1301.0
-215.0,-435.0,-658.0,-885,-1118.0,-1118.0,-169.0,-408.0,-636.0,-862.0,-1085.0,-1302.0
-215.0,-434.0,-658.0,-885,-1118.0,-1118.0,-169.0,-407.0,-637.0,-862.0,-1085.0,-1304.0
-214.0,-433.0,-658.0,-885,-1118.0,-1116.0,-169.0,-407.0,-636.0,-863.0,-1085.0,-1305.0
-214.0,-432.0,-658.0,-885,-1119.0,-1118.0,-169.0,-407.0,-636.0,-863.0,-1086.0,-1305.0
-212.0,-430.0,-658.0,-884,-1119.0,-1118.0,-168.0,-407.0,-636.0,-863.0,-1086.0,-1306.0
-209.0,-428.0,-658.0,-884,-1119.0,-1118.0,-168.0,-407.0,-636.0,-863.0,-1086.0,-1306.0
-206.0,-424.0,-658.0,-884,-1119.0,-1118.0,-168.0,-407.0,-636.0,-864.0,-1086.0,-1307.0
-204.0,-415.0,-658.0,-884,-1119.0,-1119.0,-166.0,-406.0,-635.0,-863.0,-1086.0,-1307.0
-201.0,-421.0,-659.0,-883,-1119.0,-1119.0,-163.0,-406.0,-635.0,-863.0,-1086.0,-1307.0
-200.0,-424.0,-659.0,-883,-1118.0,-1119.0,-160.0,-406.0,-635.0,-863.0,-1086.0,-1308.0
-194.0,-427.0,-659.0,-883,-1118.0,-1119.0,-158.0,-405.0,-635.0,-863.0,-1086.0,-1308.0
-199.0,-434.0,-659.0,-883,-1117.0,-1119.0,-154.0,-405.0,-634.0,-863.0,-1088.0,-1308.0
-200.0,-441.0,-659.0,-883,-1115.0,-1119.0,-150.0,-404.0,-634.0,-862.0,-1086.0,-1308.0
-203.0,-448.0,-660.0,-883,-1114.0,-1118.0,-153.0,-403.0,-633.0,-862.0,-1086.0,-1308.0
-205.0,-455.0,-416.0,-884,-1111.0,-1118.0,-155.0,-400.0,-632.0,-862.0,-1086.0,-1308.0
-208.0,-463.0,-434.0,-886,-1109.0,-1117.0,-157.0,-398.0,-632.0,-862.0,-1086.0,-1308.0
-209.0,-472.0,-441.0,-888,-1108.0,-1115.0,-161.0,-396.0,-631.0,-861.0,-1086.0,-1308.0
-216.0,-482.0,-448.0,-891,-1105.0,-1114.0,-163.0,-394.0,-631.0,-861.0,-1086.0,-1308.0
-209.0,-496.0,-455.0,-894,-1103.0,-1111.0,-167.0,-391.0,-630.0,-860.0,-1086.0,-1309.0
-207.0,-514.0,-463.0,-898,-1104.0,-1109.0,-171.0,-387.0,-629.0,-860.0,-1086.0,-1308.0
-205.0,-523.0,-472.0,-907,-1105.0,-1108.0,-174.0,-390.0,-627.0,-859.0,-1086.0,-1308.0
-202.0,-536.0,-482.0,-898,-1107.0,-1105.0,-177.0,-391.0,-624.0,-858.0,-1085.0,-1308.0
-200.0,-547.0,-496.0,-896,-1108.0,-1103.0,-180.0,-393.0,-622.0,-857.0,-1085.0,-1308.0
-199.0,-567.0,-514.0,-893,-1108.0,-1104.0,-183.0,-394.0,-619.0,-856.0,-1085.0,-1308.0
-197.0,-578.0,-523.0,-889,-1106.0,-1105.0,-186.0,-398.0,-616.0,-854.0,-1084.0,-1308.0
-197.0,-588.0,-536.0,-883,-1098.0,-1107.0,-189.0,-395.0,-611.0,-852.0,-1083.0,-1308.0
-196.0,-601.0,-547.0,-878,-1094.0,-1108.0,-192.0,-394.0,-618.0,-849.0,-1083.0,-1308.0
-195.0,-613.0,-567.0,-874,-1086.0,-1108.0,-194.0,-392.0,-621.0,-846.0,-1082.0,-1308.0
-195.0,-631.0,-578.0,-872,-1077.0,-1106.0,-196.0,-390.0,-626.0,-844.0,-1081.0,-1307.0
-195.0,-638.0,-588.0,-869,-1070.0,-1098.0,-198.0,-388.0,-631.0,-837.0,-1080.0,-1307.0
-192.0,-645.0,-601.0,-865,-1064.0,-1094.0,-200.0,-387.0,-636.0,-841.0,-1078.0,-1306.0
-195.0,-650.0,-613.0,-861,-1056.0,-1086.0,-202.0,-384.0,-642.0,-843.0,-1077.0,-1306.0
-195.0,-656.0,-631.0,-857,-1049.0,-1077.0,-204.0,-387.0,-649.0,-847.0,-1075.0,-1305.0
-195.0,-659.0,-638.0,-849,-1041.0,-1070.0,-205.0,-389.0,-656.0,-854.0,-1073.0,-1304.0
-196.0,-669.0,-645.0,-841,-1032.0,-1064.0,-207.0,-392.0,-664.0,-863.0,-1071.0,-1303.0
-196.0,-658.0,-650.0,-831,-1025.0,-1056.0,-208.0,-396.0,-671.0,-871.0,-1072.0,-1301.0
-197.0,-654.0,-656.0,-827,-1019.0,-1049.0,-209.0,-400.0,-679.0,-877.0,-1075.0,-1299.0
-197.0,-651.0,-659.0,-777,-1013.0,-1041.0,-210.0,-405.0,-689.0,-883.0,-1078.0,-1297.0
-197.0,-650.0,-669.0,-827,-1007.0,-1032.0,-212.0,-410.0,-701.0,-889.0,-1083.0,-1295.0
-198.0,-645.0,-658.0,-832,-1002.0,-1025.0,-214.0,-416.0,-711.0,-896.0,-1089.0,-1290.0
-198.0,-641.0,-654.0,-872,-998.0,-1019.0,-216.0,-423.0,-723.0,-906.0,-1096.0,-1293.0
-198.0,-595.0,-651.0,-883,-993.0,-1013.0,-220.0,-430.0,-735.0,-915.0,-1102.0,-1294.0
-199.0,-591.0,-650.0,-888,-989.0,-1007.0,-223.0,-437.0,-747.0,-922.0,-1107.0,-1297.0
-199.0,-585.0,-795.0,-893,-987.0,-1002.0,-227.0,-446.0,-760.0,-932.0,-1113.0,-1300.0
-200.0,-572.0,-870.0,-899,-987.0,-998.0,-233.0,-454.0,-772.0,-943.0,-1121.0,-1304.0
-201.0,-548.0,-820.0,-903,-982.0,-993.0,-237.0,-464.0,-784.0,-955.0,-1128.0,-1308.0
-202.0,-531.0,-822.0,-905,-986.0,-989.0,-242.0,-475.0,-796.0,-965.0,-1135.0,-1312.0
-204.0,-519.0,-828.0,-913,-987.0,-987.0,-246.0,-485.0,-809.0,-975.0,-1142.0,-1316.0
-205.0,-505.0,-838.0,-906,-990.0,-987.0,-252.0,-498.0,-821.0,-986.0,-1153.0,-1322.0
-207.0,-491.0,-850.0,-905,-995.0,-982.0,-245.0,-510.0,-832.0,-1000.0,-1163.0,-1326.0
-209.0,-478.0,-859.0,-901,-1002.0,-986.0,-240.0,-523.0,-841.0,-1015.0,-1175.0,-1332.0
-210.0,-462.0,-867.0,-896,-1007.0,-987.0,-234.0,-537.0,-850.0,-1029.0,-1188.0,-1337.0
-211.0,-444.0,-873.0,-891,-1011.0,-990.0,-225.0,-547.0,-859.0,-1042.0,-1198.0,-1342.0
-213.0,-436.0,-879.0,-781,-1016.0,-995.0,-216.0,-556.0,-867.0,-1056.0,-1216.0,-1350.0
-213.0,-428.0,-883.0,-787,-1020.0,-1002.0,-207.0,-573.0,-876.0,-1067.0,-1228.0,-1357.0
-213.0,-424.0,-888.0,-795,-1027.0,-1007.0,-197.0,-556.0,-884.0,-1077.0,-1239.0,-1365.0
-213.0,-213.0,-892.0,-827,-1036.0,-1011.0,-188.0,-549.0,-892.0,-1086.0,-1252.0,-1374.0
-215.0,-213.0,-895.0,-785,-1050.0,-1016.0,-181.0,-540.0,-898.0,-1095.0,-1261.0,-1384.0
-213.0,-213.0,-898.0,-822,-1060.0,-1020.0,-176.0,-528.0,-914.0,-1102.0,-1272.0,-1394.0
-213.0,-213.0,-901.0,-828,-1074.0,-1027.0,-171.0,-509.0,-896.0,-1108.0,-1283.0,-1404.0
-213.0,-213.0,-903.0,-838,-1085.0,-1036.0,-167.0,-489.0,-917.0,-1116.0,-1292.0,-1413.0
-213.0,-213.0,-905.0,-850,-1099.0,-1050.0,-165.0,-475.0,-895.0,-1122.0,-1302.0,-1426.0
-213.0,-213.0,-906.0,-859,-1108.0,-1060.0,-164.0,-456.0,-861.0,-1127.0,-1309.0,-1435.0
-212.0,-212.0,-907.0,-867,-1115.0,-1074.0,-163.0,-442.0,-844.0,-1132.0,-1318.0,-1444.0
-212.0,-212.0,-909.0,-873,-1120.0,-1085.0,-162.0,-429.0,-808.0,-1142.0,-1325.0,-1452.0
-212.0,-212.0,-909.0,-879,-1125.0,-1099.0,-162.0,-416.0,-769.0,-1134.0,-1332.0,-1461.0
-212.0,-212.0,-913.0,-883,-1129.0,-1108.0,-162.0,-406.0,-734.0,-1123.0,-1338.0,-1470.0
-212.0,-212.0,-614.0,-888,-1131.0,-1115.0,-161.0,-400.0,-705.0,-1083.0,-1344.0,-1477.0
-212.0,-212.0,-612.0,-892,-1132.0,-1327.0,-161.0,-397.0,-674.0,-1060.0,-1350.0,-1485.0
-212.0,-212.0,-611.0,-895,-1134.0,-1323.0,-162.0,-394.0,-651.0,-1040.0,-1360.0,-1493.0
-212.0,-212.0,-611.0,-898,-1135.0,-1321.0,-162.0,-392.0,-632.0,-987.0,-1353.0,-1499.0
-212.0,-212.0,-610.0,-901,-1135.0,-1317.0,-163.0,-392.0,-619.0,-934.0,-1346.0,-1505.0
-211.0,-211.0,-609.0,-903,-1136.0,-1314.0,-162.0,-391.0,-611.0,-912.0,-1321.0,-1509.0
-211.0,-211.0,-608.0,-905,-1137.0,-1311.0,-162.0,-391.0,-605.0,-892.0,-1296.0,-1512.0
-211.0,-211.0,-608.0,-906,-1138.0,-1309.0,-161.0,-391.0,-601.0,-864.0,-1269.0,-1516.0
-210.0,-210.0,-608.0,-907,-1139.0,-1306.0,-161.0,-391.0,-597.0,-850.0,-1225.0,-1505.0
-210.0,-210.0,-607.0,-909,-1140.0,-1304.0,-160.0,-391.0,-595.0,-838.0,-1189.0,-1498.0
-210.0,-210.0,-605.0,-909,-1140.0,-1302.0,-160.0,-390.0,-594.0,-833.0,-1150.0,-1485.0
-209.0,-207.0,-607.0,-910,-1140.0,-1300.0,-160.0,-390.0,-593.0,-828.0,-1119.0,-1469.0
-209.0,-209.0,-607.0,-911,-1141.0,-1299.0,-159.0,-389.0,-592.0,-824.0,-1094.0,-1447.0
-210.0,-210.0,-608.0,-912,-1141.0,-1298.0,-159.0,-389.0,-591.0,-822.0,-1075.0,-1425.0
-210.0,-210.0,-608.0,-912,-1141.0,-1298.0,-160.0,-388.0,-590.0,-819.0,-1066.0,-1395.0
-211.0,-211.0,-609.0,-913,-1142.0,-1297.0,-160.0,-387.0,-590.0,-818.0,-1059.0,-1370.0
-212.0,-212.0,-610.0,-913,-1142.0,-1297.0,-160.0,-387.0,-589.0,-817.0,-1053.0,-1357.0
-213.0,-213.0,-611.0,-914,-1142.0,-1296.0,-161.0,-386.0,-588.0,-816.0,-1050.0,-1336.0
-214.0,-214.0,-612.0,-914,-1143.0,-1295.0,-161.0,-385.0,-587.0,-815.0,-1047.0,-1320.0
-215.0,-215.0,-613.0,-915,-1142.0,-1295.0,-161.0,-385.0,-585.0,-814.0,-1045.0,-1304.0
-216.0,-216.0,-613.0,-915,-1142.0,-1295.0,-163.0,-384.0,-584.0,-813.0,-1043.0,-1296.0
-219.0,-217.0,-614.0,-916,-1142.0,-1294.0,-161.0,-384.0,-583.0,-812.0,-1042.0,-1292.0
-217.0,-217.0,-615.0,-919,-1141.0,-1290.0,-161.0,-383.0,-582.0,-811.0,-1041.0,-1288.0
-216.0,-216.0,-615.0,-916,-1141.0,-1293.0,-161.0,-383.0,-581.0,-810.0,-1040.0,-1284.0
-216.0,-216.0,-614.0,-915,-1141.0,-1294.0,-160.0,-382.0,-581.0,-808.0,-1039.0,-1282.0
-215.0,-215.0,-613.0,-915,-1141.0,-1295.0,-160.0,-381.0,-580.0,-807.0,-1038.0,-1281.0
-215.0,-215.0,-611.0,-914,-1141.0,-1297.0,-160.0,-381.0,-579.0,-806.0,-1037.0,-1280.0
-215.0,-215.0,-608.0,-912,-1141.0,-1298.0,-159.0,-380.0,-578.0,-805.0,-1037.0,-1279.0
-214.0,-214.0,-606.0,-910,-1141.0,-1301.0,-159.0,-379.0,-577.0,-804.0,-1036.0,-1279.0
-214.0,-214.0,-603.0,-909,-1141.0,-1303.0,-159.0,-378.0,-576.0,-803.0,-1035.0,-1278.0
-214.0,-214.0,-600.0,-908,-1142.0,-1304.0,-158.0,-377.0,-573.0,-802.0,-1033.0,-1277.0
-214.0,-214.0,-596.0,-907,-1142.0,-1305.0,-158.0,-375.0,-572.0,-801.0,-1032.0,-1277.0
-214.0,-214.0,-591.0,-906,-1142.0,-1306.0,-157.0,-374.0,-570.0,-800.0,-1031.0,-1277.0
-214.0,-214.0,-587.0,-905,-1143.0,-1305.0,-157.0,-373.0,-567.0,-799.0,-1030.0,-1276.0
-214.0,-214.0,-581.0,-906,-1143.0,-1304.0,-156.0,-372.0,-565.0,-797.0,-1029.0,-1275.0
-214.0,-214.0,-577.0,-906,-1144.0,-1302.0,-155.0,-370.0,-561.0,-795.0,-1029.0,-1274.0
-213.0,-213.0,-573.0,-908,-1145.0,-1300.0,-155.0,-368.0,-557.0,-793.0,-1028.0,-1273.0
-213.0,-213.0,-570.0,-909,-1146.0,-1297.0,-154.0,-366.0,-554.0,-791.0,-1027.0,-1273.0
-213.0,-213.0,-566.0,-910,-1147.0,-1294.0,-154.0,-363.0,-551.0,-789.0,-1026.0,-1272.0
-212.0,-212.0,-562.0,-912,-1149.0,-1292.0,-153.0,-361.0,-547.0,-787.0,-1025.0,-1271.0
-212.0,-212.0,-558.0,-914,-1150.0,-1289.0,-152.0,-358.0,-543.0,-784.0,-1023.0,-1270.0
-211.0,-211.0,-554.0,-915,-1153.0,-1286.0,-151.0,-355.0,-539.0,-781.0,-1021.0,-1270.0
-210.0,-210.0,-550.0,-917,-1156.0,-1282.0,-150.0,-351.0,-534.0,-778.0,-1018.0,-1269.0
-209.0,-209.0,-547.0,-919,-1158.0,-1278.0,-148.0,-348.0,-530.0,-774.0,-1016.0,-1268.0
-208.0,-208.0,-544.0,-921,-1161.0,-1274.0,-147.0,-344.0,-525.0,-770.0,-1013.0,-1268.0
-206.0,-206.0,-542.0,-923,-1164.0,-1271.0,-146.0,-340.0,-518.0,-765.0,-1011.0,-1267.0
-205.0,-205.0,-540.0,-926,-1166.0,-1267.0,-145.0,-335.0,-511.0,-760.0,-1008.0,-1267.0
-204.0,-204.0,-537.0,-929,-1168.0,-1263.0,-144.0,-330.0,-502.0,-756.0,-1005.0,-1266.0
-203.0,-203.0,-537.0,-933,-1170.0,-1257.0,-143.0,-324.0,-493.0,-750.0,-1001.0,-1264.0
-202.0,-202.0,-534.0,-936,-1172.0,-1252.0,-143.0,-318.0,-485.0,-744.0,-998.0,-1263.0
-201.0,-201.0,-537.0,-939,-1174.0,-1247.0,-141.0,-312.0,-477.0,-737.0,-993.0,-1261.0
-200.0,-200.0,-539.0,-943,-1175.0,-1241.0,-143.0,-308.0,-467.0,-731.0,-989.0,-1259.0
-200.0,-200.0,-542.0,-946,-1176.0,-1237.0,-143.0,-301.0,-456.0,-724.0,-983.0,-1257.0
-199.0,-199.0,-546.0,-949,-1177.0,-1233.0,-144.0,-297.0,-446.0,-717.0,-978.0,-1254.0
-199.0,-199.0,-551.0,-952,-1179.0,-1228.0,-144.0,-292.0,-438.0,-709.0,-974.0,-1252.0
-198.0,-198.0,-555.0,-955,-1177.0,-1224.0,-144.0,-286.0,-429.0,-698.0,-968.0,-1249.0
-198.0,-198.0,-559.0,-957,-1177.0,-1221.0,-145.0,-282.0,-422.0,-687.0,-960.0,-1245.0
-198.0,-195.0,-565.0,-959,-1176.0,-1218.0,-145.0,-278.0,-417.0,-678.0,-954.0,-1242.0
-195.0,-198.0,-571.0,-960,-1219.0,-1217.0,-146.0,-275.0,-412.0,-669.0,-946.0,-1238.0
-198.0,-198.0,-577.0,-963,-1222.0,-1213.0,-147.0,-269.0,-409.0,-661.0,-939.0,-1235.0
-198.0,-198.0,-582.0,-960,-1226.0,-1216.0,-149.0,-272.0,-404.0,-653.0,-929.0,-1231.0
-198.0,-367.0,-587.0,-959,-1230.0,-1217.0,-150.0,-273.0,-408.0,-647.0,-920.0,-1227.0
-199.0,-372.0,-592.0,-958,-1235.0,-1219.0,-152.0,-275.0,-412.0,-641.0,-912.0,-1223.0
-200.0,-377.0,-597.0,-956,-1240.0,-1222.0,-153.0,-279.0,-416.0,-636.0,-903.0,-1217.0
-201.0,-384.0,-604.0,-954,-1245.0,-1226.0,-155.0,-283.0,-421.0,-632.0,-894.0,-1211.0
-203.0,-392.0,-610.0,-953,-1250.0,-1230.0,-157.0,-287.0,-427.0,-626.0,-887.0,-1204.0
-203.0,-398.0,-616.0,-951,-1256.0,-1235.0,-158.0,-292.0,-433.0,-631.0,-880.0,-1199.0
-204.0,-403.0,-622.0,-949,-1263.0,-1240.0,-160.0,-297.0,-439.0,-633.0,-874.0,-1192.0
-204.0,-406.0,-628.0,-947,-1270.0,-1245.0,-162.0,-303.0,-447.0,-636.0,-869.0,-1186.0
-205.0,-409.0,-633.0,-945,-1276.0,-1250.0,-164.0,-309.0,-453.0,-641.0,-866.0,-1180.0
-205.0,-412.0,-637.0,-942,-1286.0,-1256.0,-165.0,-314.0,-462.0,-647.0,-862.0,-1174.0
-206.0,-414.0,-640.0,-939,-1292.0,-1263.0,-166.0,-321.0,-470.0,-652.0,-866.0,-1167.0
-206.0,-417.0,-643.0,-935,-1299.0,-1270.0,-168.0,-328.0,-478.0,-658.0,-868.0,-1161.0
-207.0,-419.0,-645.0,-932,-1306.0,-1276.0,-168.0,-335.0,-486.0,-665.0,-872.0,-1157.0
-208.0,-422.0,-647.0,-928,-1312.0,-1286.0,-168.0,-341.0,-495.0,-673.0,-876.0,-1153.0
-208.0,-424.0,-649.0,-923,-1317.0,-1292.0,-168.0,-347.0,-504.0,-680.0,-881.0,-1150.0
-209.0,-426.0,-651.0,-920,-1321.0,-1299.0,-169.0,-353.0,-512.0,-688.0,-886.0,-1148.0
-210.0,-427.0,-652.0,-916,-1324.0,-1306.0,-169.0,-359.0,-521.0,-696.0,-894.0,-1144.0
-210.0,-428.0,-653.0,-912,-1326.0,-1312.0,-169.0,-363.0,-529.0,-707.0,-901.0,-1148.0
-211.0,-429.0,-653.0,-909,-1329.0,-1317.0,-170.0,-367.0,-536.0,-716.0,-907.0,-1150.0
-211.0,-429.0,-654.0,-907,-1331.0,-1321.0,-170.0,-370.0,-543.0,-725.0,-915.0,-1152.0
-212.0,-430.0,-654.0,-626,-1333.0,-1324.0,-170.0,-373.0,-551.0,-734.0,-923.0,-1156.0
-212.0,-431.0,-654.0,-637,-1336.0,-1326.0,-170.0,-376.0,-558.0,-744.0,-931.0,-1160.0
-212.0,-431.0,-655.0,-640,-1338.0,-1329.0,-171.0,-379.0,-565.0,-752.0,-939.0,-1165.0
-213.0,-432.0,-655.0,-643,-1340.0,-1331.0,-171.0,-381.0,-572.0,-760.0,-948.0,-1170.0
-213.0,-433.0,-655.0,-645,-1341.0,-1333.0,-171.0,-383.0,-577.0,-768.0,-957.0,-1175.0
-213.0,-433.0,-655.0,-647,-1341.0,-1336.0,-171.0,-385.0,-582.0,-775.0,-966.0,-1181.0
-213.0,-434.0,-656.0,-649,-1342.0,-1338.0,-173.0,-386.0,-585.0,-783.0,-977.0,-1186.0
-214.0,-434.0,-656.0,-651,-1342.0,-1340.0,-171.0,-388.0,-589.0,-789.0,-986.0,-1191.0
-214.0,-434.0,-656.0,-652,-1342.0,-1341.0,-171.0,-388.0,-591.0,-795.0,-994.0,-1197.0
-214.0,-435.0,-657.0,-653,-1343.0,-1341.0,-171.0,-389.0,-593.0,-800.0,-1001.0,-1204.0
-214.0,-435.0,-657.0,-653,-1343.0,-1342.0,-171.0,-389.0,-596.0,-804.0,-1007.0,-1212.0
-214.0,-435.0,-657.0,-654,-1343.0,-1342.0,-171.0,-390.0,-597.0,-808.0,-1014.0,-1219.0
-214.0,-435.0,-657.0,-654,-1344.0,-1342.0,-170.0,-390.0,-599.0,-811.0,-1021.0,-1226.0
-215.0,-436.0,-658.0,-654,-1345.0,-1343.0,-170.0,-390.0,-600.0,-814.0,-1026.0,-1233.0
-215.0,-436.0,-658.0,-655,-1346.0,-1343.0,-170.0,-391.0,-601.0,-816.0,-1032.0,-1239.0
-216.0,-436.0,-658.0,-655,-1346.0,-1343.0,-169.0,-391.0,-602.0,-818.0,-1036.0,-1245.0
-217.0,-437.0,-658.0,-655,-1347.0,-1344.0,-168.0,-391.0,-602.0,-821.0,-1040.0,-1251.0
-217.0,-437.0,-658.0,-655,-1347.0,-1345.0,-167.0,-391.0,-603.0,-822.0,-1043.0,-1256.0
-218.0,-438.0,-658.0,-656,-1347.0,-1346.0,-166.0,-391.0,-603.0,-823.0,-1045.0,-1261.0
-221.0,-437.0,-658.0,-656,-1347.0,-1346.0,-165.0,-391.0,-604.0,-824.0,-1047.0,-1266.0
-219.0,-437.0,-658.0,-656,-1347.0,-1347.0,-164.0,-391.0,-604.0,-824.0,-1049.0,-1271.0
-218.0,-436.0,-658.0,-657,-1347.0,-1347.0,-163.0,-391.0,-605.0,-825.0,-1051.0,-1274.0
-217.0,-436.0,-658.0,-657,-1347.0,-1347.0,-162.0,-391.0,-605.0,-826.0,-1052.0,-1277.0
-216.0,-436.0,-659.0,-657,-1347.0,-1347.0,-161.0,-390.0,-606.0,-826.0,-1053.0,-1279.0
-216.0,-436.0,-659.0,-657,-1348.0,-1347.0,-160.0,-390.0,-606.0,-826.0,-1053.0,-1281.0
-216.0,-436.0,-659.0,-658,-1348.0,-1347.0,-159.0,-390.0,-606.0,-827.0,-1053.0,-1282.0
-215.0,-436.0,-659.0,-658,-1348.0,-1347.0,-158.0,-389.0,-605.0,-827.0,-1054.0,-1284.0
-215.0,-436.0,-659.0,-658,-1348.0,-1347.0,-158.0,-388.0,-605.0,-827.0,-1054.0,-1285.0
-215.0,-436.0,-887.0,-658,-1348.0,-1348.0,-158.0,-387.0,-605.0,-828.0,-1054.0,-1286.0
-215.0,-436.0,-887.0,-658,-1349.0,-1348.0,-159.0,-386.0,-604.0,-828.0,-1055.0,-1287.0
-215.0,-437.0,-887.0,-884,-1348.0,-1348.0,-160.0,-385.0,-604.0,-828.0,-1055.0,-1288.0
-216.0,-437.0,-886.0,-883,-1348.0,-1348.0,-163.0,-384.0,-603.0,-827.0,-1055.0,-1288.0
-216.0,-437.0,-886.0,-883,-1348.0,-1348.0,-165.0,-382.0,-603.0,-827.0,-1056.0,-1289.0
-216.0,-438.0,-886.0,-884,-1348.0,-1348.0,-168.0,-382.0,-602.0,-826.0,-1056.0,-1289.0
-216.0,-438.0,-885.0,-884,-1348.0,-1348.0,-171.0,-379.0,-602.0,-826.0,-1056.0,-1290.0
-216.0,-438.0,-885.0,-885,-1348.0,-1348.0,-173.0,-382.0,-600.0,-825.0,-1055.0,-1290.0
-216.0,-438.0,-885.0,-885,-1347.0,-1348.0,-176.0,-383.0,-599.0,-825.0,-1055.0,-1291.0
-216.0,-438.0,-885.0,-886,-1348.0,-1348.0,-178.0,-385.0,-597.0,-824.0,-1055.0,-1291.0
-216.0,-438.0,-885.0,-887,-1348.0,-1348.0,-182.0,-387.0,-595.0,-823.0,-1054.0,-1291.0
-216.0,-438.0,-885.0,-887,-1348.0,-1348.0,-179.0,-389.0,-594.0,-823.0,-1054.0,-1291.0
-216.0,-438.0,-885.0,-887,-1349.0,-1346.0,-178.0,-391.0,-593.0,-822.0,-1054.0,-1291.0
-216.0,-438.0,-885.0,-887,-1349.0,-1348.0,-177.0,-392.0,-590.0,-821.0,-1053.0,-1291.0
-216.0,-438.0,-885.0,-887,-1349.0,-1348.0,-176.0,-393.0,-593.0,-819.0,-1052.0,-1291.0
-216.0,-438.0,-885.0,-886,-1349.0,-1348.0,-176.0,-394.0,-593.0,-818.0,-1052.0,-1290.0
-218.0,-438.0,-885.0,-886,-1351.0,-1349.0,-174.0,-394.0,-595.0,-817.0,-1051.0,-1290.0
-216.0,-438.0,-885.0,-886,-1350.0,-1349.0,-174.0,-394.0,-596.0,-816.0,-1050.0,-1289.0
-216.0,-438.0,-885.0,-885,-1119.0,-1349.0,-173.0,-395.0,-596.0,-815.0,-1049.0,-1289.0
-216.0,-438.0,-885.0,-885,-1119.0,-1349.0,-173.0,-396.0,-598.0,-813.0,-1047.0,-1288.0
-216.0,-438.0,-885.0,-885,-1119.0,-1350.0,-173.0,-397.0,-599.0,-815.0,-1046.0,-1288.0
-215.0,-438.0,-885.0,-885,-1119.0,-1350.0,-173.0,-398.0,-599.0,-816.0,-1044.0,-1287.0
-216.0,-438.0,-885.0,-885,-1119.0,-1350.0,-173.0,-400.0,-600.0,-817.0,-1043.0,-1286.0
-216.0,-438.0,-885.0,-885,-1119.0,-1350.0,-172.0,-401.0,-601.0,-818.0,-1043.0,-1286.0
-216.0,-438.0,-885.0,-885,-1119.0,-1350.0,-172.0,-403.0,-602.0,-819.0,-1040.0,-1285.0
-438.0,-438.0,-886.0,-885,-1119.0,-1350.0,-172.0,-403.0,-604.0,-819.0,-1042.0,-1284.0
-438.0,-438.0,-887.0,-885,-1119.0,-1350.0,-172.0,-404.0,-606.0,-820.0,-1043.0,-1283.0
-438.0,-438.0,-886.0,-885,-1119.0,-1350.0,-172.0,-404.0,-609.0,-821.0,-1043.0,-1282.0
-438.0,-438.0,-885.0,-885,-1119.0,-1350.0,-172.0,-405.0,-612.0,-821.0,-1044.0,-1281.0
-438.0,-438.0,-885.0,-885,-1119.0,-1351.0,-172.0,-405.0,-614.0,-822.0,-1045.0,-1280.0
-438.0,-438.0,-885.0,-885,-1119.0,-1351.0,-172.0,-406.0,-616.0,-824.0,-1045.0,-1279.0
-438.0,-438.0,-885.0,-885,-1119.0,-1351.0,-172.0,-406.0,-618.0,-826.0,-1045.0,-1278.0
-438.0,-438.0,-885.0,-885,-1119.0,-1350.0,-172.0,-406.0,-619.0,-829.0,-1046.0,-1278.0
-884.0,-884.0,-885.0,-885,-1119.0,-1350.0,-172.0,-406.0,-621.0,-832.0,-1046.0,-1278.0
-885.0,-885.0,-885.0,-885,-885.0,-1350.0,-172.0,-406.0,-622.0,-835.0,-1047.0,-1278.0
-884.0,-884.0,-884.0,-885,-884.0,-1350.0,-407.0,-407.0,-623.0,-836.0,-1048.0,-1278.0
-883.0,-883.0,-884.0,-885,-885.0,-1350.0,-407.0,-407.0,-623.0,-839.0,-1050.0,-1277.0
-216.0,-426.0,-884.0,-886,-886.0,-1350.0,-407.0,-407.0,-624.0,-840.0,-1052.0,-1277.0
-216.0,-426.0,-884.0,-887,-886.0,-1350.0,-408.0,-408.0,-625.0,-841.0,-1055.0,-1275.0
-216.0,-426.0,-884.0,-886,-886.0,-1350.0,-408.0,-408.0,-625.0,-842.0,-1058.0,-1277.0
-216.0,-426.0,-883.0,-885,-885.0,-1350.0,-408.0,-408.0,-626.0,-843.0,-1061.0,-1277.0
-216.0,-426.0,-883.0,-885,-885.0,-1350.0,-408.0,-408.0,-626.0,-844.0,-1063.0,-1279.0
-216.0,-426.0,-883.0,-885,-885.0,-1350.0,-626.0,-626.0,-626.0,-845.0,-1064.0,-1280.0
-216.0,-426.0,-883.0,-885,-885.0,-1350.0,-627.0,-627.0,-627.0,-846.0,-1066.0,-1282.0
-216.0,-426.0,-884.0,-885,-885.0,-1350.0,-159.0,-387.0,-627.0,-846.0,-1067.0,-1284.0
-217.0,-426.0,-884.0,-885,-885.0,-1350.0,-159.0,-387.0,-627.0,-847.0,-1067.0,-1287.0
-217.0,-426.0,-884.0,-885,-885.0,-1350.0,-159.0,-387.0,-627.0,-847.0,-1068.0,-1289.0
-217.0,-426.0,-885.0,-884,-884.0,-1350.0,-159.0,-387.0,-627.0,-848.0,-1068.0,-1291.0
-217.0,-426.0,-885.0,-884,-884.0,-1350.0,-159.0,-387.0,-627.0,-848.0,-1069.0,-1293.0
-203.0,-426.0,-885.0,-884,-884.0,-1350.0,-159.0,-387.0,-849.0,-849.0,-1069.0,-1294.0
-203.0,-426.0,-886.0,-884,-884.0,-1350.0,-159.0,-387.0,-849.0,-849.0,-1070.0,-1295.0
-203.0,-426.0,-885.0,-884,-884.0,-884.0,-159.0,-387.0,-849.0,-849.0,-1071.0,-1296.0
-203.0,-426.0,-885.0,-883,-883.0,-884.0,-159.0,-387.0,-849.0,-849.0,-1071.0,-1297.0
-203.0,-426.0,-885.0,-883,-1120.0,-884.0,-159.0,-387.0,-849.0,-849.0,-1071.0,-1298.0
-203.0,-426.0,-884.0,-883,-1120.0,-884.0,-159.0,-387.0,-608.0,-1071.0,-1071.0,-1299.0
-203.0,-426.0,-884.0,-883,-1120.0,-884.0,-159.0,-387.0,-608.0,-1071.0,-1071.0,-1299.0
-203.0,-426.0,-884.0,-884,-1120.0,-883.0,-159.0,-387.0,-608.0,-1072.0,-1072.0,-1300.0
-203.0,-426.0,-884.0,-884,-1120.0,-885.0,-159.0,-387.0,-608.0,-836.0,-1300.0,-1300.0
-203.0,-426.0,-884.0,-884,-1120.0,-885.0,-159.0,-387.0,-608.0,-836.0,-1300.0,-1300.0
-203.0,-426.0,-884.0,-885,-1120.0,-885.0,-159.0,-387.0,-608.0,-836.0,-1301.0,-1301.0
-203.0,-426.0,-884.0,-885,-1120.0,-885.0,-159.0,-387.0,-608.0,-836.0,-1301.0,-1301.0
-203.0,-426.0,-652.0,-885,-1120.0,-885.0,-159.0,-387.0,-608.0,-836.0,-1301.0,-1301.0
-203.0,-426.0,-652.0,-886,-1120.0,-885.0,-159.0,-387.0,-608.0,-836.0,-1301.0,-1301.0
-203.0,-426.0,-652.0,-885,-1120.0,-1350.0,-159.0,-387.0,-608.0,-836.0,-1301.0,-1301.0
-203.0,-426.0,-652.0,-885,-1120.0,-1350.0,-159.0,-387.0,-608.0,-836.0,-1062.0,-1291.0
-203.0,-426.0,-652.0,-885,-1120.0,-1351.0,-159.0,-387.0,-608.0,-836.0,-1062.0,-1291.0
-203.0,-426.0,-652.0,-884,-1120.0,-1351.0,-159.0,-387.0,-608.0,-836.0,-1062.0,-1291.0
-203.0,-426.0,-652.0,-884,-1120.0,-1351.0,-159.0,-387.0,-608.0,-836.0,-1062.0,-1291.0
-203.0,-426.0,-652.0,-884,-1120.0,-1351.0,-159.0,-387.0,-608.0,-836.0,-1062.0,-1291.0
-203.0,-426.0,-652.0,-884,-1120.0,-1351.0,-159.0,-387.0,-608.0,-836.0,-1062.0,-1291.0
-203.0,-426.0,-652.0,-884,-1120.0,-1351.0,-159.0,-387.0,-608.0,-836.0,-1062.0,-1291.0
-203.0,-426.0,-652.0,-884,-1120.0,-1323.0,-159.0,-387.0,-608.0,-836.0,-1062.0,-1291.0
-203.0,-426.0,-652.0,-884,-1120.0,-1323.0,-159.0,-387.0,-608.0,-836.0,-1062.0,-1291.0
