I,II,III,aVR,aVL,aVF,V1,V2,V3,V4,V5,V6
-1145.0,-1145.0,-1145.0,-1145.0,-1145.0,-1371,-150.0,-368.0,-371.0,-843.0,-1083.0,-1302.0
-1145.0,-1145.0,-1145.0,-1145.0,-1145.0,-1373,-150.0,-368.0,-377.0,-843.0,-1083.0,-1302.0
-1144.0,-1144.0,-1144.0,-1144.0,-1145.0,-1371,-148.0,-366.0,-385.0,-845.0,-1081.0,-1301.0
-1146.0,-1146.0,-1146.0,-1146.0,-1145.0,-1371,-146.0,-364.0,-392.0,-849.0,-1078.0,-1299.0
-915.0,-915.0,-915.0,-915.0,-1145.0,-1371,-144.0,-361.0,-404.0,-851.0,-1076.0,-1297.0
-915.0,-915.0,-915.0,-915.0,-1145.0,-1371,-142.0,-359.0,-420.0,-854.0,-1074.0,-1295.0
-915.0,-915.0,-915.0,-915.0,-1145.0,-1371,-139.0,-356.0,-439.0,-858.0,-1071.0,-1291.0
-915.0,-915.0,-915.0,-915.0,-1142.0,-1371,-134.0,-350.0,-461.0,-864.0,-1068.0,-1287.0
-915.0,-915.0,-915.0,-915.0,-1145.0,-1371,-137.0,-354.0,-484.0,-861.0,-1068.0,-1289.0
-915.0,-915.0,-915.0,-915.0,-1145.0,-1371,-138.0,-357.0,-497.0,-858.0,-1070.0,-1296.0
-915.0,-915.0,-915.0,-915.0,-1146.0,-1371,-139.0,-360.0,-576.0,-853.0,-1072.0,-1300.0
-914.0,-914.0,-914.0,-914.0,-1147.0,-1372,-139.0,-364.0,-587.0,-847.0,-1073.0,-1302.0
-653.0,-653.0,-653.0,-912.0,-1148.0,-1372,-140.0,-371.0,-596.0,-844.0,-1075.0,-1307.0
-653.0,-653.0,-653.0,-911.0,-1149.0,-1373,-142.0,-377.0,-608.0,-843.0,-1077.0,-1311.0
-653.0,-653.0,-653.0,-909.0,-1150.0,-1374,-144.0,-385.0,-623.0,-848.0,-1081.0,-1314.0
-653.0,-653.0,-653.0,-907.0,-1150.0,-1375,-148.0,-392.0,-632.0,-857.0,-1087.0,-1316.0
-653.0,-653.0,-653.0,-906.0,-1150.0,-1375,-152.0,-404.0,-645.0,-866.0,-1093.0,-1319.0
-653.0,-653.0,-653.0,-905.0,-1150.0,-1376,-157.0,-420.0,-654.0,-879.0,-1100.0,-1324.0
-653.0,-653.0,-653.0,-904.0,-1150.0,-1376,-162.0,-439.0,-661.0,-896.0,-1108.0,-1327.0
-653.0,-653.0,-653.0,-903.0,-1150.0,-1377,-169.0,-461.0,-667.0,-912.0,-1116.0,-1331.0
-653.0,-653.0,-653.0,-903.0,-1150.0,-1377,-175.0,-484.0,-674.0,-926.0,-1124.0,-1335.0
-653.0,-653.0,-653.0,-903.0,-1150.0,-1377,-183.0,-497.0,-680.0,-940.0,-1133.0,-1341.0
-414.0,-414.0,-653.0,-903.0,-1150.0,-1378,-190.0,-510.0,-691.0,-961.0,-1143.0,-1346.0
-414.0,-414.0,-653.0,-903.0,-1150.0,-1378,-197.0,-587.0,-681.0,-973.0,-1151.0,-1351.0
-413.0,-413.0,-653.0,-903.0,-1150.0,-1378,-202.0,-596.0,-671.0,-984.0,-1158.0,-1356.0
-413.0,-413.0,-653.0,-903.0,-1150.0,-1378,-207.0,-608.0,-663.0,-995.0,-1167.0,-1361.0
-413.0,-411.0,-653.0,-903.0,-1150.0,-1379,-211.0,-623.0,-649.0,-1002.0,-1175.0,-1367.0
-413.0,-413.0,-653.0,-903.0,-1150.0,-1379,-214.0,-632.0,-634.0,-1022.0,-1182.0,-1374.0
-413.0,-413.0,-653.0,-903.0,-1150.0,-1379,-217.0,-645.0,-618.0,-1023.0,-1195.0,-1381.0
-413.0,-413.0,-653.0,-903.0,-1150.0,-1379,-223.0,-654.0,-639.0,-1028.0,-1206.0,-1392.0
-416.0,-414.0,-653.0,-903.0,-1150.0,-1379,-229.0,-661.0,-779.0,-1024.0,-1217.0,-1400.0
-193.0,-415.0,-653.0,-903.0,-1150.0,-1380,-236.0,-667.0,-753.0,-1022.0,-1230.0,-1411.0
-193.0,-416.0,-653.0,-903.0,-1150.0,-1380,-245.0,-674.0,-742.0,-1021.0,-1239.0,-1426.0
-193.0,-418.0,-654.0,-903.0,-1151.0,-1380,-254.0,-680.0,-727.0,-1019.0,-1245.0,-1437.0
-193.0,-420.0,-654.0,-903.0,-1151.0,-1380,-261.0,-691.0,-713.0,-1017.0,-1250.0,-1447.0
-193.0,-421.0,-654.0,-902.0,-1151.0,-1380,-266.0,-681.0,-701.0,-1013.0,-1256.0,-1456.0
-193.0,-422.0,-655.0,-902.0,-1151.0,-1380,-271.0,-671.0,-685.0,-1010.0,-1250.0,-1461.0
-193.0,-423.0,-655.0,-902.0,-1151.0,-1381,-279.0,-663.0,-676.0,-1010.0,-1249.0,-1474.0
-194.0,-424.0,-655.0,-902.0,-1151.0,-1380,-268.0,-649.0,-662.0,-1010.0,-1280.0,-1467.0
-194.0,-424.0,-655.0,-902.0,-1151.0,-1380,-263.0,-634.0,-653.0,-1089.0,-1256.0,-1464.0
-196.0,-425.0,-655.0,-901.0,-1151.0,-1380,-256.0,-618.0,-638.0,-1047.0,-1249.0,-1458.0
-197.0,-425.0,-655.0,-901.0,-1151.0,-1380,-246.0,-602.0,-627.0,-1027.0,-1244.0,-1453.0
-198.0,-426.0,-655.0,-901.0,-1150.0,-1380,-236.0,-541.0,-619.0,-1008.0,-1237.0,-1445.0
-199.0,-426.0,-656.0,-901.0,-1147.0,-1380,-227.0,-534.0,-611.0,-996.0,-1206.0,-1435.0
-200.0,-427.0,-656.0,-901.0,-1144.0,-1377,-217.0,-518.0,-605.0,-984.0,-1196.0,-1425.0
-200.0,-427.0,-656.0,-901.0,-1139.0,-1374,-208.0,-495.0,-602.0,-958.0,-1186.0,-1414.0
-200.0,-427.0,-656.0,-903.0,-1137.0,-1371,-199.0,-481.0,-599.0,-944.0,-1171.0,-1404.0
-201.0,-428.0,-656.0,-906.0,-1134.0,-1369,-191.0,-469.0,-597.0,-930.0,-1158.0,-1393.0
-201.0,-428.0,-656.0,-909.0,-1131.0,-1365,-183.0,-447.0,-596.0,-919.0,-1145.0,-1378.0
-202.0,-428.0,-656.0,-911.0,-1133.0,-1361,-176.0,-430.0,-596.0,-900.0,-1134.0,-1370.0
-202.0,-428.0,-656.0,-914.0,-1134.0,-1358,-168.0,-417.0,-596.0,-878.0,-1126.0,-1359.0
-203.0,-428.0,-656.0,-917.0,-1137.0,-1360,-161.0,-402.0,-596.0,-871.0,-1118.0,-1349.0
-203.0,-428.0,-656.0,-920.0,-1141.0,-1366,-155.0,-390.0,-596.0,-863.0,-1108.0,-1341.0
-203.0,-428.0,-656.0,-916.0,-1144.0,-1369,-150.0,-380.0,-596.0,-852.0,-1100.0,-1335.0
-203.0,-428.0,-655.0,-914.0,-1146.0,-1371,-145.0,-372.0,-595.0,-844.0,-1091.0,-1328.0
-203.0,-429.0,-655.0,-911.0,-1147.0,-1374,-141.0,-365.0,-595.0,-836.0,-1082.0,-1322.0
-204.0,-429.0,-655.0,-908.0,-1146.0,-1381,-138.0,-359.0,-595.0,-829.0,-1074.0,-1317.0
-204.0,-429.0,-655.0,-905.0,-1145.0,-1387,-136.0,-354.0,-594.0,-824.0,-1067.0,-1313.0
-204.0,-429.0,-653.0,-901.0,-1142.0,-1391,-134.0,-351.0,-594.0,-821.0,-1064.0,-1311.0
-204.0,-431.0,-655.0,-899.0,-1140.0,-1396,-134.0,-347.0,-593.0,-818.0,-1061.0,-1309.0
-204.0,-429.0,-655.0,-898.0,-1137.0,-1401,-134.0,-346.0,-593.0,-816.0,-1059.0,-1307.0
-204.0,-429.0,-655.0,-897.0,-1134.0,-1409,-134.0,-345.0,-592.0,-815.0,-1057.0,-1306.0
-204.0,-429.0,-655.0,-897.0,-1130.0,-1418,-134.0,-345.0,-592.0,-815.0,-1056.0,-1305.0
-204.0,-429.0,-655.0,-896.0,-1125.0,-1428,-134.0,-344.0,-592.0,-814.0,-1055.0,-1304.0
-204.0,-428.0,-656.0,-895.0,-1120.0,-1440,-134.0,-343.0,-591.0,-813.0,-1054.0,-1304.0
-204.0,-425.0,-656.0,-895.0,-1115.0,-1464,-134.0,-342.0,-591.0,-813.0,-1054.0,-1303.0
-204.0,-422.0,-657.0,-894.0,-1109.0,-1491,-134.0,-341.0,-590.0,-812.0,-1053.0,-1303.0
-204.0,-419.0,-658.0,-893.0,-1102.0,-1511,-134.0,-340.0,-589.0,-811.0,-1053.0,-1303.0
-204.0,-416.0,-661.0,-892.0,-1098.0,-1536,-133.0,-339.0,-588.0,-811.0,-1052.0,-1302.0
-204.0,-412.0,-663.0,-890.0,-1092.0,-1542,-133.0,-338.0,-587.0,-810.0,-1051.0,-1302.0
-204.0,-408.0,-667.0,-889.0,-1085.0,-1573,-133.0,-337.0,-586.0,-810.0,-1050.0,-1302.0
-205.0,-411.0,-672.0,-888.0,-1078.0,-1584,-132.0,-336.0,-585.0,-809.0,-1050.0,-1301.0
-205.0,-414.0,-679.0,-887.0,-1070.0,-1597,-132.0,-336.0,-583.0,-808.0,-1049.0,-1300.0
-202.0,-418.0,-696.0,-885.0,-1063.0,-1584,-131.0,-335.0,-581.0,-807.0,-1048.0,-1300.0
-200.0,-420.0,-710.0,-883.0,-1054.0,-1579,-131.0,-334.0,-579.0,-806.0,-1047.0,-1299.0
-197.0,-424.0,-721.0,-882.0,-1048.0,-1573,-131.0,-333.0,-577.0,-805.0,-1047.0,-1299.0
-194.0,-430.0,-743.0,-879.0,-1042.0,-1567,-130.0,-332.0,-575.0,-804.0,-1046.0,-1298.0
-191.0,-434.0,-763.0,-877.0,-1032.0,-1560,-130.0,-331.0,-573.0,-803.0,-1046.0,-1298.0
-186.0,-437.0,-780.0,-873.0,-1026.0,-1552,-130.0,-330.0,-570.0,-802.0,-1045.0,-1297.0
-189.0,-441.0,-804.0,-864.0,-1019.0,-1543,-130.0,-329.0,-567.0,-800.0,-1044.0,-1297.0
-190.0,-445.0,-814.0,-873.0,-1012.0,-1537,-130.0,-328.0,-565.0,-799.0,-1042.0,-1296.0
-192.0,-452.0,-829.0,-880.0,-1005.0,-1530,-129.0,-326.0,-563.0,-797.0,-1042.0,-1296.0
-195.0,-458.0,-904.0,-881.0,-1000.0,-1521,-129.0,-324.0,-560.0,-796.0,-1040.0,-1295.0
-198.0,-465.0,-861.0,-895.0,-995.0,-1513,-128.0,-322.0,-558.0,-794.0,-1039.0,-1294.0
-201.0,-472.0,-860.0,-897.0,-991.0,-1506,-128.0,-319.0,-555.0,-792.0,-1037.0,-1293.0
-203.0,-480.0,-859.0,-895.0,-986.0,-1498,-127.0,-317.0,-553.0,-789.0,-1036.0,-1292.0
-203.0,-489.0,-859.0,-891.0,-992.0,-1489,-127.0,-314.0,-550.0,-787.0,-1034.0,-1291.0
-203.0,-500.0,-859.0,-885.0,-999.0,-1483,-126.0,-312.0,-547.0,-785.0,-1032.0,-1290.0
-202.0,-518.0,-891.0,-872.0,-1006.0,-1475,-126.0,-310.0,-545.0,-782.0,-1029.0,-1288.0
-200.0,-533.0,-869.0,-869.0,-1012.0,-1467,-125.0,-307.0,-542.0,-780.0,-1028.0,-1287.0
-198.0,-544.0,-858.0,-858.0,-1023.0,-1456,-124.0,-304.0,-541.0,-777.0,-1026.0,-1285.0
-196.0,-561.0,-855.0,-826.0,-1034.0,-1448,-124.0,-301.0,-539.0,-774.0,-1024.0,-1283.0
-193.0,-569.0,-834.0,-879.0,-1046.0,-1437,-123.0,-299.0,-539.0,-772.0,-1022.0,-1281.0
-191.0,-579.0,-827.0,-884.0,-1071.0,-1429,-123.0,-296.0,-538.0,-769.0,-1020.0,-1280.0
-187.0,-587.0,-817.0,-888.0,-1084.0,-1421,-123.0,-292.0,-535.0,-766.0,-1017.0,-1278.0
-184.0,-598.0,-809.0,-892.0,-1093.0,-1413,-122.0,-290.0,-538.0,-764.0,-1015.0,-1277.0
-180.0,-588.0,-799.0,-895.0,-1105.0,-1406,-122.0,-286.0,-539.0,-761.0,-1013.0,-1275.0
-177.0,-584.0,-790.0,-898.0,-1127.0,-1400,-121.0,-283.0,-540.0,-759.0,-1011.0,-1273.0
-174.0,-579.0,-780.0,-900.0,-1137.0,-1393,-121.0,-280.0,-541.0,-756.0,-1009.0,-1271.0
-171.0,-572.0,-771.0,-901.0,-1145.0,-1388,-120.0,-277.0,-543.0,-753.0,-1007.0,-1270.0
-167.0,-566.0,-760.0,-902.0,-1150.0,-1383,-120.0,-274.0,-545.0,-751.0,-1006.0,-1268.0
-163.0,-559.0,-749.0,-903.0,-1154.0,-1378,-120.0,-272.0,-547.0,-748.0,-1004.0,-1267.0
-160.0,-551.0,-737.0,-903.0,-1158.0,-1374,-118.0,-270.0,-549.0,-746.0,-1003.0,-1266.0
-156.0,-544.0,-727.0,-903.0,-1160.0,-1371,-120.0,-268.0,-552.0,-745.0,-1002.0,-1266.0
-152.0,-536.0,-716.0,-903.0,-1161.0,-1368,-120.0,-267.0,-556.0,-744.0,-1001.0,-1265.0
-148.0,-527.0,-707.0,-903.0,-1162.0,-1366,-120.0,-266.0,-560.0,-743.0,-1000.0,-1264.0
-144.0,-518.0,-696.0,-903.0,-1162.0,-1365,-120.0,-263.0,-563.0,-740.0,-1000.0,-1263.0
-141.0,-510.0,-689.0,-904.0,-1162.0,-1364,-121.0,-266.0,-567.0,-742.0,-998.0,-1263.0
-137.0,-502.0,-681.0,-904.0,-1162.0,-1363,-121.0,-267.0,-571.0,-743.0,-1000.0,-1261.0
-135.0,-495.0,-674.0,-904.0,-1162.0,-1362,-122.0,-268.0,-575.0,-744.0,-1000.0,-1263.0
-134.0,-489.0,-668.0,-904.0,-1163.0,-1362,-122.0,-269.0,-578.0,-746.0,-1001.0,-1263.0
-133.0,-479.0,-661.0,-904.0,-1163.0,-1362,-123.0,-271.0,-582.0,-748.0,-1003.0,-1264.0
-128.0,-471.0,-655.0,-904.0,-1163.0,-1361,-124.0,-273.0,-585.0,-751.0,-1004.0,-1265.0
-132.0,-464.0,-652.0,-904.0,-1164.0,-1361,-125.0,-276.0,-588.0,-754.0,-1007.0,-1267.0
-133.0,-457.0,-648.0,-904.0,-1165.0,-1360,-126.0,-279.0,-592.0,-757.0,-1009.0,-1268.0
-135.0,-451.0,-645.0,-904.0,-1165.0,-1360,-127.0,-283.0,-595.0,-760.0,-1012.0,-1270.0
-138.0,-445.0,-642.0,-904.0,-1165.0,-1359,-128.0,-286.0,-598.0,-763.0,-1014.0,-1272.0
-140.0,-439.0,-640.0,-904.0,-1166.0,-1359,-129.0,-291.0,-598.0,-767.0,-1018.0,-1275.0
-143.0,-434.0,-639.0,-904.0,-1166.0,-1359,-130.0,-294.0,-601.0,-771.0,-1020.0,-1277.0
-148.0,-430.0,-639.0,-904.0,-1167.0,-1358,-131.0,-299.0,-604.0,-775.0,-1023.0,-1279.0
-152.0,-426.0,-638.0,-904.0,-1167.0,-1357,-132.0,-303.0,-606.0,-779.0,-1026.0,-1281.0
-158.0,-423.0,-638.0,-904.0,-1168.0,-1357,-133.0,-307.0,-607.0,-783.0,-1029.0,-1283.0
-163.0,-420.0,-637.0,-904.0,-1168.0,-1356,-134.0,-312.0,-609.0,-786.0,-1031.0,-1285.0
-169.0,-418.0,-636.0,-904.0,-1169.0,-1356,-135.0,-317.0,-611.0,-791.0,-1034.0,-1288.0
-176.0,-417.0,-636.0,-905.0,-1170.0,-1355,-136.0,-322.0,-612.0,-795.0,-1038.0,-1290.0
-183.0,-416.0,-635.0,-905.0,-1170.0,-1355,-137.0,-326.0,-613.0,-798.0,-1041.0,-1292.0
-188.0,-415.0,-635.0,-905.0,-1171.0,-1354,-138.0,-331.0,-614.0,-802.0,-1044.0,-1294.0
-193.0,-415.0,-634.0,-905.0,-1172.0,-1353,-139.0,-336.0,-614.0,-807.0,-1048.0,-1296.0
-198.0,-414.0,-634.0,-905.0,-1173.0,-1352,-139.0,-340.0,-615.0,-810.0,-1050.0,-1298.0
-201.0,-413.0,-633.0,-906.0,-1174.0,-1351,-139.0,-344.0,-616.0,-814.0,-1053.0,-1301.0
-204.0,-413.0,-633.0,-906.0,-1175.0,-1350,-139.0,-346.0,-617.0,-816.0,-1054.0,-1302.0
-206.0,-413.0,-632.0,-906.0,-1175.0,-1350,-140.0,-349.0,-617.0,-819.0,-1057.0,-1304.0
-207.0,-413.0,-631.0,-907.0,-1177.0,-1349,-141.0,-352.0,-618.0,-821.0,-1059.0,-1306.0
-207.0,-413.0,-631.0,-907.0,-1178.0,-1348,-141.0,-354.0,-618.0,-823.0,-1061.0,-1307.0
-208.0,-412.0,-630.0,-908.0,-1179.0,-1346,-141.0,-356.0,-618.0,-825.0,-1063.0,-1308.0
-208.0,-412.0,-629.0,-908.0,-1180.0,-1344,-142.0,-358.0,-620.0,-827.0,-1064.0,-1309.0
-208.0,-411.0,-628.0,-909.0,-1181.0,-1343,-142.0,-360.0,-618.0,-828.0,-1065.0,-1310.0
-208.0,-411.0,-628.0,-910.0,-1182.0,-1341,-142.0,-361.0,-618.0,-829.0,-1066.0,-1311.0
-208.0,-411.0,-627.0,-911.0,-1183.0,-1340,-142.0,-362.0,-618.0,-830.0,-1067.0,-1312.0
-209.0,-410.0,-626.0,-912.0,-1185.0,-1338,-142.0,-364.0,-618.0,-831.0,-1068.0,-1313.0
-209.0,-410.0,-625.0,-913.0,-1186.0,-1336,-142.0,-365.0,-617.0,-831.0,-1069.0,-1314.0
-209.0,-409.0,-624.0,-914.0,-1186.0,-1335,-143.0,-365.0,-617.0,-831.0,-1069.0,-1314.0
-209.0,-409.0,-623.0,-915.0,-1187.0,-1333,-143.0,-366.0,-617.0,-832.0,-1070.0,-1315.0
-210.0,-408.0,-622.0,-915.0,-1188.0,-1330,-143.0,-366.0,-616.0,-832.0,-1070.0,-1315.0
-210.0,-408.0,-620.0,-916.0,-1189.0,-1329,-143.0,-367.0,-615.0,-833.0,-1071.0,-1315.0
-210.0,-408.0,-619.0,-917.0,-1189.0,-1327,-144.0,-367.0,-614.0,-833.0,-1071.0,-1316.0
-211.0,-407.0,-617.0,-918.0,-1189.0,-1326,-143.0,-367.0,-613.0,-835.0,-1071.0,-1316.0
-211.0,-407.0,-615.0,-919.0,-1190.0,-1324,-143.0,-366.0,-612.0,-833.0,-1073.0,-1316.0
-211.0,-406.0,-613.0,-920.0,-1192.0,-1323,-143.0,-366.0,-612.0,-833.0,-1071.0,-1317.0
-211.0,-406.0,-612.0,-921.0,-1190.0,-1321,-143.0,-366.0,-611.0,-832.0,-1071.0,-1316.0
-212.0,-405.0,-609.0,-921.0,-1189.0,-1320,-142.0,-365.0,-610.0,-832.0,-1071.0,-1316.0
-212.0,-404.0,-607.0,-922.0,-1189.0,-1318,-142.0,-365.0,-609.0,-832.0,-1071.0,-1316.0
-212.0,-403.0,-605.0,-922.0,-1189.0,-1317,-141.0,-364.0,-609.0,-831.0,-1070.0,-1315.0
-212.0,-402.0,-604.0,-922.0,-1188.0,-1317,-140.0,-364.0,-609.0,-830.0,-1070.0,-1315.0
-213.0,-400.0,-602.0,-923.0,-1188.0,-1316,-139.0,-363.0,-609.0,-830.0,-1069.0,-1315.0
-213.0,-399.0,-601.0,-924.0,-1186.0,-1315,-139.0,-362.0,-608.0,-829.0,-1069.0,-1314.0
-213.0,-398.0,-599.0,-923.0,-1185.0,-1312,-138.0,-362.0,-608.0,-829.0,-1068.0,-1314.0
-214.0,-396.0,-598.0,-922.0,-1184.0,-1315,-137.0,-360.0,-608.0,-828.0,-1068.0,-1314.0
-214.0,-394.0,-596.0,-922.0,-1183.0,-1315,-136.0,-359.0,-608.0,-828.0,-1067.0,-1313.0
-214.0,-392.0,-595.0,-922.0,-1181.0,-1317,-134.0,-358.0,-608.0,-827.0,-1066.0,-1313.0
-214.0,-390.0,-594.0,-921.0,-1180.0,-1319,-136.0,-358.0,-609.0,-826.0,-1066.0,-1312.0
-215.0,-388.0,-592.0,-921.0,-1178.0,-1321,-136.0,-357.0,-609.0,-825.0,-1065.0,-1312.0
-215.0,-387.0,-591.0,-920.0,-1177.0,-1324,-137.0,-356.0,-609.0,-825.0,-1065.0,-1311.0
-216.0,-385.0,-591.0,-920.0,-1175.0,-1327,-138.0,-355.0,-609.0,-824.0,-1064.0,-1311.0
-216.0,-384.0,-590.0,-919.0,-1174.0,-1330,-139.0,-354.0,-609.0,-823.0,-1064.0,-1310.0
-216.0,-382.0,-589.0,-918.0,-1172.0,-1333,-141.0,-354.0,-610.0,-822.0,-1063.0,-1309.0
-216.0,-381.0,-586.0,-917.0,-1171.0,-1336,-143.0,-354.0,-610.0,-822.0,-1062.0,-1309.0
-216.0,-379.0,-589.0,-916.0,-1169.0,-1339,-145.0,-354.0,-610.0,-821.0,-1062.0,-1308.0
-216.0,-378.0,-590.0,-915.0,-1167.0,-1342,-146.0,-353.0,-610.0,-821.0,-1061.0,-1307.0
-216.0,-376.0,-591.0,-914.0,-1166.0,-1346,-147.0,-351.0,-610.0,-820.0,-1061.0,-1307.0
-217.0,-375.0,-593.0,-912.0,-1164.0,-1350,-147.0,-353.0,-610.0,-818.0,-1060.0,-1306.0
-216.0,-375.0,-595.0,-911.0,-1163.0,-1353,-147.0,-354.0,-610.0,-820.0,-1058.0,-1305.0
-216.0,-374.0,-598.0,-910.0,-1162.0,-1356,-147.0,-355.0,-610.0,-821.0,-1060.0,-1302.0
-216.0,-373.0,-600.0,-909.0,-1160.0,-1360,-149.0,-357.0,-610.0,-821.0,-1061.0,-1305.0
-216.0,-370.0,-602.0,-908.0,-1159.0,-1363,-147.0,-358.0,-610.0,-822.0,-1061.0,-1306.0
-216.0,-373.0,-605.0,-907.0,-1159.0,-1365,-147.0,-360.0,-610.0,-824.0,-1063.0,-1307.0
-216.0,-374.0,-608.0,-906.0,-1158.0,-1369,-147.0,-362.0,-611.0,-825.0,-1064.0,-1308.0
-216.0,-375.0,-612.0,-905.0,-1158.0,-1370,-147.0,-364.0,-610.0,-827.0,-1066.0,-1310.0
-215.0,-376.0,-615.0,-904.0,-1158.0,-1372,-146.0,-365.0,-610.0,-828.0,-1067.0,-1311.0
-215.0,-379.0,-619.0,-903.0,-1158.0,-1375,-146.0,-367.0,-610.0,-829.0,-1068.0,-1313.0
-214.0,-381.0,-622.0,-902.0,-1158.0,-1375,-146.0,-367.0,-610.0,-830.0,-1070.0,-1314.0
-214.0,-384.0,-627.0,-901.0,-1157.0,-1377,-146.0,-368.0,-610.0,-831.0,-1071.0,-1316.0
-214.0,-386.0,-630.0,-901.0,-1157.0,-1377,-146.0,-368.0,-610.0,-832.0,-1071.0,-1317.0
-213.0,-390.0,-634.0,-900.0,-1157.0,-1378,-146.0,-368.0,-610.0,-832.0,-1072.0,-1317.0
-213.0,-393.0,-637.0,-899.0,-1157.0,-1378,-146.0,-369.0,-610.0,-832.0,-1072.0,-1318.0
-212.0,-395.0,-640.0,-898.0,-1157.0,-1378,-146.0,-369.0,-610.0,-832.0,-1072.0,-1318.0
-212.0,-399.0,-643.0,-898.0,-1157.0,-1379,-146.0,-369.0,-610.0,-832.0,-1072.0,-1318.0
-211.0,-402.0,-645.0,-897.0,-1156.0,-1379,-146.0,-369.0,-610.0,-832.0,-1073.0,-1318.0
-211.0,-405.0,-647.0,-894.0,-1156.0,-1380,-146.0,-369.0,-610.0,-832.0,-1073.0,-1318.0
-211.0,-407.0,-649.0,-897.0,-1156.0,-1379,-146.0,-370.0,-609.0,-832.0,-1073.0,-1318.0
-210.0,-410.0,-650.0,-897.0,-1156.0,-1379,-146.0,-370.0,-609.0,-832.0,-1073.0,-1318.0
-210.0,-413.0,-651.0,-898.0,-1156.0,-1378,-146.0,-370.0,-609.0,-832.0,-1075.0,-1318.0
-209.0,-416.0,-651.0,-898.0,-1155.0,-1378,-146.0,-370.0,-609.0,-832.0,-1073.0,-1318.0
-209.0,-418.0,-651.0,-899.0,-1155.0,-1377,-146.0,-371.0,-609.0,-832.0,-1073.0,-1318.0
-209.0,-420.0,-652.0,-900.0,-1155.0,-1377,-146.0,-371.0,-608.0,-833.0,-1073.0,-1318.0
-208.0,-423.0,-652.0,-901.0,-1154.0,-1376,-146.0,-371.0,-608.0,-833.0,-1073.0,-1318.0
-208.0,-425.0,-652.0,-902.0,-1154.0,-1375,-146.0,-371.0,-607.0,-833.0,-1072.0,-1318.0
-208.0,-427.0,-652.0,-903.0,-1153.0,-1374,-146.0,-371.0,-607.0,-833.0,-1072.0,-1319.0
-208.0,-429.0,-652.0,-903.0,-1153.0,-1373,-146.0,-371.0,-606.0,-833.0,-1072.0,-1318.0
-208.0,-430.0,-652.0,-904.0,-1153.0,-1372,-146.0,-371.0,-603.0,-834.0,-1073.0,-1318.0
-208.0,-431.0,-652.0,-905.0,-1152.0,-1371,-146.0,-371.0,-599.0,-834.0,-1073.0,-1318.0
-208.0,-431.0,-652.0,-906.0,-1152.0,-1370,-146.0,-372.0,-596.0,-834.0,-1073.0,-1318.0
-208.0,-431.0,-652.0,-906.0,-1151.0,-1369,-146.0,-372.0,-593.0,-834.0,-1074.0,-1318.0
-208.0,-432.0,-652.0,-908.0,-1150.0,-1368,-146.0,-372.0,-589.0,-834.0,-1074.0,-1318.0
-209.0,-432.0,-652.0,-909.0,-1149.0,-1367,-146.0,-372.0,-584.0,-835.0,-1074.0,-1318.0
-210.0,-433.0,-652.0,-910.0,-1149.0,-1366,-146.0,-374.0,-580.0,-835.0,-1074.0,-1318.0
-210.0,-432.0,-651.0,-912.0,-1148.0,-1365,-146.0,-372.0,-583.0,-836.0,-1074.0,-1318.0
-211.0,-432.0,-651.0,-913.0,-1147.0,-1365,-146.0,-372.0,-586.0,-835.0,-1075.0,-1318.0
-211.0,-431.0,-650.0,-916.0,-1146.0,-1364,-145.0,-372.0,-591.0,-835.0,-1074.0,-1318.0
-212.0,-431.0,-650.0,-918.0,-1145.0,-1363,-141.0,-372.0,-595.0,-835.0,-1074.0,-1318.0
-212.0,-431.0,-649.0,-920.0,-1144.0,-1362,-138.0,-369.0,-603.0,-834.0,-1074.0,-1318.0
-214.0,-430.0,-648.0,-922.0,-1143.0,-1362,-137.0,-366.0,-613.0,-834.0,-1074.0,-1318.0
-212.0,-428.0,-648.0,-924.0,-1143.0,-1361,-133.0,-364.0,-624.0,-831.0,-1074.0,-1317.0
-212.0,-427.0,-647.0,-925.0,-1143.0,-1358,-130.0,-361.0,-634.0,-828.0,-1071.0,-1316.0
-212.0,-426.0,-647.0,-926.0,-1143.0,-1361,-126.0,-357.0,-643.0,-826.0,-1068.0,-1313.0
-211.0,-425.0,-645.0,-928.0,-1141.0,-1361,-129.0,-355.0,-654.0,-823.0,-1066.0,-1310.0
-211.0,-424.0,-647.0,-926.0,-1143.0,-1362,-132.0,-351.0,-671.0,-819.0,-1062.0,-1308.0
-210.0,-422.0,-647.0,-925.0,-1143.0,-1363,-137.0,-355.0,-680.0,-817.0,-1058.0,-1304.0
-210.0,-421.0,-648.0,-924.0,-1143.0,-1365,-139.0,-360.0,-689.0,-813.0,-1056.0,-1301.0
-209.0,-419.0,-648.0,-922.0,-1143.0,-1366,-142.0,-364.0,-700.0,-819.0,-1052.0,-1299.0
-208.0,-418.0,-648.0,-920.0,-1143.0,-1367,-148.0,-369.0,-736.0,-822.0,-1056.0,-1295.0
-207.0,-417.0,-649.0,-919.0,-1144.0,-1369,-153.0,-378.0,-754.0,-825.0,-1060.0,-1300.0
-206.0,-415.0,-650.0,-917.0,-1145.0,-1370,-157.0,-390.0,-761.0,-829.0,-1063.0,-1303.0
-206.0,-413.0,-651.0,-915.0,-1146.0,-1371,-162.0,-408.0,-772.0,-839.0,-1067.0,-1305.0
-205.0,-411.0,-652.0,-914.0,-1146.0,-1373,-167.0,-422.0,-792.0,-848.0,-1072.0,-1309.0
-204.0,-409.0,-652.0,-912.0,-1147.0,-1373,-173.0,-436.0,-802.0,-858.0,-1079.0,-1313.0
-203.0,-407.0,-653.0,-911.0,-1148.0,-1374,-179.0,-449.0,-811.0,-869.0,-1085.0,-1316.0
-202.0,-405.0,-653.0,-909.0,-1149.0,-1374,-187.0,-461.0,-820.0,-882.0,-1092.0,-1320.0
-202.0,-404.0,-654.0,-908.0,-1150.0,-1374,-195.0,-476.0,-829.0,-894.0,-1099.0,-1323.0
-200.0,-403.0,-654.0,-907.0,-1150.0,-1374,-201.0,-526.0,-838.0,-908.0,-1107.0,-1327.0
-199.0,-401.0,-654.0,-906.0,-1151.0,-1374,-208.0,-536.0,-844.0,-923.0,-1116.0,-1332.0
-198.0,-398.0,-655.0,-905.0,-1151.0,-1374,-214.0,-549.0,-851.0,-934.0,-1124.0,-1336.0
-196.0,-401.0,-655.0,-905.0,-1151.0,-1374,-219.0,-575.0,-857.0,-949.0,-1132.0,-1341.0
-195.0,-401.0,-655.0,-905.0,-1151.0,-1375,-223.0,-600.0,-868.0,-963.0,-1142.0,-1346.0
-192.0,-402.0,-655.0,-905.0,-1151.0,-1375,-226.0,-620.0,-860.0,-979.0,-1153.0,-1351.0
-190.0,-404.0,-655.0,-904.0,-1151.0,-1375,-230.0,-632.0,-850.0,-992.0,-1162.0,-1355.0
-188.0,-406.0,-655.0,-904.0,-1150.0,-1376,-233.0,-648.0,-841.0,-1007.0,-1171.0,-1361.0
-188.0,-409.0,-655.0,-904.0,-1150.0,-1376,-239.0,-656.0,-831.0,-1019.0,-1181.0,-1367.0
-186.0,-410.0,-655.0,-904.0,-1150.0,-1376,-244.0,-665.0,-811.0,-1035.0,-1189.0,-1373.0
-186.0,-413.0,-654.0,-903.0,-1150.0,-1377,-252.0,-675.0,-784.0,-1046.0,-1197.0,-1379.0
-182.0,-415.0,-654.0,-903.0,-1150.0,-1377,-259.0,-682.0,-766.0,-1057.0,-1206.0,-1386.0
-185.0,-417.0,-653.0,-903.0,-1148.0,-1377,-267.0,-690.0,-749.0,-1068.0,-1217.0,-1394.0
-186.0,-419.0,-653.0,-903.0,-1150.0,-1378,-274.0,-694.0,-729.0,-1078.0,-1226.0,-1400.0
-187.0,-420.0,-651.0,-903.0,-1150.0,-1378,-281.0,-700.0,-713.0,-1086.0,-1236.0,-1409.0
-189.0,-421.0,-653.0,-903.0,-1150.0,-1378,-285.0,-707.0,-693.0,-1093.0,-1248.0,-1421.0
-190.0,-422.0,-653.0,-903.0,-1150.0,-1378,-293.0,-715.0,-674.0,-1100.0,-1259.0,-1433.0
-192.0,-423.0,-653.0,-903.0,-1150.0,-1378,-282.0,-701.0,-663.0,-1105.0,-1268.0,-1440.0
-194.0,-423.0,-654.0,-903.0,-1151.0,-1378,-276.0,-683.0,-646.0,-1115.0,-1276.0,-1450.0
-196.0,-424.0,-654.0,-903.0,-1151.0,-1378,-269.0,-660.0,-631.0,-1102.0,-1290.0,-1460.0
-197.0,-424.0,-654.0,-903.0,-1151.0,-1378,-261.0,-647.0,-619.0,-1091.0,-1281.0,-1467.0
-199.0,-424.0,-654.0,-902.0,-1151.0,-1378,-249.0,-621.0,-608.0,-1079.0,-1275.0,-1473.0
-200.0,-425.0,-654.0,-902.0,-1152.0,-1378,-241.0,-585.0,-600.0,-1059.0,-1268.0,-1486.0
-200.0,-425.0,-655.0,-902.0,-1152.0,-1378,-233.0,-562.0,-592.0,-1042.0,-1260.0,-1476.0
-201.0,-426.0,-655.0,-902.0,-1152.0,-1378,-222.0,-531.0,-585.0,-1019.0,-1248.0,-1472.0
-201.0,-426.0,-655.0,-901.0,-1151.0,-1378,-213.0,-507.0,-580.0,-998.0,-1226.0,-1467.0
-202.0,-426.0,-655.0,-899.0,-1149.0,-1382,-205.0,-483.0,-576.0,-978.0,-1211.0,-1456.0
-202.0,-426.0,-655.0,-901.0,-1146.0,-1378,-195.0,-466.0,-572.0,-962.0,-1200.0,-1443.0
-203.0,-427.0,-655.0,-902.0,-1144.0,-1375,-186.0,-447.0,-570.0,-939.0,-1184.0,-1434.0
-203.0,-427.0,-655.0,-905.0,-1141.0,-1372,-180.0,-431.0,-568.0,-929.0,-1169.0,-1422.0
-204.0,-427.0,-655.0,-907.0,-1138.0,-1369,-172.0,-411.0,-566.0,-914.0,-1154.0,-1409.0
-204.0,-428.0,-655.0,-909.0,-1134.0,-1365,-165.0,-396.0,-565.0,-899.0,-1143.0,-1397.0
-204.0,-428.0,-655.0,-912.0,-1137.0,-1361,-160.0,-386.0,-564.0,-885.0,-1131.0,-1385.0
-204.0,-428.0,-655.0,-916.0,-1138.0,-1360,-155.0,-377.0,-564.0,-872.0,-1120.0,-1374.0
-204.0,-428.0,-655.0,-920.0,-1142.0,-1357,-152.0,-370.0,-563.0,-864.0,-1110.0,-1364.0
-204.0,-428.0,-655.0,-917.0,-1144.0,-1363,-149.0,-361.0,-562.0,-853.0,-1101.0,-1354.0
-204.0,-429.0,-655.0,-915.0,-1146.0,-1368,-147.0,-356.0,-561.0,-844.0,-1093.0,-1345.0
-205.0,-429.0,-655.0,-908.0,-1148.0,-1370,-145.0,-352.0,-560.0,-837.0,-1086.0,-1337.0
-205.0,-429.0,-655.0,-907.0,-1148.0,-1374,-144.0,-349.0,-559.0,-832.0,-1080.0,-1331.0
-205.0,-430.0,-655.0,-904.0,-1146.0,-1381,-144.0,-347.0,-559.0,-828.0,-1075.0,-1324.0
-205.0,-430.0,-655.0,-901.0,-1144.0,-1388,-143.0,-345.0,-558.0,-825.0,-1072.0,-1319.0
-206.0,-432.0,-655.0,-898.0,-1141.0,-1393,-142.0,-344.0,-558.0,-822.0,-1069.0,-1315.0
-206.0,-430.0,-655.0,-896.0,-1137.0,-1398,-141.0,-343.0,-557.0,-821.0,-1067.0,-1313.0
-206.0,-430.0,-656.0,-895.0,-1133.0,-1405,-141.0,-343.0,-556.0,-820.0,-1065.0,-1311.0
-206.0,-427.0,-656.0,-893.0,-1129.0,-1413,-141.0,-342.0,-555.0,-819.0,-1064.0,-1310.0
-207.0,-424.0,-657.0,-892.0,-1125.0,-1421,-140.0,-341.0,-554.0,-818.0,-1064.0,-1308.0
-207.0,-421.0,-658.0,-891.0,-1120.0,-1430,-140.0,-341.0,-553.0,-818.0,-1063.0,-1308.0
-207.0,-418.0,-659.0,-890.0,-1115.0,-1442,-140.0,-340.0,-551.0,-817.0,-1063.0,-1308.0
-208.0,-415.0,-662.0,-889.0,-1109.0,-1452,-140.0,-340.0,-550.0,-816.0,-1062.0,-1307.0
-208.0,-413.0,-665.0,-888.0,-1104.0,-1466,-140.0,-339.0,-549.0,-815.0,-1062.0,-1307.0
-208.0,-409.0,-670.0,-886.0,-1098.0,-1485,-140.0,-338.0,-547.0,-815.0,-1061.0,-1307.0
-208.0,-416.0,-675.0,-885.0,-1094.0,-1511,-139.0,-338.0,-545.0,-814.0,-1060.0,-1306.0
-205.0,-420.0,-683.0,-883.0,-1088.0,-1526,-139.0,-337.0,-544.0,-813.0,-1060.0,-1306.0
-203.0,-422.0,-690.0,-882.0,-1082.0,-1547,-138.0,-336.0,-542.0,-812.0,-1059.0,-1306.0
-200.0,-427.0,-700.0,-880.0,-1076.0,-1573,-138.0,-334.0,-540.0,-811.0,-1059.0,-1305.0
-197.0,-433.0,-713.0,-878.0,-1070.0,-1583,-137.0,-333.0,-538.0,-810.0,-1058.0,-1305.0
-190.0,-438.0,-726.0,-876.0,-1064.0,-1603,-136.0,-332.0,-536.0,-809.0,-1057.0,-1305.0
-194.0,-442.0,-739.0,-874.0,-1058.0,-1593,-136.0,-331.0,-534.0,-808.0,-1057.0,-1304.0
-195.0,-447.0,-753.0,-871.0,-1052.0,-1589,-135.0,-329.0,-531.0,-807.0,-1056.0,-1304.0
-197.0,-452.0,-767.0,-868.0,-1045.0,-1583,-135.0,-328.0,-529.0,-806.0,-1056.0,-1303.0
-200.0,-458.0,-787.0,-865.0,-1038.0,-1577,-134.0,-326.0,-526.0,-805.0,-1055.0,-1303.0
-202.0,-465.0,-804.0,-862.0,-1031.0,-1569,-134.0,-324.0,-523.0,-803.0,-1054.0,-1302.0
-205.0,-471.0,-837.0,-786.0,-1024.0,-1561,-133.0,-322.0,-520.0,-802.0,-1053.0,-1302.0
-207.0,-477.0,-899.0,-866.0,-1018.0,-1551,-133.0,-320.0,-517.0,-801.0,-1052.0,-1301.0
-207.0,-486.0,-846.0,-881.0,-1012.0,-1544,-132.0,-317.0,-514.0,-799.0,-1051.0,-1300.0
-206.0,-494.0,-841.0,-889.0,-1008.0,-1533,-132.0,-315.0,-511.0,-797.0,-1050.0,-1299.0
-205.0,-503.0,-837.0,-893.0,-1004.0,-1524,-131.0,-313.0,-508.0,-796.0,-1049.0,-1298.0
-204.0,-517.0,-836.0,-890.0,-998.0,-1516,-131.0,-310.0,-506.0,-794.0,-1047.0,-1297.0
-202.0,-531.0,-838.0,-886.0,-1007.0,-1508,-130.0,-307.0,-503.0,-792.0,-1046.0,-1296.0
-200.0,-543.0,-841.0,-877.0,-1012.0,-1498,-129.0,-304.0,-501.0,-789.0,-1044.0,-1295.0
-198.0,-566.0,-885.0,-860.0,-1018.0,-1489,-129.0,-301.0,-498.0,-786.0,-1042.0,-1293.0
-196.0,-580.0,-857.0,-857.0,-1028.0,-1482,-128.0,-298.0,-497.0,-783.0,-1041.0,-1292.0
-193.0,-591.0,-851.0,-851.0,-1039.0,-1474,-128.0,-294.0,-495.0,-781.0,-1038.0,-1290.0
-190.0,-600.0,-848.0,-823.0,-1049.0,-1465,-127.0,-291.0,-494.0,-777.0,-1035.0,-1287.0
-186.0,-617.0,-827.0,-867.0,-1061.0,-1458,-126.0,-288.0,-492.0,-774.0,-1033.0,-1286.0
-184.0,-606.0,-818.0,-871.0,-1075.0,-1450,-125.0,-284.0,-494.0,-772.0,-1030.0,-1284.0
-181.0,-602.0,-811.0,-875.0,-1094.0,-1442,-125.0,-282.0,-495.0,-769.0,-1028.0,-1282.0
-178.0,-597.0,-801.0,-877.0,-1104.0,-1433,-124.0,-278.0,-496.0,-767.0,-1025.0,-1280.0
-175.0,-590.0,-792.0,-880.0,-1115.0,-1425,-123.0,-275.0,-498.0,-764.0,-1023.0,-1278.0
-172.0,-583.0,-781.0,-883.0,-1129.0,-1417,-122.0,-272.0,-499.0,-762.0,-1021.0,-1276.0
-170.0,-575.0,-772.0,-884.0,-1138.0,-1411,-122.0,-270.0,-502.0,-759.0,-1018.0,-1275.0
-166.0,-566.0,-761.0,-886.0,-1147.0,-1403,-121.0,-267.0,-504.0,-756.0,-1016.0,-1273.0
-164.0,-558.0,-751.0,-887.0,-1152.0,-1398,-120.0,-265.0,-506.0,-753.0,-1014.0,-1271.0
-161.0,-550.0,-742.0,-889.0,-1157.0,-1393,-120.0,-263.0,-509.0,-750.0,-1011.0,-1269.0
-159.0,-542.0,-731.0,-890.0,-1160.0,-1388,-118.0,-261.0,-513.0,-747.0,-1009.0,-1267.0
-156.0,-531.0,-717.0,-891.0,-1163.0,-1384,-120.0,-258.0,-516.0,-745.0,-1006.0,-1265.0
-155.0,-523.0,-707.0,-892.0,-1165.0,-1380,-120.0,-260.0,-519.0,-744.0,-1005.0,-1264.0
-154.0,-516.0,-699.0,-893.0,-1165.0,-1377,-121.0,-261.0,-522.0,-741.0,-1004.0,-1262.0
-151.0,-508.0,-690.0,-894.0,-1166.0,-1374,-121.0,-262.0,-526.0,-743.0,-1003.0,-1261.0
-154.0,-498.0,-681.0,-895.0,-1166.0,-1372,-122.0,-263.0,-530.0,-744.0,-1000.0,-1260.0
-155.0,-492.0,-674.0,-895.0,-1167.0,-1371,-122.0,-265.0,-535.0,-745.0,-1002.0,-1258.0
-156.0,-485.0,-668.0,-896.0,-1167.0,-1370,-123.0,-267.0,-538.0,-746.0,-1003.0,-1258.0
-158.0,-479.0,-663.0,-896.0,-1167.0,-1369,-123.0,-269.0,-542.0,-748.0,-1004.0,-1255.0
-159.0,-472.0,-657.0,-897.0,-1167.0,-1368,-124.0,-272.0,-546.0,-750.0,-1005.0,-1257.0
-161.0,-466.0,-653.0,-898.0,-1167.0,-1367,-125.0,-275.0,-550.0,-752.0,-1006.0,-1258.0
-164.0,-460.0,-649.0,-899.0,-1167.0,-1366,-125.0,-278.0,-554.0,-755.0,-1007.0,-1258.0
-166.0,-454.0,-646.0,-899.0,-1167.0,-1366,-126.0,-282.0,-557.0,-757.0,-1009.0,-1259.0
-170.0,-449.0,-644.0,-900.0,-1167.0,-1365,-126.0,-287.0,-560.0,-761.0,-1011.0,-1260.0
-175.0,-444.0,-642.0,-901.0,-1167.0,-1364,-127.0,-291.0,-563.0,-764.0,-1013.0,-1261.0
-180.0,-440.0,-641.0,-902.0,-1167.0,-1363,-128.0,-295.0,-564.0,-767.0,-1015.0,-1262.0
-186.0,-437.0,-641.0,-903.0,-1167.0,-1363,-128.0,-300.0,-567.0,-771.0,-1018.0,-1264.0
-191.0,-434.0,-640.0,-903.0,-1167.0,-1362,-129.0,-305.0,-568.0,-775.0,-1021.0,-1265.0
-197.0,-433.0,-639.0,-904.0,-1167.0,-1361,-130.0,-309.0,-569.0,-779.0,-1025.0,-1267.0
-202.0,-431.0,-638.0,-904.0,-1167.0,-1361,-131.0,-314.0,-570.0,-783.0,-1028.0,-1269.0
-206.0,-430.0,-637.0,-905.0,-1168.0,-1360,-132.0,-318.0,-571.0,-788.0,-1031.0,-1272.0
-210.0,-429.0,-637.0,-906.0,-1168.0,-1359,-132.0,-322.0,-572.0,-792.0,-1034.0,-1274.0
-213.0,-428.0,-637.0,-907.0,-1168.0,-1358,-132.0,-327.0,-573.0,-796.0,-1039.0,-1276.0
-215.0,-427.0,-637.0,-907.0,-1168.0,-1357,-133.0,-331.0,-573.0,-800.0,-1042.0,-1278.0
-218.0,-426.0,-636.0,-908.0,-1168.0,-1356,-133.0,-335.0,-574.0,-803.0,-1045.0,-1280.0
-219.0,-424.0,-636.0,-908.0,-1169.0,-1355,-133.0,-337.0,-574.0,-806.0,-1047.0,-1282.0
-220.0,-423.0,-636.0,-909.0,-1169.0,-1354,-133.0,-340.0,-575.0,-809.0,-1050.0,-1285.0
-220.0,-422.0,-635.0,-910.0,-1169.0,-1352,-133.0,-343.0,-575.0,-812.0,-1052.0,-1287.0
-222.0,-422.0,-635.0,-911.0,-1169.0,-1351,-133.0,-345.0,-575.0,-814.0,-1054.0,-1289.0
-220.0,-421.0,-634.0,-913.0,-1170.0,-1350,-133.0,-347.0,-576.0,-816.0,-1055.0,-1291.0
-220.0,-420.0,-633.0,-914.0,-1170.0,-1349,-133.0,-348.0,-576.0,-818.0,-1057.0,-1293.0
-220.0,-419.0,-633.0,-915.0,-1170.0,-1347,-133.0,-349.0,-576.0,-819.0,-1058.0,-1294.0
-219.0,-417.0,-632.0,-917.0,-1170.0,-1345,-133.0,-351.0,-576.0,-820.0,-1059.0,-1296.0
-219.0,-416.0,-631.0,-918.0,-1171.0,-1343,-133.0,-351.0,-576.0,-821.0,-1061.0,-1298.0
-218.0,-415.0,-630.0,-919.0,-1171.0,-1342,-133.0,-352.0,-575.0,-822.0,-1062.0,-1299.0
-217.0,-414.0,-629.0,-920.0,-1172.0,-1340,-133.0,-352.0,-575.0,-823.0,-1062.0,-1300.0
-217.0,-413.0,-628.0,-922.0,-1173.0,-1339,-133.0,-353.0,-574.0,-824.0,-1063.0,-1301.0
-216.0,-411.0,-626.0,-923.0,-1174.0,-1337,-133.0,-353.0,-574.0,-825.0,-1063.0,-1302.0
-216.0,-410.0,-625.0,-925.0,-1175.0,-1335,-133.0,-354.0,-573.0,-825.0,-1064.0,-1303.0
-215.0,-409.0,-624.0,-927.0,-1176.0,-1333,-132.0,-354.0,-572.0,-826.0,-1064.0,-1303.0
-214.0,-408.0,-623.0,-928.0,-1176.0,-1331,-132.0,-354.0,-571.0,-826.0,-1064.0,-1304.0
-214.0,-407.0,-622.0,-930.0,-1177.0,-1329,-132.0,-354.0,-570.0,-827.0,-1065.0,-1304.0
-214.0,-406.0,-620.0,-932.0,-1177.0,-1327,-131.0,-354.0,-569.0,-827.0,-1065.0,-1304.0
-214.0,-405.0,-619.0,-934.0,-1177.0,-1325,-131.0,-354.0,-568.0,-827.0,-1065.0,-1304.0
-213.0,-403.0,-617.0,-936.0,-1178.0,-1323,-130.0,-353.0,-568.0,-827.0,-1065.0,-1305.0
-213.0,-401.0,-615.0,-937.0,-1179.0,-1321,-129.0,-353.0,-566.0,-827.0,-1065.0,-1305.0
-213.0,-400.0,-613.0,-938.0,-1178.0,-1319,-128.0,-352.0,-565.0,-827.0,-1065.0,-1305.0
-213.0,-398.0,-612.0,-939.0,-1178.0,-1317,-128.0,-351.0,-565.0,-826.0,-1065.0,-1305.0
-212.0,-396.0,-609.0,-940.0,-1177.0,-1316,-127.0,-350.0,-564.0,-826.0,-1065.0,-1305.0
-212.0,-394.0,-607.0,-941.0,-1177.0,-1314,-126.0,-349.0,-563.0,-825.0,-1064.0,-1305.0
-211.0,-392.0,-606.0,-942.0,-1176.0,-1313,-125.0,-348.0,-561.0,-824.0,-1064.0,-1305.0
-211.0,-390.0,-604.0,-943.0,-1176.0,-1312,-125.0,-347.0,-563.0,-823.0,-1063.0,-1305.0
-210.0,-387.0,-602.0,-943.0,-1175.0,-1311,-124.0,-346.0,-564.0,-823.0,-1062.0,-1305.0
-210.0,-385.0,-601.0,-944.0,-1174.0,-1310,-121.0,-345.0,-564.0,-822.0,-1061.0,-1304.0
-209.0,-382.0,-600.0,-944.0,-1173.0,-1309,-123.0,-344.0,-565.0,-821.0,-1060.0,-1304.0
-208.0,-380.0,-599.0,-946.0,-1172.0,-1309,-124.0,-343.0,-566.0,-820.0,-1060.0,-1303.0
-207.0,-378.0,-597.0,-944.0,-1170.0,-1307,-125.0,-342.0,-567.0,-819.0,-1059.0,-1303.0
-207.0,-376.0,-597.0,-944.0,-1168.0,-1309,-127.0,-341.0,-568.0,-817.0,-1059.0,-1302.0
-206.0,-373.0,-596.0,-944.0,-1167.0,-1309,-128.0,-341.0,-570.0,-816.0,-1058.0,-1302.0
-205.0,-371.0,-596.0,-943.0,-1165.0,-1309,-130.0,-340.0,-571.0,-815.0,-1058.0,-1301.0
-204.0,-369.0,-595.0,-943.0,-1164.0,-1310,-132.0,-340.0,-572.0,-814.0,-1057.0,-1301.0
-204.0,-367.0,-593.0,-943.0,-1162.0,-1312,-134.0,-339.0,-572.0,-813.0,-1056.0,-1300.0
-203.0,-366.0,-595.0,-942.0,-1160.0,-1314,-135.0,-337.0,-574.0,-813.0,-1055.0,-1299.0
-203.0,-364.0,-595.0,-942.0,-1158.0,-1316,-136.0,-339.0,-574.0,-812.0,-1054.0,-1298.0
-202.0,-363.0,-596.0,-941.0,-1156.0,-1318,-136.0,-340.0,-574.0,-809.0,-1053.0,-1297.0
-202.0,-361.0,-597.0,-940.0,-1154.0,-1321,-136.0,-340.0,-574.0,-812.0,-1053.0,-1296.0
-202.0,-361.0,-599.0,-939.0,-1152.0,-1325,-136.0,-342.0,-575.0,-813.0,-1050.0,-1295.0
-201.0,-360.0,-600.0,-937.0,-1151.0,-1328,-136.0,-344.0,-575.0,-813.0,-1053.0,-1294.0
-201.0,-359.0,-603.0,-936.0,-1149.0,-1330,-136.0,-346.0,-576.0,-815.0,-1054.0,-1293.0
-201.0,-358.0,-605.0,-935.0,-1148.0,-1333,-136.0,-348.0,-576.0,-816.0,-1054.0,-1291.0
-200.0,-357.0,-608.0,-934.0,-1147.0,-1337,-136.0,-350.0,-576.0,-817.0,-1056.0,-1293.0
-200.0,-355.0,-611.0,-933.0,-1146.0,-1340,-136.0,-352.0,-577.0,-819.0,-1057.0,-1294.0
-199.0,-357.0,-614.0,-931.0,-1145.0,-1344,-136.0,-354.0,-577.0,-821.0,-1058.0,-1294.0
-198.0,-357.0,-617.0,-929.0,-1145.0,-1347,-136.0,-355.0,-578.0,-822.0,-1060.0,-1295.0
-198.0,-358.0,-621.0,-928.0,-1144.0,-1351,-136.0,-356.0,-578.0,-824.0,-1062.0,-1297.0
-197.0,-359.0,-624.0,-926.0,-1142.0,-1354,-136.0,-357.0,-578.0,-825.0,-1063.0,-1299.0
-196.0,-361.0,-628.0,-925.0,-1144.0,-1356,-136.0,-358.0,-579.0,-827.0,-1065.0,-1301.0
-195.0,-362.0,-631.0,-924.0,-1144.0,-1359,-136.0,-358.0,-579.0,-828.0,-1067.0,-1302.0
-194.0,-364.0,-635.0,-922.0,-1145.0,-1361,-136.0,-359.0,-579.0,-829.0,-1068.0,-1304.0
-193.0,-367.0,-638.0,-921.0,-1145.0,-1362,-136.0,-359.0,-580.0,-830.0,-1069.0,-1305.0
-192.0,-370.0,-641.0,-920.0,-1145.0,-1364,-136.0,-360.0,-581.0,-830.0,-1070.0,-1306.0
-191.0,-372.0,-643.0,-919.0,-1145.0,-1365,-136.0,-360.0,-582.0,-830.0,-1071.0,-1307.0
-190.0,-376.0,-646.0,-918.0,-1145.0,-1366,-136.0,-361.0,-582.0,-831.0,-1071.0,-1308.0
-190.0,-379.0,-647.0,-917.0,-1145.0,-1368,-136.0,-362.0,-583.0,-831.0,-1071.0,-1308.0
-189.0,-382.0,-650.0,-917.0,-1145.0,-1369,-136.0,-362.0,-584.0,-832.0,-1071.0,-1309.0
-188.0,-385.0,-650.0,-916.0,-1145.0,-1370,-136.0,-363.0,-584.0,-832.0,-1072.0,-1309.0
-187.0,-388.0,-652.0,-915.0,-1145.0,-1370,-136.0,-363.0,-585.0,-832.0,-1072.0,-1309.0
-187.0,-391.0,-652.0,-915.0,-1145.0,-1371,-136.0,-364.0,-586.0,-833.0,-1073.0,-1310.0
-187.0,-394.0,-653.0,-914.0,-1145.0,-1371,-136.0,-365.0,-586.0,-833.0,-1074.0,-1310.0
-186.0,-397.0,-653.0,-913.0,-1145.0,-1371,-136.0,-365.0,-587.0,-833.0,-1074.0,-1310.0
-186.0,-400.0,-654.0,-913.0,-1145.0,-1372,-136.0,-366.0,-588.0,-834.0,-1074.0,-1310.0
-184.0,-403.0,-654.0,-913.0,-1146.0,-1372,-136.0,-366.0,-588.0,-834.0,-1075.0,-1311.0
-186.0,-405.0,-654.0,-913.0,-1146.0,-1374,-136.0,-366.0,-589.0,-834.0,-1075.0,-1311.0
-186.0,-407.0,-655.0,-912.0,-1147.0,-1372,-136.0,-367.0,-588.0,-834.0,-1075.0,-1311.0
-186.0,-409.0,-655.0,-912.0,-1147.0,-1372,-136.0,-367.0,-585.0,-835.0,-1075.0,-1311.0
-187.0,-410.0,-655.0,-912.0,-1147.0,-1371,-136.0,-368.0,-583.0,-835.0,-1075.0,-1311.0
-187.0,-411.0,-655.0,-913.0,-1147.0,-1371,-136.0,-368.0,-580.0,-835.0,-1076.0,-1311.0
-188.0,-412.0,-656.0,-913.0,-1147.0,-1370,-136.0,-368.0,-577.0,-835.0,-1076.0,-1311.0
-189.0,-413.0,-656.0,-914.0,-1147.0,-1370,-136.0,-369.0,-572.0,-836.0,-1077.0,-1311.0
-190.0,-415.0,-655.0,-915.0,-1146.0,-1369,-136.0,-369.0,-577.0,-836.0,-1077.0,-1311.0
-191.0,-416.0,-655.0,-915.0,-1146.0,-1369,-134.0,-369.0,-580.0,-836.0,-1077.0,-1312.0
-192.0,-416.0,-655.0,-916.0,-1146.0,-1368,-131.0,-369.0,-584.0,-837.0,-1078.0,-1312.0
-193.0,-417.0,-655.0,-917.0,-1145.0,-1368,-128.0,-372.0,-589.0,-836.0,-1078.0,-1312.0
-194.0,-417.0,-654.0,-917.0,-1145.0,-1367,-127.0,-367.0,-596.0,-836.0,-1078.0,-1312.0
-194.0,-418.0,-654.0,-918.0,-1145.0,-1367,-124.0,-365.0,-604.0,-836.0,-1080.0,-1312.0
-195.0,-418.0,-654.0,-919.0,-1144.0,-1366,-117.0,-363.0,-615.0,-836.0,-1078.0,-1313.0
-195.0,-418.0,-653.0,-920.0,-1144.0,-1366,-120.0,-360.0,-623.0,-834.0,-1078.0,-1313.0
-196.0,-418.0,-653.0,-921.0,-1144.0,-1365,-122.0,-357.0,-632.0,-832.0,-1078.0,-1314.0
-196.0,-418.0,-653.0,-922.0,-1144.0,-1365,-125.0,-356.0,-644.0,-831.0,-1077.0,-1313.0
-197.0,-417.0,-653.0,-923.0,-1143.0,-1364,-129.0,-352.0,-658.0,-829.0,-1074.0,-1313.0
-197.0,-417.0,-652.0,-924.0,-1143.0,-1363,-133.0,-357.0,-673.0,-826.0,-1072.0,-1313.0
-198.0,-417.0,-652.0,-925.0,-1143.0,-1363,-137.0,-361.0,-684.0,-823.0,-1069.0,-1310.0
-198.0,-416.0,-652.0,-926.0,-1143.0,-1362,-142.0,-365.0,-697.0,-819.0,-1066.0,-1308.0
-198.0,-416.0,-651.0,-928.0,-1141.0,-1362,-147.0,-370.0,-728.0,-823.0,-1063.0,-1306.0
-199.0,-415.0,-651.0,-926.0,-1143.0,-1359,-150.0,-378.0,-747.0,-827.0,-1059.0,-1305.0
-199.0,-414.0,-651.0,-926.0,-1143.0,-1362,-153.0,-387.0,-759.0,-832.0,-1062.0,-1300.0
-199.0,-414.0,-648.0,-925.0,-1143.0,-1363,-157.0,-398.0,-778.0,-837.0,-1066.0,-1294.0
-199.0,-413.0,-651.0,-924.0,-1143.0,-1363,-162.0,-413.0,-791.0,-843.0,-1069.0,-1297.0
-199.0,-412.0,-651.0,-922.0,-1143.0,-1364,-169.0,-425.0,-801.0,-851.0,-1072.0,-1298.0
-199.0,-411.0,-651.0,-920.0,-1144.0,-1365,-176.0,-436.0,-813.0,-860.0,-1077.0,-1302.0
-198.0,-409.0,-652.0,-918.0,-1145.0,-1367,-183.0,-451.0,-824.0,-868.0,-1083.0,-1304.0
-198.0,-408.0,-653.0,-916.0,-1146.0,-1368,-191.0,-462.0,-837.0,-880.0,-1088.0,-1307.0
-197.0,-407.0,-653.0,-914.0,-1147.0,-1370,-197.0,-524.0,-845.0,-889.0,-1095.0,-1311.0
-197.0,-406.0,-654.0,-912.0,-1147.0,-1371,-203.0,-535.0,-852.0,-897.0,-1101.0,-1316.0
-196.0,-405.0,-654.0,-910.0,-1147.0,-1372,-208.0,-556.0,-859.0,-909.0,-1107.0,-1319.0
-196.0,-404.0,-655.0,-909.0,-1148.0,-1374,-212.0,-581.0,-866.0,-931.0,-1115.0,-1322.0
-195.0,-403.0,-655.0,-907.0,-1148.0,-1375,-215.0,-604.0,-871.0,-941.0,-1122.0,-1326.0
-194.0,-400.0,-656.0,-907.0,-1148.0,-1375,-218.0,-617.0,-877.0,-952.0,-1129.0,-1330.0
-193.0,-403.0,-656.0,-906.0,-1149.0,-1376,-220.0,-629.0,-888.0,-970.0,-1143.0,-1334.0
-192.0,-403.0,-656.0,-905.0,-1149.0,-1376,-224.0,-642.0,-879.0,-989.0,-1152.0,-1338.0
-191.0,-404.0,-657.0,-905.0,-1150.0,-1377,-228.0,-654.0,-874.0,-1003.0,-1162.0,-1343.0
-190.0,-407.0,-657.0,-905.0,-1150.0,-1377,-234.0,-661.0,-859.0,-1019.0,-1173.0,-1348.0
-189.0,-409.0,-657.0,-904.0,-1150.0,-1378,-242.0,-668.0,-844.0,-1031.0,-1183.0,-1353.0
-188.0,-412.0,-657.0,-904.0,-1151.0,-1378,-248.0,-673.0,-828.0,-1043.0,-1191.0,-1359.0
-187.0,-414.0,-658.0,-904.0,-1151.0,-1378,-254.0,-681.0,-806.0,-1054.0,-1199.0,-1366.0
-185.0,-416.0,-657.0,-904.0,-1151.0,-1378,-261.0,-687.0,-779.0,-1064.0,-1209.0,-1374.0
-187.0,-419.0,-657.0,-904.0,-1151.0,-1378,-265.0,-693.0,-763.0,-1073.0,-1218.0,-1381.0
-188.0,-421.0,-657.0,-904.0,-1152.0,-1378,-272.0,-700.0,-734.0,-1082.0,-1228.0,-1388.0
-189.0,-423.0,-657.0,-904.0,-1152.0,-1378,-264.0,-714.0,-711.0,-1091.0,-1238.0,-1395.0
-190.0,-424.0,-657.0,-904.0,-1152.0,-1378,-259.0,-703.0,-697.0,-1097.0,-1247.0,-1404.0
-192.0,-425.0,-656.0,-903.0,-1153.0,-1378,-254.0,-697.0,-685.0,-1102.0,-1258.0,-1413.0
-194.0,-427.0,-656.0,-903.0,-1153.0,-1378,-245.0,-681.0,-668.0,-1108.0,-1266.0,-1424.0
-196.0,-427.0,-656.0,-903.0,-1153.0,-1378,-237.0,-665.0,-652.0,-1118.0,-1274.0,-1433.0
-198.0,-428.0,-656.0,-902.0,-1153.0,-1378,-229.0,-641.0,-641.0,-1111.0,-1283.0,-1443.0
-200.0,-428.0,-656.0,-902.0,-1153.0,-1378,-219.0,-619.0,-633.0,-1102.0,-1289.0,-1453.0
-202.0,-428.0,-655.0,-901.0,-1153.0,-1378,-209.0,-587.0,-625.0,-1089.0,-1299.0,-1461.0
-203.0,-428.0,-655.0,-901.0,-1154.0,-1378,-200.0,-554.0,-619.0,-1078.0,-1288.0,-1469.0
-204.0,-429.0,-655.0,-901.0,-1154.0,-1378,-191.0,-525.0,-614.0,-1054.0,-1280.0,-1475.0
-204.0,-429.0,-655.0,-900.0,-1154.0,-1378,-182.0,-497.0,-610.0,-1029.0,-1269.0,-1480.0
-204.0,-429.0,-655.0,-900.0,-1156.0,-1378,-175.0,-466.0,-607.0,-1003.0,-1251.0,-1490.0
-205.0,-430.0,-655.0,-899.0,-1154.0,-1379,-168.0,-441.0,-604.0,-974.0,-1234.0,-1479.0
-206.0,-430.0,-655.0,-898.0,-1154.0,-1379,-161.0,-426.0,-603.0,-960.0,-1218.0,-1471.0
-206.0,-430.0,-655.0,-898.0,-1154.0,-1379,-155.0,-407.0,-602.0,-940.0,-1197.0,-1461.0
-206.0,-431.0,-655.0,-898.0,-1154.0,-1379,-151.0,-395.0,-601.0,-923.0,-1176.0,-1449.0
-207.0,-431.0,-655.0,-895.0,-1151.0,-1380,-147.0,-384.0,-600.0,-905.0,-1158.0,-1440.0
-207.0,-431.0,-655.0,-898.0,-1148.0,-1382,-144.0,-376.0,-600.0,-892.0,-1146.0,-1429.0
-208.0,-432.0,-655.0,-901.0,-1145.0,-1380,-143.0,-369.0,-599.0,-881.0,-1135.0,-1412.0
-208.0,-432.0,-655.0,-904.0,-1142.0,-1378,-142.0,-364.0,-599.0,-867.0,-1126.0,-1399.0
-209.0,-432.0,-653.0,-905.0,-1140.0,-1375,-142.0,-359.0,-599.0,-857.0,-1114.0,-1389.0
-209.0,-432.0,-655.0,-908.0,-1139.0,-1373,-142.0,-355.0,-598.0,-849.0,-1102.0,-1375.0
-210.0,-433.0,-655.0,-911.0,-1136.0,-1370,-142.0,-352.0,-598.0,-841.0,-1093.0,-1362.0
-210.0,-433.0,-655.0,-915.0,-1139.0,-1366,-141.0,-350.0,-598.0,-834.0,-1085.0,-1353.0
-210.0,-433.0,-655.0,-913.0,-1140.0,-1364,-141.0,-350.0,-597.0,-829.0,-1078.0,-1344.0
-211.0,-433.0,-655.0,-912.0,-1145.0,-1359,-141.0,-349.0,-597.0,-825.0,-1073.0,-1335.0
-211.0,-434.0,-655.0,-909.0,-1147.0,-1362,-141.0,-348.0,-596.0,-821.0,-1068.0,-1327.0
-211.0,-435.0,-655.0,-905.0,-1148.0,-1364,-141.0,-348.0,-596.0,-819.0,-1065.0,-1321.0
-211.0,-434.0,-655.0,-903.0,-1151.0,-1369,-140.0,-347.0,-595.0,-819.0,-1062.0,-1317.0
-211.0,-434.0,-655.0,-900.0,-1151.0,-1371,-140.0,-346.0,-594.0,-818.0,-1060.0,-1313.0
-212.0,-433.0,-655.0,-897.0,-1148.0,-1374,-140.0,-345.0,-593.0,-817.0,-1060.0,-1310.0
-212.0,-431.0,-655.0,-894.0,-1146.0,-1378,-140.0,-345.0,-592.0,-816.0,-1059.0,-1308.0
-212.0,-428.0,-655.0,-892.0,-1143.0,-1385,-140.0,-344.0,-591.0,-816.0,-1058.0,-1307.0
-213.0,-426.0,-655.0,-891.0,-1140.0,-1389,-140.0,-343.0,-590.0,-816.0,-1058.0,-1306.0
-213.0,-424.0,-656.0,-890.0,-1137.0,-1393,-140.0,-342.0,-589.0,-815.0,-1057.0,-1305.0
-216.0,-421.0,-657.0,-889.0,-1133.0,-1397,-140.0,-341.0,-587.0,-814.0,-1056.0,-1304.0
-214.0,-417.0,-659.0,-888.0,-1128.0,-1402,-140.0,-340.0,-586.0,-813.0,-1056.0,-1304.0
-212.0,-420.0,-661.0,-887.0,-1123.0,-1410,-140.0,-339.0,-584.0,-812.0,-1055.0,-1304.0
-210.0,-421.0,-664.0,-886.0,-1117.0,-1421,-140.0,-338.0,-583.0,-811.0,-1055.0,-1303.0
-208.0,-424.0,-669.0,-884.0,-1111.0,-1432,-140.0,-337.0,-581.0,-810.0,-1054.0,-1303.0
-205.0,-428.0,-673.0,-882.0,-1105.0,-1442,-140.0,-336.0,-580.0,-809.0,-1054.0,-1303.0
-203.0,-429.0,-679.0,-880.0,-1100.0,-1461,-140.0,-334.0,-578.0,-807.0,-1053.0,-1302.0
-201.0,-434.0,-696.0,-878.0,-1095.0,-1487,-140.0,-333.0,-575.0,-806.0,-1052.0,-1302.0
-198.0,-439.0,-704.0,-875.0,-1089.0,-1509,-140.0,-331.0,-573.0,-805.0,-1051.0,-1302.0
-201.0,-443.0,-716.0,-873.0,-1082.0,-1524,-142.0,-329.0,-571.0,-804.0,-1050.0,-1301.0
-204.0,-447.0,-726.0,-870.0,-1074.0,-1548,-140.0,-327.0,-569.0,-803.0,-1049.0,-1300.0
-206.0,-451.0,-737.0,-867.0,-1068.0,-1571,-140.0,-325.0,-567.0,-802.0,-1048.0,-1300.0
-208.0,-456.0,-750.0,-864.0,-1059.0,-1578,-140.0,-323.0,-565.0,-800.0,-1047.0,-1299.0
-211.0,-461.0,-767.0,-860.0,-1052.0,-1587,-140.0,-321.0,-563.0,-798.0,-1046.0,-1299.0
-213.0,-467.0,-792.0,-855.0,-1045.0,-1602,-140.0,-319.0,-561.0,-797.0,-1045.0,-1298.0
-217.0,-474.0,-821.0,-769.0,-1038.0,-1592,-140.0,-317.0,-559.0,-795.0,-1044.0,-1297.0
-214.0,-481.0,-836.0,-836.0,-1031.0,-1588,-140.0,-314.0,-557.0,-793.0,-1042.0,-1296.0
-213.0,-488.0,-892.0,-860.0,-1025.0,-1582,-140.0,-313.0,-555.0,-790.0,-1041.0,-1295.0
-212.0,-498.0,-840.0,-874.0,-1021.0,-1576,-140.0,-310.0,-554.0,-788.0,-1040.0,-1294.0
-210.0,-510.0,-833.0,-883.0,-1016.0,-1569,-140.0,-308.0,-552.0,-786.0,-1038.0,-1292.0
-208.0,-519.0,-830.0,-889.0,-1013.0,-1560,-140.0,-305.0,-551.0,-783.0,-1037.0,-1291.0
-205.0,-531.0,-828.0,-887.0,-1007.0,-1552,-140.0,-302.0,-550.0,-781.0,-1035.0,-1290.0
-203.0,-549.0,-828.0,-884.0,-1013.0,-1543,-140.0,-300.0,-549.0,-778.0,-1034.0,-1289.0
-201.0,-563.0,-829.0,-875.0,-1016.0,-1534,-141.0,-297.0,-546.0,-776.0,-1032.0,-1287.0
-198.0,-580.0,-831.0,-868.0,-1021.0,-1524,-142.0,-294.0,-549.0,-773.0,-1030.0,-1286.0
-196.0,-592.0,-838.0,-863.0,-1026.0,-1516,-141.0,-292.0,-550.0,-770.0,-1028.0,-1285.0
-193.0,-603.0,-866.0,-849.0,-1034.0,-1506,-141.0,-289.0,-551.0,-768.0,-1027.0,-1284.0
-190.0,-612.0,-843.0,-843.0,-1044.0,-1497,-140.0,-286.0,-553.0,-765.0,-1024.0,-1282.0
-187.0,-622.0,-840.0,-840.0,-1053.0,-1488,-141.0,-284.0,-554.0,-763.0,-1022.0,-1281.0
-185.0,-613.0,-836.0,-803.0,-1065.0,-1479,-141.0,-281.0,-556.0,-761.0,-1020.0,-1279.0
-182.0,-609.0,-814.0,-863.0,-1079.0,-1470,-142.0,-279.0,-559.0,-758.0,-1019.0,-1278.0
-178.0,-604.0,-805.0,-869.0,-1095.0,-1461,-142.0,-278.0,-561.0,-756.0,-1017.0,-1276.0
-176.0,-597.0,-795.0,-873.0,-1106.0,-1450,-143.0,-277.0,-563.0,-754.0,-1014.0,-1275.0
-173.0,-588.0,-783.0,-876.0,-1119.0,-1441,-144.0,-274.0,-566.0,-752.0,-1013.0,-1273.0
-170.0,-580.0,-771.0,-879.0,-1133.0,-1431,-145.0,-277.0,-569.0,-751.0,-1011.0,-1271.0
-169.0,-572.0,-762.0,-881.0,-1143.0,-1423,-145.0,-278.0,-572.0,-749.0,-1010.0,-1270.0
-168.0,-563.0,-749.0,-882.0,-1151.0,-1415,-146.0,-279.0,-575.0,-748.0,-1008.0,-1268.0
-165.0,-552.0,-735.0,-884.0,-1156.0,-1408,-147.0,-280.0,-578.0,-746.0,-1008.0,-1267.0
-167.0,-543.0,-724.0,-885.0,-1160.0,-1402,-148.0,-281.0,-582.0,-748.0,-1007.0,-1265.0
-168.0,-535.0,-714.0,-886.0,-1163.0,-1396,-149.0,-284.0,-585.0,-749.0,-1004.0,-1264.0
-168.0,-524.0,-702.0,-887.0,-1166.0,-1391,-150.0,-286.0,-589.0,-750.0,-1006.0,-1263.0
-169.0,-515.0,-693.0,-888.0,-1168.0,-1386,-150.0,-288.0,-592.0,-752.0,-1007.0,-1262.0
-169.0,-507.0,-684.0,-889.0,-1169.0,-1382,-151.0,-291.0,-595.0,-754.0,-1008.0,-1262.0
-170.0,-499.0,-677.0,-889.0,-1169.0,-1379,-152.0,-295.0,-598.0,-756.0,-1009.0,-1261.0
-171.0,-491.0,-669.0,-889.0,-1169.0,-1377,-153.0,-298.0,-601.0,-759.0,-1010.0,-1259.0
-172.0,-483.0,-663.0,-890.0,-1170.0,-1375,-154.0,-301.0,-604.0,-762.0,-1012.0,-1261.0
-173.0,-476.0,-657.0,-890.0,-1170.0,-1373,-154.0,-304.0,-606.0,-765.0,-1013.0,-1262.0
-175.0,-470.0,-653.0,-890.0,-1170.0,-1372,-154.0,-308.0,-609.0,-768.0,-1016.0,-1262.0
-178.0,-463.0,-649.0,-890.0,-1170.0,-1371,-155.0,-311.0,-610.0,-772.0,-1018.0,-1263.0
-183.0,-458.0,-647.0,-890.0,-1170.0,-1371,-155.0,-316.0,-612.0,-775.0,-1020.0,-1263.0
-187.0,-453.0,-644.0,-890.0,-1170.0,-1371,-155.0,-320.0,-613.0,-778.0,-1023.0,-1265.0
-193.0,-448.0,-643.0,-891.0,-1170.0,-1371,-156.0,-324.0,-614.0,-781.0,-1025.0,-1266.0
-198.0,-444.0,-642.0,-891.0,-1170.0,-1370,-156.0,-328.0,-615.0,-785.0,-1028.0,-1267.0
-204.0,-441.0,-642.0,-892.0,-1170.0,-1370,-156.0,-332.0,-616.0,-789.0,-1030.0,-1269.0
-209.0,-438.0,-641.0,-892.0,-1170.0,-1369,-156.0,-336.0,-616.0,-793.0,-1033.0,-1271.0
-214.0,-436.0,-641.0,-893.0,-1170.0,-1369,-157.0,-340.0,-616.0,-796.0,-1037.0,-1274.0
-218.0,-435.0,-640.0,-894.0,-1171.0,-1368,-156.0,-344.0,-617.0,-800.0,-1040.0,-1276.0
-221.0,-435.0,-640.0,-894.0,-1171.0,-1368,-156.0,-347.0,-617.0,-804.0,-1043.0,-1279.0
-223.0,-434.0,-639.0,-895.0,-1171.0,-1367,-156.0,-350.0,-617.0,-808.0,-1046.0,-1281.0
-225.0,-434.0,-639.0,-896.0,-1172.0,-1366,-156.0,-353.0,-619.0,-811.0,-1049.0,-1283.0
-227.0,-433.0,-639.0,-896.0,-1172.0,-1365,-156.0,-355.0,-618.0,-814.0,-1052.0,-1286.0
-227.0,-433.0,-638.0,-897.0,-1173.0,-1364,-155.0,-357.0,-617.0,-817.0,-1054.0,-1288.0
-227.0,-433.0,-638.0,-898.0,-1173.0,-1363,-155.0,-358.0,-617.0,-820.0,-1057.0,-1290.0
-228.0,-432.0,-637.0,-899.0,-1173.0,-1362,-155.0,-359.0,-616.0,-822.0,-1059.0,-1292.0
-228.0,-432.0,-637.0,-900.0,-1173.0,-1361,-155.0,-361.0,-616.0,-824.0,-1061.0,-1294.0
-228.0,-431.0,-636.0,-901.0,-1173.0,-1360,-155.0,-362.0,-615.0,-826.0,-1063.0,-1297.0
-228.0,-431.0,-635.0,-902.0,-1173.0,-1359,-155.0,-363.0,-614.0,-827.0,-1066.0,-1299.0
-229.0,-430.0,-635.0,-903.0,-1173.0,-1358,-154.0,-363.0,-614.0,-828.0,-1067.0,-1301.0
-228.0,-429.0,-634.0,-904.0,-1173.0,-1357,-154.0,-364.0,-613.0,-829.0,-1069.0,-1303.0
-228.0,-428.0,-633.0,-905.0,-1173.0,-1356,-154.0,-364.0,-612.0,-830.0,-1070.0,-1305.0
-228.0,-427.0,-632.0,-905.0,-1174.0,-1355,-154.0,-364.0,-611.0,-831.0,-1071.0,-1306.0
-228.0,-426.0,-631.0,-906.0,-1175.0,-1354,-153.0,-365.0,-610.0,-831.0,-1072.0,-1307.0
-227.0,-425.0,-630.0,-907.0,-1176.0,-1353,-153.0,-365.0,-609.0,-831.0,-1072.0,-1308.0
-227.0,-424.0,-630.0,-908.0,-1176.0,-1352,-151.0,-364.0,-608.0,-832.0,-1073.0,-1309.0
-227.0,-423.0,-629.0,-909.0,-1177.0,-1350,-150.0,-364.0,-606.0,-833.0,-1073.0,-1310.0
-227.0,-422.0,-628.0,-910.0,-1178.0,-1349,-149.0,-364.0,-605.0,-832.0,-1073.0,-1311.0
-226.0,-421.0,-627.0,-912.0,-1179.0,-1347,-148.0,-363.0,-603.0,-832.0,-1074.0,-1311.0
-226.0,-420.0,-626.0,-913.0,-1180.0,-1345,-147.0,-362.0,-602.0,-831.0,-1075.0,-1312.0
-225.0,-419.0,-624.0,-914.0,-1181.0,-1343,-145.0,-361.0,-601.0,-831.0,-1074.0,-1312.0
-225.0,-417.0,-624.0,-916.0,-1182.0,-1341,-144.0,-359.0,-600.0,-830.0,-1073.0,-1312.0
-224.0,-416.0,-622.0,-918.0,-1182.0,-1339,-143.0,-358.0,-598.0,-830.0,-1073.0,-1313.0
-224.0,-414.0,-621.0,-919.0,-1183.0,-1337,-142.0,-357.0,-597.0,-829.0,-1073.0,-1312.0
-223.0,-413.0,-619.0,-920.0,-1183.0,-1335,-141.0,-356.0,-596.0,-829.0,-1072.0,-1312.0
-223.0,-411.0,-617.0,-922.0,-1184.0,-1333,-141.0,-355.0,-593.0,-828.0,-1072.0,-1312.0
-222.0,-409.0,-615.0,-923.0,-1184.0,-1331,-140.0,-354.0,-595.0,-827.0,-1071.0,-1311.0
-222.0,-407.0,-613.0,-924.0,-1184.0,-1329,-140.0,-352.0,-596.0,-826.0,-1070.0,-1311.0
-221.0,-405.0,-612.0,-925.0,-1185.0,-1327,-141.0,-351.0,-596.0,-825.0,-1069.0,-1311.0
-221.0,-404.0,-610.0,-927.0,-1184.0,-1325,-141.0,-350.0,-597.0,-824.0,-1069.0,-1310.0
-221.0,-401.0,-608.0,-928.0,-1184.0,-1323,-142.0,-349.0,-598.0,-823.0,-1068.0,-1310.0
-220.0,-399.0,-606.0,-928.0,-1184.0,-1321,-144.0,-348.0,-599.0,-822.0,-1067.0,-1310.0
-220.0,-397.0,-605.0,-928.0,-1183.0,-1320,-145.0,-346.0,-600.0,-821.0,-1067.0,-1309.0
-219.0,-395.0,-603.0,-929.0,-1183.0,-1318,-146.0,-345.0,-601.0,-820.0,-1066.0,-1309.0
-219.0,-393.0,-601.0,-929.0,-1182.0,-1316,-148.0,-344.0,-603.0,-819.0,-1065.0,-1308.0
-219.0,-391.0,-600.0,-929.0,-1180.0,-1316,-149.0,-340.0,-604.0,-817.0,-1064.0,-1308.0
-218.0,-389.0,-598.0,-931.0,-1179.0,-1314,-149.0,-343.0,-605.0,-816.0,-1063.0,-1307.0
-218.0,-387.0,-597.0,-929.0,-1178.0,-1312,-151.0,-344.0,-606.0,-814.0,-1061.0,-1307.0
-217.0,-385.0,-596.0,-929.0,-1176.0,-1314,-149.0,-344.0,-606.0,-813.0,-1060.0,-1306.0
-217.0,-383.0,-595.0,-929.0,-1174.0,-1315,-149.0,-346.0,-607.0,-813.0,-1059.0,-1305.0
-217.0,-381.0,-592.0,-928.0,-1173.0,-1315,-148.0,-347.0,-607.0,-812.0,-1057.0,-1303.0
-216.0,-379.0,-594.0,-928.0,-1171.0,-1317,-148.0,-349.0,-607.0,-810.0,-1057.0,-1302.0
-216.0,-377.0,-595.0,-927.0,-1169.0,-1319,-147.0,-351.0,-608.0,-812.0,-1056.0,-1301.0
-216.0,-376.0,-596.0,-926.0,-1167.0,-1321,-146.0,-353.0,-608.0,-813.0,-1053.0,-1300.0
-215.0,-374.0,-598.0,-925.0,-1166.0,-1324,-146.0,-355.0,-608.0,-813.0,-1055.0,-1299.0
-215.0,-373.0,-600.0,-924.0,-1164.0,-1327,-145.0,-356.0,-608.0,-815.0,-1056.0,-1298.0
-214.0,-372.0,-602.0,-923.0,-1162.0,-1329,-145.0,-357.0,-609.0,-816.0,-1057.0,-1297.0
-214.0,-370.0,-604.0,-922.0,-1161.0,-1332,-145.0,-358.0,-609.0,-818.0,-1058.0,-1294.0
-213.0,-372.0,-606.0,-920.0,-1159.0,-1334,-145.0,-360.0,-609.0,-820.0,-1059.0,-1297.0
-212.0,-372.0,-610.0,-919.0,-1158.0,-1337,-147.0,-360.0,-609.0,-822.0,-1061.0,-1298.0
-212.0,-373.0,-613.0,-917.0,-1156.0,-1340,-146.0,-361.0,-609.0,-823.0,-1063.0,-1299.0
-211.0,-374.0,-617.0,-916.0,-1155.0,-1343,-145.0,-362.0,-610.0,-824.0,-1064.0,-1301.0
-210.0,-375.0,-621.0,-915.0,-1155.0,-1346,-145.0,-362.0,-609.0,-826.0,-1065.0,-1302.0
-210.0,-378.0,-624.0,-914.0,-1154.0,-1349,-145.0,-363.0,-609.0,-827.0,-1066.0,-1303.0
-209.0,-380.0,-627.0,-912.0,-1153.0,-1352,-145.0,-364.0,-609.0,-827.0,-1067.0,-1305.0
-208.0,-383.0,-630.0,-911.0,-1152.0,-1355,-145.0,-364.0,-609.0,-828.0,-1068.0,-1306.0
-207.0,-385.0,-632.0,-910.0,-1152.0,-1358,-145.0,-365.0,-609.0,-828.0,-1069.0,-1308.0
-207.0,-389.0,-635.0,-908.0,-1152.0,-1361,-144.0,-366.0,-609.0,-828.0,-1070.0,-1309.0
-206.0,-390.0,-638.0,-907.0,-1152.0,-1363,-144.0,-366.0,-608.0,-829.0,-1071.0,-1310.0
-205.0,-393.0,-642.0,-906.0,-1153.0,-1366,-144.0,-367.0,-608.0,-829.0,-1071.0,-1311.0
-204.0,-395.0,-644.0,-905.0,-1154.0,-1368,-143.0,-367.0,-608.0,-829.0,-1071.0,-1312.0
-204.0,-398.0,-646.0,-904.0,-1154.0,-1370,-143.0,-368.0,-608.0,-830.0,-1072.0,-1312.0
-203.0,-401.0,-648.0,-903.0,-1154.0,-1371,-143.0,-368.0,-608.0,-830.0,-1072.0,-1313.0
-203.0,-404.0,-650.0,-902.0,-1156.0,-1372,-143.0,-369.0,-608.0,-830.0,-1073.0,-1313.0
-203.0,-406.0,-651.0,-901.0,-1154.0,-1373,-143.0,-369.0,-607.0,-831.0,-1073.0,-1314.0
-203.0,-409.0,-652.0,-901.0,-1154.0,-1375,-143.0,-369.0,-607.0,-832.0,-1074.0,-1314.0
-201.0,-412.0,-653.0,-901.0,-1154.0,-1375,-143.0,-370.0,-606.0,-832.0,-1074.0,-1315.0
-203.0,-414.0,-653.0,-900.0,-1154.0,-1376,-142.0,-370.0,-603.0,-832.0,-1074.0,-1315.0
-203.0,-417.0,-653.0,-900.0,-1153.0,-1376,-142.0,-370.0,-601.0,-832.0,-1075.0,-1315.0
-203.0,-420.0,-654.0,-900.0,-1153.0,-1377,-142.0,-371.0,-599.0,-833.0,-1075.0,-1316.0
-203.0,-422.0,-654.0,-900.0,-1153.0,-1378,-141.0,-371.0,-595.0,-833.0,-1075.0,-1316.0
-203.0,-424.0,-654.0,-899.0,-1153.0,-1378,-141.0,-371.0,-591.0,-833.0,-1076.0,-1316.0
-204.0,-426.0,-655.0,-897.0,-1153.0,-1379,-137.0,-372.0,-587.0,-833.0,-1076.0,-1317.0
-204.0,-428.0,-655.0,-899.0,-1154.0,-1379,-135.0,-372.0,-591.0,-833.0,-1076.0,-1317.0
-205.0,-429.0,-655.0,-900.0,-1154.0,-1381,-132.0,-375.0,-596.0,-833.0,-1076.0,-1317.0
-206.0,-430.0,-656.0,-901.0,-1154.0,-1379,-130.0,-372.0,-599.0,-834.0,-1076.0,-1317.0
-207.0,-431.0,-656.0,-901.0,-1154.0,-1379,-120.0,-369.0,-602.0,-834.0,-1076.0,-1318.0
-208.0,-432.0,-656.0,-902.0,-1155.0,-1378,-128.0,-367.0,-609.0,-835.0,-1076.0,-1318.0
-209.0,-432.0,-656.0,-903.0,-1155.0,-1378,-120.0,-365.0,-617.0,-835.0,-1076.0,-1318.0
-210.0,-433.0,-655.0,-903.0,-1157.0,-1377,-127.0,-362.0,-623.0,-838.0,-1076.0,-1318.0
-211.0,-433.0,-655.0,-904.0,-1155.0,-1376,-130.0,-359.0,-628.0,-836.0,-1077.0,-1318.0
-212.0,-433.0,-655.0,-904.0,-1155.0,-1375,-133.0,-356.0,-635.0,-833.0,-1079.0,-1318.0
-212.0,-434.0,-655.0,-905.0,-1155.0,-1374,-136.0,-361.0,-641.0,-831.0,-1077.0,-1318.0
-212.0,-436.0,-654.0,-905.0,-1154.0,-1373,-140.0,-364.0,-656.0,-830.0,-1077.0,-1319.0
-213.0,-434.0,-653.0,-906.0,-1154.0,-1372,-145.0,-367.0,-667.0,-829.0,-1074.0,-1320.0
-213.0,-434.0,-653.0,-908.0,-1153.0,-1372,-149.0,-371.0,-680.0,-823.0,-1071.0,-1319.0
-213.0,-433.0,-652.0,-909.0,-1152.0,-1371,-152.0,-377.0,-720.0,-817.0,-1069.0,-1318.0
-213.0,-432.0,-651.0,-911.0,-1151.0,-1370,-155.0,-383.0,-726.0,-821.0,-1067.0,-1318.0
-214.0,-431.0,-650.0,-913.0,-1150.0,-1369,-159.0,-389.0,-738.0,-823.0,-1062.0,-1315.0
-213.0,-430.0,-650.0,-916.0,-1149.0,-1368,-164.0,-395.0,-750.0,-826.0,-1056.0,-1312.0
-213.0,-429.0,-649.0,-917.0,-1148.0,-1366,-169.0,-403.0,-761.0,-830.0,-1059.0,-1311.0
-213.0,-428.0,-649.0,-919.0,-1146.0,-1365,-175.0,-414.0,-771.0,-835.0,-1062.0,-1309.0
-213.0,-427.0,-648.0,-920.0,-1146.0,-1365,-181.0,-426.0,-785.0,-842.0,-1064.0,-1306.0
-213.0,-425.0,-648.0,-921.0,-1145.0,-1363,-188.0,-438.0,-796.0,-849.0,-1067.0,-1300.0
-212.0,-424.0,-647.0,-922.0,-1144.0,-1362,-195.0,-457.0,-803.0,-855.0,-1072.0,-1304.0
-212.0,-423.0,-645.0,-924.0,-1143.0,-1362,-200.0,-472.0,-812.0,-865.0,-1076.0,-1306.0
-212.0,-422.0,-647.0,-922.0,-1141.0,-1358,-204.0,-490.0,-821.0,-881.0,-1080.0,-1308.0
-211.0,-421.0,-648.0,-921.0,-1143.0,-1361,-208.0,-523.0,-830.0,-892.0,-1088.0,-1311.0
-211.0,-419.0,-649.0,-919.0,-1143.0,-1362,-212.0,-536.0,-838.0,-898.0,-1091.0,-1313.0
-210.0,-417.0,-649.0,-918.0,-1144.0,-1362,-214.0,-556.0,-845.0,-918.0,-1096.0,-1317.0
-210.0,-415.0,-650.0,-917.0,-1146.0,-1363,-217.0,-576.0,-852.0,-928.0,-1103.0,-1321.0
-209.0,-413.0,-651.0,-916.0,-1147.0,-1364,-220.0,-592.0,-858.0,-945.0,-1110.0,-1323.0
-208.0,-412.0,-652.0,-914.0,-1149.0,-1365,-222.0,-607.0,-863.0,-958.0,-1119.0,-1326.0
-206.0,-410.0,-653.0,-912.0,-1149.0,-1367,-227.0,-619.0,-872.0,-972.0,-1126.0,-1329.0
-205.0,-409.0,-654.0,-911.0,-1150.0,-1368,-232.0,-630.0,-861.0,-982.0,-1136.0,-1332.0
-204.0,-408.0,-654.0,-910.0,-1151.0,-1368,-239.0,-638.0,-851.0,-995.0,-1146.0,-1336.0
-203.0,-406.0,-654.0,-908.0,-1151.0,-1369,-245.0,-645.0,-840.0,-1005.0,-1153.0,-1340.0
-201.0,-408.0,-654.0,-908.0,-1151.0,-1369,-250.0,-652.0,-823.0,-1016.0,-1159.0,-1344.0
-199.0,-409.0,-654.0,-907.0,-1150.0,-1370,-256.0,-659.0,-802.0,-1027.0,-1167.0,-1349.0
-198.0,-410.0,-654.0,-907.0,-1149.0,-1370,-267.0,-668.0,-773.0,-1042.0,-1177.0,-1355.0
-197.0,-411.0,-654.0,-907.0,-1149.0,-1371,-259.0,-674.0,-752.0,-1052.0,-1185.0,-1360.0
-195.0,-413.0,-651.0,-908.0,-1148.0,-1371,-256.0,-681.0,-727.0,-1062.0,-1195.0,-1365.0
-194.0,-414.0,-653.0,-908.0,-1148.0,-1371,-251.0,-692.0,-711.0,-1071.0,-1204.0,-1371.0
-191.0,-416.0,-654.0,-909.0,-1148.0,-1372,-245.0,-684.0,-694.0,-1080.0,-1212.0,-1376.0
-193.0,-417.0,-654.0,-909.0,-1147.0,-1372,-237.0,-676.0,-668.0,-1088.0,-1221.0,-1382.0
-194.0,-419.0,-654.0,-910.0,-1147.0,-1372,-231.0,-665.0,-651.0,-1095.0,-1232.0,-1388.0
-195.0,-421.0,-654.0,-910.0,-1147.0,-1373,-223.0,-644.0,-641.0,-1102.0,-1242.0,-1394.0
-197.0,-422.0,-655.0,-911.0,-1147.0,-1372,-215.0,-620.0,-621.0,-1107.0,-1252.0,-1402.0
-199.0,-422.0,-655.0,-911.0,-1146.0,-1372,-205.0,-601.0,-611.0,-1119.0,-1260.0,-1413.0
-200.0,-423.0,-655.0,-911.0,-1146.0,-1372,-195.0,-580.0,-603.0,-1110.0,-1270.0,-1423.0
-203.0,-423.0,-655.0,-912.0,-1146.0,-1372,-187.0,-533.0,-597.0,-1100.0,-1278.0,-1433.0
-204.0,-423.0,-655.0,-912.0,-1146.0,-1371,-180.0,-515.0,-589.0,-1090.0,-1288.0,-1443.0
-205.0,-423.0,-656.0,-912.0,-1146.0,-1371,-172.0,-482.0,-585.0,-1072.0,-1301.0,-1454.0
-205.0,-422.0,-656.0,-913.0,-1146.0,-1371,-165.0,-459.0,-581.0,-1048.0,-1287.0,-1464.0
-205.0,-422.0,-656.0,-913.0,-1146.0,-1371,-158.0,-440.0,-578.0,-1020.0,-1283.0,-1472.0
-205.0,-422.0,-656.0,-913.0,-1146.0,-1371,-153.0,-421.0,-576.0,-1000.0,-1276.0,-1478.0
-205.0,-422.0,-656.0,-913.0,-1146.0,-1370,-148.0,-402.0,-575.0,-972.0,-1257.0,-1485.0
-205.0,-422.0,-656.0,-913.0,-1146.0,-1370,-145.0,-389.0,-574.0,-949.0,-1238.0,-1495.0
-205.0,-422.0,-656.0,-913.0,-1146.0,-1370,-143.0,-380.0,-573.0,-928.0,-1226.0,-1486.0
-205.0,-421.0,-656.0,-913.0,-1146.0,-1370,-141.0,-372.0,-572.0,-914.0,-1209.0,-1481.0
-204.0,-421.0,-656.0,-913.0,-1146.0,-1370,-139.0,-366.0,-572.0,-898.0,-1187.0,-1473.0
-204.0,-421.0,-656.0,-913.0,-1146.0,-1370,-138.0,-362.0,-571.0,-881.0,-1169.0,-1463.0
-204.0,-421.0,-656.0,-913.0,-1145.0,-1370,-137.0,-356.0,-570.0,-870.0,-1157.0,-1449.0
-204.0,-421.0,-656.0,-913.0,-1145.0,-1370,-137.0,-352.0,-569.0,-860.0,-1143.0,-1436.0
-204.0,-421.0,-656.0,-913.0,-1144.0,-1370,-137.0,-350.0,-568.0,-850.0,-1132.0,-1424.0
-204.0,-421.0,-656.0,-915.0,-1143.0,-1370,-137.0,-348.0,-567.0,-841.0,-1118.0,-1407.0
-203.0,-421.0,-656.0,-918.0,-1139.0,-1370,-137.0,-347.0,-566.0,-835.0,-1107.0,-1393.0
-203.0,-420.0,-656.0,-921.0,-1137.0,-1370,-137.0,-346.0,-565.0,-830.0,-1097.0,-1381.0
-203.0,-420.0,-656.0,-923.0,-1135.0,-1370,-137.0,-345.0,-564.0,-826.0,-1088.0,-1367.0
-203.0,-420.0,-656.0,-927.0,-1132.0,-1370,-137.0,-344.0,-563.0,-822.0,-1081.0,-1355.0
-203.0,-420.0,-656.0,-931.0,-1129.0,-1367,-136.0,-343.0,-562.0,-820.0,-1076.0,-1345.0
-203.0,-420.0,-656.0,-934.0,-1126.0,-1365,-136.0,-343.0,-561.0,-819.0,-1072.0,-1336.0
-203.0,-420.0,-656.0,-933.0,-1129.0,-1362,-136.0,-342.0,-559.0,-818.0,-1069.0,-1328.0
-203.0,-420.0,-656.0,-931.0,-1132.0,-1360,-136.0,-341.0,-558.0,-817.0,-1068.0,-1323.0
-203.0,-419.0,-656.0,-927.0,-1136.0,-1356,-135.0,-340.0,-557.0,-816.0,-1067.0,-1318.0
-203.0,-419.0,-656.0,-924.0,-1138.0,-1352,-135.0,-338.0,-556.0,-815.0,-1066.0,-1316.0
-203.0,-419.0,-656.0,-920.0,-1141.0,-1348,-135.0,-337.0,-554.0,-814.0,-1065.0,-1313.0
-202.0,-417.0,-656.0,-917.0,-1143.0,-1351,-134.0,-336.0,-553.0,-813.0,-1065.0,-1311.0
-202.0,-415.0,-656.0,-914.0,-1141.0,-1355,-134.0,-335.0,-551.0,-812.0,-1064.0,-1310.0
-202.0,-411.0,-656.0,-912.0,-1139.0,-1358,-134.0,-334.0,-549.0,-811.0,-1063.0,-1308.0
-201.0,-409.0,-656.0,-910.0,-1135.0,-1360,-133.0,-333.0,-547.0,-810.0,-1062.0,-1307.0
-201.0,-405.0,-656.0,-909.0,-1132.0,-1364,-133.0,-332.0,-545.0,-809.0,-1061.0,-1306.0
-201.0,-401.0,-657.0,-908.0,-1128.0,-1371,-133.0,-330.0,-542.0,-808.0,-1060.0,-1305.0
-198.0,-397.0,-659.0,-908.0,-1123.0,-1376,-132.0,-329.0,-539.0,-807.0,-1059.0,-1305.0
-194.0,-399.0,-661.0,-907.0,-1119.0,-1381,-132.0,-327.0,-537.0,-806.0,-1058.0,-1304.0
-191.0,-403.0,-665.0,-906.0,-1113.0,-1387,-132.0,-325.0,-534.0,-805.0,-1057.0,-1303.0
-189.0,-408.0,-669.0,-905.0,-1109.0,-1394,-132.0,-323.0,-532.0,-803.0,-1056.0,-1302.0
-184.0,-410.0,-675.0,-904.0,-1104.0,-1397,-132.0,-322.0,-530.0,-802.0,-1055.0,-1301.0
-179.0,-413.0,-681.0,-903.0,-1098.0,-1405,-132.0,-319.0,-527.0,-801.0,-1054.0,-1301.0
-182.0,-422.0,-688.0,-902.0,-1091.0,-1412,-132.0,-317.0,-525.0,-799.0,-1053.0,-1300.0
-185.0,-426.0,-697.0,-901.0,-1086.0,-1422,-132.0,-315.0,-523.0,-797.0,-1052.0,-1299.0
-189.0,-429.0,-709.0,-899.0,-1079.0,-1432,-131.0,-312.0,-520.0,-795.0,-1051.0,-1299.0
-191.0,-432.0,-721.0,-898.0,-1073.0,-1440,-131.0,-310.0,-518.0,-793.0,-1050.0,-1298.0
-193.0,-435.0,-731.0,-896.0,-1066.0,-1452,-131.0,-308.0,-516.0,-791.0,-1048.0,-1296.0
-197.0,-439.0,-742.0,-893.0,-1059.0,-1466,-131.0,-306.0,-514.0,-789.0,-1047.0,-1295.0
-198.0,-443.0,-771.0,-891.0,-1053.0,-1492,-131.0,-304.0,-512.0,-787.0,-1046.0,-1294.0
-197.0,-448.0,-791.0,-888.0,-1046.0,-1507,-130.0,-301.0,-511.0,-784.0,-1044.0,-1293.0
-196.0,-454.0,-809.0,-883.0,-1038.0,-1532,-130.0,-298.0,-510.0,-782.0,-1042.0,-1292.0
-193.0,-461.0,-833.0,-777.0,-1031.0,-1547,-130.0,-296.0,-510.0,-779.0,-1040.0,-1291.0
-191.0,-469.0,-855.0,-855.0,-1023.0,-1568,-130.0,-293.0,-507.0,-777.0,-1038.0,-1290.0
-189.0,-477.0,-872.0,-872.0,-1016.0,-1577,-130.0,-291.0,-510.0,-774.0,-1036.0,-1289.0
-186.0,-487.0,-900.0,-879.0,-1008.0,-1590,-128.0,-288.0,-510.0,-771.0,-1034.0,-1287.0
-183.0,-501.0,-862.0,-894.0,-1002.0,-1573,-130.0,-285.0,-511.0,-768.0,-1032.0,-1286.0
-180.0,-515.0,-861.0,-893.0,-998.0,-1568,-130.0,-282.0,-512.0,-766.0,-1029.0,-1284.0
-177.0,-528.0,-861.0,-889.0,-994.0,-1561,-130.0,-280.0,-514.0,-763.0,-1027.0,-1283.0
-173.0,-545.0,-897.0,-878.0,-987.0,-1555,-130.0,-279.0,-516.0,-761.0,-1025.0,-1281.0
-170.0,-558.0,-873.0,-873.0,-995.0,-1548,-130.0,-277.0,-518.0,-758.0,-1023.0,-1279.0
-168.0,-568.0,-866.0,-866.0,-999.0,-1540,-131.0,-276.0,-522.0,-756.0,-1021.0,-1278.0
-164.0,-578.0,-863.0,-840.0,-1005.0,-1530,-131.0,-276.0,-525.0,-754.0,-1020.0,-1276.0
-162.0,-586.0,-849.0,-880.0,-1012.0,-1519,-131.0,-274.0,-528.0,-751.0,-1018.0,-1275.0
-158.0,-594.0,-840.0,-886.0,-1021.0,-1511,-132.0,-276.0,-530.0,-749.0,-1016.0,-1273.0
-155.0,-584.0,-831.0,-890.0,-1031.0,-1502,-132.0,-276.0,-534.0,-748.0,-1014.0,-1272.0
-151.0,-579.0,-821.0,-893.0,-1040.0,-1492,-132.0,-277.0,-536.0,-746.0,-1013.0,-1270.0
-148.0,-572.0,-810.0,-896.0,-1052.0,-1483,-133.0,-279.0,-539.0,-745.0,-1011.0,-1268.0
-145.0,-565.0,-800.0,-899.0,-1069.0,-1474,-134.0,-281.0,-542.0,-742.0,-1009.0,-1267.0
-142.0,-556.0,-786.0,-901.0,-1083.0,-1466,-134.0,-284.0,-546.0,-744.0,-1008.0,-1266.0
-140.0,-547.0,-773.0,-902.0,-1095.0,-1455,-135.0,-286.0,-550.0,-745.0,-1007.0,-1264.0
-138.0,-537.0,-762.0,-904.0,-1108.0,-1446,-135.0,-289.0,-553.0,-747.0,-1007.0,-1263.0
-137.0,-528.0,-749.0,-904.0,-1123.0,-1435,-136.0,-292.0,-557.0,-749.0,-1004.0,-1262.0
-134.0,-520.0,-738.0,-905.0,-1132.0,-1427,-137.0,-295.0,-560.0,-751.0,-1006.0,-1260.0
-137.0,-511.0,-727.0,-905.0,-1139.0,-1417,-137.0,-298.0,-564.0,-754.0,-1007.0,-1259.0
-138.0,-503.0,-715.0,-905.0,-1145.0,-1409,-138.0,-301.0,-567.0,-757.0,-1008.0,-1258.0
-139.0,-493.0,-702.0,-906.0,-1149.0,-1401,-138.0,-304.0,-570.0,-760.0,-1009.0,-1258.0
-141.0,-484.0,-693.0,-906.0,-1153.0,-1393,-139.0,-306.0,-573.0,-763.0,-1011.0,-1257.0
-144.0,-476.0,-685.0,-906.0,-1156.0,-1387,-139.0,-310.0,-576.0,-766.0,-1013.0,-1255.0
-146.0,-469.0,-676.0,-906.0,-1158.0,-1382,-139.0,-314.0,-578.0,-769.0,-1016.0,-1257.0
-150.0,-462.0,-668.0,-907.0,-1160.0,-1376,-140.0,-317.0,-580.0,-772.0,-1018.0,-1258.0
-153.0,-456.0,-662.0,-907.0,-1161.0,-1372,-140.0,-320.0,-582.0,-776.0,-1021.0,-1259.0
-157.0,-449.0,-656.0,-907.0,-1161.0,-1368,-140.0,-324.0,-584.0,-780.0,-1024.0,-1259.0
-162.0,-445.0,-651.0,-908.0,-1162.0,-1364,-140.0,-328.0,-586.0,-783.0,-1026.0,-1261.0
-168.0,-438.0,-647.0,-907.0,-1162.0,-1362,-141.0,-331.0,-588.0,-787.0,-1029.0,-1262.0
-173.0,-434.0,-644.0,-907.0,-1163.0,-1361,-140.0,-334.0,-589.0,-790.0,-1031.0,-1264.0
-178.0,-429.0,-642.0,-907.0,-1163.0,-1360,-140.0,-338.0,-590.0,-794.0,-1034.0,-1266.0
-184.0,-425.0,-640.0,-907.0,-1164.0,-1359,-140.0,-340.0,-591.0,-798.0,-1037.0,-1268.0
-187.0,-423.0,-640.0,-906.0,-1164.0,-1359,-140.0,-343.0,-592.0,-801.0,-1039.0,-1270.0
-196.0,-419.0,-639.0,-906.0,-1164.0,-1358,-140.0,-345.0,-592.0,-805.0,-1043.0,-1272.0
-200.0,-418.0,-639.0,-906.0,-1165.0,-1358,-139.0,-347.0,-593.0,-809.0,-1046.0,-1274.0
-203.0,-417.0,-638.0,-906.0,-1165.0,-1358,-139.0,-349.0,-593.0,-812.0,-1049.0,-1276.0
-206.0,-416.0,-638.0,-906.0,-1165.0,-1357,-139.0,-350.0,-593.0,-815.0,-1051.0,-1278.0
-208.0,-416.0,-637.0,-906.0,-1166.0,-1357,-139.0,-352.0,-593.0,-818.0,-1054.0,-1280.0
-209.0,-416.0,-637.0,-906.0,-1166.0,-1357,-139.0,-353.0,-593.0,-820.0,-1057.0,-1281.0
-211.0,-415.0,-636.0,-907.0,-1166.0,-1356,-138.0,-353.0,-593.0,-822.0,-1059.0,-1283.0
-211.0,-415.0,-636.0,-907.0,-1167.0,-1356,-138.0,-354.0,-593.0,-824.0,-1061.0,-1286.0
-212.0,-415.0,-635.0,-907.0,-1167.0,-1356,-138.0,-355.0,-592.0,-826.0,-1063.0,-1288.0
-213.0,-415.0,-635.0,-907.0,-1167.0,-1355,-137.0,-356.0,-592.0,-827.0,-1065.0,-1290.0
-213.0,-415.0,-634.0,-907.0,-1168.0,-1355,-137.0,-357.0,-591.0,-828.0,-1066.0,-1293.0
-213.0,-415.0,-634.0,-908.0,-1168.0,-1354,-137.0,-357.0,-590.0,-829.0,-1067.0,-1295.0
-213.0,-414.0,-633.0,-908.0,-1169.0,-1353,-136.0,-357.0,-590.0,-831.0,-1068.0,-1297.0
-214.0,-414.0,-632.0,-909.0,-1169.0,-1353,-135.0,-357.0,-589.0,-831.0,-1069.0,-1299.0
-214.0,-414.0,-632.0,-910.0,-1170.0,-1352,-134.0,-357.0,-588.0,-832.0,-1070.0,-1301.0
-214.0,-414.0,-631.0,-910.0,-1170.0,-1352,-133.0,-357.0,-587.0,-833.0,-1071.0,-1302.0
-215.0,-414.0,-631.0,-911.0,-1171.0,-1350,-132.0,-356.0,-587.0,-833.0,-1072.0,-1303.0
-215.0,-413.0,-630.0,-912.0,-1172.0,-1350,-131.0,-356.0,-586.0,-834.0,-1073.0,-1305.0
-215.0,-413.0,-629.0,-913.0,-1173.0,-1349,-130.0,-355.0,-585.0,-834.0,-1073.0,-1306.0
-216.0,-413.0,-628.0,-914.0,-1173.0,-1348,-129.0,-354.0,-584.0,-834.0,-1074.0,-1306.0
-216.0,-412.0,-627.0,-915.0,-1174.0,-1346,-128.0,-353.0,-584.0,-836.0,-1074.0,-1307.0
-216.0,-411.0,-626.0,-916.0,-1175.0,-1345,-127.0,-352.0,-584.0,-834.0,-1074.0,-1308.0
-216.0,-410.0,-625.0,-917.0,-1176.0,-1344,-127.0,-351.0,-583.0,-834.0,-1074.0,-1309.0
-216.0,-409.0,-624.0,-918.0,-1177.0,-1342,-123.0,-350.0,-581.0,-834.0,-1076.0,-1309.0
-217.0,-408.0,-622.0,-919.0,-1178.0,-1341,-126.0,-349.0,-583.0,-833.0,-1074.0,-1309.0
-217.0,-407.0,-621.0,-920.0,-1179.0,-1340,-127.0,-348.0,-583.0,-832.0,-1074.0,-1310.0
-217.0,-406.0,-619.0,-922.0,-1180.0,-1338,-128.0,-347.0,-584.0,-831.0,-1074.0,-1310.0
-218.0,-405.0,-618.0,-923.0,-1181.0,-1336,-129.0,-347.0,-585.0,-830.0,-1074.0,-1310.0
-217.0,-403.0,-616.0,-924.0,-1182.0,-1334,-131.0,-346.0,-586.0,-829.0,-1073.0,-1310.0
-217.0,-402.0,-613.0,-925.0,-1183.0,-1332,-132.0,-345.0,-587.0,-829.0,-1073.0,-1310.0
-217.0,-400.0,-612.0,-926.0,-1184.0,-1330,-134.0,-344.0,-589.0,-828.0,-1073.0,-1312.0
-216.0,-398.0,-609.0,-927.0,-1185.0,-1329,-135.0,-343.0,-590.0,-827.0,-1072.0,-1310.0
-216.0,-397.0,-607.0,-929.0,-1185.0,-1327,-136.0,-342.0,-591.0,-826.0,-1072.0,-1310.0
-216.0,-395.0,-605.0,-930.0,-1185.0,-1325,-136.0,-342.0,-592.0,-825.0,-1071.0,-1310.0
-216.0,-393.0,-603.0,-930.0,-1187.0,-1323,-136.0,-339.0,-593.0,-824.0,-1070.0,-1309.0
-216.0,-391.0,-602.0,-931.0,-1185.0,-1321,-136.0,-341.0,-594.0,-823.0,-1070.0,-1309.0
-216.0,-389.0,-600.0,-931.0,-1185.0,-1319,-136.0,-342.0,-595.0,-822.0,-1069.0,-1308.0
-216.0,-387.0,-598.0,-932.0,-1185.0,-1317,-136.0,-343.0,-596.0,-821.0,-1068.0,-1308.0
-216.0,-385.0,-597.0,-932.0,-1185.0,-1316,-135.0,-345.0,-597.0,-819.0,-1067.0,-1307.0
-216.0,-383.0,-595.0,-933.0,-1184.0,-1314,-135.0,-346.0,-597.0,-818.0,-1066.0,-1306.0
-216.0,-381.0,-594.0,-933.0,-1183.0,-1313,-135.0,-348.0,-598.0,-817.0,-1066.0,-1306.0
-216.0,-379.0,-593.0,-933.0,-1182.0,-1312,-135.0,-350.0,-598.0,-815.0,-1065.0,-1305.0
-216.0,-377.0,-592.0,-935.0,-1181.0,-1311,-135.0,-352.0,-599.0,-817.0,-1064.0,-1305.0
-216.0,-376.0,-592.0,-933.0,-1179.0,-1310,-133.0,-354.0,-599.0,-818.0,-1064.0,-1304.0
-216.0,-374.0,-590.0,-933.0,-1178.0,-1310,-135.0,-355.0,-600.0,-818.0,-1063.0,-1303.0
-215.0,-373.0,-592.0,-933.0,-1176.0,-1308,-135.0,-356.0,-600.0,-820.0,-1060.0,-1302.0
-215.0,-372.0,-592.0,-933.0,-1174.0,-1310,-135.0,-357.0,-601.0,-821.0,-1063.0,-1301.0
-215.0,-370.0,-593.0,-932.0,-1172.0,-1310,-135.0,-358.0,-602.0,-823.0,-1064.0,-1300.0
-214.0,-370.0,-594.0,-932.0,-1170.0,-1311,-135.0,-359.0,-602.0,-824.0,-1065.0,-1299.0
-214.0,-369.0,-596.0,-931.0,-1169.0,-1312,-135.0,-359.0,-602.0,-826.0,-1066.0,-1298.0
-214.0,-368.0,-597.0,-930.0,-1167.0,-1313,-136.0,-359.0,-603.0,-827.0,-1068.0,-1298.0
-213.0,-366.0,-600.0,-929.0,-1165.0,-1315,-136.0,-360.0,-604.0,-828.0,-1069.0,-1295.0
-213.0,-368.0,-602.0,-928.0,-1163.0,-1317,-136.0,-360.0,-604.0,-829.0,-1071.0,-1298.0
-212.0,-368.0,-605.0,-927.0,-1162.0,-1320,-136.0,-361.0,-605.0,-830.0,-1072.0,-1299.0
-212.0,-369.0,-608.0,-926.0,-1160.0,-1323,-136.0,-362.0,-605.0,-830.0,-1073.0,-1300.0
-211.0,-370.0,-611.0,-924.0,-1159.0,-1326,-136.0,-362.0,-606.0,-831.0,-1074.0,-1301.0
-210.0,-371.0,-615.0,-923.0,-1157.0,-1328,-137.0,-363.0,-606.0,-831.0,-1075.0,-1302.0
-209.0,-373.0,-617.0,-922.0,-1156.0,-1331,-137.0,-364.0,-606.0,-831.0,-1077.0,-1304.0
-208.0,-374.0,-620.0,-920.0,-1154.0,-1334,-137.0,-365.0,-607.0,-832.0,-1077.0,-1305.0
-208.0,-377.0,-624.0,-919.0,-1153.0,-1337,-137.0,-365.0,-607.0,-832.0,-1078.0,-1306.0
-207.0,-379.0,-627.0,-918.0,-1152.0,-1340,-137.0,-366.0,-608.0,-832.0,-1078.0,-1307.0
-206.0,-382.0,-630.0,-916.0,-1152.0,-1343,-137.0,-366.0,-608.0,-832.0,-1078.0,-1308.0
-206.0,-384.0,-633.0,-915.0,-1151.0,-1347,-137.0,-367.0,-608.0,-833.0,-1078.0,-1309.0
-205.0,-387.0,-636.0,-914.0,-1151.0,-1350,-137.0,-367.0,-609.0,-833.0,-1079.0,-1310.0
-205.0,-390.0,-639.0,-913.0,-1151.0,-1352,-138.0,-368.0,-610.0,-833.0,-1079.0,-1310.0
-205.0,-392.0,-641.0,-912.0,-1151.0,-1355,-138.0,-368.0,-609.0,-833.0,-1080.0,-1311.0
-205.0,-395.0,-644.0,-911.0,-1151.0,-1357,-138.0,-368.0,-609.0,-834.0,-1080.0,-1311.0
-204.0,-398.0,-645.0,-910.0,-1151.0,-1360,-138.0,-369.0,-608.0,-834.0,-1080.0,-1311.0
-204.0,-401.0,-648.0,-909.0,-1151.0,-1362,-138.0,-369.0,-605.0,-834.0,-1080.0,-1311.0
-204.0,-403.0,-649.0,-908.0,-1151.0,-1364,-138.0,-370.0,-603.0,-835.0,-1080.0,-1311.0
-204.0,-406.0,-650.0,-907.0,-1151.0,-1366,-136.0,-370.0,-601.0,-835.0,-1080.0,-1312.0
-202.0,-409.0,-651.0,-906.0,-1149.0,-1367,-132.0,-370.0,-599.0,-835.0,-1080.0,-1312.0
-204.0,-412.0,-652.0,-906.0,-1151.0,-1368,-130.0,-372.0,-595.0,-836.0,-1081.0,-1312.0
-204.0,-415.0,-653.0,-906.0,-1151.0,-1369,-129.0,-370.0,-591.0,-836.0,-1081.0,-1312.0
-204.0,-417.0,-654.0,-905.0,-1151.0,-1370,-118.0,-370.0,-595.0,-836.0,-1081.0,-1312.0
-204.0,-419.0,-655.0,-905.0,-1151.0,-1371,-128.0,-370.0,-598.0,-836.0,-1081.0,-1312.0
-205.0,-421.0,-655.0,-905.0,-1151.0,-1372,-128.0,-366.0,-602.0,-837.0,-1081.0,-1313.0
-205.0,-423.0,-656.0,-904.0,-1151.0,-1373,-118.0,-363.0,-607.0,-837.0,-1081.0,-1313.0
-205.0,-424.0,-656.0,-904.0,-1151.0,-1374,-127.0,-362.0,-613.0,-837.0,-1081.0,-1313.0
-206.0,-425.0,-656.0,-904.0,-1151.0,-1374,-129.0,-360.0,-621.0,-838.0,-1081.0,-1313.0
-206.0,-426.0,-656.0,-904.0,-1151.0,-1375,-132.0,-352.0,-628.0,-840.0,-1082.0,-1313.0
-206.0,-428.0,-657.0,-903.0,-1151.0,-1375,-138.0,-357.0,-636.0,-838.0,-1082.0,-1314.0
-207.0,-429.0,-657.0,-903.0,-1152.0,-1376,-142.0,-360.0,-646.0,-837.0,-1083.0,-1314.0
-207.0,-429.0,-657.0,-903.0,-1152.0,-1376,-146.0,-363.0,-655.0,-834.0,-1082.0,-1314.0
-208.0,-430.0,-657.0,-903.0,-1152.0,-1376,-150.0,-366.0,-668.0,-833.0,-1082.0,-1314.0
-209.0,-431.0,-658.0,-903.0,-1152.0,-1377,-154.0,-373.0,-682.0,-831.0,-1081.0,-1314.0
-209.0,-432.0,-657.0,-903.0,-1153.0,-1377,-159.0,-379.0,-694.0,-829.0,-1081.0,-1314.0
-210.0,-432.0,-657.0,-903.0,-1153.0,-1377,-165.0,-385.0,-716.0,-825.0,-1078.0,-1314.0
-210.0,-433.0,-657.0,-903.0,-1154.0,-1380,-171.0,-392.0,-732.0,-820.0,-1075.0,-1314.0
-211.0,-433.0,-657.0,-903.0,-1154.0,-1378,-178.0,-404.0,-745.0,-823.0,-1073.0,-1316.0
-211.0,-434.0,-656.0,-903.0,-1154.0,-1377,-185.0,-412.0,-759.0,-827.0,-1070.0,-1315.0
-212.0,-434.0,-656.0,-903.0,-1154.0,-1377,-192.0,-422.0,-775.0,-830.0,-1066.0,-1314.0
-212.0,-436.0,-655.0,-904.0,-1155.0,-1376,-198.0,-436.0,-785.0,-833.0,-1060.0,-1311.0
-213.0,-434.0,-654.0,-904.0,-1155.0,-1376,-205.0,-450.0,-800.0,-838.0,-1063.0,-1308.0
-213.0,-434.0,-653.0,-904.0,-1156.0,-1375,-210.0,-465.0,-810.0,-847.0,-1065.0,-1306.0
-213.0,-434.0,-653.0,-904.0,-1155.0,-1374,-215.0,-480.0,-820.0,-854.0,-1069.0,-1303.0
-214.0,-433.0,-652.0,-904.0,-1155.0,-1373,-218.0,-499.0,-829.0,-862.0,-1071.0,-1299.0
-214.0,-433.0,-652.0,-905.0,-1154.0,-1373,-221.0,-512.0,-836.0,-872.0,-1074.0,-1294.0
-214.0,-432.0,-651.0,-905.0,-1154.0,-1373,-224.0,-529.0,-843.0,-882.0,-1080.0,-1297.0
-214.0,-432.0,-651.0,-905.0,-1154.0,-1372,-227.0,-552.0,-850.0,-895.0,-1085.0,-1300.0
-214.0,-432.0,-651.0,-905.0,-1153.0,-1372,-232.0,-570.0,-858.0,-909.0,-1091.0,-1303.0
-214.0,-431.0,-649.0,-906.0,-1152.0,-1372,-236.0,-583.0,-865.0,-924.0,-1097.0,-1305.0
-214.0,-431.0,-651.0,-906.0,-1151.0,-1371,-242.0,-600.0,-871.0,-934.0,-1104.0,-1309.0
-215.0,-430.0,-651.0,-908.0,-1151.0,-1371,-249.0,-615.0,-876.0,-945.0,-1111.0,-1313.0
-215.0,-430.0,-651.0,-906.0,-1151.0,-1370,-256.0,-625.0,-881.0,-958.0,-1118.0,-1316.0
-216.0,-430.0,-651.0,-906.0,-1147.0,-1370,-263.0,-633.0,-890.0,-972.0,-1126.0,-1319.0
-215.0,-429.0,-652.0,-905.0,-1150.0,-1370,-269.0,-641.0,-877.0,-986.0,-1133.0,-1322.0
-215.0,-429.0,-653.0,-904.0,-1151.0,-1369,-275.0,-648.0,-862.0,-997.0,-1139.0,-1325.0
-214.0,-428.0,-653.0,-903.0,-1151.0,-1369,-285.0,-655.0,-854.0,-1011.0,-1148.0,-1328.0
-214.0,-428.0,-654.0,-900.0,-1152.0,-1370,-279.0,-660.0,-831.0,-1020.0,-1155.0,-1332.0
-214.0,-427.0,-655.0,-898.0,-1153.0,-1371,-274.0,-667.0,-815.0,-1029.0,-1161.0,-1336.0
-214.0,-426.0,-655.0,-896.0,-1155.0,-1371,-269.0,-674.0,-783.0,-1038.0,-1169.0,-1340.0
-213.0,-426.0,-656.0,-894.0,-1156.0,-1373,-261.0,-680.0,-762.0,-1047.0,-1178.0,-1344.0
-212.0,-426.0,-656.0,-892.0,-1157.0,-1374,-252.0,-689.0,-733.0,-1055.0,-1186.0,-1350.0
-211.0,-426.0,-656.0,-889.0,-1158.0,-1375,-242.0,-681.0,-710.0,-1062.0,-1194.0,-1355.0
-210.0,-428.0,-656.0,-887.0,-1159.0,-1377,-232.0,-674.0,-692.0,-1070.0,-1202.0,-1359.0
-209.0,-429.0,-657.0,-885.0,-1161.0,-1378,-223.0,-648.0,-678.0,-1079.0,-1210.0,-1363.0
-209.0,-432.0,-657.0,-884.0,-1161.0,-1379,-214.0,-631.0,-660.0,-1086.0,-1218.0,-1369.0
-208.0,-434.0,-657.0,-882.0,-1162.0,-1380,-205.0,-605.0,-650.0,-1092.0,-1226.0,-1374.0
-208.0,-436.0,-657.0,-881.0,-1162.0,-1381,-197.0,-577.0,-638.0,-1098.0,-1234.0,-1379.0
-209.0,-439.0,-657.0,-881.0,-1162.0,-1383,-189.0,-538.0,-627.0,-1103.0,-1242.0,-1385.0
-211.0,-441.0,-657.0,-880.0,-1162.0,-1383,-181.0,-510.0,-620.0,-1112.0,-1250.0,-1392.0
-213.0,-443.0,-657.0,-879.0,-1162.0,-1383,-175.0,-477.0,-614.0,-1102.0,-1261.0,-1398.0
-216.0,-445.0,-657.0,-877.0,-1162.0,-1384,-168.0,-463.0,-609.0,-1085.0,-1269.0,-1406.0
-218.0,-447.0,-657.0,-879.0,-1163.0,-1384,-163.0,-442.0,-606.0,-1068.0,-1275.0,-1414.0
-221.0,-450.0,-657.0,-880.0,-1162.0,-1385,-159.0,-424.0,-604.0,-1048.0,-1280.0,-1422.0
-224.0,-451.0,-657.0,-880.0,-1162.0,-1385,-157.0,-404.0,-602.0,-1035.0,-1292.0,-1434.0
-226.0,-452.0,-657.0,-880.0,-1162.0,-1385,-156.0,-394.0,-601.0,-1003.0,-1279.0,-1444.0
-228.0,-453.0,-658.0,-880.0,-1162.0,-1386,-155.0,-384.0,-600.0,-978.0,-1270.0,-1451.0
-231.0,-454.0,-658.0,-880.0,-1162.0,-1386,-155.0,-373.0,-600.0,-950.0,-1261.0,-1459.0
-232.0,-454.0,-658.0,-880.0,-1162.0,-1386,-155.0,-368.0,-599.0,-928.0,-1244.0,-1467.0
-233.0,-454.0,-658.0,-880.0,-1162.0,-1386,-155.0,-364.0,-599.0,-913.0,-1226.0,-1473.0
-234.0,-454.0,-658.0,-880.0,-1161.0,-1387,-155.0,-360.0,-599.0,-892.0,-1208.0,-1480.0
-234.0,-455.0,-658.0,-880.0,-1161.0,-1388,-155.0,-358.0,-598.0,-875.0,-1191.0,-1468.0
-235.0,-456.0,-658.0,-880.0,-1161.0,-1387,-154.0,-356.0,-597.0,-864.0,-1169.0,-1460.0
-235.0,-455.0,-658.0,-881.0,-1160.0,-1387,-154.0,-355.0,-596.0,-856.0,-1154.0,-1451.0
-235.0,-455.0,-659.0,-882.0,-1160.0,-1386,-154.0,-354.0,-595.0,-845.0,-1141.0,-1440.0
-235.0,-454.0,-659.0,-882.0,-1160.0,-1386,-153.0,-353.0,-595.0,-837.0,-1127.0,-1429.0
-237.0,-454.0,-659.0,-882.0,-1159.0,-1386,-153.0,-352.0,-594.0,-832.0,-1113.0,-1415.0
-235.0,-454.0,-659.0,-883.0,-1159.0,-1386,-153.0,-351.0,-593.0,-828.0,-1103.0,-1401.0
-235.0,-454.0,-659.0,-883.0,-1158.0,-1385,-152.0,-350.0,-592.0,-825.0,-1092.0,-1389.0
-235.0,-454.0,-659.0,-884.0,-1158.0,-1385,-152.0,-349.0,-591.0,-823.0,-1084.0,-1377.0
-235.0,-453.0,-660.0,-884.0,-1158.0,-1385,-152.0,-348.0,-590.0,-823.0,-1079.0,-1365.0
-234.0,-453.0,-660.0,-885.0,-1158.0,-1385,-152.0,-347.0,-589.0,-822.0,-1075.0,-1354.0
-234.0,-453.0,-660.0,-885.0,-1158.0,-1385,-151.0,-346.0,-588.0,-821.0,-1072.0,-1344.0
-234.0,-452.0,-660.0,-886.0,-1157.0,-1385,-151.0,-345.0,-587.0,-821.0,-1070.0,-1336.0
-233.0,-452.0,-660.0,-887.0,-1157.0,-1385,-151.0,-344.0,-586.0,-820.0,-1068.0,-1329.0
-232.0,-452.0,-660.0,-890.0,-1156.0,-1385,-150.0,-343.0,-585.0,-819.0,-1068.0,-1325.0
-232.0,-451.0,-661.0,-893.0,-1152.0,-1384,-150.0,-341.0,-584.0,-819.0,-1067.0,-1318.0
-231.0,-451.0,-660.0,-895.0,-1150.0,-1384,-149.0,-341.0,-582.0,-818.0,-1066.0,-1315.0
-230.0,-450.0,-660.0,-897.0,-1148.0,-1384,-149.0,-339.0,-580.0,-817.0,-1065.0,-1312.0
-230.0,-450.0,-660.0,-901.0,-1146.0,-1383,-149.0,-338.0,-578.0,-816.0,-1064.0,-1311.0
-230.0,-450.0,-660.0,-905.0,-1142.0,-1383,-149.0,-337.0,-576.0,-815.0,-1063.0,-1309.0
-230.0,-449.0,-660.0,-907.0,-1140.0,-1382,-148.0,-335.0,-574.0,-814.0,-1062.0,-1309.0
-229.0,-449.0,-660.0,-910.0,-1137.0,-1379,-148.0,-333.0,-572.0,-813.0,-1061.0,-1308.0
-229.0,-447.0,-660.0,-907.0,-1140.0,-1377,-147.0,-331.0,-569.0,-811.0,-1060.0,-1307.0
-228.0,-445.0,-659.0,-905.0,-1143.0,-1374,-147.0,-330.0,-567.0,-810.0,-1059.0,-1307.0
-228.0,-441.0,-659.0,-903.0,-1145.0,-1370,-147.0,-327.0,-564.0,-809.0,-1058.0,-1306.0
-227.0,-438.0,-659.0,-902.0,-1147.0,-1367,-146.0,-325.0,-561.0,-808.0,-1057.0,-1306.0
-226.0,-435.0,-659.0,-901.0,-1149.0,-1364,-146.0,-323.0,-558.0,-806.0,-1057.0,-1305.0
-223.0,-431.0,-659.0,-899.0,-1149.0,-1359,-145.0,-320.0,-554.0,-805.0,-1056.0,-1305.0
-220.0,-428.0,-659.0,-897.0,-1147.0,-1363,-145.0,-318.0,-550.0,-804.0,-1055.0,-1304.0
-217.0,-426.0,-660.0,-896.0,-1145.0,-1367,-144.0,-314.0,-546.0,-802.0,-1054.0,-1303.0
-214.0,-422.0,-662.0,-896.0,-1142.0,-1369,-144.0,-311.0,-543.0,-800.0,-1053.0,-1302.0
-210.0,-427.0,-664.0,-896.0,-1137.0,-1372,-143.0,-308.0,-539.0,-798.0,-1051.0,-1302.0
-207.0,-429.0,-667.0,-895.0,-1133.0,-1375,-143.0,-305.0,-536.0,-796.0,-1050.0,-1301.0
-204.0,-432.0,-670.0,-895.0,-1128.0,-1379,-142.0,-301.0,-534.0,-793.0,-1049.0,-1300.0
-206.0,-435.0,-675.0,-895.0,-1124.0,-1384,-142.0,-298.0,-531.0,-791.0,-1048.0,-1299.0
-208.0,-438.0,-680.0,-894.0,-1119.0,-1389,-142.0,-295.0,-528.0,-788.0,-1047.0,-1299.0
-211.0,-442.0,-687.0,-893.0,-1114.0,-1393,-141.0,-291.0,-526.0,-785.0,-1045.0,-1298.0
-212.0,-444.0,-697.0,-893.0,-1108.0,-1398,-141.0,-287.0,-525.0,-782.0,-1043.0,-1297.0
-214.0,-447.0,-705.0,-892.0,-1103.0,-1403,-141.0,-284.0,-524.0,-779.0,-1041.0,-1296.0
-220.0,-450.0,-718.0,-891.0,-1098.0,-1411,-141.0,-281.0,-521.0,-776.0,-1039.0,-1296.0
-215.0,-454.0,-729.0,-890.0,-1092.0,-1420,-141.0,-279.0,-523.0,-772.0,-1037.0,-1295.0
-214.0,-460.0,-743.0,-888.0,-1085.0,-1429,-141.0,-278.0,-524.0,-769.0,-1034.0,-1294.0
-211.0,-464.0,-760.0,-887.0,-1078.0,-1441,-141.0,-276.0,-525.0,-766.0,-1032.0,-1292.0
-209.0,-470.0,-775.0,-885.0,-1070.0,-1451,-142.0,-275.0,-526.0,-763.0,-1029.0,-1291.0
-207.0,-477.0,-789.0,-882.0,-1063.0,-1462,-142.0,-274.0,-528.0,-760.0,-1026.0,-1289.0
-204.0,-484.0,-809.0,-879.0,-1053.0,-1475,-142.0,-272.0,-530.0,-758.0,-1024.0,-1288.0
-202.0,-490.0,-825.0,-877.0,-1046.0,-1489,-142.0,-274.0,-532.0,-755.0,-1021.0,-1286.0
-199.0,-497.0,-838.0,-877.0,-1035.0,-1506,-142.0,-275.0,-534.0,-753.0,-1018.0,-1285.0
-196.0,-504.0,-865.0,-830.0,-1026.0,-1527,-143.0,-275.0,-537.0,-750.0,-1016.0,-1283.0
-193.0,-514.0,-904.0,-876.0,-1017.0,-1543,-143.0,-277.0,-540.0,-749.0,-1013.0,-1281.0
-190.0,-524.0,-864.0,-892.0,-1010.0,-1553,-144.0,-278.0,-543.0,-747.0,-1011.0,-1279.0
-187.0,-535.0,-860.0,-897.0,-1000.0,-1565,-144.0,-280.0,-546.0,-747.0,-1009.0,-1277.0
-183.0,-551.0,-860.0,-894.0,-994.0,-1577,-145.0,-283.0,-549.0,-746.0,-1007.0,-1275.0
-179.0,-565.0,-862.0,-889.0,-991.0,-1590,-146.0,-286.0,-552.0,-745.0,-1005.0,-1274.0
-175.0,-572.0,-897.0,-875.0,-983.0,-1576,-146.0,-289.0,-555.0,-743.0,-1003.0,-1272.0
-170.0,-581.0,-868.0,-868.0,-992.0,-1571,-147.0,-292.0,-559.0,-745.0,-1002.0,-1269.0
-165.0,-597.0,-863.0,-863.0,-996.0,-1563,-148.0,-296.0,-562.0,-746.0,-1001.0,-1267.0
-161.0,-590.0,-858.0,-829.0,-1001.0,-1555,-148.0,-300.0,-566.0,-748.0,-1000.0,-1266.0
-156.0,-586.0,-837.0,-882.0,-1011.0,-1546,-149.0,-304.0,-569.0,-750.0,-998.0,-1265.0
-152.0,-581.0,-827.0,-888.0,-1022.0,-1537,-150.0,-308.0,-572.0,-751.0,-1000.0,-1263.0
-147.0,-574.0,-816.0,-891.0,-1031.0,-1526,-150.0,-312.0,-575.0,-754.0,-1000.0,-1262.0
-143.0,-567.0,-805.0,-894.0,-1040.0,-1516,-151.0,-316.0,-578.0,-758.0,-1001.0,-1261.0
-140.0,-559.0,-793.0,-896.0,-1052.0,-1504,-152.0,-320.0,-580.0,-761.0,-1002.0,-1261.0
-138.0,-550.0,-781.0,-899.0,-1066.0,-1494,-152.0,-323.0,-582.0,-763.0,-1003.0,-1260.0
-133.0,-541.0,-770.0,-900.0,-1083.0,-1484,-153.0,-327.0,-584.0,-766.0,-1005.0,-1259.0
-136.0,-530.0,-760.0,-902.0,-1093.0,-1475,-154.0,-330.0,-585.0,-771.0,-1007.0,-1257.0
-138.0,-522.0,-750.0,-902.0,-1102.0,-1467,-154.0,-334.0,-587.0,-774.0,-1009.0,-1259.0
-139.0,-514.0,-737.0,-903.0,-1114.0,-1458,-154.0,-337.0,-588.0,-778.0,-1012.0,-1259.0
-141.0,-504.0,-724.0,-904.0,-1126.0,-1448,-154.0,-340.0,-589.0,-783.0,-1015.0,-1260.0
-144.0,-494.0,-714.0,-904.0,-1136.0,-1439,-155.0,-344.0,-590.0,-786.0,-1017.0,-1261.0
-147.0,-485.0,-703.0,-904.0,-1142.0,-1429,-155.0,-348.0,-590.0,-790.0,-1019.0,-1262.0
-151.0,-477.0,-692.0,-906.0,-1149.0,-1419,-155.0,-350.0,-590.0,-794.0,-1021.0,-1263.0
-155.0,-468.0,-681.0,-904.0,-1154.0,-1411,-156.0,-353.0,-591.0,-797.0,-1024.0,-1265.0
-160.0,-461.0,-673.0,-904.0,-1156.0,-1402,-155.0,-356.0,-591.0,-801.0,-1026.0,-1267.0
-164.0,-455.0,-666.0,-904.0,-1158.0,-1395,-155.0,-358.0,-592.0,-804.0,-1029.0,-1269.0
-169.0,-449.0,-660.0,-904.0,-1160.0,-1389,-155.0,-360.0,-592.0,-808.0,-1032.0,-1271.0
-174.0,-443.0,-655.0,-903.0,-1161.0,-1383,-154.0,-361.0,-592.0,-812.0,-1034.0,-1273.0
-181.0,-439.0,-651.0,-903.0,-1162.0,-1378,-154.0,-363.0,-592.0,-816.0,-1037.0,-1275.0
-187.0,-435.0,-648.0,-902.0,-1163.0,-1374,-154.0,-364.0,-591.0,-819.0,-1040.0,-1277.0
-193.0,-432.0,-645.0,-902.0,-1164.0,-1370,-154.0,-365.0,-591.0,-822.0,-1043.0,-1279.0
-199.0,-429.0,-644.0,-901.0,-1165.0,-1368,-153.0,-366.0,-590.0,-824.0,-1045.0,-1281.0
-205.0,-428.0,-643.0,-901.0,-1166.0,-1366,-153.0,-367.0,-589.0,-827.0,-1048.0,-1283.0
-209.0,-426.0,-642.0,-901.0,-1166.0,-1365,-152.0,-368.0,-588.0,-828.0,-1050.0,-1285.0
-212.0,-426.0,-642.0,-900.0,-1166.0,-1364,-151.0,-368.0,-586.0,-829.0,-1053.0,-1287.0
-215.0,-426.0,-641.0,-900.0,-1167.0,-1364,-150.0,-369.0,-584.0,-830.0,-1054.0,-1289.0
-217.0,-426.0,-640.0,-900.0,-1168.0,-1364,-149.0,-369.0,-583.0,-831.0,-1056.0,-1292.0
-218.0,-426.0,-640.0,-899.0,-1168.0,-1363,-147.0,-371.0,-582.0,-832.0,-1058.0,-1295.0
-220.0,-426.0,-639.0,-899.0,-1168.0,-1363,-146.0,-369.0,-580.0,-833.0,-1059.0,-1297.0
-220.0,-426.0,-639.0,-897.0,-1169.0,-1363,-144.0,-369.0,-579.0,-834.0,-1060.0,-1299.0
-221.0,-426.0,-638.0,-899.0,-1169.0,-1362,-143.0,-369.0,-578.0,-834.0,-1061.0,-1301.0
-222.0,-427.0,-638.0,-899.0,-1170.0,-1362,-142.0,-368.0,-576.0,-835.0,-1062.0,-1303.0
-223.0,-427.0,-637.0,-900.0,-1170.0,-1362,-141.0,-367.0,-575.0,-835.0,-1062.0,-1305.0
-224.0,-427.0,-637.0,-900.0,-1170.0,-1362,-140.0,-366.0,-574.0,-836.0,-1063.0,-1306.0
-224.0,-427.0,-636.0,-901.0,-1170.0,-1361,-139.0,-365.0,-573.0,-836.0,-1064.0,-1307.0
-225.0,-427.0,-636.0,-901.0,-1171.0,-1361,-138.0,-364.0,-572.0,-836.0,-1064.0,-1308.0
-225.0,-426.0,-635.0,-901.0,-1171.0,-1361,-138.0,-364.0,-572.0,-838.0,-1065.0,-1309.0
-226.0,-426.0,-635.0,-902.0,-1172.0,-1360,-135.0,-363.0,-571.0,-836.0,-1065.0,-1310.0
-226.0,-426.0,-634.0,-902.0,-1172.0,-1360,-138.0,-361.0,-570.0,-836.0,-1066.0,-1310.0
-227.0,-425.0,-634.0,-902.0,-1173.0,-1359,-138.0,-360.0,-568.0,-836.0,-1066.0,-1311.0
-227.0,-425.0,-633.0,-903.0,-1173.0,-1358,-140.0,-360.0,-570.0,-835.0,-1066.0,-1311.0
-228.0,-424.0,-632.0,-904.0,-1173.0,-1358,-141.0,-359.0,-570.0,-834.0,-1066.0,-1312.0
-228.0,-424.0,-632.0,-904.0,-1174.0,-1357,-142.0,-358.0,-571.0,-834.0,-1066.0,-1312.0
-228.0,-423.0,-631.0,-905.0,-1174.0,-1357,-143.0,-357.0,-571.0,-833.0,-1066.0,-1313.0
-228.0,-422.0,-630.0,-906.0,-1175.0,-1356,-144.0,-357.0,-572.0,-833.0,-1065.0,-1313.0
-228.0,-421.0,-629.0,-907.0,-1176.0,-1355,-145.0,-356.0,-573.0,-832.0,-1065.0,-1313.0
-229.0,-420.0,-628.0,-908.0,-1176.0,-1353,-145.0,-355.0,-575.0,-831.0,-1064.0,-1314.0
-228.0,-419.0,-627.0,-909.0,-1177.0,-1352,-147.0,-354.0,-576.0,-830.0,-1063.0,-1316.0
-228.0,-418.0,-625.0,-911.0,-1178.0,-1351,-145.0,-353.0,-577.0,-829.0,-1063.0,-1314.0
-228.0,-416.0,-624.0,-912.0,-1179.0,-1350,-145.0,-351.0,-578.0,-828.0,-1062.0,-1313.0
-228.0,-415.0,-622.0,-914.0,-1181.0,-1348,-144.0,-353.0,-579.0,-827.0,-1061.0,-1313.0
-228.0,-413.0,-620.0,-916.0,-1182.0,-1347,-144.0,-354.0,-580.0,-826.0,-1061.0,-1312.0
-227.0,-411.0,-619.0,-918.0,-1183.0,-1345,-143.0,-355.0,-581.0,-825.0,-1061.0,-1312.0
-227.0,-409.0,-616.0,-920.0,-1184.0,-1343,-143.0,-356.0,-581.0,-824.0,-1060.0,-1311.0
-227.0,-407.0,-614.0,-922.0,-1185.0,-1341,-142.0,-358.0,-582.0,-823.0,-1059.0,-1311.0
-226.0,-405.0,-612.0,-924.0,-1185.0,-1339,-142.0,-360.0,-582.0,-822.0,-1058.0,-1310.0
-226.0,-403.0,-609.0,-926.0,-1187.0,-1336,-141.0,-362.0,-582.0,-821.0,-1058.0,-1310.0
-226.0,-400.0,-607.0,-928.0,-1185.0,-1334,-141.0,-363.0,-583.0,-819.0,-1057.0,-1309.0
-225.0,-398.0,-604.0,-930.0,-1185.0,-1332,-141.0,-364.0,-583.0,-821.0,-1056.0,-1309.0
-225.0,-396.0,-603.0,-931.0,-1184.0,-1329,-141.0,-365.0,-583.0,-821.0,-1055.0,-1308.0
-225.0,-394.0,-601.0,-933.0,-1183.0,-1327,-141.0,-366.0,-584.0,-822.0,-1054.0,-1308.0
-224.0,-391.0,-599.0,-935.0,-1182.0,-1325,-141.0,-367.0,-584.0,-822.0,-1053.0,-1307.0
-224.0,-389.0,-598.0,-937.0,-1181.0,-1323,-141.0,-367.0,-584.0,-824.0,-1050.0,-1306.0
-224.0,-386.0,-598.0,-939.0,-1180.0,-1321,-140.0,-368.0,-585.0,-825.0,-1053.0,-1305.0
-223.0,-383.0,-597.0,-940.0,-1179.0,-1319,-140.0,-368.0,-585.0,-826.0,-1054.0,-1304.0
-222.0,-381.0,-596.0,-941.0,-1178.0,-1317,-141.0,-368.0,-586.0,-828.0,-1054.0,-1303.0
-221.0,-378.0,-594.0,-943.0,-1176.0,-1314,-141.0,-369.0,-586.0,-830.0,-1056.0,-1302.0
-220.0,-376.0,-596.0,-944.0,-1174.0,-1313,-141.0,-369.0,-586.0,-831.0,-1057.0,-1301.0
-219.0,-374.0,-596.0,-945.0,-1172.0,-1311,-141.0,-370.0,-587.0,-832.0,-1059.0,-1301.0
-218.0,-371.0,-597.0,-945.0,-1169.0,-1310,-142.0,-370.0,-587.0,-833.0,-1061.0,-1298.0
-216.0,-369.0,-597.0,-946.0,-1167.0,-1310,-142.0,-370.0,-588.0,-834.0,-1062.0,-1300.0
-214.0,-368.0,-599.0,-946.0,-1165.0,-1309,-142.0,-371.0,-588.0,-834.0,-1064.0,-1301.0
-213.0,-366.0,-600.0,-946.0,-1163.0,-1308,-142.0,-371.0,-587.0,-834.0,-1065.0,-1302.0
-211.0,-365.0,-603.0,-948.0,-1161.0,-1306,-143.0,-371.0,-587.0,-835.0,-1066.0,-1303.0
-209.0,-364.0,-605.0,-946.0,-1159.0,-1308,-143.0,-371.0,-587.0,-835.0,-1068.0,-1304.0
-208.0,-363.0,-608.0,-946.0,-1157.0,-1308,-143.0,-371.0,-587.0,-835.0,-1068.0,-1305.0
-206.0,-361.0,-611.0,-946.0,-1154.0,-1309,-143.0,-372.0,-587.0,-836.0,-1069.0,-1307.0
-205.0,-363.0,-614.0,-945.0,-1152.0,-1310,-143.0,-372.0,-587.0,-836.0,-1069.0,-1308.0
-203.0,-363.0,-617.0,-944.0,-1149.0,-1312,-144.0,-372.0,-587.0,-836.0,-1070.0,-1309.0
-201.0,-364.0,-620.0,-943.0,-1147.0,-1313,-143.0,-372.0,-587.0,-836.0,-1070.0,-1310.0
-199.0,-365.0,-623.0,-942.0,-1145.0,-1316,-143.0,-373.0,-587.0,-836.0,-1070.0,-1312.0
-197.0,-366.0,-626.0,-940.0,-1144.0,-1318,-143.0,-373.0,-587.0,-836.0,-1070.0,-1312.0
-196.0,-368.0,-630.0,-939.0,-1143.0,-1320,-143.0,-373.0,-587.0,-837.0,-1071.0,-1312.0
-194.0,-370.0,-633.0,-938.0,-1142.0,-1322,-143.0,-373.0,-585.0,-837.0,-1071.0,-1312.0
-192.0,-372.0,-636.0,-936.0,-1142.0,-1325,-141.0,-373.0,-582.0,-837.0,-1071.0,-1313.0
-191.0,-374.0,-639.0,-934.0,-1142.0,-1328,-139.0,-373.0,-579.0,-837.0,-1071.0,-1313.0
-190.0,-377.0,-643.0,-933.0,-1142.0,-1331,-137.0,-373.0,-577.0,-837.0,-1071.0,-1313.0
-188.0,-380.0,-645.0,-932.0,-1142.0,-1334,-136.0,-374.0,-573.0,-837.0,-1071.0,-1313.0
-188.0,-383.0,-648.0,-931.0,-1142.0,-1337,-132.0,-376.0,-570.0,-837.0,-1071.0,-1313.0
-187.0,-386.0,-650.0,-930.0,-1142.0,-1341,-128.0,-374.0,-566.0,-838.0,-1071.0,-1313.0
-186.0,-389.0,-651.0,-929.0,-1142.0,-1343,-124.0,-373.0,-570.0,-838.0,-1072.0,-1313.0
-185.0,-392.0,-652.0,-928.0,-1142.0,-1346,-127.0,-370.0,-574.0,-838.0,-1072.0,-1313.0
-183.0,-394.0,-653.0,-928.0,-1142.0,-1348,-130.0,-368.0,-577.0,-838.0,-1072.0,-1313.0
-185.0,-396.0,-654.0,-927.0,-1140.0,-1351,-134.0,-365.0,-581.0,-839.0,-1072.0,-1314.0
-185.0,-399.0,-655.0,-926.0,-1142.0,-1353,-138.0,-362.0,-589.0,-839.0,-1073.0,-1314.0
-186.0,-400.0,-656.0,-925.0,-1142.0,-1354,-142.0,-359.0,-596.0,-839.0,-1073.0,-1314.0
-187.0,-402.0,-656.0,-924.0,-1142.0,-1356,-146.0,-355.0,-603.0,-841.0,-1073.0,-1314.0
-188.0,-404.0,-656.0,-923.0,-1142.0,-1357,-150.0,-358.0,-612.0,-839.0,-1073.0,-1314.0
-188.0,-406.0,-657.0,-922.0,-1142.0,-1358,-154.0,-362.0,-622.0,-839.0,-1073.0,-1314.0
-189.0,-407.0,-657.0,-921.0,-1142.0,-1359,-158.0,-365.0,-631.0,-839.0,-1073.0,-1315.0
-190.0,-408.0,-657.0,-921.0,-1142.0,-1360,-162.0,-369.0,-640.0,-837.0,-1073.0,-1315.0
-191.0,-410.0,-657.0,-920.0,-1142.0,-1361,-166.0,-375.0,-655.0,-834.0,-1073.0,-1315.0
-192.0,-411.0,-657.0,-919.0,-1142.0,-1363,-171.0,-383.0,-667.0,-832.0,-1073.0,-1315.0
-192.0,-412.0,-657.0,-918.0,-1142.0,-1363,-177.0,-389.0,-681.0,-830.0,-1073.0,-1315.0
-193.0,-413.0,-659.0,-918.0,-1143.0,-1364,-184.0,-399.0,-695.0,-826.0,-1076.0,-1315.0
-194.0,-415.0,-657.0,-917.0,-1143.0,-1365,-191.0,-406.0,-708.0,-823.0,-1070.0,-1315.0
-194.0,-416.0,-657.0,-917.0,-1143.0,-1365,-198.0,-414.0,-725.0,-819.0,-1068.0,-1315.0
-195.0,-417.0,-657.0,-917.0,-1144.0,-1366,-205.0,-425.0,-740.0,-823.0,-1066.0,-1315.0
-196.0,-418.0,-657.0,-917.0,-1144.0,-1366,-211.0,-437.0,-751.0,-827.0,-1064.0,-1315.0
-197.0,-419.0,-657.0,-917.0,-1144.0,-1366,-216.0,-453.0,-761.0,-830.0,-1058.0,-1318.0
-198.0,-419.0,-657.0,-917.0,-1145.0,-1367,-221.0,-468.0,-772.0,-834.0,-1053.0,-1316.0
-199.0,-420.0,-656.0,-917.0,-1146.0,-1367,-224.0,-485.0,-783.0,-839.0,-1056.0,-1315.0
-200.0,-420.0,-656.0,-917.0,-1146.0,-1367,-227.0,-503.0,-792.0,-847.0,-1058.0,-1311.0
-201.0,-420.0,-655.0,-917.0,-1146.0,-1367,-231.0,-522.0,-799.0,-853.0,-1061.0,-1309.0
-202.0,-419.0,-655.0,-917.0,-1147.0,-1367,-235.0,-538.0,-807.0,-861.0,-1064.0,-1307.0
-202.0,-419.0,-654.0,-917.0,-1147.0,-1367,-239.0,-562.0,-816.0,-875.0,-1067.0,-1304.0
-203.0,-418.0,-654.0,-918.0,-1147.0,-1366,-243.0,-581.0,-824.0,-883.0,-1072.0,-1298.0
-203.0,-418.0,-654.0,-918.0,-1148.0,-1366,-248.0,-597.0,-831.0,-891.0,-1076.0,-1295.0
-204.0,-418.0,-653.0,-919.0,-1148.0,-1366,-256.0,-613.0,-839.0,-904.0,-1081.0,-1297.0
-204.0,-418.0,-653.0,-920.0,-1147.0,-1365,-262.0,-630.0,-846.0,-919.0,-1086.0,-1299.0
-204.0,-417.0,-652.0,-921.0,-1147.0,-1365,-268.0,-641.0,-852.0,-932.0,-1091.0,-1303.0
-204.0,-417.0,-652.0,-922.0,-1147.0,-1364,-276.0,-648.0,-857.0,-944.0,-1097.0,-1305.0
-204.0,-416.0,-651.0,-923.0,-1145.0,-1364,-282.0,-654.0,-866.0,-956.0,-1103.0,-1308.0
-204.0,-416.0,-649.0,-924.0,-1144.0,-1363,-292.0,-660.0,-854.0,-969.0,-1109.0,-1311.0
-204.0,-415.0,-651.0,-925.0,-1143.0,-1363,-285.0,-669.0,-842.0,-982.0,-1118.0,-1315.0
-204.0,-414.0,-651.0,-928.0,-1143.0,-1362,-281.0,-676.0,-826.0,-995.0,-1128.0,-1318.0
-204.0,-413.0,-652.0,-925.0,-1142.0,-1361,-275.0,-682.0,-807.0,-1005.0,-1135.0,-1320.0
-204.0,-412.0,-653.0,-924.0,-1141.0,-1361,-265.0,-688.0,-776.0,-1015.0,-1142.0,-1323.0
-203.0,-411.0,-653.0,-923.0,-1139.0,-1360,-252.0,-693.0,-736.0,-1026.0,-1152.0,-1326.0
-203.0,-409.0,-654.0,-921.0,-1141.0,-1359,-240.0,-696.0,-718.0,-1033.0,-1162.0,-1330.0
-201.0,-409.0,-655.0,-919.0,-1142.0,-1358,-229.0,-708.0,-690.0,-1043.0,-1169.0,-1334.0
-200.0,-405.0,-655.0,-917.0,-1142.0,-1356,-217.0,-690.0,-676.0,-1052.0,-1177.0,-1339.0
-199.0,-408.0,-655.0,-914.0,-1144.0,-1358,-202.0,-680.0,-650.0,-1061.0,-1184.0,-1344.0
-198.0,-409.0,-656.0,-912.0,-1145.0,-1359,-192.0,-668.0,-635.0,-1069.0,-1191.0,-1350.0
-197.0,-409.0,-656.0,-910.0,-1147.0,-1359,-183.0,-632.0,-625.0,-1078.0,-1199.0,-1355.0
-192.0,-411.0,-656.0,-908.0,-1148.0,-1360,-174.0,-597.0,-618.0,-1085.0,-1206.0,-1360.0
-195.0,-413.0,-656.0,-907.0,-1149.0,-1361,-168.0,-564.0,-609.0,-1090.0,-1214.0,-1365.0
-196.0,-416.0,-656.0,-905.0,-1150.0,-1362,-162.0,-509.0,-600.0,-1095.0,-1221.0,-1370.0
-197.0,-418.0,-656.0,-905.0,-1151.0,-1364,-158.0,-477.0,-596.0,-1100.0,-1230.0,-1376.0
-198.0,-421.0,-656.0,-904.0,-1152.0,-1365,-154.0,-458.0,-592.0,-1109.0,-1239.0,-1383.0
-201.0,-424.0,-656.0,-903.0,-1152.0,-1367,-152.0,-439.0,-590.0,-1102.0,-1248.0,-1389.0
-204.0,-426.0,-656.0,-903.0,-1153.0,-1368,-151.0,-410.0,-589.0,-1081.0,-1256.0,-1397.0
-206.0,-428.0,-656.0,-902.0,-1154.0,-1369,-149.0,-391.0,-588.0,-1060.0,-1264.0,-1405.0
-208.0,-430.0,-656.0,-901.0,-1154.0,-1370,-149.0,-380.0,-587.0,-1043.0,-1270.0,-1414.0
-210.0,-431.0,-656.0,-901.0,-1155.0,-1370,-149.0,-370.0,-586.0,-1031.0,-1276.0,-1423.0
-212.0,-433.0,-656.0,-900.0,-1155.0,-1372,-149.0,-364.0,-586.0,-988.0,-1286.0,-1433.0
-213.0,-434.0,-656.0,-899.0,-1156.0,-1372,-148.0,-360.0,-586.0,-955.0,-1274.0,-1441.0
-214.0,-435.0,-656.0,-899.0,-1156.0,-1372,-148.0,-356.0,-586.0,-931.0,-1268.0,-1450.0
-215.0,-435.0,-656.0,-898.0,-1157.0,-1373,-148.0,-354.0,-586.0,-916.0,-1254.0,-1457.0
-216.0,-436.0,-656.0,-898.0,-1156.0,-1373,-148.0,-352.0,-586.0,-893.0,-1235.0,-1464.0
-217.0,-436.0,-656.0,-898.0,-1156.0,-1373,-148.0,-351.0,-586.0,-875.0,-1218.0,-1468.0
-218.0,-436.0,-656.0,-898.0,-1156.0,-1373,-148.0,-350.0,-586.0,-861.0,-1202.0,-1477.0
-219.0,-437.0,-656.0,-898.0,-1155.0,-1374,-148.0,-349.0,-586.0,-849.0,-1181.0,-1470.0
-220.0,-437.0,-656.0,-897.0,-1155.0,-1374,-147.0,-348.0,-586.0,-841.0,-1158.0,-1465.0
-220.0,-437.0,-656.0,-897.0,-1155.0,-1374,-147.0,-347.0,-585.0,-835.0,-1140.0,-1454.0
-221.0,-438.0,-657.0,-896.0,-1154.0,-1374,-147.0,-346.0,-585.0,-830.0,-1125.0,-1445.0
-221.0,-438.0,-657.0,-896.0,-1154.0,-1375,-147.0,-345.0,-584.0,-826.0,-1110.0,-1434.0
-221.0,-438.0,-657.0,-896.0,-1154.0,-1375,-146.0,-344.0,-584.0,-823.0,-1098.0,-1420.0
-222.0,-438.0,-657.0,-896.0,-1154.0,-1376,-146.0,-343.0,-584.0,-821.0,-1088.0,-1405.0
-222.0,-438.0,-657.0,-895.0,-1154.0,-1376,-146.0,-342.0,-583.0,-821.0,-1080.0,-1391.0
-222.0,-438.0,-657.0,-895.0,-1154.0,-1377,-146.0,-341.0,-582.0,-820.0,-1075.0,-1377.0
-222.0,-439.0,-657.0,-895.0,-1154.0,-1377,-145.0,-340.0,-582.0,-819.0,-1071.0,-1362.0
-222.0,-439.0,-657.0,-893.0,-1154.0,-1377,-145.0,-339.0,-582.0,-818.0,-1068.0,-1351.0
-222.0,-439.0,-657.0,-895.0,-1154.0,-1378,-145.0,-338.0,-581.0,-818.0,-1066.0,-1341.0
-222.0,-439.0,-657.0,-895.0,-1154.0,-1378,-144.0,-337.0,-579.0,-817.0,-1064.0,-1333.0
-222.0,-440.0,-657.0,-895.0,-1154.0,-1378,-144.0,-336.0,-578.0,-816.0,-1063.0,-1325.0
-222.0,-440.0,-657.0,-895.0,-1154.0,-1378,-144.0,-334.0,-577.0,-815.0,-1062.0,-1319.0
-223.0,-440.0,-657.0,-896.0,-1154.0,-1379,-143.0,-333.0,-576.0,-814.0,-1061.0,-1315.0
-222.0,-440.0,-657.0,-899.0,-1154.0,-1379,-143.0,-331.0,-575.0,-813.0,-1060.0,-1313.0
-222.0,-441.0,-657.0,-902.0,-1153.0,-1379,-142.0,-329.0,-573.0,-812.0,-1059.0,-1310.0
-222.0,-440.0,-657.0,-903.0,-1149.0,-1380,-142.0,-327.0,-572.0,-811.0,-1059.0,-1309.0
-222.0,-440.0,-658.0,-907.0,-1147.0,-1379,-142.0,-325.0,-570.0,-810.0,-1058.0,-1307.0
-222.0,-440.0,-658.0,-910.0,-1145.0,-1379,-141.0,-323.0,-567.0,-809.0,-1057.0,-1307.0
-222.0,-440.0,-658.0,-913.0,-1143.0,-1379,-141.0,-320.0,-564.0,-808.0,-1057.0,-1306.0
-222.0,-439.0,-658.0,-913.0,-1140.0,-1379,-140.0,-318.0,-561.0,-807.0,-1056.0,-1306.0
-222.0,-436.0,-658.0,-916.0,-1139.0,-1378,-140.0,-315.0,-558.0,-806.0,-1055.0,-1305.0
-222.0,-434.0,-658.0,-912.0,-1135.0,-1378,-139.0,-313.0,-555.0,-804.0,-1055.0,-1305.0
-221.0,-432.0,-658.0,-909.0,-1139.0,-1375,-139.0,-309.0,-551.0,-803.0,-1054.0,-1304.0
-217.0,-429.0,-658.0,-906.0,-1141.0,-1372,-138.0,-306.0,-548.0,-801.0,-1053.0,-1303.0
-215.0,-425.0,-658.0,-903.0,-1143.0,-1368,-138.0,-303.0,-545.0,-799.0,-1052.0,-1303.0
-213.0,-423.0,-659.0,-901.0,-1145.0,-1365,-137.0,-299.0,-542.0,-798.0,-1051.0,-1303.0
-210.0,-419.0,-660.0,-898.0,-1147.0,-1361,-137.0,-295.0,-539.0,-796.0,-1050.0,-1303.0
-208.0,-423.0,-661.0,-897.0,-1147.0,-1358,-136.0,-292.0,-536.0,-794.0,-1049.0,-1302.0
-204.0,-427.0,-663.0,-896.0,-1146.0,-1355,-136.0,-288.0,-534.0,-792.0,-1048.0,-1302.0
-206.0,-429.0,-666.0,-895.0,-1143.0,-1358,-135.0,-284.0,-532.0,-789.0,-1047.0,-1302.0
-207.0,-430.0,-669.0,-894.0,-1139.0,-1361,-135.0,-280.0,-531.0,-786.0,-1045.0,-1301.0
-210.0,-436.0,-675.0,-893.0,-1135.0,-1366,-135.0,-277.0,-530.0,-784.0,-1044.0,-1301.0
-212.0,-442.0,-680.0,-892.0,-1130.0,-1369,-133.0,-274.0,-529.0,-781.0,-1042.0,-1300.0
-213.0,-445.0,-688.0,-891.0,-1125.0,-1372,-135.0,-271.0,-527.0,-779.0,-1041.0,-1299.0
-216.0,-449.0,-698.0,-890.0,-1120.0,-1379,-135.0,-269.0,-529.0,-775.0,-1039.0,-1299.0
-220.0,-455.0,-707.0,-888.0,-1114.0,-1385,-135.0,-268.0,-530.0,-773.0,-1037.0,-1298.0
-216.0,-459.0,-719.0,-887.0,-1108.0,-1391,-136.0,-267.0,-531.0,-769.0,-1035.0,-1298.0
-214.0,-466.0,-735.0,-885.0,-1102.0,-1395,-136.0,-265.0,-533.0,-766.0,-1033.0,-1297.0
-212.0,-471.0,-745.0,-884.0,-1095.0,-1402,-136.0,-267.0,-535.0,-763.0,-1031.0,-1296.0
-210.0,-478.0,-756.0,-883.0,-1088.0,-1410,-137.0,-267.0,-539.0,-761.0,-1028.0,-1295.0
-208.0,-484.0,-770.0,-881.0,-1080.0,-1418,-138.0,-268.0,-542.0,-758.0,-1026.0,-1294.0
-205.0,-491.0,-781.0,-879.0,-1073.0,-1426,-138.0,-269.0,-545.0,-755.0,-1024.0,-1292.0
-202.0,-498.0,-797.0,-876.0,-1063.0,-1433,-139.0,-271.0,-548.0,-753.0,-1022.0,-1291.0
-199.0,-503.0,-816.0,-871.0,-1056.0,-1442,-140.0,-272.0,-552.0,-750.0,-1019.0,-1290.0
-196.0,-511.0,-837.0,-796.0,-1048.0,-1453,-141.0,-274.0,-554.0,-748.0,-1017.0,-1288.0
-192.0,-521.0,-850.0,-850.0,-1041.0,-1463,-141.0,-276.0,-558.0,-747.0,-1014.0,-1286.0
-188.0,-531.0,-863.0,-863.0,-1034.0,-1476,-142.0,-279.0,-560.0,-745.0,-1012.0,-1284.0
-184.0,-541.0,-902.0,-874.0,-1026.0,-1492,-143.0,-283.0,-564.0,-742.0,-1010.0,-1282.0
-180.0,-553.0,-853.0,-892.0,-1019.0,-1509,-144.0,-286.0,-568.0,-745.0,-1008.0,-1280.0
-177.0,-570.0,-848.0,-898.0,-1012.0,-1524,-145.0,-289.0,-571.0,-745.0,-1007.0,-1278.0
-173.0,-582.0,-847.0,-898.0,-1007.0,-1541,-146.0,-294.0,-575.0,-746.0,-1005.0,-1276.0
-170.0,-590.0,-849.0,-892.0,-1001.0,-1563,-147.0,-298.0,-579.0,-747.0,-1005.0,-1275.0
-165.0,-598.0,-904.0,-873.0,-997.0,-1572,-148.0,-302.0,-582.0,-749.0,-1001.0,-1273.0
-162.0,-614.0,-870.0,-870.0,-990.0,-1584,-149.0,-306.0,-585.0,-751.0,-1004.0,-1271.0
-159.0,-606.0,-864.0,-864.0,-996.0,-1588,-150.0,-311.0,-588.0,-753.0,-1005.0,-1269.0
-156.0,-603.0,-855.0,-855.0,-1001.0,-1599,-150.0,-315.0,-591.0,-756.0,-1005.0,-1268.0
-154.0,-597.0,-851.0,-822.0,-1007.0,-1584,-151.0,-318.0,-593.0,-758.0,-1006.0,-1266.0
-153.0,-589.0,-831.0,-876.0,-1013.0,-1578,-152.0,-323.0,-595.0,-761.0,-1007.0,-1265.0
-152.0,-580.0,-820.0,-879.0,-1023.0,-1571,-152.0,-326.0,-597.0,-763.0,-1008.0,-1264.0
-149.0,-570.0,-809.0,-883.0,-1032.0,-1562,-152.0,-330.0,-599.0,-767.0,-1010.0,-1263.0
-152.0,-560.0,-798.0,-887.0,-1042.0,-1551,-153.0,-333.0,-600.0,-771.0,-1012.0,-1263.0
-153.0,-550.0,-786.0,-890.0,-1052.0,-1543,-155.0,-337.0,-601.0,-775.0,-1014.0,-1260.0
-154.0,-537.0,-773.0,-893.0,-1062.0,-1529,-153.0,-340.0,-602.0,-778.0,-1017.0,-1263.0
-155.0,-527.0,-760.0,-895.0,-1073.0,-1519,-152.0,-343.0,-602.0,-782.0,-1019.0,-1263.0
-157.0,-518.0,-749.0,-897.0,-1083.0,-1510,-152.0,-346.0,-603.0,-786.0,-1021.0,-1264.0
-160.0,-510.0,-737.0,-898.0,-1095.0,-1500,-152.0,-348.0,-603.0,-790.0,-1024.0,-1264.0
-162.0,-501.0,-724.0,-899.0,-1107.0,-1487,-152.0,-350.0,-603.0,-794.0,-1027.0,-1265.0
-166.0,-492.0,-711.0,-901.0,-1117.0,-1477,-152.0,-351.0,-603.0,-798.0,-1030.0,-1267.0
-169.0,-483.0,-700.0,-902.0,-1125.0,-1467,-152.0,-353.0,-604.0,-802.0,-1033.0,-1268.0
-174.0,-475.0,-690.0,-902.0,-1134.0,-1459,-152.0,-354.0,-604.0,-806.0,-1036.0,-1270.0
-178.0,-468.0,-681.0,-902.0,-1141.0,-1448,-152.0,-355.0,-603.0,-809.0,-1039.0,-1272.0
-183.0,-460.0,-674.0,-902.0,-1146.0,-1437,-152.0,-356.0,-603.0,-812.0,-1043.0,-1274.0
-188.0,-453.0,-666.0,-903.0,-1150.0,-1428,-153.0,-357.0,-603.0,-815.0,-1046.0,-1275.0
-193.0,-447.0,-661.0,-903.0,-1154.0,-1418,-154.0,-358.0,-602.0,-818.0,-1049.0,-1277.0
-199.0,-442.0,-657.0,-903.0,-1156.0,-1409,-153.0,-359.0,-602.0,-820.0,-1051.0,-1279.0
-204.0,-439.0,-654.0,-905.0,-1157.0,-1402,-152.0,-359.0,-601.0,-822.0,-1054.0,-1282.0
-208.0,-436.0,-651.0,-903.0,-1158.0,-1394,-152.0,-360.0,-601.0,-824.0,-1056.0,-1284.0
-211.0,-433.0,-650.0,-903.0,-1159.0,-1388,-152.0,-360.0,-599.0,-825.0,-1058.0,-1287.0
-214.0,-431.0,-649.0,-903.0,-1159.0,-1382,-151.0,-360.0,-598.0,-826.0,-1060.0,-1289.0
-216.0,-431.0,-648.0,-902.0,-1160.0,-1377,-151.0,-360.0,-597.0,-828.0,-1062.0,-1292.0
-218.0,-430.0,-648.0,-902.0,-1160.0,-1374,-150.0,-360.0,-596.0,-829.0,-1064.0,-1294.0
-219.0,-430.0,-647.0,-902.0,-1161.0,-1372,-150.0,-360.0,-595.0,-830.0,-1065.0,-1296.0
-220.0,-430.0,-647.0,-902.0,-1162.0,-1369,-150.0,-359.0,-594.0,-830.0,-1066.0,-1298.0
-221.0,-430.0,-646.0,-901.0,-1162.0,-1368,-150.0,-357.0,-593.0,-831.0,-1067.0,-1301.0
-221.0,-430.0,-645.0,-901.0,-1163.0,-1367,-150.0,-357.0,-592.0,-831.0,-1068.0,-1303.0
-222.0,-430.0,-645.0,-900.0,-1163.0,-1367,-151.0,-356.0,-591.0,-831.0,-1068.0,-1304.0
-222.0,-430.0,-644.0,-900.0,-1164.0,-1366,-152.0,-355.0,-590.0,-832.0,-1069.0,-1306.0
-223.0,-430.0,-644.0,-900.0,-1164.0,-1366,-152.0,-354.0,-589.0,-832.0,-1069.0,-1307.0
-223.0,-430.0,-643.0,-899.0,-1164.0,-1365,-154.0,-353.0,-589.0,-832.0,-1070.0,-1308.0
-223.0,-430.0,-643.0,-899.0,-1165.0,-1365,-155.0,-352.0,-587.0,-833.0,-1070.0,-1310.0
-224.0,-430.0,-642.0,-899.0,-1166.0,-1364,-157.0,-351.0,-589.0,-835.0,-1070.0,-1311.0
-224.0,-430.0,-642.0,-899.0,-1166.0,-1364,-158.0,-350.0,-589.0,-833.0,-1070.0,-1311.0
-225.0,-430.0,-642.0,-899.0,-1167.0,-1364,-159.0,-349.0,-589.0,-832.0,-1070.0,-1311.0
-225.0,-430.0,-640.0,-899.0,-1167.0,-1364,-160.0,-349.0,-590.0,-832.0,-1072.0,-1312.0
-225.0,-430.0,-639.0,-897.0,-1168.0,-1363,-161.0,-348.0,-591.0,-831.0,-1070.0,-1312.0
-226.0,-430.0,-639.0,-899.0,-1168.0,-1363,-164.0,-347.0,-591.0,-831.0,-1070.0,-1313.0
-226.0,-430.0,-638.0,-899.0,-1169.0,-1363,-162.0,-347.0,-593.0,-830.0,-1070.0,-1314.0
-227.0,-430.0,-637.0,-899.0,-1170.0,-1362,-161.0,-347.0,-594.0,-829.0,-1070.0,-1314.0
-228.0,-430.0,-637.0,-899.0,-1171.0,-1362,-161.0,-344.0,-596.0,-828.0,-1070.0,-1314.0
-228.0,-429.0,-636.0,-899.0,-1172.0,-1362,-161.0,-346.0,-597.0,-827.0,-1069.0,-1315.0
-229.0,-429.0,-635.0,-899.0,-1172.0,-1361,-160.0,-347.0,-599.0,-826.0,-1069.0,-1315.0
-229.0,-428.0,-634.0,-899.0,-1173.0,-1361,-160.0,-348.0,-600.0,-825.0,-1068.0,-1315.0
-230.0,-428.0,-633.0,-900.0,-1174.0,-1360,-160.0,-349.0,-601.0,-825.0,-1068.0,-1316.0
-230.0,-427.0,-632.0,-901.0,-1175.0,-1360,-160.0,-351.0,-602.0,-824.0,-1067.0,-1317.0
-231.0,-426.0,-631.0,-901.0,-1176.0,-1359,-160.0,-354.0,-603.0,-823.0,-1066.0,-1316.0
-232.0,-426.0,-630.0,-902.0,-1177.0,-1359,-160.0,-356.0,-603.0,-823.0,-1065.0,-1316.0
-232.0,-425.0,-629.0,-903.0,-1178.0,-1358,-160.0,-357.0,-603.0,-822.0,-1065.0,-1315.0
-233.0,-424.0,-627.0,-903.0,-1178.0,-1357,-160.0,-359.0,-604.0,-821.0,-1064.0,-1315.0
-233.0,-423.0,-626.0,-904.0,-1180.0,-1357,-160.0,-361.0,-604.0,-819.0,-1063.0,-1314.0
-233.0,-422.0,-624.0,-905.0,-1181.0,-1356,-160.0,-362.0,-604.0,-821.0,-1062.0,-1314.0
-233.0,-421.0,-622.0,-906.0,-1182.0,-1355,-160.0,-364.0,-604.0,-821.0,-1062.0,-1313.0
-233.0,-419.0,-620.0,-907.0,-1183.0,-1353,-160.0,-364.0,-604.0,-822.0,-1061.0,-1313.0
-233.0,-417.0,-618.0,-908.0,-1184.0,-1352,-160.0,-365.0,-604.0,-822.0,-1060.0,-1312.0
-234.0,-415.0,-616.0,-909.0,-1185.0,-1351,-160.0,-366.0,-604.0,-823.0,-1059.0,-1312.0
-234.0,-413.0,-613.0,-910.0,-1186.0,-1349,-159.0,-366.0,-604.0,-825.0,-1057.0,-1312.0
-234.0,-411.0,-611.0,-912.0,-1187.0,-1347,-159.0,-366.0,-604.0,-826.0,-1059.0,-1311.0
-235.0,-408.0,-608.0,-913.0,-1188.0,-1345,-159.0,-367.0,-604.0,-827.0,-1060.0,-1311.0
-234.0,-406.0,-606.0,-915.0,-1190.0,-1343,-159.0,-367.0,-604.0,-829.0,-1060.0,-1310.0
-234.0,-403.0,-605.0,-916.0,-1188.0,-1341,-159.0,-368.0,-604.0,-830.0,-1061.0,-1308.0
-234.0,-401.0,-603.0,-917.0,-1188.0,-1339,-159.0,-368.0,-604.0,-831.0,-1062.0,-1308.0
-234.0,-398.0,-602.0,-918.0,-1187.0,-1337,-159.0,-369.0,-604.0,-832.0,-1064.0,-1307.0
-233.0,-397.0,-601.0,-919.0,-1186.0,-1335,-158.0,-369.0,-604.0,-833.0,-1066.0,-1306.0
-232.0,-395.0,-599.0,-920.0,-1185.0,-1332,-158.0,-369.0,-604.0,-834.0,-1067.0,-1304.0
-232.0,-394.0,-601.0,-921.0,-1184.0,-1330,-158.0,-370.0,-604.0,-835.0,-1069.0,-1306.0
-231.0,-393.0,-601.0,-922.0,-1183.0,-1328,-158.0,-370.0,-604.0,-835.0,-1070.0,-1307.0
-230.0,-392.0,-602.0,-923.0,-1182.0,-1327,-158.0,-370.0,-604.0,-835.0,-1071.0,-1308.0
-229.0,-391.0,-603.0,-924.0,-1180.0,-1325,-157.0,-370.0,-604.0,-835.0,-1072.0,-1308.0
-227.0,-390.0,-604.0,-925.0,-1178.0,-1324,-157.0,-371.0,-604.0,-836.0,-1074.0,-1310.0
-226.0,-389.0,-606.0,-925.0,-1177.0,-1323,-157.0,-371.0,-605.0,-836.0,-1074.0,-1312.0
-225.0,-389.0,-607.0,-925.0,-1175.0,-1322,-157.0,-371.0,-606.0,-836.0,-1075.0,-1313.0
-223.0,-388.0,-609.0,-927.0,-1173.0,-1322,-156.0,-372.0,-606.0,-836.0,-1075.0,-1315.0
-222.0,-385.0,-611.0,-926.0,-1171.0,-1321,-156.0,-372.0,-609.0,-836.0,-1076.0,-1316.0
-220.0,-388.0,-614.0,-925.0,-1169.0,-1319,-153.0,-372.0,-607.0,-836.0,-1076.0,-1317.0
-219.0,-389.0,-616.0,-925.0,-1168.0,-1321,-149.0,-373.0,-606.0,-837.0,-1076.0,-1319.0
-217.0,-389.0,-619.0,-925.0,-1166.0,-1322,-147.0,-373.0,-603.0,-837.0,-1077.0,-1320.0
-216.0,-390.0,-621.0,-924.0,-1164.0,-1323,-146.0,-373.0,-601.0,-837.0,-1077.0,-1320.0
-215.0,-392.0,-624.0,-923.0,-1161.0,-1324,-140.0,-373.0,-599.0,-837.0,-1077.0,-1320.0
-214.0,-393.0,-627.0,-922.0,-1159.0,-1325,-134.0,-373.0,-595.0,-838.0,-1077.0,-1321.0
-212.0,-395.0,-631.0,-921.0,-1157.0,-1326,-137.0,-376.0,-588.0,-838.0,-1077.0,-1321.0
-211.0,-397.0,-634.0,-920.0,-1155.0,-1328,-139.0,-370.0,-592.0,-838.0,-1077.0,-1321.0
-211.0,-400.0,-637.0,-919.0,-1154.0,-1329,-143.0,-368.0,-594.0,-839.0,-1077.0,-1321.0
-210.0,-402.0,-641.0,-919.0,-1152.0,-1331,-146.0,-366.0,-598.0,-839.0,-1078.0,-1321.0
-209.0,-404.0,-643.0,-918.0,-1151.0,-1333,-149.0,-363.0,-601.0,-840.0,-1078.0,-1321.0
-209.0,-407.0,-647.0,-917.0,-1149.0,-1336,-153.0,-359.0,-605.0,-840.0,-1078.0,-1321.0
-209.0,-409.0,-649.0,-916.0,-1148.0,-1339,-156.0,-354.0,-612.0,-840.0,-1078.0,-1321.0
-208.0,-412.0,-651.0,-916.0,-1147.0,-1342,-160.0,-359.0,-619.0,-840.0,-1078.0,-1321.0
-208.0,-413.0,-653.0,-915.0,-1146.0,-1345,-162.0,-362.0,-626.0,-842.0,-1078.0,-1321.0
-208.0,-415.0,-654.0,-915.0,-1145.0,-1348,-166.0,-365.0,-634.0,-840.0,-1079.0,-1321.0
-207.0,-417.0,-656.0,-914.0,-1144.0,-1351,-170.0,-368.0,-642.0,-840.0,-1079.0,-1321.0
-207.0,-419.0,-657.0,-914.0,-1144.0,-1353,-175.0,-375.0,-651.0,-840.0,-1079.0,-1322.0
-207.0,-420.0,-658.0,-914.0,-1144.0,-1356,-180.0,-382.0,-661.0,-840.0,-1080.0,-1321.0
-207.0,-421.0,-659.0,-914.0,-1143.0,-1358,-187.0,-388.0,-671.0,-836.0,-1080.0,-1321.0
-207.0,-422.0,-659.0,-913.0,-1143.0,-1360,-193.0,-396.0,-679.0,-834.0,-1082.0,-1321.0
-207.0,-423.0,-659.0,-913.0,-1143.0,-1362,-200.0,-405.0,-690.0,-831.0,-1080.0,-1321.0
-207.0,-424.0,-660.0,-913.0,-1143.0,-1364,-206.0,-414.0,-705.0,-828.0,-1080.0,-1321.0
-206.0,-424.0,-660.0,-913.0,-1142.0,-1365,-212.0,-424.0,-715.0,-825.0,-1080.0,-1321.0
-206.0,-424.0,-660.0,-912.0,-1142.0,-1366,-217.0,-436.0,-731.0,-820.0,-1078.0,-1321.0
-206.0,-425.0,-661.0,-912.0,-1142.0,-1367,-222.0,-449.0,-750.0,-823.0,-1074.0,-1321.0
-206.0,-425.0,-661.0,-912.0,-1140.0,-1368,-226.0,-464.0,-764.0,-826.0,-1071.0,-1321.0
-204.0,-426.0,-661.0,-912.0,-1142.0,-1368,-230.0,-475.0,-775.0,-831.0,-1069.0,-1321.0
-206.0,-426.0,-663.0,-912.0,-1142.0,-1369,-232.0,-488.0,-789.0,-835.0,-1065.0,-1321.0
-206.0,-426.0,-661.0,-912.0,-1142.0,-1370,-236.0,-502.0,-798.0,-841.0,-1058.0,-1321.0
-206.0,-426.0,-661.0,-912.0,-1143.0,-1370,-239.0,-522.0,-806.0,-848.0,-1061.0,-1321.0
-206.0,-426.0,-661.0,-913.0,-1143.0,-1371,-244.0,-533.0,-815.0,-855.0,-1064.0,-1320.0
-206.0,-426.0,-660.0,-913.0,-1143.0,-1371,-249.0,-550.0,-822.0,-862.0,-1067.0,-1316.0
-207.0,-427.0,-660.0,-914.0,-1143.0,-1371,-255.0,-573.0,-830.0,-871.0,-1070.0,-1313.0
-207.0,-427.0,-660.0,-914.0,-1144.0,-1371,-262.0,-591.0,-840.0,-882.0,-1074.0,-1311.0
-207.0,-426.0,-659.0,-915.0,-1144.0,-1373,-269.0,-608.0,-847.0,-891.0,-1079.0,-1307.0
-207.0,-425.0,-658.0,-916.0,-1144.0,-1371,-274.0,-631.0,-853.0,-902.0,-1084.0,-1299.0
-207.0,-424.0,-657.0,-916.0,-1145.0,-1371,-279.0,-638.0,-861.0,-913.0,-1088.0,-1302.0
-207.0,-423.0,-656.0,-917.0,-1145.0,-1371,-284.0,-650.0,-868.0,-927.0,-1093.0,-1304.0
-207.0,-422.0,-656.0,-918.0,-1145.0,-1371,-292.0,-659.0,-872.0,-937.0,-1099.0,-1306.0
-206.0,-422.0,-655.0,-919.0,-1146.0,-1370,-281.0,-668.0,-881.0,-950.0,-1106.0,-1309.0
-206.0,-421.0,-655.0,-919.0,-1146.0,-1370,-277.0,-676.0,-863.0,-961.0,-1112.0,-1312.0
-206.0,-420.0,-654.0,-920.0,-1146.0,-1369,-268.0,-682.0,-857.0,-976.0,-1119.0,-1315.0
-205.0,-419.0,-654.0,-921.0,-1145.0,-1368,-255.0,-689.0,-843.0,-988.0,-1126.0,-1319.0
-205.0,-418.0,-654.0,-922.0,-1145.0,-1367,-244.0,-697.0,-825.0,-1002.0,-1133.0,-1322.0
-205.0,-417.0,-653.0,-923.0,-1145.0,-1367,-235.0,-701.0,-796.0,-1012.0,-1141.0,-1325.0
-205.0,-416.0,-651.0,-924.0,-1144.0,-1365,-222.0,-706.0,-769.0,-1024.0,-1149.0,-1327.0
-204.0,-416.0,-653.0,-925.0,-1144.0,-1365,-208.0,-712.0,-742.0,-1033.0,-1158.0,-1330.0
-204.0,-415.0,-653.0,-926.0,-1143.0,-1364,-197.0,-721.0,-713.0,-1044.0,-1166.0,-1334.0
-203.0,-414.0,-654.0,-928.0,-1143.0,-1364,-186.0,-705.0,-681.0,-1052.0,-1173.0,-1339.0
-202.0,-413.0,-655.0,-926.0,-1142.0,-1363,-177.0,-686.0,-665.0,-1060.0,-1182.0,-1344.0
-201.0,-411.0,-656.0,-925.0,-1142.0,-1362,-169.0,-646.0,-644.0,-1067.0,-1190.0,-1349.0
-200.0,-408.0,-656.0,-923.0,-1142.0,-1362,-163.0,-604.0,-627.0,-1075.0,-1197.0,-1354.0
-199.0,-411.0,-657.0,-921.0,-1142.0,-1361,-153.0,-582.0,-617.0,-1082.0,-1205.0,-1361.0
-198.0,-411.0,-658.0,-918.0,-1142.0,-1360,-149.0,-530.0,-607.0,-1087.0,-1213.0,-1366.0
-197.0,-413.0,-658.0,-916.0,-1139.0,-1359,-146.0,-464.0,-602.0,-1094.0,-1220.0,-1371.0
-194.0,-414.0,-659.0,-914.0,-1142.0,-1359,-144.0,-436.0,-595.0,-1101.0,-1228.0,-1376.0
-197.0,-416.0,-659.0,-911.0,-1142.0,-1356,-142.0,-418.0,-591.0,-1105.0,-1236.0,-1381.0
-198.0,-418.0,-660.0,-910.0,-1143.0,-1358,-142.0,-392.0,-588.0,-1117.0,-1245.0,-1386.0
-199.0,-421.0,-660.0,-908.0,-1145.0,-1359,-141.0,-378.0,-585.0,-1108.0,-1252.0,-1392.0
-201.0,-423.0,-661.0,-905.0,-1146.0,-1359,-140.0,-367.0,-584.0,-1089.0,-1263.0,-1397.0
-204.0,-427.0,-660.0,-904.0,-1147.0,-1361,-139.0,-361.0,-583.0,-1073.0,-1269.0,-1404.0
-206.0,-430.0,-660.0,-902.0,-1149.0,-1362,-139.0,-355.0,-582.0,-1056.0,-1276.0,-1410.0
-208.0,-432.0,-660.0,-901.0,-1150.0,-1363,-139.0,-352.0,-582.0,-1038.0,-1283.0,-1419.0
-210.0,-434.0,-659.0,-900.0,-1151.0,-1365,-138.0,-350.0,-581.0,-994.0,-1299.0,-1428.0
-212.0,-436.0,-659.0,-898.0,-1152.0,-1367,-138.0,-348.0,-581.0,-970.0,-1279.0,-1439.0
-215.0,-437.0,-659.0,-897.0,-1153.0,-1369,-137.0,-347.0,-580.0,-945.0,-1300.0,-1446.0
-216.0,-439.0,-659.0,-896.0,-1153.0,-1370,-137.0,-347.0,-579.0,-915.0,-1271.0,-1455.0
-218.0,-439.0,-658.0,-895.0,-1154.0,-1371,-136.0,-346.0,-579.0,-895.0,-1254.0,-1463.0
-220.0,-440.0,-658.0,-895.0,-1155.0,-1373,-136.0,-345.0,-578.0,-877.0,-1237.0,-1470.0
-222.0,-441.0,-658.0,-895.0,-1155.0,-1374,-135.0,-345.0,-577.0,-863.0,-1223.0,-1477.0
-223.0,-442.0,-659.0,-894.0,-1155.0,-1375,-135.0,-344.0,-577.0,-852.0,-1201.0,-1481.0
-224.0,-443.0,-659.0,-893.0,-1156.0,-1376,-134.0,-344.0,-576.0,-841.0,-1172.0,-1490.0
-225.0,-444.0,-659.0,-892.0,-1156.0,-1376,-134.0,-343.0,-575.0,-833.0,-1156.0,-1478.0
-226.0,-444.0,-659.0,-892.0,-1156.0,-1377,-133.0,-343.0,-574.0,-827.0,-1136.0,-1472.0
-226.0,-445.0,-660.0,-892.0,-1156.0,-1377,-133.0,-342.0,-573.0,-823.0,-1124.0,-1463.0
-227.0,-445.0,-660.0,-891.0,-1156.0,-1378,-132.0,-342.0,-572.0,-821.0,-1106.0,-1448.0
-227.0,-446.0,-660.0,-891.0,-1156.0,-1378,-132.0,-341.0,-571.0,-819.0,-1092.0,-1437.0
-227.0,-446.0,-660.0,-891.0,-1156.0,-1378,-131.0,-340.0,-569.0,-818.0,-1084.0,-1420.0
-228.0,-447.0,-660.0,-890.0,-1156.0,-1379,-130.0,-339.0,-568.0,-817.0,-1078.0,-1405.0
-228.0,-447.0,-660.0,-890.0,-1156.0,-1379,-130.0,-338.0,-566.0,-817.0,-1073.0,-1388.0
-228.0,-448.0,-660.0,-890.0,-1157.0,-1380,-129.0,-337.0,-565.0,-816.0,-1070.0,-1377.0
-229.0,-448.0,-660.0,-889.0,-1156.0,-1380,-128.0,-335.0,-563.0,-816.0,-1067.0,-1360.0
-229.0,-448.0,-661.0,-889.0,-1156.0,-1380,-128.0,-333.0,-561.0,-815.0,-1065.0,-1346.0
-229.0,-449.0,-661.0,-889.0,-1156.0,-1381,-127.0,-331.0,-559.0,-814.0,-1064.0,-1337.0
-230.0,-449.0,-661.0,-889.0,-1156.0,-1381,-126.0,-329.0,-557.0,-814.0,-1064.0,-1328.0
-230.0,-449.0,-661.0,-888.0,-1156.0,-1381,-126.0,-327.0,-555.0,-813.0,-1063.0,-1321.0
-230.0,-450.0,-663.0,-886.0,-1156.0,-1382,-125.0,-325.0,-552.0,-813.0,-1062.0,-1316.0
-230.0,-450.0,-661.0,-888.0,-1156.0,-1382,-124.0,-323.0,-550.0,-812.0,-1062.0,-1313.0
-230.0,-450.0,-661.0,-889.0,-1156.0,-1382,-123.0,-321.0,-547.0,-811.0,-1061.0,-1310.0
-232.0,-452.0,-661.0,-892.0,-1156.0,-1382,-123.0,-319.0,-544.0,-810.0,-1060.0,-1308.0
-230.0,-450.0,-661.0,-896.0,-1156.0,-1382,-122.0,-316.0,-542.0,-809.0,-1059.0,-1307.0
-230.0,-450.0,-660.0,-898.0,-1155.0,-1382,-121.0,-314.0,-539.0,-808.0,-1059.0,-1306.0
-230.0,-450.0,-660.0,-900.0,-1153.0,-1383,-120.0,-311.0,-537.0,-807.0,-1058.0,-1306.0
-230.0,-448.0,-659.0,-904.0,-1150.0,-1382,-120.0,-307.0,-534.0,-805.0,-1057.0,-1305.0
-230.0,-445.0,-659.0,-908.0,-1148.0,-1382,-120.0,-304.0,-532.0,-804.0,-1057.0,-1304.0
-228.0,-441.0,-659.0,-910.0,-1145.0,-1382,-119.0,-300.0,-529.0,-803.0,-1056.0,-1304.0
-224.0,-438.0,-659.0,-914.0,-1142.0,-1382,-119.0,-297.0,-527.0,-802.0,-1055.0,-1304.0
-222.0,-435.0,-659.0,-911.0,-1140.0,-1382,-119.0,-294.0,-525.0,-800.0,-1054.0,-1303.0
-220.0,-430.0,-659.0,-909.0,-1136.0,-1382,-117.0,-290.0,-524.0,-798.0,-1053.0,-1303.0
-216.0,-427.0,-659.0,-906.0,-1139.0,-1381,-119.0,-287.0,-523.0,-796.0,-1052.0,-1303.0
-212.0,-427.0,-660.0,-905.0,-1141.0,-1378,-119.0,-284.0,-522.0,-794.0,-1051.0,-1302.0
-210.0,-428.0,-661.0,-903.0,-1144.0,-1374,-119.0,-281.0,-521.0,-792.0,-1049.0,-1302.0
-209.0,-431.0,-662.0,-901.0,-1145.0,-1371,-119.0,-278.0,-519.0,-790.0,-1048.0,-1301.0
-211.0,-433.0,-664.0,-901.0,-1146.0,-1368,-120.0,-276.0,-521.0,-787.0,-1047.0,-1301.0
-213.0,-435.0,-666.0,-901.0,-1147.0,-1363,-121.0,-273.0,-521.0,-785.0,-1046.0,-1300.0
-215.0,-439.0,-669.0,-901.0,-1146.0,-1356,-121.0,-272.0,-522.0,-782.0,-1044.0,-1300.0
-216.0,-442.0,-672.0,-901.0,-1142.0,-1359,-122.0,-270.0,-523.0,-780.0,-1043.0,-1299.0
-222.0,-444.0,-678.0,-901.0,-1138.0,-1360,-123.0,-269.0,-524.0,-777.0,-1041.0,-1298.0
-217.0,-446.0,-685.0,-901.0,-1134.0,-1362,-124.0,-266.0,-526.0,-773.0,-1039.0,-1298.0
-215.0,-449.0,-692.0,-901.0,-1129.0,-1366,-125.0,-268.0,-529.0,-769.0,-1037.0,-1297.0
-213.0,-451.0,-701.0,-900.0,-1124.0,-1369,-126.0,-269.0,-531.0,-766.0,-1034.0,-1296.0
-211.0,-454.0,-709.0,-899.0,-1119.0,-1373,-127.0,-270.0,-534.0,-763.0,-1032.0,-1296.0
-208.0,-459.0,-721.0,-898.0,-1112.0,-1378,-127.0,-272.0,-536.0,-760.0,-1028.0,-1295.0
-206.0,-464.0,-732.0,-897.0,-1106.0,-1382,-128.0,-274.0,-539.0,-758.0,-1026.0,-1294.0
-203.0,-470.0,-742.0,-896.0,-1099.0,-1386,-129.0,-275.0,-542.0,-755.0,-1024.0,-1292.0
-200.0,-476.0,-756.0,-894.0,-1092.0,-1389,-130.0,-278.0,-545.0,-753.0,-1021.0,-1291.0
-196.0,-483.0,-771.0,-892.0,-1085.0,-1393,-131.0,-281.0,-549.0,-751.0,-1019.0,-1290.0
-192.0,-491.0,-787.0,-889.0,-1076.0,-1397,-132.0,-284.0,-552.0,-749.0,-1016.0,-1288.0
-188.0,-499.0,-803.0,-886.0,-1069.0,-1402,-133.0,-287.0,-555.0,-748.0,-1014.0,-1286.0
-184.0,-511.0,-817.0,-882.0,-1061.0,-1407,-134.0,-291.0,-558.0,-747.0,-1012.0,-1284.0
-179.0,-521.0,-831.0,-878.0,-1054.0,-1414,-135.0,-294.0,-561.0,-746.0,-1010.0,-1283.0
-175.0,-532.0,-854.0,-822.0,-1046.0,-1423,-136.0,-298.0,-565.0,-743.0,-1008.0,-1281.0
-170.0,-545.0,-867.0,-867.0,-1036.0,-1432,-136.0,-302.0,-568.0,-746.0,-1006.0,-1279.0
-166.0,-559.0,-898.0,-876.0,-1030.0,-1441,-136.0,-306.0,-570.0,-747.0,-1005.0,-1277.0
-162.0,-569.0,-861.0,-891.0,-1022.0,-1454,-137.0,-311.0,-574.0,-749.0,-1003.0,-1276.0
-159.0,-578.0,-858.0,-893.0,-1014.0,-1464,-137.0,-315.0,-577.0,-751.0,-1002.0,-1274.0
-156.0,-586.0,-857.0,-893.0,-1006.0,-1481,-137.0,-319.0,-579.0,-753.0,-1001.0,-1272.0
-153.0,-594.0,-859.0,-888.0,-1002.0,-1499,-137.0,-322.0,-582.0,-755.0,-999.0,-1270.0
-151.0,-602.0,-897.0,-876.0,-998.0,-1516,-137.0,-326.0,-584.0,-758.0,-1001.0,-1268.0
-149.0,-591.0,-871.0,-871.0,-991.0,-1528,-137.0,-330.0,-586.0,-761.0,-1002.0,-1266.0
-149.0,-586.0,-863.0,-863.0,-996.0,-1541,-137.0,-334.0,-588.0,-764.0,-1003.0,-1264.0
-148.0,-579.0,-858.0,-828.0,-1000.0,-1562,-138.0,-336.0,-589.0,-767.0,-1004.0,-1262.0
-146.0,-572.0,-838.0,-883.0,-1004.0,-1569,-138.0,-339.0,-591.0,-770.0,-1006.0,-1261.0
-148.0,-562.0,-827.0,-888.0,-1010.0,-1575,-138.0,-343.0,-593.0,-773.0,-1008.0,-1260.0
-149.0,-551.0,-815.0,-892.0,-1017.0,-1584,-138.0,-345.0,-594.0,-777.0,-1010.0,-1259.0
-150.0,-539.0,-803.0,-896.0,-1025.0,-1574,-138.0,-347.0,-595.0,-780.0,-1013.0,-1259.0
-150.0,-529.0,-791.0,-900.0,-1033.0,-1570,-138.0,-349.0,-596.0,-784.0,-1015.0,-1257.0
-152.0,-518.0,-773.0,-904.0,-1042.0,-1562,-138.0,-351.0,-597.0,-787.0,-1018.0,-1259.0
-154.0,-505.0,-756.0,-906.0,-1053.0,-1555,-138.0,-353.0,-598.0,-791.0,-1020.0,-1259.0
-157.0,-494.0,-741.0,-909.0,-1065.0,-1544,-138.0,-354.0,-599.0,-794.0,-1023.0,-1260.0
-160.0,-484.0,-726.0,-911.0,-1077.0,-1535,-138.0,-354.0,-600.0,-798.0,-1026.0,-1261.0
-164.0,-473.0,-712.0,-912.0,-1088.0,-1524,-138.0,-356.0,-600.0,-801.0,-1028.0,-1263.0
-169.0,-464.0,-699.0,-914.0,-1101.0,-1512,-138.0,-357.0,-600.0,-804.0,-1031.0,-1264.0
-174.0,-456.0,-688.0,-915.0,-1112.0,-1499,-137.0,-357.0,-600.0,-807.0,-1034.0,-1266.0
-180.0,-447.0,-678.0,-916.0,-1122.0,-1488,-136.0,-358.0,-600.0,-810.0,-1036.0,-1267.0
-185.0,-439.0,-669.0,-917.0,-1130.0,-1473,-135.0,-358.0,-599.0,-813.0,-1040.0,-1269.0
-189.0,-433.0,-662.0,-919.0,-1137.0,-1458,-134.0,-358.0,-599.0,-815.0,-1043.0,-1271.0
-194.0,-428.0,-657.0,-917.0,-1142.0,-1445,-133.0,-358.0,-598.0,-817.0,-1045.0,-1274.0
-198.0,-424.0,-653.0,-916.0,-1146.0,-1435,-132.0,-358.0,-598.0,-819.0,-1048.0,-1275.0
-202.0,-420.0,-650.0,-916.0,-1149.0,-1424,-131.0,-358.0,-597.0,-821.0,-1050.0,-1278.0
-205.0,-417.0,-647.0,-915.0,-1151.0,-1413,-130.0,-358.0,-596.0,-822.0,-1053.0,-1280.0
-208.0,-416.0,-646.0,-915.0,-1153.0,-1404,-130.0,-357.0,-595.0,-824.0,-1055.0,-1282.0
-210.0,-413.0,-645.0,-914.0,-1155.0,-1396,-129.0,-357.0,-594.0,-825.0,-1057.0,-1285.0
-211.0,-415.0,-644.0,-914.0,-1155.0,-1387,-126.0,-356.0,-594.0,-826.0,-1059.0,-1287.0
-212.0,-416.0,-644.0,-913.0,-1155.0,-1380,-129.0,-355.0,-593.0,-827.0,-1060.0,-1289.0
-212.0,-416.0,-643.0,-913.0,-1156.0,-1372,-129.0,-355.0,-592.0,-828.0,-1061.0,-1291.0
-212.0,-416.0,-643.0,-913.0,-1156.0,-1367,-130.0,-354.0,-592.0,-829.0,-1063.0,-1293.0
-213.0,-416.0,-642.0,-913.0,-1157.0,-1364,-132.0,-353.0,-591.0,-829.0,-1064.0,-1295.0
-213.0,-416.0,-642.0,-912.0,-1158.0,-1361,-133.0,-352.0,-590.0,-829.0,-1065.0,-1297.0
-214.0,-416.0,-641.0,-912.0,-1159.0,-1358,-135.0,-352.0,-590.0,-829.0,-1066.0,-1298.0
-214.0,-415.0,-640.0,-912.0,-1159.0,-1356,-136.0,-351.0,-588.0,-829.0,-1066.0,-1300.0
-214.0,-415.0,-639.0,-912.0,-1160.0,-1355,-138.0,-350.0,-590.0,-829.0,-1067.0,-1301.0
-215.0,-415.0,-639.0,-912.0,-1161.0,-1355,-139.0,-350.0,-590.0,-829.0,-1067.0,-1302.0
-216.0,-415.0,-638.0,-912.0,-1162.0,-1355,-140.0,-349.0,-591.0,-829.0,-1067.0,-1303.0
-216.0,-415.0,-637.0,-912.0,-1162.0,-1354,-141.0,-348.0,-592.0,-829.0,-1068.0,-1304.0
-217.0,-415.0,-636.0,-912.0,-1163.0,-1354,-143.0,-348.0,-593.0,-828.0,-1068.0,-1306.0
-218.0,-414.0,-636.0,-912.0,-1163.0,-1354,-141.0,-345.0,-595.0,-828.0,-1068.0,-1307.0
-219.0,-414.0,-635.0,-913.0,-1164.0,-1353,-140.0,-348.0,-596.0,-827.0,-1068.0,-1307.0
-219.0,-414.0,-634.0,-913.0,-1164.0,-1353,-140.0,-348.0,-597.0,-826.0,-1068.0,-1308.0
-219.0,-413.0,-634.0,-913.0,-1165.0,-1353,-140.0,-348.0,-599.0,-825.0,-1068.0,-1308.0
-219.0,-413.0,-633.0,-913.0,-1165.0,-1352,-140.0,-350.0,-601.0,-824.0,-1068.0,-1309.0
-219.0,-412.0,-633.0,-914.0,-1166.0,-1352,-140.0,-351.0,-602.0,-823.0,-1067.0,-1309.0
-219.0,-412.0,-632.0,-914.0,-1166.0,-1351,-140.0,-353.0,-603.0,-822.0,-1067.0,-1309.0
-219.0,-411.0,-632.0,-914.0,-1166.0,-1351,-140.0,-355.0,-604.0,-821.0,-1066.0,-1309.0
-220.0,-411.0,-630.0,-915.0,-1167.0,-1351,-140.0,-357.0,-605.0,-821.0,-1065.0,-1309.0
-220.0,-409.0,-629.0,-916.0,-1167.0,-1350,-140.0,-360.0,-606.0,-820.0,-1064.0,-1309.0
-220.0,-408.0,-628.0,-917.0,-1168.0,-1349,-140.0,-362.0,-607.0,-819.0,-1063.0,-1309.0
-220.0,-407.0,-627.0,-917.0,-1168.0,-1349,-140.0,-364.0,-608.0,-817.0,-1062.0,-1309.0
-220.0,-406.0,-625.0,-918.0,-1169.0,-1348,-140.0,-365.0,-609.0,-816.0,-1061.0,-1309.0
-220.0,-405.0,-624.0,-918.0,-1170.0,-1348,-140.0,-366.0,-609.0,-816.0,-1060.0,-1309.0
-220.0,-404.0,-622.0,-919.0,-1171.0,-1347,-141.0,-368.0,-609.0,-815.0,-1060.0,-1309.0
-221.0,-402.0,-620.0,-920.0,-1172.0,-1346,-141.0,-369.0,-610.0,-813.0,-1059.0,-1309.0
-221.0,-401.0,-619.0,-921.0,-1173.0,-1345,-141.0,-369.0,-610.0,-815.0,-1058.0,-1309.0
-221.0,-399.0,-617.0,-921.0,-1174.0,-1344,-141.0,-370.0,-611.0,-816.0,-1057.0,-1308.0
-221.0,-397.0,-614.0,-922.0,-1175.0,-1343,-141.0,-370.0,-611.0,-816.0,-1055.0,-1308.0
-222.0,-395.0,-612.0,-923.0,-1176.0,-1342,-143.0,-371.0,-611.0,-818.0,-1054.0,-1307.0
-222.0,-394.0,-610.0,-924.0,-1177.0,-1340,-142.0,-371.0,-612.0,-819.0,-1054.0,-1306.0
-222.0,-392.0,-607.0,-925.0,-1179.0,-1339,-141.0,-371.0,-612.0,-821.0,-1051.0,-1305.0
-223.0,-390.0,-605.0,-926.0,-1180.0,-1338,-141.0,-372.0,-612.0,-823.0,-1053.0,-1304.0
-223.0,-388.0,-604.0,-927.0,-1181.0,-1336,-141.0,-373.0,-612.0,-825.0,-1054.0,-1303.0
-224.0,-386.0,-602.0,-928.0,-1182.0,-1335,-142.0,-373.0,-613.0,-827.0,-1055.0,-1302.0
-223.0,-385.0,-600.0,-929.0,-1182.0,-1333,-142.0,-374.0,-613.0,-828.0,-1056.0,-1301.0
-223.0,-383.0,-600.0,-930.0,-1183.0,-1332,-142.0,-374.0,-613.0,-829.0,-1058.0,-1300.0
-222.0,-381.0,-599.0,-930.0,-1183.0,-1330,-142.0,-375.0,-614.0,-831.0,-1060.0,-1299.0
-222.0,-380.0,-598.0,-930.0,-1183.0,-1328,-142.0,-375.0,-614.0,-832.0,-1062.0,-1299.0
-222.0,-379.0,-596.0,-931.0,-1184.0,-1326,-142.0,-376.0,-614.0,-833.0,-1064.0,-1296.0
-222.0,-378.0,-598.0,-931.0,-1185.0,-1324,-143.0,-376.0,-615.0,-833.0,-1066.0,-1298.0
-221.0,-378.0,-598.0,-933.0,-1184.0,-1323,-145.0,-377.0,-615.0,-834.0,-1068.0,-1299.0
-221.0,-376.0,-599.0,-931.0,-1183.0,-1321,-143.0,-378.0,-616.0,-835.0,-1069.0,-1300.0
-220.0,-378.0,-600.0,-931.0,-1183.0,-1319,-142.0,-378.0,-616.0,-835.0,-1070.0,-1301.0
-220.0,-378.0,-601.0,-930.0,-1182.0,-1317,-139.0,-379.0,-616.0,-835.0,-1071.0,-1302.0
-219.0,-379.0,-602.0,-930.0,-1181.0,-1316,-136.0,-380.0,-619.0,-836.0,-1072.0,-1304.0
-219.0,-379.0,-604.0,-930.0,-1180.0,-1314,-134.0,-380.0,-617.0,-836.0,-1072.0,-1305.0
-218.0,-381.0,-606.0,-929.0,-1178.0,-1313,-131.0,-381.0,-616.0,-836.0,-1073.0,-1307.0
-218.0,-382.0,-609.0,-929.0,-1177.0,-1312,-124.0,-381.0,-613.0,-836.0,-1073.0,-1308.0
-217.0,-385.0,-612.0,-928.0,-1176.0,-1311,-127.0,-384.0,-610.0,-836.0,-1073.0,-1309.0
-216.0,-387.0,-615.0,-926.0,-1174.0,-1309,-130.0,-382.0,-608.0,-836.0,-1074.0,-1311.0
-216.0,-389.0,-617.0,-925.0,-1173.0,-1311,-133.0,-381.0,-605.0,-837.0,-1074.0,-1312.0
-215.0,-392.0,-620.0,-924.0,-1171.0,-1311,-136.0,-378.0,-600.0,-837.0,-1074.0,-1314.0
-214.0,-394.0,-622.0,-923.0,-1170.0,-1312,-139.0,-376.0,-603.0,-838.0,-1074.0,-1315.0
-214.0,-396.0,-625.0,-922.0,-1169.0,-1313,-144.0,-373.0,-607.0,-838.0,-1074.0,-1315.0
-214.0,-398.0,-627.0,-920.0,-1167.0,-1315,-148.0,-369.0,-610.0,-839.0,-1074.0,-1315.0
-214.0,-401.0,-631.0,-919.0,-1165.0,-1316,-152.0,-367.0,-614.0,-839.0,-1074.0,-1316.0
-213.0,-403.0,-634.0,-918.0,-1163.0,-1318,-155.0,-366.0,-621.0,-840.0,-1074.0,-1316.0
-213.0,-406.0,-637.0,-916.0,-1161.0,-1321,-158.0,-368.0,-628.0,-840.0,-1075.0,-1316.0
-213.0,-409.0,-640.0,-915.0,-1160.0,-1323,-162.0,-371.0,-634.0,-841.0,-1075.0,-1316.0
-213.0,-412.0,-643.0,-914.0,-1158.0,-1325,-166.0,-374.0,-641.0,-841.0,-1075.0,-1316.0
-213.0,-415.0,-645.0,-913.0,-1157.0,-1328,-171.0,-379.0,-647.0,-842.0,-1076.0,-1316.0
-213.0,-417.0,-648.0,-912.0,-1156.0,-1330,-177.0,-385.0,-657.0,-842.0,-1076.0,-1316.0
-213.0,-420.0,-650.0,-910.0,-1155.0,-1333,-182.0,-391.0,-666.0,-842.0,-1077.0,-1316.0
-213.0,-423.0,-652.0,-909.0,-1154.0,-1335,-189.0,-397.0,-676.0,-845.0,-1077.0,-1316.0
-213.0,-424.0,-653.0,-908.0,-1153.0,-1339,-196.0,-404.0,-686.0,-842.0,-1078.0,-1316.0
-214.0,-426.0,-654.0,-907.0,-1153.0,-1342,-201.0,-413.0,-695.0,-838.0,-1078.0,-1316.0
-215.0,-428.0,-656.0,-907.0,-1152.0,-1345,-206.0,-425.0,-706.0,-836.0,-1079.0,-1316.0
-216.0,-430.0,-656.0,-906.0,-1152.0,-1348,-211.0,-436.0,-716.0,-835.0,-1079.0,-1317.0
-216.0,-432.0,-657.0,-905.0,-1152.0,-1351,-215.0,-448.0,-726.0,-831.0,-1080.0,-1317.0
-217.0,-433.0,-657.0,-905.0,-1152.0,-1353,-218.0,-461.0,-738.0,-828.0,-1083.0,-1317.0
-218.0,-434.0,-657.0,-904.0,-1152.0,-1356,-220.0,-475.0,-749.0,-823.0,-1081.0,-1318.0
-219.0,-435.0,-658.0,-904.0,-1153.0,-1358,-223.0,-488.0,-760.0,-830.0,-1079.0,-1318.0
-219.0,-436.0,-658.0,-903.0,-1153.0,-1361,-225.0,-503.0,-773.0,-833.0,-1077.0,-1319.0
-220.0,-437.0,-658.0,-903.0,-1153.0,-1363,-228.0,-518.0,-788.0,-836.0,-1075.0,-1319.0
-221.0,-438.0,-658.0,-903.0,-1153.0,-1365,-230.0,-533.0,-798.0,-840.0,-1073.0,-1319.0
-221.0,-438.0,-658.0,-902.0,-1153.0,-1366,-234.0,-545.0,-807.0,-845.0,-1068.0,-1320.0
-222.0,-438.0,-659.0,-902.0,-1153.0,-1367,-238.0,-558.0,-816.0,-852.0,-1063.0,-1321.0
-222.0,-438.0,-658.0,-902.0,-1154.0,-1369,-246.0,-573.0,-824.0,-859.0,-1066.0,-1320.0
-223.0,-439.0,-658.0,-902.0,-1154.0,-1369,-252.0,-590.0,-832.0,-866.0,-1068.0,-1319.0
-223.0,-440.0,-658.0,-902.0,-1154.0,-1370,-257.0,-604.0,-838.0,-876.0,-1071.0,-1316.0
-225.0,-439.0,-658.0,-903.0,-1154.0,-1371,-262.0,-616.0,-845.0,-884.0,-1074.0,-1313.0
-223.0,-438.0,-658.0,-903.0,-1154.0,-1372,-268.0,-628.0,-852.0,-895.0,-1077.0,-1310.0
-223.0,-438.0,-657.0,-904.0,-1155.0,-1372,-277.0,-639.0,-859.0,-906.0,-1083.0,-1308.0
-222.0,-438.0,-657.0,-904.0,-1155.0,-1372,-266.0,-648.0,-866.0,-919.0,-1088.0,-1303.0
-222.0,-438.0,-656.0,-904.0,-1155.0,-1372,-260.0,-654.0,-871.0,-932.0,-1093.0,-1298.0
-221.0,-437.0,-655.0,-905.0,-1155.0,-1373,-253.0,-659.0,-877.0,-942.0,-1098.0,-1301.0
-221.0,-435.0,-654.0,-905.0,-1155.0,-1373,-245.0,-665.0,-889.0,-954.0,-1103.0,-1304.0
-221.0,-434.0,-653.0,-906.0,-1155.0,-1373,-232.0,-671.0,-881.0,-966.0,-1109.0,-1307.0
-221.0,-433.0,-653.0,-907.0,-1155.0,-1375,-221.0,-677.0,-871.0,-980.0,-1115.0,-1309.0
-220.0,-432.0,-652.0,-907.0,-1156.0,-1373,-210.0,-685.0,-847.0,-991.0,-1122.0,-1312.0
-220.0,-431.0,-651.0,-908.0,-1156.0,-1373,-201.0,-691.0,-803.0,-1001.0,-1129.0,-1316.0
-220.0,-430.0,-650.0,-909.0,-1157.0,-1373,-193.0,-697.0,-773.0,-1011.0,-1136.0,-1318.0
-220.0,-428.0,-650.0,-911.0,-1156.0,-1373,-184.0,-701.0,-750.0,-1020.0,-1142.0,-1321.0
-219.0,-427.0,-650.0,-912.0,-1156.0,-1372,-176.0,-713.0,-708.0,-1028.0,-1150.0,-1323.0
-217.0,-425.0,-650.0,-914.0,-1155.0,-1372,-169.0,-693.0,-680.0,-1037.0,-1158.0,-1326.0
-217.0,-423.0,-649.0,-916.0,-1154.0,-1371,-164.0,-641.0,-657.0,-1045.0,-1166.0,-1329.0
-215.0,-422.0,-647.0,-918.0,-1154.0,-1370,-159.0,-615.0,-638.0,-1052.0,-1175.0,-1333.0
-214.0,-420.0,-649.0,-919.0,-1153.0,-1369,-156.0,-574.0,-623.0,-1059.0,-1182.0,-1338.0
-212.0,-418.0,-650.0,-919.0,-1152.0,-1368,-154.0,-498.0,-614.0,-1067.0,-1190.0,-1342.0
-211.0,-417.0,-650.0,-922.0,-1151.0,-1367,-152.0,-464.0,-607.0,-1075.0,-1196.0,-1347.0
-210.0,-414.0,-651.0,-919.0,-1151.0,-1366,-151.0,-441.0,-602.0,-1082.0,-1204.0,-1351.0
-210.0,-417.0,-652.0,-918.0,-1150.0,-1365,-151.0,-398.0,-598.0,-1090.0,-1212.0,-1356.0
-209.0,-417.0,-653.0,-917.0,-1149.0,-1364,-150.0,-384.0,-595.0,-1097.0,-1219.0,-1362.0
-209.0,-418.0,-654.0,-915.0,-1148.0,-1363,-149.0,-376.0,-593.0,-1103.0,-1227.0,-1367.0
-209.0,-420.0,-654.0,-913.0,-1146.0,-1362,-149.0,-367.0,-591.0,-1109.0,-1234.0,-1372.0
-210.0,-422.0,-655.0,-912.0,-1148.0,-1361,-149.0,-363.0,-590.0,-1122.0,-1242.0,-1378.0
-210.0,-424.0,-656.0,-910.0,-1148.0,-1360,-149.0,-359.0,-589.0,-1103.0,-1251.0,-1383.0
-211.0,-426.0,-656.0,-908.0,-1149.0,-1359,-149.0,-357.0,-589.0,-1089.0,-1260.0,-1390.0
-213.0,-428.0,-657.0,-906.0,-1149.0,-1358,-149.0,-356.0,-588.0,-1066.0,-1269.0,-1396.0
-214.0,-430.0,-657.0,-904.0,-1150.0,-1358,-149.0,-355.0,-587.0,-1042.0,-1277.0,-1403.0
-216.0,-432.0,-658.0,-902.0,-1151.0,-1355,-150.0,-354.0,-586.0,-1010.0,-1286.0,-1412.0
-218.0,-434.0,-658.0,-901.0,-1152.0,-1358,-150.0,-353.0,-586.0,-977.0,-1293.0,-1422.0
-219.0,-435.0,-658.0,-899.0,-1152.0,-1358,-150.0,-352.0,-585.0,-948.0,-1305.0,-1431.0
-221.0,-437.0,-659.0,-898.0,-1153.0,-1360,-150.0,-351.0,-584.0,-919.0,-1289.0,-1438.0
-222.0,-438.0,-658.0,-897.0,-1154.0,-1361,-150.0,-350.0,-584.0,-895.0,-1281.0,-1449.0
-224.0,-439.0,-658.0,-896.0,-1155.0,-1362,-150.0,-349.0,-583.0,-873.0,-1266.0,-1456.0
-226.0,-441.0,-658.0,-895.0,-1155.0,-1364,-150.0,-348.0,-582.0,-861.0,-1246.0,-1466.0
-227.0,-442.0,-657.0,-895.0,-1156.0,-1365,-152.0,-348.0,-581.0,-849.0,-1224.0,-1472.0
-228.0,-442.0,-657.0,-894.0,-1157.0,-1366,-150.0,-347.0,-580.0,-840.0,-1202.0,-1479.0
-228.0,-443.0,-657.0,-893.0,-1158.0,-1368,-150.0,-346.0,-579.0,-834.0,-1179.0,-1484.0
-229.0,-444.0,-657.0,-892.0,-1159.0,-1369,-150.0,-345.0,-578.0,-830.0,-1150.0,-1492.0
-230.0,-445.0,-657.0,-892.0,-1159.0,-1370,-150.0,-344.0,-577.0,-827.0,-1136.0,-1481.0
-231.0,-446.0,-657.0,-891.0,-1159.0,-1371,-150.0,-343.0,-576.0,-826.0,-1118.0,-1471.0
-232.0,-447.0,-658.0,-890.0,-1160.0,-1372,-150.0,-342.0,-575.0,-825.0,-1103.0,-1461.0
-233.0,-448.0,-658.0,-889.0,-1160.0,-1374,-150.0,-341.0,-574.0,-825.0,-1091.0,-1447.0
-234.0,-449.0,-658.0,-888.0,-1160.0,-1375,-149.0,-340.0,-572.0,-824.0,-1082.0,-1433.0
-234.0,-450.0,-658.0,-887.0,-1160.0,-1375,-149.0,-338.0,-571.0,-824.0,-1077.0,-1416.0
-235.0,-451.0,-658.0,-887.0,-1160.0,-1375,-149.0,-337.0,-569.0,-823.0,-1073.0,-1400.0
-236.0,-452.0,-658.0,-886.0,-1160.0,-1376,-149.0,-336.0,-567.0,-823.0,-1071.0,-1381.0
-236.0,-452.0,-658.0,-885.0,-1160.0,-1376,-149.0,-334.0,-565.0,-822.0,-1070.0,-1366.0
-236.0,-453.0,-658.0,-884.0,-1161.0,-1376,-149.0,-332.0,-563.0,-821.0,-1069.0,-1351.0
-238.0,-454.0,-658.0,-884.0,-1162.0,-1377,-149.0,-330.0,-561.0,-820.0,-1069.0,-1340.0
-239.0,-455.0,-658.0,-883.0,-1162.0,-1377,-149.0,-328.0,-558.0,-820.0,-1068.0,-1330.0
-239.0,-455.0,-658.0,-882.0,-1163.0,-1378,-149.0,-326.0,-556.0,-819.0,-1067.0,-1323.0
-240.0,-456.0,-658.0,-881.0,-1163.0,-1378,-149.0,-323.0,-553.0,-818.0,-1067.0,-1318.0
-241.0,-457.0,-658.0,-880.0,-1163.0,-1379,-149.0,-320.0,-550.0,-818.0,-1067.0,-1316.0
-241.0,-457.0,-659.0,-880.0,-1163.0,-1379,-149.0,-317.0,-548.0,-817.0,-1066.0,-1313.0
-242.0,-457.0,-659.0,-879.0,-1164.0,-1380,-148.0,-315.0,-546.0,-816.0,-1066.0,-1312.0
-242.0,-458.0,-660.0,-877.0,-1164.0,-1380,-148.0,-311.0,-544.0,-815.0,-1065.0,-1311.0
-243.0,-458.0,-659.0,-879.0,-1164.0,-1380,-148.0,-309.0,-541.0,-814.0,-1064.0,-1311.0
-243.0,-458.0,-659.0,-880.0,-1164.0,-1381,-148.0,-307.0,-539.0,-813.0,-1064.0,-1311.0
-243.0,-461.0,-659.0,-883.0,-1164.0,-1381,-148.0,-304.0,-538.0,-812.0,-1063.0,-1310.0
-246.0,-458.0,-658.0,-887.0,-1167.0,-1381,-148.0,-301.0,-536.0,-810.0,-1062.0,-1310.0
-243.0,-454.0,-658.0,-890.0,-1165.0,-1381,-148.0,-299.0,-535.0,-809.0,-1061.0,-1309.0
-239.0,-451.0,-658.0,-893.0,-1161.0,-1381,-148.0,-297.0,-534.0,-807.0,-1061.0,-1309.0
-235.0,-448.0,-658.0,-897.0,-1157.0,-1381,-148.0,-295.0,-532.0,-805.0,-1060.0,-1309.0
-233.0,-445.0,-658.0,-899.0,-1155.0,-1381,-149.0,-293.0,-534.0,-803.0,-1059.0,-1308.0
-229.0,-442.0,-658.0,-900.0,-1152.0,-1381,-149.0,-292.0,-534.0,-800.0,-1059.0,-1308.0
-225.0,-440.0,-658.0,-898.0,-1147.0,-1382,-150.0,-291.0,-535.0,-798.0,-1057.0,-1307.0
-224.0,-442.0,-658.0,-894.0,-1143.0,-1382,-150.0,-290.0,-536.0,-795.0,-1056.0,-1307.0
-226.0,-445.0,-658.0,-891.0,-1146.0,-1384,-150.0,-290.0,-538.0,-793.0,-1056.0,-1306.0
-228.0,-447.0,-660.0,-888.0,-1147.0,-1382,-150.0,-287.0,-540.0,-789.0,-1054.0,-1306.0
-232.0,-451.0,-661.0,-886.0,-1150.0,-1382,-150.0,-289.0,-542.0,-786.0,-1053.0,-1306.0
-234.0,-454.0,-663.0,-883.0,-1153.0,-1381,-151.0,-290.0,-545.0,-784.0,-1051.0,-1305.0
-236.0,-458.0,-666.0,-883.0,-1156.0,-1378,-151.0,-291.0,-548.0,-781.0,-1050.0,-1305.0
-241.0,-462.0,-670.0,-883.0,-1162.0,-1375,-151.0,-292.0,-551.0,-778.0,-1048.0,-1304.0
-235.0,-464.0,-673.0,-883.0,-1156.0,-1374,-152.0,-293.0,-554.0,-775.0,-1046.0,-1304.0
-233.0,-466.0,-678.0,-883.0,-1154.0,-1370,-153.0,-296.0,-557.0,-772.0,-1044.0,-1303.0
-231.0,-469.0,-683.0,-882.0,-1151.0,-1366,-153.0,-298.0,-560.0,-769.0,-1042.0,-1302.0
-228.0,-473.0,-689.0,-882.0,-1147.0,-1363,-154.0,-302.0,-563.0,-766.0,-1039.0,-1301.0
-225.0,-476.0,-698.0,-882.0,-1144.0,-1365,-154.0,-305.0,-567.0,-764.0,-1037.0,-1300.0
-223.0,-480.0,-706.0,-882.0,-1140.0,-1369,-155.0,-308.0,-570.0,-762.0,-1034.0,-1299.0
-219.0,-485.0,-716.0,-881.0,-1135.0,-1371,-155.0,-312.0,-574.0,-760.0,-1032.0,-1298.0
-216.0,-490.0,-728.0,-880.0,-1129.0,-1373,-155.0,-315.0,-577.0,-759.0,-1029.0,-1296.0
-212.0,-494.0,-738.0,-880.0,-1123.0,-1378,-155.0,-318.0,-580.0,-759.0,-1027.0,-1295.0
-208.0,-501.0,-749.0,-878.0,-1116.0,-1383,-155.0,-321.0,-583.0,-757.0,-1025.0,-1293.0
-205.0,-508.0,-763.0,-877.0,-1109.0,-1387,-157.0,-324.0,-586.0,-759.0,-1022.0,-1292.0
-201.0,-516.0,-776.0,-876.0,-1103.0,-1391,-155.0,-327.0,-588.0,-759.0,-1020.0,-1290.0
-196.0,-524.0,-791.0,-873.0,-1096.0,-1395,-155.0,-330.0,-591.0,-760.0,-1018.0,-1288.0
-192.0,-531.0,-806.0,-870.0,-1086.0,-1399,-155.0,-333.0,-594.0,-761.0,-1017.0,-1286.0
-188.0,-541.0,-818.0,-864.0,-1078.0,-1404,-155.0,-337.0,-596.0,-763.0,-1016.0,-1284.0
-183.0,-551.0,-840.0,-805.0,-1070.0,-1410,-155.0,-340.0,-598.0,-766.0,-1015.0,-1282.0
-179.0,-560.0,-853.0,-853.0,-1061.0,-1417,-155.0,-343.0,-600.0,-768.0,-1013.0,-1280.0
-174.0,-573.0,-894.0,-869.0,-1052.0,-1423,-154.0,-347.0,-602.0,-771.0,-1015.0,-1279.0
-171.0,-585.0,-850.0,-885.0,-1043.0,-1428,-154.0,-350.0,-603.0,-774.0,-1015.0,-1277.0
-167.0,-593.0,-847.0,-891.0,-1034.0,-1436,-154.0,-353.0,-605.0,-777.0,-1016.0,-1275.0
-165.0,-601.0,-847.0,-893.0,-1025.0,-1445,-154.0,-356.0,-606.0,-780.0,-1017.0,-1274.0
-163.0,-615.0,-848.0,-892.0,-1018.0,-1454,-154.0,-358.0,-607.0,-784.0,-1018.0,-1272.0
-161.0,-606.0,-852.0,-888.0,-1010.0,-1464,-153.0,-360.0,-608.0,-787.0,-1020.0,-1270.0
-158.0,-601.0,-895.0,-870.0,-1005.0,-1476,-153.0,-362.0,-609.0,-791.0,-1023.0,-1269.0
-160.0,-593.0,-863.0,-863.0,-997.0,-1485,-153.0,-363.0,-609.0,-794.0,-1025.0,-1268.0
-161.0,-583.0,-854.0,-854.0,-1002.0,-1500,-152.0,-365.0,-609.0,-798.0,-1028.0,-1267.0
-161.0,-572.0,-850.0,-818.0,-1006.0,-1516,-152.0,-366.0,-610.0,-801.0,-1030.0,-1267.0
-162.0,-562.0,-826.0,-877.0,-1010.0,-1529,-152.0,-368.0,-611.0,-804.0,-1033.0,-1264.0
-162.0,-551.0,-814.0,-883.0,-1016.0,-1543,-151.0,-368.0,-610.0,-807.0,-1036.0,-1267.0
-165.0,-538.0,-802.0,-887.0,-1023.0,-1561,-151.0,-368.0,-610.0,-811.0,-1039.0,-1267.0
-166.0,-527.0,-788.0,-890.0,-1030.0,-1569,-150.0,-369.0,-609.0,-814.0,-1042.0,-1268.0
-170.0,-516.0,-774.0,-894.0,-1038.0,-1576,-149.0,-369.0,-609.0,-818.0,-1044.0,-1269.0
-173.0,-505.0,-757.0,-898.0,-1047.0,-1593,-148.0,-370.0,-608.0,-821.0,-1047.0,-1271.0
-177.0,-494.0,-741.0,-901.0,-1056.0,-1583,-147.0,-369.0,-608.0,-823.0,-1050.0,-1272.0
-181.0,-484.0,-728.0,-904.0,-1066.0,-1579,-146.0,-369.0,-607.0,-826.0,-1053.0,-1274.0
-185.0,-474.0,-713.0,-905.0,-1077.0,-1573,-145.0,-368.0,-606.0,-828.0,-1056.0,-1276.0
-190.0,-464.0,-701.0,-906.0,-1089.0,-1564,-144.0,-368.0,-605.0,-830.0,-1058.0,-1277.0
-195.0,-455.0,-690.0,-907.0,-1099.0,-1552,-143.0,-367.0,-604.0,-832.0,-1061.0,-1279.0
-200.0,-448.0,-681.0,-908.0,-1110.0,-1538,-142.0,-367.0,-603.0,-833.0,-1064.0,-1282.0
-204.0,-442.0,-673.0,-909.0,-1119.0,-1526,-141.0,-366.0,-601.0,-834.0,-1066.0,-1284.0
-208.0,-437.0,-665.0,-910.0,-1127.0,-1510,-141.0,-365.0,-600.0,-835.0,-1068.0,-1287.0
-211.0,-432.0,-659.0,-910.0,-1135.0,-1498,-141.0,-364.0,-599.0,-836.0,-1070.0,-1289.0
-213.0,-429.0,-656.0,-911.0,-1141.0,-1483,-141.0,-363.0,-597.0,-837.0,-1072.0,-1291.0
-214.0,-426.0,-652.0,-911.0,-1146.0,-1469,-143.0,-362.0,-596.0,-837.0,-1073.0,-1293.0
-216.0,-424.0,-649.0,-911.0,-1150.0,-1458,-143.0,-361.0,-595.0,-838.0,-1075.0,-1296.0
-216.0,-422.0,-647.0,-911.0,-1152.0,-1447,-145.0,-360.0,-593.0,-838.0,-1076.0,-1298.0
-217.0,-422.0,-646.0,-912.0,-1155.0,-1435,-146.0,-358.0,-592.0,-838.0,-1077.0,-1300.0
-217.0,-421.0,-645.0,-912.0,-1155.0,-1423,-148.0,-357.0,-591.0,-840.0,-1079.0,-1302.0
-218.0,-420.0,-645.0,-912.0,-1157.0,-1413,-149.0,-356.0,-591.0,-838.0,-1079.0,-1304.0
-218.0,-420.0,-645.0,-912.0,-1158.0,-1403,-150.0,-355.0,-588.0,-838.0,-1080.0,-1306.0
-218.0,-420.0,-645.0,-913.0,-1158.0,-1394,-151.0,-354.0,-590.0,-838.0,-1081.0,-1307.0
-218.0,-420.0,-645.0,-913.0,-1158.0,-1387,-151.0,-353.0,-591.0,-838.0,-1082.0,-1309.0
-218.0,-419.0,-644.0,-913.0,-1158.0,-1379,-151.0,-352.0,-592.0,-837.0,-1082.0,-1310.0
-218.0,-419.0,-644.0,-913.0,-1158.0,-1373,-151.0,-351.0,-592.0,-837.0,-1083.0,-1311.0
-218.0,-418.0,-644.0,-913.0,-1158.0,-1369,-151.0,-349.0,-593.0,-836.0,-1083.0,-1313.0
-218.0,-418.0,-643.0,-914.0,-1158.0,-1364,-151.0,-351.0,-594.0,-836.0,-1085.0,-1314.0
-220.0,-417.0,-643.0,-914.0,-1158.0,-1361,-151.0,-351.0,-595.0,-835.0,-1083.0,-1315.0
-218.0,-417.0,-642.0,-914.0,-1159.0,-1359,-151.0,-352.0,-596.0,-834.0,-1083.0,-1316.0
-218.0,-417.0,-641.0,-914.0,-1159.0,-1358,-151.0,-353.0,-598.0,-833.0,-1083.0,-1317.0
-218.0,-416.0,-640.0,-914.0,-1159.0,-1357,-151.0,-355.0,-599.0,-832.0,-1082.0,-1318.0
-218.0,-416.0,-640.0,-915.0,-1160.0,-1356,-152.0,-356.0,-600.0,-831.0,-1081.0,-1318.0
-218.0,-415.0,-639.0,-915.0,-1160.0,-1356,-151.0,-358.0,-601.0,-830.0,-1081.0,-1319.0
-218.0,-415.0,-639.0,-916.0,-1160.0,-1356,-151.0,-361.0,-601.0,-828.0,-1080.0,-1319.0
-218.0,-414.0,-638.0,-916.0,-1161.0,-1356,-151.0,-362.0,-602.0,-827.0,-1079.0,-1319.0
-218.0,-413.0,-638.0,-917.0,-1161.0,-1355,-151.0,-363.0,-602.0,-826.0,-1078.0,-1320.0
-218.0,-413.0,-637.0,-917.0,-1161.0,-1355,-151.0,-365.0,-603.0,-825.0,-1077.0,-1321.0
-217.0,-412.0,-637.0,-917.0,-1161.0,-1355,-151.0,-366.0,-603.0,-824.0,-1076.0,-1320.0
-217.0,-411.0,-636.0,-918.0,-1162.0,-1354,-151.0,-367.0,-603.0,-822.0,-1075.0,-1320.0
-217.0,-410.0,-634.0,-918.0,-1162.0,-1354,-151.0,-368.0,-604.0,-822.0,-1073.0,-1319.0
-217.0,-409.0,-633.0,-918.0,-1162.0,-1353,-151.0,-368.0,-604.0,-821.0,-1072.0,-1319.0
-218.0,-408.0,-632.0,-918.0,-1163.0,-1353,-151.0,-368.0,-604.0,-819.0,-1071.0,-1319.0
-218.0,-407.0,-630.0,-919.0,-1164.0,-1352,-151.0,-369.0,-604.0,-821.0,-1070.0,-1318.0
-219.0,-406.0,-628.0,-919.0,-1165.0,-1352,-150.0,-369.0,-604.0,-822.0,-1068.0,-1318.0
-220.0,-405.0,-627.0,-919.0,-1166.0,-1351,-150.0,-370.0,-605.0,-822.0,-1067.0,-1317.0
-220.0,-404.0,-625.0,-920.0,-1167.0,-1351,-150.0,-371.0,-605.0,-823.0,-1065.0,-1317.0
-221.0,-402.0,-623.0,-920.0,-1168.0,-1350,-150.0,-371.0,-605.0,-825.0,-1064.0,-1316.0
-221.0,-401.0,-620.0,-921.0,-1169.0,-1349,-150.0,-372.0,-605.0,-826.0,-1063.0,-1316.0
-222.0,-399.0,-618.0,-922.0,-1170.0,-1349,-149.0,-373.0,-606.0,-828.0,-1062.0,-1315.0
-222.0,-398.0,-616.0,-923.0,-1172.0,-1348,-149.0,-374.0,-606.0,-830.0,-1058.0,-1315.0
-222.0,-396.0,-614.0,-924.0,-1173.0,-1347,-149.0,-375.0,-606.0,-832.0,-1061.0,-1314.0
-223.0,-395.0,-612.0,-925.0,-1174.0,-1346,-149.0,-375.0,-606.0,-833.0,-1062.0,-1313.0
-223.0,-393.0,-610.0,-925.0,-1175.0,-1345,-149.0,-376.0,-606.0,-834.0,-1063.0,-1311.0
-223.0,-391.0,-609.0,-926.0,-1176.0,-1344,-149.0,-377.0,-606.0,-836.0,-1064.0,-1310.0
-223.0,-390.0,-607.0,-927.0,-1177.0,-1342,-149.0,-377.0,-606.0,-836.0,-1066.0,-1309.0
-225.0,-388.0,-605.0,-927.0,-1178.0,-1340,-148.0,-378.0,-606.0,-836.0,-1067.0,-1308.0
-223.0,-387.0,-604.0,-928.0,-1179.0,-1339,-148.0,-379.0,-606.0,-837.0,-1069.0,-1307.0
-223.0,-386.0,-603.0,-928.0,-1180.0,-1337,-144.0,-380.0,-606.0,-837.0,-1070.0,-1306.0
-223.0,-384.0,-602.0,-929.0,-1181.0,-1336,-140.0,-380.0,-606.0,-838.0,-1071.0,-1304.0
-223.0,-383.0,-602.0,-929.0,-1181.0,-1334,-139.0,-381.0,-606.0,-838.0,-1073.0,-1306.0
-222.0,-383.0,-600.0,-930.0,-1182.0,-1332,-136.0,-381.0,-606.0,-839.0,-1074.0,-1307.0
-222.0,-382.0,-602.0,-930.0,-1182.0,-1330,-128.0,-382.0,-604.0,-839.0,-1075.0,-1308.0
-222.0,-381.0,-602.0,-930.0,-1182.0,-1329,-131.0,-382.0,-602.0,-840.0,-1076.0,-1309.0
-221.0,-379.0,-603.0,-932.0,-1184.0,-1327,-132.0,-385.0,-600.0,-840.0,-1077.0,-1311.0
-221.0,-381.0,-604.0,-930.0,-1182.0,-1326,-135.0,-383.0,-598.0,-841.0,-1077.0,-1313.0
-220.0,-382.0,-605.0,-930.0,-1182.0,-1324,-139.0,-381.0,-594.0,-842.0,-1078.0,-1314.0
-220.0,-383.0,-606.0,-930.0,-1182.0,-1323,-142.0,-379.0,-588.0,-842.0,-1079.0,-1316.0
-219.0,-384.0,-608.0,-929.0,-1181.0,-1321,-146.0,-377.0,-591.0,-843.0,-1079.0,-1317.0
-218.0,-386.0,-610.0,-929.0,-1180.0,-1320,-150.0,-374.0,-592.0,-843.0,-1080.0,-1318.0
-218.0,-389.0,-613.0,-928.0,-1179.0,-1318,-153.0,-370.0,-595.0,-844.0,-1080.0,-1320.0
-218.0,-391.0,-615.0,-927.0,-1178.0,-1317,-155.0,-368.0,-598.0,-844.0,-1080.0,-1320.0
-217.0,-394.0,-618.0,-926.0,-1177.0,-1316,-158.0,-367.0,-602.0,-845.0,-1080.0,-1321.0
-217.0,-397.0,-622.0,-924.0,-1175.0,-1315,-161.0,-368.0,-607.0,-845.0,-1081.0,-1321.0
-217.0,-400.0,-625.0,-923.0,-1174.0,-1314,-165.0,-371.0,-613.0,-846.0,-1081.0,-1321.0
-217.0,-402.0,-625.0,-921.0,-1173.0,-1314,-169.0,-374.0,-618.0,-846.0,-1082.0,-1321.0
-216.0,-405.0,-628.0,-920.0,-1172.0,-1311,-174.0,-378.0,-625.0,-846.0,-1082.0,-1322.0
-216.0,-408.0,-632.0,-918.0,-1170.0,-1313,-179.0,-383.0,-632.0,-847.0,-1082.0,-1322.0
-216.0,-410.0,-635.0,-917.0,-1168.0,-1314,-185.0,-388.0,-639.0,-847.0,-1083.0,-1322.0
-216.0,-413.0,-638.0,-915.0,-1167.0,-1315,-191.0,-394.0,-647.0,-847.0,-1083.0,-1322.0
-217.0,-416.0,-641.0,-914.0,-1165.0,-1316,-197.0,-401.0,-657.0,-848.0,-1083.0,-1322.0
-217.0,-419.0,-644.0,-912.0,-1164.0,-1317,-202.0,-409.0,-666.0,-850.0,-1084.0,-1322.0
-217.0,-422.0,-647.0,-911.0,-1162.0,-1320,-207.0,-418.0,-672.0,-848.0,-1084.0,-1322.0
-218.0,-425.0,-649.0,-909.0,-1160.0,-1322,-211.0,-427.0,-689.0,-845.0,-1084.0,-1322.0
-218.0,-427.0,-651.0,-908.0,-1159.0,-1325,-215.0,-438.0,-699.0,-844.0,-1084.0,-1322.0
-219.0,-430.0,-653.0,-907.0,-1158.0,-1328,-218.0,-447.0,-709.0,-841.0,-1084.0,-1322.0
-220.0,-433.0,-654.0,-906.0,-1157.0,-1330,-220.0,-458.0,-718.0,-840.0,-1085.0,-1323.0
-221.0,-435.0,-656.0,-905.0,-1156.0,-1333,-221.0,-468.0,-728.0,-835.0,-1086.0,-1323.0
-222.0,-437.0,-657.0,-903.0,-1155.0,-1336,-224.0,-481.0,-738.0,-833.0,-1085.0,-1323.0
-223.0,-439.0,-658.0,-903.0,-1155.0,-1339,-227.0,-489.0,-754.0,-833.0,-1085.0,-1323.0
-223.0,-440.0,-658.0,-902.0,-1155.0,-1341,-230.0,-523.0,-766.0,-834.0,-1082.0,-1323.0
-224.0,-441.0,-659.0,-901.0,-1155.0,-1343,-234.0,-532.0,-777.0,-836.0,-1080.0,-1324.0
-225.0,-442.0,-659.0,-900.0,-1155.0,-1347,-239.0,-545.0,-787.0,-840.0,-1078.0,-1324.0
-226.0,-442.0,-660.0,-899.0,-1155.0,-1350,-244.0,-557.0,-795.0,-843.0,-1076.0,-1324.0
-226.0,-442.0,-660.0,-898.0,-1155.0,-1353,-248.0,-570.0,-803.0,-847.0,-1074.0,-1324.0
-226.0,-443.0,-661.0,-898.0,-1155.0,-1357,-256.0,-582.0,-810.0,-855.0,-1070.0,-1325.0
-226.0,-443.0,-661.0,-898.0,-1155.0,-1359,-261.0,-593.0,-818.0,-862.0,-1070.0,-1326.0
-228.0,-443.0,-661.0,-896.0,-1155.0,-1361,-265.0,-605.0,-825.0,-869.0,-1070.0,-1325.0
-226.0,-444.0,-662.0,-898.0,-1155.0,-1364,-271.0,-616.0,-831.0,-876.0,-1072.0,-1325.0
-226.0,-444.0,-662.0,-898.0,-1155.0,-1366,-262.0,-624.0,-838.0,-883.0,-1074.0,-1324.0
-226.0,-445.0,-662.0,-898.0,-1154.0,-1368,-255.0,-633.0,-844.0,-893.0,-1077.0,-1321.0
-226.0,-444.0,-663.0,-898.0,-1154.0,-1369,-248.0,-640.0,-852.0,-902.0,-1082.0,-1318.0
-226.0,-444.0,-663.0,-899.0,-1154.0,-1371,-236.0,-645.0,-858.0,-912.0,-1087.0,-1316.0
-225.0,-443.0,-663.0,-899.0,-1154.0,-1372,-223.0,-649.0,-864.0,-926.0,-1090.0,-1311.0
-225.0,-443.0,-664.0,-899.0,-1154.0,-1374,-212.0,-653.0,-870.0,-937.0,-1095.0,-1308.0
-225.0,-443.0,-663.0,-900.0,-1154.0,-1374,-201.0,-658.0,-879.0,-951.0,-1099.0,-1308.0
-224.0,-442.0,-663.0,-901.0,-1153.0,-1375,-191.0,-665.0,-873.0,-965.0,-1104.0,-1309.0
-223.0,-442.0,-663.0,-902.0,-1153.0,-1376,-180.0,-671.0,-867.0,-978.0,-1110.0,-1311.0
-222.0,-441.0,-663.0,-903.0,-1153.0,-1376,-171.0,-677.0,-842.0,-991.0,-1116.0,-1314.0
-222.0,-441.0,-662.0,-904.0,-1152.0,-1377,-164.0,-682.0,-797.0,-1003.0,-1123.0,-1316.0
-221.0,-440.0,-661.0,-904.0,-1152.0,-1377,-159.0,-693.0,-781.0,-1015.0,-1129.0,-1320.0
-220.0,-438.0,-661.0,-905.0,-1152.0,-1378,-153.0,-686.0,-721.0,-1024.0,-1137.0,-1323.0
-220.0,-437.0,-660.0,-906.0,-1152.0,-1378,-150.0,-639.0,-680.0,-1034.0,-1145.0,-1325.0
-219.0,-435.0,-659.0,-907.0,-1152.0,-1378,-148.0,-610.0,-661.0,-1041.0,-1152.0,-1328.0
-218.0,-433.0,-658.0,-908.0,-1152.0,-1378,-146.0,-554.0,-625.0,-1047.0,-1160.0,-1330.0
-217.0,-431.0,-657.0,-909.0,-1152.0,-1379,-145.0,-473.0,-615.0,-1055.0,-1167.0,-1333.0
-216.0,-430.0,-657.0,-910.0,-1152.0,-1378,-145.0,-453.0,-608.0,-1062.0,-1175.0,-1336.0
-215.0,-428.0,-656.0,-912.0,-1152.0,-1378,-144.0,-405.0,-602.0,-1068.0,-1183.0,-1340.0
-214.0,-427.0,-656.0,-914.0,-1152.0,-1378,-144.0,-388.0,-598.0,-1074.0,-1190.0,-1344.0
-212.0,-425.0,-656.0,-916.0,-1151.0,-1378,-393.0,-379.0,-594.0,-1081.0,-1197.0,-1348.0
-211.0,-423.0,-655.0,-918.0,-1151.0,-1377,-372.0,-372.0,-591.0,-1087.0,-1203.0,-1353.0
-209.0,-420.0,-655.0,-920.0,-1151.0,-1377,-366.0,-366.0,-590.0,-1094.0,-1209.0,-1358.0
-207.0,-418.0,-653.0,-922.0,-1150.0,-1376,-362.0,-362.0,-590.0,-1101.0,-1215.0,-1363.0
-205.0,-416.0,-655.0,-924.0,-1149.0,-1375,-360.0,-360.0,-874.0,-1106.0,-1222.0,-1368.0
-202.0,-414.0,-655.0,-927.0,-1149.0,-1374,-358.0,-358.0,-848.0,-1111.0,-1229.0,-1372.0
-200.0,-412.0,-656.0,-928.0,-1148.0,-1373,-358.0,-358.0,-840.0,-1120.0,-1236.0,-1377.0
-199.0,-411.0,-657.0,-930.0,-1146.0,-1372,-358.0,-358.0,-834.0,-1113.0,-1243.0,-1381.0
-197.0,-409.0,-657.0,-931.0,-1145.0,-1371,-627.0,-627.0,-829.0,-1100.0,-1251.0,-1385.0
-196.0,-407.0,-658.0,-933.0,-1144.0,-1370,-608.0,-608.0,-826.0,-1065.0,-1260.0,-1390.0
-193.0,-409.0,-659.0,-931.0,-1143.0,-1369,-602.0,-602.0,-824.0,-1037.0,-1269.0,-1396.0
-196.0,-410.0,-660.0,-931.0,-1142.0,-1368,-598.0,-598.0,-822.0,-1006.0,-1275.0,-1403.0
-197.0,-412.0,-660.0,-929.0,-1141.0,-1367,-594.0,-594.0,-822.0,-958.0,-1281.0,-1411.0
-198.0,-413.0,-660.0,-928.0,-1141.0,-1365,-591.0,-591.0,-595.0,-919.0,-1294.0,-1419.0
-200.0,-415.0,-660.0,-926.0,-1140.0,-1364,-590.0,-590.0,-595.0,-892.0,-1286.0,-1427.0
-202.0,-417.0,-660.0,-924.0,-1138.0,-1363,-590.0,-590.0,-595.0,-873.0,-1276.0,-1436.0
-203.0,-419.0,-660.0,-922.0,-1140.0,-1362,-874.0,-874.0,-595.0,-858.0,-1262.0,-1446.0
-205.0,-421.0,-660.0,-921.0,-1140.0,-1360,-848.0,-848.0,-595.0,-848.0,-1243.0,-1454.0
-207.0,-422.0,-660.0,-919.0,-1141.0,-1359,-840.0,-840.0,-595.0,-840.0,-1224.0,-1461.0
-208.0,-423.0,-660.0,-918.0,-1141.0,-1358,-834.0,-834.0,-595.0,-834.0,-1199.0,-1468.0
-210.0,-424.0,-660.0,-917.0,-1141.0,-1357,-829.0,-829.0,-595.0,-829.0,-1170.0,-1475.0
-211.0,-425.0,-660.0,-916.0,-1142.0,-1356,-145.0,-358.0,-595.0,-826.0,-1146.0,-1451.0
-211.0,-425.0,-660.0,-915.0,-1143.0,-1354,-145.0,-358.0,-595.0,-824.0,-1124.0,-1437.0
-213.0,-425.0,-660.0,-915.0,-1144.0,-1356,-145.0,-358.0,-595.0,-822.0,-1108.0,-1420.0
-211.0,-425.0,-660.0,-915.0,-1145.0,-1356,-145.0,-358.0,-595.0,-822.0,-1091.0,-1400.0
-211.0,-425.0,-661.0,-915.0,-1145.0,-1357,-145.0,-358.0,-595.0,-1095.0,-1083.0,-1380.0
-211.0,-425.0,-661.0,-915.0,-1146.0,-1358,-145.0,-358.0,-595.0,-1076.0,-1076.0,-1365.0
-210.0,-425.0,-661.0,-915.0,-1146.0,-1359,-145.0,-358.0,-595.0,-1071.0,-1071.0,-1348.0
-210.0,-426.0,-661.0,-915.0,-1146.0,-1360,-145.0,-358.0,-595.0,-1066.0,-1066.0,-1337.0
-210.0,-426.0,-661.0,-915.0,-1146.0,-1361,-145.0,-358.0,-595.0,-1064.0,-1064.0,-1329.0
-210.0,-426.0,-662.0,-915.0,-1145.0,-1362,-145.0,-358.0,-595.0,-1062.0,-1062.0,-1321.0
-210.0,-427.0,-662.0,-915.0,-1145.0,-1363,-145.0,-358.0,-595.0,-1061.0,-1059.0,-1316.0
-210.0,-427.0,-662.0,-915.0,-1145.0,-1363,-145.0,-358.0,-595.0,-1062.0,-1062.0,-1313.0
-210.0,-427.0,-662.0,-914.0,-1145.0,-1364,-145.0,-358.0,-595.0,-1062.0,-1062.0,-1309.0
-210.0,-428.0,-663.0,-914.0,-1144.0,-1365,-145.0,-358.0,-595.0,-828.0,-1068.0,-1308.0
-211.0,-428.0,-663.0,-914.0,-1144.0,-1366,-145.0,-358.0,-595.0,-828.0,-1068.0,-1308.0
-212.0,-428.0,-663.0,-913.0,-1144.0,-1366,-145.0,-358.0,-595.0,-828.0,-1068.0,-1309.0
-212.0,-429.0,-664.0,-913.0,-1144.0,-1366,-145.0,-358.0,-595.0,-828.0,-1068.0,-1309.0
-210.0,-426.0,-655.0,-906.0,-1141.0,-1367,-145.0,-358.0,-595.0,-828.0,-1068.0,-1309.0
-210.0,-426.0,-655.0,-906.0,-1143.0,-1367,-145.0,-358.0,-595.0,-828.0,-1068.0,-1309.0
-210.0,-426.0,-655.0,-906.0,-1144.0,-1367,-145.0,-358.0,-595.0,-828.0,-1068.0,-1309.0
-210.0,-426.0,-655.0,-906.0,-1144.0,-1367,-145.0,-358.0,-595.0,-828.0,-1068.0,-1309.0
-210.0,-426.0,-655.0,-906.0,-1144.0,-1368,-145.0,-358.0,-595.0,-828.0,-1068.0,-1309.0
-210.0,-426.0,-655.0,-906.0,-1152.0,-1368,-145.0,-358.0,-595.0,-828.0,-1068.0,-1309.0
-210.0,-426.0,-655.0,-906.0,-1152.0,-1368,-145.0,-358.0,-595.0,-828.0,-1068.0,-1309.0
-210.0,-426.0,-655.0,-906.0,-1152.0,-1368,-145.0,-358.0,-595.0,-828.0,-1068.0,-1309.0
-210.0,-426.0,-655.0,-906.0,-1152.0,-1368,-145.0,-358.0,-595.0,-828.0,-1068.0,-1309.0
-210.0,-426.0,-655.0,-906.0,-1152.0,-1369,-145.0,-358.0,-595.0,-828.0,-1068.0,-1309.0
-210.0,-426.0,-655.0,-906.0,-1152.0,-1369,-145.0,-358.0,-595.0,-828.0,-1068.0,-1309.0
-210.0,-426.0,-655.0,-906.0,-1152.0,-1369,-145.0,-358.0,-595.0,-828.0,-1068.0,-1309.0
-210.0,-426.0,-655.0,-906.0,-1152.0,-1369,-145.0,-358.0,-595.0,-828.0,-1068.0,-1309.0
-210.0,-426.0,-655.0,-906.0,-1152.0,-1369,-145.0,-358.0,-595.0,-828.0,-1068.0,-1309.0
-210.0,-426.0,-655.0,-906.0,-1152.0,-1369,-145.0,-358.0,-595.0,-828.0,-1068.0,-1309.0
-210.0,-426.0,-655.0,-906.0,-1152.0,-1370,-145.0,-358.0,-595.0,-828.0,-1068.0,-1309.0
