I,II,III,aVR,aVL,aVF,V1,V2,V3,V4,V5,V6
-1113.0,-1113.0,-1113.0,-1113.0,-1114.0,-1355,-138.0,-364.0,-597.0,-833.0,-1050.0,-1286.0
-1112.0,-1112.0,-1112.0,-1112.0,-1114.0,-1355,-138.0,-364.0,-597.0,-833.0,-1050.0,-1286.0
-1112.0,-1112.0,-1112.0,-1112.0,-1114.0,-1355,-140.0,-364.0,-597.0,-833.0,-1050.0,-1286.0
-886.0,-886.0,-886.0,-886.0,-1114.0,-1355,-141.0,-364.0,-597.0,-832.0,-1050.0,-1287.0
-886.0,-886.0,-886.0,-886.0,-1114.0,-1355,-142.0,-365.0,-597.0,-832.0,-1050.0,-1287.0
-886.0,-886.0,-886.0,-886.0,-1114.0,-1355,-142.0,-365.0,-597.0,-831.0,-1051.0,-1287.0
-886.0,-886.0,-886.0,-886.0,-1114.0,-1355,-143.0,-366.0,-597.0,-831.0,-1051.0,-1288.0
-886.0,-886.0,-886.0,-886.0,-1113.0,-1355,-143.0,-367.0,-597.0,-830.0,-1052.0,-1288.0
-886.0,-886.0,-886.0,-886.0,-1113.0,-1355,-144.0,-368.0,-598.0,-829.0,-1052.0,-1289.0
-886.0,-886.0,-886.0,-886.0,-1112.0,-1355,-145.0,-369.0,-598.0,-827.0,-1052.0,-1289.0
-886.0,-886.0,-886.0,-886.0,-1112.0,-1355,-146.0,-370.0,-598.0,-826.0,-1053.0,-1289.0
-886.0,-886.0,-886.0,-886.0,-1112.0,-1355,-147.0,-371.0,-598.0,-826.0,-1053.0,-1290.0
-886.0,-886.0,-886.0,-886.0,-1111.0,-1355,-148.0,-373.0,-598.0,-822.0,-1053.0,-1290.0
-887.0,-887.0,-887.0,-887.0,-1111.0,-1355,-149.0,-373.0,-598.0,-824.0,-1054.0,-1291.0
-889.0,-889.0,-889.0,-887.0,-1111.0,-1355,-150.0,-374.0,-599.0,-825.0,-1054.0,-1291.0
-887.0,-887.0,-887.0,-887.0,-1109.0,-1355,-150.0,-375.0,-599.0,-825.0,-1055.0,-1292.0
-652.0,-652.0,-652.0,-887.0,-1111.0,-1355,-151.0,-376.0,-600.0,-826.0,-1055.0,-1292.0
-652.0,-652.0,-652.0,-887.0,-1111.0,-1355,-151.0,-377.0,-601.0,-826.0,-1056.0,-1292.0
-652.0,-652.0,-652.0,-889.0,-1111.0,-1355,-151.0,-379.0,-603.0,-827.0,-1056.0,-1293.0
-652.0,-652.0,-652.0,-887.0,-1111.0,-1355,-152.0,-379.0,-604.0,-828.0,-1057.0,-1293.0
-653.0,-653.0,-653.0,-887.0,-1112.0,-1355,-152.0,-380.0,-604.0,-828.0,-1057.0,-1293.0
-653.0,-653.0,-653.0,-887.0,-1112.0,-1355,-152.0,-380.0,-605.0,-829.0,-1057.0,-1294.0
-653.0,-653.0,-653.0,-887.0,-1112.0,-1355,-152.0,-380.0,-605.0,-829.0,-1057.0,-1294.0
-653.0,-653.0,-653.0,-887.0,-1112.0,-1355,-153.0,-380.0,-606.0,-829.0,-1058.0,-1294.0
-654.0,-654.0,-654.0,-886.0,-1112.0,-1355,-153.0,-380.0,-606.0,-830.0,-1058.0,-1294.0
-654.0,-654.0,-654.0,-886.0,-1112.0,-1355,-153.0,-380.0,-606.0,-830.0,-1058.0,-1294.0
-654.0,-654.0,-654.0,-886.0,-1112.0,-1355,-153.0,-380.0,-606.0,-830.0,-1058.0,-1294.0
-656.0,-656.0,-655.0,-886.0,-1112.0,-1355,-153.0,-380.0,-606.0,-830.0,-1059.0,-1294.0
-420.0,-420.0,-655.0,-886.0,-1113.0,-1355,-153.0,-381.0,-606.0,-830.0,-1059.0,-1295.0
-420.0,-420.0,-655.0,-886.0,-1113.0,-1355,-153.0,-381.0,-606.0,-830.0,-1059.0,-1295.0
-420.0,-420.0,-655.0,-886.0,-1113.0,-1355,-153.0,-381.0,-606.0,-830.0,-1059.0,-1295.0
-420.0,-420.0,-655.0,-885.0,-1113.0,-1355,-153.0,-381.0,-606.0,-830.0,-1059.0,-1295.0
-420.0,-420.0,-655.0,-885.0,-1114.0,-1356,-153.0,-381.0,-606.0,-830.0,-1059.0,-1296.0
-420.0,-420.0,-656.0,-885.0,-1114.0,-1356,-154.0,-381.0,-607.0,-830.0,-1059.0,-1297.0
-420.0,-420.0,-656.0,-885.0,-1114.0,-1356,-154.0,-382.0,-607.0,-831.0,-1059.0,-1297.0
-420.0,-420.0,-656.0,-884.0,-1114.0,-1356,-154.0,-382.0,-607.0,-831.0,-1059.0,-1297.0
-420.0,-420.0,-656.0,-884.0,-1114.0,-1355,-154.0,-382.0,-607.0,-831.0,-1060.0,-1298.0
-420.0,-420.0,-656.0,-885.0,-1114.0,-1355,-154.0,-382.0,-608.0,-832.0,-1060.0,-1298.0
-420.0,-420.0,-656.0,-885.0,-1115.0,-1355,-154.0,-382.0,-608.0,-832.0,-1060.0,-1298.0
-420.0,-420.0,-656.0,-885.0,-1115.0,-1355,-154.0,-382.0,-608.0,-832.0,-1060.0,-1299.0
-190.0,-419.0,-655.0,-886.0,-1115.0,-1355,-154.0,-382.0,-609.0,-832.0,-1060.0,-1299.0
-191.0,-417.0,-655.0,-886.0,-1115.0,-1355,-154.0,-382.0,-609.0,-832.0,-1060.0,-1300.0
-191.0,-419.0,-655.0,-886.0,-1116.0,-1354,-154.0,-382.0,-609.0,-833.0,-1061.0,-1300.0
-191.0,-419.0,-655.0,-887.0,-1116.0,-1354,-154.0,-382.0,-609.0,-833.0,-1061.0,-1301.0
-191.0,-420.0,-655.0,-887.0,-1116.0,-1354,-154.0,-383.0,-609.0,-833.0,-1061.0,-1301.0
-191.0,-420.0,-654.0,-889.0,-1116.0,-1354,-154.0,-383.0,-609.0,-833.0,-1061.0,-1301.0
-191.0,-420.0,-654.0,-887.0,-1116.0,-1354,-154.0,-383.0,-609.0,-833.0,-1061.0,-1301.0
-190.0,-420.0,-654.0,-887.0,-1116.0,-1354,-155.0,-384.0,-610.0,-833.0,-1061.0,-1301.0
-190.0,-420.0,-654.0,-886.0,-1116.0,-1352,-155.0,-384.0,-610.0,-834.0,-1062.0,-1301.0
-189.0,-420.0,-654.0,-886.0,-1117.0,-1354,-155.0,-385.0,-610.0,-834.0,-1061.0,-1302.0
-189.0,-420.0,-653.0,-886.0,-1117.0,-1354,-155.0,-385.0,-610.0,-834.0,-1061.0,-1301.0
-188.0,-420.0,-653.0,-886.0,-1117.0,-1354,-155.0,-385.0,-610.0,-834.0,-1061.0,-1301.0
-188.0,-421.0,-653.0,-886.0,-1117.0,-1354,-155.0,-386.0,-611.0,-836.0,-1061.0,-1301.0
-188.0,-421.0,-652.0,-886.0,-1117.0,-1354,-155.0,-385.0,-610.0,-834.0,-1061.0,-1301.0
-188.0,-421.0,-652.0,-886.0,-1117.0,-1354,-155.0,-385.0,-610.0,-834.0,-1061.0,-1301.0
-188.0,-421.0,-652.0,-886.0,-1117.0,-1354,-155.0,-385.0,-610.0,-834.0,-1061.0,-1301.0
-188.0,-421.0,-651.0,-885.0,-1117.0,-1355,-155.0,-384.0,-610.0,-834.0,-1060.0,-1300.0
-188.0,-421.0,-651.0,-885.0,-1117.0,-1355,-155.0,-384.0,-610.0,-833.0,-1060.0,-1300.0
-186.0,-421.0,-651.0,-885.0,-1117.0,-1355,-155.0,-384.0,-609.0,-833.0,-1060.0,-1299.0
-188.0,-421.0,-651.0,-884.0,-1117.0,-1355,-155.0,-384.0,-609.0,-833.0,-1060.0,-1298.0
-188.0,-421.0,-651.0,-884.0,-1117.0,-1356,-154.0,-383.0,-608.0,-832.0,-1059.0,-1297.0
-188.0,-420.0,-651.0,-883.0,-1117.0,-1356,-154.0,-383.0,-608.0,-832.0,-1059.0,-1296.0
-188.0,-420.0,-651.0,-883.0,-1117.0,-1356,-153.0,-382.0,-607.0,-831.0,-1058.0,-1295.0
-188.0,-420.0,-651.0,-883.0,-1117.0,-1355,-153.0,-382.0,-606.0,-830.0,-1057.0,-1295.0
-188.0,-420.0,-651.0,-884.0,-1117.0,-1355,-152.0,-381.0,-605.0,-829.0,-1056.0,-1294.0
-188.0,-419.0,-651.0,-884.0,-1117.0,-1355,-151.0,-381.0,-604.0,-829.0,-1056.0,-1293.0
-189.0,-419.0,-651.0,-884.0,-1117.0,-1355,-151.0,-380.0,-603.0,-828.0,-1055.0,-1292.0
-189.0,-418.0,-651.0,-886.0,-1116.0,-1353,-151.0,-379.0,-602.0,-827.0,-1055.0,-1291.0
-190.0,-417.0,-651.0,-884.0,-1116.0,-1355,-151.0,-378.0,-601.0,-826.0,-1054.0,-1290.0
-191.0,-415.0,-649.0,-884.0,-1116.0,-1355,-149.0,-377.0,-601.0,-825.0,-1054.0,-1290.0
-191.0,-417.0,-651.0,-884.0,-1116.0,-1355,-151.0,-377.0,-600.0,-825.0,-1053.0,-1289.0
-191.0,-417.0,-651.0,-883.0,-1116.0,-1355,-151.0,-377.0,-599.0,-825.0,-1052.0,-1288.0
-191.0,-418.0,-651.0,-883.0,-1116.0,-1356,-151.0,-377.0,-600.0,-825.0,-1051.0,-1288.0
-191.0,-418.0,-651.0,-883.0,-1116.0,-1356,-151.0,-377.0,-601.0,-823.0,-1050.0,-1288.0
-191.0,-418.0,-651.0,-883.0,-1115.0,-1356,-152.0,-378.0,-602.0,-825.0,-1047.0,-1288.0
-191.0,-419.0,-651.0,-883.0,-1115.0,-1356,-153.0,-379.0,-602.0,-825.0,-1050.0,-1286.0
-191.0,-419.0,-651.0,-883.0,-1115.0,-1356,-154.0,-380.0,-603.0,-825.0,-1050.0,-1288.0
-191.0,-419.0,-651.0,-883.0,-1115.0,-1357,-155.0,-381.0,-604.0,-825.0,-1051.0,-1288.0
-191.0,-419.0,-651.0,-883.0,-1113.0,-1357,-156.0,-381.0,-605.0,-825.0,-1051.0,-1288.0
-192.0,-419.0,-651.0,-883.0,-1115.0,-1357,-157.0,-382.0,-605.0,-826.0,-1052.0,-1288.0
-192.0,-419.0,-651.0,-883.0,-1115.0,-1357,-158.0,-384.0,-606.0,-826.0,-1052.0,-1289.0
-192.0,-419.0,-651.0,-883.0,-1115.0,-1357,-158.0,-382.0,-608.0,-826.0,-1052.0,-1289.0
-192.0,-420.0,-651.0,-883.0,-1115.0,-1357,-159.0,-381.0,-606.0,-826.0,-1053.0,-1290.0
-192.0,-420.0,-652.0,-883.0,-1115.0,-1357,-161.0,-381.0,-605.0,-826.0,-1053.0,-1291.0
-192.0,-421.0,-652.0,-883.0,-1116.0,-1357,-159.0,-380.0,-604.0,-826.0,-1054.0,-1292.0
-192.0,-421.0,-653.0,-883.0,-1116.0,-1357,-158.0,-379.0,-604.0,-826.0,-1054.0,-1294.0
-192.0,-421.0,-653.0,-883.0,-1116.0,-1357,-157.0,-379.0,-603.0,-827.0,-1055.0,-1295.0
-192.0,-421.0,-654.0,-883.0,-1116.0,-1358,-156.0,-378.0,-603.0,-828.0,-1056.0,-1297.0
-192.0,-421.0,-654.0,-883.0,-1116.0,-1358,-155.0,-379.0,-603.0,-828.0,-1057.0,-1298.0
-193.0,-421.0,-654.0,-883.0,-1116.0,-1358,-154.0,-379.0,-604.0,-829.0,-1057.0,-1300.0
-193.0,-418.0,-654.0,-883.0,-1115.0,-1358,-154.0,-380.0,-605.0,-831.0,-1058.0,-1300.0
-193.0,-420.0,-655.0,-883.0,-1115.0,-1358,-154.0,-381.0,-605.0,-832.0,-1059.0,-1301.0
-193.0,-421.0,-655.0,-883.0,-1115.0,-1358,-154.0,-381.0,-606.0,-833.0,-1060.0,-1301.0
-193.0,-421.0,-655.0,-883.0,-1115.0,-1358,-154.0,-381.0,-608.0,-833.0,-1060.0,-1301.0
-194.0,-421.0,-655.0,-883.0,-1115.0,-1359,-154.0,-382.0,-606.0,-833.0,-1060.0,-1302.0
-194.0,-422.0,-655.0,-883.0,-1115.0,-1359,-154.0,-383.0,-606.0,-836.0,-1060.0,-1302.0
-194.0,-422.0,-655.0,-883.0,-1115.0,-1359,-154.0,-382.0,-605.0,-834.0,-1060.0,-1303.0
-194.0,-422.0,-655.0,-883.0,-1115.0,-1359,-154.0,-381.0,-605.0,-833.0,-1060.0,-1302.0
-194.0,-423.0,-655.0,-883.0,-1115.0,-1360,-154.0,-381.0,-604.0,-832.0,-1060.0,-1302.0
-194.0,-423.0,-655.0,-883.0,-1114.0,-1360,-153.0,-378.0,-601.0,-828.0,-1058.0,-1300.0
-194.0,-423.0,-655.0,-883.0,-1114.0,-1361,-152.0,-374.0,-597.0,-821.0,-1053.0,-1299.0
-194.0,-422.0,-655.0,-883.0,-1114.0,-1360,-148.0,-367.0,-591.0,-816.0,-1046.0,-1295.0
-194.0,-422.0,-655.0,-883.0,-1114.0,-1360,-141.0,-357.0,-577.0,-804.0,-1038.0,-1290.0
-194.0,-422.0,-655.0,-883.0,-1114.0,-1359,-140.0,-348.0,-564.0,-793.0,-1028.0,-1282.0
-194.0,-420.0,-655.0,-883.0,-1114.0,-1359,-134.0,-330.0,-556.0,-784.0,-1009.0,-1272.0
-194.0,-422.0,-656.0,-883.0,-1112.0,-1359,-128.0,-316.0,-512.0,-773.0,-999.0,-1257.0
-194.0,-422.0,-656.0,-883.0,-1114.0,-1359,-117.0,-306.0,-586.0,-765.0,-987.0,-1229.0
-194.0,-422.0,-656.0,-883.0,-1114.0,-1359,-133.0,-300.0,-590.0,-760.0,-973.0,-1213.0
-194.0,-422.0,-656.0,-883.0,-1114.0,-1359,-141.0,-228.0,-582.0,-848.0,-966.0,-1198.0
-194.0,-423.0,-656.0,-883.0,-1114.0,-1359,-195.0,-119.0,-582.0,-841.0,-962.0,-1167.0
-194.0,-423.0,-656.0,-883.0,-1114.0,-1358,-203.0,-203.0,-408.0,-840.0,-811.0,-1134.0
-194.0,-423.0,-656.0,-883.0,-1114.0,-1358,-257.0,-257.0,-557.0,-829.0,-864.0,-1095.0
-193.0,-423.0,-656.0,-883.0,-1115.0,-1358,-299.0,-299.0,-610.0,-845.0,-845.0,-1131.0
-191.0,-423.0,-656.0,-883.0,-1115.0,-1357,-492.0,-348.0,-793.0,-568.0,-568.0,-1152.0
-193.0,-424.0,-656.0,-883.0,-1115.0,-1357,-267.0,-432.0,-828.0,-828.0,-828.0,-1174.0
-193.0,-424.0,-656.0,-883.0,-1116.0,-1357,-301.0,-477.0,-1062.0,-874.0,-874.0,-1193.0
-194.0,-424.0,-656.0,-883.0,-1116.0,-1356,-283.0,-484.0,-768.0,-1087.0,-975.0,-1219.0
-194.0,-424.0,-656.0,-883.0,-1116.0,-1356,-275.0,-546.0,-763.0,-932.0,-1065.0,-1249.0
-194.0,-424.0,-656.0,-883.0,-1116.0,-1355,-264.0,-519.0,-752.0,-923.0,-1078.0,-1266.0
-194.0,-424.0,-656.0,-884.0,-1116.0,-1355,-252.0,-508.0,-739.0,-959.0,-1089.0,-1279.0
-195.0,-424.0,-656.0,-884.0,-1116.0,-1354,-236.0,-490.0,-719.0,-930.0,-1105.0,-1289.0
-195.0,-424.0,-656.0,-885.0,-1117.0,-1354,-221.0,-478.0,-700.0,-917.0,-1095.0,-1296.0
-195.0,-424.0,-656.0,-886.0,-1117.0,-1353,-205.0,-460.0,-680.0,-902.0,-1090.0,-1301.0
-195.0,-424.0,-656.0,-887.0,-1117.0,-1352,-193.0,-445.0,-661.0,-890.0,-1086.0,-1304.0
-195.0,-424.0,-655.0,-888.0,-1118.0,-1351,-183.0,-426.0,-646.0,-877.0,-1082.0,-1307.0
-195.0,-424.0,-655.0,-889.0,-1118.0,-1350,-173.0,-415.0,-633.0,-867.0,-1079.0,-1309.0
-195.0,-424.0,-655.0,-889.0,-1118.0,-1348,-165.0,-407.0,-621.0,-861.0,-1076.0,-1311.0
-195.0,-424.0,-654.0,-890.0,-1118.0,-1347,-161.0,-398.0,-615.0,-856.0,-1074.0,-1313.0
-195.0,-424.0,-654.0,-892.0,-1118.0,-1346,-157.0,-392.0,-611.0,-852.0,-1073.0,-1313.0
-195.0,-424.0,-653.0,-893.0,-1118.0,-1344,-154.0,-387.0,-608.0,-849.0,-1072.0,-1313.0
-195.0,-424.0,-653.0,-894.0,-1118.0,-1342,-153.0,-385.0,-605.0,-848.0,-1071.0,-1315.0
-195.0,-424.0,-652.0,-896.0,-1118.0,-1341,-152.0,-382.0,-603.0,-847.0,-1071.0,-1313.0
-195.0,-424.0,-652.0,-897.0,-1118.0,-1340,-152.0,-381.0,-601.0,-846.0,-1070.0,-1313.0
-195.0,-424.0,-652.0,-898.0,-1118.0,-1337,-151.0,-380.0,-601.0,-846.0,-1070.0,-1313.0
-196.0,-424.0,-651.0,-901.0,-1118.0,-1339,-150.0,-378.0,-600.0,-845.0,-1070.0,-1313.0
-196.0,-423.0,-651.0,-898.0,-1117.0,-1340,-149.0,-378.0,-599.0,-844.0,-1070.0,-1312.0
-196.0,-423.0,-651.0,-898.0,-1117.0,-1341,-149.0,-377.0,-599.0,-843.0,-1070.0,-1311.0
-196.0,-423.0,-650.0,-897.0,-1116.0,-1343,-148.0,-376.0,-598.0,-841.0,-1070.0,-1310.0
-196.0,-423.0,-649.0,-897.0,-1116.0,-1344,-148.0,-375.0,-597.0,-841.0,-1069.0,-1308.0
-196.0,-423.0,-648.0,-896.0,-1116.0,-1346,-147.0,-375.0,-597.0,-840.0,-1069.0,-1307.0
-196.0,-422.0,-646.0,-895.0,-1115.0,-1348,-147.0,-374.0,-596.0,-839.0,-1069.0,-1305.0
-196.0,-422.0,-645.0,-893.0,-1115.0,-1350,-146.0,-374.0,-596.0,-838.0,-1069.0,-1304.0
-195.0,-421.0,-643.0,-892.0,-1114.0,-1352,-146.0,-373.0,-596.0,-838.0,-1069.0,-1302.0
-195.0,-421.0,-643.0,-890.0,-1114.0,-1354,-146.0,-373.0,-596.0,-838.0,-1069.0,-1302.0
-195.0,-420.0,-642.0,-888.0,-1114.0,-1356,-146.0,-373.0,-595.0,-838.0,-1069.0,-1301.0
-195.0,-419.0,-639.0,-886.0,-1113.0,-1358,-146.0,-373.0,-595.0,-838.0,-1069.0,-1300.0
-195.0,-418.0,-641.0,-885.0,-1113.0,-1360,-145.0,-373.0,-595.0,-838.0,-1069.0,-1299.0
-195.0,-417.0,-642.0,-884.0,-1113.0,-1361,-145.0,-373.0,-595.0,-838.0,-1069.0,-1299.0
-195.0,-416.0,-643.0,-883.0,-1112.0,-1362,-145.0,-373.0,-595.0,-838.0,-1069.0,-1299.0
-194.0,-415.0,-644.0,-882.0,-1112.0,-1363,-145.0,-372.0,-595.0,-838.0,-1069.0,-1299.0
-194.0,-413.0,-646.0,-882.0,-1111.0,-1364,-144.0,-372.0,-594.0,-838.0,-1069.0,-1299.0
-194.0,-411.0,-648.0,-882.0,-1111.0,-1364,-144.0,-372.0,-594.0,-838.0,-1069.0,-1299.0
-194.0,-409.0,-649.0,-882.0,-1111.0,-1364,-144.0,-371.0,-594.0,-837.0,-1069.0,-1299.0
-194.0,-407.0,-651.0,-882.0,-1109.0,-1365,-143.0,-371.0,-593.0,-837.0,-1070.0,-1299.0
-193.0,-406.0,-652.0,-881.0,-1111.0,-1365,-143.0,-371.0,-593.0,-837.0,-1070.0,-1300.0
-193.0,-404.0,-653.0,-881.0,-1111.0,-1365,-143.0,-370.0,-592.0,-837.0,-1071.0,-1301.0
-192.0,-403.0,-654.0,-881.0,-1111.0,-1366,-143.0,-370.0,-592.0,-837.0,-1071.0,-1301.0
-192.0,-402.0,-656.0,-879.0,-1111.0,-1368,-142.0,-369.0,-592.0,-837.0,-1072.0,-1302.0
-192.0,-399.0,-657.0,-881.0,-1112.0,-1366,-142.0,-369.0,-591.0,-837.0,-1072.0,-1303.0
-192.0,-402.0,-658.0,-881.0,-1112.0,-1365,-142.0,-368.0,-591.0,-837.0,-1072.0,-1304.0
-191.0,-404.0,-659.0,-881.0,-1112.0,-1362,-141.0,-368.0,-590.0,-837.0,-1072.0,-1306.0
-191.0,-405.0,-660.0,-881.0,-1111.0,-1360,-141.0,-367.0,-590.0,-837.0,-1073.0,-1307.0
-191.0,-406.0,-661.0,-884.0,-1110.0,-1356,-141.0,-367.0,-589.0,-837.0,-1073.0,-1308.0
-190.0,-408.0,-662.0,-906.0,-1107.0,-1351,-140.0,-366.0,-588.0,-837.0,-1073.0,-1309.0
-189.0,-410.0,-663.0,-954.0,-1102.0,-1346,-140.0,-365.0,-587.0,-837.0,-1073.0,-1310.0
-189.0,-414.0,-663.0,-958.0,-1098.0,-1340,-139.0,-364.0,-586.0,-836.0,-1073.0,-1311.0
-188.0,-416.0,-663.0,-962.0,-1092.0,-1333,-138.0,-364.0,-585.0,-836.0,-1073.0,-1312.0
-187.0,-419.0,-665.0,-1006.0,-1086.0,-1326,-137.0,-363.0,-583.0,-836.0,-1073.0,-1312.0
-187.0,-421.0,-663.0,-1028.0,-1081.0,-1318,-137.0,-362.0,-582.0,-835.0,-1073.0,-1313.0
-187.0,-424.0,-663.0,-1005.0,-1076.0,-1309,-136.0,-361.0,-581.0,-835.0,-1073.0,-1313.0
-185.0,-426.0,-663.0,-996.0,-1071.0,-1301,-136.0,-361.0,-580.0,-835.0,-1073.0,-1313.0
-187.0,-427.0,-663.0,-987.0,-1066.0,-1293,-136.0,-360.0,-579.0,-834.0,-1073.0,-1315.0
-187.0,-428.0,-662.0,-978.0,-1059.0,-1285,-135.0,-359.0,-579.0,-834.0,-1073.0,-1313.0
-187.0,-429.0,-661.0,-969.0,-1055.0,-1268,-134.0,-359.0,-578.0,-834.0,-1073.0,-1313.0
-188.0,-430.0,-660.0,-959.0,-1051.0,-1288,-134.0,-358.0,-577.0,-834.0,-1073.0,-1313.0
-189.0,-430.0,-658.0,-950.0,-1041.0,-1304,-133.0,-357.0,-577.0,-834.0,-1073.0,-1312.0
-190.0,-430.0,-656.0,-939.0,-1051.0,-1310,-132.0,-357.0,-576.0,-834.0,-1073.0,-1310.0
-191.0,-430.0,-653.0,-930.0,-1057.0,-1328,-132.0,-356.0,-575.0,-834.0,-1073.0,-1309.0
-193.0,-431.0,-650.0,-921.0,-1066.0,-1349,-131.0,-356.0,-575.0,-834.0,-1073.0,-1307.0
-194.0,-431.0,-647.0,-911.0,-1079.0,-1355,-130.0,-353.0,-572.0,-834.0,-1073.0,-1305.0
-195.0,-434.0,-643.0,-904.0,-1087.0,-1360,-129.0,-356.0,-575.0,-835.0,-1074.0,-1302.0
-195.0,-431.0,-640.0,-898.0,-1096.0,-1364,-128.0,-356.0,-575.0,-835.0,-1074.0,-1300.0
-195.0,-430.0,-632.0,-894.0,-1105.0,-1364,-128.0,-357.0,-576.0,-836.0,-1074.0,-1298.0
-195.0,-428.0,-645.0,-890.0,-1112.0,-1365,-127.0,-357.0,-576.0,-838.0,-1074.0,-1296.0
-195.0,-425.0,-650.0,-886.0,-1114.0,-1365,-126.0,-358.0,-577.0,-839.0,-1075.0,-1293.0
-195.0,-421.0,-656.0,-884.0,-1115.0,-1366,-123.0,-359.0,-579.0,-840.0,-1075.0,-1291.0
-195.0,-415.0,-662.0,-882.0,-1116.0,-1366,-126.0,-360.0,-580.0,-841.0,-1075.0,-1290.0
-195.0,-409.0,-673.0,-881.0,-1117.0,-1368,-127.0,-362.0,-582.0,-843.0,-1075.0,-1288.0
-195.0,-403.0,-679.0,-879.0,-1117.0,-1366,-127.0,-363.0,-584.0,-844.0,-1076.0,-1286.0
-195.0,-395.0,-686.0,-878.0,-1117.0,-1366,-128.0,-365.0,-586.0,-846.0,-1076.0,-1285.0
-195.0,-386.0,-680.0,-877.0,-1118.0,-1366,-128.0,-366.0,-588.0,-847.0,-1076.0,-1284.0
-195.0,-374.0,-677.0,-877.0,-1118.0,-1365,-129.0,-368.0,-590.0,-849.0,-1076.0,-1284.0
-195.0,-363.0,-672.0,-876.0,-1118.0,-1365,-130.0,-369.0,-592.0,-850.0,-1077.0,-1283.0
-195.0,-352.0,-668.0,-875.0,-1118.0,-1365,-131.0,-371.0,-593.0,-852.0,-1077.0,-1283.0
-193.0,-340.0,-666.0,-875.0,-1118.0,-1365,-132.0,-372.0,-595.0,-853.0,-1077.0,-1280.0
-190.0,-327.0,-662.0,-875.0,-1118.0,-1365,-134.0,-374.0,-597.0,-854.0,-1079.0,-1283.0
-186.0,-316.0,-661.0,-873.0,-1118.0,-1365,-135.0,-375.0,-598.0,-855.0,-1077.0,-1283.0
-181.0,-306.0,-660.0,-875.0,-1118.0,-1364,-136.0,-376.0,-599.0,-856.0,-1077.0,-1283.0
-173.0,-280.0,-660.0,-875.0,-1118.0,-1365,-137.0,-377.0,-600.0,-856.0,-1077.0,-1284.0
-166.0,-306.0,-660.0,-875.0,-1119.0,-1365,-138.0,-377.0,-601.0,-856.0,-1077.0,-1284.0
-157.0,-341.0,-660.0,-875.0,-1119.0,-1365,-139.0,-377.0,-602.0,-859.0,-1076.0,-1285.0
-150.0,-347.0,-660.0,-876.0,-1119.0,-1365,-140.0,-379.0,-602.0,-856.0,-1076.0,-1286.0
-141.0,-363.0,-660.0,-876.0,-1119.0,-1366,-141.0,-377.0,-604.0,-855.0,-1074.0,-1286.0
-132.0,-407.0,-660.0,-875.0,-1119.0,-1366,-142.0,-377.0,-602.0,-853.0,-1073.0,-1287.0
-125.0,-422.0,-659.0,-875.0,-1119.0,-1366,-143.0,-377.0,-602.0,-851.0,-1072.0,-1287.0
-116.0,-427.0,-659.0,-875.0,-1119.0,-1366,-144.0,-376.0,-601.0,-848.0,-1071.0,-1288.0
-106.0,-429.0,-659.0,-875.0,-1119.0,-1368,-145.0,-376.0,-601.0,-846.0,-1070.0,-1289.0
-97.0,-431.0,-658.0,-875.0,-1119.0,-1366,-146.0,-375.0,-600.0,-843.0,-1068.0,-1289.0
-87.0,-433.0,-658.0,-875.0,-1119.0,-1366,-147.0,-374.0,-599.0,-840.0,-1067.0,-1290.0
-62.0,-434.0,-658.0,-875.0,-1119.0,-1366,-148.0,-374.0,-599.0,-837.0,-1066.0,-1290.0
-84.0,-435.0,-658.0,-872.0,-1119.0,-1366,-149.0,-373.0,-598.0,-835.0,-1064.0,-1290.0
-102.0,-435.0,-658.0,-875.0,-1119.0,-1366,-150.0,-372.0,-597.0,-833.0,-1063.0,-1291.0
-118.0,-435.0,-658.0,-875.0,-1119.0,-1365,-150.0,-371.0,-596.0,-831.0,-1062.0,-1291.0
-129.0,-436.0,-658.0,-875.0,-1119.0,-1365,-151.0,-370.0,-596.0,-829.0,-1061.0,-1291.0
-166.0,-436.0,-659.0,-875.0,-1119.0,-1365,-151.0,-369.0,-595.0,-828.0,-1060.0,-1292.0
-180.0,-437.0,-659.0,-875.0,-1119.0,-1365,-152.0,-369.0,-594.0,-827.0,-1059.0,-1292.0
-188.0,-436.0,-659.0,-875.0,-1119.0,-1365,-152.0,-368.0,-593.0,-826.0,-1059.0,-1292.0
-195.0,-436.0,-661.0,-875.0,-1119.0,-1365,-153.0,-368.0,-593.0,-826.0,-1058.0,-1292.0
-198.0,-435.0,-659.0,-875.0,-1119.0,-1365,-153.0,-368.0,-593.0,-826.0,-1058.0,-1292.0
-199.0,-435.0,-659.0,-876.0,-1119.0,-1364,-153.0,-368.0,-593.0,-826.0,-1058.0,-1292.0
-199.0,-435.0,-659.0,-876.0,-1119.0,-1364,-153.0,-368.0,-593.0,-826.0,-1058.0,-1292.0
-200.0,-435.0,-658.0,-876.0,-1119.0,-1364,-154.0,-368.0,-593.0,-825.0,-1058.0,-1292.0
-200.0,-435.0,-658.0,-876.0,-1119.0,-1364,-154.0,-368.0,-593.0,-825.0,-1057.0,-1292.0
-201.0,-435.0,-658.0,-876.0,-1119.0,-1363,-154.0,-368.0,-593.0,-825.0,-1057.0,-1292.0
-201.0,-436.0,-658.0,-876.0,-1119.0,-1363,-154.0,-368.0,-593.0,-824.0,-1057.0,-1292.0
-202.0,-436.0,-658.0,-876.0,-1119.0,-1363,-154.0,-368.0,-593.0,-824.0,-1057.0,-1292.0
-202.0,-437.0,-658.0,-876.0,-1119.0,-1362,-154.0,-368.0,-592.0,-824.0,-1057.0,-1292.0
-202.0,-439.0,-657.0,-876.0,-1120.0,-1362,-154.0,-368.0,-592.0,-824.0,-1057.0,-1292.0
-202.0,-437.0,-657.0,-876.0,-1120.0,-1362,-154.0,-368.0,-592.0,-824.0,-1057.0,-1292.0
-202.0,-436.0,-656.0,-876.0,-1120.0,-1361,-154.0,-368.0,-592.0,-824.0,-1057.0,-1292.0
-202.0,-436.0,-656.0,-876.0,-1120.0,-1361,-154.0,-368.0,-592.0,-824.0,-1057.0,-1292.0
-202.0,-436.0,-656.0,-875.0,-1121.0,-1361,-155.0,-367.0,-592.0,-824.0,-1057.0,-1291.0
-202.0,-436.0,-656.0,-875.0,-1121.0,-1360,-155.0,-367.0,-592.0,-823.0,-1056.0,-1291.0
-202.0,-436.0,-656.0,-875.0,-1121.0,-1360,-155.0,-367.0,-591.0,-823.0,-1056.0,-1291.0
-202.0,-435.0,-656.0,-875.0,-1122.0,-1360,-155.0,-366.0,-591.0,-823.0,-1056.0,-1291.0
-202.0,-435.0,-656.0,-873.0,-1122.0,-1359,-155.0,-366.0,-591.0,-823.0,-1056.0,-1291.0
-202.0,-435.0,-655.0,-875.0,-1122.0,-1359,-155.0,-366.0,-591.0,-822.0,-1056.0,-1291.0
-202.0,-435.0,-655.0,-875.0,-1122.0,-1358,-155.0,-366.0,-591.0,-822.0,-1056.0,-1291.0
-203.0,-434.0,-655.0,-875.0,-1122.0,-1358,-155.0,-366.0,-591.0,-822.0,-1056.0,-1291.0
-203.0,-434.0,-655.0,-875.0,-1123.0,-1357,-155.0,-366.0,-591.0,-822.0,-1056.0,-1290.0
-203.0,-434.0,-655.0,-876.0,-1124.0,-1357,-155.0,-366.0,-590.0,-822.0,-1056.0,-1290.0
-203.0,-434.0,-654.0,-876.0,-1124.0,-1356,-155.0,-364.0,-590.0,-822.0,-1056.0,-1290.0
-203.0,-434.0,-654.0,-876.0,-1125.0,-1355,-155.0,-366.0,-590.0,-822.0,-1056.0,-1290.0
-203.0,-434.0,-654.0,-876.0,-1126.0,-1355,-155.0,-366.0,-590.0,-820.0,-1056.0,-1290.0
-203.0,-433.0,-654.0,-877.0,-1127.0,-1354,-155.0,-366.0,-588.0,-822.0,-1056.0,-1290.0
-203.0,-433.0,-653.0,-877.0,-1128.0,-1353,-155.0,-366.0,-590.0,-822.0,-1055.0,-1289.0
-203.0,-433.0,-653.0,-878.0,-1129.0,-1352,-155.0,-366.0,-590.0,-822.0,-1055.0,-1289.0
-203.0,-433.0,-653.0,-878.0,-1130.0,-1351,-155.0,-366.0,-590.0,-822.0,-1055.0,-1289.0
-203.0,-433.0,-652.0,-879.0,-1131.0,-1350,-155.0,-366.0,-590.0,-822.0,-1055.0,-1289.0
-203.0,-433.0,-652.0,-879.0,-1132.0,-1348,-155.0,-366.0,-590.0,-822.0,-1055.0,-1287.0
-203.0,-432.0,-652.0,-880.0,-1132.0,-1347,-155.0,-367.0,-591.0,-822.0,-1053.0,-1289.0
-203.0,-432.0,-651.0,-880.0,-1134.0,-1346,-155.0,-367.0,-591.0,-822.0,-1055.0,-1289.0
-203.0,-432.0,-651.0,-881.0,-1135.0,-1344,-155.0,-367.0,-591.0,-823.0,-1055.0,-1289.0
-203.0,-432.0,-650.0,-881.0,-1136.0,-1343,-155.0,-368.0,-592.0,-823.0,-1055.0,-1289.0
-203.0,-432.0,-649.0,-882.0,-1136.0,-1342,-155.0,-368.0,-592.0,-823.0,-1055.0,-1290.0
-203.0,-431.0,-648.0,-882.0,-1137.0,-1341,-155.0,-369.0,-593.0,-824.0,-1055.0,-1290.0
-203.0,-431.0,-646.0,-883.0,-1137.0,-1340,-155.0,-369.0,-593.0,-824.0,-1056.0,-1291.0
-203.0,-431.0,-644.0,-883.0,-1139.0,-1339,-155.0,-370.0,-593.0,-824.0,-1056.0,-1291.0
-203.0,-430.0,-644.0,-884.0,-1137.0,-1338,-155.0,-370.0,-594.0,-824.0,-1057.0,-1292.0
-203.0,-430.0,-642.0,-884.0,-1137.0,-1337,-154.0,-370.0,-594.0,-825.0,-1057.0,-1292.0
-203.0,-429.0,-640.0,-884.0,-1136.0,-1337,-152.0,-370.0,-594.0,-825.0,-1057.0,-1293.0
-204.0,-429.0,-639.0,-884.0,-1136.0,-1336,-154.0,-371.0,-594.0,-825.0,-1057.0,-1293.0
-204.0,-428.0,-637.0,-884.0,-1136.0,-1336,-155.0,-371.0,-595.0,-825.0,-1058.0,-1294.0
-204.0,-428.0,-636.0,-885.0,-1136.0,-1336,-155.0,-371.0,-595.0,-826.0,-1059.0,-1294.0
-204.0,-427.0,-635.0,-885.0,-1134.0,-1334,-155.0,-372.0,-596.0,-826.0,-1059.0,-1294.0
-205.0,-426.0,-634.0,-885.0,-1133.0,-1336,-155.0,-372.0,-596.0,-826.0,-1060.0,-1295.0
-205.0,-425.0,-632.0,-885.0,-1132.0,-1336,-155.0,-372.0,-597.0,-826.0,-1061.0,-1295.0
-206.0,-424.0,-631.0,-885.0,-1130.0,-1336,-155.0,-373.0,-597.0,-827.0,-1061.0,-1296.0
-206.0,-423.0,-630.0,-885.0,-1128.0,-1338,-155.0,-373.0,-598.0,-827.0,-1062.0,-1296.0
-206.0,-422.0,-629.0,-885.0,-1127.0,-1339,-155.0,-373.0,-598.0,-827.0,-1062.0,-1297.0
-206.0,-421.0,-629.0,-886.0,-1125.0,-1340,-155.0,-373.0,-599.0,-827.0,-1062.0,-1297.0
-207.0,-420.0,-629.0,-886.0,-1124.0,-1342,-155.0,-373.0,-599.0,-828.0,-1063.0,-1297.0
-207.0,-419.0,-629.0,-886.0,-1123.0,-1343,-155.0,-373.0,-599.0,-828.0,-1063.0,-1297.0
-207.0,-419.0,-627.0,-886.0,-1121.0,-1345,-155.0,-373.0,-599.0,-828.0,-1063.0,-1298.0
-207.0,-417.0,-629.0,-886.0,-1120.0,-1347,-155.0,-373.0,-599.0,-829.0,-1064.0,-1298.0
-207.0,-417.0,-629.0,-886.0,-1120.0,-1348,-155.0,-374.0,-600.0,-829.0,-1064.0,-1298.0
-207.0,-415.0,-629.0,-886.0,-1119.0,-1349,-155.0,-374.0,-600.0,-829.0,-1064.0,-1298.0
-207.0,-414.0,-629.0,-887.0,-1118.0,-1351,-155.0,-374.0,-600.0,-829.0,-1064.0,-1299.0
-207.0,-414.0,-630.0,-887.0,-1118.0,-1352,-155.0,-374.0,-600.0,-829.0,-1064.0,-1298.0
-208.0,-413.0,-632.0,-887.0,-1117.0,-1353,-155.0,-374.0,-600.0,-829.0,-1064.0,-1298.0
-208.0,-413.0,-634.0,-887.0,-1116.0,-1354,-155.0,-374.0,-600.0,-829.0,-1064.0,-1298.0
-209.0,-412.0,-635.0,-888.0,-1116.0,-1354,-155.0,-374.0,-600.0,-829.0,-1064.0,-1298.0
-209.0,-411.0,-637.0,-890.0,-1116.0,-1355,-155.0,-375.0,-601.0,-829.0,-1066.0,-1297.0
-210.0,-411.0,-639.0,-888.0,-1116.0,-1355,-155.0,-374.0,-600.0,-829.0,-1064.0,-1297.0
-210.0,-409.0,-641.0,-887.0,-1115.0,-1356,-155.0,-374.0,-600.0,-829.0,-1064.0,-1297.0
-210.0,-411.0,-644.0,-887.0,-1115.0,-1356,-155.0,-374.0,-600.0,-829.0,-1064.0,-1297.0
-210.0,-411.0,-646.0,-887.0,-1113.0,-1356,-155.0,-374.0,-600.0,-829.0,-1064.0,-1297.0
-212.0,-411.0,-648.0,-886.0,-1115.0,-1356,-155.0,-374.0,-600.0,-828.0,-1064.0,-1297.0
-210.0,-412.0,-649.0,-886.0,-1115.0,-1356,-155.0,-374.0,-600.0,-828.0,-1064.0,-1296.0
-210.0,-413.0,-651.0,-885.0,-1116.0,-1356,-155.0,-374.0,-600.0,-828.0,-1064.0,-1296.0
-210.0,-413.0,-652.0,-885.0,-1116.0,-1356,-155.0,-374.0,-599.0,-828.0,-1064.0,-1296.0
-210.0,-414.0,-652.0,-885.0,-1116.0,-1357,-155.0,-373.0,-599.0,-828.0,-1064.0,-1296.0
-210.0,-415.0,-654.0,-885.0,-1116.0,-1357,-155.0,-373.0,-599.0,-828.0,-1063.0,-1296.0
-209.0,-416.0,-654.0,-885.0,-1116.0,-1357,-155.0,-373.0,-599.0,-827.0,-1063.0,-1295.0
-209.0,-417.0,-654.0,-885.0,-1117.0,-1357,-155.0,-372.0,-599.0,-827.0,-1063.0,-1295.0
-208.0,-417.0,-655.0,-885.0,-1117.0,-1357,-155.0,-372.0,-599.0,-827.0,-1063.0,-1295.0
-208.0,-418.0,-655.0,-885.0,-1117.0,-1357,-155.0,-372.0,-598.0,-827.0,-1062.0,-1294.0
-206.0,-419.0,-655.0,-885.0,-1117.0,-1358,-155.0,-371.0,-598.0,-827.0,-1062.0,-1294.0
-205.0,-419.0,-656.0,-884.0,-1117.0,-1358,-155.0,-371.0,-598.0,-827.0,-1062.0,-1294.0
-204.0,-419.0,-656.0,-884.0,-1117.0,-1358,-155.0,-371.0,-598.0,-827.0,-1062.0,-1294.0
-203.0,-420.0,-656.0,-884.0,-1117.0,-1358,-155.0,-371.0,-598.0,-826.0,-1061.0,-1293.0
-201.0,-420.0,-656.0,-884.0,-1117.0,-1358,-154.0,-371.0,-598.0,-826.0,-1061.0,-1293.0
-200.0,-421.0,-656.0,-884.0,-1118.0,-1358,-154.0,-371.0,-598.0,-826.0,-1060.0,-1293.0
-199.0,-421.0,-656.0,-884.0,-1118.0,-1359,-154.0,-370.0,-597.0,-826.0,-1060.0,-1293.0
-199.0,-422.0,-656.0,-884.0,-1118.0,-1358,-153.0,-370.0,-597.0,-826.0,-1060.0,-1292.0
-198.0,-422.0,-656.0,-884.0,-1118.0,-1358,-153.0,-369.0,-596.0,-826.0,-1059.0,-1292.0
-197.0,-423.0,-656.0,-884.0,-1118.0,-1358,-153.0,-369.0,-596.0,-825.0,-1059.0,-1292.0
-196.0,-423.0,-656.0,-884.0,-1118.0,-1358,-153.0,-368.0,-595.0,-825.0,-1059.0,-1291.0
-196.0,-424.0,-656.0,-884.0,-1118.0,-1358,-152.0,-368.0,-595.0,-824.0,-1058.0,-1291.0
-195.0,-424.0,-656.0,-884.0,-1118.0,-1358,-151.0,-367.0,-594.0,-824.0,-1058.0,-1291.0
-194.0,-424.0,-655.0,-884.0,-1118.0,-1358,-150.0,-367.0,-593.0,-824.0,-1057.0,-1290.0
-194.0,-424.0,-655.0,-884.0,-1119.0,-1357,-149.0,-366.0,-592.0,-823.0,-1057.0,-1290.0
-194.0,-424.0,-655.0,-884.0,-1119.0,-1357,-148.0,-365.0,-591.0,-822.0,-1056.0,-1289.0
-194.0,-425.0,-655.0,-884.0,-1119.0,-1357,-146.0,-364.0,-590.0,-821.0,-1056.0,-1289.0
-192.0,-425.0,-655.0,-884.0,-1119.0,-1357,-145.0,-363.0,-589.0,-819.0,-1056.0,-1288.0
-194.0,-425.0,-655.0,-884.0,-1119.0,-1357,-141.0,-362.0,-588.0,-819.0,-1055.0,-1288.0
-194.0,-425.0,-655.0,-884.0,-1119.0,-1357,-145.0,-361.0,-587.0,-818.0,-1054.0,-1287.0
-194.0,-425.0,-655.0,-884.0,-1119.0,-1356,-145.0,-359.0,-587.0,-816.0,-1053.0,-1287.0
-194.0,-425.0,-655.0,-884.0,-1119.0,-1356,-147.0,-361.0,-586.0,-815.0,-1052.0,-1286.0
-194.0,-425.0,-655.0,-884.0,-1119.0,-1356,-148.0,-361.0,-586.0,-815.0,-1051.0,-1285.0
-195.0,-425.0,-655.0,-884.0,-1119.0,-1356,-150.0,-362.0,-584.0,-814.0,-1049.0,-1284.0
-195.0,-425.0,-655.0,-884.0,-1119.0,-1356,-151.0,-363.0,-586.0,-813.0,-1048.0,-1283.0
-196.0,-425.0,-654.0,-883.0,-1120.0,-1356,-152.0,-363.0,-586.0,-813.0,-1047.0,-1282.0
-196.0,-425.0,-654.0,-883.0,-1120.0,-1356,-153.0,-363.0,-586.0,-813.0,-1046.0,-1281.0
-197.0,-425.0,-654.0,-883.0,-1120.0,-1356,-153.0,-364.0,-587.0,-810.0,-1045.0,-1279.0
-197.0,-425.0,-654.0,-883.0,-1120.0,-1356,-154.0,-364.0,-587.0,-812.0,-1044.0,-1278.0
-197.0,-425.0,-654.0,-883.0,-1120.0,-1356,-154.0,-365.0,-587.0,-813.0,-1044.0,-1278.0
-198.0,-425.0,-654.0,-883.0,-1120.0,-1356,-154.0,-365.0,-587.0,-813.0,-1044.0,-1277.0
-198.0,-426.0,-654.0,-883.0,-1120.0,-1356,-154.0,-364.0,-588.0,-813.0,-1041.0,-1277.0
-198.0,-425.0,-654.0,-882.0,-1121.0,-1356,-154.0,-364.0,-588.0,-813.0,-1044.0,-1274.0
-198.0,-425.0,-653.0,-882.0,-1121.0,-1356,-154.0,-363.0,-588.0,-813.0,-1044.0,-1277.0
-198.0,-425.0,-653.0,-882.0,-1121.0,-1356,-153.0,-363.0,-588.0,-813.0,-1044.0,-1277.0
-199.0,-425.0,-653.0,-882.0,-1121.0,-1356,-153.0,-361.0,-588.0,-814.0,-1045.0,-1278.0
-199.0,-425.0,-653.0,-882.0,-1121.0,-1356,-152.0,-363.0,-588.0,-814.0,-1045.0,-1278.0
-199.0,-425.0,-652.0,-882.0,-1122.0,-1356,-151.0,-363.0,-588.0,-814.0,-1046.0,-1279.0
-199.0,-424.0,-652.0,-882.0,-1121.0,-1356,-151.0,-364.0,-588.0,-815.0,-1047.0,-1279.0
-199.0,-424.0,-652.0,-882.0,-1121.0,-1356,-151.0,-364.0,-588.0,-816.0,-1047.0,-1280.0
-199.0,-424.0,-652.0,-881.0,-1121.0,-1356,-151.0,-365.0,-588.0,-817.0,-1048.0,-1281.0
-199.0,-424.0,-650.0,-881.0,-1121.0,-1356,-149.0,-365.0,-589.0,-818.0,-1049.0,-1282.0
-199.0,-424.0,-652.0,-881.0,-1121.0,-1356,-151.0,-366.0,-590.0,-819.0,-1050.0,-1283.0
-199.0,-424.0,-652.0,-881.0,-1120.0,-1356,-151.0,-366.0,-591.0,-820.0,-1051.0,-1284.0
-199.0,-422.0,-652.0,-880.0,-1120.0,-1356,-151.0,-367.0,-591.0,-821.0,-1052.0,-1285.0
-199.0,-424.0,-652.0,-880.0,-1120.0,-1357,-151.0,-367.0,-591.0,-822.0,-1053.0,-1286.0
-199.0,-424.0,-653.0,-880.0,-1120.0,-1357,-151.0,-368.0,-592.0,-822.0,-1054.0,-1287.0
-199.0,-424.0,-653.0,-879.0,-1120.0,-1357,-152.0,-368.0,-592.0,-822.0,-1054.0,-1288.0
-199.0,-424.0,-653.0,-879.0,-1120.0,-1358,-151.0,-368.0,-592.0,-823.0,-1055.0,-1288.0
-199.0,-424.0,-653.0,-879.0,-1119.0,-1358,-148.0,-364.0,-593.0,-823.0,-1055.0,-1288.0
-199.0,-424.0,-653.0,-879.0,-1119.0,-1358,-143.0,-360.0,-591.0,-822.0,-1056.0,-1289.0
-200.0,-425.0,-654.0,-879.0,-1119.0,-1359,-138.0,-354.0,-586.0,-821.0,-1056.0,-1289.0
-200.0,-425.0,-654.0,-879.0,-1119.0,-1359,-133.0,-341.0,-578.0,-816.0,-1057.0,-1289.0
-200.0,-425.0,-654.0,-879.0,-1119.0,-1359,-127.0,-320.0,-560.0,-808.0,-1056.0,-1289.0
-200.0,-425.0,-654.0,-879.0,-1120.0,-1360,-114.0,-310.0,-545.0,-796.0,-1050.0,-1289.0
-200.0,-426.0,-654.0,-879.0,-1120.0,-1360,-122.0,-298.0,-528.0,-788.0,-1043.0,-1289.0
-201.0,-426.0,-654.0,-878.0,-1120.0,-1361,-131.0,-288.0,-497.0,-775.0,-1032.0,-1288.0
-201.0,-426.0,-654.0,-878.0,-1120.0,-1360,-146.0,-208.0,-478.0,-767.0,-1021.0,-1285.0
-201.0,-425.0,-654.0,-878.0,-1120.0,-1360,-180.0,-125.0,-446.0,-673.0,-1010.0,-1278.0
-201.0,-423.0,-654.0,-878.0,-1120.0,-1360,-188.0,-188.0,-405.0,-661.0,-1002.0,-1270.0
-201.0,-425.0,-654.0,-878.0,-1120.0,-1359,-213.0,-213.0,-452.0,-634.0,-995.0,-1257.0
-201.0,-426.0,-654.0,-878.0,-1120.0,-1359,-270.0,-270.0,-502.0,-405.0,-988.0,-1235.0
-201.0,-426.0,-654.0,-878.0,-1120.0,-1359,-296.0,-296.0,-509.0,-509.0,-842.0,-1211.0
-201.0,-427.0,-654.0,-878.0,-1122.0,-1359,-653.0,-441.0,-228.0,-228.0,-803.0,-1180.0
-201.0,-428.0,-653.0,-878.0,-1120.0,-1359,-264.0,-375.0,-592.0,-592.0,-869.0,-1159.0
-201.0,-429.0,-651.0,-878.0,-1120.0,-1359,-292.0,-429.0,-665.0,-665.0,-841.0,-1136.0
-201.0,-429.0,-653.0,-878.0,-1120.0,-1359,-272.0,-462.0,-745.0,-745.0,-597.0,-1120.0
-201.0,-429.0,-653.0,-877.0,-1120.0,-1360,-267.0,-480.0,-793.0,-793.0,-793.0,-1082.0
-201.0,-429.0,-654.0,-877.0,-1120.0,-1360,-258.0,-507.0,-954.0,-824.0,-824.0,-1113.0
-201.0,-430.0,-654.0,-877.0,-1120.0,-1360,-246.0,-535.0,-773.0,-929.0,-929.0,-1120.0
-201.0,-430.0,-654.0,-877.0,-1120.0,-1360,-227.0,-504.0,-748.0,-965.0,-965.0,-1158.0
-202.0,-430.0,-654.0,-877.0,-1120.0,-1361,-210.0,-491.0,-732.0,-1094.0,-1002.0,-1178.0
-202.0,-430.0,-654.0,-876.0,-1120.0,-1361,-194.0,-477.0,-718.0,-938.0,-1055.0,-1196.0
-202.0,-430.0,-654.0,-876.0,-1119.0,-1361,-183.0,-454.0,-699.0,-932.0,-1074.0,-1215.0
-203.0,-430.0,-654.0,-876.0,-1119.0,-1361,-176.0,-431.0,-669.0,-924.0,-1084.0,-1248.0
-203.0,-431.0,-654.0,-876.0,-1119.0,-1362,-166.0,-417.0,-653.0,-908.0,-1110.0,-1266.0
-203.0,-431.0,-654.0,-874.0,-1119.0,-1361,-159.0,-405.0,-638.0,-894.0,-1100.0,-1278.0
-203.0,-431.0,-654.0,-876.0,-1119.0,-1361,-156.0,-395.0,-625.0,-882.0,-1096.0,-1285.0
-203.0,-431.0,-654.0,-876.0,-1119.0,-1361,-156.0,-387.0,-613.0,-867.0,-1090.0,-1291.0
-203.0,-431.0,-654.0,-876.0,-1119.0,-1361,-155.0,-382.0,-607.0,-858.0,-1084.0,-1296.0
-204.0,-431.0,-654.0,-876.0,-1119.0,-1361,-154.0,-379.0,-601.0,-851.0,-1080.0,-1299.0
-204.0,-431.0,-654.0,-876.0,-1119.0,-1360,-154.0,-377.0,-600.0,-846.0,-1075.0,-1301.0
-204.0,-431.0,-655.0,-877.0,-1119.0,-1360,-153.0,-375.0,-599.0,-844.0,-1073.0,-1303.0
-204.0,-431.0,-655.0,-877.0,-1119.0,-1360,-152.0,-375.0,-598.0,-842.0,-1071.0,-1304.0
-204.0,-431.0,-655.0,-877.0,-1120.0,-1360,-151.0,-374.0,-598.0,-840.0,-1070.0,-1304.0
-204.0,-431.0,-655.0,-878.0,-1120.0,-1359,-151.0,-373.0,-597.0,-839.0,-1069.0,-1305.0
-204.0,-432.0,-655.0,-878.0,-1120.0,-1359,-151.0,-372.0,-596.0,-839.0,-1068.0,-1305.0
-204.0,-432.0,-655.0,-879.0,-1120.0,-1359,-150.0,-372.0,-595.0,-838.0,-1068.0,-1306.0
-204.0,-432.0,-655.0,-879.0,-1120.0,-1358,-148.0,-371.0,-595.0,-837.0,-1068.0,-1305.0
-204.0,-433.0,-655.0,-880.0,-1120.0,-1358,-150.0,-371.0,-594.0,-837.0,-1068.0,-1305.0
-204.0,-433.0,-655.0,-881.0,-1121.0,-1357,-150.0,-371.0,-592.0,-836.0,-1068.0,-1304.0
-204.0,-433.0,-655.0,-881.0,-1121.0,-1357,-151.0,-372.0,-594.0,-836.0,-1068.0,-1304.0
-204.0,-433.0,-655.0,-882.0,-1121.0,-1356,-151.0,-372.0,-594.0,-836.0,-1068.0,-1304.0
-204.0,-433.0,-654.0,-883.0,-1121.0,-1355,-151.0,-372.0,-595.0,-836.0,-1068.0,-1304.0
-204.0,-435.0,-654.0,-883.0,-1121.0,-1355,-151.0,-372.0,-595.0,-836.0,-1068.0,-1303.0
-204.0,-433.0,-654.0,-884.0,-1122.0,-1354,-151.0,-373.0,-595.0,-836.0,-1068.0,-1303.0
-204.0,-433.0,-654.0,-884.0,-1122.0,-1354,-151.0,-373.0,-595.0,-836.0,-1068.0,-1303.0
-204.0,-433.0,-654.0,-885.0,-1122.0,-1353,-151.0,-373.0,-595.0,-836.0,-1068.0,-1303.0
-204.0,-433.0,-654.0,-885.0,-1123.0,-1352,-151.0,-373.0,-596.0,-837.0,-1068.0,-1302.0
-204.0,-433.0,-653.0,-886.0,-1123.0,-1351,-151.0,-374.0,-596.0,-837.0,-1068.0,-1302.0
-204.0,-433.0,-653.0,-887.0,-1124.0,-1349,-151.0,-373.0,-596.0,-837.0,-1068.0,-1302.0
-204.0,-432.0,-652.0,-888.0,-1124.0,-1348,-151.0,-373.0,-596.0,-837.0,-1068.0,-1301.0
-204.0,-432.0,-652.0,-889.0,-1124.0,-1346,-150.0,-373.0,-596.0,-837.0,-1068.0,-1301.0
-204.0,-431.0,-651.0,-891.0,-1126.0,-1345,-150.0,-373.0,-596.0,-837.0,-1068.0,-1301.0
-204.0,-431.0,-651.0,-892.0,-1124.0,-1344,-150.0,-373.0,-596.0,-837.0,-1068.0,-1301.0
-204.0,-430.0,-650.0,-893.0,-1124.0,-1342,-150.0,-372.0,-596.0,-838.0,-1068.0,-1301.0
-204.0,-430.0,-649.0,-893.0,-1124.0,-1341,-150.0,-372.0,-596.0,-838.0,-1069.0,-1301.0
-204.0,-430.0,-649.0,-893.0,-1123.0,-1340,-150.0,-372.0,-596.0,-838.0,-1069.0,-1301.0
-204.0,-429.0,-647.0,-895.0,-1123.0,-1337,-150.0,-372.0,-596.0,-838.0,-1069.0,-1301.0
-204.0,-429.0,-646.0,-893.0,-1122.0,-1340,-149.0,-372.0,-596.0,-838.0,-1069.0,-1301.0
-204.0,-428.0,-645.0,-893.0,-1122.0,-1341,-149.0,-371.0,-596.0,-838.0,-1069.0,-1301.0
-204.0,-427.0,-644.0,-893.0,-1121.0,-1341,-149.0,-371.0,-596.0,-838.0,-1069.0,-1302.0
-204.0,-426.0,-643.0,-892.0,-1121.0,-1343,-149.0,-370.0,-595.0,-839.0,-1069.0,-1302.0
-204.0,-425.0,-641.0,-890.0,-1121.0,-1344,-148.0,-370.0,-595.0,-838.0,-1070.0,-1303.0
-204.0,-424.0,-641.0,-889.0,-1120.0,-1346,-148.0,-369.0,-595.0,-838.0,-1070.0,-1304.0
-204.0,-423.0,-640.0,-887.0,-1120.0,-1348,-148.0,-369.0,-594.0,-838.0,-1071.0,-1305.0
-204.0,-422.0,-638.0,-886.0,-1120.0,-1350,-147.0,-368.0,-594.0,-838.0,-1071.0,-1305.0
-203.0,-420.0,-640.0,-884.0,-1120.0,-1352,-147.0,-368.0,-593.0,-838.0,-1071.0,-1306.0
-203.0,-419.0,-641.0,-883.0,-1120.0,-1354,-146.0,-367.0,-592.0,-838.0,-1072.0,-1307.0
-202.0,-416.0,-642.0,-881.0,-1119.0,-1355,-146.0,-366.0,-591.0,-838.0,-1072.0,-1308.0
-202.0,-415.0,-642.0,-881.0,-1119.0,-1357,-145.0,-366.0,-590.0,-837.0,-1073.0,-1309.0
-201.0,-413.0,-643.0,-880.0,-1119.0,-1358,-145.0,-365.0,-589.0,-837.0,-1072.0,-1309.0
-201.0,-412.0,-645.0,-879.0,-1119.0,-1359,-144.0,-364.0,-588.0,-837.0,-1072.0,-1310.0
-201.0,-411.0,-646.0,-878.0,-1119.0,-1361,-144.0,-364.0,-587.0,-836.0,-1071.0,-1311.0
-200.0,-410.0,-648.0,-878.0,-1119.0,-1362,-144.0,-363.0,-586.0,-836.0,-1071.0,-1311.0
-200.0,-409.0,-650.0,-877.0,-1119.0,-1362,-143.0,-363.0,-586.0,-836.0,-1071.0,-1312.0
-200.0,-406.0,-651.0,-877.0,-1119.0,-1362,-142.0,-362.0,-585.0,-836.0,-1071.0,-1313.0
-200.0,-409.0,-653.0,-877.0,-1119.0,-1362,-141.0,-362.0,-584.0,-836.0,-1071.0,-1313.0
-199.0,-409.0,-655.0,-875.0,-1119.0,-1363,-140.0,-360.0,-584.0,-836.0,-1071.0,-1314.0
-199.0,-411.0,-656.0,-877.0,-1118.0,-1363,-139.0,-362.0,-584.0,-836.0,-1071.0,-1314.0
-199.0,-412.0,-656.0,-877.0,-1118.0,-1365,-139.0,-362.0,-582.0,-836.0,-1071.0,-1314.0
-198.0,-414.0,-658.0,-877.0,-1118.0,-1363,-138.0,-363.0,-584.0,-837.0,-1071.0,-1314.0
-198.0,-416.0,-658.0,-878.0,-1118.0,-1363,-138.0,-363.0,-584.0,-837.0,-1071.0,-1317.0
-198.0,-418.0,-658.0,-880.0,-1117.0,-1361,-138.0,-364.0,-584.0,-837.0,-1071.0,-1314.0
-198.0,-421.0,-659.0,-884.0,-1116.0,-1360,-138.0,-365.0,-585.0,-838.0,-1071.0,-1313.0
-196.0,-424.0,-659.0,-891.0,-1113.0,-1357,-135.0,-367.0,-586.0,-839.0,-1071.0,-1312.0
-198.0,-426.0,-659.0,-938.0,-1111.0,-1355,-138.0,-368.0,-587.0,-840.0,-1071.0,-1311.0
-198.0,-428.0,-661.0,-956.0,-1108.0,-1350,-138.0,-370.0,-589.0,-841.0,-1071.0,-1309.0
-198.0,-430.0,-659.0,-960.0,-1104.0,-1344,-138.0,-371.0,-591.0,-843.0,-1071.0,-1307.0
-198.0,-431.0,-659.0,-985.0,-1099.0,-1337,-138.0,-373.0,-593.0,-844.0,-1071.0,-1305.0
-198.0,-433.0,-659.0,-1027.0,-1094.0,-1330,-139.0,-375.0,-595.0,-846.0,-1072.0,-1303.0
-199.0,-433.0,-658.0,-1007.0,-1089.0,-1323,-140.0,-376.0,-596.0,-848.0,-1072.0,-1301.0
-199.0,-433.0,-658.0,-999.0,-1084.0,-1316,-141.0,-377.0,-599.0,-850.0,-1072.0,-1299.0
-200.0,-434.0,-657.0,-989.0,-1078.0,-1308,-142.0,-378.0,-600.0,-852.0,-1073.0,-1297.0
-200.0,-434.0,-656.0,-978.0,-1072.0,-1297,-142.0,-379.0,-602.0,-854.0,-1073.0,-1295.0
-201.0,-434.0,-654.0,-969.0,-1066.0,-1289,-143.0,-381.0,-603.0,-855.0,-1074.0,-1294.0
-201.0,-435.0,-651.0,-957.0,-1062.0,-1281,-144.0,-382.0,-604.0,-857.0,-1074.0,-1292.0
-202.0,-437.0,-647.0,-946.0,-1049.0,-1263,-145.0,-383.0,-606.0,-858.0,-1074.0,-1291.0
-202.0,-435.0,-645.0,-936.0,-1059.0,-1282,-146.0,-384.0,-607.0,-859.0,-1075.0,-1291.0
-202.0,-434.0,-641.0,-926.0,-1065.0,-1298,-147.0,-385.0,-609.0,-860.0,-1077.0,-1290.0
-202.0,-433.0,-637.0,-917.0,-1073.0,-1306,-148.0,-387.0,-610.0,-861.0,-1075.0,-1289.0
-203.0,-430.0,-626.0,-908.0,-1083.0,-1318,-149.0,-387.0,-612.0,-862.0,-1075.0,-1289.0
-203.0,-426.0,-633.0,-901.0,-1094.0,-1338,-150.0,-390.0,-613.0,-862.0,-1074.0,-1289.0
-203.0,-421.0,-641.0,-895.0,-1102.0,-1352,-151.0,-387.0,-614.0,-865.0,-1074.0,-1289.0
-203.0,-415.0,-647.0,-890.0,-1109.0,-1358,-153.0,-387.0,-619.0,-862.0,-1074.0,-1287.0
-203.0,-406.0,-652.0,-887.0,-1115.0,-1360,-154.0,-385.0,-615.0,-861.0,-1074.0,-1289.0
-202.0,-397.0,-660.0,-884.0,-1118.0,-1360,-154.0,-384.0,-614.0,-859.0,-1073.0,-1289.0
-202.0,-387.0,-673.0,-882.0,-1118.0,-1361,-155.0,-383.0,-612.0,-856.0,-1072.0,-1289.0
-202.0,-375.0,-678.0,-880.0,-1118.0,-1362,-156.0,-382.0,-610.0,-854.0,-1071.0,-1289.0
-201.0,-360.0,-684.0,-879.0,-1119.0,-1363,-156.0,-381.0,-609.0,-851.0,-1070.0,-1290.0
-199.0,-350.0,-675.0,-877.0,-1119.0,-1364,-157.0,-380.0,-608.0,-848.0,-1069.0,-1291.0
-196.0,-337.0,-670.0,-877.0,-1119.0,-1364,-157.0,-379.0,-606.0,-846.0,-1067.0,-1292.0
-193.0,-325.0,-666.0,-876.0,-1120.0,-1366,-157.0,-378.0,-606.0,-843.0,-1065.0,-1293.0
-187.0,-314.0,-663.0,-875.0,-1120.0,-1364,-158.0,-378.0,-605.0,-840.0,-1064.0,-1294.0
-180.0,-305.0,-659.0,-874.0,-1120.0,-1364,-158.0,-377.0,-604.0,-838.0,-1062.0,-1294.0
-171.0,-295.0,-658.0,-874.0,-1120.0,-1363,-158.0,-376.0,-603.0,-836.0,-1061.0,-1295.0
-163.0,-275.0,-658.0,-874.0,-1120.0,-1363,-158.0,-375.0,-602.0,-835.0,-1060.0,-1295.0
-154.0,-331.0,-658.0,-874.0,-1120.0,-1363,-159.0,-375.0,-601.0,-833.0,-1058.0,-1295.0
-142.0,-347.0,-658.0,-873.0,-1120.0,-1364,-159.0,-374.0,-601.0,-832.0,-1057.0,-1295.0
-131.0,-356.0,-658.0,-871.0,-1120.0,-1364,-159.0,-374.0,-601.0,-831.0,-1057.0,-1296.0
-121.0,-382.0,-658.0,-873.0,-1120.0,-1364,-159.0,-375.0,-601.0,-830.0,-1056.0,-1295.0
-109.0,-418.0,-657.0,-874.0,-1120.0,-1364,-159.0,-375.0,-601.0,-828.0,-1055.0,-1295.0
-99.0,-426.0,-657.0,-874.0,-1120.0,-1364,-159.0,-375.0,-601.0,-828.0,-1055.0,-1295.0
-89.0,-430.0,-656.0,-874.0,-1120.0,-1364,-159.0,-375.0,-601.0,-827.0,-1055.0,-1294.0
-69.0,-432.0,-656.0,-874.0,-1120.0,-1364,-159.0,-375.0,-601.0,-827.0,-1055.0,-1294.0
-86.0,-433.0,-653.0,-874.0,-1120.0,-1364,-159.0,-375.0,-601.0,-827.0,-1055.0,-1293.0
-108.0,-435.0,-655.0,-874.0,-1120.0,-1364,-160.0,-375.0,-601.0,-827.0,-1055.0,-1292.0
-123.0,-437.0,-656.0,-874.0,-1120.0,-1364,-159.0,-376.0,-601.0,-827.0,-1055.0,-1292.0
-141.0,-437.0,-656.0,-874.0,-1120.0,-1364,-159.0,-375.0,-601.0,-827.0,-1055.0,-1292.0
-153.0,-437.0,-656.0,-874.0,-1120.0,-1364,-159.0,-375.0,-601.0,-825.0,-1055.0,-1291.0
-174.0,-438.0,-656.0,-874.0,-1120.0,-1364,-159.0,-375.0,-601.0,-827.0,-1055.0,-1291.0
-188.0,-438.0,-657.0,-874.0,-1120.0,-1364,-159.0,-375.0,-600.0,-827.0,-1055.0,-1291.0
-198.0,-438.0,-657.0,-874.0,-1120.0,-1364,-159.0,-375.0,-600.0,-827.0,-1055.0,-1291.0
-202.0,-438.0,-657.0,-874.0,-1120.0,-1364,-159.0,-375.0,-600.0,-827.0,-1054.0,-1289.0
-203.0,-438.0,-657.0,-874.0,-1121.0,-1364,-159.0,-375.0,-600.0,-827.0,-1054.0,-1291.0
-205.0,-438.0,-657.0,-874.0,-1121.0,-1365,-159.0,-375.0,-600.0,-827.0,-1054.0,-1291.0
-206.0,-438.0,-657.0,-874.0,-1121.0,-1366,-159.0,-374.0,-600.0,-827.0,-1054.0,-1291.0
-206.0,-438.0,-657.0,-874.0,-1121.0,-1365,-158.0,-374.0,-600.0,-828.0,-1054.0,-1291.0
-207.0,-438.0,-657.0,-874.0,-1121.0,-1365,-158.0,-374.0,-600.0,-828.0,-1054.0,-1292.0
-208.0,-438.0,-658.0,-874.0,-1121.0,-1364,-158.0,-373.0,-600.0,-828.0,-1054.0,-1292.0
-208.0,-438.0,-657.0,-874.0,-1121.0,-1364,-158.0,-373.0,-599.0,-828.0,-1054.0,-1291.0
-208.0,-438.0,-657.0,-874.0,-1121.0,-1364,-158.0,-373.0,-599.0,-828.0,-1053.0,-1291.0
-208.0,-438.0,-657.0,-874.0,-1121.0,-1364,-158.0,-372.0,-599.0,-828.0,-1053.0,-1291.0
-208.0,-438.0,-657.0,-874.0,-1121.0,-1363,-158.0,-372.0,-598.0,-828.0,-1053.0,-1291.0
-208.0,-438.0,-657.0,-874.0,-1121.0,-1363,-158.0,-372.0,-598.0,-828.0,-1053.0,-1291.0
-208.0,-439.0,-657.0,-875.0,-1121.0,-1363,-158.0,-372.0,-597.0,-828.0,-1053.0,-1291.0
-208.0,-438.0,-657.0,-874.0,-1121.0,-1362,-158.0,-372.0,-597.0,-828.0,-1052.0,-1290.0
-208.0,-438.0,-657.0,-874.0,-1122.0,-1362,-158.0,-372.0,-597.0,-828.0,-1052.0,-1290.0
-208.0,-438.0,-656.0,-874.0,-1122.0,-1362,-158.0,-372.0,-597.0,-828.0,-1052.0,-1290.0
-208.0,-438.0,-656.0,-874.0,-1123.0,-1361,-158.0,-372.0,-597.0,-828.0,-1052.0,-1290.0
-208.0,-438.0,-656.0,-873.0,-1123.0,-1361,-158.0,-372.0,-597.0,-827.0,-1052.0,-1290.0
-208.0,-438.0,-656.0,-873.0,-1124.0,-1361,-158.0,-372.0,-597.0,-827.0,-1052.0,-1290.0
-208.0,-438.0,-656.0,-873.0,-1124.0,-1361,-157.0,-372.0,-597.0,-825.0,-1052.0,-1290.0
-208.0,-438.0,-656.0,-873.0,-1125.0,-1360,-157.0,-372.0,-597.0,-827.0,-1051.0,-1290.0
-208.0,-438.0,-656.0,-871.0,-1125.0,-1360,-157.0,-372.0,-597.0,-827.0,-1051.0,-1290.0
-208.0,-438.0,-655.0,-873.0,-1126.0,-1360,-158.0,-372.0,-597.0,-827.0,-1051.0,-1290.0
-208.0,-438.0,-655.0,-873.0,-1126.0,-1359,-158.0,-372.0,-597.0,-828.0,-1051.0,-1288.0
-208.0,-438.0,-655.0,-873.0,-1126.0,-1358,-158.0,-372.0,-597.0,-828.0,-1049.0,-1290.0
-208.0,-438.0,-655.0,-873.0,-1127.0,-1358,-158.0,-372.0,-597.0,-828.0,-1051.0,-1290.0
-208.0,-438.0,-655.0,-874.0,-1127.0,-1357,-158.0,-373.0,-597.0,-828.0,-1051.0,-1290.0
-208.0,-438.0,-654.0,-874.0,-1128.0,-1357,-158.0,-373.0,-598.0,-828.0,-1051.0,-1290.0
-208.0,-437.0,-654.0,-875.0,-1128.0,-1356,-158.0,-373.0,-598.0,-828.0,-1051.0,-1290.0
-209.0,-437.0,-654.0,-875.0,-1128.0,-1356,-158.0,-373.0,-598.0,-828.0,-1051.0,-1290.0
-209.0,-437.0,-654.0,-875.0,-1129.0,-1356,-158.0,-373.0,-598.0,-828.0,-1052.0,-1290.0
-209.0,-437.0,-653.0,-875.0,-1130.0,-1355,-158.0,-373.0,-598.0,-828.0,-1052.0,-1290.0
-209.0,-437.0,-653.0,-876.0,-1131.0,-1355,-158.0,-374.0,-599.0,-828.0,-1052.0,-1290.0
-209.0,-437.0,-652.0,-876.0,-1132.0,-1354,-158.0,-374.0,-599.0,-828.0,-1052.0,-1290.0
-209.0,-437.0,-652.0,-876.0,-1133.0,-1354,-158.0,-374.0,-599.0,-828.0,-1052.0,-1291.0
-209.0,-436.0,-651.0,-876.0,-1134.0,-1353,-158.0,-374.0,-599.0,-828.0,-1052.0,-1291.0
-209.0,-436.0,-650.0,-877.0,-1135.0,-1352,-158.0,-374.0,-600.0,-828.0,-1052.0,-1292.0
-209.0,-435.0,-650.0,-878.0,-1135.0,-1350,-158.0,-374.0,-600.0,-828.0,-1053.0,-1292.0
-209.0,-435.0,-649.0,-878.0,-1136.0,-1349,-158.0,-374.0,-600.0,-829.0,-1053.0,-1293.0
-210.0,-434.0,-648.0,-879.0,-1137.0,-1348,-158.0,-374.0,-600.0,-829.0,-1053.0,-1293.0
-210.0,-434.0,-647.0,-880.0,-1138.0,-1346,-158.0,-374.0,-600.0,-829.0,-1054.0,-1294.0
-211.0,-433.0,-646.0,-880.0,-1139.0,-1344,-158.0,-374.0,-600.0,-829.0,-1054.0,-1294.0
-211.0,-433.0,-644.0,-881.0,-1139.0,-1343,-158.0,-374.0,-600.0,-829.0,-1054.0,-1295.0
-212.0,-432.0,-643.0,-881.0,-1140.0,-1341,-158.0,-374.0,-600.0,-829.0,-1054.0,-1295.0
-212.0,-432.0,-641.0,-882.0,-1140.0,-1340,-158.0,-374.0,-600.0,-829.0,-1055.0,-1295.0
-212.0,-431.0,-639.0,-882.0,-1141.0,-1339,-158.0,-374.0,-600.0,-829.0,-1055.0,-1295.0
-213.0,-431.0,-638.0,-883.0,-1140.0,-1339,-159.0,-374.0,-600.0,-829.0,-1055.0,-1295.0
-213.0,-430.0,-636.0,-884.0,-1140.0,-1338,-158.0,-375.0,-600.0,-829.0,-1055.0,-1295.0
-213.0,-429.0,-635.0,-884.0,-1140.0,-1337,-158.0,-375.0,-600.0,-829.0,-1055.0,-1295.0
-213.0,-429.0,-633.0,-884.0,-1139.0,-1336,-158.0,-376.0,-600.0,-829.0,-1055.0,-1295.0
-213.0,-428.0,-631.0,-885.0,-1139.0,-1335,-158.0,-376.0,-600.0,-829.0,-1055.0,-1295.0
-213.0,-428.0,-630.0,-885.0,-1138.0,-1335,-158.0,-376.0,-600.0,-829.0,-1055.0,-1294.0
-213.0,-426.0,-629.0,-885.0,-1137.0,-1334,-158.0,-377.0,-601.0,-830.0,-1055.0,-1292.0
-213.0,-425.0,-628.0,-885.0,-1136.0,-1332,-158.0,-377.0,-601.0,-830.0,-1055.0,-1294.0
-213.0,-424.0,-628.0,-885.0,-1135.0,-1334,-158.0,-377.0,-601.0,-830.0,-1055.0,-1294.0
-213.0,-423.0,-627.0,-885.0,-1134.0,-1334,-158.0,-377.0,-601.0,-830.0,-1056.0,-1295.0
-214.0,-422.0,-627.0,-885.0,-1132.0,-1335,-158.0,-377.0,-602.0,-830.0,-1056.0,-1295.0
-214.0,-421.0,-626.0,-886.0,-1130.0,-1336,-158.0,-377.0,-602.0,-830.0,-1056.0,-1295.0
-214.0,-420.0,-623.0,-886.0,-1128.0,-1337,-158.0,-378.0,-602.0,-830.0,-1057.0,-1295.0
-214.0,-419.0,-626.0,-886.0,-1127.0,-1338,-158.0,-377.0,-602.0,-830.0,-1057.0,-1295.0
-215.0,-418.0,-626.0,-886.0,-1125.0,-1339,-158.0,-377.0,-603.0,-830.0,-1057.0,-1295.0
-215.0,-417.0,-627.0,-887.0,-1124.0,-1340,-158.0,-377.0,-602.0,-830.0,-1057.0,-1295.0
-215.0,-416.0,-628.0,-887.0,-1122.0,-1341,-158.0,-377.0,-602.0,-830.0,-1057.0,-1295.0
-216.0,-415.0,-629.0,-887.0,-1121.0,-1343,-158.0,-377.0,-602.0,-830.0,-1057.0,-1295.0
-216.0,-414.0,-630.0,-887.0,-1121.0,-1344,-158.0,-377.0,-602.0,-830.0,-1057.0,-1295.0
-216.0,-413.0,-632.0,-888.0,-1120.0,-1346,-158.0,-377.0,-601.0,-830.0,-1057.0,-1295.0
-216.0,-413.0,-634.0,-888.0,-1119.0,-1347,-158.0,-376.0,-601.0,-830.0,-1057.0,-1295.0
-216.0,-410.0,-636.0,-888.0,-1119.0,-1348,-158.0,-376.0,-601.0,-830.0,-1057.0,-1295.0
-219.0,-412.0,-638.0,-888.0,-1118.0,-1349,-158.0,-376.0,-601.0,-830.0,-1057.0,-1294.0
-216.0,-413.0,-640.0,-888.0,-1118.0,-1350,-158.0,-376.0,-601.0,-830.0,-1057.0,-1294.0
-216.0,-413.0,-642.0,-890.0,-1118.0,-1351,-158.0,-376.0,-600.0,-830.0,-1057.0,-1294.0
-216.0,-413.0,-644.0,-888.0,-1118.0,-1352,-158.0,-375.0,-600.0,-830.0,-1057.0,-1294.0
-215.0,-414.0,-646.0,-888.0,-1117.0,-1353,-157.0,-375.0,-600.0,-830.0,-1057.0,-1294.0
-214.0,-414.0,-648.0,-888.0,-1117.0,-1353,-157.0,-374.0,-600.0,-830.0,-1057.0,-1294.0
-214.0,-415.0,-650.0,-888.0,-1117.0,-1354,-157.0,-374.0,-600.0,-830.0,-1057.0,-1293.0
-213.0,-416.0,-651.0,-888.0,-1117.0,-1354,-156.0,-373.0,-600.0,-830.0,-1057.0,-1293.0
-212.0,-416.0,-652.0,-888.0,-1116.0,-1355,-155.0,-372.0,-599.0,-830.0,-1057.0,-1293.0
-212.0,-417.0,-653.0,-887.0,-1116.0,-1355,-154.0,-372.0,-599.0,-830.0,-1057.0,-1293.0
-211.0,-418.0,-653.0,-887.0,-1116.0,-1355,-154.0,-371.0,-598.0,-830.0,-1057.0,-1292.0
-210.0,-418.0,-654.0,-887.0,-1114.0,-1356,-153.0,-370.0,-597.0,-829.0,-1056.0,-1292.0
-209.0,-419.0,-654.0,-887.0,-1116.0,-1356,-151.0,-370.0,-596.0,-829.0,-1056.0,-1292.0
-207.0,-419.0,-654.0,-886.0,-1116.0,-1356,-153.0,-369.0,-595.0,-829.0,-1056.0,-1292.0
-206.0,-420.0,-655.0,-886.0,-1116.0,-1356,-154.0,-369.0,-595.0,-828.0,-1055.0,-1292.0
-204.0,-420.0,-655.0,-886.0,-1116.0,-1356,-154.0,-369.0,-594.0,-828.0,-1055.0,-1291.0
-203.0,-421.0,-655.0,-886.0,-1117.0,-1356,-155.0,-366.0,-593.0,-827.0,-1054.0,-1291.0
-202.0,-421.0,-655.0,-885.0,-1117.0,-1356,-156.0,-369.0,-593.0,-827.0,-1054.0,-1291.0
-201.0,-421.0,-655.0,-885.0,-1117.0,-1356,-157.0,-369.0,-590.0,-826.0,-1053.0,-1291.0
-200.0,-422.0,-656.0,-885.0,-1117.0,-1356,-158.0,-369.0,-593.0,-826.0,-1053.0,-1291.0
-200.0,-422.0,-656.0,-885.0,-1117.0,-1356,-159.0,-370.0,-593.0,-825.0,-1052.0,-1290.0
-199.0,-422.0,-656.0,-885.0,-1118.0,-1356,-159.0,-371.0,-594.0,-825.0,-1052.0,-1290.0
-199.0,-423.0,-656.0,-885.0,-1118.0,-1356,-160.0,-372.0,-594.0,-824.0,-1051.0,-1290.0
-198.0,-423.0,-656.0,-885.0,-1118.0,-1356,-160.0,-372.0,-595.0,-823.0,-1050.0,-1289.0
-198.0,-423.0,-656.0,-885.0,-1119.0,-1356,-161.0,-373.0,-596.0,-822.0,-1049.0,-1289.0
-197.0,-424.0,-656.0,-885.0,-1119.0,-1356,-161.0,-373.0,-596.0,-819.0,-1048.0,-1289.0
-197.0,-424.0,-656.0,-885.0,-1119.0,-1356,-163.0,-375.0,-596.0,-822.0,-1047.0,-1287.0
-196.0,-424.0,-656.0,-885.0,-1119.0,-1356,-161.0,-373.0,-597.0,-823.0,-1046.0,-1287.0
-196.0,-425.0,-656.0,-885.0,-1119.0,-1356,-161.0,-373.0,-597.0,-823.0,-1046.0,-1285.0
-196.0,-425.0,-656.0,-885.0,-1119.0,-1355,-160.0,-372.0,-597.0,-824.0,-1043.0,-1284.0
-194.0,-425.0,-656.0,-884.0,-1119.0,-1355,-159.0,-372.0,-597.0,-824.0,-1045.0,-1283.0
-196.0,-425.0,-655.0,-884.0,-1119.0,-1355,-159.0,-371.0,-597.0,-825.0,-1046.0,-1283.0
-196.0,-426.0,-655.0,-885.0,-1119.0,-1355,-159.0,-371.0,-597.0,-825.0,-1046.0,-1282.0
-196.0,-426.0,-655.0,-885.0,-1119.0,-1355,-159.0,-371.0,-597.0,-825.0,-1047.0,-1281.0
-196.0,-426.0,-655.0,-885.0,-1119.0,-1355,-159.0,-372.0,-597.0,-826.0,-1047.0,-1279.0
-197.0,-426.0,-655.0,-885.0,-1119.0,-1355,-159.0,-373.0,-598.0,-826.0,-1048.0,-1281.0
-197.0,-426.0,-655.0,-885.0,-1119.0,-1355,-159.0,-374.0,-598.0,-827.0,-1049.0,-1281.0
-198.0,-426.0,-655.0,-885.0,-1119.0,-1355,-159.0,-375.0,-599.0,-827.0,-1050.0,-1282.0
-198.0,-426.0,-654.0,-885.0,-1119.0,-1355,-159.0,-375.0,-600.0,-828.0,-1051.0,-1283.0
-198.0,-426.0,-654.0,-885.0,-1119.0,-1354,-159.0,-376.0,-600.0,-828.0,-1052.0,-1284.0
-199.0,-425.0,-654.0,-885.0,-1119.0,-1354,-159.0,-376.0,-600.0,-828.0,-1054.0,-1285.0
-199.0,-425.0,-654.0,-885.0,-1119.0,-1354,-159.0,-377.0,-600.0,-829.0,-1055.0,-1286.0
-200.0,-425.0,-654.0,-885.0,-1119.0,-1354,-158.0,-376.0,-601.0,-829.0,-1056.0,-1287.0
-200.0,-425.0,-654.0,-885.0,-1119.0,-1354,-157.0,-376.0,-602.0,-829.0,-1057.0,-1288.0
-200.0,-425.0,-654.0,-885.0,-1120.0,-1354,-154.0,-375.0,-601.0,-830.0,-1057.0,-1289.0
-200.0,-425.0,-654.0,-885.0,-1120.0,-1354,-149.0,-370.0,-601.0,-830.0,-1058.0,-1290.0
-200.0,-425.0,-654.0,-885.0,-1120.0,-1354,-144.0,-361.0,-600.0,-830.0,-1058.0,-1291.0
-201.0,-425.0,-654.0,-885.0,-1120.0,-1354,-140.0,-352.0,-597.0,-831.0,-1058.0,-1291.0
-201.0,-425.0,-653.0,-885.0,-1120.0,-1354,-134.0,-331.0,-591.0,-831.0,-1059.0,-1292.0
-201.0,-425.0,-653.0,-885.0,-1120.0,-1354,-123.0,-317.0,-583.0,-831.0,-1059.0,-1292.0
-201.0,-425.0,-653.0,-885.0,-1121.0,-1354,-139.0,-306.0,-570.0,-828.0,-1059.0,-1293.0
-201.0,-425.0,-653.0,-885.0,-1120.0,-1352,-149.0,-256.0,-559.0,-823.0,-1059.0,-1293.0
-201.0,-425.0,-653.0,-885.0,-1120.0,-1354,-285.0,-207.0,-545.0,-814.0,-1059.0,-1294.0
-201.0,-425.0,-653.0,-885.0,-1120.0,-1354,-206.0,-141.0,-509.0,-796.0,-1059.0,-1294.0
-202.0,-425.0,-653.0,-885.0,-1120.0,-1354,-221.0,-221.0,-565.0,-781.0,-1057.0,-1295.0
-202.0,-424.0,-653.0,-885.0,-1120.0,-1354,-254.0,-254.0,-598.0,-757.0,-1049.0,-1295.0
-202.0,-424.0,-653.0,-885.0,-1120.0,-1354,-276.0,-276.0,-598.0,-598.0,-1038.0,-1296.0
-202.0,-424.0,-651.0,-885.0,-1119.0,-1354,-311.0,-311.0,-420.0,-420.0,-1017.0,-1296.0
-202.0,-424.0,-653.0,-885.0,-1119.0,-1354,-424.0,-339.0,-580.0,-580.0,-993.0,-1296.0
-202.0,-424.0,-653.0,-885.0,-1119.0,-1354,-288.0,-391.0,-594.0,-594.0,-985.0,-1292.0
-202.0,-424.0,-653.0,-885.0,-1119.0,-1354,-287.0,-435.0,-604.0,-604.0,-977.0,-1286.0
-202.0,-424.0,-653.0,-886.0,-1119.0,-1354,-282.0,-453.0,-641.0,-641.0,-850.0,-1275.0
-202.0,-424.0,-653.0,-885.0,-1119.0,-1354,-267.0,-474.0,-687.0,-687.0,-846.0,-1236.0
-202.0,-422.0,-653.0,-885.0,-1119.0,-1354,-253.0,-501.0,-707.0,-707.0,-838.0,-1218.0
-202.0,-424.0,-653.0,-885.0,-1119.0,-1354,-234.0,-540.0,-796.0,-796.0,-690.0,-1200.0
-202.0,-424.0,-653.0,-885.0,-1119.0,-1355,-213.0,-518.0,-915.0,-817.0,-817.0,-1174.0
-202.0,-424.0,-653.0,-885.0,-1119.0,-1355,-201.0,-504.0,-740.0,-889.0,-889.0,-1088.0
-202.0,-424.0,-654.0,-885.0,-1119.0,-1355,-189.0,-487.0,-781.0,-914.0,-914.0,-1151.0
-202.0,-424.0,-654.0,-885.0,-1119.0,-1355,-175.0,-469.0,-740.0,-937.0,-937.0,-1151.0
-202.0,-424.0,-654.0,-885.0,-1119.0,-1355,-169.0,-449.0,-724.0,-967.0,-967.0,-1093.0
-202.0,-424.0,-654.0,-885.0,-1119.0,-1355,-164.0,-433.0,-703.0,-1052.0,-977.0,-1145.0
-202.0,-424.0,-654.0,-885.0,-1119.0,-1355,-160.0,-416.0,-677.0,-938.0,-1044.0,-1160.0
-202.0,-425.0,-654.0,-885.0,-1119.0,-1355,-159.0,-397.0,-657.0,-932.0,-1084.0,-1183.0
-202.0,-425.0,-654.0,-885.0,-1118.0,-1355,-158.0,-390.0,-638.0,-925.0,-1088.0,-1208.0
-202.0,-425.0,-654.0,-885.0,-1118.0,-1355,-157.0,-385.0,-621.0,-911.0,-1098.0,-1224.0
-202.0,-425.0,-655.0,-885.0,-1118.0,-1355,-156.0,-381.0,-613.0,-894.0,-1115.0,-1243.0
-202.0,-425.0,-655.0,-885.0,-1119.0,-1355,-156.0,-379.0,-608.0,-879.0,-1103.0,-1256.0
-202.0,-425.0,-655.0,-885.0,-1119.0,-1355,-155.0,-377.0,-604.0,-870.0,-1100.0,-1268.0
-202.0,-425.0,-655.0,-885.0,-1119.0,-1355,-154.0,-376.0,-602.0,-861.0,-1096.0,-1276.0
-202.0,-425.0,-655.0,-885.0,-1119.0,-1355,-154.0,-375.0,-601.0,-856.0,-1093.0,-1287.0
-202.0,-425.0,-655.0,-885.0,-1119.0,-1355,-154.0,-374.0,-600.0,-852.0,-1087.0,-1292.0
-202.0,-425.0,-655.0,-885.0,-1119.0,-1355,-153.0,-374.0,-600.0,-849.0,-1083.0,-1297.0
-202.0,-425.0,-655.0,-885.0,-1119.0,-1355,-153.0,-373.0,-599.0,-846.0,-1080.0,-1300.0
-202.0,-425.0,-655.0,-885.0,-1119.0,-1355,-153.0,-372.0,-598.0,-845.0,-1077.0,-1303.0
-202.0,-425.0,-655.0,-885.0,-1119.0,-1355,-152.0,-372.0,-597.0,-843.0,-1075.0,-1305.0
-202.0,-425.0,-655.0,-885.0,-1119.0,-1355,-152.0,-372.0,-597.0,-843.0,-1074.0,-1306.0
-202.0,-426.0,-655.0,-885.0,-1119.0,-1355,-152.0,-371.0,-596.0,-842.0,-1073.0,-1307.0
-202.0,-426.0,-655.0,-885.0,-1119.0,-1355,-152.0,-371.0,-595.0,-842.0,-1073.0,-1307.0
-202.0,-426.0,-655.0,-885.0,-1120.0,-1355,-152.0,-371.0,-595.0,-841.0,-1073.0,-1307.0
-202.0,-426.0,-655.0,-885.0,-1119.0,-1355,-151.0,-371.0,-595.0,-840.0,-1073.0,-1308.0
-202.0,-426.0,-655.0,-885.0,-1119.0,-1355,-151.0,-371.0,-595.0,-840.0,-1073.0,-1309.0
-202.0,-426.0,-655.0,-885.0,-1119.0,-1355,-151.0,-371.0,-595.0,-839.0,-1073.0,-1308.0
-202.0,-426.0,-655.0,-884.0,-1119.0,-1355,-151.0,-370.0,-595.0,-839.0,-1073.0,-1308.0
-202.0,-426.0,-655.0,-884.0,-1119.0,-1355,-150.0,-370.0,-592.0,-839.0,-1073.0,-1307.0
-202.0,-426.0,-655.0,-884.0,-1119.0,-1355,-150.0,-370.0,-595.0,-839.0,-1073.0,-1307.0
-202.0,-426.0,-655.0,-884.0,-1119.0,-1355,-150.0,-370.0,-595.0,-839.0,-1073.0,-1306.0
-202.0,-426.0,-655.0,-884.0,-1119.0,-1355,-150.0,-370.0,-595.0,-839.0,-1073.0,-1305.0
-202.0,-426.0,-655.0,-884.0,-1119.0,-1355,-149.0,-369.0,-595.0,-839.0,-1073.0,-1304.0
-202.0,-426.0,-655.0,-884.0,-1119.0,-1355,-149.0,-369.0,-594.0,-839.0,-1073.0,-1303.0
-202.0,-426.0,-655.0,-884.0,-1119.0,-1355,-149.0,-368.0,-594.0,-839.0,-1073.0,-1302.0
-202.0,-426.0,-655.0,-884.0,-1119.0,-1355,-149.0,-368.0,-594.0,-839.0,-1073.0,-1301.0
-202.0,-426.0,-655.0,-884.0,-1118.0,-1355,-148.0,-367.0,-594.0,-839.0,-1073.0,-1301.0
-202.0,-426.0,-655.0,-883.0,-1118.0,-1355,-148.0,-367.0,-594.0,-838.0,-1073.0,-1301.0
-202.0,-426.0,-655.0,-883.0,-1118.0,-1356,-148.0,-366.0,-593.0,-838.0,-1073.0,-1300.0
-202.0,-426.0,-656.0,-883.0,-1118.0,-1356,-147.0,-366.0,-593.0,-838.0,-1073.0,-1300.0
-202.0,-427.0,-656.0,-883.0,-1118.0,-1356,-147.0,-365.0,-592.0,-838.0,-1073.0,-1300.0
-202.0,-427.0,-656.0,-883.0,-1118.0,-1356,-147.0,-364.0,-592.0,-838.0,-1073.0,-1300.0
-202.0,-427.0,-656.0,-883.0,-1118.0,-1356,-146.0,-364.0,-591.0,-838.0,-1073.0,-1300.0
-202.0,-427.0,-656.0,-883.0,-1118.0,-1356,-146.0,-363.0,-591.0,-838.0,-1073.0,-1300.0
-202.0,-427.0,-656.0,-884.0,-1117.0,-1356,-145.0,-363.0,-590.0,-838.0,-1074.0,-1300.0
-202.0,-427.0,-656.0,-884.0,-1117.0,-1356,-145.0,-362.0,-590.0,-837.0,-1074.0,-1300.0
-202.0,-427.0,-656.0,-884.0,-1117.0,-1356,-144.0,-362.0,-589.0,-837.0,-1074.0,-1301.0
-202.0,-427.0,-657.0,-884.0,-1117.0,-1356,-144.0,-361.0,-588.0,-837.0,-1074.0,-1301.0
-202.0,-428.0,-657.0,-884.0,-1117.0,-1356,-144.0,-360.0,-587.0,-837.0,-1074.0,-1301.0
-202.0,-428.0,-657.0,-884.0,-1117.0,-1356,-143.0,-359.0,-586.0,-837.0,-1075.0,-1302.0
-202.0,-428.0,-657.0,-884.0,-1117.0,-1356,-142.0,-359.0,-585.0,-837.0,-1075.0,-1302.0
-202.0,-428.0,-657.0,-884.0,-1117.0,-1356,-141.0,-358.0,-584.0,-837.0,-1075.0,-1303.0
-202.0,-428.0,-657.0,-884.0,-1117.0,-1356,-141.0,-357.0,-583.0,-837.0,-1075.0,-1304.0
-202.0,-429.0,-657.0,-884.0,-1117.0,-1356,-140.0,-356.0,-582.0,-836.0,-1075.0,-1305.0
-202.0,-429.0,-657.0,-884.0,-1117.0,-1356,-139.0,-356.0,-581.0,-836.0,-1075.0,-1306.0
-203.0,-429.0,-657.0,-884.0,-1117.0,-1355,-139.0,-356.0,-580.0,-836.0,-1075.0,-1307.0
-203.0,-429.0,-657.0,-885.0,-1115.0,-1355,-138.0,-356.0,-580.0,-835.0,-1075.0,-1308.0
-203.0,-429.0,-657.0,-885.0,-1117.0,-1353,-137.0,-355.0,-579.0,-835.0,-1076.0,-1309.0
-203.0,-429.0,-657.0,-885.0,-1117.0,-1355,-137.0,-355.0,-578.0,-834.0,-1076.0,-1311.0
-203.0,-429.0,-657.0,-885.0,-1117.0,-1355,-137.0,-353.0,-578.0,-834.0,-1076.0,-1312.0
-203.0,-429.0,-657.0,-885.0,-1117.0,-1355,-136.0,-355.0,-578.0,-834.0,-1076.0,-1313.0
-203.0,-429.0,-657.0,-886.0,-1117.0,-1356,-136.0,-355.0,-575.0,-834.0,-1076.0,-1314.0
-203.0,-428.0,-657.0,-885.0,-1117.0,-1356,-133.0,-356.0,-577.0,-834.0,-1076.0,-1315.0
-203.0,-428.0,-658.0,-885.0,-1117.0,-1356,-136.0,-356.0,-578.0,-835.0,-1076.0,-1315.0
-203.0,-428.0,-657.0,-885.0,-1117.0,-1356,-136.0,-358.0,-578.0,-835.0,-1076.0,-1316.0
-203.0,-427.0,-657.0,-885.0,-1117.0,-1356,-136.0,-359.0,-579.0,-836.0,-1076.0,-1316.0
-202.0,-427.0,-657.0,-885.0,-1117.0,-1356,-137.0,-361.0,-580.0,-836.0,-1076.0,-1317.0
-202.0,-427.0,-657.0,-884.0,-1117.0,-1356,-137.0,-362.0,-581.0,-837.0,-1076.0,-1317.0
-202.0,-427.0,-657.0,-884.0,-1117.0,-1356,-138.0,-364.0,-583.0,-838.0,-1077.0,-1318.0
-202.0,-427.0,-657.0,-884.0,-1118.0,-1356,-139.0,-366.0,-584.0,-839.0,-1077.0,-1321.0
-202.0,-427.0,-657.0,-884.0,-1118.0,-1356,-140.0,-368.0,-586.0,-840.0,-1077.0,-1319.0
-202.0,-427.0,-657.0,-884.0,-1118.0,-1356,-141.0,-369.0,-588.0,-841.0,-1077.0,-1318.0
-202.0,-427.0,-657.0,-884.0,-1118.0,-1356,-142.0,-370.0,-590.0,-843.0,-1077.0,-1316.0
-201.0,-425.0,-657.0,-884.0,-1118.0,-1356,-143.0,-372.0,-592.0,-844.0,-1077.0,-1315.0
-201.0,-427.0,-657.0,-884.0,-1117.0,-1357,-144.0,-373.0,-594.0,-846.0,-1077.0,-1313.0
-199.0,-427.0,-657.0,-885.0,-1117.0,-1357,-145.0,-375.0,-596.0,-848.0,-1078.0,-1311.0
-201.0,-427.0,-657.0,-885.0,-1115.0,-1358,-146.0,-376.0,-597.0,-849.0,-1078.0,-1309.0
-201.0,-427.0,-657.0,-885.0,-1117.0,-1357,-147.0,-377.0,-599.0,-851.0,-1079.0,-1307.0
-202.0,-427.0,-657.0,-885.0,-1117.0,-1357,-149.0,-378.0,-600.0,-852.0,-1079.0,-1305.0
-202.0,-427.0,-657.0,-885.0,-1118.0,-1356,-150.0,-379.0,-601.0,-853.0,-1080.0,-1303.0
-202.0,-427.0,-657.0,-885.0,-1118.0,-1356,-151.0,-379.0,-602.0,-854.0,-1080.0,-1301.0
-202.0,-427.0,-656.0,-885.0,-1118.0,-1356,-152.0,-380.0,-603.0,-855.0,-1080.0,-1299.0
-202.0,-428.0,-656.0,-885.0,-1118.0,-1356,-153.0,-380.0,-604.0,-856.0,-1082.0,-1297.0
-202.0,-428.0,-656.0,-886.0,-1118.0,-1355,-155.0,-382.0,-605.0,-856.0,-1080.0,-1296.0
-202.0,-428.0,-656.0,-886.0,-1118.0,-1355,-155.0,-380.0,-606.0,-858.0,-1080.0,-1294.0
-202.0,-428.0,-656.0,-887.0,-1118.0,-1354,-156.0,-380.0,-606.0,-856.0,-1080.0,-1293.0
-202.0,-428.0,-656.0,-888.0,-1118.0,-1354,-157.0,-379.0,-606.0,-856.0,-1079.0,-1292.0
-202.0,-428.0,-656.0,-889.0,-1119.0,-1353,-158.0,-378.0,-609.0,-856.0,-1079.0,-1291.0
-202.0,-428.0,-655.0,-889.0,-1119.0,-1353,-158.0,-377.0,-606.0,-855.0,-1079.0,-1290.0
-202.0,-428.0,-655.0,-890.0,-1119.0,-1352,-158.0,-376.0,-605.0,-853.0,-1078.0,-1290.0
-202.0,-427.0,-654.0,-891.0,-1119.0,-1351,-159.0,-375.0,-604.0,-851.0,-1078.0,-1290.0
-202.0,-427.0,-654.0,-892.0,-1119.0,-1350,-159.0,-373.0,-603.0,-849.0,-1077.0,-1288.0
-202.0,-427.0,-654.0,-893.0,-1119.0,-1349,-159.0,-372.0,-602.0,-846.0,-1077.0,-1290.0
-203.0,-427.0,-653.0,-894.0,-1120.0,-1347,-159.0,-371.0,-601.0,-843.0,-1076.0,-1290.0
-203.0,-426.0,-653.0,-895.0,-1120.0,-1346,-160.0,-370.0,-600.0,-841.0,-1075.0,-1290.0
-202.0,-426.0,-652.0,-895.0,-1120.0,-1345,-160.0,-370.0,-599.0,-838.0,-1074.0,-1291.0
-202.0,-426.0,-651.0,-895.0,-1122.0,-1344,-160.0,-369.0,-598.0,-835.0,-1072.0,-1292.0
-202.0,-425.0,-650.0,-897.0,-1120.0,-1343,-160.0,-369.0,-597.0,-833.0,-1071.0,-1293.0
-202.0,-424.0,-649.0,-895.0,-1120.0,-1341,-160.0,-369.0,-596.0,-832.0,-1070.0,-1294.0
-202.0,-423.0,-647.0,-895.0,-1120.0,-1341,-160.0,-369.0,-596.0,-830.0,-1069.0,-1295.0
-202.0,-422.0,-646.0,-895.0,-1120.0,-1340,-160.0,-369.0,-596.0,-830.0,-1067.0,-1296.0
-202.0,-421.0,-644.0,-894.0,-1119.0,-1338,-160.0,-369.0,-596.0,-829.0,-1066.0,-1297.0
-201.0,-420.0,-643.0,-893.0,-1119.0,-1340,-160.0,-369.0,-596.0,-828.0,-1065.0,-1297.0
-201.0,-418.0,-640.0,-892.0,-1119.0,-1341,-160.0,-368.0,-596.0,-828.0,-1064.0,-1297.0
-201.0,-417.0,-643.0,-890.0,-1118.0,-1342,-160.0,-368.0,-596.0,-828.0,-1064.0,-1298.0
-200.0,-416.0,-644.0,-888.0,-1118.0,-1343,-160.0,-368.0,-596.0,-828.0,-1063.0,-1299.0
-200.0,-414.0,-645.0,-887.0,-1118.0,-1345,-160.0,-368.0,-596.0,-828.0,-1062.0,-1299.0
-200.0,-413.0,-647.0,-885.0,-1118.0,-1346,-162.0,-368.0,-595.0,-828.0,-1062.0,-1299.0
-200.0,-412.0,-648.0,-884.0,-1118.0,-1348,-160.0,-368.0,-595.0,-828.0,-1062.0,-1299.0
-199.0,-411.0,-650.0,-882.0,-1118.0,-1350,-160.0,-368.0,-595.0,-828.0,-1062.0,-1300.0
-199.0,-411.0,-652.0,-882.0,-1118.0,-1352,-160.0,-368.0,-595.0,-828.0,-1062.0,-1300.0
-199.0,-408.0,-653.0,-881.0,-1117.0,-1354,-160.0,-368.0,-594.0,-828.0,-1061.0,-1300.0
-198.0,-411.0,-654.0,-880.0,-1117.0,-1356,-160.0,-367.0,-594.0,-828.0,-1061.0,-1300.0
-198.0,-411.0,-655.0,-879.0,-1117.0,-1357,-160.0,-367.0,-594.0,-828.0,-1061.0,-1300.0
-198.0,-412.0,-656.0,-879.0,-1117.0,-1358,-160.0,-367.0,-594.0,-828.0,-1061.0,-1300.0
-198.0,-413.0,-657.0,-879.0,-1117.0,-1359,-160.0,-367.0,-594.0,-828.0,-1061.0,-1301.0
-197.0,-415.0,-658.0,-879.0,-1117.0,-1360,-160.0,-366.0,-593.0,-828.0,-1060.0,-1300.0
-197.0,-417.0,-659.0,-878.0,-1117.0,-1361,-160.0,-366.0,-593.0,-828.0,-1060.0,-1300.0
-197.0,-419.0,-660.0,-876.0,-1117.0,-1362,-159.0,-366.0,-593.0,-827.0,-1060.0,-1300.0
-195.0,-421.0,-660.0,-878.0,-1117.0,-1362,-159.0,-365.0,-592.0,-827.0,-1060.0,-1300.0
-197.0,-424.0,-661.0,-879.0,-1117.0,-1363,-159.0,-365.0,-592.0,-827.0,-1060.0,-1300.0
-197.0,-426.0,-661.0,-880.0,-1117.0,-1363,-159.0,-365.0,-591.0,-827.0,-1060.0,-1300.0
-197.0,-429.0,-661.0,-882.0,-1117.0,-1365,-159.0,-365.0,-591.0,-826.0,-1060.0,-1299.0
-197.0,-431.0,-663.0,-886.0,-1116.0,-1363,-159.0,-364.0,-590.0,-826.0,-1060.0,-1299.0
-198.0,-432.0,-661.0,-902.0,-1114.0,-1363,-158.0,-364.0,-590.0,-826.0,-1060.0,-1299.0
-198.0,-434.0,-661.0,-951.0,-1111.0,-1361,-158.0,-364.0,-590.0,-825.0,-1060.0,-1299.0
-200.0,-434.0,-661.0,-957.0,-1108.0,-1360,-158.0,-364.0,-589.0,-825.0,-1060.0,-1298.0
-201.0,-435.0,-661.0,-967.0,-1103.0,-1357,-158.0,-364.0,-589.0,-825.0,-1060.0,-1298.0
-202.0,-435.0,-660.0,-1004.0,-1097.0,-1354,-158.0,-363.0,-589.0,-825.0,-1059.0,-1297.0
-202.0,-436.0,-659.0,-1027.0,-1091.0,-1349,-158.0,-363.0,-589.0,-825.0,-1059.0,-1297.0
-202.0,-436.0,-658.0,-1008.0,-1084.0,-1344,-158.0,-363.0,-589.0,-825.0,-1059.0,-1296.0
-203.0,-436.0,-657.0,-999.0,-1078.0,-1338,-157.0,-363.0,-589.0,-825.0,-1059.0,-1296.0
-203.0,-439.0,-655.0,-987.0,-1072.0,-1331,-157.0,-363.0,-589.0,-825.0,-1059.0,-1295.0
-203.0,-437.0,-653.0,-976.0,-1067.0,-1321,-157.0,-361.0,-589.0,-825.0,-1059.0,-1295.0
-203.0,-436.0,-651.0,-965.0,-1059.0,-1311,-157.0,-363.0,-589.0,-825.0,-1059.0,-1294.0
-203.0,-434.0,-647.0,-952.0,-1054.0,-1302,-157.0,-363.0,-587.0,-825.0,-1058.0,-1294.0
-203.0,-431.0,-644.0,-940.0,-1049.0,-1294,-157.0,-363.0,-589.0,-825.0,-1058.0,-1293.0
-203.0,-426.0,-642.0,-930.0,-1038.0,-1289,-157.0,-363.0,-589.0,-822.0,-1058.0,-1292.0
-204.0,-420.0,-635.0,-921.0,-1049.0,-1270,-157.0,-363.0,-589.0,-825.0,-1058.0,-1291.0
-204.0,-412.0,-647.0,-911.0,-1055.0,-1291,-157.0,-363.0,-589.0,-825.0,-1058.0,-1291.0
-204.0,-404.0,-657.0,-903.0,-1064.0,-1302,-157.0,-364.0,-589.0,-825.0,-1058.0,-1291.0
-204.0,-393.0,-662.0,-896.0,-1077.0,-1315,-157.0,-364.0,-589.0,-825.0,-1058.0,-1290.0
-204.0,-381.0,-670.0,-891.0,-1087.0,-1324,-157.0,-364.0,-589.0,-825.0,-1056.0,-1290.0
-201.0,-369.0,-679.0,-886.0,-1094.0,-1341,-157.0,-365.0,-589.0,-825.0,-1058.0,-1288.0
-198.0,-355.0,-686.0,-882.0,-1103.0,-1352,-157.0,-365.0,-589.0,-825.0,-1058.0,-1290.0
-193.0,-342.0,-692.0,-879.0,-1110.0,-1359,-157.0,-365.0,-589.0,-825.0,-1058.0,-1290.0
-183.0,-327.0,-685.0,-877.0,-1115.0,-1363,-157.0,-366.0,-590.0,-825.0,-1058.0,-1290.0
-173.0,-316.0,-680.0,-876.0,-1116.0,-1363,-157.0,-366.0,-590.0,-825.0,-1058.0,-1291.0
-163.0,-306.0,-675.0,-874.0,-1117.0,-1364,-157.0,-366.0,-590.0,-826.0,-1058.0,-1291.0
-151.0,-283.0,-671.0,-873.0,-1118.0,-1364,-157.0,-366.0,-591.0,-826.0,-1058.0,-1291.0
-137.0,-313.0,-668.0,-872.0,-1118.0,-1365,-157.0,-366.0,-591.0,-827.0,-1058.0,-1292.0
-124.0,-340.0,-665.0,-871.0,-1118.0,-1366,-157.0,-366.0,-591.0,-827.0,-1059.0,-1293.0
-112.0,-350.0,-664.0,-871.0,-1119.0,-1366,-157.0,-366.0,-592.0,-827.0,-1059.0,-1294.0
-101.0,-360.0,-664.0,-871.0,-1119.0,-1366,-157.0,-366.0,-592.0,-828.0,-1060.0,-1294.0
-92.0,-393.0,-664.0,-871.0,-1119.0,-1367,-157.0,-366.0,-592.0,-828.0,-1060.0,-1295.0
-83.0,-417.0,-663.0,-871.0,-1119.0,-1367,-157.0,-367.0,-592.0,-829.0,-1060.0,-1296.0
-65.0,-427.0,-663.0,-871.0,-1119.0,-1367,-157.0,-367.0,-592.0,-829.0,-1060.0,-1296.0
-79.0,-433.0,-663.0,-871.0,-1120.0,-1367,-157.0,-367.0,-592.0,-829.0,-1061.0,-1297.0
-99.0,-437.0,-662.0,-871.0,-1120.0,-1367,-157.0,-367.0,-592.0,-829.0,-1061.0,-1297.0
-110.0,-439.0,-662.0,-871.0,-1120.0,-1367,-158.0,-367.0,-592.0,-829.0,-1062.0,-1298.0
-131.0,-441.0,-662.0,-871.0,-1120.0,-1367,-158.0,-367.0,-592.0,-829.0,-1062.0,-1298.0
-154.0,-443.0,-661.0,-870.0,-1120.0,-1367,-158.0,-367.0,-593.0,-829.0,-1062.0,-1299.0
-170.0,-444.0,-661.0,-870.0,-1120.0,-1367,-158.0,-367.0,-593.0,-829.0,-1063.0,-1299.0
-186.0,-444.0,-661.0,-870.0,-1120.0,-1367,-158.0,-367.0,-593.0,-829.0,-1063.0,-1299.0
-196.0,-444.0,-661.0,-870.0,-1120.0,-1367,-158.0,-367.0,-593.0,-829.0,-1063.0,-1300.0
-203.0,-445.0,-661.0,-870.0,-1120.0,-1367,-158.0,-367.0,-593.0,-829.0,-1063.0,-1300.0
-207.0,-445.0,-661.0,-870.0,-1120.0,-1367,-159.0,-367.0,-593.0,-829.0,-1063.0,-1300.0
-209.0,-446.0,-661.0,-870.0,-1120.0,-1367,-159.0,-367.0,-593.0,-829.0,-1063.0,-1300.0
-211.0,-445.0,-661.0,-870.0,-1120.0,-1367,-159.0,-367.0,-593.0,-829.0,-1063.0,-1300.0
-212.0,-445.0,-661.0,-870.0,-1120.0,-1367,-159.0,-367.0,-593.0,-829.0,-1063.0,-1300.0
-213.0,-445.0,-661.0,-870.0,-1120.0,-1367,-159.0,-367.0,-593.0,-829.0,-1063.0,-1301.0
-214.0,-444.0,-661.0,-870.0,-1120.0,-1368,-159.0,-367.0,-593.0,-829.0,-1064.0,-1300.0
-214.0,-444.0,-661.0,-870.0,-1121.0,-1367,-159.0,-367.0,-593.0,-829.0,-1064.0,-1300.0
-214.0,-444.0,-661.0,-870.0,-1121.0,-1367,-159.0,-367.0,-593.0,-829.0,-1064.0,-1300.0
-215.0,-444.0,-661.0,-870.0,-1121.0,-1367,-159.0,-367.0,-593.0,-829.0,-1064.0,-1300.0
-215.0,-444.0,-661.0,-870.0,-1121.0,-1367,-159.0,-367.0,-593.0,-829.0,-1064.0,-1300.0
-215.0,-444.0,-660.0,-870.0,-1121.0,-1367,-159.0,-367.0,-593.0,-829.0,-1064.0,-1300.0
-215.0,-444.0,-660.0,-869.0,-1121.0,-1367,-159.0,-367.0,-593.0,-829.0,-1064.0,-1300.0
-215.0,-445.0,-660.0,-869.0,-1122.0,-1367,-159.0,-367.0,-593.0,-829.0,-1064.0,-1299.0
-215.0,-445.0,-660.0,-868.0,-1122.0,-1367,-159.0,-367.0,-593.0,-829.0,-1064.0,-1299.0
-215.0,-445.0,-660.0,-868.0,-1122.0,-1367,-160.0,-364.0,-593.0,-829.0,-1064.0,-1299.0
-215.0,-445.0,-660.0,-868.0,-1122.0,-1367,-160.0,-367.0,-593.0,-829.0,-1064.0,-1299.0
-215.0,-445.0,-660.0,-867.0,-1123.0,-1367,-161.0,-367.0,-593.0,-829.0,-1064.0,-1299.0
-215.0,-445.0,-660.0,-867.0,-1123.0,-1367,-160.0,-367.0,-593.0,-829.0,-1064.0,-1298.0
-215.0,-445.0,-659.0,-867.0,-1123.0,-1367,-160.0,-367.0,-593.0,-829.0,-1064.0,-1298.0
-215.0,-445.0,-659.0,-867.0,-1123.0,-1367,-160.0,-367.0,-593.0,-829.0,-1064.0,-1298.0
-215.0,-446.0,-659.0,-866.0,-1124.0,-1367,-159.0,-367.0,-593.0,-829.0,-1064.0,-1297.0
-215.0,-446.0,-659.0,-866.0,-1124.0,-1367,-159.0,-367.0,-593.0,-829.0,-1064.0,-1297.0
-215.0,-446.0,-659.0,-864.0,-1124.0,-1367,-159.0,-367.0,-593.0,-829.0,-1064.0,-1297.0
-215.0,-446.0,-659.0,-866.0,-1124.0,-1366,-159.0,-367.0,-593.0,-829.0,-1064.0,-1297.0
-215.0,-446.0,-658.0,-866.0,-1124.0,-1366,-159.0,-367.0,-593.0,-829.0,-1064.0,-1296.0
-215.0,-447.0,-658.0,-866.0,-1125.0,-1366,-159.0,-367.0,-593.0,-829.0,-1065.0,-1296.0
-216.0,-447.0,-658.0,-867.0,-1125.0,-1366,-159.0,-367.0,-593.0,-829.0,-1064.0,-1296.0
-216.0,-447.0,-658.0,-867.0,-1125.0,-1366,-159.0,-367.0,-593.0,-829.0,-1064.0,-1296.0
-216.0,-448.0,-657.0,-867.0,-1125.0,-1365,-161.0,-367.0,-593.0,-829.0,-1064.0,-1296.0
-216.0,-448.0,-657.0,-867.0,-1126.0,-1365,-159.0,-367.0,-593.0,-830.0,-1064.0,-1296.0
-216.0,-448.0,-657.0,-866.0,-1127.0,-1364,-159.0,-367.0,-593.0,-830.0,-1064.0,-1296.0
-217.0,-449.0,-656.0,-864.0,-1128.0,-1364,-159.0,-367.0,-593.0,-830.0,-1064.0,-1295.0
-217.0,-448.0,-656.0,-866.0,-1129.0,-1364,-159.0,-367.0,-593.0,-830.0,-1064.0,-1295.0
-218.0,-448.0,-656.0,-866.0,-1129.0,-1363,-159.0,-367.0,-593.0,-830.0,-1064.0,-1295.0
-218.0,-448.0,-655.0,-867.0,-1130.0,-1363,-159.0,-367.0,-593.0,-830.0,-1064.0,-1295.0
-219.0,-447.0,-655.0,-867.0,-1130.0,-1362,-158.0,-366.0,-593.0,-830.0,-1064.0,-1295.0
-219.0,-447.0,-655.0,-867.0,-1131.0,-1362,-157.0,-366.0,-593.0,-830.0,-1064.0,-1295.0
-220.0,-447.0,-654.0,-867.0,-1131.0,-1361,-156.0,-366.0,-593.0,-830.0,-1064.0,-1295.0
-220.0,-447.0,-654.0,-867.0,-1132.0,-1361,-155.0,-365.0,-593.0,-830.0,-1064.0,-1294.0
-220.0,-446.0,-653.0,-868.0,-1133.0,-1360,-155.0,-365.0,-593.0,-830.0,-1064.0,-1294.0
-220.0,-446.0,-653.0,-868.0,-1134.0,-1360,-154.0,-364.0,-593.0,-830.0,-1064.0,-1294.0
-220.0,-446.0,-653.0,-869.0,-1135.0,-1359,-151.0,-363.0,-592.0,-830.0,-1064.0,-1292.0
-220.0,-446.0,-652.0,-869.0,-1136.0,-1358,-154.0,-362.0,-592.0,-830.0,-1064.0,-1294.0
-220.0,-445.0,-651.0,-870.0,-1137.0,-1357,-155.0,-362.0,-592.0,-830.0,-1064.0,-1294.0
-220.0,-445.0,-650.0,-870.0,-1138.0,-1356,-156.0,-362.0,-591.0,-830.0,-1064.0,-1294.0
-220.0,-444.0,-648.0,-871.0,-1140.0,-1355,-157.0,-360.0,-590.0,-829.0,-1064.0,-1294.0
-220.0,-444.0,-646.0,-871.0,-1140.0,-1354,-158.0,-362.0,-589.0,-829.0,-1064.0,-1295.0
-221.0,-443.0,-644.0,-872.0,-1140.0,-1353,-158.0,-362.0,-588.0,-828.0,-1063.0,-1295.0
-222.0,-443.0,-643.0,-873.0,-1141.0,-1352,-159.0,-362.0,-587.0,-827.0,-1063.0,-1295.0
-222.0,-441.0,-641.0,-873.0,-1141.0,-1350,-160.0,-362.0,-584.0,-826.0,-1062.0,-1295.0
-223.0,-441.0,-640.0,-874.0,-1142.0,-1349,-161.0,-363.0,-586.0,-826.0,-1062.0,-1296.0
-223.0,-439.0,-639.0,-875.0,-1141.0,-1348,-162.0,-363.0,-587.0,-825.0,-1061.0,-1296.0
-224.0,-438.0,-637.0,-875.0,-1141.0,-1347,-162.0,-364.0,-587.0,-824.0,-1060.0,-1296.0
-224.0,-437.0,-636.0,-876.0,-1141.0,-1345,-162.0,-364.0,-587.0,-823.0,-1060.0,-1295.0
-224.0,-436.0,-635.0,-876.0,-1140.0,-1344,-162.0,-365.0,-588.0,-823.0,-1059.0,-1295.0
-224.0,-435.0,-634.0,-877.0,-1139.0,-1344,-164.0,-365.0,-589.0,-822.0,-1059.0,-1294.0
-225.0,-434.0,-633.0,-877.0,-1139.0,-1343,-163.0,-366.0,-590.0,-821.0,-1058.0,-1294.0
-225.0,-433.0,-632.0,-877.0,-1138.0,-1342,-162.0,-366.0,-590.0,-821.0,-1058.0,-1293.0
-225.0,-432.0,-632.0,-878.0,-1137.0,-1342,-162.0,-366.0,-591.0,-820.0,-1058.0,-1292.0
-226.0,-431.0,-631.0,-879.0,-1136.0,-1342,-162.0,-366.0,-592.0,-818.0,-1057.0,-1291.0
-226.0,-429.0,-629.0,-879.0,-1135.0,-1341,-162.0,-366.0,-593.0,-820.0,-1057.0,-1291.0
-226.0,-429.0,-631.0,-880.0,-1134.0,-1339,-162.0,-366.0,-593.0,-821.0,-1056.0,-1291.0
-227.0,-428.0,-632.0,-880.0,-1132.0,-1341,-162.0,-367.0,-593.0,-821.0,-1055.0,-1291.0
-227.0,-427.0,-633.0,-880.0,-1131.0,-1341,-162.0,-367.0,-593.0,-822.0,-1054.0,-1290.0
-229.0,-427.0,-634.0,-881.0,-1130.0,-1342,-162.0,-368.0,-593.0,-823.0,-1053.0,-1290.0
-227.0,-426.0,-635.0,-881.0,-1128.0,-1343,-162.0,-368.0,-594.0,-823.0,-1051.0,-1289.0
-227.0,-426.0,-636.0,-881.0,-1127.0,-1343,-162.0,-369.0,-594.0,-823.0,-1053.0,-1288.0
-227.0,-426.0,-637.0,-881.0,-1126.0,-1344,-162.0,-369.0,-595.0,-824.0,-1054.0,-1287.0
-226.0,-426.0,-638.0,-881.0,-1125.0,-1345,-162.0,-370.0,-595.0,-825.0,-1055.0,-1286.0
-226.0,-424.0,-640.0,-881.0,-1123.0,-1346,-162.0,-370.0,-596.0,-826.0,-1055.0,-1285.0
-225.0,-426.0,-642.0,-881.0,-1122.0,-1348,-162.0,-371.0,-597.0,-826.0,-1056.0,-1284.0
-225.0,-426.0,-644.0,-882.0,-1120.0,-1349,-161.0,-373.0,-598.0,-827.0,-1056.0,-1282.0
-224.0,-426.0,-646.0,-882.0,-1120.0,-1350,-158.0,-371.0,-599.0,-828.0,-1057.0,-1284.0
-223.0,-426.0,-647.0,-882.0,-1119.0,-1351,-153.0,-371.0,-599.0,-829.0,-1058.0,-1285.0
-223.0,-426.0,-649.0,-882.0,-1118.0,-1352,-149.0,-370.0,-601.0,-829.0,-1058.0,-1286.0
-222.0,-427.0,-651.0,-882.0,-1118.0,-1353,-143.0,-366.0,-599.0,-830.0,-1059.0,-1286.0
-221.0,-427.0,-653.0,-882.0,-1118.0,-1354,-139.0,-360.0,-599.0,-830.0,-1059.0,-1287.0
-219.0,-427.0,-653.0,-882.0,-1118.0,-1355,-127.0,-339.0,-599.0,-831.0,-1060.0,-1288.0
-218.0,-428.0,-655.0,-882.0,-1118.0,-1356,-139.0,-330.0,-596.0,-831.0,-1061.0,-1289.0
-217.0,-428.0,-655.0,-882.0,-1118.0,-1356,-150.0,-315.0,-591.0,-831.0,-1062.0,-1290.0
-216.0,-428.0,-655.0,-882.0,-1118.0,-1356,-166.0,-277.0,-582.0,-831.0,-1063.0,-1291.0
-215.0,-429.0,-656.0,-882.0,-1118.0,-1357,-222.0,-143.0,-561.0,-831.0,-1064.0,-1291.0
-214.0,-429.0,-656.0,-882.0,-1118.0,-1357,-223.0,-223.0,-528.0,-830.0,-1065.0,-1292.0
-213.0,-430.0,-657.0,-882.0,-1118.0,-1357,-236.0,-236.0,-495.0,-827.0,-1065.0,-1294.0
-211.0,-430.0,-657.0,-882.0,-1118.0,-1358,-259.0,-259.0,-480.0,-820.0,-1065.0,-1295.0
-210.0,-431.0,-657.0,-881.0,-1118.0,-1358,-278.0,-278.0,-465.0,-807.0,-1065.0,-1296.0
-209.0,-431.0,-658.0,-881.0,-1118.0,-1358,-304.0,-304.0,-412.0,-794.0,-1068.0,-1297.0
-208.0,-432.0,-658.0,-881.0,-1118.0,-1358,-328.0,-328.0,-467.0,-777.0,-1066.0,-1299.0
-207.0,-432.0,-658.0,-881.0,-1118.0,-1358,-430.0,-358.0,-490.0,-765.0,-1065.0,-1299.0
-207.0,-432.0,-658.0,-881.0,-1118.0,-1358,-298.0,-392.0,-588.0,-588.0,-1061.0,-1300.0
-206.0,-432.0,-658.0,-881.0,-1118.0,-1358,-292.0,-424.0,-487.0,-487.0,-1055.0,-1300.0
-205.0,-432.0,-658.0,-881.0,-1118.0,-1358,-281.0,-456.0,-580.0,-580.0,-1037.0,-1301.0
-205.0,-433.0,-659.0,-881.0,-1118.0,-1358,-265.0,-475.0,-622.0,-622.0,-1026.0,-1300.0
-204.0,-433.0,-659.0,-881.0,-1119.0,-1359,-247.0,-485.0,-675.0,-675.0,-998.0,-1300.0
-204.0,-433.0,-660.0,-881.0,-1120.0,-1359,-231.0,-507.0,-687.0,-687.0,-986.0,-1300.0
-204.0,-433.0,-659.0,-881.0,-1119.0,-1359,-210.0,-541.0,-701.0,-701.0,-852.0,-1299.0
-204.0,-433.0,-659.0,-881.0,-1118.0,-1360,-192.0,-504.0,-726.0,-726.0,-852.0,-1297.0
-204.0,-433.0,-658.0,-881.0,-1118.0,-1359,-176.0,-486.0,-797.0,-797.0,-696.0,-1293.0
-202.0,-433.0,-658.0,-880.0,-1118.0,-1359,-170.0,-475.0,-813.0,-813.0,-813.0,-1279.0
-204.0,-433.0,-658.0,-880.0,-1118.0,-1359,-167.0,-444.0,-938.0,-825.0,-825.0,-1204.0
-204.0,-433.0,-658.0,-880.0,-1118.0,-1358,-164.0,-429.0,-743.0,-916.0,-916.0,-1192.0
-204.0,-433.0,-658.0,-880.0,-1118.0,-1358,-162.0,-408.0,-720.0,-938.0,-938.0,-1182.0
-204.0,-433.0,-658.0,-877.0,-1118.0,-1358,-161.0,-399.0,-705.0,-1020.0,-957.0,-1089.0
-204.0,-433.0,-658.0,-880.0,-1118.0,-1358,-160.0,-391.0,-664.0,-938.0,-1002.0,-1112.0
-205.0,-435.0,-657.0,-880.0,-1118.0,-1358,-159.0,-385.0,-647.0,-955.0,-1022.0,-1126.0
-205.0,-433.0,-657.0,-880.0,-1118.0,-1358,-159.0,-381.0,-636.0,-929.0,-1037.0,-1134.0
-205.0,-433.0,-657.0,-880.0,-1118.0,-1358,-158.0,-379.0,-625.0,-923.0,-1062.0,-1151.0
-205.0,-433.0,-657.0,-880.0,-1118.0,-1358,-157.0,-377.0,-617.0,-916.0,-1073.0,-1169.0
-205.0,-433.0,-657.0,-881.0,-1118.0,-1357,-156.0,-377.0,-612.0,-901.0,-1086.0,-1182.0
-205.0,-433.0,-657.0,-881.0,-1118.0,-1357,-156.0,-376.0,-607.0,-884.0,-1099.0,-1197.0
-205.0,-433.0,-657.0,-881.0,-1119.0,-1356,-155.0,-375.0,-606.0,-868.0,-1114.0,-1217.0
-205.0,-433.0,-657.0,-882.0,-1119.0,-1356,-155.0,-374.0,-604.0,-860.0,-1104.0,-1233.0
-205.0,-433.0,-656.0,-882.0,-1119.0,-1356,-154.0,-374.0,-603.0,-855.0,-1100.0,-1248.0
-206.0,-433.0,-656.0,-882.0,-1119.0,-1355,-154.0,-373.0,-602.0,-850.0,-1096.0,-1259.0
-206.0,-433.0,-656.0,-882.0,-1119.0,-1355,-154.0,-373.0,-601.0,-847.0,-1091.0,-1269.0
-206.0,-433.0,-656.0,-882.0,-1119.0,-1354,-154.0,-373.0,-601.0,-845.0,-1087.0,-1277.0
-206.0,-433.0,-655.0,-881.0,-1120.0,-1354,-154.0,-373.0,-600.0,-844.0,-1084.0,-1285.0
-206.0,-432.0,-655.0,-881.0,-1120.0,-1354,-153.0,-372.0,-599.0,-843.0,-1081.0,-1289.0
-206.0,-432.0,-655.0,-881.0,-1120.0,-1354,-153.0,-372.0,-599.0,-842.0,-1080.0,-1294.0
-206.0,-432.0,-655.0,-880.0,-1120.0,-1354,-153.0,-372.0,-598.0,-842.0,-1080.0,-1298.0
-206.0,-431.0,-654.0,-880.0,-1120.0,-1353,-153.0,-372.0,-597.0,-841.0,-1079.0,-1301.0
-206.0,-430.0,-654.0,-880.0,-1120.0,-1351,-153.0,-372.0,-597.0,-840.0,-1078.0,-1303.0
-206.0,-429.0,-654.0,-879.0,-1120.0,-1353,-152.0,-372.0,-597.0,-839.0,-1078.0,-1306.0
-206.0,-429.0,-652.0,-879.0,-1120.0,-1354,-152.0,-372.0,-597.0,-839.0,-1078.0,-1307.0
-206.0,-429.0,-654.0,-879.0,-1120.0,-1354,-152.0,-372.0,-597.0,-839.0,-1077.0,-1308.0
-207.0,-428.0,-654.0,-879.0,-1120.0,-1354,-151.0,-372.0,-597.0,-839.0,-1077.0,-1308.0
-207.0,-426.0,-654.0,-879.0,-1120.0,-1354,-151.0,-372.0,-597.0,-838.0,-1077.0,-1309.0
-207.0,-428.0,-654.0,-879.0,-1120.0,-1354,-151.0,-372.0,-597.0,-838.0,-1076.0,-1310.0
-207.0,-429.0,-655.0,-879.0,-1120.0,-1354,-150.0,-371.0,-596.0,-838.0,-1076.0,-1309.0
-207.0,-429.0,-655.0,-879.0,-1120.0,-1355,-150.0,-371.0,-596.0,-838.0,-1076.0,-1308.0
-208.0,-429.0,-655.0,-878.0,-1121.0,-1355,-150.0,-370.0,-596.0,-838.0,-1076.0,-1308.0
-208.0,-430.0,-655.0,-878.0,-1120.0,-1355,-149.0,-370.0,-596.0,-838.0,-1076.0,-1307.0
-208.0,-431.0,-655.0,-878.0,-1120.0,-1355,-149.0,-370.0,-596.0,-838.0,-1076.0,-1307.0
-208.0,-431.0,-656.0,-878.0,-1120.0,-1356,-148.0,-369.0,-596.0,-838.0,-1076.0,-1306.0
-208.0,-432.0,-656.0,-877.0,-1120.0,-1356,-148.0,-368.0,-595.0,-837.0,-1076.0,-1305.0
-209.0,-432.0,-656.0,-877.0,-1120.0,-1356,-148.0,-368.0,-595.0,-837.0,-1076.0,-1304.0
-209.0,-432.0,-656.0,-877.0,-1120.0,-1356,-147.0,-368.0,-595.0,-837.0,-1076.0,-1303.0
-209.0,-432.0,-656.0,-877.0,-1120.0,-1356,-147.0,-367.0,-594.0,-837.0,-1076.0,-1302.0
-209.0,-433.0,-656.0,-877.0,-1120.0,-1356,-146.0,-367.0,-594.0,-836.0,-1076.0,-1302.0
-209.0,-433.0,-656.0,-877.0,-1120.0,-1357,-146.0,-366.0,-593.0,-836.0,-1076.0,-1301.0
-210.0,-433.0,-656.0,-877.0,-1120.0,-1357,-146.0,-366.0,-593.0,-836.0,-1077.0,-1301.0
-210.0,-433.0,-656.0,-875.0,-1120.0,-1357,-145.0,-365.0,-592.0,-836.0,-1077.0,-1301.0
-210.0,-433.0,-656.0,-877.0,-1120.0,-1357,-144.0,-364.0,-592.0,-836.0,-1077.0,-1301.0
-210.0,-434.0,-656.0,-877.0,-1120.0,-1357,-143.0,-364.0,-591.0,-836.0,-1077.0,-1301.0
-210.0,-434.0,-656.0,-877.0,-1120.0,-1358,-143.0,-363.0,-590.0,-836.0,-1077.0,-1301.0
-210.0,-435.0,-656.0,-877.0,-1120.0,-1358,-142.0,-363.0,-590.0,-836.0,-1077.0,-1301.0
-210.0,-435.0,-656.0,-877.0,-1119.0,-1358,-142.0,-363.0,-589.0,-835.0,-1077.0,-1301.0
-210.0,-436.0,-656.0,-877.0,-1119.0,-1358,-141.0,-362.0,-588.0,-835.0,-1077.0,-1301.0
-210.0,-436.0,-656.0,-877.0,-1119.0,-1358,-140.0,-362.0,-587.0,-835.0,-1077.0,-1302.0
-210.0,-436.0,-656.0,-878.0,-1118.0,-1358,-139.0,-361.0,-586.0,-835.0,-1077.0,-1302.0
-210.0,-436.0,-656.0,-878.0,-1118.0,-1358,-138.0,-361.0,-585.0,-835.0,-1078.0,-1303.0
-210.0,-436.0,-656.0,-878.0,-1118.0,-1359,-138.0,-361.0,-585.0,-835.0,-1078.0,-1303.0
-210.0,-436.0,-657.0,-878.0,-1118.0,-1359,-137.0,-359.0,-584.0,-835.0,-1078.0,-1304.0
-210.0,-436.0,-657.0,-878.0,-1118.0,-1359,-134.0,-361.0,-583.0,-835.0,-1078.0,-1305.0
-210.0,-437.0,-657.0,-878.0,-1118.0,-1359,-137.0,-361.0,-583.0,-835.0,-1078.0,-1306.0
-210.0,-437.0,-657.0,-878.0,-1118.0,-1359,-137.0,-361.0,-582.0,-835.0,-1079.0,-1307.0
-211.0,-437.0,-657.0,-878.0,-1118.0,-1359,-138.0,-362.0,-582.0,-834.0,-1079.0,-1308.0
-210.0,-437.0,-657.0,-878.0,-1118.0,-1359,-138.0,-363.0,-579.0,-834.0,-1079.0,-1310.0
-210.0,-437.0,-657.0,-878.0,-1118.0,-1359,-138.0,-365.0,-582.0,-834.0,-1079.0,-1311.0
-210.0,-437.0,-657.0,-878.0,-1118.0,-1359,-139.0,-366.0,-582.0,-834.0,-1080.0,-1312.0
-210.0,-437.0,-657.0,-878.0,-1118.0,-1360,-139.0,-368.0,-583.0,-834.0,-1080.0,-1314.0
-210.0,-437.0,-657.0,-878.0,-1118.0,-1360,-140.0,-370.0,-584.0,-834.0,-1080.0,-1315.0
-210.0,-437.0,-657.0,-878.0,-1118.0,-1360,-141.0,-372.0,-586.0,-835.0,-1080.0,-1316.0
-210.0,-437.0,-658.0,-878.0,-1118.0,-1360,-142.0,-374.0,-587.0,-836.0,-1080.0,-1317.0
-210.0,-438.0,-658.0,-878.0,-1118.0,-1360,-143.0,-376.0,-589.0,-836.0,-1080.0,-1318.0
-210.0,-437.0,-658.0,-878.0,-1118.0,-1360,-144.0,-377.0,-591.0,-837.0,-1080.0,-1319.0
-210.0,-437.0,-658.0,-879.0,-1118.0,-1360,-144.0,-379.0,-593.0,-838.0,-1080.0,-1319.0
-210.0,-437.0,-658.0,-879.0,-1118.0,-1360,-145.0,-380.0,-595.0,-839.0,-1080.0,-1320.0
-210.0,-437.0,-659.0,-879.0,-1118.0,-1361,-147.0,-381.0,-596.0,-841.0,-1080.0,-1320.0
-210.0,-437.0,-659.0,-879.0,-1118.0,-1360,-148.0,-383.0,-598.0,-843.0,-1080.0,-1321.0
-210.0,-437.0,-659.0,-880.0,-1118.0,-1360,-149.0,-384.0,-600.0,-845.0,-1080.0,-1322.0
-210.0,-437.0,-659.0,-880.0,-1118.0,-1360,-150.0,-386.0,-601.0,-846.0,-1080.0,-1321.0
-210.0,-437.0,-660.0,-880.0,-1118.0,-1360,-152.0,-387.0,-603.0,-848.0,-1080.0,-1320.0
-210.0,-437.0,-660.0,-880.0,-1118.0,-1360,-153.0,-388.0,-605.0,-850.0,-1081.0,-1320.0
-209.0,-437.0,-660.0,-881.0,-1117.0,-1360,-154.0,-389.0,-606.0,-852.0,-1081.0,-1318.0
-209.0,-436.0,-660.0,-881.0,-1117.0,-1360,-155.0,-390.0,-607.0,-854.0,-1082.0,-1317.0
-209.0,-436.0,-661.0,-881.0,-1117.0,-1360,-156.0,-390.0,-609.0,-855.0,-1082.0,-1315.0
-209.0,-436.0,-660.0,-881.0,-1117.0,-1359,-157.0,-392.0,-610.0,-856.0,-1082.0,-1313.0
-209.0,-436.0,-660.0,-882.0,-1115.0,-1359,-158.0,-390.0,-611.0,-857.0,-1083.0,-1310.0
-208.0,-436.0,-660.0,-882.0,-1117.0,-1359,-159.0,-390.0,-612.0,-858.0,-1083.0,-1308.0
-208.0,-435.0,-660.0,-882.0,-1117.0,-1359,-159.0,-389.0,-613.0,-858.0,-1084.0,-1306.0
-208.0,-435.0,-659.0,-882.0,-1117.0,-1359,-159.0,-388.0,-613.0,-858.0,-1085.0,-1304.0
-208.0,-435.0,-659.0,-882.0,-1117.0,-1359,-160.0,-387.0,-615.0,-860.0,-1084.0,-1301.0
-207.0,-434.0,-659.0,-883.0,-1118.0,-1359,-160.0,-385.0,-613.0,-858.0,-1083.0,-1300.0
-207.0,-434.0,-659.0,-884.0,-1118.0,-1358,-161.0,-385.0,-613.0,-858.0,-1083.0,-1298.0
-207.0,-434.0,-658.0,-884.0,-1118.0,-1358,-161.0,-384.0,-612.0,-858.0,-1083.0,-1297.0
-207.0,-434.0,-658.0,-885.0,-1118.0,-1358,-161.0,-383.0,-611.0,-856.0,-1082.0,-1295.0
-206.0,-433.0,-657.0,-885.0,-1118.0,-1357,-162.0,-383.0,-610.0,-855.0,-1082.0,-1294.0
-206.0,-433.0,-657.0,-886.0,-1118.0,-1357,-162.0,-383.0,-609.0,-853.0,-1081.0,-1294.0
-206.0,-433.0,-657.0,-887.0,-1118.0,-1356,-162.0,-383.0,-608.0,-851.0,-1081.0,-1293.0
-206.0,-432.0,-656.0,-887.0,-1118.0,-1355,-162.0,-383.0,-607.0,-848.0,-1080.0,-1292.0
-205.0,-432.0,-656.0,-889.0,-1118.0,-1355,-163.0,-383.0,-606.0,-846.0,-1080.0,-1292.0
-205.0,-431.0,-655.0,-890.0,-1118.0,-1354,-163.0,-383.0,-606.0,-843.0,-1079.0,-1290.0
-205.0,-431.0,-655.0,-893.0,-1118.0,-1354,-163.0,-383.0,-606.0,-840.0,-1078.0,-1292.0
-205.0,-430.0,-654.0,-894.0,-1118.0,-1353,-163.0,-383.0,-606.0,-837.0,-1077.0,-1292.0
-205.0,-430.0,-654.0,-896.0,-1118.0,-1352,-163.0,-383.0,-606.0,-835.0,-1075.0,-1293.0
-205.0,-429.0,-653.0,-897.0,-1118.0,-1351,-164.0,-383.0,-606.0,-833.0,-1074.0,-1294.0
-205.0,-429.0,-653.0,-899.0,-1118.0,-1350,-164.0,-383.0,-606.0,-832.0,-1073.0,-1294.0
-205.0,-428.0,-652.0,-900.0,-1118.0,-1349,-164.0,-383.0,-606.0,-831.0,-1071.0,-1295.0
-205.0,-427.0,-651.0,-901.0,-1118.0,-1348,-164.0,-383.0,-606.0,-831.0,-1070.0,-1296.0
-205.0,-426.0,-650.0,-902.0,-1117.0,-1347,-164.0,-383.0,-606.0,-831.0,-1069.0,-1297.0
-205.0,-425.0,-649.0,-904.0,-1117.0,-1345,-164.0,-383.0,-606.0,-831.0,-1067.0,-1298.0
-205.0,-423.0,-648.0,-902.0,-1117.0,-1343,-166.0,-383.0,-606.0,-831.0,-1066.0,-1299.0
-205.0,-421.0,-647.0,-901.0,-1117.0,-1342,-164.0,-383.0,-606.0,-831.0,-1065.0,-1299.0
-205.0,-419.0,-646.0,-900.0,-1117.0,-1340,-164.0,-383.0,-606.0,-831.0,-1065.0,-1300.0
-204.0,-417.0,-643.0,-899.0,-1116.0,-1339,-164.0,-383.0,-606.0,-831.0,-1064.0,-1300.0
-204.0,-416.0,-646.0,-897.0,-1116.0,-1338,-164.0,-383.0,-606.0,-831.0,-1064.0,-1301.0
-204.0,-414.0,-647.0,-896.0,-1116.0,-1337,-164.0,-385.0,-606.0,-831.0,-1064.0,-1301.0
-202.0,-411.0,-647.0,-894.0,-1116.0,-1334,-164.0,-384.0,-606.0,-831.0,-1063.0,-1301.0
-201.0,-410.0,-649.0,-892.0,-1116.0,-1337,-163.0,-383.0,-606.0,-831.0,-1063.0,-1302.0
-200.0,-408.0,-650.0,-890.0,-1116.0,-1338,-163.0,-383.0,-606.0,-831.0,-1063.0,-1302.0
-199.0,-408.0,-651.0,-888.0,-1116.0,-1339,-163.0,-383.0,-606.0,-831.0,-1063.0,-1302.0
-198.0,-405.0,-652.0,-887.0,-1116.0,-1341,-163.0,-383.0,-606.0,-831.0,-1063.0,-1303.0
-197.0,-408.0,-653.0,-885.0,-1116.0,-1342,-163.0,-383.0,-606.0,-831.0,-1063.0,-1302.0
-196.0,-408.0,-654.0,-884.0,-1116.0,-1343,-163.0,-383.0,-605.0,-831.0,-1063.0,-1302.0
-195.0,-409.0,-655.0,-884.0,-1116.0,-1345,-163.0,-383.0,-605.0,-831.0,-1063.0,-1302.0
-194.0,-401.0,-655.0,-883.0,-1115.0,-1347,-163.0,-383.0,-605.0,-831.0,-1063.0,-1301.0
-194.0,-410.0,-656.0,-883.0,-1115.0,-1349,-163.0,-383.0,-605.0,-831.0,-1063.0,-1301.0
-194.0,-415.0,-657.0,-883.0,-1115.0,-1350,-163.0,-383.0,-605.0,-831.0,-1063.0,-1301.0
-191.0,-417.0,-657.0,-883.0,-1114.0,-1351,-163.0,-383.0,-605.0,-830.0,-1063.0,-1301.0
-193.0,-420.0,-658.0,-883.0,-1113.0,-1352,-163.0,-383.0,-604.0,-830.0,-1063.0,-1300.0
-194.0,-423.0,-660.0,-883.0,-1113.0,-1354,-163.0,-383.0,-604.0,-830.0,-1063.0,-1300.0
-194.0,-425.0,-661.0,-884.0,-1113.0,-1355,-163.0,-383.0,-604.0,-829.0,-1063.0,-1300.0
-196.0,-427.0,-662.0,-884.0,-1112.0,-1356,-163.0,-383.0,-604.0,-829.0,-1063.0,-1300.0
-197.0,-430.0,-663.0,-884.0,-1112.0,-1357,-163.0,-384.0,-604.0,-829.0,-1063.0,-1299.0
-199.0,-431.0,-664.0,-884.0,-1112.0,-1358,-163.0,-384.0,-604.0,-828.0,-1063.0,-1299.0
-200.0,-432.0,-664.0,-886.0,-1111.0,-1358,-163.0,-384.0,-604.0,-828.0,-1062.0,-1299.0
-202.0,-433.0,-664.0,-888.0,-1111.0,-1359,-163.0,-385.0,-604.0,-828.0,-1062.0,-1299.0
-203.0,-434.0,-666.0,-893.0,-1111.0,-1359,-163.0,-385.0,-604.0,-827.0,-1061.0,-1299.0
-204.0,-434.0,-664.0,-905.0,-1111.0,-1359,-163.0,-386.0,-604.0,-825.0,-1061.0,-1299.0
-204.0,-436.0,-664.0,-949.0,-1110.0,-1361,-163.0,-386.0,-604.0,-827.0,-1060.0,-1299.0
-205.0,-434.0,-664.0,-960.0,-1108.0,-1359,-163.0,-387.0,-604.0,-828.0,-1060.0,-1298.0
-205.0,-434.0,-662.0,-970.0,-1105.0,-1359,-163.0,-387.0,-605.0,-828.0,-1060.0,-1298.0
-205.0,-434.0,-661.0,-1013.0,-1102.0,-1359,-163.0,-387.0,-605.0,-828.0,-1060.0,-1297.0
-205.0,-433.0,-659.0,-1058.0,-1097.0,-1357,-163.0,-387.0,-605.0,-828.0,-1060.0,-1297.0
-205.0,-433.0,-658.0,-1027.0,-1091.0,-1355,-163.0,-387.0,-605.0,-829.0,-1060.0,-1296.0
-204.0,-431.0,-656.0,-1020.0,-1084.0,-1351,-163.0,-387.0,-605.0,-829.0,-1060.0,-1295.0
-204.0,-430.0,-654.0,-1020.0,-1078.0,-1347,-163.0,-387.0,-605.0,-829.0,-1060.0,-1295.0
-203.0,-427.0,-652.0,-991.0,-1070.0,-1341,-163.0,-388.0,-605.0,-830.0,-1060.0,-1294.0
-203.0,-422.0,-648.0,-978.0,-1062.0,-1335,-163.0,-388.0,-605.0,-830.0,-1060.0,-1293.0
-202.0,-417.0,-646.0,-965.0,-1054.0,-1327,-163.0,-389.0,-605.0,-830.0,-1060.0,-1292.0
-201.0,-408.0,-640.0,-952.0,-963.0,-1318,-163.0,-389.0,-605.0,-830.0,-1060.0,-1292.0
-200.0,-397.0,-649.0,-940.0,-1034.0,-1309,-163.0,-390.0,-606.0,-831.0,-1060.0,-1292.0
-197.0,-385.0,-654.0,-928.0,-1027.0,-1300,-163.0,-391.0,-606.0,-831.0,-1060.0,-1291.0
-192.0,-371.0,-663.0,-919.0,-988.0,-1290,-163.0,-391.0,-607.0,-831.0,-1060.0,-1289.0
-186.0,-356.0,-669.0,-910.0,-1020.0,-1284,-163.0,-392.0,-607.0,-831.0,-1059.0,-1291.0
-179.0,-339.0,-677.0,-905.0,-1059.0,-1267,-163.0,-392.0,-608.0,-831.0,-1059.0,-1291.0
-169.0,-324.0,-686.0,-899.0,-1070.0,-1286,-163.0,-392.0,-608.0,-831.0,-1059.0,-1292.0
-157.0,-312.0,-693.0,-895.0,-1080.0,-1296,-163.0,-393.0,-609.0,-831.0,-1059.0,-1292.0
-143.0,-302.0,-686.0,-891.0,-1089.0,-1306,-163.0,-393.0,-609.0,-831.0,-1060.0,-1292.0
-130.0,-276.0,-682.0,-888.0,-1098.0,-1322,-163.0,-393.0,-609.0,-831.0,-1060.0,-1293.0
-120.0,-304.0,-677.0,-886.0,-1104.0,-1331,-163.0,-394.0,-610.0,-832.0,-1060.0,-1293.0
-102.0,-317.0,-673.0,-884.0,-1108.0,-1338,-163.0,-394.0,-610.0,-833.0,-1060.0,-1293.0
-92.0,-332.0,-670.0,-883.0,-1111.0,-1352,-163.0,-394.0,-610.0,-833.0,-1060.0,-1294.0
-79.0,-365.0,-665.0,-882.0,-1112.0,-1356,-163.0,-394.0,-610.0,-834.0,-1060.0,-1294.0
-71.0,-382.0,-665.0,-881.0,-1113.0,-1356,-163.0,-394.0,-611.0,-835.0,-1060.0,-1295.0
-54.0,-395.0,-665.0,-881.0,-1114.0,-1357,-163.0,-394.0,-611.0,-835.0,-1060.0,-1295.0
-80.0,-411.0,-668.0,-880.0,-1115.0,-1358,-163.0,-394.0,-611.0,-835.0,-1061.0,-1295.0
-97.0,-420.0,-666.0,-880.0,-1116.0,-1359,-163.0,-394.0,-611.0,-836.0,-1061.0,-1296.0
-115.0,-426.0,-665.0,-879.0,-1117.0,-1361,-163.0,-395.0,-611.0,-837.0,-1062.0,-1296.0
-132.0,-430.0,-665.0,-879.0,-1117.0,-1362,-163.0,-395.0,-611.0,-836.0,-1062.0,-1296.0
-147.0,-433.0,-664.0,-878.0,-1117.0,-1365,-163.0,-395.0,-612.0,-835.0,-1062.0,-1297.0
-168.0,-435.0,-663.0,-878.0,-1118.0,-1363,-163.0,-395.0,-612.0,-835.0,-1063.0,-1297.0
-180.0,-437.0,-662.0,-878.0,-1118.0,-1362,-163.0,-395.0,-612.0,-835.0,-1063.0,-1297.0
-189.0,-438.0,-662.0,-878.0,-1118.0,-1362,-163.0,-395.0,-612.0,-835.0,-1065.0,-1297.0
-195.0,-438.0,-661.0,-878.0,-1118.0,-1362,-163.0,-395.0,-612.0,-835.0,-1063.0,-1297.0
-200.0,-438.0,-661.0,-877.0,-1118.0,-1362,-163.0,-395.0,-613.0,-835.0,-1063.0,-1297.0
-203.0,-438.0,-661.0,-877.0,-1118.0,-1361,-164.0,-395.0,-613.0,-835.0,-1062.0,-1297.0
-205.0,-438.0,-660.0,-877.0,-1118.0,-1361,-164.0,-395.0,-613.0,-836.0,-1062.0,-1298.0
-206.0,-439.0,-660.0,-877.0,-1118.0,-1361,-164.0,-395.0,-613.0,-836.0,-1062.0,-1297.0
-207.0,-439.0,-660.0,-877.0,-1118.0,-1361,-164.0,-395.0,-613.0,-836.0,-1062.0,-1297.0
-207.0,-439.0,-660.0,-877.0,-1118.0,-1361,-164.0,-395.0,-614.0,-836.0,-1062.0,-1297.0
-208.0,-440.0,-660.0,-877.0,-1118.0,-1361,-164.0,-395.0,-614.0,-836.0,-1062.0,-1297.0
-208.0,-440.0,-660.0,-877.0,-1118.0,-1360,-164.0,-396.0,-614.0,-836.0,-1062.0,-1297.0
-209.0,-440.0,-660.0,-877.0,-1118.0,-1360,-164.0,-395.0,-614.0,-836.0,-1062.0,-1297.0
-209.0,-440.0,-660.0,-877.0,-1118.0,-1360,-165.0,-395.0,-614.0,-836.0,-1062.0,-1297.0
-210.0,-440.0,-660.0,-877.0,-1118.0,-1361,-164.0,-395.0,-615.0,-836.0,-1062.0,-1296.0
-210.0,-440.0,-661.0,-877.0,-1118.0,-1361,-164.0,-395.0,-615.0,-836.0,-1062.0,-1296.0
-211.0,-440.0,-661.0,-876.0,-1118.0,-1361,-164.0,-395.0,-615.0,-836.0,-1062.0,-1296.0
-211.0,-441.0,-661.0,-876.0,-1118.0,-1361,-164.0,-395.0,-615.0,-836.0,-1062.0,-1296.0
-211.0,-441.0,-661.0,-876.0,-1118.0,-1361,-164.0,-395.0,-615.0,-836.0,-1062.0,-1296.0
-211.0,-441.0,-662.0,-876.0,-1118.0,-1361,-164.0,-395.0,-615.0,-837.0,-1062.0,-1296.0
-212.0,-441.0,-662.0,-876.0,-1118.0,-1362,-164.0,-395.0,-616.0,-837.0,-1062.0,-1296.0
-212.0,-441.0,-662.0,-876.0,-1118.0,-1362,-164.0,-395.0,-615.0,-837.0,-1062.0,-1295.0
-212.0,-441.0,-662.0,-876.0,-1118.0,-1362,-163.0,-395.0,-615.0,-837.0,-1062.0,-1295.0
-212.0,-442.0,-662.0,-875.0,-1118.0,-1362,-163.0,-395.0,-615.0,-837.0,-1062.0,-1295.0
-212.0,-442.0,-663.0,-875.0,-1118.0,-1362,-162.0,-395.0,-615.0,-838.0,-1061.0,-1295.0
-212.0,-442.0,-662.0,-874.0,-1118.0,-1362,-162.0,-395.0,-615.0,-837.0,-1061.0,-1295.0
-212.0,-442.0,-662.0,-874.0,-1119.0,-1362,-161.0,-394.0,-615.0,-837.0,-1061.0,-1295.0
-212.0,-442.0,-662.0,-874.0,-1119.0,-1362,-160.0,-394.0,-615.0,-837.0,-1061.0,-1294.0
-212.0,-442.0,-662.0,-874.0,-1119.0,-1363,-159.0,-394.0,-614.0,-837.0,-1061.0,-1294.0
-212.0,-442.0,-662.0,-873.0,-1119.0,-1362,-158.0,-393.0,-614.0,-837.0,-1060.0,-1294.0
-212.0,-442.0,-661.0,-873.0,-1119.0,-1362,-158.0,-393.0,-614.0,-837.0,-1060.0,-1294.0
-212.0,-442.0,-661.0,-873.0,-1120.0,-1362,-158.0,-392.0,-613.0,-836.0,-1060.0,-1294.0
-213.0,-443.0,-661.0,-873.0,-1121.0,-1362,-158.0,-391.0,-612.0,-836.0,-1060.0,-1294.0
-213.0,-443.0,-660.0,-872.0,-1121.0,-1362,-159.0,-390.0,-612.0,-836.0,-1060.0,-1294.0
-213.0,-443.0,-660.0,-870.0,-1122.0,-1362,-160.0,-389.0,-611.0,-836.0,-1060.0,-1294.0
-213.0,-443.0,-659.0,-872.0,-1122.0,-1362,-161.0,-389.0,-611.0,-835.0,-1060.0,-1294.0
-214.0,-443.0,-659.0,-872.0,-1123.0,-1362,-162.0,-388.0,-610.0,-835.0,-1060.0,-1294.0
-214.0,-443.0,-658.0,-873.0,-1123.0,-1362,-163.0,-388.0,-609.0,-834.0,-1060.0,-1294.0
-214.0,-444.0,-658.0,-873.0,-1123.0,-1361,-164.0,-388.0,-609.0,-834.0,-1060.0,-1294.0
-214.0,-445.0,-657.0,-873.0,-1123.0,-1361,-165.0,-389.0,-608.0,-833.0,-1060.0,-1294.0
-214.0,-444.0,-657.0,-873.0,-1124.0,-1361,-165.0,-390.0,-607.0,-833.0,-1060.0,-1294.0
-215.0,-444.0,-657.0,-873.0,-1124.0,-1360,-166.0,-390.0,-606.0,-832.0,-1060.0,-1294.0
-215.0,-443.0,-656.0,-873.0,-1124.0,-1360,-166.0,-391.0,-606.0,-831.0,-1060.0,-1294.0
-216.0,-443.0,-656.0,-873.0,-1124.0,-1360,-169.0,-391.0,-606.0,-831.0,-1060.0,-1294.0
-216.0,-443.0,-656.0,-873.0,-1125.0,-1359,-167.0,-392.0,-606.0,-831.0,-1060.0,-1294.0
-217.0,-443.0,-656.0,-874.0,-1126.0,-1359,-166.0,-392.0,-607.0,-830.0,-1060.0,-1294.0
-218.0,-442.0,-656.0,-874.0,-1126.0,-1358,-166.0,-393.0,-607.0,-830.0,-1059.0,-1294.0
-218.0,-442.0,-655.0,-874.0,-1127.0,-1358,-165.0,-393.0,-607.0,-829.0,-1059.0,-1294.0
-218.0,-442.0,-655.0,-874.0,-1128.0,-1358,-164.0,-393.0,-608.0,-829.0,-1058.0,-1293.0
-218.0,-441.0,-654.0,-874.0,-1129.0,-1357,-164.0,-393.0,-609.0,-829.0,-1058.0,-1293.0
-218.0,-441.0,-653.0,-874.0,-1130.0,-1356,-164.0,-393.0,-610.0,-829.0,-1057.0,-1293.0
-218.0,-441.0,-652.0,-875.0,-1130.0,-1356,-164.0,-393.0,-611.0,-828.0,-1056.0,-1293.0
-218.0,-440.0,-651.0,-875.0,-1131.0,-1355,-164.0,-394.0,-611.0,-826.0,-1055.0,-1293.0
-218.0,-440.0,-649.0,-876.0,-1132.0,-1355,-164.0,-394.0,-611.0,-828.0,-1054.0,-1292.0
-218.0,-439.0,-648.0,-876.0,-1133.0,-1354,-164.0,-394.0,-611.0,-829.0,-1053.0,-1292.0
-219.0,-439.0,-646.0,-877.0,-1135.0,-1353,-164.0,-394.0,-611.0,-829.0,-1052.0,-1292.0
-219.0,-438.0,-644.0,-877.0,-1136.0,-1352,-164.0,-394.0,-611.0,-829.0,-1051.0,-1291.0
-220.0,-437.0,-643.0,-878.0,-1136.0,-1351,-164.0,-394.0,-611.0,-829.0,-1051.0,-1291.0
-220.0,-436.0,-642.0,-879.0,-1137.0,-1350,-164.0,-394.0,-611.0,-830.0,-1050.0,-1290.0
-221.0,-434.0,-641.0,-879.0,-1137.0,-1350,-164.0,-395.0,-612.0,-830.0,-1050.0,-1290.0
-221.0,-433.0,-639.0,-880.0,-1137.0,-1348,-164.0,-395.0,-612.0,-830.0,-1047.0,-1289.0
-221.0,-432.0,-638.0,-880.0,-1138.0,-1347,-160.0,-396.0,-612.0,-830.0,-1050.0,-1288.0
-222.0,-431.0,-637.0,-881.0,-1140.0,-1345,-155.0,-396.0,-613.0,-831.0,-1050.0,-1287.0
-222.0,-430.0,-636.0,-881.0,-1138.0,-1344,-152.0,-396.0,-613.0,-831.0,-1050.0,-1286.0
-222.0,-430.0,-635.0,-882.0,-1138.0,-1343,-148.0,-398.0,-614.0,-831.0,-1050.0,-1285.0
-223.0,-429.0,-635.0,-882.0,-1137.0,-1342,-141.0,-396.0,-614.0,-831.0,-1051.0,-1284.0
-223.0,-428.0,-634.0,-883.0,-1137.0,-1341,-130.0,-392.0,-614.0,-832.0,-1051.0,-1283.0
-223.0,-427.0,-633.0,-883.0,-1137.0,-1340,-138.0,-382.0,-614.0,-832.0,-1052.0,-1283.0
-224.0,-427.0,-630.0,-883.0,-1136.0,-1340,-145.0,-371.0,-615.0,-833.0,-1053.0,-1282.0
-224.0,-426.0,-633.0,-884.0,-1135.0,-1339,-152.0,-345.0,-617.0,-834.0,-1053.0,-1279.0
-225.0,-425.0,-634.0,-884.0,-1134.0,-1339,-161.0,-332.0,-615.0,-834.0,-1054.0,-1282.0
-224.0,-424.0,-635.0,-884.0,-1132.0,-1338,-208.0,-317.0,-612.0,-835.0,-1055.0,-1282.0
-224.0,-424.0,-636.0,-884.0,-1131.0,-1338,-216.0,-295.0,-608.0,-835.0,-1056.0,-1282.0
-223.0,-423.0,-637.0,-885.0,-1130.0,-1336,-233.0,-177.0,-596.0,-836.0,-1057.0,-1283.0
-223.0,-423.0,-639.0,-885.0,-1128.0,-1338,-243.0,-243.0,-569.0,-838.0,-1058.0,-1283.0
-222.0,-421.0,-640.0,-885.0,-1127.0,-1338,-273.0,-273.0,-530.0,-836.0,-1059.0,-1284.0
-222.0,-423.0,-642.0,-885.0,-1125.0,-1339,-291.0,-291.0,-508.0,-836.0,-1059.0,-1285.0
-222.0,-423.0,-644.0,-885.0,-1123.0,-1340,-310.0,-310.0,-487.0,-834.0,-1060.0,-1285.0
-221.0,-423.0,-647.0,-885.0,-1122.0,-1340,-386.0,-328.0,-465.0,-825.0,-1060.0,-1286.0
-221.0,-424.0,-649.0,-885.0,-1120.0,-1342,-296.0,-419.0,-327.0,-813.0,-1060.0,-1287.0
-220.0,-425.0,-651.0,-885.0,-1120.0,-1343,-295.0,-435.0,-435.0,-809.0,-1060.0,-1288.0
-219.0,-426.0,-653.0,-885.0,-1119.0,-1344,-275.0,-448.0,-448.0,-806.0,-1061.0,-1290.0
-218.0,-427.0,-655.0,-885.0,-1118.0,-1346,-265.0,-459.0,-585.0,-690.0,-1063.0,-1290.0
-217.0,-428.0,-656.0,-885.0,-1117.0,-1348,-247.0,-473.0,-589.0,-663.0,-1061.0,-1291.0
-216.0,-429.0,-657.0,-885.0,-1117.0,-1349,-231.0,-487.0,-604.0,-564.0,-1061.0,-1291.0
-215.0,-429.0,-658.0,-885.0,-1116.0,-1350,-206.0,-506.0,-622.0,-622.0,-1060.0,-1292.0
-214.0,-429.0,-659.0,-885.0,-1116.0,-1351,-191.0,-520.0,-651.0,-651.0,-1050.0,-1292.0
-212.0,-429.0,-660.0,-885.0,-1115.0,-1352,-177.0,-537.0,-677.0,-677.0,-1032.0,-1293.0
-211.0,-430.0,-660.0,-885.0,-1115.0,-1353,-170.0,-566.0,-698.0,-698.0,-1000.0,-1293.0
-210.0,-430.0,-661.0,-885.0,-1114.0,-1354,-167.0,-535.0,-720.0,-720.0,-996.0,-1294.0
-209.0,-431.0,-661.0,-885.0,-1113.0,-1354,-164.0,-509.0,-742.0,-742.0,-986.0,-1294.0
-209.0,-431.0,-662.0,-885.0,-1113.0,-1355,-163.0,-486.0,-810.0,-810.0,-970.0,-1294.0
-208.0,-431.0,-662.0,-885.0,-1113.0,-1355,-162.0,-468.0,-829.0,-829.0,-742.0,-1294.0
-207.0,-431.0,-662.0,-885.0,-1111.0,-1355,-161.0,-439.0,-923.0,-844.0,-844.0,-1294.0
-207.0,-431.0,-662.0,-885.0,-1113.0,-1355,-161.0,-423.0,-814.0,-814.0,-679.0,-1294.0
-206.0,-432.0,-662.0,-885.0,-1113.0,-1356,-160.0,-415.0,-731.0,-909.0,-909.0,-1291.0
-206.0,-432.0,-662.0,-885.0,-1113.0,-1356,-159.0,-410.0,-720.0,-933.0,-933.0,-1271.0
-205.0,-432.0,-662.0,-885.0,-1114.0,-1356,-159.0,-405.0,-699.0,-946.0,-946.0,-1192.0
-205.0,-432.0,-662.0,-886.0,-1114.0,-1356,-158.0,-403.0,-658.0,-963.0,-963.0,-1191.0
-205.0,-432.0,-663.0,-885.0,-1114.0,-1356,-157.0,-401.0,-647.0,-1037.0,-987.0,-1187.0
-204.0,-432.0,-662.0,-885.0,-1114.0,-1356,-157.0,-400.0,-636.0,-956.0,-1019.0,-1092.0
-204.0,-432.0,-662.0,-885.0,-1114.0,-1356,-157.0,-398.0,-628.0,-935.0,-1037.0,-1118.0
-202.0,-432.0,-662.0,-885.0,-1114.0,-1356,-157.0,-397.0,-624.0,-924.0,-1049.0,-1134.0
-204.0,-432.0,-662.0,-885.0,-1115.0,-1356,-157.0,-397.0,-621.0,-917.0,-1066.0,-1143.0
-204.0,-432.0,-662.0,-885.0,-1115.0,-1356,-156.0,-396.0,-619.0,-907.0,-1078.0,-1155.0
-205.0,-432.0,-662.0,-885.0,-1115.0,-1357,-156.0,-395.0,-618.0,-879.0,-1088.0,-1170.0
-205.0,-433.0,-662.0,-885.0,-1115.0,-1357,-156.0,-395.0,-617.0,-869.0,-1097.0,-1187.0
-205.0,-433.0,-662.0,-885.0,-1116.0,-1357,-156.0,-395.0,-616.0,-861.0,-1102.0,-1202.0
-205.0,-433.0,-661.0,-885.0,-1116.0,-1357,-156.0,-395.0,-615.0,-857.0,-1113.0,-1215.0
-206.0,-433.0,-661.0,-885.0,-1116.0,-1358,-156.0,-395.0,-614.0,-853.0,-1098.0,-1228.0
-206.0,-435.0,-661.0,-885.0,-1116.0,-1359,-156.0,-395.0,-614.0,-851.0,-1092.0,-1242.0
-206.0,-433.0,-661.0,-885.0,-1116.0,-1358,-156.0,-395.0,-613.0,-850.0,-1088.0,-1253.0
-207.0,-433.0,-660.0,-885.0,-1116.0,-1357,-155.0,-395.0,-613.0,-848.0,-1086.0,-1264.0
-207.0,-433.0,-660.0,-885.0,-1116.0,-1357,-155.0,-395.0,-613.0,-848.0,-1081.0,-1272.0
-207.0,-433.0,-660.0,-885.0,-1116.0,-1357,-155.0,-395.0,-613.0,-847.0,-1078.0,-1279.0
-207.0,-432.0,-659.0,-885.0,-1116.0,-1357,-154.0,-395.0,-613.0,-846.0,-1077.0,-1285.0
-207.0,-432.0,-659.0,-885.0,-1116.0,-1356,-154.0,-395.0,-613.0,-846.0,-1076.0,-1291.0
-207.0,-432.0,-658.0,-885.0,-1116.0,-1356,-154.0,-395.0,-613.0,-845.0,-1075.0,-1295.0
-207.0,-432.0,-658.0,-885.0,-1116.0,-1356,-154.0,-395.0,-613.0,-844.0,-1075.0,-1298.0
-207.0,-432.0,-658.0,-885.0,-1116.0,-1355,-153.0,-394.0,-613.0,-844.0,-1074.0,-1301.0
-208.0,-432.0,-658.0,-885.0,-1117.0,-1355,-153.0,-394.0,-613.0,-844.0,-1074.0,-1303.0
-208.0,-431.0,-657.0,-885.0,-1117.0,-1355,-153.0,-394.0,-613.0,-844.0,-1073.0,-1304.0
-208.0,-431.0,-657.0,-885.0,-1117.0,-1355,-152.0,-393.0,-613.0,-844.0,-1073.0,-1305.0
-208.0,-431.0,-657.0,-885.0,-1117.0,-1355,-152.0,-393.0,-612.0,-844.0,-1073.0,-1306.0
-208.0,-431.0,-657.0,-884.0,-1117.0,-1354,-152.0,-392.0,-612.0,-844.0,-1072.0,-1306.0
-208.0,-430.0,-657.0,-884.0,-1117.0,-1354,-151.0,-392.0,-612.0,-844.0,-1072.0,-1306.0
-208.0,-430.0,-657.0,-884.0,-1117.0,-1354,-151.0,-392.0,-612.0,-844.0,-1072.0,-1306.0
-208.0,-430.0,-656.0,-884.0,-1117.0,-1354,-150.0,-391.0,-612.0,-844.0,-1072.0,-1307.0
-208.0,-430.0,-656.0,-884.0,-1117.0,-1353,-150.0,-391.0,-612.0,-844.0,-1072.0,-1306.0
-208.0,-430.0,-656.0,-884.0,-1117.0,-1353,-150.0,-390.0,-612.0,-844.0,-1072.0,-1306.0
-208.0,-430.0,-656.0,-884.0,-1117.0,-1353,-149.0,-390.0,-612.0,-844.0,-1072.0,-1306.0
-208.0,-430.0,-656.0,-884.0,-1117.0,-1353,-148.0,-389.0,-611.0,-844.0,-1071.0,-1306.0
-208.0,-430.0,-656.0,-884.0,-1117.0,-1353,-148.0,-389.0,-611.0,-844.0,-1071.0,-1305.0
-208.0,-430.0,-656.0,-884.0,-1117.0,-1353,-147.0,-388.0,-611.0,-844.0,-1071.0,-1305.0
-208.0,-430.0,-657.0,-884.0,-1118.0,-1353,-146.0,-388.0,-610.0,-844.0,-1071.0,-1304.0
-208.0,-430.0,-657.0,-884.0,-1118.0,-1353,-146.0,-387.0,-610.0,-844.0,-1071.0,-1303.0
-208.0,-430.0,-657.0,-883.0,-1118.0,-1351,-145.0,-387.0,-609.0,-843.0,-1071.0,-1303.0
-208.0,-430.0,-657.0,-883.0,-1118.0,-1353,-145.0,-386.0,-609.0,-843.0,-1071.0,-1302.0
-208.0,-431.0,-657.0,-883.0,-1118.0,-1353,-144.0,-386.0,-608.0,-843.0,-1071.0,-1301.0
-209.0,-431.0,-657.0,-883.0,-1118.0,-1353,-144.0,-385.0,-608.0,-843.0,-1071.0,-1301.0
-209.0,-431.0,-657.0,-883.0,-1118.0,-1353,-143.0,-385.0,-607.0,-843.0,-1071.0,-1300.0
-209.0,-431.0,-657.0,-883.0,-1118.0,-1353,-143.0,-385.0,-606.0,-843.0,-1071.0,-1300.0
-209.0,-432.0,-657.0,-883.0,-1118.0,-1353,-142.0,-385.0,-606.0,-843.0,-1071.0,-1300.0
-209.0,-432.0,-657.0,-883.0,-1118.0,-1353,-142.0,-385.0,-605.0,-843.0,-1071.0,-1299.0
-209.0,-432.0,-657.0,-883.0,-1117.0,-1353,-141.0,-384.0,-604.0,-843.0,-1071.0,-1299.0
-209.0,-432.0,-657.0,-883.0,-1117.0,-1354,-138.0,-384.0,-604.0,-843.0,-1072.0,-1299.0
-209.0,-432.0,-657.0,-883.0,-1117.0,-1354,-141.0,-384.0,-603.0,-842.0,-1072.0,-1299.0
-209.0,-432.0,-657.0,-883.0,-1117.0,-1354,-141.0,-384.0,-603.0,-842.0,-1072.0,-1300.0
-209.0,-432.0,-657.0,-883.0,-1117.0,-1354,-142.0,-385.0,-602.0,-842.0,-1072.0,-1300.0
-209.0,-433.0,-657.0,-883.0,-1117.0,-1354,-142.0,-385.0,-602.0,-841.0,-1072.0,-1300.0
-209.0,-433.0,-657.0,-883.0,-1117.0,-1354,-143.0,-386.0,-601.0,-841.0,-1072.0,-1301.0
-209.0,-433.0,-657.0,-882.0,-1117.0,-1354,-144.0,-387.0,-601.0,-841.0,-1072.0,-1302.0
-209.0,-433.0,-657.0,-882.0,-1117.0,-1354,-145.0,-388.0,-602.0,-841.0,-1072.0,-1303.0
-209.0,-433.0,-657.0,-882.0,-1117.0,-1354,-146.0,-390.0,-602.0,-841.0,-1072.0,-1304.0
-209.0,-433.0,-657.0,-882.0,-1117.0,-1354,-147.0,-392.0,-603.0,-841.0,-1074.0,-1304.0
-209.0,-433.0,-658.0,-882.0,-1117.0,-1354,-148.0,-393.0,-603.0,-841.0,-1072.0,-1305.0
-209.0,-433.0,-658.0,-882.0,-1117.0,-1355,-149.0,-395.0,-604.0,-841.0,-1072.0,-1306.0
-209.0,-433.0,-658.0,-880.0,-1117.0,-1355,-150.0,-396.0,-606.0,-842.0,-1072.0,-1307.0
-209.0,-433.0,-658.0,-882.0,-1117.0,-1355,-151.0,-398.0,-607.0,-842.0,-1072.0,-1308.0
-209.0,-433.0,-658.0,-882.0,-1117.0,-1355,-152.0,-400.0,-608.0,-843.0,-1072.0,-1309.0
-209.0,-434.0,-659.0,-882.0,-1117.0,-1355,-153.0,-402.0,-610.0,-844.0,-1072.0,-1310.0
-209.0,-434.0,-659.0,-882.0,-1117.0,-1355,-154.0,-403.0,-611.0,-845.0,-1072.0,-1312.0
-210.0,-434.0,-659.0,-882.0,-1117.0,-1355,-155.0,-405.0,-614.0,-846.0,-1072.0,-1313.0
-209.0,-435.0,-659.0,-882.0,-1117.0,-1355,-156.0,-407.0,-616.0,-847.0,-1072.0,-1314.0
-209.0,-435.0,-659.0,-882.0,-1117.0,-1355,-157.0,-408.0,-618.0,-849.0,-1071.0,-1315.0
-209.0,-436.0,-659.0,-883.0,-1117.0,-1355,-157.0,-409.0,-620.0,-850.0,-1071.0,-1316.0
-209.0,-435.0,-659.0,-883.0,-1117.0,-1355,-158.0,-410.0,-622.0,-852.0,-1071.0,-1316.0
-209.0,-435.0,-659.0,-883.0,-1117.0,-1355,-159.0,-411.0,-624.0,-854.0,-1071.0,-1317.0
-209.0,-435.0,-659.0,-883.0,-1117.0,-1356,-160.0,-413.0,-625.0,-855.0,-1071.0,-1317.0
-209.0,-434.0,-659.0,-883.0,-1117.0,-1356,-161.0,-411.0,-627.0,-857.0,-1071.0,-1317.0
-209.0,-434.0,-660.0,-883.0,-1117.0,-1356,-162.0,-410.0,-628.0,-859.0,-1072.0,-1318.0
-209.0,-434.0,-659.0,-883.0,-1117.0,-1356,-162.0,-409.0,-629.0,-860.0,-1072.0,-1320.0
-209.0,-434.0,-659.0,-883.0,-1117.0,-1356,-163.0,-408.0,-630.0,-861.0,-1072.0,-1318.0
-209.0,-434.0,-659.0,-883.0,-1117.0,-1356,-163.0,-406.0,-631.0,-862.0,-1072.0,-1317.0
-209.0,-434.0,-659.0,-883.0,-1115.0,-1356,-164.0,-406.0,-632.0,-863.0,-1073.0,-1316.0
-209.0,-434.0,-659.0,-883.0,-1117.0,-1356,-164.0,-404.0,-635.0,-865.0,-1073.0,-1314.0
-209.0,-434.0,-659.0,-883.0,-1117.0,-1356,-164.0,-403.0,-632.0,-866.0,-1073.0,-1313.0
-209.0,-434.0,-659.0,-883.0,-1117.0,-1356,-164.0,-402.0,-632.0,-866.0,-1073.0,-1311.0
-209.0,-434.0,-659.0,-884.0,-1117.0,-1356,-164.0,-401.0,-631.0,-867.0,-1073.0,-1309.0
-209.0,-433.0,-659.0,-884.0,-1117.0,-1356,-164.0,-400.0,-630.0,-870.0,-1075.0,-1307.0
-209.0,-433.0,-659.0,-884.0,-1117.0,-1355,-165.0,-399.0,-629.0,-867.0,-1073.0,-1305.0
-209.0,-433.0,-659.0,-884.0,-1117.0,-1355,-165.0,-398.0,-627.0,-866.0,-1073.0,-1303.0
-209.0,-433.0,-658.0,-884.0,-1117.0,-1355,-165.0,-398.0,-626.0,-865.0,-1073.0,-1301.0
-209.0,-434.0,-658.0,-884.0,-1117.0,-1355,-165.0,-397.0,-625.0,-863.0,-1073.0,-1299.0
-209.0,-435.0,-658.0,-884.0,-1117.0,-1355,-165.0,-397.0,-624.0,-860.0,-1073.0,-1298.0
-209.0,-434.0,-658.0,-884.0,-1117.0,-1355,-165.0,-396.0,-623.0,-858.0,-1072.0,-1296.0
-208.0,-433.0,-658.0,-884.0,-1117.0,-1355,-165.0,-396.0,-622.0,-855.0,-1072.0,-1295.0
-208.0,-433.0,-658.0,-884.0,-1117.0,-1355,-165.0,-396.0,-622.0,-853.0,-1072.0,-1294.0
-208.0,-433.0,-658.0,-884.0,-1117.0,-1355,-165.0,-396.0,-621.0,-850.0,-1072.0,-1293.0
-208.0,-433.0,-658.0,-884.0,-1117.0,-1355,-167.0,-396.0,-621.0,-847.0,-1071.0,-1293.0
-208.0,-433.0,-658.0,-884.0,-1117.0,-1355,-165.0,-396.0,-620.0,-845.0,-1070.0,-1290.0
-208.0,-433.0,-658.0,-884.0,-1117.0,-1355,-165.0,-397.0,-620.0,-843.0,-1069.0,-1292.0
-208.0,-433.0,-658.0,-884.0,-1117.0,-1355,-165.0,-397.0,-620.0,-841.0,-1068.0,-1293.0
-208.0,-433.0,-658.0,-884.0,-1117.0,-1355,-165.0,-398.0,-620.0,-838.0,-1067.0,-1293.0
-208.0,-433.0,-658.0,-885.0,-1117.0,-1355,-165.0,-397.0,-619.0,-837.0,-1066.0,-1293.0
-208.0,-433.0,-658.0,-885.0,-1117.0,-1355,-165.0,-397.0,-619.0,-836.0,-1064.0,-1294.0
-208.0,-433.0,-657.0,-885.0,-1117.0,-1355,-165.0,-396.0,-619.0,-835.0,-1063.0,-1294.0
-208.0,-433.0,-657.0,-886.0,-1117.0,-1355,-165.0,-396.0,-619.0,-835.0,-1062.0,-1295.0
-208.0,-433.0,-657.0,-886.0,-1117.0,-1355,-165.0,-396.0,-619.0,-835.0,-1061.0,-1296.0
-208.0,-433.0,-657.0,-886.0,-1117.0,-1355,-164.0,-396.0,-619.0,-835.0,-1060.0,-1297.0
-208.0,-432.0,-656.0,-887.0,-1117.0,-1354,-164.0,-395.0,-619.0,-835.0,-1060.0,-1297.0
-208.0,-432.0,-656.0,-888.0,-1117.0,-1354,-164.0,-395.0,-618.0,-835.0,-1059.0,-1298.0
-208.0,-432.0,-655.0,-889.0,-1117.0,-1354,-164.0,-394.0,-618.0,-835.0,-1058.0,-1299.0
-208.0,-431.0,-655.0,-890.0,-1117.0,-1354,-164.0,-394.0,-618.0,-835.0,-1057.0,-1300.0
-208.0,-430.0,-654.0,-891.0,-1117.0,-1353,-164.0,-394.0,-618.0,-835.0,-1057.0,-1300.0
-208.0,-429.0,-654.0,-892.0,-1118.0,-1353,-164.0,-393.0,-618.0,-835.0,-1056.0,-1301.0
-208.0,-429.0,-654.0,-893.0,-1118.0,-1352,-163.0,-393.0,-617.0,-835.0,-1056.0,-1301.0
-208.0,-428.0,-653.0,-895.0,-1118.0,-1352,-163.0,-393.0,-617.0,-834.0,-1054.0,-1302.0
-208.0,-427.0,-652.0,-896.0,-1118.0,-1352,-163.0,-392.0,-616.0,-834.0,-1056.0,-1303.0
-208.0,-426.0,-651.0,-896.0,-1118.0,-1351,-163.0,-392.0,-616.0,-834.0,-1056.0,-1304.0
-208.0,-425.0,-650.0,-897.0,-1119.0,-1351,-163.0,-392.0,-616.0,-834.0,-1056.0,-1303.0
-208.0,-424.0,-649.0,-897.0,-1119.0,-1350,-163.0,-392.0,-615.0,-834.0,-1057.0,-1302.0
-207.0,-423.0,-647.0,-899.0,-1119.0,-1349,-163.0,-392.0,-615.0,-834.0,-1057.0,-1302.0
-207.0,-421.0,-646.0,-897.0,-1119.0,-1348,-163.0,-392.0,-614.0,-833.0,-1057.0,-1302.0
-207.0,-419.0,-645.0,-897.0,-1121.0,-1347,-163.0,-392.0,-614.0,-833.0,-1057.0,-1301.0
-207.0,-417.0,-645.0,-897.0,-1119.0,-1346,-163.0,-392.0,-614.0,-833.0,-1056.0,-1301.0
-207.0,-416.0,-642.0,-896.0,-1119.0,-1345,-163.0,-392.0,-614.0,-833.0,-1056.0,-1301.0
-206.0,-414.0,-645.0,-895.0,-1119.0,-1343,-163.0,-392.0,-614.0,-833.0,-1056.0,-1300.0
-206.0,-413.0,-646.0,-894.0,-1119.0,-1342,-163.0,-392.0,-614.0,-833.0,-1056.0,-1300.0
-205.0,-411.0,-647.0,-892.0,-1118.0,-1340,-163.0,-392.0,-614.0,-833.0,-1056.0,-1300.0
-204.0,-413.0,-649.0,-891.0,-1118.0,-1339,-163.0,-392.0,-614.0,-832.0,-1056.0,-1299.0
-204.0,-413.0,-650.0,-890.0,-1118.0,-1339,-163.0,-392.0,-614.0,-832.0,-1055.0,-1299.0
-203.0,-414.0,-652.0,-888.0,-1118.0,-1337,-162.0,-392.0,-614.0,-832.0,-1055.0,-1299.0
-203.0,-415.0,-653.0,-887.0,-1118.0,-1334,-162.0,-392.0,-614.0,-831.0,-1055.0,-1299.0
-203.0,-416.0,-654.0,-886.0,-1118.0,-1337,-162.0,-392.0,-614.0,-831.0,-1054.0,-1299.0
-202.0,-417.0,-655.0,-885.0,-1117.0,-1338,-162.0,-393.0,-615.0,-831.0,-1054.0,-1299.0
-202.0,-420.0,-657.0,-884.0,-1117.0,-1339,-162.0,-393.0,-615.0,-831.0,-1054.0,-1300.0
-199.0,-422.0,-658.0,-884.0,-1117.0,-1339,-162.0,-393.0,-615.0,-831.0,-1054.0,-1301.0
-202.0,-424.0,-658.0,-883.0,-1117.0,-1341,-163.0,-393.0,-615.0,-829.0,-1053.0,-1300.0
-202.0,-426.0,-660.0,-883.0,-1117.0,-1342,-163.0,-393.0,-616.0,-831.0,-1053.0,-1299.0
-203.0,-429.0,-661.0,-882.0,-1116.0,-1343,-163.0,-393.0,-616.0,-831.0,-1053.0,-1299.0
-204.0,-431.0,-662.0,-881.0,-1116.0,-1345,-163.0,-393.0,-616.0,-831.0,-1053.0,-1299.0
-205.0,-433.0,-663.0,-881.0,-1115.0,-1347,-163.0,-393.0,-616.0,-831.0,-1053.0,-1298.0
-206.0,-435.0,-664.0,-880.0,-1114.0,-1348,-163.0,-393.0,-617.0,-831.0,-1052.0,-1298.0
-207.0,-437.0,-664.0,-877.0,-1114.0,-1350,-163.0,-394.0,-617.0,-832.0,-1052.0,-1297.0
-208.0,-438.0,-665.0,-879.0,-1114.0,-1352,-163.0,-394.0,-617.0,-832.0,-1052.0,-1297.0
-208.0,-439.0,-665.0,-880.0,-1114.0,-1354,-164.0,-394.0,-617.0,-832.0,-1052.0,-1296.0
-208.0,-440.0,-667.0,-882.0,-1114.0,-1356,-165.0,-394.0,-617.0,-833.0,-1050.0,-1295.0
-208.0,-440.0,-665.0,-884.0,-1114.0,-1357,-164.0,-395.0,-619.0,-835.0,-1052.0,-1295.0
-208.0,-440.0,-665.0,-888.0,-1114.0,-1358,-163.0,-395.0,-617.0,-833.0,-1052.0,-1294.0
-208.0,-441.0,-665.0,-900.0,-1114.0,-1359,-165.0,-395.0,-618.0,-833.0,-1052.0,-1294.0
-208.0,-443.0,-664.0,-922.0,-1114.0,-1360,-164.0,-395.0,-618.0,-832.0,-1052.0,-1294.0
-208.0,-441.0,-662.0,-943.0,-1114.0,-1361,-163.0,-396.0,-618.0,-832.0,-1053.0,-1293.0
-209.0,-441.0,-660.0,-961.0,-1113.0,-1361,-163.0,-396.0,-618.0,-833.0,-1053.0,-1293.0
-210.0,-438.0,-658.0,-973.0,-1111.0,-1361,-163.0,-396.0,-619.0,-833.0,-1053.0,-1293.0
-209.0,-434.0,-655.0,-1003.0,-1108.0,-1364,-164.0,-397.0,-619.0,-833.0,-1054.0,-1292.0
-209.0,-429.0,-651.0,-1028.0,-1104.0,-1362,-164.0,-396.0,-619.0,-833.0,-1054.0,-1290.0
-208.0,-423.0,-648.0,-1011.0,-1099.0,-1361,-164.0,-396.0,-619.0,-833.0,-1054.0,-1292.0
-207.0,-413.0,-644.0,-1003.0,-1094.0,-1360,-164.0,-396.0,-620.0,-833.0,-1055.0,-1293.0
-204.0,-399.0,-640.0,-992.0,-1088.0,-1358,-164.0,-396.0,-620.0,-833.0,-1055.0,-1293.0
-201.0,-386.0,-631.0,-981.0,-1082.0,-1355,-164.0,-395.0,-620.0,-833.0,-1055.0,-1293.0
-194.0,-374.0,-639.0,-967.0,-1075.0,-1351,-164.0,-395.0,-620.0,-834.0,-1055.0,-1294.0
-184.0,-361.0,-644.0,-954.0,-1069.0,-1345,-164.0,-395.0,-620.0,-834.0,-1056.0,-1294.0
-176.0,-343.0,-650.0,-940.0,-1064.0,-1339,-164.0,-395.0,-620.0,-834.0,-1056.0,-1295.0
-167.0,-327.0,-655.0,-930.0,-1060.0,-1332,-164.0,-395.0,-620.0,-834.0,-1056.0,-1296.0
-155.0,-313.0,-664.0,-918.0,-1050.0,-1324,-164.0,-395.0,-620.0,-834.0,-1057.0,-1296.0
-136.0,-299.0,-672.0,-910.0,-1059.0,-1313,-164.0,-395.0,-620.0,-834.0,-1057.0,-1297.0
-123.0,-278.0,-676.0,-903.0,-1062.0,-1303,-164.0,-395.0,-620.0,-835.0,-1057.0,-1297.0
-112.0,-315.0,-684.0,-896.0,-1068.0,-1294,-164.0,-395.0,-620.0,-835.0,-1058.0,-1298.0
-99.0,-326.0,-677.0,-891.0,-1074.0,-1284,-164.0,-395.0,-621.0,-835.0,-1058.0,-1298.0
-80.0,-345.0,-674.0,-887.0,-1083.0,-1275,-164.0,-395.0,-620.0,-835.0,-1059.0,-1298.0
-91.0,-369.0,-671.0,-884.0,-1092.0,-1259,-164.0,-395.0,-620.0,-836.0,-1059.0,-1299.0
-100.0,-393.0,-668.0,-883.0,-1098.0,-1282,-164.0,-395.0,-620.0,-835.0,-1059.0,-1299.0
-116.0,-406.0,-665.0,-881.0,-1103.0,-1292,-164.0,-395.0,-620.0,-835.0,-1059.0,-1299.0
-132.0,-416.0,-663.0,-880.0,-1109.0,-1303,-164.0,-395.0,-620.0,-835.0,-1059.0,-1299.0
-148.0,-423.0,-664.0,-879.0,-1112.0,-1321,-164.0,-395.0,-620.0,-835.0,-1060.0,-1299.0
-162.0,-432.0,-664.0,-878.0,-1114.0,-1335,-165.0,-395.0,-620.0,-835.0,-1060.0,-1299.0
-178.0,-435.0,-666.0,-877.0,-1115.0,-1346,-167.0,-394.0,-620.0,-834.0,-1060.0,-1299.0
-189.0,-438.0,-664.0,-877.0,-1115.0,-1351,-165.0,-394.0,-620.0,-834.0,-1060.0,-1299.0
-197.0,-440.0,-664.0,-877.0,-1116.0,-1356,-165.0,-394.0,-620.0,-834.0,-1060.0,-1300.0
-203.0,-442.0,-663.0,-877.0,-1116.0,-1358,-164.0,-394.0,-620.0,-834.0,-1060.0,-1300.0
-207.0,-443.0,-663.0,-876.0,-1116.0,-1359,-163.0,-394.0,-620.0,-834.0,-1061.0,-1300.0
-209.0,-443.0,-663.0,-876.0,-1116.0,-1359,-162.0,-393.0,-619.0,-834.0,-1061.0,-1300.0
-210.0,-444.0,-663.0,-876.0,-1117.0,-1360,-161.0,-393.0,-619.0,-834.0,-1061.0,-1300.0
-212.0,-444.0,-663.0,-876.0,-1117.0,-1361,-160.0,-393.0,-619.0,-834.0,-1061.0,-1301.0
-212.0,-444.0,-662.0,-876.0,-1117.0,-1362,-159.0,-392.0,-619.0,-834.0,-1061.0,-1301.0
-213.0,-444.0,-662.0,-876.0,-1117.0,-1362,-159.0,-392.0,-619.0,-834.0,-1061.0,-1301.0
-213.0,-444.0,-662.0,-876.0,-1117.0,-1362,-158.0,-392.0,-618.0,-834.0,-1061.0,-1301.0
-214.0,-444.0,-662.0,-876.0,-1117.0,-1364,-157.0,-391.0,-618.0,-833.0,-1061.0,-1301.0
-214.0,-444.0,-662.0,-876.0,-1117.0,-1362,-158.0,-390.0,-618.0,-833.0,-1061.0,-1301.0
-214.0,-444.0,-662.0,-876.0,-1117.0,-1362,-158.0,-389.0,-618.0,-833.0,-1061.0,-1301.0
-215.0,-444.0,-662.0,-875.0,-1117.0,-1362,-160.0,-388.0,-617.0,-833.0,-1061.0,-1301.0
-215.0,-444.0,-662.0,-875.0,-1117.0,-1362,-161.0,-387.0,-617.0,-833.0,-1061.0,-1301.0
-215.0,-444.0,-662.0,-875.0,-1117.0,-1361,-163.0,-387.0,-616.0,-833.0,-1061.0,-1301.0
-216.0,-445.0,-662.0,-875.0,-1118.0,-1361,-164.0,-386.0,-616.0,-833.0,-1061.0,-1301.0
-216.0,-445.0,-662.0,-875.0,-1118.0,-1361,-165.0,-386.0,-615.0,-833.0,-1061.0,-1302.0
-216.0,-445.0,-662.0,-875.0,-1118.0,-1361,-166.0,-386.0,-614.0,-833.0,-1062.0,-1301.0
-216.0,-445.0,-662.0,-875.0,-1118.0,-1361,-166.0,-386.0,-613.0,-833.0,-1062.0,-1301.0
-217.0,-445.0,-661.0,-875.0,-1118.0,-1361,-166.0,-386.0,-612.0,-833.0,-1062.0,-1301.0
-217.0,-445.0,-661.0,-874.0,-1118.0,-1361,-166.0,-386.0,-611.0,-833.0,-1062.0,-1301.0
-217.0,-445.0,-661.0,-874.0,-1119.0,-1361,-166.0,-387.0,-611.0,-833.0,-1062.0,-1301.0
-217.0,-445.0,-661.0,-874.0,-1119.0,-1361,-166.0,-387.0,-610.0,-833.0,-1063.0,-1301.0
-217.0,-445.0,-661.0,-874.0,-1119.0,-1361,-166.0,-387.0,-609.0,-833.0,-1062.0,-1301.0
-218.0,-445.0,-661.0,-874.0,-1119.0,-1361,-166.0,-388.0,-609.0,-832.0,-1062.0,-1301.0
-218.0,-445.0,-661.0,-874.0,-1119.0,-1361,-166.0,-388.0,-609.0,-832.0,-1062.0,-1301.0
-218.0,-445.0,-662.0,-873.0,-1119.0,-1361,-167.0,-389.0,-609.0,-831.0,-1062.0,-1301.0
-218.0,-445.0,-662.0,-873.0,-1119.0,-1361,-166.0,-389.0,-609.0,-830.0,-1062.0,-1301.0
-218.0,-446.0,-663.0,-873.0,-1119.0,-1361,-166.0,-389.0,-609.0,-829.0,-1062.0,-1300.0
-218.0,-446.0,-662.0,-873.0,-1119.0,-1361,-166.0,-389.0,-610.0,-828.0,-1061.0,-1300.0
-218.0,-446.0,-662.0,-873.0,-1120.0,-1361,-166.0,-389.0,-611.0,-827.0,-1061.0,-1300.0
-218.0,-446.0,-661.0,-872.0,-1120.0,-1361,-166.0,-389.0,-611.0,-826.0,-1061.0,-1300.0
-219.0,-446.0,-661.0,-872.0,-1120.0,-1361,-166.0,-389.0,-612.0,-825.0,-1061.0,-1300.0
-219.0,-446.0,-661.0,-872.0,-1120.0,-1361,-166.0,-389.0,-612.0,-825.0,-1060.0,-1299.0
-219.0,-446.0,-660.0,-870.0,-1120.0,-1361,-166.0,-389.0,-612.0,-824.0,-1060.0,-1299.0
-219.0,-448.0,-660.0,-872.0,-1120.0,-1361,-166.0,-389.0,-612.0,-824.0,-1060.0,-1299.0
-220.0,-446.0,-660.0,-872.0,-1120.0,-1361,-165.0,-389.0,-613.0,-824.0,-1059.0,-1299.0
-220.0,-446.0,-659.0,-872.0,-1121.0,-1361,-165.0,-389.0,-613.0,-821.0,-1059.0,-1298.0
-220.0,-446.0,-659.0,-872.0,-1121.0,-1361,-163.0,-390.0,-613.0,-823.0,-1058.0,-1298.0
-220.0,-446.0,-659.0,-873.0,-1122.0,-1361,-160.0,-390.0,-613.0,-824.0,-1057.0,-1298.0
-220.0,-446.0,-658.0,-873.0,-1122.0,-1361,-156.0,-391.0,-613.0,-824.0,-1056.0,-1297.0
-220.0,-446.0,-658.0,-873.0,-1122.0,-1361,-152.0,-391.0,-613.0,-824.0,-1055.0,-1296.0
-221.0,-446.0,-658.0,-873.0,-1122.0,-1360,-147.0,-392.0,-613.0,-825.0,-1054.0,-1296.0
-221.0,-445.0,-658.0,-873.0,-1122.0,-1360,-143.0,-394.0,-613.0,-825.0,-1054.0,-1295.0
-221.0,-445.0,-657.0,-874.0,-1123.0,-1360,-131.0,-392.0,-614.0,-825.0,-1053.0,-1295.0
-221.0,-445.0,-657.0,-874.0,-1123.0,-1360,-140.0,-390.0,-614.0,-826.0,-1053.0,-1294.0
-221.0,-445.0,-657.0,-874.0,-1123.0,-1359,-147.0,-381.0,-615.0,-826.0,-1050.0,-1293.0
-221.0,-445.0,-657.0,-874.0,-1123.0,-1359,-155.0,-347.0,-616.0,-827.0,-1053.0,-1293.0
-222.0,-444.0,-656.0,-874.0,-1123.0,-1359,-165.0,-340.0,-616.0,-828.0,-1053.0,-1293.0
-222.0,-444.0,-656.0,-874.0,-1123.0,-1359,-177.0,-335.0,-618.0,-828.0,-1053.0,-1292.0
-222.0,-444.0,-656.0,-874.0,-1124.0,-1359,-210.0,-319.0,-616.0,-829.0,-1054.0,-1292.0
-222.0,-444.0,-654.0,-874.0,-1125.0,-1358,-222.0,-180.0,-616.0,-830.0,-1055.0,-1291.0
-222.0,-443.0,-653.0,-875.0,-1126.0,-1358,-232.0,-232.0,-615.0,-831.0,-1055.0,-1290.0
-222.0,-443.0,-652.0,-875.0,-1126.0,-1358,-261.0,-261.0,-612.0,-831.0,-1056.0,-1288.0
-222.0,-442.0,-651.0,-875.0,-1127.0,-1357,-271.0,-271.0,-606.0,-832.0,-1057.0,-1288.0
-223.0,-442.0,-649.0,-875.0,-1128.0,-1357,-287.0,-287.0,-576.0,-832.0,-1058.0,-1287.0
-223.0,-440.0,-648.0,-876.0,-1129.0,-1357,-359.0,-305.0,-568.0,-832.0,-1058.0,-1286.0
-223.0,-439.0,-646.0,-876.0,-1130.0,-1356,-282.0,-340.0,-563.0,-835.0,-1059.0,-1286.0
-223.0,-438.0,-644.0,-877.0,-1131.0,-1356,-303.0,-357.0,-431.0,-833.0,-1060.0,-1284.0
-224.0,-437.0,-643.0,-878.0,-1131.0,-1355,-274.0,-379.0,-574.0,-832.0,-1061.0,-1286.0
-224.0,-436.0,-642.0,-878.0,-1133.0,-1355,-259.0,-450.0,-575.0,-824.0,-1062.0,-1286.0
-225.0,-434.0,-641.0,-879.0,-1134.0,-1354,-244.0,-605.0,-387.0,-818.0,-1063.0,-1287.0
-225.0,-433.0,-639.0,-880.0,-1135.0,-1353,-225.0,-437.0,-552.0,-799.0,-1064.0,-1287.0
-226.0,-432.0,-638.0,-880.0,-1136.0,-1352,-210.0,-452.0,-506.0,-723.0,-1065.0,-1288.0
-226.0,-431.0,-637.0,-881.0,-1136.0,-1351,-191.0,-475.0,-566.0,-721.0,-1066.0,-1289.0
-227.0,-430.0,-637.0,-881.0,-1137.0,-1350,-178.0,-485.0,-791.0,-673.0,-1066.0,-1290.0
-227.0,-430.0,-636.0,-882.0,-1137.0,-1349,-171.0,-506.0,-628.0,-563.0,-1067.0,-1291.0
-227.0,-429.0,-635.0,-882.0,-1137.0,-1348,-168.0,-519.0,-642.0,-642.0,-1070.0,-1291.0
-229.0,-429.0,-634.0,-883.0,-1138.0,-1347,-165.0,-554.0,-652.0,-652.0,-1068.0,-1292.0
-227.0,-427.0,-634.0,-880.0,-1140.0,-1346,-164.0,-514.0,-674.0,-674.0,-1067.0,-1293.0
-227.0,-427.0,-631.0,-883.0,-1138.0,-1344,-163.0,-498.0,-692.0,-692.0,-1065.0,-1294.0
-227.0,-426.0,-634.0,-883.0,-1138.0,-1343,-163.0,-486.0,-714.0,-714.0,-1061.0,-1295.0
-226.0,-425.0,-634.0,-884.0,-1137.0,-1342,-162.0,-472.0,-733.0,-733.0,-1035.0,-1296.0
-226.0,-425.0,-635.0,-884.0,-1137.0,-1341,-161.0,-429.0,-750.0,-750.0,-1009.0,-1297.0
-226.0,-425.0,-636.0,-885.0,-1136.0,-1340,-160.0,-410.0,-807.0,-807.0,-1006.0,-1297.0
-225.0,-425.0,-637.0,-885.0,-1135.0,-1339,-160.0,-403.0,-880.0,-815.0,-1003.0,-1297.0
-225.0,-425.0,-638.0,-886.0,-1134.0,-1338,-159.0,-397.0,-810.0,-810.0,-730.0,-1298.0
-224.0,-423.0,-639.0,-886.0,-1133.0,-1337,-159.0,-395.0,-726.0,-860.0,-860.0,-1298.0
-224.0,-425.0,-641.0,-886.0,-1131.0,-1337,-159.0,-393.0,-715.0,-883.0,-883.0,-1298.0
-223.0,-425.0,-643.0,-886.0,-1129.0,-1336,-158.0,-392.0,-710.0,-898.0,-898.0,-1301.0
-222.0,-425.0,-645.0,-886.0,-1128.0,-1336,-158.0,-391.0,-648.0,-916.0,-916.0,-1299.0
-221.0,-425.0,-647.0,-886.0,-1126.0,-1334,-158.0,-391.0,-632.0,-941.0,-941.0,-1298.0
-220.0,-425.0,-649.0,-886.0,-1125.0,-1336,-158.0,-390.0,-624.0,-959.0,-959.0,-1295.0
-218.0,-426.0,-652.0,-886.0,-1123.0,-1336,-157.0,-389.0,-620.0,-1024.0,-979.0,-1194.0
-217.0,-427.0,-653.0,-886.0,-1121.0,-1337,-157.0,-389.0,-617.0,-949.0,-1009.0,-1193.0
-216.0,-428.0,-655.0,-886.0,-1120.0,-1338,-157.0,-388.0,-615.0,-921.0,-1023.0,-1192.0
-214.0,-429.0,-656.0,-886.0,-1119.0,-1338,-157.0,-388.0,-614.0,-914.0,-1042.0,-1094.0
-213.0,-430.0,-657.0,-886.0,-1118.0,-1339,-156.0,-387.0,-614.0,-908.0,-1054.0,-1123.0
-212.0,-431.0,-657.0,-886.0,-1117.0,-1340,-156.0,-387.0,-613.0,-872.0,-1071.0,-1133.0
-212.0,-431.0,-657.0,-886.0,-1117.0,-1341,-156.0,-387.0,-613.0,-861.0,-1169.0,-1051.0
-211.0,-431.0,-657.0,-887.0,-1117.0,-1343,-156.0,-387.0,-612.0,-855.0,-1092.0,-1155.0
-210.0,-431.0,-658.0,-886.0,-1116.0,-1344,-156.0,-387.0,-611.0,-850.0,-1104.0,-1168.0
-210.0,-432.0,-658.0,-886.0,-1116.0,-1346,-155.0,-386.0,-611.0,-848.0,-1112.0,-1181.0
-210.0,-432.0,-658.0,-886.0,-1116.0,-1347,-155.0,-386.0,-610.0,-846.0,-1126.0,-1197.0
-210.0,-432.0,-658.0,-886.0,-1116.0,-1349,-155.0,-386.0,-610.0,-845.0,-1109.0,-1211.0
-209.0,-432.0,-659.0,-886.0,-1116.0,-1350,-155.0,-386.0,-610.0,-844.0,-1106.0,-1225.0
-209.0,-432.0,-659.0,-886.0,-1116.0,-1351,-154.0,-386.0,-609.0,-843.0,-1099.0,-1236.0
-209.0,-432.0,-659.0,-886.0,-1115.0,-1351,-154.0,-386.0,-609.0,-843.0,-1093.0,-1248.0
-209.0,-432.0,-659.0,-886.0,-1115.0,-1352,-154.0,-386.0,-609.0,-842.0,-1089.0,-1256.0
-209.0,-433.0,-659.0,-886.0,-1115.0,-1352,-154.0,-386.0,-609.0,-842.0,-1087.0,-1266.0
-209.0,-433.0,-659.0,-886.0,-1115.0,-1352,-153.0,-385.0,-608.0,-841.0,-1086.0,-1275.0
-209.0,-433.0,-659.0,-886.0,-1115.0,-1352,-153.0,-385.0,-608.0,-841.0,-1085.0,-1282.0
-209.0,-433.0,-659.0,-886.0,-1115.0,-1352,-153.0,-385.0,-608.0,-840.0,-1084.0,-1288.0
-209.0,-433.0,-659.0,-886.0,-1115.0,-1352,-152.0,-384.0,-608.0,-840.0,-1084.0,-1293.0
-210.0,-433.0,-659.0,-886.0,-1113.0,-1352,-152.0,-384.0,-608.0,-839.0,-1084.0,-1297.0
-210.0,-434.0,-659.0,-886.0,-1115.0,-1353,-151.0,-384.0,-608.0,-839.0,-1084.0,-1300.0
-210.0,-434.0,-661.0,-885.0,-1115.0,-1353,-150.0,-383.0,-608.0,-839.0,-1084.0,-1303.0
-210.0,-434.0,-659.0,-885.0,-1115.0,-1353,-150.0,-383.0,-608.0,-839.0,-1083.0,-1305.0
-210.0,-434.0,-659.0,-885.0,-1115.0,-1353,-149.0,-382.0,-608.0,-839.0,-1083.0,-1306.0
-210.0,-435.0,-659.0,-885.0,-1115.0,-1353,-149.0,-382.0,-608.0,-838.0,-1083.0,-1307.0
-211.0,-434.0,-659.0,-885.0,-1115.0,-1353,-148.0,-381.0,-608.0,-838.0,-1083.0,-1307.0
-211.0,-434.0,-659.0,-885.0,-1115.0,-1353,-148.0,-381.0,-607.0,-838.0,-1083.0,-1308.0
-211.0,-434.0,-659.0,-886.0,-1116.0,-1353,-147.0,-380.0,-607.0,-838.0,-1083.0,-1308.0
-211.0,-434.0,-659.0,-886.0,-1116.0,-1353,-147.0,-379.0,-607.0,-838.0,-1083.0,-1308.0
-211.0,-434.0,-659.0,-886.0,-1116.0,-1353,-146.0,-379.0,-607.0,-838.0,-1083.0,-1309.0
-211.0,-433.0,-659.0,-886.0,-1116.0,-1353,-146.0,-378.0,-606.0,-838.0,-1083.0,-1310.0
-211.0,-433.0,-659.0,-886.0,-1116.0,-1353,-145.0,-378.0,-606.0,-838.0,-1083.0,-1309.0
-211.0,-433.0,-659.0,-886.0,-1116.0,-1353,-144.0,-377.0,-605.0,-838.0,-1083.0,-1309.0
-211.0,-433.0,-658.0,-886.0,-1116.0,-1353,-144.0,-377.0,-605.0,-838.0,-1083.0,-1308.0
-211.0,-433.0,-658.0,-886.0,-1116.0,-1353,-143.0,-376.0,-605.0,-837.0,-1084.0,-1308.0
-211.0,-433.0,-658.0,-886.0,-1116.0,-1353,-143.0,-375.0,-603.0,-837.0,-1084.0,-1307.0
-211.0,-432.0,-658.0,-886.0,-1116.0,-1353,-143.0,-375.0,-602.0,-837.0,-1084.0,-1307.0
-211.0,-432.0,-658.0,-886.0,-1116.0,-1353,-140.0,-374.0,-601.0,-837.0,-1084.0,-1306.0
-211.0,-432.0,-658.0,-886.0,-1116.0,-1353,-142.0,-374.0,-601.0,-837.0,-1084.0,-1305.0
-211.0,-432.0,-658.0,-886.0,-1116.0,-1353,-143.0,-373.0,-600.0,-837.0,-1084.0,-1304.0
-211.0,-432.0,-658.0,-886.0,-1116.0,-1353,-143.0,-373.0,-599.0,-837.0,-1084.0,-1303.0
-211.0,-432.0,-658.0,-887.0,-1116.0,-1353,-143.0,-373.0,-598.0,-836.0,-1084.0,-1303.0
-211.0,-432.0,-658.0,-886.0,-1116.0,-1352,-144.0,-374.0,-597.0,-836.0,-1084.0,-1302.0
-211.0,-432.0,-658.0,-886.0,-1117.0,-1352,-145.0,-375.0,-597.0,-836.0,-1084.0,-1301.0
-211.0,-432.0,-658.0,-886.0,-1117.0,-1352,-145.0,-375.0,-596.0,-836.0,-1084.0,-1301.0
-211.0,-432.0,-658.0,-886.0,-1117.0,-1352,-146.0,-377.0,-595.0,-836.0,-1085.0,-1301.0
-211.0,-432.0,-658.0,-886.0,-1117.0,-1352,-147.0,-378.0,-595.0,-836.0,-1085.0,-1301.0
-211.0,-432.0,-658.0,-886.0,-1117.0,-1352,-147.0,-380.0,-593.0,-836.0,-1085.0,-1301.0
-211.0,-432.0,-658.0,-886.0,-1117.0,-1352,-148.0,-381.0,-595.0,-836.0,-1085.0,-1301.0
-211.0,-432.0,-658.0,-886.0,-1117.0,-1352,-149.0,-382.0,-595.0,-836.0,-1085.0,-1301.0
-211.0,-432.0,-658.0,-886.0,-1117.0,-1352,-150.0,-384.0,-596.0,-836.0,-1085.0,-1301.0
-211.0,-432.0,-658.0,-886.0,-1117.0,-1352,-152.0,-385.0,-597.0,-836.0,-1085.0,-1301.0
-211.0,-432.0,-658.0,-886.0,-1117.0,-1351,-153.0,-387.0,-598.0,-836.0,-1085.0,-1301.0
-211.0,-432.0,-658.0,-886.0,-1117.0,-1351,-154.0,-388.0,-600.0,-836.0,-1085.0,-1302.0
-211.0,-432.0,-658.0,-886.0,-1117.0,-1351,-155.0,-389.0,-601.0,-836.0,-1086.0,-1303.0
-211.0,-432.0,-658.0,-886.0,-1117.0,-1349,-156.0,-390.0,-603.0,-836.0,-1086.0,-1304.0
-212.0,-432.0,-658.0,-886.0,-1117.0,-1351,-157.0,-392.0,-604.0,-836.0,-1086.0,-1305.0
-212.0,-432.0,-658.0,-885.0,-1117.0,-1351,-157.0,-392.0,-607.0,-837.0,-1086.0,-1305.0
-213.0,-432.0,-658.0,-885.0,-1117.0,-1351,-158.0,-394.0,-608.0,-837.0,-1086.0,-1306.0
-212.0,-432.0,-658.0,-885.0,-1117.0,-1351,-159.0,-396.0,-609.0,-838.0,-1086.0,-1307.0
-212.0,-433.0,-658.0,-885.0,-1117.0,-1352,-160.0,-398.0,-611.0,-839.0,-1087.0,-1307.0
-212.0,-433.0,-658.0,-885.0,-1117.0,-1352,-161.0,-399.0,-612.0,-841.0,-1087.0,-1308.0
-211.0,-433.0,-658.0,-885.0,-1117.0,-1352,-163.0,-403.0,-614.0,-842.0,-1087.0,-1309.0
-211.0,-433.0,-658.0,-885.0,-1117.0,-1352,-163.0,-400.0,-615.0,-843.0,-1087.0,-1309.0
-211.0,-433.0,-658.0,-884.0,-1117.0,-1352,-164.0,-399.0,-617.0,-845.0,-1087.0,-1310.0
-211.0,-433.0,-658.0,-884.0,-1117.0,-1352,-166.0,-397.0,-618.0,-846.0,-1087.0,-1311.0
-211.0,-434.0,-658.0,-884.0,-1117.0,-1352,-166.0,-396.0,-620.0,-848.0,-1087.0,-1312.0
-211.0,-434.0,-658.0,-884.0,-1117.0,-1352,-167.0,-394.0,-621.0,-850.0,-1087.0,-1313.0
-211.0,-434.0,-658.0,-884.0,-1117.0,-1352,-167.0,-392.0,-623.0,-852.0,-1087.0,-1313.0
-211.0,-434.0,-658.0,-884.0,-1117.0,-1352,-167.0,-391.0,-623.0,-853.0,-1087.0,-1314.0
-211.0,-434.0,-658.0,-884.0,-1117.0,-1352,-168.0,-390.0,-625.0,-854.0,-1087.0,-1314.0
-211.0,-434.0,-658.0,-884.0,-1117.0,-1352,-168.0,-389.0,-627.0,-855.0,-1088.0,-1315.0
-211.0,-434.0,-659.0,-884.0,-1117.0,-1352,-168.0,-388.0,-625.0,-856.0,-1088.0,-1316.0
-211.0,-434.0,-659.0,-884.0,-1117.0,-1352,-168.0,-387.0,-624.0,-857.0,-1089.0,-1315.0
-211.0,-434.0,-659.0,-884.0,-1117.0,-1352,-168.0,-387.0,-623.0,-857.0,-1090.0,-1314.0
-211.0,-435.0,-659.0,-884.0,-1117.0,-1352,-168.0,-387.0,-622.0,-859.0,-1090.0,-1313.0
-211.0,-435.0,-659.0,-884.0,-1117.0,-1352,-168.0,-387.0,-621.0,-857.0,-1091.0,-1312.0
-211.0,-435.0,-659.0,-884.0,-1117.0,-1352,-168.0,-387.0,-619.0,-857.0,-1091.0,-1311.0
-211.0,-435.0,-660.0,-884.0,-1117.0,-1352,-168.0,-387.0,-618.0,-857.0,-1092.0,-1309.0
-212.0,-435.0,-659.0,-884.0,-1117.0,-1353,-168.0,-387.0,-617.0,-856.0,-1092.0,-1307.0
-212.0,-435.0,-659.0,-884.0,-1117.0,-1353,-168.0,-387.0,-616.0,-854.0,-1092.0,-1305.0
-212.0,-435.0,-659.0,-884.0,-1117.0,-1353,-168.0,-387.0,-615.0,-852.0,-1092.0,-1303.0
-214.0,-436.0,-659.0,-884.0,-1117.0,-1353,-168.0,-387.0,-614.0,-849.0,-1094.0,-1301.0
-212.0,-436.0,-659.0,-884.0,-1117.0,-1353,-168.0,-387.0,-613.0,-846.0,-1092.0,-1299.0
-212.0,-436.0,-659.0,-884.0,-1117.0,-1353,-168.0,-387.0,-613.0,-842.0,-1092.0,-1298.0
-212.0,-436.0,-659.0,-884.0,-1117.0,-1353,-170.0,-387.0,-612.0,-840.0,-1092.0,-1296.0
-211.0,-436.0,-658.0,-883.0,-1117.0,-1353,-168.0,-387.0,-612.0,-838.0,-1092.0,-1295.0
-211.0,-436.0,-658.0,-883.0,-1117.0,-1353,-168.0,-387.0,-612.0,-836.0,-1091.0,-1294.0
-212.0,-436.0,-658.0,-883.0,-1117.0,-1353,-168.0,-387.0,-612.0,-834.0,-1091.0,-1293.0
-212.0,-436.0,-658.0,-883.0,-1117.0,-1353,-168.0,-387.0,-612.0,-833.0,-1091.0,-1292.0
-212.0,-436.0,-658.0,-883.0,-1117.0,-1353,-168.0,-387.0,-612.0,-833.0,-1089.0,-1292.0
-212.0,-436.0,-658.0,-883.0,-1117.0,-1353,-168.0,-387.0,-612.0,-832.0,-1088.0,-1292.0
-212.0,-437.0,-658.0,-883.0,-1117.0,-1354,-168.0,-387.0,-612.0,-831.0,-1087.0,-1292.0
-213.0,-438.0,-658.0,-883.0,-1117.0,-1354,-168.0,-387.0,-612.0,-831.0,-1085.0,-1290.0
-213.0,-437.0,-658.0,-883.0,-1117.0,-1353,-168.0,-387.0,-612.0,-830.0,-1083.0,-1292.0
-213.0,-437.0,-658.0,-883.0,-1117.0,-1353,-168.0,-387.0,-612.0,-829.0,-1082.0,-1292.0
-213.0,-436.0,-657.0,-883.0,-1118.0,-1353,-168.0,-387.0,-612.0,-827.0,-1080.0,-1292.0
-213.0,-436.0,-657.0,-883.0,-1118.0,-1353,-168.0,-387.0,-612.0,-829.0,-1078.0,-1292.0
-213.0,-436.0,-657.0,-884.0,-1118.0,-1353,-168.0,-387.0,-612.0,-829.0,-1077.0,-1293.0
-214.0,-436.0,-656.0,-884.0,-1118.0,-1353,-168.0,-386.0,-612.0,-830.0,-1076.0,-1293.0
-214.0,-435.0,-656.0,-885.0,-1118.0,-1353,-168.0,-386.0,-611.0,-830.0,-1076.0,-1293.0
-215.0,-435.0,-656.0,-885.0,-1118.0,-1353,-168.0,-386.0,-611.0,-830.0,-1075.0,-1294.0
-214.0,-434.0,-655.0,-885.0,-1118.0,-1353,-167.0,-386.0,-611.0,-831.0,-1074.0,-1294.0
-214.0,-434.0,-654.0,-886.0,-1119.0,-1353,-168.0,-386.0,-610.0,-831.0,-1074.0,-1295.0
-214.0,-433.0,-654.0,-886.0,-1119.0,-1353,-168.0,-386.0,-610.0,-831.0,-1074.0,-1295.0
-213.0,-433.0,-653.0,-887.0,-1119.0,-1353,-168.0,-386.0,-609.0,-831.0,-1073.0,-1295.0
-213.0,-432.0,-652.0,-887.0,-1119.0,-1353,-168.0,-386.0,-609.0,-831.0,-1073.0,-1296.0
-213.0,-431.0,-651.0,-889.0,-1120.0,-1353,-168.0,-386.0,-609.0,-831.0,-1073.0,-1296.0
-213.0,-430.0,-650.0,-890.0,-1120.0,-1352,-168.0,-386.0,-609.0,-830.0,-1073.0,-1296.0
-213.0,-429.0,-649.0,-892.0,-1120.0,-1352,-168.0,-386.0,-609.0,-830.0,-1073.0,-1297.0
-213.0,-427.0,-648.0,-895.0,-1121.0,-1352,-168.0,-386.0,-609.0,-830.0,-1073.0,-1297.0
-212.0,-426.0,-647.0,-893.0,-1121.0,-1352,-168.0,-386.0,-609.0,-830.0,-1073.0,-1297.0
-212.0,-423.0,-646.0,-892.0,-1122.0,-1351,-168.0,-386.0,-609.0,-830.0,-1073.0,-1298.0
-211.0,-422.0,-645.0,-892.0,-1122.0,-1351,-168.0,-386.0,-609.0,-830.0,-1073.0,-1297.0
-211.0,-421.0,-642.0,-892.0,-1122.0,-1350,-168.0,-386.0,-609.0,-830.0,-1073.0,-1297.0
-211.0,-420.0,-644.0,-891.0,-1122.0,-1350,-168.0,-386.0,-609.0,-830.0,-1073.0,-1297.0
-211.0,-419.0,-645.0,-891.0,-1124.0,-1349,-168.0,-386.0,-609.0,-829.0,-1073.0,-1297.0
-211.0,-417.0,-646.0,-891.0,-1122.0,-1348,-168.0,-386.0,-609.0,-829.0,-1073.0,-1296.0
-211.0,-419.0,-647.0,-890.0,-1122.0,-1347,-168.0,-387.0,-609.0,-829.0,-1072.0,-1296.0
-211.0,-420.0,-648.0,-889.0,-1122.0,-1346,-168.0,-387.0,-609.0,-829.0,-1072.0,-1296.0
-211.0,-421.0,-650.0,-888.0,-1122.0,-1344,-168.0,-387.0,-609.0,-829.0,-1071.0,-1296.0
-211.0,-422.0,-651.0,-886.0,-1121.0,-1343,-168.0,-387.0,-609.0,-828.0,-1070.0,-1296.0
-211.0,-424.0,-652.0,-885.0,-1121.0,-1341,-168.0,-387.0,-609.0,-828.0,-1070.0,-1296.0
-211.0,-426.0,-654.0,-883.0,-1120.0,-1340,-169.0,-387.0,-610.0,-828.0,-1070.0,-1296.0
-211.0,-428.0,-655.0,-881.0,-1120.0,-1339,-169.0,-387.0,-610.0,-828.0,-1069.0,-1296.0
-211.0,-430.0,-656.0,-880.0,-1119.0,-1338,-169.0,-388.0,-610.0,-826.0,-1069.0,-1296.0
-212.0,-432.0,-657.0,-878.0,-1119.0,-1335,-169.0,-388.0,-610.0,-828.0,-1069.0,-1296.0
-213.0,-434.0,-659.0,-877.0,-1119.0,-1337,-169.0,-388.0,-610.0,-828.0,-1068.0,-1296.0
-213.0,-437.0,-659.0,-876.0,-1119.0,-1338,-169.0,-388.0,-610.0,-828.0,-1068.0,-1296.0
-215.0,-439.0,-660.0,-875.0,-1119.0,-1339,-169.0,-388.0,-611.0,-828.0,-1067.0,-1296.0
-216.0,-441.0,-661.0,-875.0,-1119.0,-1339,-169.0,-388.0,-611.0,-829.0,-1067.0,-1296.0
-217.0,-443.0,-662.0,-874.0,-1119.0,-1340,-169.0,-388.0,-611.0,-829.0,-1066.0,-1296.0
-219.0,-445.0,-662.0,-874.0,-1118.0,-1342,-169.0,-389.0,-611.0,-829.0,-1065.0,-1296.0
-219.0,-446.0,-663.0,-874.0,-1118.0,-1343,-169.0,-389.0,-611.0,-829.0,-1065.0,-1296.0
-219.0,-446.0,-663.0,-874.0,-1118.0,-1345,-169.0,-389.0,-611.0,-829.0,-1064.0,-1296.0
-219.0,-447.0,-663.0,-871.0,-1117.0,-1347,-169.0,-389.0,-611.0,-830.0,-1064.0,-1296.0
-219.0,-447.0,-664.0,-873.0,-1117.0,-1348,-169.0,-389.0,-612.0,-830.0,-1064.0,-1296.0
-219.0,-448.0,-665.0,-874.0,-1117.0,-1350,-169.0,-390.0,-612.0,-830.0,-1063.0,-1296.0
-219.0,-448.0,-664.0,-875.0,-1117.0,-1352,-169.0,-390.0,-612.0,-831.0,-1063.0,-1295.0
-219.0,-448.0,-663.0,-877.0,-1117.0,-1354,-169.0,-390.0,-613.0,-832.0,-1063.0,-1295.0
-221.0,-451.0,-663.0,-882.0,-1117.0,-1355,-169.0,-390.0,-613.0,-832.0,-1063.0,-1294.0
-220.0,-449.0,-662.0,-888.0,-1117.0,-1357,-169.0,-390.0,-616.0,-835.0,-1063.0,-1294.0
-219.0,-447.0,-660.0,-905.0,-1117.0,-1358,-169.0,-391.0,-613.0,-832.0,-1062.0,-1294.0
-219.0,-444.0,-658.0,-925.0,-1117.0,-1359,-169.0,-391.0,-614.0,-833.0,-1062.0,-1293.0
-218.0,-439.0,-656.0,-942.0,-1117.0,-1361,-170.0,-391.0,-614.0,-833.0,-1062.0,-1293.0
-216.0,-432.0,-652.0,-959.0,-1117.0,-1361,-169.0,-391.0,-614.0,-834.0,-1062.0,-1293.0
-211.0,-418.0,-649.0,-985.0,-1117.0,-1362,-169.0,-391.0,-614.0,-834.0,-1063.0,-1293.0
-201.0,-404.0,-645.0,-996.0,-1115.0,-1362,-169.0,-392.0,-614.0,-834.0,-1063.0,-1293.0
-192.0,-392.0,-641.0,-1008.0,-1111.0,-1362,-169.0,-392.0,-615.0,-834.0,-1063.0,-1293.0
-181.0,-372.0,-634.0,-1023.0,-1106.0,-1363,-169.0,-392.0,-615.0,-835.0,-1063.0,-1291.0
-168.0,-354.0,-639.0,-1000.0,-1100.0,-1364,-169.0,-392.0,-615.0,-835.0,-1064.0,-1293.0
-151.0,-337.0,-644.0,-987.0,-1093.0,-1363,-169.0,-392.0,-615.0,-835.0,-1064.0,-1293.0
-138.0,-322.0,-654.0,-973.0,-1086.0,-1362,-169.0,-392.0,-615.0,-835.0,-1064.0,-1293.0
-124.0,-309.0,-662.0,-958.0,-1079.0,-1360,-169.0,-392.0,-616.0,-835.0,-1065.0,-1293.0
-111.0,-293.0,-670.0,-943.0,-1073.0,-1358,-169.0,-392.0,-616.0,-835.0,-1065.0,-1293.0
-100.0,-318.0,-679.0,-929.0,-1066.0,-1354,-169.0,-393.0,-616.0,-835.0,-1066.0,-1293.0
-83.0,-337.0,-687.0,-918.0,-1060.0,-1349,-169.0,-393.0,-616.0,-835.0,-1066.0,-1294.0
-93.0,-354.0,-695.0,-908.0,-1055.0,-1343,-169.0,-393.0,-616.0,-835.0,-1067.0,-1294.0
-108.0,-371.0,-687.0,-900.0,-1045.0,-1335,-169.0,-393.0,-617.0,-835.0,-1067.0,-1295.0
-123.0,-392.0,-682.0,-893.0,-1055.0,-1325,-169.0,-393.0,-617.0,-835.0,-1067.0,-1295.0
-141.0,-410.0,-676.0,-888.0,-1060.0,-1314,-169.0,-393.0,-617.0,-835.0,-1067.0,-1296.0
-154.0,-421.0,-673.0,-883.0,-1069.0,-1304,-169.0,-393.0,-617.0,-835.0,-1067.0,-1297.0
-174.0,-428.0,-669.0,-880.0,-1079.0,-1294,-169.0,-393.0,-617.0,-835.0,-1068.0,-1297.0
-187.0,-436.0,-665.0,-877.0,-1088.0,-1285,-169.0,-394.0,-617.0,-835.0,-1068.0,-1298.0
-200.0,-441.0,-665.0,-875.0,-1097.0,-1267,-169.0,-393.0,-618.0,-835.0,-1069.0,-1298.0
-206.0,-444.0,-665.0,-874.0,-1104.0,-1279,-169.0,-393.0,-618.0,-835.0,-1068.0,-1299.0
-211.0,-446.0,-664.0,-872.0,-1111.0,-1290,-169.0,-393.0,-618.0,-835.0,-1068.0,-1299.0
-215.0,-448.0,-664.0,-871.0,-1115.0,-1299,-168.0,-393.0,-618.0,-835.0,-1067.0,-1299.0
-218.0,-449.0,-664.0,-871.0,-1117.0,-1313,-168.0,-393.0,-618.0,-835.0,-1067.0,-1300.0
-220.0,-450.0,-664.0,-870.0,-1118.0,-1328,-167.0,-393.0,-618.0,-835.0,-1067.0,-1300.0
-222.0,-451.0,-664.0,-869.0,-1118.0,-1341,-167.0,-393.0,-618.0,-835.0,-1067.0,-1300.0
-223.0,-451.0,-664.0,-869.0,-1119.0,-1351,-167.0,-393.0,-619.0,-835.0,-1066.0,-1300.0
-224.0,-451.0,-664.0,-869.0,-1119.0,-1358,-166.0,-392.0,-618.0,-835.0,-1066.0,-1300.0
-224.0,-451.0,-664.0,-869.0,-1120.0,-1365,-165.0,-392.0,-618.0,-836.0,-1066.0,-1300.0
-225.0,-452.0,-663.0,-869.0,-1120.0,-1360,-165.0,-392.0,-618.0,-836.0,-1066.0,-1300.0
-225.0,-452.0,-663.0,-869.0,-1120.0,-1359,-165.0,-391.0,-618.0,-836.0,-1066.0,-1300.0
-225.0,-452.0,-663.0,-869.0,-1120.0,-1360,-166.0,-391.0,-618.0,-836.0,-1066.0,-1300.0
-225.0,-452.0,-663.0,-869.0,-1121.0,-1361,-167.0,-390.0,-618.0,-836.0,-1066.0,-1301.0
-225.0,-452.0,-662.0,-869.0,-1121.0,-1362,-168.0,-389.0,-618.0,-836.0,-1066.0,-1300.0
-225.0,-452.0,-662.0,-869.0,-1121.0,-1363,-169.0,-389.0,-618.0,-836.0,-1066.0,-1300.0
-225.0,-452.0,-662.0,-869.0,-1121.0,-1363,-170.0,-388.0,-617.0,-836.0,-1066.0,-1300.0
-225.0,-452.0,-662.0,-869.0,-1121.0,-1363,-170.0,-388.0,-617.0,-838.0,-1066.0,-1300.0
-225.0,-452.0,-662.0,-869.0,-1121.0,-1364,-171.0,-388.0,-616.0,-836.0,-1066.0,-1300.0
-226.0,-452.0,-662.0,-869.0,-1121.0,-1364,-172.0,-388.0,-616.0,-836.0,-1066.0,-1300.0
-226.0,-453.0,-662.0,-869.0,-1121.0,-1364,-173.0,-388.0,-615.0,-836.0,-1066.0,-1300.0
-226.0,-453.0,-662.0,-869.0,-1121.0,-1365,-173.0,-388.0,-614.0,-836.0,-1066.0,-1300.0
-226.0,-453.0,-662.0,-869.0,-1121.0,-1364,-176.0,-388.0,-614.0,-836.0,-1066.0,-1300.0
-226.0,-453.0,-663.0,-869.0,-1121.0,-1364,-173.0,-389.0,-613.0,-836.0,-1066.0,-1300.0
-226.0,-453.0,-664.0,-869.0,-1121.0,-1364,-173.0,-389.0,-612.0,-836.0,-1067.0,-1299.0
-226.0,-453.0,-663.0,-869.0,-1121.0,-1364,-172.0,-390.0,-611.0,-836.0,-1067.0,-1299.0
-226.0,-453.0,-663.0,-869.0,-1121.0,-1363,-172.0,-391.0,-611.0,-835.0,-1067.0,-1299.0
-226.0,-453.0,-662.0,-869.0,-1121.0,-1363,-171.0,-391.0,-610.0,-835.0,-1067.0,-1299.0
-226.0,-455.0,-662.0,-868.0,-1121.0,-1363,-171.0,-391.0,-610.0,-835.0,-1067.0,-1299.0
-226.0,-453.0,-662.0,-868.0,-1121.0,-1363,-171.0,-392.0,-610.0,-835.0,-1069.0,-1299.0
-226.0,-453.0,-662.0,-866.0,-1121.0,-1363,-171.0,-392.0,-610.0,-835.0,-1067.0,-1299.0
-226.0,-453.0,-662.0,-868.0,-1121.0,-1363,-171.0,-392.0,-610.0,-834.0,-1067.0,-1299.0
-227.0,-453.0,-661.0,-868.0,-1121.0,-1363,-171.0,-392.0,-611.0,-834.0,-1067.0,-1299.0
-227.0,-453.0,-661.0,-868.0,-1122.0,-1363,-170.0,-392.0,-612.0,-834.0,-1067.0,-1299.0
-228.0,-453.0,-661.0,-869.0,-1122.0,-1363,-170.0,-392.0,-613.0,-833.0,-1067.0,-1299.0
-228.0,-453.0,-660.0,-869.0,-1122.0,-1363,-170.0,-392.0,-613.0,-832.0,-1066.0,-1299.0
-228.0,-453.0,-660.0,-869.0,-1122.0,-1363,-170.0,-392.0,-614.0,-831.0,-1066.0,-1298.0
-228.0,-452.0,-660.0,-869.0,-1122.0,-1363,-170.0,-393.0,-614.0,-830.0,-1065.0,-1298.0
-228.0,-452.0,-660.0,-869.0,-1122.0,-1363,-170.0,-393.0,-615.0,-829.0,-1064.0,-1298.0
-228.0,-452.0,-659.0,-869.0,-1122.0,-1363,-169.0,-394.0,-615.0,-829.0,-1064.0,-1298.0
-228.0,-451.0,-659.0,-869.0,-1122.0,-1363,-166.0,-395.0,-616.0,-828.0,-1063.0,-1298.0
-228.0,-451.0,-659.0,-869.0,-1123.0,-1363,-161.0,-396.0,-616.0,-826.0,-1063.0,-1298.0
-228.0,-451.0,-659.0,-870.0,-1123.0,-1363,-155.0,-396.0,-616.0,-828.0,-1063.0,-1298.0
-228.0,-451.0,-659.0,-870.0,-1123.0,-1363,-151.0,-397.0,-616.0,-828.0,-1062.0,-1298.0
-228.0,-451.0,-659.0,-870.0,-1124.0,-1363,-137.0,-399.0,-616.0,-829.0,-1062.0,-1298.0
-228.0,-450.0,-658.0,-870.0,-1124.0,-1363,-147.0,-398.0,-616.0,-829.0,-1062.0,-1298.0
-229.0,-450.0,-658.0,-870.0,-1124.0,-1363,-154.0,-397.0,-616.0,-829.0,-1061.0,-1298.0
-229.0,-450.0,-658.0,-867.0,-1124.0,-1362,-161.0,-396.0,-617.0,-830.0,-1061.0,-1297.0
-229.0,-450.0,-658.0,-869.0,-1125.0,-1362,-173.0,-390.0,-618.0,-830.0,-1059.0,-1297.0
-229.0,-449.0,-657.0,-870.0,-1125.0,-1362,-190.0,-351.0,-619.0,-831.0,-1058.0,-1296.0
-229.0,-449.0,-657.0,-870.0,-1126.0,-1361,-215.0,-336.0,-620.0,-831.0,-1057.0,-1296.0
-229.0,-448.0,-656.0,-871.0,-1126.0,-1361,-222.0,-334.0,-620.0,-832.0,-1056.0,-1295.0
-229.0,-448.0,-655.0,-871.0,-1126.0,-1361,-238.0,-322.0,-621.0,-832.0,-1055.0,-1295.0
-230.0,-447.0,-654.0,-872.0,-1127.0,-1360,-252.0,-295.0,-623.0,-833.0,-1053.0,-1295.0
-230.0,-446.0,-653.0,-872.0,-1127.0,-1360,-264.0,-229.0,-621.0,-833.0,-1055.0,-1294.0
-230.0,-446.0,-651.0,-872.0,-1127.0,-1360,-276.0,-276.0,-621.0,-834.0,-1056.0,-1294.0
-230.0,-445.0,-650.0,-873.0,-1128.0,-1360,-294.0,-294.0,-620.0,-834.0,-1056.0,-1294.0
-230.0,-444.0,-648.0,-873.0,-1128.0,-1360,-305.0,-305.0,-616.0,-835.0,-1057.0,-1293.0
-230.0,-443.0,-647.0,-873.0,-1129.0,-1359,-329.0,-329.0,-606.0,-836.0,-1057.0,-1293.0
-231.0,-442.0,-645.0,-874.0,-1130.0,-1359,-356.0,-356.0,-528.0,-837.0,-1058.0,-1292.0
-231.0,-441.0,-644.0,-874.0,-1131.0,-1359,-373.0,-373.0,-436.0,-837.0,-1059.0,-1291.0
-232.0,-440.0,-643.0,-875.0,-1132.0,-1358,-394.0,-394.0,-603.0,-838.0,-1059.0,-1290.0
-232.0,-438.0,-642.0,-876.0,-1133.0,-1358,-409.0,-409.0,-598.0,-838.0,-1060.0,-1289.0
-232.0,-437.0,-640.0,-876.0,-1134.0,-1357,-427.0,-427.0,-564.0,-840.0,-1061.0,-1288.0
-233.0,-436.0,-639.0,-877.0,-1134.0,-1356,-441.0,-441.0,-586.0,-838.0,-1062.0,-1287.0
-233.0,-435.0,-638.0,-878.0,-1135.0,-1356,-457.0,-457.0,-576.0,-838.0,-1063.0,-1286.0
-235.0,-434.0,-637.0,-878.0,-1136.0,-1355,-473.0,-473.0,-521.0,-837.0,-1063.0,-1286.0
-233.0,-433.0,-636.0,-879.0,-1137.0,-1354,-563.0,-563.0,-563.0,-830.0,-1064.0,-1284.0
-233.0,-432.0,-635.0,-880.0,-1138.0,-1353,-589.0,-589.0,-589.0,-754.0,-1065.0,-1286.0
-232.0,-430.0,-634.0,-882.0,-1138.0,-1352,-602.0,-602.0,-602.0,-697.0,-1066.0,-1286.0
-232.0,-429.0,-634.0,-883.0,-1138.0,-1352,-620.0,-620.0,-620.0,-584.0,-1067.0,-1287.0
-232.0,-428.0,-633.0,-884.0,-1139.0,-1351,-636.0,-636.0,-636.0,-636.0,-1068.0,-1287.0
-231.0,-427.0,-630.0,-885.0,-1139.0,-1350,-657.0,-657.0,-657.0,-657.0,-1068.0,-1288.0
-230.0,-426.0,-633.0,-886.0,-1140.0,-1349,-677.0,-677.0,-677.0,-677.0,-1068.0,-1289.0
-229.0,-425.0,-633.0,-886.0,-1141.0,-1348,-693.0,-693.0,-693.0,-693.0,-1071.0,-1290.0
-228.0,-424.0,-634.0,-887.0,-1140.0,-1347,-707.0,-707.0,-707.0,-707.0,-1069.0,-1291.0
-227.0,-423.0,-635.0,-887.0,-1139.0,-1346,-732.0,-732.0,-732.0,-732.0,-1068.0,-1292.0
-226.0,-421.0,-637.0,-887.0,-1139.0,-1344,-743.0,-743.0,-743.0,-743.0,-1067.0,-1293.0
-224.0,-423.0,-639.0,-887.0,-1138.0,-1343,-757.0,-757.0,-757.0,-757.0,-1063.0,-1294.0
-222.0,-424.0,-641.0,-888.0,-1137.0,-1342,-779.0,-779.0,-779.0,-779.0,-1049.0,-1295.0
-221.0,-424.0,-642.0,-888.0,-1136.0,-1341,-855.0,-855.0,-855.0,-811.0,-935.0,-1296.0
-220.0,-425.0,-644.0,-888.0,-1134.0,-1339,-770.0,-770.0,-770.0,-663.0,-1007.0,-1297.0
-218.0,-426.0,-646.0,-888.0,-1133.0,-1338,-860.0,-860.0,-860.0,-860.0,-1016.0,-1297.0
-217.0,-426.0,-648.0,-888.0,-1131.0,-1337,-879.0,-879.0,-879.0,-879.0,-1001.0,-1298.0
-215.0,-427.0,-649.0,-888.0,-1129.0,-1335,-895.0,-895.0,-895.0,-895.0,-859.0,-1299.0
-214.0,-428.0,-651.0,-889.0,-1127.0,-1334,-906.0,-906.0,-906.0,-906.0,-906.0,-1299.0
-213.0,-429.0,-652.0,-889.0,-1126.0,-1333,-924.0,-924.0,-924.0,-924.0,-924.0,-1300.0
-212.0,-429.0,-654.0,-889.0,-1124.0,-1332,-939.0,-939.0,-939.0,-939.0,-939.0,-1301.0
-212.0,-430.0,-655.0,-889.0,-1123.0,-1330,-955.0,-955.0,-955.0,-955.0,-955.0,-1303.0
-212.0,-430.0,-656.0,-889.0,-1121.0,-1332,-977.0,-977.0,-977.0,-977.0,-977.0,-1301.0
-211.0,-431.0,-657.0,-889.0,-1120.0,-1333,-985.0,-985.0,-985.0,-985.0,-985.0,-1301.0
-211.0,-432.0,-658.0,-889.0,-1119.0,-1333,-1014.0,-1014.0,-1014.0,-1014.0,-1014.0,-1300.0
-211.0,-432.0,-658.0,-889.0,-1118.0,-1334,-1027.0,-1027.0,-1027.0,-1027.0,-1027.0,-1297.0
-210.0,-433.0,-659.0,-891.0,-1118.0,-1335,-1041.0,-1041.0,-1041.0,-1041.0,-1041.0,-1177.0
-210.0,-433.0,-659.0,-889.0,-1117.0,-1336,-1056.0,-1056.0,-1056.0,-1056.0,-1056.0,-1104.0
-210.0,-434.0,-660.0,-889.0,-1117.0,-1338,-1065.0,-1065.0,-1065.0,-1065.0,-1065.0,-1128.0
-210.0,-434.0,-660.0,-889.0,-1116.0,-1339,-1077.0,-1077.0,-1077.0,-1077.0,-1077.0,-1138.0
-210.0,-434.0,-660.0,-889.0,-1116.0,-1340,-1149.0,-1149.0,-1149.0,-1149.0,-1149.0,-1149.0
-210.0,-435.0,-660.0,-889.0,-1116.0,-1342,-1161.0,-1161.0,-1161.0,-1161.0,-1161.0,-1161.0
-210.0,-435.0,-660.0,-889.0,-1116.0,-1343,-1172.0,-1172.0,-1172.0,-1172.0,-1172.0,-1172.0
-210.0,-435.0,-661.0,-889.0,-1115.0,-1344,-1184.0,-1184.0,-1184.0,-1184.0,-1184.0,-1184.0
-210.0,-435.0,-661.0,-889.0,-1115.0,-1345,-1198.0,-1198.0,-1198.0,-1198.0,-1198.0,-1198.0
-210.0,-435.0,-661.0,-888.0,-1115.0,-1346,-1209.0,-1209.0,-1209.0,-1209.0,-1209.0,-1209.0
-209.0,-436.0,-661.0,-888.0,-1115.0,-1347,-1219.0,-1219.0,-1219.0,-1219.0,-1219.0,-1219.0
-209.0,-435.0,-661.0,-888.0,-1115.0,-1348,-1229.0,-1229.0,-1229.0,-1229.0,-1229.0,-1229.0
-210.0,-435.0,-662.0,-888.0,-1115.0,-1349,-1235.0,-1235.0,-1235.0,-1235.0,-1235.0,-1235.0
-210.0,-435.0,-661.0,-888.0,-1115.0,-1350,-1251.0,-1251.0,-1251.0,-1251.0,-1251.0,-1251.0
-210.0,-435.0,-661.0,-888.0,-1115.0,-1350,-1260.0,-1260.0,-1260.0,-1260.0,-1260.0,-1260.0
-211.0,-435.0,-661.0,-888.0,-1115.0,-1351,-1267.0,-1267.0,-1267.0,-1267.0,-1267.0,-1267.0
-210.0,-434.0,-661.0,-889.0,-1115.0,-1351,-1275.0,-1275.0,-1275.0,-1275.0,-1275.0,-1275.0
-210.0,-434.0,-661.0,-889.0,-1115.0,-1351,-1283.0,-1283.0,-1283.0,-1283.0,-1283.0,-1283.0
-210.0,-434.0,-660.0,-890.0,-1115.0,-1351,-1288.0,-1288.0,-1288.0,-1288.0,-1288.0,-1288.0
-210.0,-434.0,-660.0,-890.0,-1115.0,-1351,-1292.0,-1292.0,-1292.0,-1292.0,-1292.0,-1292.0
-209.0,-433.0,-660.0,-891.0,-1115.0,-1351,-1295.0,-1295.0,-1295.0,-1295.0,-1295.0,-1295.0
-209.0,-432.0,-660.0,-891.0,-1115.0,-1351,-1298.0,-1298.0,-1298.0,-1298.0,-1298.0,-1298.0
-209.0,-431.0,-659.0,-892.0,-1115.0,-1351,-1301.0,-1301.0,-1301.0,-1301.0,-1301.0,-1301.0
-209.0,-431.0,-659.0,-893.0,-1115.0,-1351,-1303.0,-1303.0,-1303.0,-1303.0,-1303.0,-1303.0
-208.0,-430.0,-659.0,-894.0,-1115.0,-1351,-1305.0,-1305.0,-1305.0,-1305.0,-1305.0,-1305.0
-207.0,-429.0,-659.0,-894.0,-1115.0,-1351,-1307.0,-1307.0,-1307.0,-1307.0,-1307.0,-1307.0
-207.0,-428.0,-659.0,-895.0,-1115.0,-1351,-1308.0,-1308.0,-1308.0,-1308.0,-1308.0,-1308.0
-206.0,-427.0,-659.0,-896.0,-1115.0,-1351,-158.0,-379.0,-603.0,-833.0,-1063.0,-1309.0
-205.0,-427.0,-659.0,-897.0,-1114.0,-1351,-158.0,-379.0,-603.0,-833.0,-1063.0,-1309.0
-204.0,-426.0,-659.0,-898.0,-1114.0,-1351,-158.0,-379.0,-603.0,-833.0,-1063.0,-1310.0
-204.0,-425.0,-659.0,-898.0,-1114.0,-1351,-158.0,-379.0,-603.0,-833.0,-1063.0,-1310.0
-203.0,-425.0,-659.0,-899.0,-1114.0,-1351,-158.0,-379.0,-603.0,-833.0,-1063.0,-1311.0
-202.0,-424.0,-659.0,-900.0,-1113.0,-1351,-158.0,-379.0,-603.0,-833.0,-1063.0,-1310.0
-202.0,-423.0,-659.0,-900.0,-1113.0,-1351,-158.0,-379.0,-603.0,-833.0,-1063.0,-1310.0
-201.0,-422.0,-659.0,-901.0,-1112.0,-1351,-158.0,-379.0,-603.0,-833.0,-1063.0,-1309.0
-200.0,-422.0,-659.0,-902.0,-1112.0,-1351,-158.0,-379.0,-603.0,-833.0,-1063.0,-1308.0
-200.0,-422.0,-659.0,-902.0,-1112.0,-1351,-158.0,-379.0,-603.0,-833.0,-1063.0,-1307.0
-200.0,-421.0,-659.0,-902.0,-1111.0,-1350,-158.0,-379.0,-603.0,-833.0,-1063.0,-1306.0
-199.0,-420.0,-658.0,-902.0,-1111.0,-1350,-158.0,-379.0,-603.0,-833.0,-1063.0,-1305.0
-199.0,-420.0,-658.0,-903.0,-1111.0,-1350,-158.0,-379.0,-603.0,-833.0,-1063.0,-1303.0
-199.0,-420.0,-658.0,-905.0,-1111.0,-1349,-158.0,-379.0,-603.0,-833.0,-1063.0,-1303.0
-199.0,-419.0,-658.0,-903.0,-1111.0,-1349,-158.0,-379.0,-603.0,-833.0,-1063.0,-1302.0
-199.0,-419.0,-658.0,-903.0,-1110.0,-1349,-158.0,-379.0,-603.0,-833.0,-1063.0,-1302.0
-199.0,-419.0,-658.0,-902.0,-1110.0,-1348,-158.0,-379.0,-603.0,-833.0,-1063.0,-1302.0
-199.0,-419.0,-657.0,-902.0,-1108.0,-1348,-158.0,-379.0,-603.0,-833.0,-1063.0,-1302.0
-207.0,-430.0,-656.0,-884.0,-1110.0,-1347,-158.0,-379.0,-603.0,-833.0,-1063.0,-1301.0
-207.0,-430.0,-656.0,-884.0,-1110.0,-1347,-158.0,-379.0,-603.0,-833.0,-1063.0,-1301.0
-207.0,-430.0,-656.0,-884.0,-1111.0,-1346,-158.0,-379.0,-603.0,-833.0,-1063.0,-1296.0
-207.0,-430.0,-656.0,-884.0,-1111.0,-1346,-158.0,-379.0,-603.0,-833.0,-1063.0,-1296.0
-207.0,-430.0,-656.0,-884.0,-1111.0,-1345,-158.0,-379.0,-603.0,-833.0,-1063.0,-1296.0
-207.0,-430.0,-656.0,-884.0,-1112.0,-1345,-158.0,-379.0,-603.0,-833.0,-1063.0,-1296.0
-207.0,-430.0,-656.0,-884.0,-1112.0,-1345,-158.0,-379.0,-603.0,-833.0,-1063.0,-1296.0
-207.0,-430.0,-656.0,-884.0,-1112.0,-1344,-158.0,-379.0,-603.0,-833.0,-1063.0,-1296.0
-207.0,-430.0,-656.0,-884.0,-1118.0,-1344,-158.0,-379.0,-603.0,-833.0,-1063.0,-1296.0
-207.0,-430.0,-656.0,-884.0,-1118.0,-1344,-158.0,-379.0,-603.0,-833.0,-1063.0,-1296.0
-207.0,-430.0,-656.0,-884.0,-1118.0,-1343,-158.0,-379.0,-603.0,-833.0,-1063.0,-1296.0
-207.0,-430.0,-656.0,-884.0,-1118.0,-1343,-158.0,-379.0,-603.0,-833.0,-1063.0,-1296.0
-207.0,-430.0,-656.0,-884.0,-1118.0,-1343,-158.0,-379.0,-603.0,-833.0,-1063.0,-1296.0
-207.0,-430.0,-656.0,-884.0,-1118.0,-1343,-158.0,-379.0,-603.0,-833.0,-1063.0,-1296.0
-207.0,-430.0,-656.0,-884.0,-1118.0,-1343,-158.0,-379.0,-603.0,-833.0,-1063.0,-1296.0
-207.0,-430.0,-656.0,-884.0,-1118.0,-1343,-158.0,-379.0,-603.0,-833.0,-1063.0,-1296.0
-207.0,-430.0,-656.0,-884.0,-1118.0,-1343,-158.0,-379.0,-603.0,-833.0,-1063.0,-1296.0
-207.0,-430.0,-656.0,-884.0,-1118.0,-1343,-158.0,-379.0,-603.0,-833.0,-1063.0,-1296.0
-207.0,-430.0,-656.0,-884.0,-1118.0,-1343,-158.0,-379.0,-603.0,-833.0,-1063.0,-1296.0
-207.0,-430.0,-656.0,-884.0,-1118.0,-1343,-158.0,-379.0,-603.0,-833.0,-1063.0,-1296.0
