I,II,III,aVR,aVL,aVF,V1,V2,V3,V4,V5,V6
-1120.0,-1120.0,-1120.0,-1120.0,-1120.0,-1356,-145.0,-373.0,-1052.0,-1052.0,-1258.0,-1305.0
-1120.0,-1120.0,-1120.0,-1120.0,-1120.0,-1356,-145.0,-373.0,-1047.0,-1047.0,-1259.0,-1305.0
-1120.0,-1120.0,-1120.0,-1120.0,-1120.0,-1354,-144.0,-374.0,-1043.0,-1043.0,-1259.0,-1305.0
-1120.0,-1120.0,-1120.0,-1120.0,-1120.0,-1356,-144.0,-374.0,-1040.0,-1040.0,-1262.0,-1305.0
-1120.0,-1120.0,-1120.0,-1120.0,-1120.0,-1356,-144.0,-374.0,-1032.0,-1032.0,-1280.0,-1305.0
-1120.0,-1120.0,-1120.0,-1120.0,-1120.0,-1355,-143.0,-374.0,-1026.0,-1026.0,-1286.0,-1306.0
-1120.0,-1120.0,-1120.0,-1120.0,-1120.0,-1355,-141.0,-375.0,-768.0,-1024.0,-1290.0,-1306.0
-1120.0,-1120.0,-1120.0,-1120.0,-1120.0,-1354,-143.0,-375.0,-770.0,-770.0,-1308.0,-1307.0
-1121.0,-1121.0,-1121.0,-1121.0,-1121.0,-1355,-144.0,-376.0,-772.0,-772.0,-1315.0,-1308.0
-1121.0,-1121.0,-1121.0,-1121.0,-1121.0,-1355,-144.0,-376.0,-776.0,-776.0,-1318.0,-1308.0
-1122.0,-1122.0,-1122.0,-1122.0,-1121.0,-1355,-144.0,-377.0,-781.0,-781.0,-1328.0,-1308.0
-1121.0,-1121.0,-1121.0,-1121.0,-1121.0,-1356,-145.0,-378.0,-784.0,-784.0,-1320.0,-1306.0
-1121.0,-1121.0,-1121.0,-1121.0,-1121.0,-1356,-145.0,-379.0,-788.0,-788.0,-1318.0,-1303.0
-1121.0,-1121.0,-1121.0,-1121.0,-1121.0,-1356,-146.0,-380.0,-789.0,-789.0,-1315.0,-1297.0
-883.0,-883.0,-883.0,-883.0,-1121.0,-1356,-147.0,-381.0,-791.0,-791.0,-1079.0,-1290.0
-883.0,-883.0,-883.0,-883.0,-1121.0,-1356,-147.0,-382.0,-792.0,-791.0,-1083.0,-1270.0
-883.0,-883.0,-883.0,-883.0,-1121.0,-1356,-148.0,-383.0,-791.0,-791.0,-1085.0,-1267.0
-883.0,-883.0,-883.0,-883.0,-1121.0,-1356,-149.0,-385.0,-791.0,-791.0,-1085.0,-1264.0
-883.0,-883.0,-883.0,-883.0,-1121.0,-1356,-150.0,-386.0,-787.0,-787.0,-1083.0,-1260.0
-883.0,-883.0,-883.0,-883.0,-1121.0,-1356,-151.0,-386.0,-782.0,-774.0,-1079.0,-1258.0
-883.0,-883.0,-883.0,-883.0,-1121.0,-1356,-152.0,-387.0,-778.0,-848.0,-1075.0,-1259.0
-883.0,-883.0,-883.0,-883.0,-1121.0,-1356,-153.0,-387.0,-862.0,-847.0,-1072.0,-1259.0
-883.0,-883.0,-883.0,-883.0,-1121.0,-1356,-154.0,-387.0,-846.0,-846.0,-1070.0,-1262.0
-883.0,-883.0,-883.0,-883.0,-1121.0,-1356,-155.0,-388.0,-846.0,-846.0,-1069.0,-1280.0
-882.0,-882.0,-882.0,-882.0,-1121.0,-1356,-155.0,-388.0,-844.0,-844.0,-1068.0,-1286.0
-882.0,-882.0,-882.0,-882.0,-1121.0,-1356,-156.0,-388.0,-841.0,-841.0,-1068.0,-1290.0
-882.0,-882.0,-882.0,-882.0,-1121.0,-1356,-156.0,-388.0,-839.0,-839.0,-1067.0,-1308.0
-882.0,-882.0,-882.0,-882.0,-1121.0,-1356,-156.0,-388.0,-836.0,-836.0,-1067.0,-1315.0
-882.0,-882.0,-882.0,-882.0,-1121.0,-1357,-157.0,-388.0,-833.0,-833.0,-1067.0,-1318.0
-882.0,-882.0,-882.0,-882.0,-1121.0,-1357,-157.0,-389.0,-832.0,-832.0,-1067.0,-1320.0
-882.0,-882.0,-882.0,-882.0,-1121.0,-1357,-158.0,-389.0,-830.0,-830.0,-1066.0,-1320.0
-882.0,-882.0,-882.0,-882.0,-1121.0,-1357,-158.0,-389.0,-830.0,-830.0,-1066.0,-1318.0
-882.0,-882.0,-882.0,-882.0,-1121.0,-1357,-159.0,-389.0,-829.0,-829.0,-1066.0,-1315.0
-649.0,-649.0,-649.0,-882.0,-1121.0,-1357,-159.0,-389.0,-829.0,-829.0,-1065.0,-1313.0
-650.0,-650.0,-650.0,-882.0,-1121.0,-1357,-159.0,-389.0,-828.0,-828.0,-1065.0,-1311.0
-650.0,-650.0,-650.0,-882.0,-1121.0,-1357,-159.0,-159.0,-828.0,-828.0,-1065.0,-1309.0
-650.0,-650.0,-650.0,-882.0,-1121.0,-1357,-158.0,-158.0,-828.0,-828.0,-1065.0,-1309.0
-650.0,-650.0,-650.0,-882.0,-1121.0,-1357,-157.0,-157.0,-828.0,-828.0,-1065.0,-1308.0
-650.0,-650.0,-650.0,-882.0,-1121.0,-1357,-154.0,-154.0,-827.0,-827.0,-1065.0,-1307.0
-650.0,-650.0,-650.0,-880.0,-1122.0,-1357,-151.0,-151.0,-827.0,-827.0,-1064.0,-1307.0
-651.0,-651.0,-650.0,-882.0,-1122.0,-1357,-148.0,-148.0,-827.0,-827.0,-1064.0,-1306.0
-650.0,-650.0,-650.0,-882.0,-1122.0,-1357,-146.0,-146.0,-827.0,-827.0,-1064.0,-1306.0
-650.0,-650.0,-650.0,-882.0,-1122.0,-1357,-143.0,-143.0,-827.0,-827.0,-1064.0,-1305.0
-650.0,-650.0,-650.0,-882.0,-1122.0,-1357,-138.0,-138.0,-826.0,-826.0,-1064.0,-1305.0
-650.0,-650.0,-650.0,-882.0,-1122.0,-1356,-135.0,-135.0,-826.0,-826.0,-1064.0,-1305.0
-650.0,-650.0,-650.0,-882.0,-1122.0,-1356,-127.0,-127.0,-826.0,-826.0,-1064.0,-1304.0
-650.0,-650.0,-650.0,-882.0,-1122.0,-1355,-134.0,-134.0,-826.0,-826.0,-1064.0,-1304.0
-650.0,-650.0,-650.0,-882.0,-1122.0,-1355,-137.0,-137.0,-826.0,-826.0,-1064.0,-1302.0
-420.0,-420.0,-651.0,-882.0,-1122.0,-1354,-140.0,-140.0,-825.0,-825.0,-1063.0,-1304.0
-422.0,-421.0,-651.0,-882.0,-1122.0,-1353,-149.0,-149.0,-825.0,-825.0,-1063.0,-1304.0
-420.0,-418.0,-651.0,-882.0,-1122.0,-1352,-192.0,-192.0,-825.0,-825.0,-1063.0,-1304.0
-420.0,-420.0,-651.0,-882.0,-1122.0,-1351,-212.0,-212.0,-824.0,-824.0,-1063.0,-1305.0
-421.0,-421.0,-651.0,-882.0,-1122.0,-1351,-221.0,-414.0,-824.0,-824.0,-1063.0,-1305.0
-421.0,-421.0,-651.0,-882.0,-1122.0,-1348,-226.0,-419.0,-823.0,-823.0,-1062.0,-1305.0
-421.0,-421.0,-651.0,-882.0,-1121.0,-1350,-270.0,-417.0,-822.0,-822.0,-1061.0,-1305.0
-421.0,-421.0,-651.0,-882.0,-1121.0,-1351,-430.0,-415.0,-822.0,-822.0,-1061.0,-1305.0
-422.0,-421.0,-651.0,-883.0,-1121.0,-1351,-413.0,-413.0,-821.0,-821.0,-1060.0,-1305.0
-421.0,-421.0,-651.0,-883.0,-1121.0,-1351,-405.0,-405.0,-820.0,-820.0,-1060.0,-1305.0
-421.0,-421.0,-652.0,-883.0,-1120.0,-1351,-400.0,-400.0,-820.0,-820.0,-1059.0,-1304.0
-421.0,-421.0,-652.0,-883.0,-1120.0,-1351,-177.0,-397.0,-819.0,-819.0,-1059.0,-1304.0
-421.0,-421.0,-652.0,-884.0,-1120.0,-1351,-175.0,-394.0,-818.0,-818.0,-1058.0,-1303.0
-421.0,-421.0,-652.0,-884.0,-1120.0,-1351,-171.0,-392.0,-817.0,-817.0,-1057.0,-1302.0
-194.0,-421.0,-652.0,-884.0,-1119.0,-1351,-167.0,-391.0,-816.0,-816.0,-1057.0,-1302.0
-194.0,-421.0,-652.0,-885.0,-1119.0,-1351,-164.0,-389.0,-815.0,-815.0,-1056.0,-1302.0
-194.0,-421.0,-652.0,-885.0,-1118.0,-1348,-161.0,-388.0,-813.0,-813.0,-1055.0,-1302.0
-195.0,-422.0,-652.0,-886.0,-1118.0,-1351,-158.0,-388.0,-811.0,-811.0,-1054.0,-1301.0
-195.0,-422.0,-652.0,-887.0,-1117.0,-1352,-155.0,-387.0,-810.0,-810.0,-1053.0,-1301.0
-195.0,-422.0,-652.0,-887.0,-1117.0,-1353,-154.0,-386.0,-808.0,-808.0,-1052.0,-1299.0
-195.0,-422.0,-652.0,-888.0,-1116.0,-1355,-153.0,-386.0,-806.0,-806.0,-1051.0,-1301.0
-195.0,-423.0,-652.0,-889.0,-1115.0,-1356,-152.0,-385.0,-804.0,-804.0,-1049.0,-1301.0
-196.0,-423.0,-652.0,-890.0,-1115.0,-1358,-152.0,-385.0,-802.0,-802.0,-1047.0,-1301.0
-196.0,-423.0,-652.0,-891.0,-1115.0,-1358,-152.0,-384.0,-800.0,-800.0,-1046.0,-1302.0
-196.0,-423.0,-652.0,-891.0,-1112.0,-1359,-151.0,-384.0,-798.0,-798.0,-1045.0,-1302.0
-196.0,-424.0,-651.0,-892.0,-1115.0,-1359,-151.0,-383.0,-796.0,-796.0,-1044.0,-1302.0
-196.0,-424.0,-651.0,-893.0,-1115.0,-1360,-151.0,-382.0,-794.0,-794.0,-1042.0,-1301.0
-196.0,-424.0,-651.0,-893.0,-1116.0,-1360,-151.0,-382.0,-793.0,-793.0,-1041.0,-1301.0
-196.0,-424.0,-650.0,-893.0,-1117.0,-1360,-151.0,-382.0,-790.0,-790.0,-1040.0,-1301.0
-196.0,-424.0,-649.0,-893.0,-1118.0,-1361,-150.0,-381.0,-788.0,-788.0,-1040.0,-1301.0
-196.0,-424.0,-649.0,-893.0,-1119.0,-1361,-150.0,-381.0,-785.0,-785.0,-1039.0,-1300.0
-196.0,-424.0,-648.0,-892.0,-1120.0,-1361,-150.0,-381.0,-784.0,-784.0,-1038.0,-1300.0
-196.0,-424.0,-647.0,-892.0,-1120.0,-1361,-150.0,-381.0,-782.0,-782.0,-1038.0,-1300.0
-196.0,-424.0,-647.0,-891.0,-1120.0,-1361,-150.0,-380.0,-779.0,-779.0,-1037.0,-1299.0
-196.0,-424.0,-647.0,-891.0,-1120.0,-1362,-150.0,-379.0,-777.0,-777.0,-1037.0,-1299.0
-196.0,-424.0,-646.0,-890.0,-1120.0,-1363,-150.0,-379.0,-774.0,-774.0,-1037.0,-1299.0
-196.0,-424.0,-644.0,-889.0,-1121.0,-1364,-150.0,-378.0,-772.0,-772.0,-1036.0,-1298.0
-196.0,-424.0,-646.0,-889.0,-1121.0,-1365,-149.0,-378.0,-771.0,-771.0,-1033.0,-1298.0
-196.0,-424.0,-647.0,-888.0,-1121.0,-1365,-149.0,-377.0,-771.0,-771.0,-1036.0,-1297.0
-196.0,-424.0,-647.0,-887.0,-1121.0,-1366,-149.0,-376.0,-770.0,-770.0,-1037.0,-1297.0
-196.0,-423.0,-648.0,-887.0,-1121.0,-1367,-149.0,-375.0,-770.0,-770.0,-1038.0,-1297.0
-197.0,-423.0,-648.0,-886.0,-1121.0,-1367,-149.0,-374.0,-769.0,-769.0,-1039.0,-1296.0
-197.0,-423.0,-649.0,-885.0,-1121.0,-1368,-149.0,-372.0,-769.0,-769.0,-1040.0,-1296.0
-197.0,-422.0,-649.0,-885.0,-1121.0,-1368,-148.0,-371.0,-768.0,-766.0,-1042.0,-1296.0
-197.0,-422.0,-649.0,-884.0,-1121.0,-1367,-148.0,-370.0,-768.0,-768.0,-1044.0,-1296.0
-197.0,-421.0,-649.0,-883.0,-1121.0,-1367,-148.0,-369.0,-769.0,-769.0,-1046.0,-1295.0
-197.0,-421.0,-649.0,-883.0,-1121.0,-1367,-148.0,-368.0,-773.0,-770.0,-1048.0,-1295.0
-197.0,-420.0,-650.0,-882.0,-1121.0,-1366,-147.0,-366.0,-538.0,-772.0,-1049.0,-1295.0
-197.0,-419.0,-651.0,-882.0,-1121.0,-1366,-147.0,-364.0,-538.0,-775.0,-1051.0,-1295.0
-197.0,-418.0,-651.0,-881.0,-1121.0,-1366,-147.0,-362.0,-538.0,-780.0,-1053.0,-1294.0
-197.0,-418.0,-652.0,-880.0,-1122.0,-1366,-147.0,-360.0,-538.0,-785.0,-1055.0,-1294.0
-197.0,-417.0,-653.0,-880.0,-1122.0,-1365,-147.0,-358.0,-539.0,-789.0,-1057.0,-1292.0
-197.0,-416.0,-654.0,-880.0,-1122.0,-1365,-146.0,-356.0,-541.0,-793.0,-1059.0,-1294.0
-197.0,-416.0,-655.0,-879.0,-1122.0,-1365,-146.0,-353.0,-544.0,-797.0,-1060.0,-1294.0
-197.0,-415.0,-656.0,-879.0,-1123.0,-1364,-145.0,-351.0,-547.0,-801.0,-1062.0,-1294.0
-197.0,-415.0,-657.0,-879.0,-1123.0,-1363,-145.0,-349.0,-551.0,-805.0,-1063.0,-1295.0
-197.0,-414.0,-657.0,-879.0,-1122.0,-1362,-145.0,-346.0,-557.0,-810.0,-1064.0,-1296.0
-197.0,-414.0,-658.0,-879.0,-1121.0,-1362,-144.0,-342.0,-564.0,-814.0,-1065.0,-1297.0
-197.0,-414.0,-658.0,-879.0,-1119.0,-1361,-144.0,-339.0,-569.0,-818.0,-1066.0,-1297.0
-197.0,-413.0,-658.0,-879.0,-1117.0,-1360,-143.0,-337.0,-574.0,-822.0,-1066.0,-1298.0
-197.0,-413.0,-657.0,-877.0,-1114.0,-1360,-142.0,-334.0,-580.0,-825.0,-1067.0,-1299.0
-196.0,-413.0,-657.0,-879.0,-1110.0,-1358,-142.0,-330.0,-585.0,-828.0,-1067.0,-1300.0
-196.0,-412.0,-656.0,-879.0,-1106.0,-1357,-141.0,-327.0,-588.0,-829.0,-1067.0,-1300.0
-196.0,-410.0,-656.0,-879.0,-1102.0,-1354,-140.0,-323.0,-592.0,-831.0,-1068.0,-1301.0
-196.0,-412.0,-653.0,-879.0,-1099.0,-1351,-139.0,-320.0,-595.0,-832.0,-1068.0,-1301.0
-196.0,-413.0,-656.0,-879.0,-1095.0,-1348,-138.0,-316.0,-600.0,-833.0,-1068.0,-1301.0
-196.0,-415.0,-656.0,-879.0,-1089.0,-1343,-137.0,-312.0,-603.0,-834.0,-1068.0,-1302.0
-195.0,-416.0,-657.0,-879.0,-1093.0,-1339,-136.0,-308.0,-605.0,-834.0,-1068.0,-1302.0
-195.0,-418.0,-658.0,-879.0,-1096.0,-1335,-135.0,-305.0,-607.0,-834.0,-1068.0,-1302.0
-194.0,-419.0,-658.0,-880.0,-1099.0,-1333,-134.0,-303.0,-609.0,-835.0,-1069.0,-1302.0
-194.0,-420.0,-659.0,-880.0,-1102.0,-1324,-134.0,-301.0,-611.0,-835.0,-1069.0,-1302.0
-193.0,-422.0,-659.0,-882.0,-1107.0,-1348,-133.0,-300.0,-612.0,-835.0,-1069.0,-1303.0
-192.0,-422.0,-659.0,-885.0,-1112.0,-1356,-132.0,-299.0,-613.0,-835.0,-1069.0,-1303.0
-191.0,-423.0,-659.0,-892.0,-1116.0,-1359,-132.0,-296.0,-614.0,-836.0,-1069.0,-1303.0
-191.0,-423.0,-659.0,-909.0,-1118.0,-1368,-132.0,-299.0,-614.0,-836.0,-1069.0,-1303.0
-190.0,-424.0,-659.0,-917.0,-1120.0,-1385,-132.0,-300.0,-615.0,-836.0,-1069.0,-1304.0
-189.0,-424.0,-659.0,-921.0,-1122.0,-1390,-131.0,-302.0,-615.0,-836.0,-1069.0,-1304.0
-189.0,-425.0,-659.0,-928.0,-1122.0,-1384,-129.0,-304.0,-615.0,-837.0,-1069.0,-1304.0
-188.0,-426.0,-659.0,-950.0,-1122.0,-1381,-131.0,-308.0,-615.0,-837.0,-1069.0,-1304.0
-186.0,-426.0,-659.0,-940.0,-1122.0,-1378,-131.0,-312.0,-616.0,-837.0,-1069.0,-1304.0
-188.0,-427.0,-659.0,-934.0,-1122.0,-1375,-132.0,-317.0,-616.0,-837.0,-1069.0,-1304.0
-188.0,-428.0,-659.0,-928.0,-1122.0,-1373,-133.0,-321.0,-616.0,-837.0,-1070.0,-1304.0
-189.0,-429.0,-658.0,-921.0,-1122.0,-1370,-133.0,-326.0,-616.0,-837.0,-1070.0,-1304.0
-189.0,-430.0,-658.0,-913.0,-1122.0,-1368,-134.0,-332.0,-616.0,-837.0,-1070.0,-1304.0
-189.0,-431.0,-657.0,-905.0,-1122.0,-1366,-135.0,-341.0,-616.0,-838.0,-1070.0,-1304.0
-189.0,-432.0,-656.0,-895.0,-1122.0,-1365,-136.0,-347.0,-616.0,-838.0,-1070.0,-1304.0
-189.0,-433.0,-655.0,-888.0,-1122.0,-1364,-138.0,-352.0,-616.0,-838.0,-1070.0,-1304.0
-189.0,-433.0,-655.0,-881.0,-1122.0,-1364,-139.0,-360.0,-616.0,-838.0,-1070.0,-1304.0
-190.0,-433.0,-654.0,-875.0,-1122.0,-1364,-140.0,-366.0,-616.0,-838.0,-1070.0,-1304.0
-191.0,-434.0,-652.0,-870.0,-1122.0,-1364,-142.0,-371.0,-616.0,-838.0,-1070.0,-1304.0
-191.0,-434.0,-654.0,-866.0,-1122.0,-1363,-143.0,-374.0,-615.0,-838.0,-1070.0,-1304.0
-192.0,-434.0,-655.0,-863.0,-1122.0,-1363,-145.0,-378.0,-615.0,-838.0,-1070.0,-1304.0
-193.0,-434.0,-655.0,-857.0,-1122.0,-1363,-147.0,-381.0,-615.0,-838.0,-1070.0,-1304.0
-195.0,-434.0,-657.0,-864.0,-1122.0,-1363,-148.0,-383.0,-613.0,-838.0,-1070.0,-1304.0
-196.0,-434.0,-657.0,-867.0,-1122.0,-1363,-149.0,-385.0,-615.0,-838.0,-1070.0,-1304.0
-196.0,-434.0,-657.0,-870.0,-1122.0,-1363,-150.0,-386.0,-615.0,-838.0,-1070.0,-1304.0
-197.0,-434.0,-656.0,-873.0,-1122.0,-1362,-151.0,-388.0,-615.0,-839.0,-1071.0,-1304.0
-197.0,-433.0,-655.0,-877.0,-1122.0,-1362,-152.0,-388.0,-616.0,-839.0,-1071.0,-1304.0
-197.0,-433.0,-654.0,-880.0,-1122.0,-1362,-153.0,-389.0,-616.0,-839.0,-1071.0,-1304.0
-198.0,-432.0,-650.0,-881.0,-1122.0,-1362,-154.0,-390.0,-616.0,-839.0,-1071.0,-1304.0
-198.0,-432.0,-654.0,-881.0,-1122.0,-1362,-154.0,-391.0,-616.0,-839.0,-1071.0,-1304.0
-198.0,-431.0,-658.0,-882.0,-1122.0,-1362,-154.0,-391.0,-616.0,-839.0,-1071.0,-1304.0
-199.0,-430.0,-663.0,-882.0,-1122.0,-1362,-155.0,-392.0,-616.0,-839.0,-1071.0,-1304.0
-199.0,-429.0,-665.0,-882.0,-1122.0,-1362,-155.0,-392.0,-616.0,-839.0,-1071.0,-1304.0
-199.0,-427.0,-669.0,-882.0,-1122.0,-1362,-155.0,-392.0,-616.0,-839.0,-1071.0,-1304.0
-199.0,-426.0,-674.0,-883.0,-1122.0,-1362,-155.0,-392.0,-616.0,-839.0,-1071.0,-1304.0
-200.0,-424.0,-675.0,-883.0,-1122.0,-1362,-155.0,-392.0,-616.0,-839.0,-1071.0,-1304.0
-200.0,-422.0,-673.0,-884.0,-1122.0,-1362,-155.0,-392.0,-616.0,-839.0,-1071.0,-1304.0
-200.0,-418.0,-671.0,-884.0,-1122.0,-1362,-155.0,-392.0,-616.0,-839.0,-1071.0,-1304.0
-200.0,-414.0,-669.0,-884.0,-1122.0,-1362,-156.0,-392.0,-616.0,-839.0,-1072.0,-1304.0
-200.0,-409.0,-666.0,-885.0,-1122.0,-1362,-156.0,-393.0,-616.0,-839.0,-1072.0,-1304.0
-200.0,-403.0,-664.0,-885.0,-1122.0,-1362,-156.0,-393.0,-616.0,-839.0,-1072.0,-1304.0
-200.0,-397.0,-662.0,-885.0,-1122.0,-1362,-156.0,-393.0,-616.0,-840.0,-1072.0,-1304.0
-200.0,-391.0,-660.0,-885.0,-1122.0,-1362,-156.0,-393.0,-616.0,-840.0,-1072.0,-1304.0
-200.0,-383.0,-659.0,-886.0,-1122.0,-1362,-156.0,-393.0,-616.0,-840.0,-1072.0,-1304.0
-200.0,-379.0,-658.0,-886.0,-1122.0,-1362,-156.0,-393.0,-616.0,-840.0,-1073.0,-1304.0
-201.0,-362.0,-657.0,-886.0,-1122.0,-1362,-157.0,-393.0,-616.0,-840.0,-1073.0,-1304.0
-201.0,-384.0,-657.0,-886.0,-1122.0,-1362,-157.0,-393.0,-616.0,-841.0,-1073.0,-1304.0
-201.0,-411.0,-657.0,-886.0,-1122.0,-1362,-157.0,-393.0,-616.0,-841.0,-1073.0,-1304.0
-201.0,-412.0,-657.0,-886.0,-1122.0,-1361,-156.0,-393.0,-616.0,-841.0,-1073.0,-1304.0
-200.0,-412.0,-656.0,-886.0,-1122.0,-1361,-156.0,-393.0,-616.0,-841.0,-1074.0,-1305.0
-196.0,-455.0,-656.0,-886.0,-1122.0,-1361,-156.0,-393.0,-617.0,-842.0,-1074.0,-1305.0
-193.0,-457.0,-656.0,-887.0,-1121.0,-1361,-156.0,-393.0,-617.0,-842.0,-1074.0,-1305.0
-190.0,-454.0,-656.0,-887.0,-1121.0,-1361,-156.0,-393.0,-617.0,-843.0,-1074.0,-1305.0
-185.0,-450.0,-656.0,-887.0,-1121.0,-1361,-156.0,-393.0,-618.0,-843.0,-1074.0,-1305.0
-179.0,-446.0,-656.0,-887.0,-1120.0,-1361,-156.0,-393.0,-618.0,-843.0,-1074.0,-1305.0
-173.0,-442.0,-656.0,-887.0,-1120.0,-1361,-156.0,-393.0,-618.0,-844.0,-1075.0,-1305.0
-167.0,-439.0,-656.0,-887.0,-1119.0,-1361,-156.0,-393.0,-619.0,-844.0,-1075.0,-1305.0
-161.0,-436.0,-656.0,-887.0,-1119.0,-1361,-156.0,-393.0,-619.0,-844.0,-1075.0,-1306.0
-155.0,-434.0,-656.0,-888.0,-1119.0,-1361,-156.0,-393.0,-619.0,-845.0,-1075.0,-1306.0
-150.0,-432.0,-653.0,-888.0,-1118.0,-1361,-156.0,-393.0,-620.0,-845.0,-1075.0,-1306.0
-146.0,-431.0,-655.0,-888.0,-1118.0,-1361,-156.0,-393.0,-620.0,-846.0,-1076.0,-1306.0
-137.0,-430.0,-656.0,-888.0,-1117.0,-1361,-156.0,-393.0,-620.0,-846.0,-1076.0,-1306.0
-160.0,-430.0,-656.0,-888.0,-1117.0,-1360,-156.0,-393.0,-620.0,-846.0,-1076.0,-1306.0
-172.0,-430.0,-656.0,-888.0,-1116.0,-1360,-156.0,-393.0,-621.0,-847.0,-1076.0,-1306.0
-176.0,-430.0,-656.0,-888.0,-1116.0,-1360,-156.0,-393.0,-621.0,-847.0,-1077.0,-1306.0
-181.0,-430.0,-656.0,-889.0,-1116.0,-1360,-156.0,-393.0,-621.0,-847.0,-1077.0,-1306.0
-208.0,-430.0,-657.0,-889.0,-1115.0,-1360,-156.0,-393.0,-622.0,-848.0,-1077.0,-1306.0
-213.0,-430.0,-657.0,-890.0,-1115.0,-1360,-156.0,-393.0,-622.0,-848.0,-1078.0,-1306.0
-212.0,-430.0,-657.0,-891.0,-1115.0,-1360,-156.0,-392.0,-622.0,-849.0,-1078.0,-1306.0
-209.0,-430.0,-657.0,-891.0,-1115.0,-1360,-156.0,-390.0,-623.0,-849.0,-1078.0,-1306.0
-207.0,-429.0,-657.0,-892.0,-1115.0,-1360,-156.0,-392.0,-623.0,-849.0,-1078.0,-1306.0
-205.0,-429.0,-658.0,-893.0,-1115.0,-1360,-155.0,-393.0,-623.0,-849.0,-1078.0,-1306.0
-204.0,-429.0,-658.0,-894.0,-1115.0,-1358,-153.0,-393.0,-624.0,-849.0,-1079.0,-1306.0
-202.0,-429.0,-658.0,-894.0,-1115.0,-1360,-155.0,-393.0,-624.0,-850.0,-1079.0,-1306.0
-202.0,-429.0,-657.0,-895.0,-1115.0,-1360,-155.0,-393.0,-624.0,-850.0,-1080.0,-1306.0
-201.0,-428.0,-657.0,-895.0,-1113.0,-1360,-156.0,-393.0,-625.0,-850.0,-1080.0,-1306.0
-201.0,-428.0,-657.0,-896.0,-1115.0,-1360,-156.0,-393.0,-625.0,-850.0,-1080.0,-1306.0
-200.0,-428.0,-657.0,-897.0,-1115.0,-1360,-156.0,-393.0,-625.0,-851.0,-1080.0,-1307.0
-200.0,-428.0,-656.0,-897.0,-1115.0,-1360,-156.0,-393.0,-626.0,-851.0,-1080.0,-1307.0
-200.0,-428.0,-656.0,-898.0,-1115.0,-1360,-156.0,-394.0,-626.0,-851.0,-1080.0,-1307.0
-200.0,-428.0,-656.0,-898.0,-1115.0,-1360,-156.0,-394.0,-626.0,-851.0,-1080.0,-1307.0
-200.0,-428.0,-656.0,-898.0,-1115.0,-1360,-156.0,-394.0,-626.0,-852.0,-1080.0,-1308.0
-200.0,-428.0,-654.0,-898.0,-1115.0,-1360,-156.0,-394.0,-626.0,-852.0,-1080.0,-1308.0
-200.0,-428.0,-656.0,-898.0,-1115.0,-1361,-156.0,-395.0,-627.0,-852.0,-1080.0,-1308.0
-200.0,-428.0,-656.0,-898.0,-1115.0,-1361,-156.0,-395.0,-627.0,-852.0,-1080.0,-1309.0
-200.0,-427.0,-656.0,-899.0,-1116.0,-1361,-156.0,-395.0,-627.0,-852.0,-1079.0,-1309.0
-200.0,-427.0,-656.0,-899.0,-1116.0,-1361,-157.0,-395.0,-627.0,-852.0,-1079.0,-1310.0
-200.0,-427.0,-657.0,-899.0,-1117.0,-1361,-157.0,-395.0,-627.0,-851.0,-1078.0,-1310.0
-200.0,-427.0,-657.0,-899.0,-1117.0,-1361,-157.0,-396.0,-627.0,-851.0,-1078.0,-1310.0
-200.0,-427.0,-657.0,-899.0,-1117.0,-1362,-157.0,-396.0,-627.0,-851.0,-1077.0,-1310.0
-200.0,-427.0,-658.0,-899.0,-1118.0,-1362,-157.0,-396.0,-627.0,-851.0,-1076.0,-1311.0
-200.0,-427.0,-658.0,-899.0,-1118.0,-1362,-157.0,-396.0,-626.0,-851.0,-1076.0,-1311.0
-200.0,-427.0,-658.0,-899.0,-1118.0,-1362,-158.0,-396.0,-626.0,-850.0,-1075.0,-1311.0
-200.0,-426.0,-658.0,-899.0,-1119.0,-1362,-158.0,-396.0,-626.0,-850.0,-1075.0,-1311.0
-199.0,-426.0,-658.0,-899.0,-1119.0,-1362,-158.0,-396.0,-625.0,-849.0,-1074.0,-1310.0
-199.0,-426.0,-658.0,-899.0,-1119.0,-1362,-158.0,-396.0,-625.0,-849.0,-1074.0,-1310.0
-199.0,-426.0,-659.0,-899.0,-1120.0,-1363,-158.0,-397.0,-624.0,-848.0,-1074.0,-1310.0
-199.0,-425.0,-659.0,-899.0,-1120.0,-1363,-158.0,-397.0,-624.0,-848.0,-1074.0,-1309.0
-199.0,-425.0,-659.0,-898.0,-1120.0,-1363,-158.0,-397.0,-623.0,-847.0,-1073.0,-1309.0
-199.0,-425.0,-660.0,-897.0,-1121.0,-1363,-158.0,-398.0,-623.0,-847.0,-1073.0,-1309.0
-199.0,-425.0,-660.0,-896.0,-1121.0,-1364,-158.0,-398.0,-622.0,-847.0,-1073.0,-1308.0
-199.0,-424.0,-660.0,-895.0,-1121.0,-1364,-158.0,-398.0,-622.0,-846.0,-1071.0,-1308.0
-199.0,-424.0,-661.0,-894.0,-1122.0,-1364,-158.0,-399.0,-621.0,-846.0,-1073.0,-1307.0
-199.0,-424.0,-661.0,-894.0,-1122.0,-1364,-158.0,-399.0,-621.0,-844.0,-1073.0,-1307.0
-199.0,-423.0,-661.0,-893.0,-1122.0,-1364,-159.0,-399.0,-621.0,-846.0,-1073.0,-1306.0
-199.0,-423.0,-661.0,-892.0,-1122.0,-1364,-159.0,-400.0,-620.0,-846.0,-1074.0,-1306.0
-199.0,-422.0,-662.0,-891.0,-1122.0,-1364,-159.0,-400.0,-618.0,-847.0,-1074.0,-1306.0
-199.0,-422.0,-662.0,-891.0,-1123.0,-1364,-159.0,-400.0,-620.0,-847.0,-1075.0,-1306.0
-199.0,-421.0,-662.0,-891.0,-1123.0,-1364,-159.0,-400.0,-621.0,-848.0,-1076.0,-1306.0
-198.0,-421.0,-662.0,-890.0,-1123.0,-1364,-159.0,-401.0,-621.0,-848.0,-1076.0,-1305.0
-198.0,-420.0,-662.0,-890.0,-1123.0,-1365,-159.0,-401.0,-622.0,-849.0,-1077.0,-1305.0
-198.0,-420.0,-662.0,-890.0,-1123.0,-1365,-160.0,-401.0,-622.0,-851.0,-1078.0,-1305.0
-197.0,-419.0,-661.0,-890.0,-1123.0,-1365,-160.0,-401.0,-623.0,-852.0,-1079.0,-1305.0
-196.0,-419.0,-661.0,-890.0,-1123.0,-1365,-160.0,-401.0,-624.0,-853.0,-1080.0,-1305.0
-196.0,-419.0,-661.0,-890.0,-1123.0,-1365,-160.0,-401.0,-625.0,-854.0,-1081.0,-1305.0
-196.0,-418.0,-661.0,-890.0,-1123.0,-1365,-160.0,-401.0,-626.0,-854.0,-1082.0,-1305.0
-195.0,-418.0,-661.0,-889.0,-1123.0,-1365,-160.0,-401.0,-627.0,-855.0,-1083.0,-1303.0
-194.0,-418.0,-661.0,-889.0,-1123.0,-1365,-160.0,-401.0,-628.0,-856.0,-1083.0,-1305.0
-194.0,-418.0,-661.0,-889.0,-1123.0,-1365,-160.0,-401.0,-630.0,-857.0,-1084.0,-1305.0
-193.0,-418.0,-661.0,-889.0,-1123.0,-1365,-160.0,-400.0,-630.0,-858.0,-1085.0,-1305.0
-193.0,-416.0,-661.0,-889.0,-1124.0,-1365,-160.0,-400.0,-631.0,-858.0,-1085.0,-1305.0
-192.0,-418.0,-661.0,-889.0,-1124.0,-1365,-160.0,-400.0,-632.0,-859.0,-1086.0,-1305.0
-191.0,-418.0,-661.0,-889.0,-1124.0,-1365,-160.0,-399.0,-633.0,-859.0,-1086.0,-1305.0
-191.0,-418.0,-661.0,-889.0,-1124.0,-1365,-160.0,-399.0,-633.0,-859.0,-1087.0,-1305.0
-190.0,-418.0,-661.0,-889.0,-1124.0,-1365,-160.0,-398.0,-634.0,-859.0,-1087.0,-1306.0
-189.0,-418.0,-661.0,-889.0,-1124.0,-1365,-160.0,-398.0,-634.0,-860.0,-1088.0,-1306.0
-189.0,-418.0,-661.0,-889.0,-1125.0,-1365,-160.0,-397.0,-634.0,-861.0,-1088.0,-1306.0
-188.0,-419.0,-661.0,-889.0,-1125.0,-1365,-160.0,-397.0,-634.0,-861.0,-1089.0,-1307.0
-188.0,-419.0,-661.0,-889.0,-1125.0,-1365,-160.0,-397.0,-634.0,-862.0,-1089.0,-1307.0
-188.0,-420.0,-661.0,-889.0,-1125.0,-1365,-160.0,-396.0,-634.0,-862.0,-1089.0,-1308.0
-187.0,-421.0,-661.0,-889.0,-1125.0,-1365,-160.0,-396.0,-635.0,-863.0,-1089.0,-1309.0
-187.0,-422.0,-661.0,-889.0,-1125.0,-1365,-160.0,-394.0,-635.0,-863.0,-1089.0,-1310.0
-187.0,-423.0,-661.0,-889.0,-1125.0,-1365,-160.0,-396.0,-635.0,-863.0,-1089.0,-1310.0
-187.0,-424.0,-661.0,-889.0,-1125.0,-1365,-160.0,-396.0,-636.0,-864.0,-1089.0,-1311.0
-187.0,-425.0,-661.0,-889.0,-1125.0,-1365,-161.0,-396.0,-636.0,-864.0,-1089.0,-1312.0
-187.0,-426.0,-661.0,-889.0,-1125.0,-1365,-161.0,-397.0,-636.0,-864.0,-1089.0,-1313.0
-185.0,-426.0,-661.0,-889.0,-1125.0,-1365,-162.0,-397.0,-636.0,-864.0,-1089.0,-1313.0
-187.0,-427.0,-661.0,-889.0,-1125.0,-1365,-163.0,-398.0,-637.0,-864.0,-1089.0,-1314.0
-187.0,-427.0,-661.0,-889.0,-1125.0,-1365,-163.0,-398.0,-637.0,-864.0,-1089.0,-1315.0
-187.0,-427.0,-661.0,-889.0,-1126.0,-1365,-164.0,-398.0,-637.0,-864.0,-1089.0,-1315.0
-187.0,-427.0,-661.0,-889.0,-1126.0,-1365,-165.0,-399.0,-637.0,-864.0,-1089.0,-1316.0
-187.0,-428.0,-661.0,-889.0,-1126.0,-1365,-166.0,-400.0,-637.0,-864.0,-1089.0,-1316.0
-187.0,-428.0,-661.0,-889.0,-1126.0,-1365,-167.0,-401.0,-637.0,-864.0,-1087.0,-1316.0
-187.0,-428.0,-661.0,-888.0,-1126.0,-1364,-168.0,-402.0,-637.0,-864.0,-1083.0,-1317.0
-188.0,-428.0,-660.0,-888.0,-1126.0,-1364,-169.0,-403.0,-637.0,-864.0,-1077.0,-1317.0
-189.0,-428.0,-660.0,-888.0,-1126.0,-1364,-170.0,-404.0,-637.0,-863.0,-1069.0,-1317.0
-189.0,-428.0,-660.0,-888.0,-1127.0,-1364,-171.0,-405.0,-637.0,-860.0,-1058.0,-1317.0
-190.0,-428.0,-660.0,-888.0,-1127.0,-1364,-172.0,-405.0,-637.0,-848.0,-1038.0,-1317.0
-191.0,-428.0,-660.0,-888.0,-1127.0,-1364,-172.0,-406.0,-637.0,-842.0,-1022.0,-1317.0
-192.0,-428.0,-660.0,-888.0,-1127.0,-1364,-172.0,-407.0,-636.0,-832.0,-1007.0,-1317.0
-193.0,-428.0,-660.0,-888.0,-1128.0,-1363,-172.0,-407.0,-635.0,-816.0,-988.0,-1317.0
-194.0,-428.0,-660.0,-888.0,-1128.0,-1363,-172.0,-408.0,-634.0,-799.0,-971.0,-1317.0
-194.0,-428.0,-660.0,-888.0,-1128.0,-1363,-173.0,-408.0,-620.0,-787.0,-959.0,-1317.0
-195.0,-429.0,-660.0,-888.0,-1128.0,-1363,-173.0,-408.0,-616.0,-779.0,-949.0,-1317.0
-195.0,-429.0,-660.0,-888.0,-1128.0,-1361,-172.0,-409.0,-605.0,-745.0,-943.0,-1317.0
-196.0,-429.0,-660.0,-888.0,-1128.0,-1363,-172.0,-409.0,-585.0,-731.0,-939.0,-1317.0
-197.0,-429.0,-660.0,-888.0,-1129.0,-1363,-171.0,-409.0,-573.0,-723.0,-892.0,-1314.0
-198.0,-430.0,-660.0,-888.0,-1129.0,-1363,-169.0,-409.0,-560.0,-718.0,-932.0,-1312.0
-198.0,-430.0,-660.0,-887.0,-1129.0,-1363,-168.0,-409.0,-549.0,-714.0,-995.0,-1307.0
-198.0,-430.0,-660.0,-885.0,-1129.0,-1364,-167.0,-410.0,-537.0,-709.0,-1001.0,-1302.0
-199.0,-430.0,-659.0,-887.0,-1129.0,-1364,-166.0,-410.0,-500.0,-679.0,-1001.0,-1295.0
-199.0,-430.0,-659.0,-887.0,-1129.0,-1364,-165.0,-410.0,-485.0,-716.0,-1109.0,-1284.0
-200.0,-430.0,-659.0,-888.0,-1130.0,-1364,-165.0,-410.0,-473.0,-766.0,-1118.0,-1275.0
-200.0,-430.0,-657.0,-888.0,-1130.0,-1364,-165.0,-410.0,-468.0,-609.0,-1109.0,-1267.0
-200.0,-430.0,-659.0,-888.0,-1130.0,-1364,-165.0,-410.0,-465.0,-894.0,-1106.0,-1254.0
-200.0,-430.0,-659.0,-888.0,-1130.0,-1364,-165.0,-410.0,-426.0,-893.0,-1102.0,-1244.0
-200.0,-430.0,-659.0,-888.0,-1130.0,-1364,-165.0,-410.0,-471.0,-890.0,-1099.0,-1237.0
-201.0,-430.0,-659.0,-888.0,-1130.0,-1364,-165.0,-410.0,-572.0,-887.0,-1095.0,-1229.0
-201.0,-430.0,-660.0,-888.0,-1130.0,-1364,-165.0,-410.0,-659.0,-884.0,-1092.0,-1216.0
-201.0,-430.0,-660.0,-888.0,-1130.0,-1364,-165.0,-410.0,-681.0,-879.0,-1091.0,-1190.0
-201.0,-430.0,-660.0,-888.0,-1130.0,-1364,-165.0,-410.0,-670.0,-873.0,-1089.0,-1223.0
-201.0,-430.0,-660.0,-887.0,-1130.0,-1364,-165.0,-410.0,-667.0,-869.0,-1088.0,-1236.0
-202.0,-430.0,-660.0,-887.0,-1130.0,-1364,-165.0,-410.0,-660.0,-867.0,-1087.0,-1258.0
-202.0,-430.0,-660.0,-887.0,-1130.0,-1364,-165.0,-409.0,-653.0,-864.0,-1086.0,-1265.0
-202.0,-430.0,-659.0,-887.0,-1130.0,-1364,-165.0,-406.0,-648.0,-862.0,-1086.0,-1294.0
-202.0,-430.0,-659.0,-887.0,-1130.0,-1364,-164.0,-402.0,-644.0,-860.0,-1085.0,-1314.0
-202.0,-430.0,-659.0,-887.0,-1131.0,-1364,-164.0,-397.0,-641.0,-859.0,-1085.0,-1332.0
-202.0,-431.0,-659.0,-887.0,-1131.0,-1364,-163.0,-391.0,-637.0,-858.0,-1085.0,-1338.0
-202.0,-431.0,-658.0,-887.0,-1131.0,-1364,-162.0,-385.0,-635.0,-858.0,-1085.0,-1332.0
-202.0,-431.0,-658.0,-887.0,-1131.0,-1364,-161.0,-377.0,-633.0,-858.0,-1085.0,-1329.0
-202.0,-431.0,-658.0,-887.0,-1131.0,-1364,-159.0,-365.0,-631.0,-858.0,-1085.0,-1327.0
-202.0,-431.0,-658.0,-887.0,-1131.0,-1364,-158.0,-358.0,-630.0,-857.0,-1085.0,-1324.0
-202.0,-431.0,-658.0,-887.0,-1132.0,-1364,-156.0,-350.0,-629.0,-857.0,-1085.0,-1321.0
-202.0,-431.0,-658.0,-887.0,-1132.0,-1364,-155.0,-331.0,-629.0,-857.0,-1085.0,-1319.0
-202.0,-431.0,-658.0,-887.0,-1132.0,-1364,-152.0,-314.0,-629.0,-857.0,-1085.0,-1317.0
-202.0,-431.0,-658.0,-886.0,-1132.0,-1364,-148.0,-298.0,-628.0,-857.0,-1085.0,-1316.0
-202.0,-431.0,-658.0,-886.0,-1132.0,-1364,-146.0,-278.0,-628.0,-856.0,-1085.0,-1315.0
-202.0,-431.0,-658.0,-886.0,-1132.0,-1365,-137.0,-262.0,-628.0,-856.0,-1084.0,-1314.0
-203.0,-431.0,-658.0,-886.0,-1132.0,-1365,-147.0,-253.0,-628.0,-856.0,-1084.0,-1314.0
-203.0,-431.0,-658.0,-886.0,-1132.0,-1365,-150.0,-237.0,-627.0,-855.0,-1083.0,-1314.0
-203.0,-432.0,-658.0,-886.0,-1132.0,-1365,-155.0,-201.0,-627.0,-855.0,-1083.0,-1314.0
-203.0,-432.0,-656.0,-886.0,-1133.0,-1365,-161.0,-255.0,-627.0,-854.0,-1082.0,-1314.0
-203.0,-432.0,-658.0,-886.0,-1133.0,-1365,-167.0,-325.0,-626.0,-854.0,-1082.0,-1314.0
-202.0,-432.0,-658.0,-886.0,-1133.0,-1365,-172.0,-326.0,-626.0,-853.0,-1081.0,-1314.0
-202.0,-432.0,-658.0,-886.0,-1133.0,-1365,-175.0,-166.0,-625.0,-853.0,-1081.0,-1314.0
-200.0,-432.0,-658.0,-884.0,-1133.0,-1365,-184.0,-178.0,-625.0,-852.0,-1081.0,-1313.0
-202.0,-432.0,-658.0,-886.0,-1133.0,-1365,-178.0,-178.0,-624.0,-852.0,-1081.0,-1313.0
-202.0,-432.0,-658.0,-886.0,-1133.0,-1365,-176.0,-176.0,-623.0,-851.0,-1080.0,-1313.0
-203.0,-432.0,-658.0,-886.0,-1133.0,-1365,-175.0,-175.0,-623.0,-850.0,-1079.0,-1313.0
-203.0,-432.0,-658.0,-886.0,-1132.0,-1365,-174.0,-174.0,-622.0,-849.0,-1079.0,-1313.0
-203.0,-432.0,-658.0,-886.0,-1132.0,-1365,-173.0,-173.0,-621.0,-848.0,-1078.0,-1313.0
-204.0,-432.0,-658.0,-886.0,-1132.0,-1364,-172.0,-172.0,-621.0,-847.0,-1078.0,-1312.0
-204.0,-432.0,-658.0,-886.0,-1132.0,-1364,-171.0,-171.0,-620.0,-846.0,-1077.0,-1312.0
-204.0,-432.0,-658.0,-886.0,-1132.0,-1364,-170.0,-166.0,-619.0,-844.0,-1076.0,-1312.0
-205.0,-432.0,-658.0,-886.0,-1132.0,-1363,-169.0,-403.0,-618.0,-843.0,-1076.0,-1312.0
-205.0,-432.0,-659.0,-886.0,-1132.0,-1362,-168.0,-402.0,-617.0,-842.0,-1075.0,-1312.0
-206.0,-432.0,-659.0,-887.0,-1132.0,-1361,-167.0,-401.0,-615.0,-841.0,-1074.0,-1312.0
-206.0,-432.0,-659.0,-887.0,-1132.0,-1360,-166.0,-400.0,-614.0,-839.0,-1073.0,-1312.0
-206.0,-432.0,-659.0,-887.0,-1131.0,-1360,-165.0,-400.0,-613.0,-838.0,-1071.0,-1311.0
-206.0,-432.0,-658.0,-887.0,-1131.0,-1359,-164.0,-400.0,-612.0,-837.0,-1070.0,-1311.0
-207.0,-432.0,-658.0,-887.0,-1130.0,-1359,-164.0,-400.0,-611.0,-835.0,-1069.0,-1311.0
-207.0,-432.0,-658.0,-887.0,-1129.0,-1356,-163.0,-399.0,-609.0,-833.0,-1067.0,-1311.0
-207.0,-432.0,-658.0,-887.0,-1128.0,-1358,-163.0,-399.0,-607.0,-832.0,-1065.0,-1310.0
-207.0,-432.0,-658.0,-887.0,-1128.0,-1359,-163.0,-399.0,-605.0,-829.0,-1063.0,-1310.0
-208.0,-432.0,-658.0,-887.0,-1128.0,-1359,-163.0,-398.0,-603.0,-827.0,-1061.0,-1310.0
-208.0,-433.0,-658.0,-888.0,-1128.0,-1359,-163.0,-398.0,-601.0,-824.0,-1059.0,-1310.0
-208.0,-433.0,-657.0,-889.0,-1127.0,-1359,-163.0,-398.0,-600.0,-822.0,-1058.0,-1310.0
-208.0,-433.0,-657.0,-890.0,-1127.0,-1359,-163.0,-397.0,-598.0,-819.0,-1057.0,-1310.0
-208.0,-433.0,-657.0,-891.0,-1127.0,-1359,-163.0,-397.0,-596.0,-816.0,-1055.0,-1309.0
-208.0,-433.0,-657.0,-892.0,-1127.0,-1358,-163.0,-396.0,-594.0,-814.0,-1053.0,-1309.0
-208.0,-433.0,-657.0,-892.0,-1127.0,-1358,-163.0,-396.0,-591.0,-812.0,-1052.0,-1309.0
-208.0,-433.0,-656.0,-892.0,-1127.0,-1356,-163.0,-395.0,-589.0,-810.0,-1051.0,-1308.0
-208.0,-433.0,-656.0,-892.0,-1127.0,-1358,-163.0,-394.0,-585.0,-808.0,-1051.0,-1308.0
-208.0,-433.0,-656.0,-892.0,-1126.0,-1358,-163.0,-393.0,-582.0,-806.0,-1050.0,-1307.0
-208.0,-434.0,-656.0,-892.0,-1126.0,-1358,-163.0,-393.0,-579.0,-804.0,-1049.0,-1307.0
-208.0,-434.0,-656.0,-893.0,-1125.0,-1359,-163.0,-392.0,-576.0,-801.0,-1048.0,-1306.0
-208.0,-434.0,-655.0,-893.0,-1125.0,-1361,-163.0,-391.0,-573.0,-799.0,-1048.0,-1306.0
-208.0,-434.0,-655.0,-894.0,-1123.0,-1362,-163.0,-390.0,-570.0,-797.0,-1047.0,-1305.0
-209.0,-434.0,-655.0,-895.0,-1125.0,-1363,-163.0,-389.0,-568.0,-795.0,-1047.0,-1304.0
-209.0,-434.0,-655.0,-896.0,-1125.0,-1364,-163.0,-389.0,-566.0,-793.0,-1046.0,-1303.0
-209.0,-434.0,-655.0,-897.0,-1126.0,-1365,-163.0,-387.0,-562.0,-791.0,-1046.0,-1303.0
-209.0,-434.0,-655.0,-898.0,-1126.0,-1365,-163.0,-385.0,-559.0,-790.0,-1043.0,-1302.0
-209.0,-434.0,-654.0,-899.0,-1127.0,-1365,-163.0,-384.0,-556.0,-789.0,-1046.0,-1302.0
-209.0,-434.0,-654.0,-899.0,-1128.0,-1366,-163.0,-383.0,-554.0,-788.0,-1046.0,-1301.0
-209.0,-434.0,-654.0,-899.0,-1128.0,-1366,-163.0,-381.0,-552.0,-785.0,-1047.0,-1301.0
-209.0,-434.0,-653.0,-899.0,-1129.0,-1366,-163.0,-379.0,-550.0,-788.0,-1049.0,-1300.0
-210.0,-434.0,-652.0,-898.0,-1129.0,-1366,-163.0,-378.0,-549.0,-789.0,-1051.0,-1299.0
-210.0,-434.0,-649.0,-897.0,-1130.0,-1366,-163.0,-376.0,-546.0,-789.0,-1053.0,-1299.0
-210.0,-434.0,-652.0,-897.0,-1130.0,-1366,-163.0,-374.0,-548.0,-792.0,-1055.0,-1298.0
-210.0,-433.0,-652.0,-896.0,-1130.0,-1367,-163.0,-373.0,-549.0,-795.0,-1057.0,-1298.0
-210.0,-433.0,-653.0,-895.0,-1130.0,-1367,-163.0,-371.0,-549.0,-798.0,-1060.0,-1297.0
-211.0,-433.0,-654.0,-895.0,-1130.0,-1368,-163.0,-369.0,-550.0,-804.0,-1063.0,-1297.0
-211.0,-433.0,-655.0,-894.0,-1130.0,-1368,-163.0,-366.0,-552.0,-809.0,-1065.0,-1297.0
-211.0,-432.0,-655.0,-894.0,-1130.0,-1369,-163.0,-364.0,-555.0,-813.0,-1067.0,-1296.0
-212.0,-432.0,-655.0,-894.0,-1130.0,-1369,-163.0,-361.0,-558.0,-818.0,-1069.0,-1296.0
-212.0,-431.0,-656.0,-893.0,-1130.0,-1370,-162.0,-357.0,-563.0,-823.0,-1071.0,-1296.0
-212.0,-431.0,-656.0,-893.0,-1131.0,-1370,-162.0,-354.0,-567.0,-827.0,-1073.0,-1294.0
-212.0,-430.0,-656.0,-893.0,-1131.0,-1371,-162.0,-350.0,-573.0,-831.0,-1075.0,-1296.0
-212.0,-430.0,-656.0,-892.0,-1131.0,-1371,-161.0,-347.0,-579.0,-834.0,-1076.0,-1296.0
-212.0,-429.0,-656.0,-891.0,-1131.0,-1371,-161.0,-344.0,-584.0,-838.0,-1078.0,-1296.0
-212.0,-428.0,-657.0,-890.0,-1132.0,-1371,-161.0,-341.0,-589.0,-842.0,-1079.0,-1296.0
-213.0,-428.0,-657.0,-889.0,-1132.0,-1372,-160.0,-338.0,-594.0,-845.0,-1080.0,-1297.0
-213.0,-427.0,-658.0,-888.0,-1132.0,-1372,-160.0,-335.0,-599.0,-847.0,-1081.0,-1298.0
-213.0,-427.0,-660.0,-887.0,-1133.0,-1372,-159.0,-333.0,-604.0,-849.0,-1082.0,-1299.0
-213.0,-427.0,-661.0,-885.0,-1134.0,-1372,-159.0,-330.0,-607.0,-851.0,-1082.0,-1300.0
-212.0,-427.0,-661.0,-885.0,-1134.0,-1372,-158.0,-327.0,-610.0,-853.0,-1082.0,-1300.0
-212.0,-426.0,-663.0,-884.0,-1135.0,-1371,-157.0,-324.0,-613.0,-855.0,-1083.0,-1301.0
-212.0,-426.0,-663.0,-883.0,-1136.0,-1371,-157.0,-321.0,-617.0,-856.0,-1083.0,-1303.0
-211.0,-426.0,-663.0,-883.0,-1137.0,-1371,-156.0,-318.0,-619.0,-857.0,-1083.0,-1304.0
-211.0,-425.0,-663.0,-883.0,-1137.0,-1371,-155.0,-317.0,-622.0,-858.0,-1084.0,-1305.0
-210.0,-425.0,-663.0,-883.0,-1136.0,-1370,-155.0,-315.0,-624.0,-859.0,-1084.0,-1306.0
-209.0,-424.0,-663.0,-883.0,-1135.0,-1370,-154.0,-313.0,-625.0,-859.0,-1084.0,-1307.0
-209.0,-423.0,-663.0,-883.0,-1132.0,-1369,-154.0,-310.0,-627.0,-859.0,-1085.0,-1308.0
-208.0,-420.0,-663.0,-883.0,-1128.0,-1368,-153.0,-313.0,-628.0,-860.0,-1085.0,-1309.0
-207.0,-423.0,-663.0,-883.0,-1124.0,-1367,-153.0,-313.0,-629.0,-860.0,-1085.0,-1309.0
-207.0,-424.0,-662.0,-881.0,-1120.0,-1367,-153.0,-315.0,-630.0,-860.0,-1085.0,-1310.0
-206.0,-425.0,-662.0,-883.0,-1115.0,-1366,-153.0,-318.0,-630.0,-861.0,-1086.0,-1310.0
-206.0,-427.0,-660.0,-883.0,-1110.0,-1366,-150.0,-320.0,-630.0,-861.0,-1086.0,-1311.0
-206.0,-428.0,-662.0,-883.0,-1107.0,-1366,-153.0,-323.0,-630.0,-861.0,-1086.0,-1311.0
-205.0,-430.0,-662.0,-883.0,-1104.0,-1364,-153.0,-330.0,-631.0,-862.0,-1086.0,-1311.0
-205.0,-431.0,-662.0,-883.0,-1102.0,-1362,-153.0,-333.0,-631.0,-862.0,-1086.0,-1312.0
-204.0,-432.0,-663.0,-883.0,-1096.0,-1360,-153.0,-339.0,-631.0,-862.0,-1086.0,-1312.0
-204.0,-432.0,-663.0,-883.0,-1103.0,-1356,-154.0,-347.0,-632.0,-862.0,-1086.0,-1312.0
-203.0,-432.0,-663.0,-883.0,-1106.0,-1353,-154.0,-354.0,-632.0,-862.0,-1087.0,-1312.0
-203.0,-432.0,-663.0,-883.0,-1111.0,-1348,-155.0,-361.0,-632.0,-862.0,-1087.0,-1312.0
-202.0,-433.0,-663.0,-884.0,-1115.0,-1345,-155.0,-368.0,-632.0,-862.0,-1087.0,-1313.0
-202.0,-433.0,-663.0,-886.0,-1120.0,-1343,-156.0,-375.0,-632.0,-862.0,-1087.0,-1313.0
-202.0,-433.0,-663.0,-889.0,-1124.0,-1335,-157.0,-380.0,-632.0,-862.0,-1087.0,-1313.0
-202.0,-434.0,-663.0,-895.0,-1128.0,-1348,-159.0,-385.0,-632.0,-862.0,-1087.0,-1313.0
-200.0,-435.0,-663.0,-918.0,-1130.0,-1360,-160.0,-388.0,-632.0,-862.0,-1087.0,-1314.0
-202.0,-436.0,-663.0,-922.0,-1132.0,-1367,-161.0,-390.0,-632.0,-862.0,-1087.0,-1314.0
-202.0,-437.0,-663.0,-926.0,-1133.0,-1374,-161.0,-393.0,-632.0,-862.0,-1087.0,-1314.0
-202.0,-438.0,-663.0,-940.0,-1134.0,-1382,-162.0,-394.0,-632.0,-862.0,-1087.0,-1314.0
-202.0,-439.0,-662.0,-955.0,-1134.0,-1398,-163.0,-396.0,-632.0,-862.0,-1087.0,-1315.0
-202.0,-441.0,-662.0,-941.0,-1134.0,-1391,-163.0,-398.0,-632.0,-862.0,-1087.0,-1315.0
-203.0,-442.0,-662.0,-934.0,-1135.0,-1388,-164.0,-400.0,-632.0,-862.0,-1087.0,-1315.0
-203.0,-443.0,-662.0,-928.0,-1135.0,-1385,-164.0,-401.0,-631.0,-861.0,-1087.0,-1315.0
-203.0,-443.0,-662.0,-920.0,-1135.0,-1382,-164.0,-403.0,-631.0,-861.0,-1087.0,-1315.0
-204.0,-444.0,-661.0,-912.0,-1135.0,-1379,-165.0,-404.0,-631.0,-861.0,-1087.0,-1315.0
-205.0,-444.0,-660.0,-905.0,-1135.0,-1377,-165.0,-404.0,-631.0,-861.0,-1087.0,-1315.0
-205.0,-444.0,-659.0,-897.0,-1135.0,-1374,-165.0,-405.0,-631.0,-861.0,-1087.0,-1315.0
-206.0,-444.0,-655.0,-890.0,-1135.0,-1372,-165.0,-405.0,-631.0,-861.0,-1087.0,-1316.0
-207.0,-444.0,-658.0,-884.0,-1135.0,-1370,-166.0,-406.0,-631.0,-861.0,-1087.0,-1316.0
-209.0,-444.0,-659.0,-879.0,-1135.0,-1369,-166.0,-406.0,-631.0,-861.0,-1087.0,-1316.0
-210.0,-444.0,-661.0,-874.0,-1135.0,-1368,-166.0,-406.0,-631.0,-861.0,-1087.0,-1316.0
-211.0,-444.0,-662.0,-870.0,-1135.0,-1367,-166.0,-407.0,-631.0,-859.0,-1087.0,-1316.0
-212.0,-444.0,-664.0,-861.0,-1135.0,-1367,-166.0,-407.0,-631.0,-861.0,-1087.0,-1316.0
-213.0,-444.0,-666.0,-867.0,-1135.0,-1367,-167.0,-407.0,-631.0,-861.0,-1087.0,-1316.0
-213.0,-444.0,-666.0,-869.0,-1135.0,-1367,-167.0,-407.0,-631.0,-861.0,-1087.0,-1316.0
-214.0,-444.0,-665.0,-872.0,-1135.0,-1365,-167.0,-407.0,-631.0,-861.0,-1087.0,-1316.0
-214.0,-443.0,-665.0,-875.0,-1135.0,-1367,-167.0,-407.0,-631.0,-861.0,-1087.0,-1316.0
-214.0,-443.0,-660.0,-879.0,-1135.0,-1367,-167.0,-407.0,-630.0,-861.0,-1087.0,-1316.0
-214.0,-442.0,-664.0,-882.0,-1135.0,-1367,-167.0,-407.0,-630.0,-861.0,-1087.0,-1316.0
-214.0,-441.0,-666.0,-884.0,-1135.0,-1367,-167.0,-407.0,-628.0,-861.0,-1087.0,-1316.0
-214.0,-440.0,-669.0,-886.0,-1135.0,-1368,-167.0,-407.0,-630.0,-861.0,-1087.0,-1316.0
-214.0,-438.0,-673.0,-887.0,-1134.0,-1368,-167.0,-407.0,-630.0,-862.0,-1087.0,-1316.0
-214.0,-437.0,-676.0,-887.0,-1134.0,-1368,-167.0,-407.0,-631.0,-862.0,-1087.0,-1316.0
-215.0,-434.0,-680.0,-888.0,-1134.0,-1368,-167.0,-407.0,-631.0,-862.0,-1087.0,-1316.0
-215.0,-430.0,-682.0,-888.0,-1134.0,-1368,-167.0,-407.0,-631.0,-862.0,-1087.0,-1316.0
-215.0,-425.0,-681.0,-889.0,-1134.0,-1368,-167.0,-407.0,-631.0,-862.0,-1087.0,-1316.0
-216.0,-420.0,-678.0,-889.0,-1134.0,-1368,-167.0,-406.0,-631.0,-862.0,-1087.0,-1316.0
-216.0,-413.0,-675.0,-889.0,-1134.0,-1368,-167.0,-406.0,-631.0,-862.0,-1088.0,-1316.0
-216.0,-407.0,-671.0,-889.0,-1134.0,-1368,-168.0,-406.0,-631.0,-862.0,-1088.0,-1316.0
-217.0,-401.0,-669.0,-890.0,-1133.0,-1368,-168.0,-406.0,-631.0,-862.0,-1088.0,-1316.0
-217.0,-394.0,-667.0,-890.0,-1133.0,-1368,-168.0,-406.0,-631.0,-862.0,-1088.0,-1316.0
-217.0,-388.0,-665.0,-890.0,-1133.0,-1368,-168.0,-406.0,-631.0,-862.0,-1089.0,-1316.0
-220.0,-374.0,-664.0,-890.0,-1133.0,-1368,-168.0,-406.0,-632.0,-862.0,-1089.0,-1316.0
-217.0,-399.0,-663.0,-890.0,-1133.0,-1368,-168.0,-406.0,-632.0,-862.0,-1089.0,-1316.0
-215.0,-420.0,-662.0,-890.0,-1133.0,-1368,-168.0,-406.0,-632.0,-863.0,-1089.0,-1316.0
-213.0,-424.0,-662.0,-890.0,-1133.0,-1368,-168.0,-405.0,-632.0,-863.0,-1090.0,-1316.0
-209.0,-428.0,-662.0,-891.0,-1132.0,-1368,-168.0,-405.0,-633.0,-863.0,-1090.0,-1316.0
-204.0,-468.0,-661.0,-891.0,-1132.0,-1368,-168.0,-405.0,-633.0,-863.0,-1090.0,-1316.0
-199.0,-476.0,-661.0,-891.0,-1132.0,-1368,-168.0,-405.0,-633.0,-863.0,-1090.0,-1316.0
-193.0,-468.0,-661.0,-891.0,-1132.0,-1368,-168.0,-405.0,-634.0,-864.0,-1090.0,-1316.0
-185.0,-464.0,-661.0,-891.0,-1132.0,-1368,-168.0,-405.0,-634.0,-864.0,-1090.0,-1316.0
-177.0,-459.0,-661.0,-892.0,-1132.0,-1367,-168.0,-405.0,-634.0,-864.0,-1090.0,-1317.0
-171.0,-456.0,-661.0,-892.0,-1132.0,-1367,-168.0,-405.0,-634.0,-865.0,-1091.0,-1317.0
-164.0,-453.0,-661.0,-892.0,-1132.0,-1367,-168.0,-405.0,-635.0,-865.0,-1091.0,-1317.0
-159.0,-449.0,-661.0,-892.0,-1132.0,-1367,-168.0,-405.0,-635.0,-866.0,-1091.0,-1317.0
-147.0,-446.0,-661.0,-892.0,-1131.0,-1367,-168.0,-405.0,-635.0,-866.0,-1091.0,-1317.0
-156.0,-444.0,-661.0,-892.0,-1131.0,-1366,-168.0,-405.0,-636.0,-866.0,-1091.0,-1317.0
-170.0,-443.0,-661.0,-892.0,-1131.0,-1366,-168.0,-405.0,-636.0,-866.0,-1092.0,-1317.0
-181.0,-441.0,-661.0,-893.0,-1131.0,-1366,-168.0,-405.0,-636.0,-866.0,-1092.0,-1317.0
-189.0,-441.0,-659.0,-893.0,-1131.0,-1366,-168.0,-405.0,-637.0,-867.0,-1092.0,-1318.0
-200.0,-440.0,-661.0,-893.0,-1131.0,-1365,-168.0,-405.0,-637.0,-867.0,-1092.0,-1318.0
-218.0,-439.0,-661.0,-894.0,-1131.0,-1365,-168.0,-404.0,-638.0,-867.0,-1092.0,-1318.0
-226.0,-439.0,-661.0,-894.0,-1131.0,-1364,-168.0,-402.0,-638.0,-867.0,-1092.0,-1318.0
-230.0,-438.0,-661.0,-894.0,-1131.0,-1364,-168.0,-404.0,-638.0,-867.0,-1092.0,-1318.0
-225.0,-438.0,-661.0,-895.0,-1131.0,-1364,-168.0,-405.0,-638.0,-868.0,-1093.0,-1318.0
-223.0,-438.0,-661.0,-895.0,-1131.0,-1363,-168.0,-405.0,-639.0,-868.0,-1093.0,-1318.0
-222.0,-438.0,-661.0,-895.0,-1131.0,-1363,-168.0,-405.0,-639.0,-868.0,-1093.0,-1318.0
-220.0,-438.0,-661.0,-895.0,-1131.0,-1363,-168.0,-405.0,-639.0,-869.0,-1093.0,-1318.0
-219.0,-437.0,-661.0,-896.0,-1131.0,-1363,-168.0,-405.0,-640.0,-869.0,-1093.0,-1318.0
-218.0,-437.0,-661.0,-896.0,-1131.0,-1363,-168.0,-406.0,-640.0,-870.0,-1093.0,-1318.0
-217.0,-437.0,-661.0,-896.0,-1131.0,-1363,-168.0,-406.0,-640.0,-870.0,-1094.0,-1319.0
-216.0,-437.0,-661.0,-896.0,-1129.0,-1363,-168.0,-406.0,-640.0,-871.0,-1094.0,-1319.0
-216.0,-437.0,-662.0,-897.0,-1131.0,-1363,-168.0,-406.0,-640.0,-871.0,-1094.0,-1319.0
-216.0,-437.0,-662.0,-898.0,-1131.0,-1361,-168.0,-406.0,-641.0,-871.0,-1094.0,-1319.0
-216.0,-437.0,-662.0,-899.0,-1131.0,-1363,-168.0,-407.0,-641.0,-872.0,-1094.0,-1319.0
-216.0,-437.0,-662.0,-899.0,-1131.0,-1363,-168.0,-407.0,-641.0,-872.0,-1094.0,-1319.0
-216.0,-437.0,-662.0,-900.0,-1131.0,-1363,-168.0,-407.0,-641.0,-872.0,-1093.0,-1319.0
-216.0,-436.0,-662.0,-901.0,-1131.0,-1363,-168.0,-407.0,-641.0,-872.0,-1093.0,-1319.0
-216.0,-436.0,-662.0,-901.0,-1131.0,-1363,-168.0,-408.0,-641.0,-872.0,-1093.0,-1319.0
-215.0,-436.0,-662.0,-901.0,-1131.0,-1363,-168.0,-408.0,-641.0,-872.0,-1092.0,-1320.0
-215.0,-436.0,-662.0,-901.0,-1131.0,-1363,-168.0,-408.0,-641.0,-872.0,-1092.0,-1320.0
-215.0,-436.0,-662.0,-902.0,-1131.0,-1363,-168.0,-408.0,-640.0,-871.0,-1092.0,-1320.0
-215.0,-436.0,-662.0,-902.0,-1131.0,-1363,-168.0,-409.0,-640.0,-871.0,-1091.0,-1320.0
-215.0,-436.0,-662.0,-902.0,-1131.0,-1364,-168.0,-409.0,-640.0,-870.0,-1091.0,-1320.0
-215.0,-436.0,-662.0,-902.0,-1131.0,-1364,-168.0,-409.0,-639.0,-869.0,-1091.0,-1321.0
-215.0,-436.0,-662.0,-902.0,-1131.0,-1364,-169.0,-410.0,-639.0,-869.0,-1090.0,-1321.0
-215.0,-436.0,-662.0,-902.0,-1131.0,-1364,-169.0,-410.0,-638.0,-868.0,-1090.0,-1321.0
-215.0,-436.0,-662.0,-902.0,-1131.0,-1365,-169.0,-410.0,-638.0,-867.0,-1090.0,-1321.0
-214.0,-435.0,-662.0,-902.0,-1132.0,-1365,-169.0,-411.0,-637.0,-867.0,-1089.0,-1321.0
-214.0,-435.0,-662.0,-902.0,-1132.0,-1365,-169.0,-411.0,-637.0,-866.0,-1089.0,-1321.0
-214.0,-435.0,-662.0,-902.0,-1132.0,-1365,-169.0,-411.0,-636.0,-865.0,-1088.0,-1321.0
-214.0,-435.0,-662.0,-903.0,-1132.0,-1366,-169.0,-412.0,-636.0,-865.0,-1088.0,-1321.0
-214.0,-435.0,-662.0,-903.0,-1133.0,-1366,-169.0,-412.0,-635.0,-865.0,-1087.0,-1320.0
-214.0,-435.0,-662.0,-903.0,-1133.0,-1366,-169.0,-412.0,-634.0,-865.0,-1087.0,-1320.0
-214.0,-434.0,-662.0,-903.0,-1133.0,-1366,-169.0,-412.0,-634.0,-863.0,-1087.0,-1320.0
-214.0,-434.0,-662.0,-902.0,-1133.0,-1366,-169.0,-413.0,-634.0,-865.0,-1084.0,-1319.0
-214.0,-433.0,-662.0,-902.0,-1134.0,-1366,-170.0,-413.0,-632.0,-865.0,-1086.0,-1319.0
-213.0,-433.0,-663.0,-901.0,-1134.0,-1367,-170.0,-413.0,-634.0,-865.0,-1087.0,-1319.0
-213.0,-433.0,-663.0,-901.0,-1134.0,-1367,-170.0,-414.0,-634.0,-865.0,-1087.0,-1318.0
-213.0,-432.0,-663.0,-900.0,-1134.0,-1367,-170.0,-414.0,-634.0,-865.0,-1087.0,-1318.0
-213.0,-432.0,-663.0,-900.0,-1134.0,-1367,-170.0,-414.0,-635.0,-866.0,-1088.0,-1317.0
-212.0,-431.0,-663.0,-899.0,-1134.0,-1368,-170.0,-414.0,-635.0,-866.0,-1089.0,-1317.0
-212.0,-430.0,-664.0,-899.0,-1134.0,-1368,-170.0,-414.0,-635.0,-868.0,-1090.0,-1317.0
-211.0,-429.0,-664.0,-898.0,-1134.0,-1368,-170.0,-414.0,-636.0,-869.0,-1091.0,-1316.0
-211.0,-428.0,-664.0,-898.0,-1134.0,-1368,-170.0,-414.0,-637.0,-870.0,-1091.0,-1316.0
-210.0,-427.0,-664.0,-898.0,-1134.0,-1368,-170.0,-414.0,-638.0,-870.0,-1092.0,-1315.0
-210.0,-427.0,-664.0,-897.0,-1134.0,-1368,-170.0,-414.0,-639.0,-871.0,-1092.0,-1315.0
-210.0,-426.0,-664.0,-897.0,-1134.0,-1369,-170.0,-413.0,-640.0,-872.0,-1093.0,-1315.0
-209.0,-424.0,-664.0,-897.0,-1134.0,-1369,-170.0,-413.0,-641.0,-872.0,-1094.0,-1314.0
-209.0,-426.0,-664.0,-897.0,-1134.0,-1369,-170.0,-413.0,-641.0,-873.0,-1094.0,-1314.0
-209.0,-427.0,-664.0,-897.0,-1134.0,-1369,-170.0,-412.0,-642.0,-874.0,-1095.0,-1314.0
-208.0,-427.0,-664.0,-897.0,-1134.0,-1369,-170.0,-411.0,-643.0,-874.0,-1095.0,-1312.0
-208.0,-427.0,-664.0,-897.0,-1134.0,-1369,-170.0,-411.0,-643.0,-874.0,-1096.0,-1314.0
-208.0,-427.0,-664.0,-896.0,-1134.0,-1369,-170.0,-410.0,-644.0,-875.0,-1097.0,-1314.0
-208.0,-427.0,-664.0,-896.0,-1134.0,-1370,-169.0,-410.0,-644.0,-876.0,-1098.0,-1314.0
-207.0,-427.0,-664.0,-896.0,-1134.0,-1370,-169.0,-409.0,-644.0,-876.0,-1098.0,-1314.0
-207.0,-427.0,-663.0,-896.0,-1134.0,-1370,-167.0,-409.0,-645.0,-877.0,-1099.0,-1315.0
-206.0,-427.0,-663.0,-896.0,-1134.0,-1370,-169.0,-409.0,-645.0,-877.0,-1099.0,-1315.0
-206.0,-427.0,-663.0,-896.0,-1134.0,-1370,-169.0,-408.0,-646.0,-878.0,-1099.0,-1315.0
-206.0,-427.0,-663.0,-896.0,-1133.0,-1370,-169.0,-408.0,-646.0,-878.0,-1100.0,-1316.0
-205.0,-428.0,-663.0,-896.0,-1133.0,-1370,-170.0,-408.0,-646.0,-879.0,-1100.0,-1316.0
-205.0,-428.0,-662.0,-896.0,-1133.0,-1370,-170.0,-405.0,-647.0,-879.0,-1100.0,-1317.0
-205.0,-428.0,-662.0,-896.0,-1131.0,-1370,-171.0,-408.0,-647.0,-880.0,-1100.0,-1318.0
-205.0,-428.0,-662.0,-896.0,-1133.0,-1370,-171.0,-408.0,-647.0,-880.0,-1100.0,-1318.0
-205.0,-429.0,-662.0,-896.0,-1133.0,-1370,-172.0,-408.0,-648.0,-880.0,-1101.0,-1319.0
-205.0,-429.0,-660.0,-896.0,-1133.0,-1370,-173.0,-408.0,-648.0,-880.0,-1101.0,-1320.0
-205.0,-430.0,-662.0,-896.0,-1133.0,-1370,-174.0,-409.0,-648.0,-880.0,-1101.0,-1320.0
-205.0,-431.0,-662.0,-896.0,-1134.0,-1370,-175.0,-409.0,-648.0,-881.0,-1101.0,-1321.0
-204.0,-431.0,-662.0,-896.0,-1134.0,-1370,-176.0,-410.0,-648.0,-881.0,-1101.0,-1322.0
-204.0,-432.0,-662.0,-896.0,-1134.0,-1370,-177.0,-411.0,-648.0,-881.0,-1101.0,-1322.0
-204.0,-432.0,-663.0,-896.0,-1134.0,-1370,-178.0,-412.0,-648.0,-883.0,-1101.0,-1323.0
-204.0,-433.0,-663.0,-896.0,-1134.0,-1370,-179.0,-413.0,-648.0,-881.0,-1102.0,-1324.0
-202.0,-433.0,-664.0,-896.0,-1134.0,-1370,-180.0,-414.0,-649.0,-881.0,-1102.0,-1324.0
-204.0,-434.0,-664.0,-896.0,-1134.0,-1370,-181.0,-415.0,-649.0,-881.0,-1102.0,-1325.0
-204.0,-434.0,-664.0,-896.0,-1134.0,-1370,-181.0,-416.0,-651.0,-880.0,-1100.0,-1325.0
-204.0,-435.0,-664.0,-896.0,-1134.0,-1370,-181.0,-417.0,-649.0,-877.0,-1096.0,-1326.0
-204.0,-435.0,-664.0,-896.0,-1134.0,-1370,-183.0,-417.0,-649.0,-874.0,-1088.0,-1326.0
-205.0,-436.0,-664.0,-896.0,-1134.0,-1370,-181.0,-417.0,-647.0,-869.0,-1078.0,-1326.0
-206.0,-436.0,-664.0,-896.0,-1134.0,-1370,-181.0,-417.0,-645.0,-862.0,-1067.0,-1327.0
-207.0,-436.0,-665.0,-896.0,-1134.0,-1370,-181.0,-417.0,-643.0,-853.0,-1055.0,-1327.0
-207.0,-436.0,-665.0,-896.0,-1135.0,-1370,-180.0,-418.0,-640.0,-842.0,-1025.0,-1327.0
-208.0,-437.0,-665.0,-896.0,-1135.0,-1370,-179.0,-418.0,-636.0,-831.0,-1009.0,-1328.0
-208.0,-437.0,-665.0,-896.0,-1135.0,-1370,-178.0,-418.0,-632.0,-820.0,-992.0,-1328.0
-209.0,-437.0,-665.0,-895.0,-1136.0,-1370,-178.0,-419.0,-618.0,-800.0,-962.0,-1328.0
-209.0,-437.0,-665.0,-895.0,-1136.0,-1370,-177.0,-419.0,-607.0,-772.0,-908.0,-1328.0
-210.0,-437.0,-665.0,-895.0,-1136.0,-1370,-176.0,-419.0,-591.0,-688.0,-970.0,-1328.0
-210.0,-437.0,-665.0,-895.0,-1136.0,-1370,-175.0,-419.0,-573.0,-913.0,-968.0,-1328.0
-210.0,-437.0,-665.0,-895.0,-1136.0,-1370,-175.0,-419.0,-507.0,-922.0,-873.0,-1328.0
-211.0,-437.0,-665.0,-895.0,-1136.0,-1370,-174.0,-420.0,-616.0,-1004.0,-939.0,-1328.0
-211.0,-437.0,-665.0,-895.0,-1136.0,-1370,-174.0,-420.0,-627.0,-891.0,-981.0,-1329.0
-211.0,-437.0,-665.0,-895.0,-1136.0,-1371,-174.0,-420.0,-634.0,-889.0,-1020.0,-1329.0
-212.0,-437.0,-665.0,-895.0,-1136.0,-1371,-174.0,-420.0,-691.0,-889.0,-1031.0,-1325.0
-212.0,-437.0,-665.0,-895.0,-1136.0,-1371,-174.0,-420.0,-653.0,-716.0,-1064.0,-1320.0
-212.0,-437.0,-665.0,-895.0,-1136.0,-1371,-174.0,-420.0,-647.0,-819.0,-1090.0,-1316.0
-213.0,-437.0,-665.0,-895.0,-1136.0,-1371,-174.0,-420.0,-651.0,-819.0,-1119.0,-1308.0
-213.0,-437.0,-665.0,-895.0,-1136.0,-1371,-174.0,-420.0,-633.0,-910.0,-1132.0,-1296.0
-213.0,-438.0,-665.0,-895.0,-1136.0,-1371,-174.0,-420.0,-397.0,-926.0,-1122.0,-1284.0
-214.0,-438.0,-665.0,-895.0,-1136.0,-1371,-174.0,-420.0,-547.0,-909.0,-1117.0,-1272.0
-214.0,-438.0,-665.0,-895.0,-1136.0,-1371,-174.0,-421.0,-673.0,-905.0,-1113.0,-1261.0
-214.0,-438.0,-666.0,-895.0,-1136.0,-1371,-174.0,-423.0,-693.0,-898.0,-1110.0,-1245.0
-214.0,-439.0,-666.0,-895.0,-1136.0,-1371,-174.0,-421.0,-675.0,-893.0,-1106.0,-1229.0
-214.0,-439.0,-666.0,-895.0,-1136.0,-1371,-174.0,-420.0,-672.0,-889.0,-1104.0,-1218.0
-214.0,-439.0,-667.0,-895.0,-1136.0,-1371,-173.0,-418.0,-665.0,-886.0,-1102.0,-1190.0
-214.0,-439.0,-667.0,-895.0,-1136.0,-1371,-173.0,-414.0,-659.0,-883.0,-1101.0,-1210.0
-214.0,-439.0,-667.0,-894.0,-1136.0,-1371,-173.0,-409.0,-654.0,-881.0,-1100.0,-1220.0
-214.0,-439.0,-667.0,-894.0,-1136.0,-1371,-172.0,-404.0,-649.0,-879.0,-1099.0,-1229.0
-214.0,-439.0,-667.0,-892.0,-1136.0,-1371,-170.0,-398.0,-647.0,-878.0,-1099.0,-1260.0
-214.0,-439.0,-667.0,-894.0,-1136.0,-1371,-169.0,-385.0,-644.0,-878.0,-1099.0,-1281.0
-214.0,-439.0,-667.0,-894.0,-1136.0,-1371,-166.0,-372.0,-643.0,-878.0,-1099.0,-1290.0
-214.0,-439.0,-666.0,-895.0,-1136.0,-1371,-164.0,-357.0,-642.0,-877.0,-1099.0,-1317.0
-214.0,-439.0,-666.0,-895.0,-1136.0,-1371,-161.0,-344.0,-641.0,-877.0,-1098.0,-1331.0
-214.0,-439.0,-666.0,-895.0,-1136.0,-1371,-158.0,-333.0,-640.0,-877.0,-1098.0,-1343.0
-214.0,-439.0,-666.0,-895.0,-1136.0,-1371,-145.0,-313.0,-640.0,-876.0,-1098.0,-1350.0
-214.0,-439.0,-666.0,-896.0,-1136.0,-1371,-153.0,-294.0,-639.0,-876.0,-1098.0,-1341.0
-215.0,-439.0,-666.0,-896.0,-1136.0,-1371,-155.0,-276.0,-639.0,-876.0,-1098.0,-1338.0
-215.0,-439.0,-666.0,-896.0,-1136.0,-1371,-160.0,-260.0,-638.0,-875.0,-1097.0,-1335.0
-215.0,-439.0,-666.0,-896.0,-1136.0,-1371,-167.0,-226.0,-638.0,-875.0,-1097.0,-1333.0
-215.0,-439.0,-664.0,-896.0,-1136.0,-1371,-174.0,-256.0,-638.0,-875.0,-1097.0,-1332.0
-215.0,-440.0,-666.0,-896.0,-1136.0,-1371,-180.0,-276.0,-638.0,-874.0,-1096.0,-1330.0
-215.0,-440.0,-666.0,-896.0,-1136.0,-1371,-185.0,-342.0,-637.0,-874.0,-1096.0,-1329.0
-215.0,-440.0,-666.0,-896.0,-1136.0,-1371,-196.0,-354.0,-637.0,-873.0,-1096.0,-1328.0
-215.0,-440.0,-666.0,-896.0,-1136.0,-1371,-190.0,-437.0,-636.0,-873.0,-1096.0,-1328.0
-215.0,-440.0,-666.0,-896.0,-1136.0,-1371,-189.0,-462.0,-636.0,-872.0,-1095.0,-1328.0
-215.0,-440.0,-666.0,-896.0,-1135.0,-1371,-188.0,-448.0,-635.0,-872.0,-1095.0,-1328.0
-215.0,-440.0,-666.0,-896.0,-1135.0,-1371,-186.0,-446.0,-635.0,-871.0,-1095.0,-1328.0
-215.0,-440.0,-666.0,-896.0,-1135.0,-1372,-184.0,-443.0,-634.0,-870.0,-1094.0,-1328.0
-215.0,-440.0,-666.0,-896.0,-1135.0,-1372,-183.0,-437.0,-634.0,-870.0,-1094.0,-1328.0
-215.0,-440.0,-667.0,-896.0,-1135.0,-1372,-183.0,-431.0,-633.0,-869.0,-1093.0,-1327.0
-215.0,-440.0,-666.0,-896.0,-1135.0,-1372,-181.0,-426.0,-632.0,-868.0,-1093.0,-1327.0
-215.0,-440.0,-666.0,-896.0,-1135.0,-1372,-180.0,-423.0,-631.0,-867.0,-1092.0,-1327.0
-215.0,-440.0,-666.0,-896.0,-1135.0,-1372,-179.0,-420.0,-630.0,-867.0,-1092.0,-1327.0
-216.0,-440.0,-665.0,-896.0,-1135.0,-1372,-177.0,-417.0,-629.0,-866.0,-1091.0,-1327.0
-216.0,-439.0,-664.0,-896.0,-1135.0,-1372,-176.0,-415.0,-628.0,-865.0,-1091.0,-1327.0
-216.0,-439.0,-662.0,-896.0,-1135.0,-1372,-175.0,-413.0,-627.0,-864.0,-1090.0,-1326.0
-216.0,-439.0,-664.0,-896.0,-1135.0,-1372,-173.0,-412.0,-626.0,-863.0,-1089.0,-1326.0
-216.0,-439.0,-665.0,-897.0,-1135.0,-1372,-173.0,-412.0,-625.0,-861.0,-1088.0,-1326.0
-217.0,-439.0,-665.0,-897.0,-1134.0,-1372,-173.0,-411.0,-623.0,-860.0,-1087.0,-1326.0
-217.0,-439.0,-665.0,-897.0,-1134.0,-1372,-173.0,-411.0,-622.0,-858.0,-1086.0,-1325.0
-217.0,-439.0,-666.0,-897.0,-1134.0,-1372,-173.0,-411.0,-621.0,-856.0,-1085.0,-1325.0
-218.0,-439.0,-666.0,-897.0,-1134.0,-1372,-173.0,-410.0,-619.0,-855.0,-1085.0,-1325.0
-217.0,-439.0,-666.0,-897.0,-1134.0,-1371,-173.0,-410.0,-617.0,-852.0,-1084.0,-1325.0
-217.0,-439.0,-666.0,-897.0,-1134.0,-1371,-173.0,-410.0,-616.0,-850.0,-1082.0,-1325.0
-217.0,-439.0,-666.0,-897.0,-1134.0,-1371,-173.0,-409.0,-614.0,-849.0,-1081.0,-1324.0
-216.0,-439.0,-667.0,-897.0,-1134.0,-1371,-173.0,-409.0,-611.0,-847.0,-1079.0,-1324.0
-216.0,-439.0,-667.0,-897.0,-1134.0,-1370,-173.0,-409.0,-609.0,-845.0,-1077.0,-1324.0
-216.0,-437.0,-667.0,-896.0,-1134.0,-1370,-173.0,-408.0,-607.0,-843.0,-1075.0,-1324.0
-216.0,-439.0,-667.0,-894.0,-1134.0,-1370,-173.0,-408.0,-605.0,-841.0,-1074.0,-1324.0
-216.0,-439.0,-667.0,-896.0,-1134.0,-1369,-173.0,-408.0,-602.0,-838.0,-1072.0,-1323.0
-216.0,-439.0,-667.0,-897.0,-1134.0,-1369,-173.0,-407.0,-600.0,-835.0,-1071.0,-1323.0
-216.0,-439.0,-667.0,-897.0,-1133.0,-1368,-171.0,-407.0,-597.0,-833.0,-1069.0,-1323.0
-216.0,-439.0,-667.0,-898.0,-1133.0,-1367,-173.0,-406.0,-594.0,-830.0,-1068.0,-1322.0
-216.0,-439.0,-667.0,-899.0,-1133.0,-1366,-173.0,-405.0,-591.0,-827.0,-1067.0,-1322.0
-216.0,-439.0,-667.0,-899.0,-1133.0,-1365,-173.0,-404.0,-588.0,-825.0,-1065.0,-1321.0
-216.0,-439.0,-667.0,-899.0,-1133.0,-1365,-173.0,-402.0,-585.0,-821.0,-1064.0,-1321.0
-216.0,-439.0,-667.0,-900.0,-1132.0,-1364,-173.0,-401.0,-582.0,-819.0,-1063.0,-1320.0
-216.0,-439.0,-667.0,-900.0,-1132.0,-1364,-173.0,-401.0,-579.0,-816.0,-1062.0,-1320.0
-216.0,-439.0,-667.0,-901.0,-1131.0,-1364,-173.0,-400.0,-576.0,-813.0,-1060.0,-1319.0
-216.0,-439.0,-667.0,-901.0,-1131.0,-1362,-173.0,-399.0,-572.0,-811.0,-1059.0,-1319.0
-216.0,-439.0,-667.0,-902.0,-1131.0,-1364,-173.0,-398.0,-569.0,-809.0,-1058.0,-1318.0
-216.0,-439.0,-667.0,-903.0,-1130.0,-1364,-173.0,-397.0,-566.0,-808.0,-1057.0,-1318.0
-216.0,-440.0,-667.0,-904.0,-1130.0,-1364,-173.0,-396.0,-563.0,-806.0,-1057.0,-1317.0
-216.0,-440.0,-667.0,-904.0,-1130.0,-1364,-173.0,-395.0,-561.0,-805.0,-1056.0,-1317.0
-216.0,-440.0,-667.0,-906.0,-1130.0,-1365,-173.0,-393.0,-559.0,-805.0,-1054.0,-1316.0
-216.0,-440.0,-667.0,-906.0,-1129.0,-1365,-173.0,-391.0,-557.0,-801.0,-1056.0,-1316.0
-216.0,-440.0,-667.0,-907.0,-1129.0,-1365,-173.0,-390.0,-556.0,-804.0,-1057.0,-1316.0
-216.0,-440.0,-667.0,-908.0,-1129.0,-1365,-174.0,-387.0,-555.0,-805.0,-1057.0,-1315.0
-216.0,-440.0,-667.0,-909.0,-1126.0,-1365,-173.0,-385.0,-552.0,-806.0,-1058.0,-1315.0
-216.0,-440.0,-667.0,-909.0,-1128.0,-1366,-173.0,-383.0,-555.0,-808.0,-1059.0,-1314.0
-216.0,-440.0,-667.0,-910.0,-1129.0,-1367,-173.0,-380.0,-555.0,-811.0,-1061.0,-1313.0
-216.0,-440.0,-668.0,-910.0,-1129.0,-1368,-173.0,-377.0,-556.0,-814.0,-1063.0,-1312.0
-216.0,-440.0,-668.0,-911.0,-1130.0,-1369,-173.0,-375.0,-557.0,-817.0,-1065.0,-1312.0
-217.0,-440.0,-667.0,-911.0,-1131.0,-1370,-172.0,-373.0,-559.0,-822.0,-1067.0,-1311.0
-217.0,-440.0,-667.0,-913.0,-1132.0,-1371,-172.0,-371.0,-563.0,-826.0,-1070.0,-1310.0
-217.0,-440.0,-666.0,-911.0,-1133.0,-1371,-172.0,-369.0,-568.0,-830.0,-1073.0,-1310.0
-218.0,-440.0,-666.0,-911.0,-1133.0,-1372,-172.0,-366.0,-572.0,-834.0,-1075.0,-1310.0
-217.0,-440.0,-665.0,-911.0,-1134.0,-1372,-172.0,-364.0,-579.0,-839.0,-1077.0,-1310.0
-217.0,-440.0,-665.0,-910.0,-1134.0,-1372,-171.0,-362.0,-585.0,-843.0,-1079.0,-1309.0
-217.0,-440.0,-662.0,-910.0,-1134.0,-1372,-171.0,-358.0,-589.0,-848.0,-1082.0,-1309.0
-217.0,-439.0,-664.0,-910.0,-1134.0,-1372,-171.0,-355.0,-596.0,-851.0,-1083.0,-1309.0
-216.0,-439.0,-665.0,-909.0,-1135.0,-1372,-171.0,-351.0,-603.0,-855.0,-1085.0,-1307.0
-216.0,-439.0,-665.0,-909.0,-1135.0,-1372,-171.0,-347.0,-607.0,-859.0,-1086.0,-1309.0
-216.0,-439.0,-666.0,-908.0,-1135.0,-1372,-170.0,-343.0,-613.0,-862.0,-1088.0,-1309.0
-216.0,-438.0,-666.0,-907.0,-1135.0,-1372,-170.0,-340.0,-619.0,-865.0,-1089.0,-1309.0
-216.0,-437.0,-667.0,-906.0,-1135.0,-1373,-169.0,-337.0,-623.0,-867.0,-1090.0,-1310.0
-216.0,-435.0,-667.0,-905.0,-1135.0,-1373,-168.0,-334.0,-626.0,-869.0,-1091.0,-1310.0
-216.0,-434.0,-668.0,-904.0,-1135.0,-1373,-168.0,-332.0,-629.0,-871.0,-1092.0,-1311.0
-216.0,-433.0,-668.0,-903.0,-1136.0,-1374,-167.0,-331.0,-631.0,-872.0,-1093.0,-1311.0
-215.0,-432.0,-668.0,-902.0,-1136.0,-1374,-167.0,-330.0,-633.0,-873.0,-1093.0,-1312.0
-215.0,-432.0,-668.0,-901.0,-1136.0,-1374,-166.0,-328.0,-634.0,-874.0,-1094.0,-1313.0
-215.0,-431.0,-669.0,-900.0,-1136.0,-1375,-166.0,-327.0,-635.0,-874.0,-1094.0,-1314.0
-214.0,-430.0,-669.0,-899.0,-1137.0,-1375,-166.0,-325.0,-636.0,-875.0,-1095.0,-1315.0
-214.0,-429.0,-669.0,-899.0,-1137.0,-1375,-166.0,-327.0,-638.0,-875.0,-1095.0,-1316.0
-214.0,-429.0,-670.0,-898.0,-1137.0,-1375,-165.0,-328.0,-638.0,-876.0,-1096.0,-1317.0
-214.0,-429.0,-671.0,-897.0,-1138.0,-1375,-163.0,-329.0,-639.0,-876.0,-1096.0,-1318.0
-214.0,-429.0,-671.0,-897.0,-1139.0,-1375,-165.0,-332.0,-639.0,-877.0,-1096.0,-1318.0
-213.0,-429.0,-672.0,-896.0,-1139.0,-1375,-165.0,-336.0,-640.0,-877.0,-1097.0,-1319.0
-213.0,-428.0,-672.0,-896.0,-1140.0,-1375,-166.0,-340.0,-640.0,-877.0,-1097.0,-1319.0
-212.0,-426.0,-673.0,-896.0,-1141.0,-1375,-166.0,-345.0,-641.0,-878.0,-1097.0,-1320.0
-212.0,-428.0,-673.0,-896.0,-1145.0,-1374,-166.0,-350.0,-641.0,-878.0,-1098.0,-1321.0
-211.0,-429.0,-672.0,-896.0,-1141.0,-1374,-167.0,-357.0,-642.0,-878.0,-1098.0,-1321.0
-211.0,-429.0,-672.0,-896.0,-1140.0,-1374,-168.0,-363.0,-642.0,-878.0,-1098.0,-1322.0
-210.0,-429.0,-671.0,-896.0,-1138.0,-1373,-169.0,-369.0,-642.0,-878.0,-1098.0,-1323.0
-210.0,-430.0,-671.0,-896.0,-1135.0,-1373,-170.0,-375.0,-642.0,-878.0,-1098.0,-1323.0
-209.0,-431.0,-671.0,-896.0,-1132.0,-1372,-170.0,-380.0,-642.0,-878.0,-1098.0,-1323.0
-208.0,-431.0,-670.0,-896.0,-1129.0,-1372,-171.0,-385.0,-642.0,-878.0,-1098.0,-1324.0
-207.0,-432.0,-670.0,-896.0,-1124.0,-1372,-172.0,-391.0,-642.0,-878.0,-1098.0,-1324.0
-207.0,-433.0,-670.0,-895.0,-1120.0,-1371,-172.0,-395.0,-642.0,-878.0,-1098.0,-1325.0
-206.0,-435.0,-670.0,-895.0,-1116.0,-1371,-173.0,-399.0,-642.0,-878.0,-1098.0,-1325.0
-205.0,-436.0,-670.0,-895.0,-1112.0,-1370,-174.0,-402.0,-642.0,-878.0,-1098.0,-1325.0
-205.0,-437.0,-670.0,-892.0,-1108.0,-1369,-174.0,-405.0,-642.0,-879.0,-1098.0,-1326.0
-204.0,-438.0,-668.0,-895.0,-1104.0,-1368,-175.0,-408.0,-642.0,-878.0,-1098.0,-1326.0
-204.0,-439.0,-670.0,-895.0,-1095.0,-1366,-175.0,-409.0,-642.0,-878.0,-1098.0,-1327.0
-202.0,-440.0,-670.0,-895.0,-1102.0,-1363,-176.0,-411.0,-642.0,-878.0,-1099.0,-1327.0
-204.0,-441.0,-670.0,-895.0,-1106.0,-1361,-176.0,-412.0,-642.0,-878.0,-1099.0,-1327.0
-204.0,-441.0,-670.0,-896.0,-1111.0,-1358,-176.0,-412.0,-642.0,-878.0,-1099.0,-1327.0
-204.0,-442.0,-670.0,-898.0,-1116.0,-1355,-177.0,-413.0,-642.0,-878.0,-1099.0,-1328.0
-205.0,-443.0,-670.0,-901.0,-1123.0,-1353,-177.0,-414.0,-642.0,-878.0,-1099.0,-1328.0
-205.0,-444.0,-671.0,-905.0,-1130.0,-1346,-177.0,-414.0,-642.0,-878.0,-1099.0,-1328.0
-205.0,-444.0,-671.0,-917.0,-1134.0,-1356,-178.0,-415.0,-642.0,-878.0,-1099.0,-1328.0
-206.0,-445.0,-671.0,-931.0,-1136.0,-1363,-178.0,-415.0,-642.0,-878.0,-1099.0,-1329.0
-207.0,-445.0,-671.0,-937.0,-1138.0,-1368,-178.0,-415.0,-642.0,-878.0,-1099.0,-1329.0
-208.0,-446.0,-670.0,-942.0,-1139.0,-1375,-178.0,-415.0,-642.0,-878.0,-1099.0,-1329.0
-209.0,-446.0,-670.0,-967.0,-1139.0,-1386,-178.0,-416.0,-642.0,-877.0,-1098.0,-1329.0
-211.0,-446.0,-670.0,-952.0,-1142.0,-1390,-178.0,-416.0,-642.0,-877.0,-1096.0,-1329.0
-212.0,-447.0,-669.0,-947.0,-1140.0,-1398,-178.0,-416.0,-642.0,-877.0,-1098.0,-1329.0
-213.0,-447.0,-669.0,-940.0,-1139.0,-1393,-178.0,-416.0,-642.0,-877.0,-1098.0,-1329.0
-214.0,-447.0,-668.0,-931.0,-1139.0,-1391,-178.0,-416.0,-642.0,-877.0,-1099.0,-1329.0
-215.0,-447.0,-666.0,-921.0,-1139.0,-1388,-178.0,-416.0,-642.0,-877.0,-1099.0,-1329.0
-216.0,-447.0,-662.0,-913.0,-1139.0,-1384,-178.0,-416.0,-641.0,-877.0,-1099.0,-1329.0
-217.0,-447.0,-666.0,-907.0,-1139.0,-1382,-178.0,-416.0,-641.0,-877.0,-1099.0,-1329.0
-218.0,-447.0,-667.0,-901.0,-1139.0,-1380,-178.0,-416.0,-641.0,-877.0,-1099.0,-1329.0
-218.0,-447.0,-669.0,-895.0,-1139.0,-1378,-178.0,-416.0,-641.0,-877.0,-1099.0,-1329.0
-218.0,-447.0,-672.0,-888.0,-1139.0,-1376,-179.0,-416.0,-641.0,-877.0,-1099.0,-1330.0
-219.0,-447.0,-674.0,-885.0,-1139.0,-1374,-178.0,-416.0,-641.0,-877.0,-1099.0,-1330.0
-219.0,-447.0,-677.0,-882.0,-1139.0,-1374,-178.0,-416.0,-641.0,-877.0,-1100.0,-1330.0
-219.0,-447.0,-678.0,-875.0,-1139.0,-1371,-178.0,-416.0,-641.0,-877.0,-1100.0,-1330.0
-220.0,-446.0,-679.0,-881.0,-1140.0,-1374,-178.0,-416.0,-640.0,-878.0,-1100.0,-1330.0
-220.0,-446.0,-679.0,-883.0,-1140.0,-1373,-178.0,-416.0,-638.0,-878.0,-1100.0,-1330.0
-220.0,-444.0,-679.0,-886.0,-1140.0,-1373,-178.0,-416.0,-640.0,-878.0,-1100.0,-1330.0
-220.0,-443.0,-680.0,-889.0,-1140.0,-1373,-178.0,-416.0,-641.0,-878.0,-1100.0,-1330.0
-220.0,-442.0,-680.0,-892.0,-1140.0,-1373,-178.0,-416.0,-641.0,-878.0,-1100.0,-1330.0
-220.0,-441.0,-680.0,-895.0,-1140.0,-1373,-178.0,-416.0,-641.0,-878.0,-1100.0,-1330.0
-220.0,-439.0,-682.0,-898.0,-1140.0,-1373,-178.0,-416.0,-641.0,-878.0,-1100.0,-1330.0
-220.0,-436.0,-683.0,-899.0,-1140.0,-1373,-178.0,-416.0,-641.0,-878.0,-1100.0,-1330.0
-221.0,-432.0,-684.0,-900.0,-1141.0,-1373,-178.0,-415.0,-642.0,-878.0,-1100.0,-1330.0
-221.0,-426.0,-684.0,-900.0,-1140.0,-1373,-178.0,-415.0,-642.0,-878.0,-1100.0,-1330.0
-222.0,-419.0,-684.0,-900.0,-1140.0,-1373,-178.0,-415.0,-642.0,-878.0,-1100.0,-1330.0
-223.0,-413.0,-683.0,-901.0,-1140.0,-1373,-177.0,-415.0,-642.0,-879.0,-1100.0,-1330.0
-223.0,-406.0,-680.0,-901.0,-1140.0,-1373,-177.0,-415.0,-642.0,-879.0,-1100.0,-1330.0
-226.0,-400.0,-678.0,-901.0,-1140.0,-1373,-177.0,-415.0,-643.0,-879.0,-1100.0,-1330.0
-223.0,-395.0,-676.0,-901.0,-1140.0,-1373,-177.0,-414.0,-643.0,-879.0,-1100.0,-1330.0
-221.0,-383.0,-675.0,-901.0,-1140.0,-1373,-177.0,-414.0,-644.0,-879.0,-1100.0,-1330.0
-218.0,-399.0,-673.0,-902.0,-1140.0,-1373,-177.0,-414.0,-644.0,-879.0,-1100.0,-1330.0
-215.0,-418.0,-672.0,-902.0,-1139.0,-1373,-177.0,-414.0,-644.0,-879.0,-1100.0,-1331.0
-210.0,-426.0,-671.0,-902.0,-1139.0,-1373,-177.0,-413.0,-645.0,-880.0,-1100.0,-1330.0
-203.0,-436.0,-670.0,-902.0,-1139.0,-1373,-177.0,-413.0,-645.0,-880.0,-1101.0,-1330.0
-198.0,-455.0,-670.0,-902.0,-1139.0,-1373,-177.0,-413.0,-646.0,-880.0,-1101.0,-1330.0
-192.0,-470.0,-670.0,-902.0,-1139.0,-1373,-177.0,-413.0,-646.0,-880.0,-1101.0,-1330.0
-186.0,-476.0,-670.0,-902.0,-1139.0,-1373,-177.0,-413.0,-646.0,-880.0,-1101.0,-1330.0
-179.0,-469.0,-670.0,-902.0,-1139.0,-1373,-177.0,-412.0,-647.0,-880.0,-1101.0,-1330.0
-173.0,-465.0,-669.0,-902.0,-1138.0,-1373,-177.0,-410.0,-647.0,-881.0,-1101.0,-1330.0
-166.0,-461.0,-669.0,-903.0,-1138.0,-1373,-177.0,-412.0,-647.0,-881.0,-1101.0,-1330.0
-161.0,-456.0,-669.0,-903.0,-1138.0,-1373,-177.0,-413.0,-647.0,-881.0,-1101.0,-1330.0
-149.0,-453.0,-669.0,-903.0,-1138.0,-1373,-177.0,-413.0,-648.0,-881.0,-1102.0,-1330.0
-162.0,-450.0,-669.0,-903.0,-1138.0,-1372,-177.0,-413.0,-648.0,-882.0,-1102.0,-1330.0
-178.0,-448.0,-669.0,-903.0,-1137.0,-1372,-177.0,-413.0,-648.0,-882.0,-1102.0,-1330.0
-189.0,-446.0,-669.0,-903.0,-1137.0,-1371,-177.0,-413.0,-649.0,-882.0,-1103.0,-1330.0
-197.0,-445.0,-668.0,-903.0,-1137.0,-1371,-177.0,-414.0,-649.0,-882.0,-1103.0,-1330.0
-216.0,-444.0,-668.0,-903.0,-1137.0,-1371,-177.0,-414.0,-650.0,-882.0,-1103.0,-1330.0
-229.0,-444.0,-668.0,-904.0,-1137.0,-1370,-177.0,-414.0,-650.0,-882.0,-1104.0,-1330.0
-238.0,-444.0,-667.0,-904.0,-1137.0,-1370,-177.0,-415.0,-650.0,-882.0,-1106.0,-1330.0
-232.0,-444.0,-667.0,-904.0,-1136.0,-1370,-177.0,-415.0,-650.0,-883.0,-1104.0,-1330.0
-230.0,-444.0,-665.0,-904.0,-1136.0,-1370,-177.0,-415.0,-651.0,-883.0,-1103.0,-1330.0
-228.0,-444.0,-667.0,-904.0,-1136.0,-1370,-177.0,-416.0,-651.0,-883.0,-1103.0,-1330.0
-226.0,-444.0,-667.0,-904.0,-1136.0,-1370,-177.0,-416.0,-651.0,-883.0,-1103.0,-1330.0
-225.0,-444.0,-668.0,-904.0,-1136.0,-1370,-178.0,-416.0,-651.0,-883.0,-1103.0,-1330.0
-223.0,-444.0,-668.0,-904.0,-1136.0,-1370,-178.0,-416.0,-651.0,-883.0,-1103.0,-1329.0
-222.0,-444.0,-668.0,-905.0,-1135.0,-1370,-178.0,-416.0,-651.0,-884.0,-1103.0,-1329.0
-222.0,-444.0,-668.0,-905.0,-1135.0,-1370,-178.0,-416.0,-651.0,-883.0,-1103.0,-1329.0
-221.0,-444.0,-669.0,-905.0,-1135.0,-1370,-178.0,-417.0,-651.0,-883.0,-1104.0,-1329.0
-221.0,-444.0,-669.0,-906.0,-1135.0,-1370,-178.0,-417.0,-651.0,-883.0,-1105.0,-1329.0
-220.0,-444.0,-669.0,-907.0,-1134.0,-1370,-178.0,-417.0,-652.0,-883.0,-1104.0,-1329.0
-220.0,-444.0,-669.0,-907.0,-1134.0,-1369,-178.0,-417.0,-652.0,-883.0,-1103.0,-1329.0
-220.0,-444.0,-669.0,-908.0,-1134.0,-1369,-178.0,-418.0,-652.0,-883.0,-1103.0,-1329.0
-220.0,-444.0,-669.0,-909.0,-1132.0,-1369,-178.0,-418.0,-654.0,-883.0,-1103.0,-1329.0
-220.0,-444.0,-669.0,-909.0,-1134.0,-1369,-178.0,-419.0,-652.0,-882.0,-1103.0,-1329.0
-220.0,-444.0,-669.0,-910.0,-1134.0,-1369,-178.0,-419.0,-652.0,-882.0,-1102.0,-1329.0
-220.0,-444.0,-669.0,-910.0,-1134.0,-1369,-178.0,-419.0,-652.0,-881.0,-1102.0,-1329.0
-220.0,-444.0,-666.0,-911.0,-1134.0,-1369,-178.0,-420.0,-652.0,-881.0,-1102.0,-1329.0
-220.0,-444.0,-669.0,-912.0,-1135.0,-1369,-178.0,-420.0,-651.0,-881.0,-1101.0,-1329.0
-220.0,-444.0,-668.0,-912.0,-1135.0,-1369,-178.0,-420.0,-650.0,-880.0,-1100.0,-1329.0
-220.0,-444.0,-668.0,-912.0,-1135.0,-1369,-178.0,-420.0,-649.0,-880.0,-1100.0,-1329.0
-220.0,-444.0,-668.0,-913.0,-1135.0,-1369,-178.0,-420.0,-649.0,-879.0,-1099.0,-1329.0
-220.0,-444.0,-668.0,-913.0,-1136.0,-1369,-178.0,-420.0,-648.0,-878.0,-1098.0,-1329.0
-220.0,-444.0,-666.0,-913.0,-1136.0,-1369,-178.0,-421.0,-647.0,-878.0,-1098.0,-1329.0
-220.0,-443.0,-668.0,-914.0,-1136.0,-1368,-178.0,-421.0,-646.0,-877.0,-1097.0,-1329.0
-220.0,-443.0,-668.0,-914.0,-1137.0,-1368,-178.0,-421.0,-645.0,-876.0,-1096.0,-1329.0
-220.0,-443.0,-668.0,-914.0,-1137.0,-1368,-178.0,-421.0,-645.0,-875.0,-1096.0,-1330.0
-220.0,-442.0,-668.0,-914.0,-1137.0,-1368,-178.0,-421.0,-644.0,-874.0,-1095.0,-1331.0
-220.0,-442.0,-669.0,-914.0,-1138.0,-1368,-178.0,-421.0,-643.0,-874.0,-1095.0,-1330.0
-220.0,-441.0,-669.0,-914.0,-1138.0,-1366,-179.0,-421.0,-642.0,-873.0,-1095.0,-1329.0
-219.0,-440.0,-669.0,-915.0,-1138.0,-1368,-179.0,-421.0,-642.0,-871.0,-1094.0,-1329.0
-219.0,-439.0,-670.0,-917.0,-1138.0,-1368,-179.0,-421.0,-642.0,-873.0,-1092.0,-1329.0
-219.0,-439.0,-670.0,-915.0,-1139.0,-1368,-179.0,-423.0,-642.0,-873.0,-1094.0,-1328.0
-219.0,-438.0,-670.0,-914.0,-1139.0,-1368,-179.0,-421.0,-639.0,-874.0,-1095.0,-1328.0
-219.0,-438.0,-671.0,-914.0,-1140.0,-1368,-179.0,-421.0,-642.0,-875.0,-1095.0,-1328.0
-219.0,-438.0,-671.0,-914.0,-1140.0,-1369,-180.0,-421.0,-643.0,-875.0,-1096.0,-1327.0
-219.0,-437.0,-671.0,-914.0,-1141.0,-1370,-179.0,-421.0,-643.0,-876.0,-1097.0,-1326.0
-218.0,-437.0,-672.0,-913.0,-1141.0,-1370,-179.0,-421.0,-645.0,-877.0,-1097.0,-1325.0
-218.0,-436.0,-672.0,-913.0,-1142.0,-1371,-179.0,-421.0,-646.0,-878.0,-1098.0,-1325.0
-218.0,-436.0,-672.0,-912.0,-1142.0,-1371,-179.0,-421.0,-647.0,-879.0,-1099.0,-1324.0
-218.0,-436.0,-672.0,-911.0,-1142.0,-1371,-179.0,-421.0,-649.0,-880.0,-1099.0,-1323.0
-218.0,-435.0,-673.0,-910.0,-1143.0,-1372,-179.0,-421.0,-650.0,-881.0,-1100.0,-1323.0
-218.0,-435.0,-673.0,-909.0,-1143.0,-1372,-178.0,-420.0,-651.0,-881.0,-1101.0,-1323.0
-217.0,-435.0,-673.0,-909.0,-1145.0,-1372,-178.0,-420.0,-652.0,-882.0,-1101.0,-1323.0
-217.0,-434.0,-673.0,-908.0,-1143.0,-1372,-178.0,-420.0,-653.0,-882.0,-1101.0,-1323.0
-217.0,-434.0,-673.0,-908.0,-1143.0,-1372,-178.0,-419.0,-653.0,-882.0,-1102.0,-1323.0
-217.0,-434.0,-672.0,-907.0,-1143.0,-1372,-178.0,-418.0,-653.0,-883.0,-1102.0,-1322.0
-216.0,-434.0,-672.0,-907.0,-1142.0,-1372,-177.0,-418.0,-654.0,-883.0,-1103.0,-1322.0
-216.0,-433.0,-672.0,-906.0,-1142.0,-1373,-177.0,-417.0,-654.0,-884.0,-1104.0,-1322.0
-215.0,-433.0,-672.0,-906.0,-1141.0,-1373,-177.0,-416.0,-654.0,-884.0,-1104.0,-1321.0
-215.0,-433.0,-671.0,-905.0,-1141.0,-1373,-177.0,-415.0,-654.0,-884.0,-1104.0,-1321.0
-214.0,-433.0,-671.0,-905.0,-1141.0,-1373,-177.0,-415.0,-654.0,-884.0,-1105.0,-1319.0
-213.0,-433.0,-671.0,-905.0,-1140.0,-1373,-177.0,-414.0,-654.0,-885.0,-1105.0,-1321.0
-213.0,-431.0,-670.0,-905.0,-1140.0,-1374,-177.0,-414.0,-655.0,-885.0,-1105.0,-1321.0
-212.0,-433.0,-670.0,-905.0,-1140.0,-1374,-177.0,-411.0,-655.0,-885.0,-1106.0,-1321.0
-212.0,-433.0,-669.0,-905.0,-1140.0,-1374,-178.0,-413.0,-655.0,-885.0,-1106.0,-1322.0
-211.0,-433.0,-669.0,-905.0,-1140.0,-1374,-179.0,-414.0,-655.0,-886.0,-1106.0,-1322.0
-211.0,-433.0,-669.0,-905.0,-1140.0,-1375,-180.0,-414.0,-655.0,-886.0,-1106.0,-1322.0
-211.0,-433.0,-669.0,-905.0,-1140.0,-1375,-180.0,-414.0,-656.0,-886.0,-1106.0,-1323.0
-210.0,-433.0,-669.0,-905.0,-1140.0,-1375,-181.0,-415.0,-656.0,-886.0,-1107.0,-1323.0
-210.0,-434.0,-669.0,-905.0,-1140.0,-1375,-183.0,-415.0,-656.0,-886.0,-1107.0,-1324.0
-210.0,-434.0,-669.0,-905.0,-1140.0,-1376,-184.0,-416.0,-656.0,-886.0,-1107.0,-1324.0
-210.0,-434.0,-669.0,-905.0,-1140.0,-1376,-185.0,-417.0,-656.0,-886.0,-1107.0,-1325.0
-210.0,-435.0,-669.0,-904.0,-1140.0,-1376,-186.0,-418.0,-656.0,-887.0,-1108.0,-1326.0
-208.0,-436.0,-669.0,-904.0,-1141.0,-1376,-187.0,-419.0,-656.0,-887.0,-1108.0,-1327.0
-210.0,-436.0,-669.0,-904.0,-1141.0,-1376,-188.0,-420.0,-656.0,-887.0,-1108.0,-1327.0
-210.0,-437.0,-668.0,-904.0,-1141.0,-1376,-188.0,-421.0,-657.0,-888.0,-1108.0,-1328.0
-210.0,-438.0,-668.0,-904.0,-1141.0,-1376,-189.0,-421.0,-657.0,-887.0,-1108.0,-1329.0
-210.0,-439.0,-666.0,-904.0,-1142.0,-1376,-191.0,-422.0,-659.0,-887.0,-1109.0,-1330.0
-210.0,-440.0,-668.0,-904.0,-1141.0,-1376,-189.0,-423.0,-657.0,-887.0,-1111.0,-1330.0
-211.0,-441.0,-668.0,-904.0,-1141.0,-1376,-189.0,-423.0,-657.0,-886.0,-1109.0,-1331.0
-212.0,-442.0,-668.0,-904.0,-1141.0,-1376,-188.0,-423.0,-657.0,-886.0,-1109.0,-1331.0
-212.0,-443.0,-669.0,-904.0,-1141.0,-1376,-188.0,-423.0,-656.0,-881.0,-1103.0,-1332.0
-213.0,-443.0,-669.0,-904.0,-1141.0,-1376,-187.0,-424.0,-653.0,-875.0,-1097.0,-1332.0
-214.0,-443.0,-669.0,-904.0,-1140.0,-1376,-186.0,-424.0,-648.0,-869.0,-1092.0,-1333.0
-215.0,-444.0,-669.0,-904.0,-1140.0,-1376,-185.0,-424.0,-644.0,-863.0,-1083.0,-1333.0
-215.0,-444.0,-670.0,-904.0,-1140.0,-1376,-184.0,-424.0,-639.0,-851.0,-1056.0,-1333.0
-216.0,-444.0,-670.0,-904.0,-1140.0,-1376,-184.0,-424.0,-631.0,-840.0,-1040.0,-1333.0
-217.0,-445.0,-671.0,-904.0,-1140.0,-1376,-183.0,-425.0,-618.0,-810.0,-1026.0,-1333.0
-218.0,-445.0,-672.0,-904.0,-1141.0,-1377,-182.0,-425.0,-600.0,-786.0,-1003.0,-1333.0
-218.0,-445.0,-672.0,-904.0,-1141.0,-1377,-181.0,-425.0,-574.0,-767.0,-978.0,-1333.0
-219.0,-445.0,-672.0,-904.0,-1141.0,-1377,-181.0,-425.0,-561.0,-749.0,-965.0,-1333.0
-219.0,-445.0,-672.0,-904.0,-1141.0,-1377,-181.0,-425.0,-545.0,-736.0,-936.0,-1333.0
-219.0,-445.0,-672.0,-904.0,-1142.0,-1377,-180.0,-426.0,-519.0,-707.0,-897.0,-1333.0
-220.0,-445.0,-672.0,-904.0,-1142.0,-1377,-180.0,-426.0,-498.0,-680.0,-927.0,-1334.0
-220.0,-445.0,-672.0,-904.0,-1142.0,-1377,-180.0,-426.0,-477.0,-622.0,-964.0,-1334.0
-221.0,-445.0,-672.0,-904.0,-1142.0,-1377,-180.0,-426.0,-462.0,-696.0,-988.0,-1335.0
-221.0,-446.0,-672.0,-904.0,-1142.0,-1377,-180.0,-426.0,-454.0,-727.0,-1017.0,-1334.0
-222.0,-446.0,-672.0,-904.0,-1142.0,-1377,-180.0,-426.0,-393.0,-800.0,-1054.0,-1334.0
-222.0,-446.0,-672.0,-904.0,-1142.0,-1377,-180.0,-426.0,-437.0,-815.0,-1085.0,-1333.0
-222.0,-446.0,-673.0,-904.0,-1142.0,-1377,-180.0,-426.0,-572.0,-843.0,-1105.0,-1332.0
-222.0,-446.0,-673.0,-904.0,-1142.0,-1377,-179.0,-426.0,-579.0,-890.0,-1126.0,-1328.0
-223.0,-446.0,-673.0,-904.0,-1142.0,-1377,-179.0,-426.0,-669.0,-896.0,-1138.0,-1324.0
-223.0,-446.0,-673.0,-904.0,-1142.0,-1377,-179.0,-429.0,-680.0,-896.0,-1129.0,-1318.0
-223.0,-446.0,-673.0,-904.0,-1142.0,-1377,-179.0,-426.0,-698.0,-927.0,-1125.0,-1311.0
-223.0,-447.0,-673.0,-904.0,-1142.0,-1377,-179.0,-424.0,-684.0,-908.0,-1120.0,-1297.0
-223.0,-447.0,-673.0,-904.0,-1142.0,-1377,-179.0,-422.0,-680.0,-902.0,-1116.0,-1284.0
-223.0,-447.0,-673.0,-904.0,-1142.0,-1377,-177.0,-418.0,-672.0,-896.0,-1112.0,-1271.0
-223.0,-447.0,-673.0,-904.0,-1143.0,-1377,-175.0,-412.0,-663.0,-892.0,-1108.0,-1260.0
-223.0,-447.0,-673.0,-904.0,-1144.0,-1377,-173.0,-406.0,-658.0,-888.0,-1106.0,-1242.0
-223.0,-447.0,-673.0,-904.0,-1143.0,-1377,-171.0,-396.0,-653.0,-885.0,-1105.0,-1229.0
-223.0,-447.0,-673.0,-904.0,-1142.0,-1377,-167.0,-383.0,-648.0,-883.0,-1105.0,-1208.0
-223.0,-447.0,-673.0,-904.0,-1142.0,-1377,-163.0,-368.0,-646.0,-882.0,-1105.0,-1223.0
-223.0,-447.0,-673.0,-904.0,-1142.0,-1377,-160.0,-354.0,-646.0,-881.0,-1104.0,-1241.0
-223.0,-447.0,-673.0,-904.0,-1142.0,-1377,-153.0,-334.0,-645.0,-881.0,-1104.0,-1255.0
-223.0,-447.0,-673.0,-904.0,-1142.0,-1377,-160.0,-314.0,-645.0,-880.0,-1104.0,-1274.0
-223.0,-447.0,-673.0,-904.0,-1142.0,-1377,-163.0,-302.0,-644.0,-879.0,-1104.0,-1295.0
-223.0,-448.0,-673.0,-904.0,-1142.0,-1377,-170.0,-286.0,-644.0,-879.0,-1104.0,-1310.0
-223.0,-448.0,-673.0,-904.0,-1142.0,-1377,-177.0,-262.0,-644.0,-878.0,-1104.0,-1323.0
-223.0,-448.0,-673.0,-903.0,-1142.0,-1377,-184.0,-222.0,-643.0,-878.0,-1104.0,-1334.0
-223.0,-448.0,-673.0,-903.0,-1142.0,-1377,-191.0,-249.0,-643.0,-877.0,-1103.0,-1346.0
-223.0,-448.0,-673.0,-903.0,-1142.0,-1378,-198.0,-259.0,-642.0,-877.0,-1103.0,-1355.0
-224.0,-448.0,-673.0,-903.0,-1142.0,-1378,-202.0,-327.0,-642.0,-876.0,-1103.0,-1347.0
-224.0,-448.0,-673.0,-903.0,-1142.0,-1378,-209.0,-337.0,-642.0,-876.0,-1102.0,-1344.0
-224.0,-448.0,-673.0,-903.0,-1142.0,-1378,-204.0,-367.0,-641.0,-876.0,-1102.0,-1339.0
-224.0,-448.0,-673.0,-903.0,-1142.0,-1378,-202.0,-415.0,-641.0,-875.0,-1102.0,-1337.0
-224.0,-448.0,-673.0,-903.0,-1142.0,-1378,-201.0,-446.0,-640.0,-875.0,-1102.0,-1335.0
-224.0,-448.0,-673.0,-903.0,-1142.0,-1378,-198.0,-467.0,-640.0,-874.0,-1101.0,-1334.0
-224.0,-448.0,-673.0,-903.0,-1142.0,-1378,-197.0,-451.0,-639.0,-874.0,-1101.0,-1333.0
-224.0,-448.0,-674.0,-903.0,-1142.0,-1378,-194.0,-447.0,-639.0,-873.0,-1100.0,-1332.0
-224.0,-448.0,-674.0,-903.0,-1142.0,-1378,-192.0,-441.0,-638.0,-873.0,-1100.0,-1331.0
-224.0,-448.0,-674.0,-903.0,-1142.0,-1378,-189.0,-433.0,-638.0,-872.0,-1100.0,-1331.0
-224.0,-448.0,-674.0,-903.0,-1142.0,-1378,-186.0,-428.0,-637.0,-872.0,-1099.0,-1331.0
-224.0,-448.0,-674.0,-903.0,-1142.0,-1378,-185.0,-424.0,-637.0,-871.0,-1099.0,-1330.0
-224.0,-448.0,-674.0,-903.0,-1142.0,-1378,-183.0,-421.0,-636.0,-870.0,-1098.0,-1330.0
-224.0,-448.0,-674.0,-903.0,-1142.0,-1378,-181.0,-419.0,-635.0,-869.0,-1098.0,-1330.0
-224.0,-449.0,-674.0,-903.0,-1142.0,-1378,-180.0,-418.0,-634.0,-868.0,-1097.0,-1330.0
-224.0,-449.0,-674.0,-903.0,-1142.0,-1378,-179.0,-417.0,-634.0,-867.0,-1096.0,-1329.0
-225.0,-449.0,-674.0,-903.0,-1142.0,-1378,-179.0,-416.0,-633.0,-866.0,-1096.0,-1329.0
-225.0,-449.0,-675.0,-902.0,-1142.0,-1378,-179.0,-416.0,-632.0,-865.0,-1095.0,-1329.0
-225.0,-449.0,-675.0,-902.0,-1143.0,-1378,-179.0,-416.0,-631.0,-864.0,-1095.0,-1329.0
-225.0,-449.0,-675.0,-902.0,-1143.0,-1378,-179.0,-415.0,-630.0,-863.0,-1094.0,-1329.0
-225.0,-449.0,-675.0,-902.0,-1145.0,-1379,-179.0,-415.0,-629.0,-862.0,-1093.0,-1329.0
-226.0,-449.0,-675.0,-902.0,-1143.0,-1379,-179.0,-415.0,-628.0,-860.0,-1093.0,-1328.0
-226.0,-449.0,-675.0,-902.0,-1143.0,-1379,-179.0,-414.0,-626.0,-859.0,-1092.0,-1328.0
-226.0,-449.0,-675.0,-902.0,-1143.0,-1379,-179.0,-414.0,-624.0,-858.0,-1092.0,-1328.0
-226.0,-449.0,-675.0,-902.0,-1142.0,-1378,-179.0,-413.0,-622.0,-856.0,-1091.0,-1328.0
-226.0,-449.0,-675.0,-902.0,-1142.0,-1378,-179.0,-413.0,-620.0,-855.0,-1091.0,-1328.0
-226.0,-449.0,-675.0,-900.0,-1142.0,-1378,-178.0,-413.0,-618.0,-853.0,-1089.0,-1328.0
-226.0,-450.0,-675.0,-902.0,-1141.0,-1378,-178.0,-412.0,-616.0,-851.0,-1088.0,-1328.0
-226.0,-450.0,-675.0,-902.0,-1141.0,-1378,-178.0,-412.0,-613.0,-849.0,-1087.0,-1328.0
-226.0,-450.0,-675.0,-902.0,-1141.0,-1378,-178.0,-411.0,-611.0,-847.0,-1086.0,-1328.0
-226.0,-450.0,-675.0,-902.0,-1141.0,-1378,-178.0,-411.0,-608.0,-844.0,-1085.0,-1327.0
-226.0,-450.0,-676.0,-902.0,-1141.0,-1378,-178.0,-410.0,-606.0,-841.0,-1083.0,-1327.0
-226.0,-450.0,-676.0,-902.0,-1140.0,-1378,-178.0,-410.0,-602.0,-838.0,-1082.0,-1327.0
-226.0,-450.0,-676.0,-902.0,-1140.0,-1378,-177.0,-409.0,-600.0,-835.0,-1080.0,-1327.0
-226.0,-451.0,-676.0,-902.0,-1140.0,-1378,-178.0,-408.0,-596.0,-831.0,-1079.0,-1327.0
-226.0,-451.0,-676.0,-902.0,-1140.0,-1377,-178.0,-407.0,-593.0,-828.0,-1077.0,-1327.0
-226.0,-451.0,-676.0,-902.0,-1140.0,-1377,-179.0,-407.0,-590.0,-826.0,-1076.0,-1327.0
-226.0,-451.0,-676.0,-903.0,-1140.0,-1377,-178.0,-406.0,-587.0,-824.0,-1075.0,-1327.0
-226.0,-451.0,-676.0,-903.0,-1139.0,-1377,-178.0,-405.0,-584.0,-821.0,-1074.0,-1327.0
-226.0,-452.0,-676.0,-904.0,-1139.0,-1377,-177.0,-403.0,-581.0,-819.0,-1072.0,-1327.0
-226.0,-452.0,-676.0,-904.0,-1138.0,-1377,-177.0,-403.0,-578.0,-817.0,-1071.0,-1326.0
-226.0,-452.0,-676.0,-905.0,-1138.0,-1377,-177.0,-402.0,-574.0,-814.0,-1069.0,-1326.0
-226.0,-452.0,-676.0,-906.0,-1137.0,-1377,-177.0,-400.0,-571.0,-812.0,-1068.0,-1326.0
-226.0,-452.0,-676.0,-907.0,-1137.0,-1377,-176.0,-398.0,-569.0,-811.0,-1068.0,-1325.0
-226.0,-452.0,-676.0,-908.0,-1136.0,-1377,-176.0,-396.0,-566.0,-810.0,-1067.0,-1325.0
-226.0,-453.0,-676.0,-908.0,-1136.0,-1377,-175.0,-395.0,-564.0,-808.0,-1067.0,-1324.0
-227.0,-453.0,-676.0,-909.0,-1135.0,-1377,-175.0,-393.0,-563.0,-808.0,-1066.0,-1323.0
-227.0,-453.0,-676.0,-909.0,-1135.0,-1377,-175.0,-391.0,-562.0,-807.0,-1064.0,-1323.0
-227.0,-454.0,-676.0,-909.0,-1135.0,-1377,-174.0,-388.0,-561.0,-805.0,-1066.0,-1322.0
-227.0,-454.0,-676.0,-910.0,-1134.0,-1377,-174.0,-386.0,-558.0,-807.0,-1067.0,-1322.0
-227.0,-454.0,-676.0,-910.0,-1134.0,-1377,-173.0,-383.0,-561.0,-808.0,-1068.0,-1321.0
-227.0,-454.0,-676.0,-911.0,-1134.0,-1377,-173.0,-380.0,-561.0,-810.0,-1069.0,-1320.0
-227.0,-454.0,-676.0,-911.0,-1133.0,-1377,-172.0,-378.0,-563.0,-813.0,-1070.0,-1320.0
-227.0,-454.0,-676.0,-912.0,-1132.0,-1374,-172.0,-375.0,-566.0,-816.0,-1071.0,-1319.0
-227.0,-454.0,-676.0,-913.0,-1132.0,-1376,-171.0,-370.0,-569.0,-820.0,-1073.0,-1319.0
-227.0,-453.0,-676.0,-914.0,-1131.0,-1377,-170.0,-367.0,-574.0,-824.0,-1075.0,-1318.0
-227.0,-453.0,-676.0,-915.0,-1128.0,-1377,-169.0,-364.0,-578.0,-828.0,-1077.0,-1317.0
-228.0,-453.0,-676.0,-916.0,-1131.0,-1378,-168.0,-361.0,-583.0,-832.0,-1079.0,-1317.0
-227.0,-452.0,-676.0,-917.0,-1132.0,-1379,-167.0,-358.0,-588.0,-836.0,-1081.0,-1317.0
-227.0,-452.0,-676.0,-917.0,-1132.0,-1380,-166.0,-356.0,-594.0,-840.0,-1083.0,-1317.0
-227.0,-452.0,-677.0,-919.0,-1133.0,-1381,-166.0,-353.0,-599.0,-844.0,-1085.0,-1316.0
-227.0,-451.0,-677.0,-917.0,-1135.0,-1382,-164.0,-349.0,-605.0,-848.0,-1087.0,-1316.0
-227.0,-451.0,-677.0,-917.0,-1136.0,-1383,-164.0,-346.0,-610.0,-852.0,-1089.0,-1316.0
-227.0,-450.0,-677.0,-916.0,-1137.0,-1383,-163.0,-342.0,-616.0,-856.0,-1090.0,-1316.0
-227.0,-449.0,-678.0,-916.0,-1138.0,-1383,-162.0,-339.0,-621.0,-859.0,-1092.0,-1316.0
-227.0,-449.0,-678.0,-915.0,-1139.0,-1384,-161.0,-336.0,-626.0,-862.0,-1093.0,-1316.0
-227.0,-448.0,-678.0,-914.0,-1139.0,-1384,-160.0,-333.0,-630.0,-864.0,-1093.0,-1315.0
-227.0,-448.0,-678.0,-914.0,-1139.0,-1384,-159.0,-331.0,-632.0,-866.0,-1094.0,-1313.0
-227.0,-447.0,-678.0,-913.0,-1139.0,-1384,-159.0,-330.0,-634.0,-867.0,-1094.0,-1315.0
-227.0,-447.0,-678.0,-912.0,-1139.0,-1384,-159.0,-329.0,-636.0,-868.0,-1095.0,-1316.0
-226.0,-447.0,-678.0,-912.0,-1139.0,-1384,-156.0,-325.0,-637.0,-869.0,-1096.0,-1316.0
-226.0,-446.0,-678.0,-911.0,-1139.0,-1385,-158.0,-328.0,-639.0,-870.0,-1096.0,-1317.0
-225.0,-446.0,-679.0,-911.0,-1139.0,-1385,-159.0,-329.0,-640.0,-871.0,-1097.0,-1317.0
-224.0,-446.0,-680.0,-910.0,-1139.0,-1385,-159.0,-330.0,-641.0,-872.0,-1097.0,-1318.0
-224.0,-446.0,-680.0,-909.0,-1139.0,-1386,-159.0,-332.0,-642.0,-873.0,-1098.0,-1319.0
-223.0,-445.0,-681.0,-909.0,-1139.0,-1387,-160.0,-336.0,-643.0,-873.0,-1098.0,-1320.0
-223.0,-444.0,-682.0,-909.0,-1139.0,-1387,-161.0,-340.0,-644.0,-874.0,-1099.0,-1320.0
-222.0,-444.0,-684.0,-908.0,-1139.0,-1388,-162.0,-345.0,-644.0,-874.0,-1099.0,-1321.0
-222.0,-443.0,-685.0,-907.0,-1139.0,-1388,-163.0,-350.0,-644.0,-874.0,-1099.0,-1322.0
-222.0,-442.0,-686.0,-907.0,-1139.0,-1388,-165.0,-356.0,-645.0,-874.0,-1099.0,-1323.0
-221.0,-442.0,-687.0,-906.0,-1140.0,-1389,-166.0,-361.0,-645.0,-874.0,-1099.0,-1324.0
-221.0,-439.0,-690.0,-906.0,-1140.0,-1391,-168.0,-367.0,-646.0,-874.0,-1099.0,-1325.0
-220.0,-442.0,-687.0,-905.0,-1141.0,-1389,-169.0,-372.0,-646.0,-874.0,-1100.0,-1326.0
-220.0,-442.0,-687.0,-905.0,-1141.0,-1389,-171.0,-379.0,-646.0,-874.0,-1100.0,-1327.0
-219.0,-443.0,-686.0,-904.0,-1141.0,-1388,-172.0,-384.0,-646.0,-874.0,-1100.0,-1327.0
-218.0,-444.0,-686.0,-904.0,-1141.0,-1388,-174.0,-390.0,-646.0,-874.0,-1100.0,-1328.0
-217.0,-445.0,-685.0,-903.0,-1141.0,-1388,-175.0,-396.0,-647.0,-874.0,-1100.0,-1328.0
-216.0,-446.0,-685.0,-903.0,-1144.0,-1387,-177.0,-400.0,-646.0,-873.0,-1100.0,-1328.0
-215.0,-447.0,-684.0,-903.0,-1142.0,-1386,-178.0,-403.0,-646.0,-873.0,-1100.0,-1328.0
-215.0,-449.0,-681.0,-903.0,-1141.0,-1386,-180.0,-407.0,-646.0,-873.0,-1100.0,-1329.0
-214.0,-449.0,-684.0,-900.0,-1139.0,-1385,-180.0,-410.0,-646.0,-873.0,-1100.0,-1329.0
-213.0,-450.0,-684.0,-903.0,-1137.0,-1385,-181.0,-412.0,-646.0,-873.0,-1100.0,-1329.0
-213.0,-450.0,-685.0,-903.0,-1134.0,-1384,-182.0,-414.0,-645.0,-873.0,-1100.0,-1329.0
-213.0,-451.0,-685.0,-903.0,-1130.0,-1384,-182.0,-415.0,-645.0,-873.0,-1100.0,-1329.0
-213.0,-452.0,-685.0,-903.0,-1125.0,-1383,-182.0,-416.0,-645.0,-873.0,-1100.0,-1329.0
-211.0,-452.0,-686.0,-903.0,-1120.0,-1383,-183.0,-417.0,-645.0,-872.0,-1100.0,-1329.0
-213.0,-453.0,-686.0,-904.0,-1116.0,-1382,-183.0,-418.0,-645.0,-872.0,-1100.0,-1329.0
-213.0,-453.0,-686.0,-904.0,-1112.0,-1381,-183.0,-418.0,-645.0,-872.0,-1100.0,-1329.0
-213.0,-454.0,-687.0,-904.0,-1109.0,-1379,-183.0,-419.0,-644.0,-872.0,-1100.0,-1329.0
-213.0,-455.0,-687.0,-904.0,-1102.0,-1378,-183.0,-419.0,-644.0,-872.0,-1099.0,-1329.0
-214.0,-456.0,-689.0,-904.0,-1108.0,-1376,-183.0,-419.0,-644.0,-872.0,-1099.0,-1329.0
-215.0,-456.0,-687.0,-905.0,-1111.0,-1373,-183.0,-420.0,-644.0,-872.0,-1099.0,-1329.0
-215.0,-457.0,-687.0,-906.0,-1114.0,-1370,-183.0,-420.0,-644.0,-872.0,-1099.0,-1329.0
-216.0,-458.0,-686.0,-910.0,-1119.0,-1367,-183.0,-420.0,-644.0,-872.0,-1099.0,-1329.0
-218.0,-459.0,-686.0,-924.0,-1124.0,-1363,-183.0,-420.0,-644.0,-872.0,-1099.0,-1329.0
-219.0,-460.0,-685.0,-936.0,-1129.0,-1360,-184.0,-420.0,-644.0,-872.0,-1099.0,-1329.0
-220.0,-460.0,-684.0,-940.0,-1133.0,-1353,-184.0,-421.0,-644.0,-872.0,-1099.0,-1329.0
-221.0,-461.0,-684.0,-945.0,-1137.0,-1362,-184.0,-420.0,-644.0,-872.0,-1099.0,-1330.0
-223.0,-461.0,-683.0,-960.0,-1141.0,-1372,-184.0,-420.0,-644.0,-872.0,-1099.0,-1330.0
-223.0,-461.0,-683.0,-971.0,-1142.0,-1378,-184.0,-420.0,-644.0,-872.0,-1099.0,-1330.0
-224.0,-461.0,-682.0,-960.0,-1142.0,-1385,-184.0,-420.0,-644.0,-872.0,-1099.0,-1330.0
-224.0,-461.0,-679.0,-955.0,-1142.0,-1390,-184.0,-420.0,-644.0,-872.0,-1099.0,-1330.0
-224.0,-460.0,-682.0,-948.0,-1143.0,-1396,-184.0,-420.0,-644.0,-872.0,-1099.0,-1330.0
-224.0,-460.0,-683.0,-940.0,-1143.0,-1401,-184.0,-419.0,-644.0,-872.0,-1099.0,-1330.0
-225.0,-460.0,-684.0,-932.0,-1143.0,-1409,-184.0,-419.0,-644.0,-870.0,-1099.0,-1330.0
-225.0,-459.0,-686.0,-925.0,-1143.0,-1403,-184.0,-419.0,-644.0,-872.0,-1097.0,-1330.0
-225.0,-459.0,-687.0,-918.0,-1143.0,-1400,-184.0,-419.0,-644.0,-872.0,-1099.0,-1330.0
-225.0,-458.0,-690.0,-910.0,-1143.0,-1397,-184.0,-419.0,-644.0,-872.0,-1099.0,-1330.0
-225.0,-458.0,-694.0,-903.0,-1143.0,-1394,-184.0,-419.0,-644.0,-872.0,-1099.0,-1330.0
-225.0,-458.0,-691.0,-898.0,-1143.0,-1392,-184.0,-419.0,-645.0,-872.0,-1099.0,-1330.0
-226.0,-457.0,-690.0,-893.0,-1143.0,-1390,-184.0,-419.0,-645.0,-872.0,-1099.0,-1330.0
-226.0,-457.0,-690.0,-891.0,-1143.0,-1388,-184.0,-419.0,-645.0,-872.0,-1099.0,-1330.0
-226.0,-456.0,-689.0,-883.0,-1143.0,-1386,-184.0,-419.0,-645.0,-872.0,-1099.0,-1330.0
-226.0,-456.0,-688.0,-890.0,-1143.0,-1385,-184.0,-419.0,-645.0,-872.0,-1099.0,-1330.0
-226.0,-453.0,-687.0,-892.0,-1143.0,-1384,-184.0,-419.0,-645.0,-872.0,-1099.0,-1330.0
-226.0,-451.0,-687.0,-895.0,-1143.0,-1384,-184.0,-419.0,-646.0,-872.0,-1099.0,-1330.0
-227.0,-447.0,-689.0,-899.0,-1143.0,-1383,-184.0,-419.0,-646.0,-872.0,-1099.0,-1330.0
-226.0,-442.0,-690.0,-901.0,-1143.0,-1383,-184.0,-418.0,-646.0,-872.0,-1099.0,-1330.0
-226.0,-436.0,-692.0,-903.0,-1143.0,-1383,-184.0,-418.0,-646.0,-872.0,-1099.0,-1330.0
-226.0,-431.0,-694.0,-905.0,-1144.0,-1383,-184.0,-418.0,-646.0,-872.0,-1099.0,-1330.0
-226.0,-423.0,-696.0,-906.0,-1143.0,-1383,-184.0,-418.0,-647.0,-872.0,-1099.0,-1330.0
-226.0,-416.0,-699.0,-907.0,-1143.0,-1383,-184.0,-418.0,-647.0,-872.0,-1099.0,-1330.0
-226.0,-409.0,-696.0,-907.0,-1143.0,-1382,-185.0,-418.0,-647.0,-872.0,-1099.0,-1330.0
-225.0,-406.0,-695.0,-908.0,-1143.0,-1382,-185.0,-418.0,-647.0,-872.0,-1100.0,-1330.0
-222.0,-395.0,-693.0,-908.0,-1143.0,-1382,-185.0,-418.0,-647.0,-873.0,-1100.0,-1330.0
-219.0,-409.0,-691.0,-908.0,-1143.0,-1382,-185.0,-418.0,-647.0,-873.0,-1100.0,-1330.0
-215.0,-418.0,-690.0,-908.0,-1143.0,-1382,-185.0,-418.0,-648.0,-873.0,-1100.0,-1330.0
-207.0,-433.0,-688.0,-908.0,-1143.0,-1382,-185.0,-418.0,-648.0,-873.0,-1100.0,-1330.0
-200.0,-445.0,-687.0,-908.0,-1143.0,-1382,-185.0,-418.0,-648.0,-873.0,-1100.0,-1330.0
-194.0,-458.0,-686.0,-908.0,-1143.0,-1382,-185.0,-418.0,-648.0,-873.0,-1100.0,-1330.0
-186.0,-474.0,-685.0,-909.0,-1143.0,-1382,-185.0,-418.0,-648.0,-873.0,-1100.0,-1330.0
-179.0,-486.0,-684.0,-909.0,-1143.0,-1381,-185.0,-418.0,-649.0,-873.0,-1100.0,-1330.0
-171.0,-480.0,-683.0,-909.0,-1143.0,-1381,-185.0,-418.0,-649.0,-873.0,-1100.0,-1330.0
-169.0,-478.0,-683.0,-909.0,-1143.0,-1381,-185.0,-418.0,-649.0,-874.0,-1100.0,-1330.0
-158.0,-476.0,-683.0,-910.0,-1143.0,-1381,-185.0,-418.0,-649.0,-874.0,-1100.0,-1330.0
-179.0,-472.0,-683.0,-910.0,-1143.0,-1381,-185.0,-418.0,-649.0,-874.0,-1100.0,-1330.0
-187.0,-468.0,-682.0,-910.0,-1143.0,-1381,-185.0,-418.0,-649.0,-874.0,-1101.0,-1330.0
-195.0,-465.0,-682.0,-910.0,-1143.0,-1379,-185.0,-418.0,-649.0,-875.0,-1101.0,-1331.0
-206.0,-463.0,-682.0,-910.0,-1142.0,-1381,-185.0,-419.0,-649.0,-875.0,-1101.0,-1331.0
-221.0,-460.0,-682.0,-911.0,-1142.0,-1381,-185.0,-419.0,-649.0,-875.0,-1102.0,-1331.0
-231.0,-458.0,-682.0,-911.0,-1142.0,-1381,-185.0,-419.0,-650.0,-875.0,-1102.0,-1331.0
-237.0,-457.0,-682.0,-911.0,-1142.0,-1381,-185.0,-419.0,-650.0,-875.0,-1102.0,-1331.0
-243.0,-457.0,-682.0,-911.0,-1142.0,-1381,-185.0,-420.0,-650.0,-875.0,-1102.0,-1331.0
-237.0,-456.0,-682.0,-911.0,-1142.0,-1381,-185.0,-420.0,-650.0,-875.0,-1102.0,-1331.0
-235.0,-456.0,-682.0,-911.0,-1142.0,-1382,-185.0,-420.0,-650.0,-875.0,-1102.0,-1331.0
-233.0,-456.0,-682.0,-911.0,-1141.0,-1382,-185.0,-420.0,-650.0,-875.0,-1103.0,-1331.0
-231.0,-456.0,-682.0,-911.0,-1141.0,-1382,-185.0,-420.0,-650.0,-875.0,-1102.0,-1331.0
-230.0,-455.0,-682.0,-911.0,-1141.0,-1382,-185.0,-420.0,-650.0,-875.0,-1102.0,-1331.0
-229.0,-455.0,-682.0,-911.0,-1140.0,-1381,-185.0,-421.0,-651.0,-875.0,-1102.0,-1331.0
-228.0,-455.0,-682.0,-911.0,-1140.0,-1381,-185.0,-421.0,-651.0,-875.0,-1102.0,-1331.0
-227.0,-455.0,-681.0,-911.0,-1140.0,-1381,-185.0,-421.0,-651.0,-875.0,-1102.0,-1331.0
-227.0,-455.0,-681.0,-911.0,-1139.0,-1381,-185.0,-421.0,-651.0,-875.0,-1102.0,-1331.0
-227.0,-455.0,-681.0,-911.0,-1139.0,-1381,-185.0,-422.0,-651.0,-875.0,-1101.0,-1331.0
-227.0,-455.0,-679.0,-911.0,-1139.0,-1381,-185.0,-422.0,-651.0,-875.0,-1101.0,-1331.0
-227.0,-454.0,-681.0,-912.0,-1139.0,-1381,-185.0,-422.0,-652.0,-875.0,-1101.0,-1331.0
-227.0,-454.0,-681.0,-912.0,-1138.0,-1381,-186.0,-422.0,-651.0,-875.0,-1101.0,-1331.0
-227.0,-454.0,-681.0,-912.0,-1138.0,-1381,-186.0,-422.0,-651.0,-875.0,-1100.0,-1331.0
-227.0,-454.0,-681.0,-913.0,-1138.0,-1381,-186.0,-422.0,-651.0,-875.0,-1100.0,-1331.0
-227.0,-454.0,-682.0,-913.0,-1137.0,-1381,-186.0,-422.0,-651.0,-875.0,-1100.0,-1331.0
-227.0,-454.0,-682.0,-914.0,-1137.0,-1381,-186.0,-423.0,-651.0,-875.0,-1100.0,-1331.0
-226.0,-453.0,-682.0,-914.0,-1136.0,-1381,-186.0,-423.0,-651.0,-874.0,-1099.0,-1331.0
-226.0,-453.0,-682.0,-915.0,-1136.0,-1381,-186.0,-423.0,-650.0,-874.0,-1099.0,-1331.0
-226.0,-453.0,-682.0,-915.0,-1135.0,-1381,-186.0,-423.0,-650.0,-873.0,-1099.0,-1331.0
-226.0,-453.0,-682.0,-916.0,-1135.0,-1381,-186.0,-423.0,-650.0,-872.0,-1098.0,-1331.0
-226.0,-453.0,-682.0,-916.0,-1135.0,-1381,-186.0,-423.0,-649.0,-871.0,-1098.0,-1331.0
-226.0,-453.0,-683.0,-917.0,-1134.0,-1381,-186.0,-423.0,-648.0,-871.0,-1098.0,-1332.0
-226.0,-453.0,-683.0,-917.0,-1132.0,-1381,-186.0,-424.0,-647.0,-870.0,-1097.0,-1332.0
-226.0,-453.0,-683.0,-917.0,-1134.0,-1381,-186.0,-424.0,-646.0,-869.0,-1097.0,-1332.0
-226.0,-453.0,-683.0,-918.0,-1135.0,-1381,-186.0,-424.0,-645.0,-868.0,-1097.0,-1332.0
-226.0,-453.0,-683.0,-918.0,-1135.0,-1381,-187.0,-424.0,-645.0,-867.0,-1096.0,-1332.0
-226.0,-453.0,-683.0,-919.0,-1136.0,-1381,-187.0,-424.0,-644.0,-867.0,-1096.0,-1332.0
-226.0,-453.0,-683.0,-919.0,-1137.0,-1381,-187.0,-424.0,-643.0,-866.0,-1096.0,-1332.0
-226.0,-453.0,-683.0,-920.0,-1137.0,-1381,-187.0,-424.0,-642.0,-866.0,-1095.0,-1332.0
-226.0,-453.0,-684.0,-920.0,-1138.0,-1381,-188.0,-424.0,-642.0,-866.0,-1095.0,-1333.0
-226.0,-453.0,-684.0,-920.0,-1139.0,-1381,-187.0,-426.0,-642.0,-866.0,-1095.0,-1332.0
-226.0,-453.0,-684.0,-921.0,-1140.0,-1381,-187.0,-424.0,-641.0,-864.0,-1095.0,-1332.0
-228.0,-453.0,-684.0,-921.0,-1140.0,-1381,-187.0,-424.0,-639.0,-866.0,-1095.0,-1332.0
-227.0,-452.0,-684.0,-921.0,-1141.0,-1381,-187.0,-424.0,-641.0,-866.0,-1093.0,-1332.0
-226.0,-452.0,-684.0,-923.0,-1142.0,-1381,-186.0,-424.0,-642.0,-866.0,-1095.0,-1332.0
-226.0,-452.0,-684.0,-921.0,-1142.0,-1380,-186.0,-424.0,-642.0,-866.0,-1095.0,-1332.0
-226.0,-451.0,-684.0,-921.0,-1143.0,-1380,-186.0,-424.0,-643.0,-867.0,-1095.0,-1332.0
-226.0,-451.0,-684.0,-921.0,-1144.0,-1380,-186.0,-424.0,-644.0,-868.0,-1095.0,-1332.0
-226.0,-451.0,-685.0,-920.0,-1144.0,-1378,-186.0,-424.0,-646.0,-868.0,-1095.0,-1332.0
-225.0,-451.0,-685.0,-920.0,-1144.0,-1380,-186.0,-423.0,-647.0,-869.0,-1096.0,-1331.0
-225.0,-451.0,-686.0,-920.0,-1144.0,-1380,-186.0,-423.0,-648.0,-870.0,-1096.0,-1331.0
-225.0,-450.0,-686.0,-919.0,-1145.0,-1380,-186.0,-423.0,-649.0,-871.0,-1097.0,-1330.0
-224.0,-450.0,-687.0,-919.0,-1145.0,-1381,-187.0,-422.0,-650.0,-871.0,-1097.0,-1330.0
-223.0,-449.0,-687.0,-918.0,-1145.0,-1381,-187.0,-422.0,-651.0,-871.0,-1097.0,-1329.0
-223.0,-448.0,-689.0,-918.0,-1145.0,-1381,-187.0,-421.0,-652.0,-872.0,-1098.0,-1329.0
-222.0,-448.0,-687.0,-917.0,-1145.0,-1381,-187.0,-420.0,-652.0,-872.0,-1098.0,-1328.0
-221.0,-447.0,-687.0,-916.0,-1145.0,-1382,-187.0,-420.0,-653.0,-873.0,-1098.0,-1327.0
-221.0,-447.0,-686.0,-916.0,-1146.0,-1382,-187.0,-419.0,-653.0,-873.0,-1099.0,-1327.0
-220.0,-447.0,-686.0,-915.0,-1146.0,-1382,-187.0,-418.0,-653.0,-873.0,-1099.0,-1326.0
-220.0,-447.0,-685.0,-914.0,-1146.0,-1382,-187.0,-418.0,-654.0,-874.0,-1099.0,-1326.0
-220.0,-447.0,-685.0,-913.0,-1146.0,-1382,-187.0,-417.0,-654.0,-874.0,-1099.0,-1326.0
-219.0,-447.0,-684.0,-913.0,-1146.0,-1382,-187.0,-417.0,-654.0,-874.0,-1100.0,-1325.0
-219.0,-447.0,-683.0,-913.0,-1146.0,-1382,-187.0,-415.0,-654.0,-874.0,-1101.0,-1325.0
-218.0,-447.0,-683.0,-912.0,-1146.0,-1383,-188.0,-417.0,-654.0,-875.0,-1101.0,-1325.0
-218.0,-445.0,-682.0,-912.0,-1146.0,-1383,-189.0,-417.0,-655.0,-875.0,-1102.0,-1323.0
-218.0,-447.0,-682.0,-912.0,-1146.0,-1383,-190.0,-417.0,-655.0,-876.0,-1103.0,-1325.0
-217.0,-447.0,-682.0,-912.0,-1146.0,-1383,-191.0,-418.0,-655.0,-876.0,-1104.0,-1325.0
-217.0,-447.0,-681.0,-912.0,-1146.0,-1384,-193.0,-418.0,-656.0,-877.0,-1104.0,-1325.0
-216.0,-447.0,-681.0,-912.0,-1146.0,-1384,-194.0,-419.0,-656.0,-877.0,-1105.0,-1326.0
-216.0,-447.0,-681.0,-912.0,-1146.0,-1384,-195.0,-420.0,-657.0,-878.0,-1105.0,-1326.0
-216.0,-447.0,-679.0,-912.0,-1146.0,-1384,-196.0,-421.0,-657.0,-878.0,-1106.0,-1326.0
-216.0,-447.0,-681.0,-911.0,-1146.0,-1384,-196.0,-422.0,-657.0,-878.0,-1106.0,-1327.0
-215.0,-447.0,-681.0,-911.0,-1146.0,-1384,-196.0,-422.0,-657.0,-878.0,-1107.0,-1327.0
-215.0,-448.0,-681.0,-911.0,-1146.0,-1384,-197.0,-423.0,-658.0,-878.0,-1107.0,-1328.0
-215.0,-448.0,-682.0,-911.0,-1146.0,-1384,-197.0,-424.0,-658.0,-878.0,-1107.0,-1329.0
-215.0,-449.0,-682.0,-911.0,-1146.0,-1384,-199.0,-424.0,-658.0,-878.0,-1107.0,-1330.0
-216.0,-450.0,-682.0,-911.0,-1146.0,-1384,-197.0,-424.0,-658.0,-878.0,-1107.0,-1330.0
-216.0,-451.0,-683.0,-911.0,-1146.0,-1384,-197.0,-425.0,-659.0,-878.0,-1107.0,-1331.0
-216.0,-451.0,-683.0,-911.0,-1146.0,-1384,-197.0,-425.0,-658.0,-878.0,-1108.0,-1331.0
-217.0,-452.0,-683.0,-911.0,-1146.0,-1384,-196.0,-426.0,-658.0,-878.0,-1107.0,-1331.0
-218.0,-453.0,-683.0,-911.0,-1146.0,-1384,-196.0,-426.0,-658.0,-878.0,-1107.0,-1332.0
-218.0,-453.0,-684.0,-911.0,-1146.0,-1384,-194.0,-426.0,-658.0,-878.0,-1107.0,-1332.0
-219.0,-454.0,-684.0,-911.0,-1146.0,-1384,-194.0,-426.0,-658.0,-881.0,-1107.0,-1333.0
-220.0,-454.0,-684.0,-911.0,-1146.0,-1384,-192.0,-426.0,-657.0,-878.0,-1107.0,-1333.0
-221.0,-454.0,-684.0,-911.0,-1146.0,-1384,-192.0,-426.0,-656.0,-878.0,-1107.0,-1333.0
-222.0,-455.0,-684.0,-911.0,-1146.0,-1385,-191.0,-427.0,-653.0,-875.0,-1107.0,-1334.0
-223.0,-455.0,-684.0,-911.0,-1146.0,-1385,-190.0,-427.0,-650.0,-869.0,-1103.0,-1334.0
-224.0,-455.0,-684.0,-911.0,-1146.0,-1385,-190.0,-427.0,-645.0,-858.0,-1095.0,-1334.0
-224.0,-456.0,-684.0,-911.0,-1146.0,-1385,-190.0,-427.0,-637.0,-847.0,-1085.0,-1335.0
-225.0,-456.0,-684.0,-911.0,-1146.0,-1386,-189.0,-428.0,-624.0,-829.0,-1068.0,-1335.0
-226.0,-456.0,-684.0,-911.0,-1146.0,-1386,-189.0,-428.0,-602.0,-804.0,-1043.0,-1336.0
-227.0,-456.0,-685.0,-911.0,-1146.0,-1386,-189.0,-428.0,-585.0,-792.0,-1023.0,-1336.0
-227.0,-457.0,-685.0,-911.0,-1146.0,-1387,-189.0,-428.0,-563.0,-771.0,-998.0,-1336.0
-227.0,-457.0,-685.0,-911.0,-1146.0,-1386,-189.0,-428.0,-545.0,-746.0,-974.0,-1336.0
-228.0,-457.0,-685.0,-910.0,-1146.0,-1386,-188.0,-428.0,-519.0,-733.0,-953.0,-1337.0
-228.0,-457.0,-685.0,-910.0,-1146.0,-1386,-188.0,-429.0,-502.0,-726.0,-941.0,-1338.0
-228.0,-457.0,-685.0,-910.0,-1146.0,-1385,-188.0,-429.0,-490.0,-719.0,-908.0,-1337.0
-228.0,-458.0,-685.0,-910.0,-1146.0,-1385,-188.0,-429.0,-475.0,-716.0,-947.0,-1336.0
-228.0,-458.0,-685.0,-910.0,-1146.0,-1385,-188.0,-429.0,-394.0,-623.0,-962.0,-1336.0
-228.0,-458.0,-685.0,-910.0,-1146.0,-1385,-188.0,-429.0,-461.0,-713.0,-994.0,-1336.0
-228.0,-458.0,-685.0,-910.0,-1146.0,-1385,-188.0,-429.0,-498.0,-745.0,-1016.0,-1337.0
-229.0,-458.0,-685.0,-910.0,-1146.0,-1385,-188.0,-429.0,-545.0,-806.0,-1044.0,-1337.0
-229.0,-458.0,-685.0,-910.0,-1146.0,-1385,-188.0,-429.0,-587.0,-839.0,-1069.0,-1337.0
-229.0,-458.0,-685.0,-910.0,-1146.0,-1385,-188.0,-432.0,-615.0,-881.0,-1093.0,-1337.0
-229.0,-458.0,-685.0,-910.0,-1146.0,-1384,-188.0,-430.0,-666.0,-894.0,-1109.0,-1340.0
-229.0,-458.0,-685.0,-910.0,-1146.0,-1384,-186.0,-429.0,-682.0,-915.0,-1120.0,-1338.0
-229.0,-458.0,-685.0,-910.0,-1146.0,-1384,-183.0,-424.0,-701.0,-904.0,-1134.0,-1337.0
-229.0,-458.0,-685.0,-910.0,-1146.0,-1384,-180.0,-420.0,-689.0,-900.0,-1126.0,-1332.0
-229.0,-458.0,-685.0,-911.0,-1146.0,-1384,-177.0,-413.0,-684.0,-896.0,-1122.0,-1327.0
-229.0,-458.0,-685.0,-911.0,-1146.0,-1384,-172.0,-406.0,-677.0,-889.0,-1117.0,-1322.0
-229.0,-459.0,-685.0,-911.0,-1146.0,-1384,-167.0,-391.0,-667.0,-884.0,-1113.0,-1312.0
-229.0,-459.0,-685.0,-911.0,-1146.0,-1384,-159.0,-375.0,-662.0,-877.0,-1108.0,-1297.0
-229.0,-459.0,-685.0,-911.0,-1146.0,-1384,-165.0,-342.0,-659.0,-874.0,-1106.0,-1283.0
-229.0,-460.0,-685.0,-911.0,-1146.0,-1384,-168.0,-325.0,-654.0,-871.0,-1104.0,-1270.0
-229.0,-460.0,-685.0,-912.0,-1146.0,-1384,-174.0,-299.0,-649.0,-870.0,-1103.0,-1257.0
-229.0,-460.0,-685.0,-912.0,-1146.0,-1384,-185.0,-274.0,-649.0,-869.0,-1102.0,-1243.0
-229.0,-460.0,-684.0,-912.0,-1146.0,-1384,-197.0,-263.0,-648.0,-869.0,-1102.0,-1222.0
-229.0,-460.0,-684.0,-912.0,-1146.0,-1384,-225.0,-181.0,-648.0,-869.0,-1101.0,-1241.0
-230.0,-460.0,-684.0,-912.0,-1146.0,-1384,-235.0,-235.0,-648.0,-869.0,-1101.0,-1254.0
-230.0,-460.0,-684.0,-912.0,-1146.0,-1384,-253.0,-253.0,-648.0,-869.0,-1101.0,-1270.0
-230.0,-460.0,-684.0,-912.0,-1146.0,-1384,-278.0,-278.0,-647.0,-869.0,-1101.0,-1288.0
-230.0,-459.0,-684.0,-912.0,-1146.0,-1384,-375.0,-295.0,-647.0,-869.0,-1101.0,-1299.0
-230.0,-459.0,-684.0,-912.0,-1146.0,-1384,-217.0,-353.0,-647.0,-869.0,-1101.0,-1318.0
-230.0,-459.0,-684.0,-912.0,-1146.0,-1384,-215.0,-387.0,-646.0,-869.0,-1101.0,-1334.0
-231.0,-459.0,-684.0,-912.0,-1147.0,-1384,-213.0,-414.0,-646.0,-869.0,-1101.0,-1343.0
-231.0,-459.0,-684.0,-912.0,-1147.0,-1384,-210.0,-453.0,-646.0,-869.0,-1101.0,-1349.0
-231.0,-459.0,-684.0,-912.0,-1147.0,-1384,-207.0,-468.0,-645.0,-868.0,-1101.0,-1358.0
-231.0,-459.0,-682.0,-912.0,-1147.0,-1384,-205.0,-458.0,-645.0,-868.0,-1101.0,-1352.0
-231.0,-458.0,-684.0,-913.0,-1147.0,-1384,-202.0,-455.0,-644.0,-868.0,-1101.0,-1349.0
-231.0,-458.0,-684.0,-912.0,-1147.0,-1384,-198.0,-449.0,-644.0,-867.0,-1101.0,-1346.0
-231.0,-458.0,-684.0,-912.0,-1147.0,-1384,-195.0,-442.0,-643.0,-866.0,-1101.0,-1343.0
-231.0,-458.0,-684.0,-912.0,-1147.0,-1384,-193.0,-435.0,-643.0,-866.0,-1101.0,-1341.0
-231.0,-458.0,-684.0,-912.0,-1147.0,-1384,-190.0,-430.0,-642.0,-865.0,-1100.0,-1339.0
-232.0,-456.0,-684.0,-912.0,-1147.0,-1384,-188.0,-427.0,-641.0,-865.0,-1100.0,-1337.0
-232.0,-458.0,-684.0,-912.0,-1147.0,-1384,-186.0,-422.0,-640.0,-864.0,-1100.0,-1336.0
-232.0,-458.0,-684.0,-912.0,-1148.0,-1384,-185.0,-420.0,-640.0,-864.0,-1100.0,-1335.0
-232.0,-458.0,-684.0,-912.0,-1148.0,-1385,-185.0,-419.0,-639.0,-863.0,-1100.0,-1335.0
-232.0,-458.0,-684.0,-912.0,-1148.0,-1385,-185.0,-419.0,-639.0,-862.0,-1100.0,-1335.0
-232.0,-458.0,-684.0,-912.0,-1148.0,-1385,-185.0,-418.0,-639.0,-861.0,-1100.0,-1335.0
-232.0,-458.0,-684.0,-912.0,-1148.0,-1386,-185.0,-418.0,-638.0,-861.0,-1099.0,-1335.0
-232.0,-459.0,-685.0,-912.0,-1148.0,-1385,-185.0,-418.0,-638.0,-860.0,-1099.0,-1335.0
-232.0,-459.0,-685.0,-912.0,-1149.0,-1385,-185.0,-417.0,-637.0,-859.0,-1099.0,-1335.0
-232.0,-456.0,-685.0,-912.0,-1149.0,-1385,-185.0,-417.0,-636.0,-858.0,-1098.0,-1335.0
-232.0,-459.0,-685.0,-911.0,-1149.0,-1384,-185.0,-417.0,-635.0,-857.0,-1098.0,-1335.0
-232.0,-459.0,-685.0,-911.0,-1149.0,-1384,-185.0,-417.0,-634.0,-856.0,-1097.0,-1335.0
-232.0,-459.0,-685.0,-911.0,-1149.0,-1384,-185.0,-416.0,-632.0,-855.0,-1096.0,-1335.0
-232.0,-459.0,-685.0,-911.0,-1149.0,-1384,-185.0,-416.0,-631.0,-854.0,-1095.0,-1335.0
-232.0,-459.0,-685.0,-911.0,-1149.0,-1384,-185.0,-416.0,-629.0,-852.0,-1095.0,-1335.0
-232.0,-459.0,-685.0,-911.0,-1149.0,-1384,-185.0,-415.0,-628.0,-851.0,-1094.0,-1335.0
-232.0,-459.0,-685.0,-911.0,-1149.0,-1384,-185.0,-415.0,-627.0,-849.0,-1093.0,-1335.0
-232.0,-459.0,-685.0,-911.0,-1149.0,-1384,-185.0,-415.0,-624.0,-847.0,-1091.0,-1335.0
-232.0,-459.0,-685.0,-911.0,-1150.0,-1384,-185.0,-414.0,-622.0,-846.0,-1091.0,-1335.0
-232.0,-459.0,-685.0,-911.0,-1149.0,-1384,-184.0,-414.0,-620.0,-845.0,-1090.0,-1335.0
-232.0,-459.0,-685.0,-912.0,-1149.0,-1384,-184.0,-413.0,-615.0,-840.0,-1088.0,-1335.0
-232.0,-459.0,-685.0,-912.0,-1149.0,-1384,-184.0,-413.0,-613.0,-837.0,-1087.0,-1335.0
-232.0,-459.0,-685.0,-912.0,-1149.0,-1384,-184.0,-412.0,-610.0,-835.0,-1086.0,-1335.0
-232.0,-460.0,-685.0,-912.0,-1149.0,-1384,-184.0,-412.0,-607.0,-833.0,-1085.0,-1335.0
-232.0,-460.0,-685.0,-912.0,-1149.0,-1384,-183.0,-412.0,-605.0,-831.0,-1084.0,-1335.0
-232.0,-460.0,-685.0,-912.0,-1149.0,-1384,-183.0,-411.0,-602.0,-828.0,-1083.0,-1335.0
-232.0,-460.0,-685.0,-912.0,-1149.0,-1384,-183.0,-410.0,-599.0,-826.0,-1081.0,-1335.0
-232.0,-460.0,-685.0,-912.0,-1149.0,-1384,-183.0,-409.0,-596.0,-823.0,-1080.0,-1335.0
-232.0,-460.0,-685.0,-912.0,-1149.0,-1383,-182.0,-408.0,-593.0,-821.0,-1079.0,-1334.0
-232.0,-460.0,-685.0,-912.0,-1149.0,-1383,-182.0,-407.0,-591.0,-819.0,-1077.0,-1334.0
-232.0,-460.0,-685.0,-912.0,-1148.0,-1383,-182.0,-406.0,-588.0,-817.0,-1077.0,-1334.0
-232.0,-460.0,-685.0,-913.0,-1148.0,-1383,-182.0,-405.0,-585.0,-814.0,-1076.0,-1334.0
-232.0,-460.0,-685.0,-913.0,-1148.0,-1382,-181.0,-404.0,-582.0,-812.0,-1075.0,-1334.0
-233.0,-460.0,-685.0,-913.0,-1148.0,-1382,-181.0,-402.0,-581.0,-810.0,-1074.0,-1333.0
-233.0,-460.0,-685.0,-914.0,-1148.0,-1381,-180.0,-400.0,-578.0,-809.0,-1074.0,-1333.0
-233.0,-460.0,-685.0,-914.0,-1148.0,-1381,-180.0,-398.0,-577.0,-807.0,-1073.0,-1333.0
-233.0,-460.0,-685.0,-914.0,-1148.0,-1380,-179.0,-396.0,-575.0,-806.0,-1072.0,-1333.0
-233.0,-460.0,-685.0,-915.0,-1148.0,-1380,-179.0,-393.0,-574.0,-805.0,-1072.0,-1332.0
-234.0,-460.0,-685.0,-915.0,-1147.0,-1379,-178.0,-390.0,-573.0,-804.0,-1072.0,-1332.0
-234.0,-460.0,-684.0,-916.0,-1147.0,-1379,-177.0,-389.0,-572.0,-803.0,-1071.0,-1332.0
-234.0,-460.0,-684.0,-916.0,-1147.0,-1379,-176.0,-384.0,-569.0,-801.0,-1069.0,-1331.0
-234.0,-460.0,-684.0,-917.0,-1147.0,-1379,-175.0,-381.0,-571.0,-803.0,-1071.0,-1331.0
-234.0,-460.0,-684.0,-918.0,-1147.0,-1379,-174.0,-379.0,-572.0,-803.0,-1071.0,-1331.0
-234.0,-460.0,-684.0,-918.0,-1147.0,-1378,-174.0,-376.0,-573.0,-805.0,-1072.0,-1330.0
-235.0,-460.0,-683.0,-919.0,-1146.0,-1378,-173.0,-373.0,-576.0,-807.0,-1072.0,-1330.0
-235.0,-460.0,-683.0,-919.0,-1146.0,-1378,-172.0,-370.0,-579.0,-811.0,-1073.0,-1329.0
-235.0,-460.0,-682.0,-920.0,-1146.0,-1377,-171.0,-366.0,-583.0,-814.0,-1074.0,-1329.0
-235.0,-460.0,-682.0,-921.0,-1146.0,-1375,-170.0,-363.0,-587.0,-819.0,-1075.0,-1328.0
-235.0,-459.0,-681.0,-922.0,-1146.0,-1377,-169.0,-359.0,-593.0,-823.0,-1077.0,-1328.0
-235.0,-459.0,-681.0,-923.0,-1146.0,-1377,-168.0,-356.0,-599.0,-828.0,-1078.0,-1327.0
-235.0,-459.0,-681.0,-924.0,-1146.0,-1378,-167.0,-353.0,-604.0,-832.0,-1081.0,-1327.0
-236.0,-459.0,-678.0,-924.0,-1146.0,-1379,-166.0,-349.0,-609.0,-836.0,-1083.0,-1326.0
-235.0,-458.0,-681.0,-928.0,-1147.0,-1379,-165.0,-346.0,-615.0,-839.0,-1085.0,-1326.0
-235.0,-458.0,-681.0,-925.0,-1147.0,-1380,-164.0,-344.0,-619.0,-842.0,-1087.0,-1326.0
-235.0,-457.0,-681.0,-924.0,-1148.0,-1381,-164.0,-341.0,-623.0,-846.0,-1089.0,-1326.0
-235.0,-457.0,-682.0,-924.0,-1148.0,-1382,-163.0,-339.0,-627.0,-849.0,-1091.0,-1324.0
-235.0,-456.0,-682.0,-923.0,-1148.0,-1383,-163.0,-337.0,-632.0,-852.0,-1093.0,-1326.0
-235.0,-455.0,-682.0,-922.0,-1149.0,-1384,-161.0,-335.0,-635.0,-854.0,-1095.0,-1326.0
-235.0,-455.0,-682.0,-921.0,-1149.0,-1384,-163.0,-334.0,-638.0,-857.0,-1096.0,-1326.0
-234.0,-454.0,-683.0,-921.0,-1149.0,-1384,-163.0,-331.0,-640.0,-860.0,-1098.0,-1326.0
-234.0,-453.0,-683.0,-920.0,-1150.0,-1384,-163.0,-334.0,-642.0,-862.0,-1099.0,-1327.0
-234.0,-453.0,-683.0,-919.0,-1150.0,-1384,-164.0,-335.0,-644.0,-864.0,-1100.0,-1327.0
-234.0,-452.0,-683.0,-919.0,-1150.0,-1385,-164.0,-336.0,-645.0,-865.0,-1101.0,-1327.0
-233.0,-452.0,-684.0,-918.0,-1150.0,-1385,-165.0,-339.0,-646.0,-866.0,-1102.0,-1327.0
-233.0,-451.0,-684.0,-917.0,-1150.0,-1385,-166.0,-342.0,-647.0,-867.0,-1102.0,-1327.0
-233.0,-451.0,-685.0,-916.0,-1150.0,-1385,-167.0,-347.0,-647.0,-868.0,-1102.0,-1324.0
-233.0,-450.0,-685.0,-915.0,-1150.0,-1386,-168.0,-352.0,-648.0,-868.0,-1103.0,-1326.0
-232.0,-449.0,-685.0,-914.0,-1150.0,-1386,-170.0,-359.0,-649.0,-869.0,-1103.0,-1327.0
-232.0,-449.0,-686.0,-913.0,-1150.0,-1387,-171.0,-365.0,-650.0,-869.0,-1103.0,-1327.0
-232.0,-446.0,-686.0,-913.0,-1150.0,-1388,-173.0,-370.0,-651.0,-870.0,-1103.0,-1328.0
-231.0,-448.0,-686.0,-912.0,-1150.0,-1388,-175.0,-375.0,-651.0,-870.0,-1103.0,-1329.0
-231.0,-449.0,-687.0,-911.0,-1150.0,-1389,-177.0,-382.0,-651.0,-870.0,-1103.0,-1330.0
-231.0,-449.0,-687.0,-910.0,-1150.0,-1390,-179.0,-387.0,-652.0,-871.0,-1103.0,-1330.0
-230.0,-450.0,-688.0,-910.0,-1151.0,-1390,-180.0,-393.0,-652.0,-871.0,-1103.0,-1331.0
-230.0,-451.0,-687.0,-909.0,-1151.0,-1391,-182.0,-398.0,-652.0,-871.0,-1103.0,-1332.0
-229.0,-452.0,-687.0,-908.0,-1151.0,-1391,-183.0,-401.0,-653.0,-872.0,-1103.0,-1333.0
-228.0,-453.0,-686.0,-908.0,-1152.0,-1391,-184.0,-406.0,-653.0,-872.0,-1103.0,-1334.0
-228.0,-454.0,-686.0,-907.0,-1152.0,-1392,-185.0,-410.0,-653.0,-872.0,-1103.0,-1335.0
-227.0,-455.0,-686.0,-907.0,-1153.0,-1394,-186.0,-413.0,-653.0,-872.0,-1103.0,-1335.0
-227.0,-456.0,-686.0,-906.0,-1154.0,-1392,-187.0,-415.0,-653.0,-872.0,-1103.0,-1336.0
-227.0,-457.0,-686.0,-906.0,-1157.0,-1392,-188.0,-417.0,-653.0,-872.0,-1103.0,-1336.0
-227.0,-458.0,-686.0,-906.0,-1154.0,-1391,-188.0,-418.0,-653.0,-872.0,-1103.0,-1336.0
-227.0,-459.0,-687.0,-906.0,-1153.0,-1391,-189.0,-419.0,-654.0,-872.0,-1103.0,-1337.0
-227.0,-459.0,-687.0,-906.0,-1152.0,-1390,-189.0,-420.0,-653.0,-872.0,-1103.0,-1337.0
-227.0,-460.0,-687.0,-904.0,-1149.0,-1390,-189.0,-421.0,-653.0,-872.0,-1103.0,-1337.0
-227.0,-460.0,-688.0,-906.0,-1146.0,-1390,-189.0,-422.0,-653.0,-872.0,-1103.0,-1337.0
-228.0,-461.0,-688.0,-906.0,-1144.0,-1389,-190.0,-423.0,-653.0,-872.0,-1104.0,-1338.0
-228.0,-462.0,-688.0,-906.0,-1141.0,-1389,-190.0,-423.0,-653.0,-872.0,-1104.0,-1338.0
-229.0,-462.0,-688.0,-906.0,-1139.0,-1388,-190.0,-424.0,-653.0,-872.0,-1104.0,-1338.0
-230.0,-463.0,-688.0,-906.0,-1135.0,-1387,-190.0,-424.0,-653.0,-872.0,-1104.0,-1338.0
-230.0,-464.0,-690.0,-906.0,-1132.0,-1386,-190.0,-425.0,-653.0,-873.0,-1104.0,-1338.0
-231.0,-465.0,-688.0,-907.0,-1130.0,-1385,-190.0,-425.0,-652.0,-873.0,-1104.0,-1338.0
-232.0,-466.0,-688.0,-908.0,-1123.0,-1384,-190.0,-425.0,-652.0,-873.0,-1104.0,-1338.0
-233.0,-467.0,-688.0,-909.0,-1130.0,-1383,-190.0,-426.0,-652.0,-873.0,-1104.0,-1338.0
-234.0,-468.0,-688.0,-915.0,-1132.0,-1382,-190.0,-426.0,-652.0,-873.0,-1104.0,-1338.0
-235.0,-469.0,-688.0,-923.0,-1136.0,-1380,-192.0,-426.0,-652.0,-873.0,-1104.0,-1338.0
-236.0,-470.0,-687.0,-930.0,-1141.0,-1377,-190.0,-426.0,-652.0,-873.0,-1104.0,-1338.0
-237.0,-471.0,-687.0,-937.0,-1144.0,-1374,-190.0,-426.0,-652.0,-873.0,-1105.0,-1338.0
-238.0,-471.0,-687.0,-946.0,-1146.0,-1369,-190.0,-426.0,-652.0,-873.0,-1106.0,-1338.0
-239.0,-473.0,-687.0,-955.0,-1149.0,-1365,-190.0,-426.0,-652.0,-873.0,-1105.0,-1338.0
-239.0,-471.0,-687.0,-959.0,-1151.0,-1362,-190.0,-426.0,-652.0,-873.0,-1105.0,-1338.0
-240.0,-471.0,-687.0,-973.0,-1153.0,-1359,-190.0,-426.0,-652.0,-873.0,-1104.0,-1338.0
-240.0,-471.0,-687.0,-960.0,-1153.0,-1349,-190.0,-426.0,-652.0,-873.0,-1104.0,-1338.0
-240.0,-470.0,-687.0,-954.0,-1154.0,-1367,-190.0,-427.0,-652.0,-873.0,-1104.0,-1338.0
-240.0,-470.0,-687.0,-946.0,-1154.0,-1371,-190.0,-426.0,-652.0,-873.0,-1104.0,-1338.0
-241.0,-470.0,-687.0,-935.0,-1154.0,-1378,-191.0,-426.0,-652.0,-873.0,-1104.0,-1338.0
-241.0,-469.0,-687.0,-929.0,-1154.0,-1386,-191.0,-426.0,-652.0,-873.0,-1104.0,-1338.0
-241.0,-469.0,-687.0,-924.0,-1155.0,-1396,-191.0,-426.0,-652.0,-873.0,-1104.0,-1338.0
-242.0,-468.0,-687.0,-917.0,-1155.0,-1403,-191.0,-426.0,-652.0,-873.0,-1104.0,-1338.0
-242.0,-467.0,-687.0,-907.0,-1155.0,-1407,-191.0,-426.0,-652.0,-873.0,-1105.0,-1338.0
-242.0,-465.0,-687.0,-902.0,-1155.0,-1412,-191.0,-426.0,-652.0,-873.0,-1105.0,-1339.0
-242.0,-463.0,-686.0,-898.0,-1155.0,-1406,-191.0,-426.0,-653.0,-874.0,-1105.0,-1339.0
-242.0,-461.0,-685.0,-895.0,-1155.0,-1402,-191.0,-426.0,-653.0,-874.0,-1106.0,-1339.0
-242.0,-459.0,-680.0,-886.0,-1155.0,-1400,-191.0,-426.0,-653.0,-874.0,-1106.0,-1339.0
-242.0,-455.0,-685.0,-893.0,-1156.0,-1396,-191.0,-425.0,-654.0,-874.0,-1106.0,-1339.0
-242.0,-450.0,-685.0,-896.0,-1155.0,-1394,-191.0,-425.0,-654.0,-874.0,-1106.0,-1340.0
-243.0,-444.0,-686.0,-899.0,-1155.0,-1392,-192.0,-425.0,-655.0,-874.0,-1106.0,-1340.0
-245.0,-439.0,-688.0,-902.0,-1155.0,-1390,-192.0,-425.0,-655.0,-874.0,-1106.0,-1340.0
-243.0,-434.0,-691.0,-905.0,-1155.0,-1388,-192.0,-425.0,-655.0,-874.0,-1106.0,-1340.0
-241.0,-427.0,-694.0,-907.0,-1155.0,-1387,-192.0,-426.0,-655.0,-875.0,-1106.0,-1340.0
-239.0,-419.0,-696.0,-908.0,-1155.0,-1386,-192.0,-426.0,-655.0,-875.0,-1106.0,-1340.0
-236.0,-413.0,-702.0,-910.0,-1155.0,-1386,-192.0,-426.0,-655.0,-875.0,-1106.0,-1340.0
-233.0,-399.0,-698.0,-910.0,-1155.0,-1386,-192.0,-426.0,-656.0,-875.0,-1106.0,-1341.0
-227.0,-422.0,-696.0,-910.0,-1154.0,-1386,-192.0,-426.0,-656.0,-875.0,-1106.0,-1341.0
-222.0,-432.0,-695.0,-910.0,-1154.0,-1386,-192.0,-426.0,-656.0,-875.0,-1106.0,-1341.0
-218.0,-438.0,-694.0,-911.0,-1154.0,-1386,-192.0,-426.0,-656.0,-876.0,-1107.0,-1341.0
-213.0,-447.0,-692.0,-911.0,-1154.0,-1386,-192.0,-426.0,-656.0,-876.0,-1107.0,-1341.0
-208.0,-472.0,-690.0,-911.0,-1154.0,-1386,-192.0,-426.0,-656.0,-876.0,-1107.0,-1341.0
-202.0,-482.0,-689.0,-912.0,-1154.0,-1386,-192.0,-426.0,-657.0,-877.0,-1107.0,-1341.0
-195.0,-496.0,-688.0,-912.0,-1154.0,-1386,-192.0,-426.0,-657.0,-877.0,-1107.0,-1341.0
-181.0,-487.0,-687.0,-912.0,-1154.0,-1386,-192.0,-426.0,-657.0,-878.0,-1107.0,-1341.0
-193.0,-483.0,-687.0,-912.0,-1154.0,-1386,-192.0,-427.0,-657.0,-878.0,-1107.0,-1341.0
-201.0,-479.0,-686.0,-912.0,-1154.0,-1386,-192.0,-427.0,-658.0,-878.0,-1108.0,-1341.0
-208.0,-476.0,-686.0,-913.0,-1154.0,-1386,-192.0,-427.0,-658.0,-878.0,-1108.0,-1341.0
-216.0,-473.0,-685.0,-913.0,-1154.0,-1386,-192.0,-428.0,-658.0,-879.0,-1108.0,-1341.0
-226.0,-471.0,-685.0,-913.0,-1154.0,-1386,-193.0,-428.0,-658.0,-879.0,-1109.0,-1341.0
-236.0,-469.0,-685.0,-913.0,-1154.0,-1387,-193.0,-428.0,-659.0,-879.0,-1109.0,-1341.0
-244.0,-467.0,-683.0,-913.0,-1154.0,-1387,-193.0,-429.0,-659.0,-880.0,-1110.0,-1341.0
-250.0,-466.0,-685.0,-913.0,-1154.0,-1387,-193.0,-429.0,-659.0,-880.0,-1110.0,-1341.0
-258.0,-465.0,-685.0,-913.0,-1154.0,-1387,-193.0,-429.0,-659.0,-880.0,-1110.0,-1341.0
-250.0,-465.0,-685.0,-914.0,-1154.0,-1388,-193.0,-429.0,-660.0,-880.0,-1110.0,-1341.0
-246.0,-464.0,-685.0,-914.0,-1154.0,-1387,-193.0,-429.0,-660.0,-881.0,-1112.0,-1341.0
-253.0,-464.0,-686.0,-914.0,-1154.0,-1387,-193.0,-429.0,-661.0,-881.0,-1110.0,-1341.0
-247.0,-464.0,-686.0,-914.0,-1154.0,-1387,-193.0,-430.0,-661.0,-881.0,-1110.0,-1341.0
-246.0,-465.0,-686.0,-915.0,-1153.0,-1387,-193.0,-430.0,-661.0,-881.0,-1110.0,-1341.0
-245.0,-465.0,-686.0,-915.0,-1153.0,-1387,-193.0,-430.0,-661.0,-881.0,-1110.0,-1342.0
-245.0,-465.0,-686.0,-915.0,-1153.0,-1386,-193.0,-430.0,-662.0,-882.0,-1109.0,-1342.0
-244.0,-465.0,-686.0,-916.0,-1153.0,-1386,-193.0,-430.0,-662.0,-882.0,-1110.0,-1342.0
-243.0,-466.0,-686.0,-916.0,-1153.0,-1386,-193.0,-431.0,-662.0,-882.0,-1110.0,-1342.0
-243.0,-465.0,-687.0,-916.0,-1152.0,-1386,-193.0,-431.0,-662.0,-882.0,-1110.0,-1342.0
-243.0,-465.0,-687.0,-916.0,-1152.0,-1386,-193.0,-431.0,-662.0,-882.0,-1110.0,-1342.0
-243.0,-465.0,-687.0,-916.0,-1152.0,-1386,-194.0,-431.0,-662.0,-883.0,-1111.0,-1342.0
-243.0,-465.0,-688.0,-917.0,-1152.0,-1385,-194.0,-431.0,-663.0,-883.0,-1111.0,-1342.0
-243.0,-464.0,-687.0,-917.0,-1152.0,-1385,-194.0,-432.0,-662.0,-883.0,-1111.0,-1342.0
-243.0,-464.0,-687.0,-917.0,-1152.0,-1385,-194.0,-432.0,-662.0,-883.0,-1111.0,-1342.0
-242.0,-464.0,-687.0,-917.0,-1151.0,-1385,-195.0,-432.0,-662.0,-885.0,-1112.0,-1342.0
-242.0,-464.0,-687.0,-918.0,-1151.0,-1385,-195.0,-432.0,-662.0,-883.0,-1112.0,-1342.0
-242.0,-464.0,-686.0,-918.0,-1151.0,-1385,-195.0,-433.0,-662.0,-883.0,-1113.0,-1343.0
-242.0,-464.0,-686.0,-918.0,-1151.0,-1385,-195.0,-433.0,-662.0,-883.0,-1112.0,-1343.0
-241.0,-464.0,-686.0,-919.0,-1151.0,-1385,-195.0,-433.0,-661.0,-883.0,-1112.0,-1343.0
-241.0,-464.0,-686.0,-919.0,-1151.0,-1384,-195.0,-434.0,-661.0,-883.0,-1111.0,-1343.0
-241.0,-463.0,-686.0,-919.0,-1151.0,-1384,-195.0,-434.0,-660.0,-882.0,-1111.0,-1344.0
-241.0,-463.0,-686.0,-920.0,-1151.0,-1383,-195.0,-434.0,-660.0,-882.0,-1111.0,-1343.0
-241.0,-463.0,-686.0,-920.0,-1151.0,-1383,-195.0,-434.0,-659.0,-882.0,-1111.0,-1343.0
-241.0,-463.0,-686.0,-921.0,-1151.0,-1383,-195.0,-434.0,-659.0,-881.0,-1110.0,-1343.0
-241.0,-463.0,-686.0,-921.0,-1151.0,-1382,-195.0,-435.0,-658.0,-881.0,-1109.0,-1343.0
-240.0,-463.0,-686.0,-921.0,-1151.0,-1382,-195.0,-435.0,-658.0,-880.0,-1109.0,-1342.0
-240.0,-462.0,-686.0,-922.0,-1151.0,-1382,-195.0,-435.0,-657.0,-879.0,-1108.0,-1342.0
-240.0,-462.0,-686.0,-922.0,-1151.0,-1382,-196.0,-435.0,-656.0,-879.0,-1107.0,-1342.0
-240.0,-462.0,-686.0,-923.0,-1151.0,-1382,-195.0,-435.0,-656.0,-879.0,-1107.0,-1342.0
-240.0,-462.0,-686.0,-923.0,-1151.0,-1382,-195.0,-435.0,-656.0,-878.0,-1107.0,-1343.0
-240.0,-462.0,-686.0,-924.0,-1151.0,-1382,-195.0,-436.0,-655.0,-878.0,-1107.0,-1344.0
-240.0,-462.0,-686.0,-924.0,-1151.0,-1382,-195.0,-435.0,-655.0,-877.0,-1107.0,-1344.0
-240.0,-462.0,-686.0,-924.0,-1151.0,-1382,-195.0,-435.0,-655.0,-877.0,-1107.0,-1345.0
-240.0,-461.0,-686.0,-925.0,-1151.0,-1381,-195.0,-435.0,-655.0,-877.0,-1106.0,-1346.0
-240.0,-461.0,-686.0,-925.0,-1151.0,-1381,-195.0,-435.0,-655.0,-877.0,-1106.0,-1348.0
-239.0,-461.0,-686.0,-926.0,-1151.0,-1381,-195.0,-435.0,-655.0,-877.0,-1106.0,-1346.0
-239.0,-460.0,-686.0,-926.0,-1151.0,-1381,-195.0,-435.0,-656.0,-877.0,-1106.0,-1346.0
-239.0,-460.0,-686.0,-926.0,-1152.0,-1381,-195.0,-435.0,-657.0,-878.0,-1106.0,-1345.0
-239.0,-459.0,-686.0,-926.0,-1152.0,-1381,-195.0,-434.0,-657.0,-878.0,-1107.0,-1345.0
-238.0,-459.0,-686.0,-927.0,-1153.0,-1380,-195.0,-434.0,-659.0,-879.0,-1107.0,-1345.0
-238.0,-458.0,-686.0,-927.0,-1153.0,-1380,-195.0,-434.0,-660.0,-881.0,-1107.0,-1345.0
-238.0,-458.0,-686.0,-929.0,-1154.0,-1380,-194.0,-433.0,-661.0,-882.0,-1107.0,-1344.0
-237.0,-457.0,-686.0,-927.0,-1154.0,-1380,-194.0,-433.0,-663.0,-883.0,-1107.0,-1344.0
-237.0,-456.0,-686.0,-927.0,-1155.0,-1379,-194.0,-432.0,-664.0,-885.0,-1107.0,-1344.0
-237.0,-456.0,-686.0,-926.0,-1155.0,-1379,-194.0,-431.0,-665.0,-886.0,-1108.0,-1343.0
-236.0,-455.0,-686.0,-926.0,-1156.0,-1379,-194.0,-431.0,-666.0,-887.0,-1108.0,-1343.0
-236.0,-455.0,-686.0,-925.0,-1157.0,-1378,-194.0,-430.0,-667.0,-888.0,-1109.0,-1342.0
-236.0,-454.0,-686.0,-924.0,-1157.0,-1376,-194.0,-430.0,-668.0,-889.0,-1110.0,-1342.0
-236.0,-454.0,-686.0,-923.0,-1157.0,-1378,-194.0,-430.0,-668.0,-889.0,-1110.0,-1341.0
-235.0,-454.0,-686.0,-923.0,-1157.0,-1378,-195.0,-430.0,-668.0,-889.0,-1111.0,-1341.0
-235.0,-454.0,-686.0,-922.0,-1159.0,-1379,-196.0,-429.0,-669.0,-890.0,-1112.0,-1341.0
-235.0,-453.0,-686.0,-921.0,-1157.0,-1379,-197.0,-429.0,-669.0,-890.0,-1113.0,-1341.0
-235.0,-453.0,-685.0,-920.0,-1157.0,-1380,-197.0,-429.0,-669.0,-890.0,-1113.0,-1341.0
-234.0,-453.0,-685.0,-920.0,-1157.0,-1381,-198.0,-429.0,-669.0,-891.0,-1114.0,-1341.0
-234.0,-453.0,-685.0,-919.0,-1157.0,-1381,-199.0,-429.0,-669.0,-891.0,-1114.0,-1341.0
-234.0,-453.0,-684.0,-919.0,-1156.0,-1382,-200.0,-429.0,-669.0,-892.0,-1115.0,-1341.0
-233.0,-452.0,-684.0,-919.0,-1156.0,-1382,-201.0,-430.0,-670.0,-892.0,-1116.0,-1340.0
-233.0,-452.0,-683.0,-919.0,-1156.0,-1383,-202.0,-431.0,-670.0,-893.0,-1116.0,-1340.0
-233.0,-452.0,-683.0,-919.0,-1156.0,-1384,-203.0,-432.0,-671.0,-893.0,-1117.0,-1340.0
-233.0,-452.0,-682.0,-918.0,-1156.0,-1384,-204.0,-433.0,-671.0,-894.0,-1118.0,-1340.0
-232.0,-450.0,-682.0,-918.0,-1156.0,-1384,-205.0,-434.0,-672.0,-894.0,-1119.0,-1340.0
-232.0,-452.0,-682.0,-918.0,-1156.0,-1385,-206.0,-435.0,-672.0,-895.0,-1119.0,-1340.0
-232.0,-452.0,-680.0,-918.0,-1156.0,-1385,-208.0,-436.0,-672.0,-895.0,-1120.0,-1340.0
-232.0,-452.0,-682.0,-918.0,-1156.0,-1386,-206.0,-437.0,-672.0,-895.0,-1120.0,-1340.0
-232.0,-452.0,-682.0,-918.0,-1156.0,-1386,-206.0,-438.0,-673.0,-896.0,-1120.0,-1340.0
-232.0,-453.0,-682.0,-918.0,-1156.0,-1386,-205.0,-438.0,-673.0,-896.0,-1121.0,-1340.0
-232.0,-453.0,-683.0,-918.0,-1156.0,-1386,-205.0,-439.0,-673.0,-896.0,-1121.0,-1340.0
-232.0,-454.0,-683.0,-918.0,-1156.0,-1386,-204.0,-439.0,-673.0,-896.0,-1121.0,-1341.0
-232.0,-455.0,-683.0,-918.0,-1156.0,-1387,-204.0,-439.0,-673.0,-896.0,-1121.0,-1341.0
-232.0,-456.0,-684.0,-918.0,-1156.0,-1387,-203.0,-440.0,-675.0,-896.0,-1121.0,-1341.0
-233.0,-457.0,-684.0,-918.0,-1156.0,-1387,-202.0,-440.0,-673.0,-896.0,-1122.0,-1342.0
-233.0,-458.0,-684.0,-918.0,-1156.0,-1387,-201.0,-440.0,-673.0,-896.0,-1122.0,-1342.0
-234.0,-458.0,-685.0,-918.0,-1156.0,-1387,-200.0,-441.0,-673.0,-896.0,-1122.0,-1343.0
-235.0,-459.0,-685.0,-918.0,-1156.0,-1387,-200.0,-441.0,-673.0,-897.0,-1122.0,-1344.0
-235.0,-460.0,-685.0,-918.0,-1156.0,-1387,-199.0,-441.0,-673.0,-899.0,-1122.0,-1345.0
-236.0,-460.0,-686.0,-918.0,-1156.0,-1387,-199.0,-442.0,-671.0,-897.0,-1122.0,-1346.0
-236.0,-461.0,-686.0,-918.0,-1156.0,-1387,-199.0,-442.0,-669.0,-896.0,-1122.0,-1347.0
-237.0,-461.0,-686.0,-918.0,-1156.0,-1387,-198.0,-442.0,-662.0,-892.0,-1125.0,-1348.0
-237.0,-462.0,-686.0,-918.0,-1156.0,-1387,-198.0,-443.0,-654.0,-886.0,-1122.0,-1349.0
-237.0,-462.0,-686.0,-918.0,-1156.0,-1387,-198.0,-443.0,-637.0,-878.0,-1116.0,-1349.0
-238.0,-462.0,-686.0,-918.0,-1156.0,-1387,-198.0,-443.0,-621.0,-861.0,-1110.0,-1350.0
-238.0,-462.0,-686.0,-918.0,-1156.0,-1387,-198.0,-444.0,-603.0,-846.0,-1102.0,-1350.0
-239.0,-463.0,-686.0,-919.0,-1156.0,-1387,-198.0,-444.0,-585.0,-827.0,-1087.0,-1350.0
-239.0,-463.0,-687.0,-919.0,-1156.0,-1387,-198.0,-444.0,-549.0,-806.0,-1073.0,-1351.0
-239.0,-463.0,-687.0,-919.0,-1156.0,-1387,-198.0,-444.0,-520.0,-773.0,-1040.0,-1351.0
-240.0,-463.0,-687.0,-919.0,-1156.0,-1387,-198.0,-445.0,-496.0,-759.0,-1016.0,-1351.0
-240.0,-463.0,-687.0,-919.0,-1156.0,-1387,-198.0,-445.0,-482.0,-743.0,-997.0,-1351.0
-240.0,-463.0,-687.0,-919.0,-1156.0,-1387,-198.0,-445.0,-433.0,-720.0,-974.0,-1351.0
-240.0,-464.0,-687.0,-919.0,-1156.0,-1387,-198.0,-445.0,-476.0,-648.0,-960.0,-1351.0
-241.0,-464.0,-687.0,-919.0,-1156.0,-1387,-198.0,-447.0,-494.0,-694.0,-921.0,-1351.0
-241.0,-464.0,-687.0,-919.0,-1156.0,-1387,-198.0,-445.0,-529.0,-714.0,-953.0,-1351.0
-241.0,-464.0,-687.0,-919.0,-1156.0,-1388,-198.0,-445.0,-580.0,-774.0,-969.0,-1351.0
-241.0,-464.0,-687.0,-919.0,-1156.0,-1388,-197.0,-445.0,-607.0,-809.0,-1006.0,-1351.0
-241.0,-464.0,-688.0,-919.0,-1156.0,-1388,-195.0,-445.0,-627.0,-819.0,-1027.0,-1351.0
-241.0,-464.0,-688.0,-919.0,-1156.0,-1388,-192.0,-442.0,-660.0,-853.0,-1053.0,-1352.0
-242.0,-464.0,-688.0,-919.0,-1156.0,-1388,-189.0,-439.0,-692.0,-900.0,-1074.0,-1352.0
-242.0,-464.0,-688.0,-919.0,-1156.0,-1388,-185.0,-433.0,-705.0,-916.0,-1107.0,-1353.0
-242.0,-464.0,-688.0,-920.0,-1156.0,-1388,-182.0,-425.0,-721.0,-923.0,-1130.0,-1354.0
-242.0,-464.0,-688.0,-920.0,-1155.0,-1388,-178.0,-405.0,-708.0,-943.0,-1139.0,-1354.0
-242.0,-464.0,-688.0,-920.0,-1155.0,-1388,-174.0,-384.0,-703.0,-931.0,-1154.0,-1357.0
-242.0,-464.0,-688.0,-920.0,-1155.0,-1388,-177.0,-365.0,-696.0,-926.0,-1147.0,-1355.0
-242.0,-464.0,-689.0,-920.0,-1156.0,-1388,-181.0,-343.0,-688.0,-919.0,-1144.0,-1354.0
-242.0,-464.0,-689.0,-920.0,-1156.0,-1388,-187.0,-304.0,-682.0,-915.0,-1141.0,-1349.0
-242.0,-464.0,-689.0,-920.0,-1156.0,-1388,-196.0,-278.0,-677.0,-909.0,-1136.0,-1339.0
-242.0,-464.0,-689.0,-920.0,-1156.0,-1388,-204.0,-269.0,-673.0,-904.0,-1132.0,-1332.0
-242.0,-464.0,-689.0,-920.0,-1156.0,-1388,-209.0,-232.0,-670.0,-899.0,-1128.0,-1321.0
-242.0,-464.0,-689.0,-920.0,-1156.0,-1388,-215.0,-260.0,-668.0,-897.0,-1125.0,-1303.0
-242.0,-464.0,-689.0,-920.0,-1156.0,-1388,-224.0,-277.0,-667.0,-895.0,-1123.0,-1284.0
-242.0,-464.0,-689.0,-920.0,-1156.0,-1388,-219.0,-295.0,-666.0,-894.0,-1123.0,-1272.0
-242.0,-464.0,-689.0,-920.0,-1156.0,-1388,-217.0,-316.0,-666.0,-894.0,-1121.0,-1261.0
-242.0,-464.0,-689.0,-920.0,-1156.0,-1388,-216.0,-357.0,-666.0,-894.0,-1121.0,-1253.0
-243.0,-464.0,-689.0,-920.0,-1157.0,-1389,-213.0,-385.0,-666.0,-894.0,-1121.0,-1233.0
-242.0,-464.0,-689.0,-920.0,-1156.0,-1390,-211.0,-410.0,-665.0,-894.0,-1121.0,-1257.0
-242.0,-464.0,-689.0,-920.0,-1156.0,-1389,-210.0,-439.0,-665.0,-893.0,-1121.0,-1265.0
-242.0,-464.0,-689.0,-920.0,-1156.0,-1389,-210.0,-459.0,-665.0,-893.0,-1120.0,-1283.0
-242.0,-465.0,-689.0,-920.0,-1156.0,-1388,-209.0,-470.0,-664.0,-893.0,-1120.0,-1300.0
-242.0,-465.0,-689.0,-921.0,-1156.0,-1388,-208.0,-490.0,-664.0,-892.0,-1120.0,-1317.0
-242.0,-465.0,-689.0,-921.0,-1156.0,-1388,-206.0,-476.0,-663.0,-892.0,-1120.0,-1331.0
-242.0,-465.0,-689.0,-921.0,-1156.0,-1388,-204.0,-471.0,-663.0,-892.0,-1120.0,-1344.0
-242.0,-465.0,-689.0,-922.0,-1156.0,-1388,-202.0,-463.0,-663.0,-892.0,-1120.0,-1360.0
-242.0,-465.0,-689.0,-921.0,-1156.0,-1388,-201.0,-455.0,-662.0,-891.0,-1119.0,-1367.0
-242.0,-465.0,-689.0,-921.0,-1156.0,-1388,-199.0,-450.0,-662.0,-891.0,-1119.0,-1375.0
-242.0,-465.0,-689.0,-921.0,-1156.0,-1388,-198.0,-445.0,-661.0,-891.0,-1119.0,-1369.0
-242.0,-465.0,-689.0,-921.0,-1155.0,-1388,-198.0,-441.0,-661.0,-891.0,-1119.0,-1367.0
-242.0,-465.0,-689.0,-920.0,-1155.0,-1388,-198.0,-439.0,-661.0,-890.0,-1118.0,-1363.0
-242.0,-465.0,-689.0,-920.0,-1155.0,-1388,-198.0,-438.0,-660.0,-890.0,-1118.0,-1360.0
-242.0,-465.0,-689.0,-920.0,-1155.0,-1388,-198.0,-437.0,-660.0,-890.0,-1118.0,-1358.0
-242.0,-465.0,-689.0,-920.0,-1155.0,-1389,-198.0,-436.0,-659.0,-889.0,-1118.0,-1356.0
-242.0,-465.0,-689.0,-923.0,-1155.0,-1389,-198.0,-436.0,-658.0,-888.0,-1117.0,-1354.0
-241.0,-465.0,-689.0,-920.0,-1155.0,-1389,-198.0,-436.0,-657.0,-888.0,-1117.0,-1353.0
-241.0,-465.0,-689.0,-920.0,-1155.0,-1389,-198.0,-435.0,-656.0,-887.0,-1117.0,-1353.0
-241.0,-465.0,-689.0,-920.0,-1155.0,-1389,-198.0,-435.0,-655.0,-886.0,-1116.0,-1352.0
-241.0,-465.0,-689.0,-920.0,-1155.0,-1390,-198.0,-435.0,-654.0,-885.0,-1116.0,-1352.0
-241.0,-465.0,-689.0,-920.0,-1155.0,-1390,-198.0,-434.0,-652.0,-884.0,-1115.0,-1351.0
-241.0,-465.0,-690.0,-920.0,-1155.0,-1390,-198.0,-434.0,-651.0,-883.0,-1115.0,-1351.0
-241.0,-465.0,-690.0,-920.0,-1155.0,-1390,-198.0,-434.0,-650.0,-881.0,-1114.0,-1351.0
-241.0,-465.0,-690.0,-920.0,-1155.0,-1390,-198.0,-434.0,-649.0,-880.0,-1113.0,-1350.0
-241.0,-465.0,-690.0,-920.0,-1155.0,-1390,-198.0,-433.0,-648.0,-880.0,-1112.0,-1350.0
-241.0,-465.0,-690.0,-920.0,-1155.0,-1390,-198.0,-433.0,-646.0,-879.0,-1112.0,-1350.0
-242.0,-465.0,-690.0,-920.0,-1155.0,-1390,-199.0,-432.0,-644.0,-878.0,-1111.0,-1350.0
-242.0,-465.0,-690.0,-920.0,-1155.0,-1390,-199.0,-432.0,-642.0,-877.0,-1111.0,-1350.0
-242.0,-465.0,-690.0,-920.0,-1155.0,-1390,-199.0,-432.0,-640.0,-875.0,-1110.0,-1350.0
-242.0,-465.0,-690.0,-920.0,-1155.0,-1390,-199.0,-431.0,-638.0,-873.0,-1110.0,-1350.0
-242.0,-465.0,-690.0,-920.0,-1155.0,-1390,-199.0,-430.0,-636.0,-871.0,-1109.0,-1350.0
-242.0,-465.0,-691.0,-920.0,-1155.0,-1390,-199.0,-429.0,-633.0,-869.0,-1108.0,-1350.0
-242.0,-465.0,-691.0,-920.0,-1155.0,-1390,-199.0,-428.0,-629.0,-866.0,-1107.0,-1350.0
-242.0,-465.0,-691.0,-920.0,-1155.0,-1390,-199.0,-428.0,-627.0,-863.0,-1106.0,-1350.0
-242.0,-465.0,-691.0,-920.0,-1154.0,-1390,-199.0,-427.0,-623.0,-861.0,-1104.0,-1350.0
-242.0,-465.0,-691.0,-920.0,-1154.0,-1390,-200.0,-426.0,-620.0,-858.0,-1103.0,-1350.0
-242.0,-465.0,-691.0,-920.0,-1154.0,-1391,-199.0,-425.0,-617.0,-855.0,-1102.0,-1350.0
-242.0,-465.0,-691.0,-920.0,-1154.0,-1391,-199.0,-423.0,-614.0,-853.0,-1100.0,-1350.0
-242.0,-465.0,-692.0,-920.0,-1154.0,-1391,-199.0,-422.0,-611.0,-851.0,-1099.0,-1350.0
-242.0,-466.0,-692.0,-921.0,-1154.0,-1391,-199.0,-421.0,-609.0,-848.0,-1097.0,-1349.0
-242.0,-466.0,-692.0,-921.0,-1154.0,-1391,-199.0,-420.0,-606.0,-845.0,-1095.0,-1349.0
-242.0,-466.0,-692.0,-921.0,-1154.0,-1392,-199.0,-419.0,-603.0,-843.0,-1094.0,-1349.0
-242.0,-466.0,-692.0,-921.0,-1154.0,-1391,-199.0,-418.0,-601.0,-841.0,-1092.0,-1348.0
-242.0,-466.0,-692.0,-921.0,-1154.0,-1391,-199.0,-416.0,-598.0,-838.0,-1091.0,-1348.0
-242.0,-466.0,-692.0,-921.0,-1154.0,-1391,-199.0,-415.0,-596.0,-836.0,-1089.0,-1348.0
-242.0,-466.0,-692.0,-921.0,-1154.0,-1391,-198.0,-412.0,-594.0,-834.0,-1088.0,-1347.0
-242.0,-466.0,-692.0,-921.0,-1154.0,-1391,-198.0,-410.0,-592.0,-832.0,-1087.0,-1347.0
-242.0,-466.0,-693.0,-922.0,-1153.0,-1390,-197.0,-407.0,-591.0,-831.0,-1086.0,-1347.0
-242.0,-466.0,-692.0,-922.0,-1153.0,-1390,-196.0,-404.0,-591.0,-829.0,-1085.0,-1346.0
-242.0,-466.0,-692.0,-922.0,-1153.0,-1390,-196.0,-401.0,-590.0,-829.0,-1084.0,-1346.0
-242.0,-466.0,-692.0,-923.0,-1153.0,-1390,-195.0,-398.0,-588.0,-828.0,-1083.0,-1346.0
-242.0,-466.0,-692.0,-924.0,-1153.0,-1389,-194.0,-394.0,-590.0,-826.0,-1083.0,-1345.0
-242.0,-467.0,-692.0,-924.0,-1152.0,-1389,-194.0,-391.0,-591.0,-828.0,-1082.0,-1345.0
-243.0,-467.0,-692.0,-925.0,-1151.0,-1388,-193.0,-387.0,-592.0,-829.0,-1079.0,-1345.0
-243.0,-467.0,-692.0,-926.0,-1150.0,-1388,-193.0,-383.0,-595.0,-830.0,-1081.0,-1345.0
-243.0,-467.0,-692.0,-926.0,-1150.0,-1388,-192.0,-380.0,-598.0,-832.0,-1082.0,-1344.0
-243.0,-468.0,-692.0,-927.0,-1149.0,-1387,-192.0,-377.0,-602.0,-834.0,-1083.0,-1344.0
-243.0,-467.0,-692.0,-928.0,-1148.0,-1387,-191.0,-373.0,-605.0,-837.0,-1083.0,-1344.0
-243.0,-467.0,-691.0,-929.0,-1147.0,-1386,-190.0,-370.0,-611.0,-841.0,-1084.0,-1343.0
-243.0,-467.0,-691.0,-929.0,-1146.0,-1386,-190.0,-367.0,-615.0,-845.0,-1085.0,-1343.0
-245.0,-467.0,-691.0,-930.0,-1145.0,-1386,-189.0,-364.0,-620.0,-849.0,-1086.0,-1342.0
-243.0,-467.0,-691.0,-931.0,-1145.0,-1386,-188.0,-361.0,-625.0,-854.0,-1088.0,-1342.0
-243.0,-466.0,-691.0,-932.0,-1144.0,-1386,-188.0,-358.0,-631.0,-858.0,-1090.0,-1341.0
-243.0,-466.0,-691.0,-933.0,-1144.0,-1386,-187.0,-355.0,-635.0,-862.0,-1092.0,-1340.0
-243.0,-466.0,-691.0,-934.0,-1143.0,-1386,-187.0,-353.0,-639.0,-866.0,-1094.0,-1340.0
-243.0,-465.0,-691.0,-934.0,-1143.0,-1386,-187.0,-351.0,-643.0,-870.0,-1096.0,-1339.0
-243.0,-464.0,-691.0,-935.0,-1142.0,-1386,-187.0,-349.0,-646.0,-874.0,-1098.0,-1338.0
-243.0,-463.0,-691.0,-935.0,-1142.0,-1386,-187.0,-345.0,-649.0,-877.0,-1100.0,-1338.0
-242.0,-462.0,-691.0,-938.0,-1142.0,-1386,-188.0,-349.0,-652.0,-880.0,-1102.0,-1337.0
-242.0,-462.0,-691.0,-936.0,-1143.0,-1387,-188.0,-350.0,-654.0,-883.0,-1105.0,-1337.0
-242.0,-461.0,-691.0,-935.0,-1143.0,-1387,-188.0,-352.0,-657.0,-885.0,-1106.0,-1336.0
-242.0,-460.0,-692.0,-935.0,-1144.0,-1388,-188.0,-354.0,-658.0,-887.0,-1108.0,-1336.0
-242.0,-459.0,-692.0,-934.0,-1144.0,-1389,-189.0,-358.0,-660.0,-889.0,-1109.0,-1336.0
-241.0,-459.0,-693.0,-933.0,-1145.0,-1390,-190.0,-361.0,-661.0,-891.0,-1111.0,-1336.0
-241.0,-458.0,-693.0,-933.0,-1146.0,-1390,-191.0,-366.0,-662.0,-893.0,-1112.0,-1336.0
-241.0,-458.0,-694.0,-932.0,-1147.0,-1391,-191.0,-371.0,-664.0,-894.0,-1113.0,-1336.0
-241.0,-457.0,-694.0,-931.0,-1148.0,-1392,-192.0,-376.0,-665.0,-895.0,-1114.0,-1336.0
-240.0,-457.0,-695.0,-930.0,-1149.0,-1393,-193.0,-382.0,-665.0,-896.0,-1114.0,-1337.0
-240.0,-456.0,-696.0,-929.0,-1149.0,-1393,-194.0,-388.0,-666.0,-897.0,-1115.0,-1337.0
-239.0,-456.0,-697.0,-929.0,-1149.0,-1394,-195.0,-394.0,-667.0,-897.0,-1116.0,-1338.0
-238.0,-456.0,-698.0,-928.0,-1150.0,-1394,-196.0,-400.0,-667.0,-898.0,-1116.0,-1338.0
-237.0,-456.0,-700.0,-927.0,-1150.0,-1395,-197.0,-405.0,-667.0,-898.0,-1117.0,-1339.0
-236.0,-456.0,-701.0,-926.0,-1150.0,-1395,-197.0,-409.0,-667.0,-898.0,-1117.0,-1339.0
-235.0,-453.0,-702.0,-926.0,-1150.0,-1396,-198.0,-413.0,-668.0,-899.0,-1117.0,-1340.0
-234.0,-456.0,-703.0,-925.0,-1150.0,-1396,-199.0,-417.0,-668.0,-899.0,-1117.0,-1340.0
-233.0,-456.0,-703.0,-925.0,-1150.0,-1396,-199.0,-421.0,-668.0,-899.0,-1117.0,-1341.0
-232.0,-457.0,-704.0,-924.0,-1150.0,-1397,-200.0,-424.0,-668.0,-899.0,-1118.0,-1341.0
-232.0,-458.0,-706.0,-924.0,-1150.0,-1397,-200.0,-426.0,-668.0,-899.0,-1118.0,-1342.0
-231.0,-459.0,-704.0,-923.0,-1150.0,-1398,-200.0,-429.0,-668.0,-899.0,-1118.0,-1343.0
-230.0,-460.0,-704.0,-923.0,-1150.0,-1398,-201.0,-432.0,-668.0,-900.0,-1118.0,-1344.0
-229.0,-461.0,-703.0,-923.0,-1151.0,-1399,-201.0,-434.0,-669.0,-900.0,-1118.0,-1344.0
-228.0,-462.0,-703.0,-922.0,-1151.0,-1399,-201.0,-435.0,-668.0,-900.0,-1118.0,-1345.0
-228.0,-463.0,-703.0,-922.0,-1151.0,-1399,-201.0,-437.0,-668.0,-900.0,-1118.0,-1345.0
-228.0,-464.0,-703.0,-922.0,-1152.0,-1400,-201.0,-438.0,-668.0,-900.0,-1118.0,-1346.0
-228.0,-465.0,-703.0,-922.0,-1153.0,-1400,-201.0,-440.0,-668.0,-900.0,-1118.0,-1346.0
-228.0,-466.0,-703.0,-922.0,-1153.0,-1400,-202.0,-440.0,-668.0,-900.0,-1118.0,-1347.0
-228.0,-467.0,-703.0,-922.0,-1154.0,-1401,-202.0,-441.0,-668.0,-900.0,-1118.0,-1348.0
-228.0,-468.0,-703.0,-922.0,-1156.0,-1402,-202.0,-441.0,-668.0,-900.0,-1118.0,-1348.0
-228.0,-468.0,-704.0,-922.0,-1154.0,-1401,-202.0,-441.0,-667.0,-900.0,-1118.0,-1349.0
-228.0,-469.0,-704.0,-922.0,-1154.0,-1401,-202.0,-442.0,-667.0,-901.0,-1118.0,-1349.0
-229.0,-470.0,-704.0,-922.0,-1153.0,-1400,-202.0,-442.0,-667.0,-901.0,-1119.0,-1350.0
-229.0,-470.0,-705.0,-922.0,-1150.0,-1400,-202.0,-442.0,-667.0,-901.0,-1119.0,-1350.0
-230.0,-471.0,-707.0,-922.0,-1147.0,-1399,-202.0,-442.0,-667.0,-901.0,-1119.0,-1351.0
-231.0,-472.0,-705.0,-922.0,-1144.0,-1399,-202.0,-442.0,-667.0,-901.0,-1119.0,-1351.0
-231.0,-473.0,-705.0,-922.0,-1139.0,-1398,-202.0,-442.0,-667.0,-901.0,-1119.0,-1352.0
-233.0,-473.0,-704.0,-922.0,-1136.0,-1398,-202.0,-442.0,-667.0,-901.0,-1119.0,-1352.0
-234.0,-474.0,-704.0,-923.0,-1132.0,-1397,-202.0,-442.0,-667.0,-901.0,-1119.0,-1352.0
-235.0,-474.0,-703.0,-924.0,-1129.0,-1396,-202.0,-442.0,-667.0,-901.0,-1119.0,-1352.0
-237.0,-474.0,-702.0,-925.0,-1127.0,-1396,-202.0,-442.0,-667.0,-901.0,-1119.0,-1352.0
-238.0,-475.0,-702.0,-928.0,-1119.0,-1395,-202.0,-442.0,-667.0,-902.0,-1119.0,-1352.0
-238.0,-475.0,-701.0,-938.0,-1125.0,-1394,-202.0,-443.0,-667.0,-903.0,-1119.0,-1352.0
-239.0,-475.0,-700.0,-945.0,-1127.0,-1393,-202.0,-442.0,-667.0,-902.0,-1119.0,-1352.0
-240.0,-477.0,-699.0,-955.0,-1132.0,-1391,-202.0,-442.0,-667.0,-902.0,-1119.0,-1352.0
-240.0,-475.0,-698.0,-960.0,-1137.0,-1389,-202.0,-442.0,-666.0,-901.0,-1119.0,-1352.0
-240.0,-475.0,-699.0,-965.0,-1140.0,-1387,-202.0,-442.0,-666.0,-901.0,-1119.0,-1352.0
-241.0,-475.0,-699.0,-973.0,-1142.0,-1385,-202.0,-442.0,-666.0,-901.0,-1119.0,-1352.0
-241.0,-474.0,-699.0,-990.0,-1146.0,-1383,-202.0,-442.0,-666.0,-901.0,-1119.0,-1352.0
-241.0,-474.0,-699.0,-974.0,-1150.0,-1379,-202.0,-442.0,-666.0,-901.0,-1119.0,-1353.0
-241.0,-474.0,-700.0,-969.0,-1153.0,-1375,-202.0,-442.0,-666.0,-901.0,-1119.0,-1353.0
-241.0,-473.0,-700.0,-958.0,-1155.0,-1372,-202.0,-442.0,-666.0,-901.0,-1119.0,-1353.0
-242.0,-473.0,-700.0,-947.0,-1156.0,-1369,-202.0,-442.0,-666.0,-901.0,-1119.0,-1353.0
-242.0,-472.0,-701.0,-940.0,-1157.0,-1360,-202.0,-442.0,-666.0,-901.0,-1119.0,-1353.0
-242.0,-470.0,-702.0,-933.0,-1157.0,-1374,-202.0,-441.0,-666.0,-901.0,-1119.0,-1353.0
-242.0,-468.0,-706.0,-923.0,-1158.0,-1381,-202.0,-441.0,-666.0,-901.0,-1119.0,-1353.0
-244.0,-466.0,-702.0,-917.0,-1158.0,-1389,-203.0,-441.0,-666.0,-901.0,-1119.0,-1353.0
-242.0,-461.0,-701.0,-909.0,-1159.0,-1399,-203.0,-441.0,-667.0,-901.0,-1119.0,-1353.0
-242.0,-458.0,-700.0,-906.0,-1159.0,-1405,-203.0,-441.0,-667.0,-902.0,-1119.0,-1353.0
-242.0,-455.0,-699.0,-899.0,-1159.0,-1411,-203.0,-441.0,-667.0,-902.0,-1119.0,-1353.0
-242.0,-451.0,-699.0,-906.0,-1160.0,-1421,-203.0,-441.0,-667.0,-902.0,-1119.0,-1353.0
-242.0,-447.0,-700.0,-908.0,-1160.0,-1413,-203.0,-441.0,-667.0,-902.0,-1119.0,-1353.0
-241.0,-440.0,-702.0,-911.0,-1160.0,-1410,-203.0,-441.0,-668.0,-902.0,-1119.0,-1353.0
-239.0,-431.0,-705.0,-913.0,-1160.0,-1406,-203.0,-441.0,-668.0,-903.0,-1119.0,-1353.0
-236.0,-429.0,-707.0,-916.0,-1160.0,-1403,-203.0,-441.0,-668.0,-903.0,-1120.0,-1353.0
-232.0,-427.0,-707.0,-918.0,-1161.0,-1401,-203.0,-441.0,-669.0,-903.0,-1120.0,-1354.0
-227.0,-406.0,-716.0,-919.0,-1161.0,-1398,-203.0,-441.0,-669.0,-904.0,-1120.0,-1354.0
-219.0,-426.0,-699.0,-921.0,-1161.0,-1397,-203.0,-441.0,-669.0,-904.0,-1120.0,-1354.0
-213.0,-436.0,-711.0,-921.0,-1162.0,-1395,-203.0,-441.0,-669.0,-904.0,-1120.0,-1355.0
-207.0,-442.0,-704.0,-922.0,-1162.0,-1394,-203.0,-441.0,-670.0,-904.0,-1121.0,-1354.0
-200.0,-456.0,-703.0,-922.0,-1162.0,-1393,-203.0,-441.0,-670.0,-904.0,-1121.0,-1354.0
-195.0,-472.0,-702.0,-922.0,-1162.0,-1393,-203.0,-442.0,-670.0,-904.0,-1121.0,-1354.0
-192.0,-480.0,-700.0,-922.0,-1162.0,-1393,-203.0,-442.0,-671.0,-905.0,-1121.0,-1354.0
-178.0,-489.0,-698.0,-922.0,-1163.0,-1393,-203.0,-442.0,-671.0,-905.0,-1121.0,-1353.0
-190.0,-501.0,-697.0,-922.0,-1163.0,-1393,-203.0,-442.0,-671.0,-905.0,-1121.0,-1353.0
-197.0,-490.0,-697.0,-923.0,-1163.0,-1393,-203.0,-442.0,-672.0,-905.0,-1121.0,-1353.0
-207.0,-489.0,-696.0,-923.0,-1163.0,-1393,-203.0,-442.0,-672.0,-906.0,-1121.0,-1353.0
-220.0,-484.0,-696.0,-923.0,-1163.0,-1393,-203.0,-442.0,-672.0,-906.0,-1121.0,-1353.0
-230.0,-482.0,-695.0,-924.0,-1163.0,-1393,-203.0,-443.0,-673.0,-906.0,-1121.0,-1353.0
-241.0,-479.0,-695.0,-924.0,-1163.0,-1393,-203.0,-443.0,-673.0,-907.0,-1121.0,-1353.0
-252.0,-476.0,-695.0,-924.0,-1163.0,-1393,-203.0,-443.0,-673.0,-907.0,-1121.0,-1354.0
-260.0,-475.0,-695.0,-924.0,-1163.0,-1393,-203.0,-443.0,-674.0,-907.0,-1122.0,-1354.0
-255.0,-473.0,-695.0,-924.0,-1163.0,-1393,-203.0,-443.0,-674.0,-908.0,-1122.0,-1354.0
-254.0,-473.0,-695.0,-925.0,-1164.0,-1393,-203.0,-443.0,-674.0,-908.0,-1122.0,-1354.0
-253.0,-472.0,-695.0,-925.0,-1164.0,-1393,-203.0,-444.0,-674.0,-908.0,-1122.0,-1354.0
-252.0,-471.0,-695.0,-925.0,-1164.0,-1392,-203.0,-444.0,-674.0,-909.0,-1123.0,-1354.0
-251.0,-471.0,-694.0,-925.0,-1165.0,-1392,-203.0,-444.0,-674.0,-909.0,-1123.0,-1354.0
-250.0,-471.0,-694.0,-925.0,-1164.0,-1392,-203.0,-445.0,-674.0,-909.0,-1123.0,-1354.0
-250.0,-470.0,-694.0,-925.0,-1164.0,-1392,-203.0,-445.0,-674.0,-909.0,-1124.0,-1355.0
-249.0,-470.0,-694.0,-925.0,-1164.0,-1392,-203.0,-445.0,-674.0,-909.0,-1124.0,-1355.0
-248.0,-470.0,-693.0,-926.0,-1164.0,-1392,-203.0,-446.0,-674.0,-909.0,-1124.0,-1355.0
-248.0,-470.0,-693.0,-926.0,-1163.0,-1392,-203.0,-446.0,-674.0,-909.0,-1124.0,-1355.0
-248.0,-470.0,-693.0,-926.0,-1163.0,-1392,-203.0,-446.0,-675.0,-910.0,-1125.0,-1355.0
-248.0,-470.0,-693.0,-926.0,-1163.0,-1392,-203.0,-447.0,-675.0,-909.0,-1125.0,-1355.0
-248.0,-470.0,-692.0,-926.0,-1163.0,-1392,-203.0,-447.0,-675.0,-909.0,-1125.0,-1356.0
-248.0,-470.0,-692.0,-926.0,-1163.0,-1392,-203.0,-447.0,-676.0,-909.0,-1125.0,-1355.0
-248.0,-470.0,-692.0,-926.0,-1163.0,-1391,-204.0,-447.0,-675.0,-909.0,-1125.0,-1355.0
-249.0,-470.0,-692.0,-927.0,-1162.0,-1391,-204.0,-447.0,-675.0,-909.0,-1125.0,-1355.0
-249.0,-470.0,-692.0,-927.0,-1162.0,-1391,-204.0,-448.0,-675.0,-909.0,-1125.0,-1355.0
-249.0,-470.0,-692.0,-927.0,-1162.0,-1391,-204.0,-448.0,-675.0,-909.0,-1125.0,-1355.0
-249.0,-470.0,-692.0,-927.0,-1162.0,-1391,-204.0,-448.0,-674.0,-908.0,-1127.0,-1355.0
-249.0,-470.0,-692.0,-927.0,-1161.0,-1390,-204.0,-448.0,-674.0,-908.0,-1125.0,-1355.0
-249.0,-470.0,-692.0,-927.0,-1161.0,-1390,-204.0,-449.0,-674.0,-908.0,-1125.0,-1354.0
-249.0,-470.0,-692.0,-927.0,-1160.0,-1390,-204.0,-449.0,-674.0,-907.0,-1125.0,-1354.0
-249.0,-470.0,-692.0,-927.0,-1160.0,-1390,-204.0,-449.0,-673.0,-907.0,-1125.0,-1354.0
-249.0,-470.0,-692.0,-927.0,-1159.0,-1390,-204.0,-449.0,-672.0,-906.0,-1125.0,-1354.0
-251.0,-470.0,-692.0,-927.0,-1159.0,-1389,-204.0,-449.0,-671.0,-906.0,-1125.0,-1354.0
-249.0,-470.0,-692.0,-928.0,-1158.0,-1389,-204.0,-449.0,-670.0,-905.0,-1125.0,-1354.0
-249.0,-470.0,-692.0,-928.0,-1158.0,-1388,-204.0,-450.0,-669.0,-904.0,-1125.0,-1355.0
-249.0,-470.0,-691.0,-929.0,-1157.0,-1388,-204.0,-449.0,-668.0,-904.0,-1125.0,-1355.0
-249.0,-470.0,-691.0,-930.0,-1156.0,-1388,-204.0,-449.0,-667.0,-903.0,-1124.0,-1355.0
-249.0,-470.0,-691.0,-931.0,-1156.0,-1387,-205.0,-449.0,-667.0,-902.0,-1124.0,-1356.0
-249.0,-470.0,-691.0,-931.0,-1155.0,-1387,-205.0,-449.0,-667.0,-901.0,-1123.0,-1356.0
-249.0,-469.0,-691.0,-932.0,-1154.0,-1387,-206.0,-449.0,-666.0,-901.0,-1123.0,-1356.0
-249.0,-469.0,-691.0,-932.0,-1152.0,-1387,-205.0,-449.0,-666.0,-900.0,-1122.0,-1356.0
-249.0,-469.0,-691.0,-933.0,-1152.0,-1387,-205.0,-449.0,-666.0,-900.0,-1122.0,-1357.0
-249.0,-468.0,-692.0,-934.0,-1151.0,-1387,-204.0,-448.0,-665.0,-900.0,-1122.0,-1356.0
-248.0,-468.0,-692.0,-934.0,-1150.0,-1387,-204.0,-448.0,-665.0,-900.0,-1122.0,-1356.0
-248.0,-468.0,-692.0,-935.0,-1150.0,-1388,-204.0,-448.0,-665.0,-899.0,-1122.0,-1356.0
-248.0,-468.0,-693.0,-935.0,-1150.0,-1388,-204.0,-448.0,-666.0,-898.0,-1122.0,-1356.0
-248.0,-467.0,-693.0,-936.0,-1150.0,-1388,-204.0,-447.0,-666.0,-898.0,-1121.0,-1355.0
-248.0,-467.0,-694.0,-936.0,-1150.0,-1389,-204.0,-447.0,-667.0,-898.0,-1121.0,-1355.0
-248.0,-466.0,-695.0,-937.0,-1150.0,-1389,-204.0,-447.0,-669.0,-898.0,-1120.0,-1355.0
-248.0,-465.0,-696.0,-937.0,-1150.0,-1390,-204.0,-446.0,-670.0,-898.0,-1120.0,-1355.0
-247.0,-464.0,-696.0,-938.0,-1150.0,-1390,-204.0,-445.0,-671.0,-899.0,-1120.0,-1355.0
-247.0,-464.0,-697.0,-938.0,-1150.0,-1391,-204.0,-445.0,-673.0,-900.0,-1120.0,-1355.0
-247.0,-463.0,-697.0,-939.0,-1150.0,-1391,-204.0,-444.0,-674.0,-901.0,-1120.0,-1355.0
-247.0,-462.0,-698.0,-939.0,-1150.0,-1392,-204.0,-443.0,-675.0,-902.0,-1120.0,-1355.0
-246.0,-462.0,-698.0,-939.0,-1151.0,-1392,-204.0,-443.0,-676.0,-903.0,-1121.0,-1355.0
-246.0,-462.0,-698.0,-940.0,-1151.0,-1392,-205.0,-442.0,-676.0,-904.0,-1121.0,-1355.0
-245.0,-462.0,-699.0,-939.0,-1151.0,-1392,-206.0,-442.0,-676.0,-904.0,-1122.0,-1354.0
-245.0,-462.0,-699.0,-939.0,-1152.0,-1392,-207.0,-442.0,-676.0,-905.0,-1123.0,-1354.0
-245.0,-462.0,-700.0,-939.0,-1152.0,-1392,-208.0,-442.0,-677.0,-905.0,-1123.0,-1353.0
-244.0,-462.0,-700.0,-938.0,-1153.0,-1393,-209.0,-441.0,-677.0,-906.0,-1124.0,-1353.0
-243.0,-462.0,-700.0,-938.0,-1153.0,-1393,-210.0,-441.0,-677.0,-906.0,-1125.0,-1353.0
-242.0,-462.0,-700.0,-937.0,-1153.0,-1393,-211.0,-441.0,-677.0,-907.0,-1125.0,-1352.0
-241.0,-462.0,-700.0,-936.0,-1154.0,-1393,-212.0,-441.0,-677.0,-907.0,-1126.0,-1352.0
-240.0,-462.0,-701.0,-936.0,-1154.0,-1393,-213.0,-442.0,-677.0,-908.0,-1127.0,-1352.0
-239.0,-462.0,-701.0,-935.0,-1154.0,-1393,-214.0,-443.0,-678.0,-908.0,-1127.0,-1352.0
-238.0,-462.0,-701.0,-934.0,-1154.0,-1394,-215.0,-444.0,-678.0,-908.0,-1128.0,-1351.0
-237.0,-462.0,-701.0,-933.0,-1154.0,-1394,-215.0,-445.0,-679.0,-908.0,-1129.0,-1351.0
-237.0,-462.0,-701.0,-933.0,-1155.0,-1394,-216.0,-446.0,-679.0,-909.0,-1130.0,-1351.0
-236.0,-462.0,-701.0,-932.0,-1155.0,-1394,-216.0,-447.0,-679.0,-909.0,-1130.0,-1350.0
-235.0,-462.0,-701.0,-932.0,-1155.0,-1394,-219.0,-447.0,-679.0,-909.0,-1131.0,-1350.0
-235.0,-462.0,-701.0,-932.0,-1155.0,-1394,-216.0,-448.0,-680.0,-910.0,-1132.0,-1349.0
-234.0,-462.0,-701.0,-932.0,-1155.0,-1395,-216.0,-448.0,-680.0,-910.0,-1133.0,-1349.0
-234.0,-462.0,-701.0,-931.0,-1155.0,-1395,-215.0,-449.0,-680.0,-911.0,-1133.0,-1349.0
-234.0,-462.0,-701.0,-931.0,-1155.0,-1395,-214.0,-449.0,-680.0,-910.0,-1134.0,-1349.0
-233.0,-462.0,-702.0,-931.0,-1155.0,-1395,-214.0,-450.0,-680.0,-910.0,-1134.0,-1349.0
-233.0,-462.0,-702.0,-931.0,-1155.0,-1395,-213.0,-450.0,-680.0,-909.0,-1135.0,-1349.0
-233.0,-463.0,-702.0,-930.0,-1155.0,-1395,-212.0,-450.0,-682.0,-909.0,-1135.0,-1349.0
-233.0,-463.0,-702.0,-930.0,-1155.0,-1396,-211.0,-450.0,-680.0,-909.0,-1135.0,-1349.0
-233.0,-464.0,-702.0,-930.0,-1155.0,-1396,-211.0,-451.0,-680.0,-909.0,-1135.0,-1349.0
-233.0,-465.0,-703.0,-930.0,-1156.0,-1396,-210.0,-451.0,-680.0,-909.0,-1135.0,-1350.0
-234.0,-465.0,-703.0,-930.0,-1156.0,-1396,-209.0,-451.0,-680.0,-909.0,-1135.0,-1350.0
-234.0,-466.0,-703.0,-930.0,-1156.0,-1396,-209.0,-451.0,-680.0,-909.0,-1135.0,-1350.0
-234.0,-467.0,-703.0,-930.0,-1156.0,-1396,-208.0,-452.0,-680.0,-909.0,-1135.0,-1350.0
-235.0,-468.0,-703.0,-930.0,-1156.0,-1396,-208.0,-452.0,-679.0,-909.0,-1136.0,-1350.0
-235.0,-469.0,-704.0,-929.0,-1156.0,-1396,-208.0,-452.0,-677.0,-909.0,-1136.0,-1351.0
-236.0,-469.0,-704.0,-929.0,-1156.0,-1397,-208.0,-453.0,-672.0,-909.0,-1136.0,-1352.0
-236.0,-469.0,-704.0,-929.0,-1157.0,-1397,-207.0,-453.0,-664.0,-909.0,-1136.0,-1352.0
-237.0,-470.0,-704.0,-929.0,-1157.0,-1397,-207.0,-453.0,-650.0,-908.0,-1137.0,-1353.0
-237.0,-470.0,-704.0,-929.0,-1157.0,-1397,-207.0,-453.0,-628.0,-903.0,-1140.0,-1354.0
-237.0,-471.0,-704.0,-929.0,-1157.0,-1397,-207.0,-454.0,-602.0,-896.0,-1138.0,-1355.0
-238.0,-471.0,-704.0,-929.0,-1157.0,-1397,-207.0,-454.0,-568.0,-883.0,-1137.0,-1355.0
-238.0,-471.0,-704.0,-929.0,-1157.0,-1397,-207.0,-454.0,-516.0,-867.0,-1132.0,-1356.0
-239.0,-471.0,-704.0,-929.0,-1158.0,-1397,-207.0,-456.0,-498.0,-823.0,-1125.0,-1357.0
-239.0,-471.0,-704.0,-928.0,-1158.0,-1397,-207.0,-454.0,-428.0,-774.0,-1115.0,-1357.0
-240.0,-471.0,-704.0,-928.0,-1158.0,-1397,-207.0,-454.0,-455.0,-645.0,-1095.0,-1358.0
-240.0,-472.0,-705.0,-928.0,-1158.0,-1397,-207.0,-454.0,-474.0,-771.0,-1055.0,-1359.0
-240.0,-472.0,-704.0,-928.0,-1158.0,-1397,-207.0,-454.0,-493.0,-746.0,-1031.0,-1359.0
-241.0,-472.0,-704.0,-928.0,-1158.0,-1397,-206.0,-453.0,-514.0,-649.0,-1011.0,-1359.0
-241.0,-472.0,-704.0,-928.0,-1158.0,-1397,-205.0,-453.0,-554.0,-703.0,-977.0,-1359.0
-241.0,-472.0,-704.0,-928.0,-1158.0,-1397,-203.0,-453.0,-597.0,-724.0,-960.0,-1360.0
-242.0,-472.0,-704.0,-928.0,-1159.0,-1397,-200.0,-453.0,-615.0,-754.0,-916.0,-1360.0
-242.0,-472.0,-704.0,-928.0,-1159.0,-1397,-197.0,-452.0,-653.0,-793.0,-950.0,-1360.0
-242.0,-472.0,-704.0,-928.0,-1159.0,-1398,-193.0,-447.0,-683.0,-813.0,-968.0,-1360.0
-243.0,-472.0,-704.0,-929.0,-1159.0,-1398,-188.0,-442.0,-695.0,-841.0,-994.0,-1360.0
-243.0,-472.0,-704.0,-929.0,-1159.0,-1398,-186.0,-430.0,-705.0,-884.0,-1023.0,-1360.0
-243.0,-472.0,-704.0,-929.0,-1159.0,-1398,-185.0,-415.0,-727.0,-908.0,-1044.0,-1360.0
-243.0,-472.0,-704.0,-929.0,-1159.0,-1398,-189.0,-394.0,-715.0,-921.0,-1079.0,-1360.0
-244.0,-473.0,-703.0,-929.0,-1159.0,-1398,-194.0,-358.0,-710.0,-932.0,-1104.0,-1360.0
-244.0,-473.0,-703.0,-929.0,-1159.0,-1398,-200.0,-337.0,-702.0,-941.0,-1125.0,-1360.0
-244.0,-473.0,-703.0,-929.0,-1159.0,-1398,-206.0,-309.0,-691.0,-955.0,-1139.0,-1360.0
-245.0,-473.0,-703.0,-930.0,-1159.0,-1398,-214.0,-295.0,-685.0,-939.0,-1151.0,-1361.0
-245.0,-473.0,-703.0,-929.0,-1159.0,-1398,-219.0,-249.0,-679.0,-932.0,-1158.0,-1362.0
-245.0,-473.0,-703.0,-929.0,-1160.0,-1398,-224.0,-273.0,-675.0,-925.0,-1167.0,-1365.0
-245.0,-473.0,-703.0,-929.0,-1160.0,-1398,-230.0,-287.0,-673.0,-918.0,-1156.0,-1362.0
-245.0,-473.0,-703.0,-929.0,-1160.0,-1398,-224.0,-304.0,-671.0,-912.0,-1151.0,-1359.0
-245.0,-473.0,-703.0,-929.0,-1160.0,-1398,-222.0,-333.0,-671.0,-908.0,-1146.0,-1356.0
-245.0,-473.0,-702.0,-929.0,-1160.0,-1398,-219.0,-367.0,-670.0,-905.0,-1141.0,-1350.0
-246.0,-473.0,-702.0,-929.0,-1160.0,-1398,-216.0,-389.0,-670.0,-904.0,-1138.0,-1334.0
-246.0,-474.0,-702.0,-928.0,-1160.0,-1398,-214.0,-408.0,-670.0,-903.0,-1136.0,-1318.0
-246.0,-474.0,-702.0,-928.0,-1160.0,-1398,-214.0,-441.0,-670.0,-903.0,-1135.0,-1292.0
-246.0,-474.0,-702.0,-928.0,-1160.0,-1398,-214.0,-465.0,-669.0,-902.0,-1135.0,-1280.0
-246.0,-474.0,-702.0,-928.0,-1160.0,-1398,-214.0,-475.0,-669.0,-902.0,-1135.0,-1265.0
-246.0,-474.0,-702.0,-928.0,-1161.0,-1398,-212.0,-485.0,-668.0,-902.0,-1134.0,-1251.0
-247.0,-474.0,-702.0,-928.0,-1161.0,-1398,-211.0,-498.0,-667.0,-901.0,-1134.0,-1228.0
-247.0,-474.0,-702.0,-928.0,-1161.0,-1398,-210.0,-482.0,-667.0,-901.0,-1134.0,-1250.0
-247.0,-474.0,-702.0,-928.0,-1161.0,-1398,-208.0,-477.0,-666.0,-900.0,-1133.0,-1264.0
-247.0,-474.0,-702.0,-928.0,-1161.0,-1398,-207.0,-464.0,-666.0,-900.0,-1133.0,-1281.0
-247.0,-474.0,-702.0,-928.0,-1161.0,-1398,-207.0,-458.0,-665.0,-899.0,-1133.0,-1301.0
-247.0,-474.0,-702.0,-928.0,-1161.0,-1398,-207.0,-452.0,-664.0,-899.0,-1133.0,-1316.0
-247.0,-474.0,-702.0,-928.0,-1161.0,-1398,-207.0,-449.0,-664.0,-898.0,-1132.0,-1330.0
-248.0,-474.0,-702.0,-928.0,-1161.0,-1398,-207.0,-445.0,-663.0,-898.0,-1132.0,-1346.0
-248.0,-474.0,-702.0,-928.0,-1161.0,-1398,-207.0,-444.0,-663.0,-897.0,-1132.0,-1360.0
-248.0,-474.0,-702.0,-928.0,-1161.0,-1398,-207.0,-444.0,-662.0,-897.0,-1132.0,-1368.0
-248.0,-474.0,-702.0,-928.0,-1161.0,-1398,-207.0,-444.0,-662.0,-897.0,-1132.0,-1374.0
-248.0,-475.0,-702.0,-928.0,-1161.0,-1398,-207.0,-443.0,-661.0,-896.0,-1132.0,-1383.0
-248.0,-475.0,-702.0,-927.0,-1161.0,-1398,-207.0,-443.0,-660.0,-896.0,-1131.0,-1375.0
-248.0,-475.0,-703.0,-927.0,-1161.0,-1398,-207.0,-443.0,-660.0,-896.0,-1131.0,-1372.0
-248.0,-475.0,-703.0,-927.0,-1161.0,-1399,-207.0,-442.0,-659.0,-895.0,-1131.0,-1368.0
-248.0,-475.0,-703.0,-927.0,-1161.0,-1399,-207.0,-442.0,-658.0,-894.0,-1131.0,-1365.0
-248.0,-475.0,-703.0,-927.0,-1161.0,-1399,-207.0,-441.0,-658.0,-893.0,-1130.0,-1363.0
-248.0,-475.0,-703.0,-927.0,-1161.0,-1399,-207.0,-441.0,-657.0,-893.0,-1130.0,-1361.0
-248.0,-475.0,-703.0,-927.0,-1161.0,-1400,-207.0,-440.0,-656.0,-892.0,-1129.0,-1360.0
-248.0,-475.0,-703.0,-927.0,-1161.0,-1400,-207.0,-440.0,-654.0,-891.0,-1128.0,-1359.0
-248.0,-475.0,-703.0,-927.0,-1161.0,-1400,-207.0,-439.0,-653.0,-890.0,-1128.0,-1359.0
-249.0,-475.0,-703.0,-927.0,-1161.0,-1400,-207.0,-439.0,-651.0,-889.0,-1127.0,-1359.0
-249.0,-476.0,-703.0,-927.0,-1161.0,-1400,-207.0,-438.0,-649.0,-888.0,-1127.0,-1358.0
-249.0,-476.0,-703.0,-927.0,-1161.0,-1400,-207.0,-438.0,-646.0,-887.0,-1126.0,-1358.0
-249.0,-476.0,-703.0,-927.0,-1161.0,-1400,-207.0,-437.0,-644.0,-887.0,-1126.0,-1358.0
-249.0,-476.0,-703.0,-927.0,-1161.0,-1400,-207.0,-436.0,-642.0,-885.0,-1125.0,-1358.0
-249.0,-476.0,-703.0,-927.0,-1161.0,-1400,-207.0,-435.0,-639.0,-884.0,-1124.0,-1358.0
-249.0,-477.0,-703.0,-927.0,-1161.0,-1400,-207.0,-435.0,-637.0,-882.0,-1123.0,-1358.0
-249.0,-477.0,-703.0,-927.0,-1161.0,-1400,-207.0,-434.0,-634.0,-880.0,-1122.0,-1358.0
-250.0,-477.0,-703.0,-927.0,-1161.0,-1400,-208.0,-433.0,-631.0,-878.0,-1121.0,-1358.0
-249.0,-477.0,-477.0,-927.0,-1161.0,-1400,-208.0,-432.0,-627.0,-876.0,-1120.0,-1358.0
-249.0,-477.0,-477.0,-927.0,-1161.0,-1400,-208.0,-431.0,-624.0,-873.0,-1119.0,-1357.0
-249.0,-477.0,-477.0,-927.0,-1161.0,-1400,-208.0,-431.0,-620.0,-871.0,-1118.0,-1359.0
-249.0,-477.0,-477.0,-927.0,-1161.0,-1400,-208.0,-430.0,-616.0,-868.0,-1118.0,-1357.0
-249.0,-477.0,-476.0,-927.0,-1161.0,-1400,-209.0,-429.0,-613.0,-865.0,-1117.0,-1357.0
-249.0,-477.0,-477.0,-927.0,-1162.0,-1400,-208.0,-428.0,-610.0,-862.0,-1115.0,-1357.0
-249.0,-477.0,-477.0,-927.0,-1162.0,-1400,-208.0,-426.0,-607.0,-858.0,-1113.0,-1357.0
-249.0,-477.0,-477.0,-927.0,-1162.0,-1400,-208.0,-424.0,-604.0,-855.0,-1111.0,-1356.0
-249.0,-477.0,-477.0,-926.0,-1162.0,-1401,-208.0,-422.0,-601.0,-851.0,-1109.0,-1356.0
-248.0,-477.0,-477.0,-926.0,-1162.0,-1401,-208.0,-420.0,-599.0,-848.0,-1108.0,-1356.0
-248.0,-478.0,-478.0,-926.0,-1162.0,-1401,-207.0,-418.0,-596.0,-846.0,-1106.0,-1355.0
-249.0,-478.0,-478.0,-926.0,-1162.0,-1401,-207.0,-415.0,-594.0,-843.0,-1105.0,-1355.0
-249.0,-478.0,-478.0,-926.0,-1162.0,-1401,-207.0,-413.0,-592.0,-840.0,-1103.0,-1355.0
-249.0,-478.0,-478.0,-926.0,-1162.0,-1401,-206.0,-410.0,-590.0,-839.0,-1102.0,-1355.0
-249.0,-478.0,-478.0,-926.0,-1162.0,-1402,-206.0,-407.0,-589.0,-837.0,-1100.0,-1355.0
-249.0,-478.0,-478.0,-927.0,-1163.0,-1401,-205.0,-405.0,-586.0,-835.0,-1099.0,-1354.0
-249.0,-478.0,-478.0,-927.0,-1162.0,-1401,-204.0,-401.0,-588.0,-833.0,-1098.0,-1354.0
-249.0,-478.0,-478.0,-927.0,-1162.0,-1401,-204.0,-398.0,-589.0,-832.0,-1097.0,-1354.0
-249.0,-478.0,-478.0,-927.0,-1162.0,-1401,-203.0,-394.0,-589.0,-832.0,-1096.0,-1354.0
-250.0,-478.0,-478.0,-928.0,-1162.0,-1401,-203.0,-390.0,-591.0,-830.0,-1095.0,-1354.0
-250.0,-478.0,-478.0,-928.0,-1162.0,-1401,-202.0,-387.0,-643.0,-832.0,-1094.0,-1354.0
-250.0,-478.0,-478.0,-929.0,-1162.0,-1401,-202.0,-384.0,-643.0,-832.0,-1094.0,-1354.0
-250.0,-478.0,-478.0,-929.0,-1162.0,-1400,-202.0,-380.0,-643.0,-833.0,-1093.0,-1353.0
-250.0,-478.0,-478.0,-929.0,-1162.0,-1400,-201.0,-377.0,-643.0,-834.0,-1093.0,-1353.0
-479.0,-479.0,-479.0,-930.0,-1162.0,-1399,-201.0,-373.0,-643.0,-871.0,-1092.0,-1353.0
-479.0,-479.0,-676.0,-930.0,-1162.0,-1399,-201.0,-370.0,-643.0,-871.0,-1092.0,-1353.0
-479.0,-479.0,-676.0,-931.0,-1162.0,-1398,-200.0,-367.0,-643.0,-871.0,-1092.0,-1353.0
-478.0,-478.0,-676.0,-931.0,-1161.0,-1397,-200.0,-365.0,-643.0,-871.0,-1098.0,-1352.0
-478.0,-478.0,-676.0,-932.0,-1161.0,-1397,-199.0,-363.0,-643.0,-871.0,-1098.0,-1351.0
-478.0,-478.0,-676.0,-933.0,-1160.0,-1396,-199.0,-361.0,-643.0,-871.0,-1098.0,-1350.0
-250.0,-477.0,-676.0,-933.0,-1160.0,-1396,-198.0,-360.0,-643.0,-871.0,-1098.0,-1350.0
-250.0,-477.0,-676.0,-934.0,-1159.0,-1396,-198.0,-359.0,-643.0,-871.0,-1098.0,-1349.0
-251.0,-476.0,-676.0,-934.0,-1159.0,-1396,-198.0,-356.0,-643.0,-871.0,-1098.0,-1348.0
-251.0,-476.0,-676.0,-934.0,-1159.0,-1395,-198.0,-359.0,-643.0,-871.0,-1098.0,-1347.0
-250.0,-476.0,-676.0,-935.0,-1158.0,-1395,-197.0,-359.0,-643.0,-871.0,-1098.0,-1347.0
-250.0,-475.0,-676.0,-935.0,-1158.0,-1395,-178.0,-360.0,-643.0,-871.0,-1098.0,-1346.0
-250.0,-475.0,-676.0,-936.0,-1158.0,-1395,-178.0,-360.0,-643.0,-871.0,-1098.0,-1345.0
-250.0,-474.0,-676.0,-936.0,-1157.0,-1396,-178.0,-413.0,-643.0,-871.0,-1098.0,-1344.0
-250.0,-474.0,-676.0,-936.0,-1157.0,-1396,-178.0,-413.0,-643.0,-871.0,-1098.0,-1344.0
-250.0,-473.0,-676.0,-936.0,-1157.0,-1396,-178.0,-413.0,-643.0,-871.0,-1098.0,-1343.0
-250.0,-473.0,-676.0,-936.0,-1157.0,-1396,-178.0,-413.0,-643.0,-871.0,-1098.0,-1343.0
-249.0,-472.0,-676.0,-936.0,-1157.0,-1396,-178.0,-413.0,-643.0,-871.0,-1098.0,-1342.0
-249.0,-472.0,-676.0,-936.0,-1158.0,-1396,-178.0,-413.0,-643.0,-871.0,-1098.0,-1342.0
-249.0,-472.0,-676.0,-936.0,-1158.0,-1396,-178.0,-413.0,-643.0,-871.0,-1098.0,-1342.0
-249.0,-472.0,-676.0,-936.0,-1159.0,-1396,-178.0,-413.0,-643.0,-871.0,-1098.0,-1342.0
-223.0,-448.0,-676.0,-908.0,-1140.0,-1396,-178.0,-413.0,-643.0,-871.0,-1098.0,-1342.0
-223.0,-448.0,-676.0,-908.0,-1140.0,-1396,-178.0,-413.0,-643.0,-871.0,-1098.0,-1341.0
-223.0,-448.0,-676.0,-908.0,-1140.0,-1397,-178.0,-413.0,-643.0,-871.0,-1098.0,-1341.0
-223.0,-448.0,-676.0,-908.0,-1140.0,-1397,-178.0,-413.0,-643.0,-871.0,-1098.0,-1341.0
-223.0,-448.0,-676.0,-908.0,-1140.0,-1398,-178.0,-413.0,-643.0,-871.0,-1098.0,-1328.0
-223.0,-448.0,-676.0,-908.0,-1140.0,-1398,-178.0,-413.0,-643.0,-871.0,-1098.0,-1328.0
-223.0,-448.0,-676.0,-908.0,-1140.0,-1399,-178.0,-413.0,-643.0,-871.0,-1098.0,-1328.0
-223.0,-448.0,-676.0,-908.0,-1140.0,-1399,-178.0,-413.0,-643.0,-871.0,-1098.0,-1328.0
-223.0,-448.0,-676.0,-908.0,-1140.0,-1399,-178.0,-413.0,-643.0,-871.0,-1098.0,-1328.0
-223.0,-448.0,-676.0,-908.0,-1140.0,-1400,-178.0,-413.0,-643.0,-871.0,-1098.0,-1328.0
-223.0,-448.0,-676.0,-908.0,-1140.0,-1400,-178.0,-413.0,-643.0,-871.0,-1098.0,-1328.0
-223.0,-448.0,-676.0,-908.0,-1140.0,-1400,-178.0,-413.0,-643.0,-871.0,-1098.0,-1328.0
-223.0,-448.0,-676.0,-908.0,-1140.0,-1401,-178.0,-413.0,-643.0,-871.0,-1098.0,-1328.0
-223.0,-448.0,-676.0,-908.0,-1140.0,-1401,-178.0,-413.0,-643.0,-871.0,-1098.0,-1328.0
-223.0,-448.0,-676.0,-908.0,-1140.0,-1401,-178.0,-413.0,-643.0,-871.0,-1098.0,-1328.0
-223.0,-448.0,-676.0,-908.0,-1140.0,-1401,-178.0,-413.0,-643.0,-871.0,-1098.0,-1328.0
-223.0,-448.0,-676.0,-908.0,-1140.0,-1402,-178.0,-413.0,-643.0,-871.0,-1098.0,-1328.0
-223.0,-448.0,-676.0,-908.0,-1140.0,-1402,-178.0,-413.0,-643.0,-871.0,-1098.0,-1328.0
-223.0,-448.0,-676.0,-908.0,-1140.0,-1403,-178.0,-413.0,-643.0,-871.0,-1098.0,-1328.0
-223.0,-448.0,-676.0,-908.0,-1140.0,-1403,-178.0,-413.0,-643.0,-871.0,-1098.0,-1328.0
