I,II,III,aVR,aVL,aVF,v1,v2,v3,v4,v5,v6
-0.0004735516483516,-0.0003519509157509,-0.0003284634920634,0.0004121445177045,-7.294273504273476e-05,-0.0003404255921855,-0.0004694793650793,-0.0005292015873015,-0.0005323435897435,-0.0004229045177045,-0.000434486080586,-0.0004254034188034
-0.0004887297924297,-0.0003762224664224,-0.0003406285714285,0.0004303263492063,-7.294273504273476e-05,-0.0003586628083028,-0.0004694793650793,-0.0005656968253968,-0.000553516068376,-0.0004410305250305,-0.0004556074481074,-0.0004435074481074
-0.0005008723076923,-0.000400494017094,-0.0003588761904761,0.0004485081807081,-6.990322344322315e-05,-0.0003799395604395,-0.0004725279609279,-0.0005900269841269,-0.0005686392673992,-0.0004531145299145,-0.0004706941391941,-0.0004525594627594
-0.0005069435653235,-0.0004369013431013,-0.0003862476190476,0.0004697203174603,-6.078468864468836e-05,-0.0004103349206349,-0.0004694793650793,-0.0006052333333333,-0.0005807378266178,-0.0004682195360195,-0.0004827634920634,-0.0004646288156288
-0.000519086080586,-0.0004702747252747,-0.0004075365079365,0.0004939627594627,-5.470566544566516e-05,-0.0004376907448107,-0.0004664307692307,-0.0006295634920634,-0.0005988856654456,-0.0004863455433455,-0.0004978501831501,-0.0004827328449328
-0.0005312285958485,-0.0004945462759462,-0.000413619047619,0.0005121445909645,-5.774517704517676e-05,-0.0004528884249084,-0.0004633821733821,-0.0006508523809523,-0.0006140088644688,-0.0005014505494505,-0.0005129368742368,-0.0004948021978021
-0.0005403354822954,-0.000506682051282,-0.0004166603174603,0.0005212355067155,-6.078468864468836e-05,-0.000462007032967,-0.0004603335775335,-0.0006630174603174,-0.0006230827838827,-0.0005105135531135,-0.0005219888888888,-0.0005038542124542
-0.0005433711111111,-0.0005188178266178,-0.0004288253968253,0.0005303264224664,-5.774517704517676e-05,-0.0004741651770451,-0.0004603335775335,-0.0006751825396825,-0.0006351813431013,-0.0005195765567765,-0.0005340582417582,-0.0005129062271062
-0.0005403354822954,-0.0005309536019536,-0.0004440317460317,0.0005333567277167,-4.862664224664196e-05,-0.0004863233211233,-0.0004603335775335,-0.0006843063492063,-0.0006442552625152,-0.0005256185592185,-0.0005400929181929,-0.0005219582417582
-0.0005433711111111,-0.0005400554334554,-0.000447073015873,0.0005394173382173,-4.862664224664196e-05,-0.0004924023931623,-0.0004603335775335,-0.0006934301587301,-0.0006503045421245,-0.0005286395604395,-0.0005461275946275,-0.0005249755799755
-0.0005464067399267,-0.0005491572649572,-0.0004531555555555,0.0005454779487179,-4.558713064713037e-05,-0.000501521001221,-0.0004633821733821,-0.0006964714285714,-0.0006563538217338,-0.0005316605616605,-0.0005461275946275,-0.0005310102564102
-0.0005464067399267,-0.0005552251526251,-0.0004653206349206,0.0005485082539682,-3.950810744810717e-05,-0.0005106396092796,-0.0004664307692307,-0.0006964714285714,-0.0006593784615384,-0.0005377025641025,-0.0005551796092796,-0.0005340275946275
-0.0005433711111111,-0.000558259096459,-0.0004714031746031,0.0005485082539682,-3.6468595848595565e-05,-0.0005136791452991,-0.0004725279609279,-0.0006995126984126,-0.0006624031013431,-0.0005407235653235,-0.0005551796092796,-0.0005370449328449
-0.0005494423687423,-0.000558259096459,-0.0004622793650793,0.0005515385592185,-4.254761904761877e-05,-0.0005106396092796,-0.0004694793650793,-0.0007025539682539,-0.0006624031013431,-0.0005407235653235,-0.0005491449328449,-0.0005340275946275
-0.0005555136263736,-0.000561293040293,-0.000459238095238,0.0005575991697191,-4.862664224664196e-05,-0.0005106396092796,-0.0004694793650793,-0.0007025539682539,-0.0006684523809523,-0.0005467655677655,-0.0005581969474969,-0.0005400622710622
-0.0005585492551892,-0.000558259096459,-0.0004561968253968,0.0005575991697191,-5.166615384615356e-05,-0.00050760007326,-0.0004725279609279,-0.0007116777777777,-0.0006775263003663,-0.0005558285714285,-0.0005642316239316,-0.0005491142857142
-0.0005555136263736,-0.000558259096459,-0.0004561968253968,0.0005545688644688,-4.862664224664196e-05,-0.00050760007326,-0.0004725279609279,-0.000714719047619,-0.0006805509401709,-0.0005648915750915,-0.0005732836385836,-0.0005581663003663
-0.0005524779975579,-0.0005643269841269,-0.0004622793650793,0.0005575991697191,-4.558713064713037e-05,-0.0005136791452991,-0.0004694793650793,-0.0007055952380952,-0.0006775263003663,-0.0005648915750915,-0.0005763009768009,-0.0005581663003663
-0.0005615848840048,-0.0005794967032967,-0.0004683619047619,0.0005697203907203,-4.558713064713037e-05,-0.0005227977533577,-0.0004603335775335,-0.0006934301587301,-0.0006684523809523,-0.0005528075702075,-0.0005672489621489,-0.0005521316239316
-0.0005676561416361,-0.0005946664224664,-0.0004744444444444,0.0005788113064713,-4.558713064713037e-05,-0.0005349558974358,-0.0004542363858363,-0.0006934301587301,-0.0006654277411477,-0.0005497865689865,-0.0005672489621489,-0.0005491142857142
-0.0005615848840048,-0.0005946664224664,-0.0004866095238095,0.000575781001221,-3.6468595848595565e-05,-0.0005410349694749,-0.0004542363858363,-0.0006964714285714,-0.000671477020757,-0.0005528075702075,-0.0005702663003663,-0.0005521316239316
-0.0005585492551892,-0.0005916324786324,-0.0004866095238095,0.0005727506959706,-3.6468595848595565e-05,-0.0005379954334554,-0.0004511877899877,-0.0006934301587301,-0.000671477020757,-0.0005558285714285,-0.0005702663003663,-0.0005521316239316
-0.0005737273992673,-0.0005855645909645,-0.0004683619047619,0.0005788113064713,-5.166615384615356e-05,-0.0005258372893772,-0.0004481391941391,-0.0006903888888888,-0.0006654277411477,-0.0005528075702075,-0.0005702663003663,-0.0005521316239316
-0.0005706917704517,-0.0005916324786324,-0.0004714031746031,0.0005788113064713,-4.862664224664196e-05,-0.0005319163614163,-0.0004450905982905,-0.0006843063492063,-0.0006624031013431,-0.0005558285714285,-0.0005732836385836,-0.0005581663003663
-0.0005676561416361,-0.0006037682539682,-0.0004866095238095,0.0005848719169719,-3.950810744810717e-05,-0.0005440745054945,-0.000442042002442,-0.0006782238095238,-0.0006654277411477,-0.0005588495726495,-0.0005823356532356,-0.0005642009768009
-0.0005585492551892,-0.0006098361416361,-0.0005018158730158,0.0005818416117216,-2.735006105006077e-05,-0.0005562326495726,-0.0004389934065934,-0.0006782238095238,-0.0006654277411477,-0.0005618705738705,-0.0005853529914529,-0.0005672183150183
-0.0005585492551892,-0.0006098361416361,-0.0005018158730158,0.0005818416117216,-2.735006105006077e-05,-0.0005562326495726,-0.0004389934065934,-0.0006751825396825,-0.0006654277411477,-0.0005588495726495,-0.0005823356532356,-0.0005642009768009
-0.0005646205128205,-0.0006007343101343,-0.0004866095238095,0.0005818416117216,-3.950810744810717e-05,-0.0005440745054945,-0.000442042002442,-0.0006751825396825,-0.0006654277411477,-0.0005618705738705,-0.0005763009768009,-0.0005581663003663
-0.0005615848840048,-0.0005946664224664,-0.0004835682539682,0.000575781001221,-3.950810744810717e-05,-0.0005379954334554,-0.0004481391941391,-0.0006751825396825,-0.0006684523809523,-0.0005648915750915,-0.0005793183150183,-0.0005581663003663
-0.0005585492551892,-0.0005946664224664,-0.0004835682539682,0.000575781001221,-3.6468595848595565e-05,-0.0005379954334554,-0.0004481391941391,-0.0006751825396825,-0.0006684523809523,-0.0005679125763125,-0.0005853529914529,-0.0005611836385836
-0.0005646205128205,-0.0005916324786324,-0.0004805269841269,0.000575781001221,-4.254761904761877e-05,-0.0005349558974358,-0.0004481391941391,-0.0006721412698412,-0.0006684523809523,-0.0005648915750915,-0.0005883703296703,-0.0005672183150183
-0.0005646205128205,-0.0005916324786324,-0.0004805269841269,0.000575781001221,-4.254761904761877e-05,-0.0005349558974358,-0.000442042002442,-0.0006690999999999,-0.0006624031013431,-0.0005648915750915,-0.0005853529914529,-0.0005702356532356
-0.0005646205128205,-0.0005946664224664,-0.0004774857142857,0.0005788113064713,-4.254761904761877e-05,-0.0005349558974358,-0.0004389934065934,-0.0006630174603174,-0.0006563538217338,-0.0005558285714285,-0.0005823356532356,-0.0005642009768009
-0.0005676561416361,-0.0005885985347985,-0.0004714031746031,0.000575781001221,-4.862664224664196e-05,-0.0005288768253968,-0.000442042002442,-0.0006630174603174,-0.0006563538217338,-0.0005588495726495,-0.0005823356532356,-0.0005611836385836
-0.0005646205128205,-0.0005885985347985,-0.0004744444444444,0.000575781001221,-4.558713064713037e-05,-0.0005319163614163,-0.0004450905982905,-0.0006630174603174,-0.0006563538217338,-0.0005618705738705,-0.0005823356532356,-0.0005672183150183
-0.0005615848840048,-0.0005855645909645,-0.0004744444444444,0.0005727506959706,-4.254761904761877e-05,-0.0005288768253968,-0.000442042002442,-0.0006569349206349,-0.0006503045421245,-0.0005558285714285,-0.0005823356532356,-0.0005642009768009
-0.0005585492551892,-0.0005855645909645,-0.0004774857142857,0.0005697203907203,-3.950810744810717e-05,-0.0005319163614163,-0.000442042002442,-0.0006569349206349,-0.0006472799023199,-0.0005528075702075,-0.0005823356532356,-0.0005611836385836
-0.0005555136263736,-0.0005855645909645,-0.0004805269841269,0.0005697203907203,-3.6468595848595565e-05,-0.0005319163614163,-0.0004450905982905,-0.0006538936507936,-0.0006442552625152,-0.0005467655677655,-0.0005763009768009,-0.0005581663003663
-0.0005555136263736,-0.0005855645909645,-0.0004835682539682,0.0005697203907203,-3.6468595848595565e-05,-0.0005349558974358,-0.000442042002442,-0.0006508523809523,-0.0006382059829059,-0.0005437445665445,-0.0005702663003663,-0.0005551489621489
-0.0005524779975579,-0.0005885985347985,-0.0004835682539682,0.0005697203907203,-3.342908424908396e-05,-0.0005349558974358,-0.000442042002442,-0.0006538936507936,-0.0006412306227106,-0.0005467655677655,-0.0005732836385836,-0.0005581663003663
-0.0005585492551892,-0.0005794967032967,-0.0004683619047619,0.00056669008547,-4.558713064713037e-05,-0.0005227977533577,-0.0004511877899877,-0.0006538936507936,-0.0006382059829059,-0.0005407235653235,-0.0005642316239316,-0.0005521316239316
-0.0005585492551892,-0.0005643269841269,-0.000459238095238,0.0005606294749694,-4.862664224664196e-05,-0.0005106396092796,-0.0004572849816849,-0.0006569349206349,-0.0006442552625152,-0.0005377025641025,-0.0005612142857142,-0.0005491142857142
-0.0005555136263736,-0.000558259096459,-0.0004531555555555,0.0005545688644688,-5.166615384615356e-05,-0.0005045605372405,-0.0004664307692307,-0.0006538936507936,-0.0006442552625152,-0.0005377025641025,-0.0005642316239316,-0.0005460969474969
-0.0005555136263736,-0.0005521912087912,-0.0004501142857142,0.0005515385592185,-5.166615384615356e-05,-0.000501521001221,-0.0004694793650793,-0.0006538936507936,-0.0006442552625152,-0.0005346815628815,-0.0005581969474969,-0.0005460969474969
-0.0005524779975579,-0.000558259096459,-0.0004561968253968,0.0005545688644688,-4.862664224664196e-05,-0.00050760007326,-0.0004694793650793,-0.0006569349206349,-0.0006412306227106,-0.0005377025641025,-0.0005612142857142,-0.0005460969474969
-0.0005494423687423,-0.0005552251526251,-0.0004561968253968,0.0005515385592185,-4.558713064713037e-05,-0.0005045605372405,-0.0004694793650793,-0.0006569349206349,-0.0006412306227106,-0.0005346815628815,-0.0005612142857142,-0.0005491142857142
-0.0005403354822954,-0.0005461233211233,-0.0004561968253968,0.0005424476434676,-4.254761904761877e-05,-0.000501521001221,-0.0004694793650793,-0.0006630174603174,-0.0006412306227106,-0.0005316605616605,-0.0005581969474969,-0.0005430796092796
-0.0005372998534798,-0.0005400554334554,-0.0004501142857142,0.000536387032967,-4.254761904761877e-05,-0.0004954419291819,-0.0004725279609279,-0.0006660587301587,-0.0006382059829059,-0.0005286395604395,-0.0005521622710622,-0.0005400622710622
-0.0005464067399267,-0.0005430893772893,-0.000447073015873,0.0005424476434676,-4.862664224664196e-05,-0.0004954419291819,-0.0004786251526251,-0.0006660587301587,-0.0006412306227106,-0.0005256185592185,-0.0005491449328449,-0.0005370449328449
-0.0005524779975579,-0.0005461233211233,-0.0004440317460317,0.0005485082539682,-5.470566544566516e-05,-0.0004954419291819,-0.0004847223443223,-0.0006690999999999,-0.0006442552625152,-0.0005225975579975,-0.0005461275946275,-0.0005340275946275
-0.0005615848840048,-0.0005430893772893,-0.0004379492063492,0.0005515385592185,-6.078468864468836e-05,-0.0004893628571428,-0.0004847223443223,-0.0006721412698412,-0.0006472799023199,-0.0005256185592185,-0.0005461275946275,-0.0005310102564102
-0.0005494423687423,-0.0005370214896214,-0.0004379492063492,0.0005424476434676,-5.470566544566516e-05,-0.0004863233211233,-0.0004908195360195,-0.0006751825396825,-0.0006472799023199,-0.0005256185592185,-0.0005461275946275,-0.0005279929181929
-0.0005433711111111,-0.0005400554334554,-0.000447073015873,0.0005394173382173,-4.862664224664196e-05,-0.0004924023931623,-0.0004877709401709,-0.0006721412698412,-0.0006442552625152,-0.0005225975579975,-0.0005431102564102,-0.0005219582417582
-0.0005403354822954,-0.0005461233211233,-0.0004531555555555,0.0005424476434676,-4.254761904761877e-05,-0.0004984814652014,-0.0004908195360195,-0.0006690999999999,-0.0006472799023199,-0.0005225975579975,-0.0005431102564102,-0.0005249755799755
-0.0005433711111111,-0.0005400554334554,-0.000447073015873,0.0005394173382173,-4.862664224664196e-05,-0.0004924023931623,-0.0004969167277167,-0.000681265079365,-0.0006563538217338,-0.0005256185592185,-0.0005491449328449,-0.0005310102564102
-0.0005494423687423,-0.0005400554334554,-0.0004440317460317,0.0005424476434676,-5.166615384615356e-05,-0.0004924023931623,-0.0004999653235653,-0.0006873476190476,-0.0006593784615384,-0.0005286395604395,-0.0005521622710622,-0.0005370449328449
-0.0005494423687423,-0.0005430893772893,-0.0004501142857142,0.0005454779487179,-4.862664224664196e-05,-0.0004954419291819,-0.0004969167277167,-0.0006843063492063,-0.0006563538217338,-0.0005316605616605,-0.0005521622710622,-0.0005340275946275
-0.0005494423687423,-0.0005491572649572,-0.0004501142857142,0.0005485082539682,-4.862664224664196e-05,-0.0004984814652014,-0.0004999653235653,-0.000681265079365,-0.0006533291819291,-0.0005256185592185,-0.0005431102564102,-0.0005249755799755
-0.0005494423687423,-0.0005521912087912,-0.0004531555555555,0.0005485082539682,-4.862664224664196e-05,-0.000501521001221,-0.0004999653235653,-0.0006843063492063,-0.0006533291819291,-0.0005256185592185,-0.0005400929181929,-0.0005219582417582
-0.0005464067399267,-0.0005521912087912,-0.000459238095238,0.0005485082539682,-4.254761904761877e-05,-0.0005045605372405,-0.0005030139194139,-0.0006873476190476,-0.0006624031013431,-0.0005316605616605,-0.0005461275946275,-0.0005279929181929
-0.0005524779975579,-0.0005552251526251,-0.000459238095238,0.0005515385592185,-4.558713064713037e-05,-0.00050760007326,-0.0005030139194139,-0.0006964714285714,-0.0006684523809523,-0.0005377025641025,-0.0005521622710622,-0.0005340275946275
-0.0005524779975579,-0.0005552251526251,-0.0004531555555555,0.0005515385592185,-4.862664224664196e-05,-0.0005045605372405,-0.0005060625152625,-0.0006964714285714,-0.0006684523809523,-0.0005346815628815,-0.0005521622710622,-0.0005370449328449
-0.0005494423687423,-0.0005521912087912,-0.0004531555555555,0.0005485082539682,-4.862664224664196e-05,-0.000501521001221,-0.0005030139194139,-0.0006964714285714,-0.0006654277411477,-0.0005316605616605,-0.0005521622710622,-0.0005370449328449
-0.0005524779975579,-0.0005461233211233,-0.0004440317460317,0.0005485082539682,-5.470566544566516e-05,-0.0004954419291819,-0.0004999653235653,-0.0006964714285714,-0.0006624031013431,-0.0005286395604395,-0.0005461275946275,-0.0005370449328449
-0.0005585492551892,-0.0005491572649572,-0.000447073015873,0.0005515385592185,-5.470566544566516e-05,-0.0004984814652014,-0.0004969167277167,-0.0006964714285714,-0.0006624031013431,-0.0005286395604395,-0.0005461275946275,-0.0005340275946275
-0.0005524779975579,-0.0005521912087912,-0.0004531555555555,0.0005515385592185,-4.862664224664196e-05,-0.000501521001221,-0.0004969167277167,-0.0007025539682539,-0.0006684523809523,-0.0005316605616605,-0.0005491449328449,-0.0005340275946275
-0.0005464067399267,-0.0005491572649572,-0.0004531555555555,0.0005454779487179,-4.558713064713037e-05,-0.000501521001221,-0.0005030139194139,-0.0007025539682539,-0.000671477020757,-0.0005346815628815,-0.0005461275946275,-0.0005310102564102
-0.0005433711111111,-0.0005400554334554,-0.0004501142857142,0.0005394173382173,-4.558713064713037e-05,-0.0004954419291819,-0.0005091111111111,-0.0006995126984126,-0.000671477020757,-0.0005316605616605,-0.0005431102564102,-0.0005279929181929
-0.0005433711111111,-0.0005491572649572,-0.000459238095238,0.0005454779487179,-4.254761904761877e-05,-0.0005045605372405,-0.0005091111111111,-0.0006995126984126,-0.000671477020757,-0.0005286395604395,-0.0005461275946275,-0.0005279929181929
-0.0005403354822954,-0.000558259096459,-0.0004714031746031,0.0005485082539682,-3.342908424908396e-05,-0.0005136791452991,-0.0005121597069597,-0.0006995126984126,-0.0006775263003663,-0.0005346815628815,-0.0005521622710622,-0.0005340275946275
-0.0005403354822954,-0.0005552251526251,-0.0004683619047619,0.0005454779487179,-3.6468595848595565e-05,-0.0005106396092796,-0.0005121597069597,-0.0007025539682539,-0.0006805509401709,-0.0005377025641025,-0.0005551796092796,-0.0005400622710622
-0.0005524779975579,-0.0005430893772893,-0.0004409904761904,0.0005454779487179,-5.470566544566516e-05,-0.0004924023931623,-0.0005091111111111,-0.0007055952380952,-0.0006745016605616,-0.0005346815628815,-0.0005491449328449,-0.0005370449328449
-0.0005585492551892,-0.0005461233211233,-0.0004409904761904,0.0005515385592185,-5.774517704517676e-05,-0.0004924023931623,-0.0005060625152625,-0.0007025539682539,-0.0006684523809523,-0.0005316605616605,-0.0005461275946275,-0.0005310102564102
-0.0005464067399267,-0.000561293040293,-0.0004622793650793,0.0005515385592185,-4.254761904761877e-05,-0.0005106396092796,-0.0005030139194139,-0.0007025539682539,-0.0006684523809523,-0.0005316605616605,-0.0005461275946275,-0.0005310102564102
-0.0005464067399267,-0.0005703948717948,-0.0004714031746031,0.0005575991697191,-3.6468595848595565e-05,-0.0005197582173382,-0.0005060625152625,-0.0007025539682539,-0.0006745016605616,-0.0005346815628815,-0.0005491449328449,-0.0005340275946275
-0.0005433711111111,-0.0005643269841269,-0.0004683619047619,0.0005515385592185,-3.6468595848595565e-05,-0.0005167186813186,-0.0005091111111111,-0.0007025539682539,-0.0006805509401709,-0.0005437445665445,-0.0005551796092796,-0.0005400622710622
-0.0005464067399267,-0.0005491572649572,-0.0004531555555555,0.0005454779487179,-4.558713064713037e-05,-0.000501521001221,-0.0005091111111111,-0.0007025539682539,-0.0006805509401709,-0.0005407235653235,-0.0005521622710622,-0.0005340275946275
-0.0005555136263736,-0.0005430893772893,-0.0004409904761904,0.0005485082539682,-5.774517704517676e-05,-0.0004924023931623,-0.0005091111111111,-0.0007025539682539,-0.0006775263003663,-0.0005407235653235,-0.0005521622710622,-0.0005340275946275
-0.0005524779975579,-0.0005552251526251,-0.0004531555555555,0.0005515385592185,-4.862664224664196e-05,-0.0005045605372405,-0.0005091111111111,-0.0007025539682539,-0.0006775263003663,-0.0005407235653235,-0.0005581969474969,-0.0005430796092796
-0.0005524779975579,-0.0005673609279609,-0.0004653206349206,0.0005575991697191,-4.254761904761877e-05,-0.0005167186813186,-0.0005091111111111,-0.0007055952380952,-0.0006745016605616,-0.0005407235653235,-0.0005581969474969,-0.0005460969474969
-0.0005464067399267,-0.0005673609279609,-0.0004683619047619,0.0005545688644688,-3.950810744810717e-05,-0.0005167186813186,-0.0005091111111111,-0.0007055952380952,-0.0006775263003663,-0.0005377025641025,-0.0005551796092796,-0.0005430796092796
-0.0005494423687423,-0.0005643269841269,-0.0004653206349206,0.0005545688644688,-4.254761904761877e-05,-0.0005136791452991,-0.0005060625152625,-0.0007055952380952,-0.0006775263003663,-0.0005377025641025,-0.0005551796092796,-0.0005400622710622
-0.0005555136263736,-0.000558259096459,-0.0004561968253968,0.0005545688644688,-4.862664224664196e-05,-0.00050760007326,-0.0005091111111111,-0.0007025539682539,-0.0006775263003663,-0.0005407235653235,-0.0005521622710622,-0.0005370449328449
-0.0005524779975579,-0.0005643269841269,-0.000459238095238,0.0005575991697191,-4.558713064713037e-05,-0.0005106396092796,-0.0005121597069597,-0.0007025539682539,-0.0006775263003663,-0.0005437445665445,-0.0005551796092796,-0.0005370449328449
-0.0005524779975579,-0.0005734288156288,-0.0004714031746031,0.0005606294749694,-3.950810744810717e-05,-0.0005227977533577,-0.0005121597069597,-0.0007055952380952,-0.0006775263003663,-0.0005437445665445,-0.0005581969474969,-0.0005400622710622
-0.0005555136263736,-0.0005703948717948,-0.0004622793650793,0.0005606294749694,-4.558713064713037e-05,-0.0005167186813186,-0.0005091111111111,-0.0007025539682539,-0.0006775263003663,-0.0005437445665445,-0.0005581969474969,-0.0005400622710622
-0.0005585492551892,-0.000561293040293,-0.0004531555555555,0.0005575991697191,-5.166615384615356e-05,-0.00050760007326,-0.0005091111111111,-0.0007025539682539,-0.0006805509401709,-0.0005467655677655,-0.0005581969474969,-0.0005400622710622
-0.0005555136263736,-0.000561293040293,-0.000459238095238,0.0005575991697191,-4.862664224664196e-05,-0.0005106396092796,-0.0005152083028083,-0.0007086365079365,-0.0006835755799755,-0.0005467655677655,-0.0005612142857142,-0.0005430796092796
-0.0005494423687423,-0.000561293040293,-0.0004622793650793,0.0005545688644688,-4.254761904761877e-05,-0.0005106396092796,-0.0005182568986568,-0.0007086365079365,-0.0006866002197802,-0.0005467655677655,-0.0005642316239316,-0.0005460969474969
-0.0005524779975579,-0.0005673609279609,-0.0004653206349206,0.0005575991697191,-4.254761904761877e-05,-0.0005167186813186,-0.0005121597069597,-0.0007055952380952,-0.0006835755799755,-0.0005467655677655,-0.0005642316239316,-0.0005460969474969
-0.0005524779975579,-0.0005734288156288,-0.0004714031746031,0.0005606294749694,-3.950810744810717e-05,-0.0005227977533577,-0.0005091111111111,-0.0007025539682539,-0.0006805509401709,-0.0005437445665445,-0.0005612142857142,-0.0005460969474969
-0.0005524779975579,-0.0005734288156288,-0.0004683619047619,0.0005606294749694,-4.254761904761877e-05,-0.0005197582173382,-0.0005091111111111,-0.0007055952380952,-0.0006775263003663,-0.0005407235653235,-0.0005581969474969,-0.0005430796092796
-0.0005524779975579,-0.0005734288156288,-0.0004683619047619,0.0005606294749694,-4.254761904761877e-05,-0.0005197582173382,-0.0005091111111111,-0.0007025539682539,-0.0006775263003663,-0.0005377025641025,-0.0005521622710622,-0.0005370449328449
-0.0005555136263736,-0.0005734288156288,-0.0004653206349206,0.0005636597802197,-4.558713064713037e-05,-0.0005197582173382,-0.0005091111111111,-0.0007055952380952,-0.0006835755799755,-0.0005377025641025,-0.0005551796092796,-0.0005370449328449
-0.0005555136263736,-0.0005703948717948,-0.0004622793650793,0.0005606294749694,-4.558713064713037e-05,-0.0005167186813186,-0.0005121597069597,-0.0007086365079365,-0.0006866002197802,-0.0005467655677655,-0.0005612142857142,-0.0005430796092796
-0.0005555136263736,-0.0005734288156288,-0.0004683619047619,0.0005636597802197,-4.254761904761877e-05,-0.0005197582173382,-0.0005121597069597,-0.0007086365079365,-0.0006835755799755,-0.0005497865689865,-0.0005642316239316,-0.0005460969474969
-0.0005585492551892,-0.0005794967032967,-0.0004683619047619,0.00056669008547,-4.558713064713037e-05,-0.0005227977533577,-0.0005091111111111,-0.0007055952380952,-0.0006805509401709,-0.0005467655677655,-0.0005642316239316,-0.0005430796092796
-0.0005585492551892,-0.0005855645909645,-0.0004744444444444,0.0005697203907203,-4.254761904761877e-05,-0.0005288768253968,-0.0005121597069597,-0.0007025539682539,-0.0006775263003663,-0.0005437445665445,-0.0005581969474969,-0.0005370449328449
-0.0005555136263736,-0.0005734288156288,-0.0004653206349206,0.0005636597802197,-4.558713064713037e-05,-0.0005197582173382,-0.0005213054945054,-0.0007055952380952,-0.0006835755799755,-0.0005437445665445,-0.0005521622710622,-0.0005310102564102
-0.0005585492551892,-0.000561293040293,-0.0004531555555555,0.0005575991697191,-5.166615384615356e-05,-0.00050760007326,-0.0005274026862026,-0.0007086365079365,-0.0006835755799755,-0.0005437445665445,-0.0005521622710622,-0.0005279929181929
-0.0005524779975579,-0.000558259096459,-0.0004622793650793,0.0005545688644688,-4.558713064713037e-05,-0.0005106396092796,-0.000524354090354,-0.0007116777777777,-0.0006866002197802,-0.0005467655677655,-0.0005551796092796,-0.0005340275946275
-0.0005524779975579,-0.0005643269841269,-0.0004683619047619,0.0005575991697191,-4.254761904761877e-05,-0.0005167186813186,-0.0005213054945054,-0.0007086365079365,-0.0006866002197802,-0.0005467655677655,-0.0005581969474969,-0.0005370449328449
-0.0005524779975579,-0.0005703948717948,-0.0004683619047619,0.0005606294749694,-4.254761904761877e-05,-0.0005197582173382,-0.0005182568986568,-0.0007055952380952,-0.0006835755799755,-0.0005467655677655,-0.0005581969474969,-0.0005400622710622
-0.0005494423687423,-0.0005764627594627,-0.0004774857142857,0.0005606294749694,-3.6468595848595565e-05,-0.0005258372893772,-0.0005152083028083,-0.0007025539682539,-0.0006805509401709,-0.0005437445665445,-0.0005551796092796,-0.0005400622710622
-0.0005524779975579,-0.0005764627594627,-0.0004744444444444,0.0005636597802197,-3.950810744810717e-05,-0.0005258372893772,-0.0005121597069597,-0.0007025539682539,-0.0006805509401709,-0.0005437445665445,-0.0005551796092796,-0.0005370449328449
-0.0005524779975579,-0.0005673609279609,-0.0004683619047619,0.0005575991697191,-4.254761904761877e-05,-0.0005167186813186,-0.0005152083028083,-0.0007055952380952,-0.0006866002197802,-0.0005467655677655,-0.0005612142857142,-0.0005400622710622
-0.0005494423687423,-0.000558259096459,-0.000459238095238,0.0005515385592185,-4.558713064713037e-05,-0.00050760007326,-0.0005213054945054,-0.0007086365079365,-0.0006896248595848,-0.0005497865689865,-0.0005612142857142,-0.0005370449328449
-0.0005615848840048,-0.0005673609279609,-0.000459238095238,0.0005636597802197,-5.166615384615356e-05,-0.0005136791452991,-0.0005182568986568,-0.0007025539682539,-0.0006835755799755,-0.0005437445665445,-0.0005581969474969,-0.0005370449328449
-0.0005706917704517,-0.0005734288156288,-0.0004531555555555,0.0005697203907203,-5.774517704517676e-05,-0.0005136791452991,-0.0005152083028083,-0.0007025539682539,-0.0006805509401709,-0.0005407235653235,-0.0005551796092796,-0.0005340275946275
-0.0005646205128205,-0.0005643269841269,-0.0004531555555555,0.0005636597802197,-5.470566544566516e-05,-0.00050760007326,-0.0005182568986568,-0.0007086365079365,-0.0006866002197802,-0.0005437445665445,-0.0005551796092796,-0.0005340275946275
-0.0005585492551892,-0.0005673609279609,-0.0004622793650793,0.0005606294749694,-4.862664224664196e-05,-0.0005136791452991,-0.0005182568986568,-0.0007055952380952,-0.0006896248595848,-0.0005437445665445,-0.0005581969474969,-0.0005370449328449
-0.0005585492551892,-0.0005734288156288,-0.0004653206349206,0.0005636597802197,-4.558713064713037e-05,-0.0005197582173382,-0.0005152083028083,-0.0007055952380952,-0.0006866002197802,-0.0005437445665445,-0.0005551796092796,-0.0005340275946275
-0.0005615848840048,-0.0005673609279609,-0.0004561968253968,0.0005636597802197,-5.166615384615356e-05,-0.0005106396092796,-0.0005182568986568,-0.0007086365079365,-0.0006866002197802,-0.0005407235653235,-0.0005521622710622,-0.0005279929181929
-0.0005555136263736,-0.000561293040293,-0.000459238095238,0.0005575991697191,-4.862664224664196e-05,-0.0005106396092796,-0.0005213054945054,-0.0007086365079365,-0.0006866002197802,-0.0005407235653235,-0.0005491449328449,-0.0005279929181929
-0.0005524779975579,-0.0005643269841269,-0.0004653206349206,0.0005575991697191,-4.254761904761877e-05,-0.0005136791452991,-0.0005213054945054,-0.0007055952380952,-0.0006866002197802,-0.0005377025641025,-0.0005491449328449,-0.0005279929181929
-0.0005464067399267,-0.0005703948717948,-0.0004744444444444,0.0005575991697191,-3.6468595848595565e-05,-0.0005227977533577,-0.0005182568986568,-0.0007025539682539,-0.0006835755799755,-0.0005377025641025,-0.0005521622710622,-0.0005279929181929
-0.0005464067399267,-0.000558259096459,-0.000459238095238,0.0005515385592185,-4.254761904761877e-05,-0.00050760007326,-0.0005182568986568,-0.0006995126984126,-0.0006835755799755,-0.0005377025641025,-0.0005521622710622,-0.0005310102564102
-0.0005494423687423,-0.0005430893772893,-0.0004409904761904,0.0005454779487179,-5.470566544566516e-05,-0.0004924023931623,-0.0005152083028083,-0.0006995126984126,-0.0006835755799755,-0.0005407235653235,-0.0005491449328449,-0.0005340275946275
-0.0005464067399267,-0.0005370214896214,-0.0004409904761904,0.0005394173382173,-5.166615384615356e-05,-0.0004893628571428,-0.0005121597069597,-0.0006964714285714,-0.0006805509401709,-0.0005437445665445,-0.0005551796092796,-0.0005370449328449
-0.0005372998534798,-0.0005430893772893,-0.0004561968253968,0.0005394173382173,-3.950810744810717e-05,-0.0004984814652014,-0.0005060625152625,-0.0006934301587301,-0.0006775263003663,-0.0005437445665445,-0.0005612142857142,-0.0005400622710622
-0.0005372998534798,-0.0005461233211233,-0.000459238095238,0.0005394173382173,-3.950810744810717e-05,-0.000501521001221,-0.0004969167277167,-0.0006873476190476,-0.000671477020757,-0.0005316605616605,-0.0005521622710622,-0.0005279929181929
-0.0005372998534798,-0.0005248857142857,-0.0004379492063492,0.0005303264224664,-4.862664224664196e-05,-0.0004802442490842,-0.0004908195360195,-0.0006751825396825,-0.0006593784615384,-0.0005165555555555,-0.0005310409035409,-0.0005068715506715
-0.0005312285958485,-0.0004945462759462,-0.0004166603174603,0.0005121445909645,-5.774517704517676e-05,-0.0004559279609279,-0.0004786251526251,-0.0006569349206349,-0.0006382059829059,-0.0004954085470085,-0.0005129368742368,-0.0004887675213675
-0.000519086080586,-0.0004945462759462,-0.0004227428571428,0.0005060839804639,-4.862664224664196e-05,-0.0004589674969474,-0.0004725279609279,-0.0006478111111111,-0.0006261074236874,-0.0004893665445665,-0.0005069021978021,-0.0004887675213675
-0.0005160504517704,-0.0004824105006105,-0.0004166603174603,0.000496993064713,-4.862664224664196e-05,-0.0004498488888888,-0.0004755765567765,-0.0006478111111111,-0.0006261074236874,-0.0004833245421245,-0.0005008675213675,-0.0004887675213675
-0.0005130148229548,-0.0004642068376068,-0.0004044952380952,0.0004879021489621,-5.470566544566516e-05,-0.0004346512087912,-0.0004816737484737,-0.0006417285714285,-0.0006230827838827,-0.0004863455433455,-0.0005008675213675,-0.0004887675213675
-0.0005069435653235,-0.0004490371184371,-0.0003953714285714,0.0004757809279609,-5.470566544566516e-05,-0.000422493064713,-0.0004969167277167,-0.0006386873015873,-0.0006200581440781,-0.0004863455433455,-0.0005008675213675,-0.0004857501831501
-0.0005039079365079,-0.0004581389499389,-0.0004075365079365,0.0004788112332112,-4.862664224664196e-05,-0.0004316116727716,-0.0005304512820512,-0.0006538936507936,-0.0006261074236874,-0.0004893665445665,-0.0005038848595848,-0.0004887675213675
-0.0005008723076923,-0.0004884783882783,-0.0004379492063492,0.0004939627594627,-3.0389572649572364e-05,-0.000462007032967,-0.00055484004884,-0.0006690999999999,-0.0006382059829059,-0.0004984295482295,-0.0005129368742368,-0.0005008368742368
-0.0005008723076923,-0.0005006141636141,-0.000447073015873,0.0005000233699633,-2.735006105006077e-05,-0.0004741651770451,-0.0005517914529914,-0.0006782238095238,-0.0006503045421245,-0.0005044715506715,-0.0005189715506715,-0.0005038542124542
-0.0005160504517704,-0.0005097159951159,-0.000447073015873,0.0005121445909645,-3.342908424908396e-05,-0.0004772047130647,-0.0005426456654456,-0.0006903888888888,-0.0006624031013431,-0.0005135345543345,-0.0005219888888888,-0.0005038542124542
-0.0005251573382173,-0.0005248857142857,-0.0004501142857142,0.0005242658119658,-3.6468595848595565e-05,-0.0004863233211233,-0.0005365484737484,-0.0006995126984126,-0.0006745016605616,-0.0005225975579975,-0.0005280235653235,-0.0005098888888888
-0.0005251573382173,-0.0005309536019536,-0.0004531555555555,0.0005272961172161,-3.6468595848595565e-05,-0.0004924023931623,-0.000539597069597,-0.0006934301587301,-0.0006775263003663,-0.0005225975579975,-0.0005280235653235,-0.0005038542124542
-0.000519086080586,-0.0005309536019536,-0.0004622793650793,0.0005242658119658,-2.735006105006077e-05,-0.0004954419291819,-0.0005456942612942,-0.0006995126984126,-0.0006775263003663,-0.0005225975579975,-0.0005280235653235,-0.0005008368742368
-0.0005160504517704,-0.0005430893772893,-0.0004805269841269,0.0005272961172161,-1.823152625152597e-05,-0.0005106396092796,-0.0005487428571428,-0.0007055952380952,-0.0006866002197802,-0.0005316605616605,-0.0005400929181929,-0.0005098888888888
-0.000519086080586,-0.0005673609279609,-0.0005018158730158,0.0005424476434676,-9.11299145299117e-06,-0.0005349558974358,-0.0005456942612942,-0.0007086365079365,-0.0007017234188034,-0.0005497865689865,-0.0005581969474969,-0.0005310102564102
-0.000519086080586,-0.0005703948717948,-0.0005018158730158,0.0005424476434676,-9.11299145299117e-06,-0.0005349558974358,-0.0005487428571428,-0.0007177603174603,-0.0007168466178266,-0.0005618705738705,-0.0005672489621489,-0.0005370449328449
-0.0005251573382173,-0.0005673609279609,-0.0004896507936507,0.0005454779487179,-1.823152625152597e-05,-0.0005288768253968,-0.0005517914529914,-0.0007238428571428,-0.0007168466178266,-0.0005588495726495,-0.0005642316239316,-0.0005370449328449
-0.0005342642246642,-0.0005794967032967,-0.000492692063492,0.0005545688644688,-2.1271037851037568e-05,-0.0005349558974358,-0.0005487428571428,-0.0007208015873015,-0.0007138219780219,-0.0005618705738705,-0.0005642316239316,-0.0005400622710622
-0.0005494423687423,-0.0005855645909645,-0.0004835682539682,0.00056669008547,-3.342908424908396e-05,-0.0005349558974358,-0.000539597069597,-0.0007238428571428,-0.0007107973382173,-0.0005618705738705,-0.0005702663003663,-0.0005460969474969
-0.0005646205128205,-0.0005946664224664,-0.0004805269841269,0.0005788113064713,-4.254761904761877e-05,-0.0005379954334554,-0.0005304512820512,-0.0007299253968253,-0.0007138219780219,-0.0005648915750915,-0.0005732836385836,-0.0005491142857142
-0.0005646205128205,-0.0006098361416361,-0.0004957333333333,0.0005848719169719,-3.342908424908396e-05,-0.0005531931135531,-0.0005334998778998,-0.0007299253968253,-0.0007198712576312,-0.0005739545787545,-0.0005793183150183,-0.0005551489621489
-0.0005615848840048,-0.00061287008547,-0.0005048571428571,0.0005848719169719,-2.735006105006077e-05,-0.0005592721855921,-0.0005365484737484,-0.0007268841269841,-0.0007198712576312,-0.0005739545787545,-0.0005793183150183,-0.0005521316239316
-0.0005676561416361,-0.0006098361416361,-0.0004957333333333,0.0005879022222222,-3.6468595848595565e-05,-0.0005531931135531,-0.000539597069597,-0.0007268841269841,-0.0007228958974358,-0.0005709335775335,-0.0005732836385836,-0.0005460969474969
-0.0005706917704517,-0.0006068021978021,-0.0004835682539682,0.0005879022222222,-4.254761904761877e-05,-0.0005440745054945,-0.000539597069597,-0.0007299253968253,-0.0007228958974358,-0.0005679125763125,-0.0005702663003663,-0.0005430796092796
-0.0005706917704517,-0.0006098361416361,-0.0004866095238095,0.0005879022222222,-4.254761904761877e-05,-0.000547114041514,-0.0005334998778998,-0.0007299253968253,-0.0007198712576312,-0.0005679125763125,-0.0005732836385836,-0.0005460969474969
-0.0005615848840048,-0.0006037682539682,-0.0004896507936507,0.0005818416117216,-3.6468595848595565e-05,-0.000547114041514,-0.0005334998778998,-0.0007329666666666,-0.0007198712576312,-0.0005679125763125,-0.0005793183150183,-0.0005521316239316
-0.0005585492551892,-0.0005946664224664,-0.0004866095238095,0.000575781001221,-3.6468595848595565e-05,-0.0005410349694749,-0.0005365484737484,-0.0007329666666666,-0.0007228958974358,-0.0005679125763125,-0.0005793183150183,-0.0005521316239316
-0.0005676561416361,-0.0005916324786324,-0.0004774857142857,0.0005788113064713,-4.558713064713037e-05,-0.0005349558974358,-0.0005365484737484,-0.0007299253968253,-0.0007198712576312,-0.0005648915750915,-0.0005732836385836,-0.0005460969474969
-0.0005737273992673,-0.0006007343101343,-0.0004744444444444,0.0005848719169719,-4.862664224664196e-05,-0.0005379954334554,-0.0005274026862026,-0.0007268841269841,-0.0007138219780219,-0.0005618705738705,-0.0005702663003663,-0.0005430796092796
-0.0005737273992673,-0.0005977003663003,-0.0004744444444444,0.0005848719169719,-4.862664224664196e-05,-0.0005349558974358,-0.000524354090354,-0.0007238428571428,-0.0007077726984126,-0.0005588495726495,-0.0005702663003663,-0.0005430796092796
-0.0005585492551892,-0.0005885985347985,-0.0004774857142857,0.0005727506959706,-3.950810744810717e-05,-0.0005319163614163,-0.0005274026862026,-0.0007268841269841,-0.0007107973382173,-0.0005558285714285,-0.0005672489621489,-0.0005400622710622
-0.0005524779975579,-0.0005825306471306,-0.0004805269841269,0.00056669008547,-3.6468595848595565e-05,-0.0005319163614163,-0.0005334998778998,-0.0007299253968253,-0.0007107973382173,-0.0005558285714285,-0.0005672489621489,-0.0005400622710622
-0.0005676561416361,-0.0005855645909645,-0.0004714031746031,0.000575781001221,-4.862664224664196e-05,-0.0005288768253968,-0.0005334998778998,-0.0007208015873015,-0.0006986987789987,-0.0005467655677655,-0.0005672489621489,-0.0005400622710622
-0.0005737273992673,-0.0005825306471306,-0.0004622793650793,0.000575781001221,-5.470566544566516e-05,-0.0005227977533577,-0.0005182568986568,-0.0006873476190476,-0.0006593784615384,-0.0005377025641025,-0.0005763009768009,-0.0005581663003663
-0.0005706917704517,-0.0005248857142857,-0.0004075365079365,0.0005454779487179,-8.206126984126955e-05,-0.0004650465689865,-0.0005121597069597,-0.0006478111111111,-0.0005867871062271,-0.0004984295482295,-0.0005612142857142,-0.0005581663003663
-0.0005433711111111,-0.0004126297924297,-0.0003223809523809,0.0004757809279609,-0.0001094168742368,-0.0003677814163614,-0.0005274026862026,-0.0005656968253968,-0.0004839493528693,-0.0004108205128205,-0.0004948328449328,-0.0005189409035409
-0.0004462309890109,-0.0002336271062271,-0.0002402666666666,0.0003394171916971,-0.0001033378510378,-0.0002370813675213,-0.0005822774114774,-0.0004136333333333,-0.0003145695238095,-0.0002265394383394,-0.0003560352869352,-0.0004284207570207
-0.0002974851770451,5.4597557997558186e-05,-0.0001034095238095,0.0001212352136752,-9.725882783882755e-05,-2.4313846153846188e-05,-0.0007011726495726,-0.0003619317460317,-0.0001119186568986,4.535067155067103e-05,-0.0001176655677655,-0.0002473804639804
-0.0001426681074481,0.0004399084249084,0.0001216444444444,-0.0001484619536019,-0.0001306934554334,0.0002796397557997,-0.0009328659340659,-0.0005961095238095,4.838725274725267e-05,0.0003746398046398,0.0002202763125763,4.5301343101342495e-05
1.8220219780219504e-05,0.0007918459096459,0.0003193269841269,-0.0004030075946275,-0.0001489305250305,0.0005562375335775,-0.0012468713064713,-0.0009732269841269,9.375684981684972e-05,0.0006797609279609,0.0005672702075702,0.0003772085470085
0.0001396453724053,0.0010466971916971,0.0004470603174603,-0.0005908865201465,-0.00015197003663,0.0007477283028083,-0.0015761196581196,-0.0013503444444444,-3.031623931624012e-06,0.000861021001221,0.0008297786324786,0.0006698903540903
0.0001700016605616,0.0010072559218559,0.0003771111111111,-0.0005878562148962,-0.0001033378510378,0.0006930166544566,-0.0017498896214896,-0.0015784396825396,-0.0002329042490842,0.0007311179487179,0.0008086572649572,0.0007513584859584
2.4291477411477133e-05,0.0004641799755799,-1.825396825396816e-05,-0.0002424014163614,2.1282124542124827e-05,0.0002218885714285,-0.0016279457875457,-0.0016909666666666,-0.0006745016605616,0.0001782747252747,0.0003892472527472,0.0005039367521367
-0.0002519507448107,-1.2149206349206151e-05,-0.0002159365079365,0.0001303261294261,-1.823152625152597e-05,-0.0001124603907203,-0.001414544078144,-0.0018795253968253,-0.0011251729914529,-0.0003655054945054,-1.507606837606853e-05,0.000247463003663
-0.000470516019536,-0.0002063216117216,-0.0001855238095238,0.0003363868864468,-0.0001428515018315,-0.0001945278632478,-0.0012438227106227,-0.0019616396825396,-0.001342947057387,-0.0006494796092796,-0.0002413764346764,8.15094017094011e-05
-0.0005646205128205,-0.0003913921855921,-0.0002767619047619,0.0004757809279609,-0.0001428515018315,-0.0003343465201465,-0.0011035873015873,-0.0017700396825396,-0.0013247992185592,-0.0007461516483516,-0.0004043126984126,-9.953089133089192e-05
-0.0005980124297924,-0.0005218517704517,-0.0003771238095238,0.0005575991697191,-0.0001094168742368,-0.0004498488888888,-0.0010029836385836,-0.0015206555555555,-0.0012068382661782,-0.0007401096459096,-0.0004948328449328,-0.0002534151404151
-0.0005980124297924,-0.0005734288156288,-0.0004257841269841,0.0005848719169719,-8.510078144078116e-05,-0.0004984814652014,-0.0009054285714285,-0.0013016841269841,-0.0010888773137973,-0.0007038576312576,-0.0005370755799755,-0.0003560046398046
-0.0005828342857142,-0.0005946664224664,-0.000459238095238,0.0005879022222222,-6.078468864468836e-05,-0.0005258372893772,-0.0007743389499389,-0.0010887952380952,-0.0009678917216117,-0.0006585426129426,-0.0005581969474969,-0.000431438095238
-0.0005646205128205,-0.0005855645909645,-0.0004714031746031,0.0005727506959706,-4.558713064713037e-05,-0.0005288768253968,-0.0006432493284493,-0.0008850301587301,-0.0008469061294261,-0.0006011435897435,-0.0005581969474969,-0.0004736808302808
-0.0005464067399267,-0.0005400554334554,-0.0004440317460317,0.0005424476434676,-5.166615384615356e-05,-0.0004924023931623,-0.0005609372405372,-0.0007451317460317,-0.0007501176556776,-0.0005497865689865,-0.0005340582417582,-0.0004766981684981
-0.0005372998534798,-0.0005036481074481,-0.0004257841269841,0.0005182052014652,-5.470566544566516e-05,-0.0004650465689865,-0.0005274026862026,-0.0006782238095238,-0.0006986987789987,-0.0005225975579975,-0.0005219888888888,-0.0004766981684981
-0.0005342642246642,-0.0005097159951159,-0.0004288253968253,0.0005212355067155,-5.166615384615356e-05,-0.0004680861050061,-0.0005121597069597,-0.0006538936507936,-0.0006775263003663,-0.0005165555555555,-0.0005250062271062,-0.0004857501831501
-0.0005403354822954,-0.0005279196581196,-0.0004379492063492,0.0005333567277167,-5.166615384615356e-05,-0.0004832837851037,-0.0004999653235653,-0.0006386873015873,-0.000671477020757,-0.0005195765567765,-0.0005370755799755,-0.0004978195360195
-0.0005372998534798,-0.0005339875457875,-0.000447073015873,0.0005333567277167,-4.558713064713037e-05,-0.0004893628571428,-0.0004908195360195,-0.0006295634920634,-0.0006624031013431,-0.0005225975579975,-0.0005400929181929,-0.0005068715506715
-0.0005342642246642,-0.0005309536019536,-0.000447073015873,0.0005303264224664,-4.254761904761877e-05,-0.0004893628571428,-0.0004908195360195,-0.0006204396825396,-0.0006593784615384,-0.0005225975579975,-0.0005431102564102,-0.0005129062271062
-0.0005312285958485,-0.0005309536019536,-0.000447073015873,0.0005303264224664,-4.254761904761877e-05,-0.0004893628571428,-0.0004908195360195,-0.0006082746031746,-0.0006563538217338,-0.0005256185592185,-0.0005491449328449,-0.0005189409035409
-0.0005372998534798,-0.0005279196581196,-0.0004409904761904,0.0005303264224664,-4.862664224664196e-05,-0.0004832837851037,-0.0004816737484737,-0.0005961095238095,-0.0006472799023199,-0.0005256185592185,-0.0005491449328449,-0.0005279929181929
-0.0005403354822954,-0.0005279196581196,-0.0004409904761904,0.0005333567277167,-4.862664224664196e-05,-0.0004832837851037,-0.0004786251526251,-0.0005900269841269,-0.0006412306227106,-0.0005256185592185,-0.0005491449328449,-0.0005279929181929
-0.0005403354822954,-0.0005370214896214,-0.000447073015873,0.000536387032967,-4.558713064713037e-05,-0.0004924023931623,-0.0004725279609279,-0.0005839444444444,-0.0006442552625152,-0.0005286395604395,-0.0005581969474969,-0.0005340275946275
-0.0005372998534798,-0.0005279196581196,-0.0004409904761904,0.0005303264224664,-4.862664224664196e-05,-0.0004832837851037,-0.0004725279609279,-0.0005809031746031,-0.0006412306227106,-0.0005286395604395,-0.0005551796092796,-0.0005310102564102
-0.0005372998534798,-0.0005188178266178,-0.0004349079365079,0.0005272961172161,-5.166615384615356e-05,-0.0004772047130647,-0.0004755765567765,-0.0005748206349206,-0.000629132063492,-0.0005195765567765,-0.0005461275946275,-0.0005249755799755
-0.0005372998534798,-0.0005309536019536,-0.000447073015873,0.0005333567277167,-4.558713064713037e-05,-0.0004893628571428,-0.0004725279609279,-0.0005656968253968,-0.0006200581440781,-0.0005105135531135,-0.0005431102564102,-0.0005249755799755
-0.0005403354822954,-0.0005400554334554,-0.0004531555555555,0.0005394173382173,-4.254761904761877e-05,-0.0004954419291819,-0.0004633821733821,-0.0005656968253968,-0.0006200581440781,-0.0005105135531135,-0.0005461275946275,-0.0005279929181929
-0.0005555136263736,-0.0005339875457875,-0.0004288253968253,0.0005424476434676,-6.382420024419996e-05,-0.0004802442490842,-0.0004572849816849,-0.0005596142857142,-0.0006140088644688,-0.0005074925518925,-0.0005431102564102,-0.0005249755799755
-0.0005524779975579,-0.0005279196581196,-0.0004288253968253,0.0005394173382173,-6.078468864468836e-05,-0.0004772047130647,-0.0004603335775335,-0.0005535317460317,-0.0006140088644688,-0.0005105135531135,-0.0005431102564102,-0.0005249755799755
-0.0005251573382173,-0.0005248857142857,-0.0004501142857142,0.0005242658119658,-3.6468595848595565e-05,-0.0004863233211233,-0.0004725279609279,-0.000556573015873,-0.0006200581440781,-0.0005195765567765,-0.0005581969474969,-0.0005370449328449
-0.0005160504517704,-0.0005218517704517,-0.0004561968253968,0.0005182052014652,-3.0389572649572364e-05,-0.0004893628571428,-0.0004786251526251,-0.0005535317460317,-0.0006200581440781,-0.0005256185592185,-0.0005642316239316,-0.0005430796092796
-0.0005281929670329,-0.0005248857142857,-0.0004501142857142,0.0005242658119658,-3.950810744810717e-05,-0.0004863233211233,-0.0004694793650793,-0.0005413666666666,-0.0006109842246642,-0.0005195765567765,-0.0005612142857142,-0.0005370449328449
-0.0005342642246642,-0.0005370214896214,-0.000459238095238,0.0005333567277167,-3.6468595848595565e-05,-0.0004984814652014,-0.0004511877899877,-0.0005292015873015,-0.0006049349450549,-0.0005135345543345,-0.0005581969474969,-0.0005310102564102
-0.0005312285958485,-0.0005430893772893,-0.0004653206349206,0.000536387032967,-3.342908424908396e-05,-0.0005045605372405,-0.0004511877899877,-0.0005200777777777,-0.0005988856654456,-0.0005074925518925,-0.0005521622710622,-0.0005249755799755
-0.0005221217094017,-0.0005279196581196,-0.000459238095238,0.0005242658119658,-3.0389572649572364e-05,-0.0004924023931623,-0.0004572849816849,-0.0005170365079365,-0.0005988856654456,-0.0005074925518925,-0.0005461275946275,-0.0005219582417582
-0.0005160504517704,-0.0005248857142857,-0.0004622793650793,0.0005182052014652,-2.735006105006077e-05,-0.0004924023931623,-0.0004603335775335,-0.0005139952380952,-0.000595861025641,-0.0005074925518925,-0.0005461275946275,-0.0005249755799755
-0.000519086080586,-0.0005279196581196,-0.0004622793650793,0.0005212355067155,-2.735006105006077e-05,-0.0004954419291819,-0.0004603335775335,-0.0005079126984126,-0.0005898117460317,-0.0005044715506715,-0.0005491449328449,-0.0005279929181929
-0.0005251573382173,-0.0005248857142857,-0.0004531555555555,0.0005242658119658,-3.6468595848595565e-05,-0.0004893628571428,-0.0004542363858363,-0.0005018301587301,-0.0005928363858363,-0.0005044715506715,-0.0005491449328449,-0.0005310102564102
-0.0005221217094017,-0.0005248857142857,-0.0004531555555555,0.0005212355067155,-3.342908424908396e-05,-0.0004893628571428,-0.0004542363858363,-0.0004957476190476,-0.0005928363858363,-0.0005074925518925,-0.0005521622710622,-0.0005340275946275
-0.0005130148229548,-0.0005218517704517,-0.0004561968253968,0.0005151748962148,-2.735006105006077e-05,-0.0004893628571428,-0.0004542363858363,-0.000489665079365,-0.0005928363858363,-0.0005105135531135,-0.0005551796092796,-0.0005340275946275
-0.0005130148229548,-0.0005218517704517,-0.0004622793650793,0.0005151748962148,-2.4310549450549165e-05,-0.0004924023931623,-0.0004511877899877,-0.0004774999999999,-0.0005867871062271,-0.0005105135531135,-0.0005581969474969,-0.0005340275946275
-0.0005099791941391,-0.0005339875457875,-0.0004744444444444,0.0005212355067155,-1.823152625152597e-05,-0.0005045605372405,-0.0004450905982905,-0.0004653349206349,-0.0005777131868131,-0.0005044715506715,-0.0005551796092796,-0.0005340275946275
-0.0005039079365079,-0.0005400554334554,-0.0004866095238095,0.0005212355067155,-9.11299145299117e-06,-0.0005136791452991,-0.0004359448107448,-0.0004501285714285,-0.0005686392673992,-0.0004984295482295,-0.0005521622710622,-0.0005310102564102
-0.0005099791941391,-0.0005370214896214,-0.0004744444444444,0.0005212355067155,-1.823152625152597e-05,-0.0005045605372405,-0.0004328962148962,-0.0004379634920634,-0.0005625899877899,-0.0004954085470085,-0.0005491449328449,-0.0005279929181929
-0.0005039079365079,-0.0005218517704517,-0.0004653206349206,0.0005121445909645,-1.823152625152597e-05,-0.0004924023931623,-0.0004389934065934,-0.0004318809523809,-0.0005625899877899,-0.0004984295482295,-0.0005491449328449,-0.0005310102564102
-0.0004978366788766,-0.0005157838827838,-0.0004683619047619,0.0005060839804639,-1.5192014652014368e-05,-0.0004924023931623,-0.000442042002442,-0.0004227571428571,-0.0005595653479853,-0.0004984295482295,-0.0005521622710622,-0.0005370449328449
-0.0005008723076923,-0.0005248857142857,-0.0004744444444444,0.0005121445909645,-1.2152503052502767e-05,-0.0004984814652014,-0.0004328962148962,-0.000410592063492,-0.000553516068376,-0.0004984295482295,-0.0005581969474969,-0.0005430796092796
-0.0005039079365079,-0.0005279196581196,-0.0004774857142857,0.0005151748962148,-1.2152503052502767e-05,-0.000501521001221,-0.0004237504273504,-0.0003953857142857,-0.0005444421489621,-0.0005014505494505,-0.0005612142857142,-0.0005430796092796
-0.0005008723076923,-0.0005248857142857,-0.0004744444444444,0.0005121445909645,-1.2152503052502767e-05,-0.0004984814652014,-0.0004207018315018,-0.0003832206349206,-0.0005353682295482,-0.0004954085470085,-0.0005581969474969,-0.0005370449328449
-0.0004917654212454,-0.0005188178266178,-0.0004774857142857,0.0005030536752136,-6.07347985347957e-06,-0.0004984814652014,-0.0004207018315018,-0.0003619317460317,-0.0005262943101343,-0.0004833245421245,-0.0005461275946275,-0.0005279929181929
-0.0004856941636141,-0.0005157838827838,-0.0004774857142857,0.0005000233699633,-3.03396825396797e-06,-0.0004954419291819,-0.000426799023199,-0.0003436841269841,-0.000520245030525,-0.0004772825396825,-0.0005370755799755,-0.0005219582417582
-0.0004796229059829,-0.0004975802197802,-0.0004683619047619,0.0004879021489621,-6.07347985347957e-06,-0.0004832837851037,-0.000426799023199,-0.0003254365079365,-0.000520245030525,-0.0004742615384615,-0.0005280235653235,-0.0005159235653235
-0.0004735516483516,-0.0004915123321123,-0.0004714031746031,0.0004818415384615,5.543345543628675e-09,-0.0004802442490842,-0.0004207018315018,-0.0003071888888888,-0.0005172203907203,-0.0004772825396825,-0.0005340582417582,-0.0005159235653235
-0.0004765872771672,-0.0004793765567765,-0.0004561968253968,0.0004757809279609,-9.11299145299117e-06,-0.0004680861050061,-0.000411556043956,-0.0002919825396825,-0.0005111711111111,-0.0004772825396825,-0.0005310409035409,-0.0005129062271062
-0.0004735516483516,-0.0004702747252747,-0.000447073015873,0.0004697203174603,-1.2152503052502767e-05,-0.0004589674969474,-0.0004085074481074,-0.0002676523809523,-0.0004990725518925,-0.0004682195360195,-0.0005250062271062,-0.0005098888888888
-0.000470516019536,-0.0004733086691086,-0.0004561968253968,0.0004697203174603,-6.07347985347957e-06,-0.0004650465689865,-0.0004024102564102,-0.0002402809523809,-0.0004809247130647,-0.0004561355311355,-0.0005159542124542,-0.0005008368742368
-0.0004674803907203,-0.0004733086691086,-0.0004622793650793,0.0004697203174603,-3.03396825396797e-06,-0.0004680861050061,-0.0003993616605616,-0.0002129095238095,-0.0004688261538461,-0.0004500935286935,-0.0005129368742368,-0.0004978195360195
-0.0004644447619047,-0.0004611728937728,-0.000447073015873,0.0004606294017094,-9.11299145299117e-06,-0.0004528884249084,-0.0003932644688644,-0.0001946619047619,-0.0004627768742368,-0.0004470725274725,-0.0005099195360195,-0.0004978195360195
-0.0004614091330891,-0.0004429692307692,-0.0004349079365079,0.0004515384859584,-1.2152503052502767e-05,-0.0004376907448107,-0.0003902158730158,-0.000173373015873,-0.0004537029548229,-0.0004380095238095,-0.0005038848595848,-0.0004917848595848
-0.0004431953601953,-0.0004308334554334,-0.0004409904761904,0.0004363869597069,5.543345543628675e-09,-0.0004346512087912,-0.0003902158730158,-0.0001520841269841,-0.0004416043956043,-0.0004319675213675,-0.0004978501831501,-0.0004827328449328
-0.0004280172161172,-0.0004186976800976,-0.0004379492063492,0.0004212354334554,3.045054945055228e-06,-0.0004285721367521,-0.0003902158730158,-0.0001307952380952,-0.0004355551159951,-0.0004259255189255,-0.0004918155067155,-0.0004766981684981
-0.0004249815873015,-0.0004035279609279,-0.0004318666666666,0.0004121445177045,3.045054945055228e-06,-0.0004164139926739,-0.0003932644688644,-0.0001095063492063,-0.0004264811965811,-0.0004198835164835,-0.0004857808302808,-0.0004676461538461
-0.0004189103296703,-0.0003822903540903,-0.000413619047619,0.0004000232967032,-3.03396825396797e-06,-0.0003981767765567,-0.0003932644688644,-9.125873015872984e-05,-0.0004174072771672,-0.0004138415140415,-0.0004767288156288,-0.0004585941391941
-0.0004219459584859,-0.0003610527472527,-0.0003892888888888,0.0003909323809523,-1.5192014652014368e-05,-0.0003738604884004,-0.0003902158730158,-7.605238095238064e-05,-0.0004053087179487,-0.0004017575091575,-0.0004616421245421,-0.0004435074481074
-0.0004158747008547,-0.0003489169719169,-0.000380165079365,0.0003818414652014,-1.823152625152597e-05,-0.0003647418803418,-0.0003902158730158,-5.78047619047616e-05,-0.0003962347985347,-0.0003896735042735,-0.0004495727716727,-0.0004284207570207
-0.000412839072039,-0.0003337472527472,-0.0003771238095238,0.0003727505494505,-1.823152625152597e-05,-0.0003556232722832,-0.0003932644688644,-4.868095238095208e-05,-0.0003901855189255,-0.0003775894993894,-0.000434486080586,-0.0004103167277167
-0.0004098034432234,-0.0003125096459096,-0.0003588761904761,0.0003606293284493,-2.4310549450549165e-05,-0.0003343465201465,-0.000396313064713,-4.259841269841239e-05,-0.0003811115995115,-0.0003685264957264,-0.000416382051282,-0.0003922126984126
-0.0004037321855921,-0.0002943059829059,-0.0003406285714285,0.0003485081074481,-3.0389572649572364e-05,-0.0003161093040293,-0.0003993616605616,-3.955714285714255e-05,-0.0003750623199023,-0.0003594634920634,-0.0004043126984126,-0.000377126007326
-0.0003946252991452,-0.0002761023199023,-0.000334546031746,0.0003333565811965,-3.0389572649572364e-05,-0.0003039511599511,-0.0004054588522588,-4.563968253968224e-05,-0.0003780869597069,-0.0003534214896214,-0.000398278021978,-0.0003650566544566
-0.0003946252991452,-0.0002578986568986,-0.0003193396825396,0.0003242656654456,-3.6468595848595565e-05,-0.0002887534798534,-0.000411556043956,-5.476349206349176e-05,-0.0003780869597069,-0.0003504004884004,-0.0003862086691086,-0.0003529873015873
-0.0003915896703296,-0.0002487968253968,-0.0003102158730158,0.000318205054945,-3.950810744810717e-05,-0.0002796348717948,-0.0004207018315018,-6.996984126984096e-05,-0.0003780869597069,-0.0003443584859584,-0.0003771566544566,-0.0003439352869352
-0.000388554041514,-0.0002336271062271,-0.000301092063492,0.0003091141391941,-4.254761904761877e-05,-0.0002674767277167,-0.0004328962148962,-0.0001034238095238,-0.0003901855189255,-0.0003504004884004,-0.0003741393162393,-0.0003379006105006
-0.0003915896703296,-0.0002123894993894,-0.0002798031746031,0.0003000232234432,-5.470566544566516e-05,-0.0002461999755799,-0.0004450905982905,-0.0001429603174603,-0.0003962347985347,-0.0003504004884004,-0.0003650873015873,-0.0003258312576312
-0.0003946252991452,-0.0002123894993894,-0.0002737206349206,0.0003030535286935,-6.078468864468836e-05,-0.0002431604395604,-0.0004542363858363,-0.0001794555555555,-0.000402284078144,-0.0003504004884004,-0.0003590526251526,-0.0003167792429792
-0.0004006965567765,-0.0002184573870573,-0.0002737206349206,0.0003091141391941,-6.382420024419996e-05,-0.0002461999755799,-0.0004633821733821,-0.0002220333333333,-0.0004174072771672,-0.0003534214896214,-0.0003590526251526,-0.0003107445665445
-0.0004037321855921,-0.0002184573870573,-0.0002706793650793,0.0003091141391941,-6.686371184371155e-05,-0.0002431604395604,-0.0004755765567765,-0.0002676523809523,-0.0004325304761904,-0.0003534214896214,-0.0003590526251526,-0.0003167792429792
-0.0004098034432234,-0.0002336271062271,-0.0002767619047619,0.0003212353601953,-6.686371184371155e-05,-0.0002553185836385,-0.0004847223443223,-0.0003163126984126,-0.0004506783150183,-0.0003624844932844,-0.0003681046398046,-0.0003288485958485
-0.000412839072039,-0.0002548647130647,-0.0002919682539682,0.0003333565811965,-6.078468864468836e-05,-0.0002735557997557,-0.0004908195360195,-0.000364973015873,-0.0004718507936507,-0.0003806105006105,-0.0003831913308913,-0.0003469526251526
-0.0004310528449328,-0.0002791362637362,-0.000301092063492,0.0003545687179487,-6.382420024419996e-05,-0.0002887534798534,-0.0004938681318681,-0.0004045095238095,-0.0004930232722832,-0.0003987365079365,-0.0004012953601953,-0.0003560046398046
-0.0004401597313797,-0.0003034078144078,-0.0003132571428571,0.0003697202442002,-6.382420024419996e-05,-0.0003069906959706,-0.0004999653235653,-0.000444046031746,-0.0005141957509157,-0.0004138415140415,-0.0004133647130647,-0.0003710913308913
-0.0004553378754578,-0.0003307133089133,-0.0003254222222222,0.0003909323809523,-6.382420024419996e-05,-0.0003282674481074,-0.0005030139194139,-0.0004835825396825,-0.0005323435897435,-0.0004289465201465,-0.0004284514041514,-0.000386178021978
-0.0004765872771672,-0.0003640866910866,-0.0003375873015873,0.0004182051282051,-6.990322344322315e-05,-0.0003495442002442,-0.0005030139194139,-0.0005200777777777,-0.000553516068376,-0.0004440515262515,-0.0004465554334554,-0.0004072993894993
-0.0004887297924297,-0.0003913921855921,-0.0003588761904761,0.0004394172649572,-6.382420024419996e-05,-0.0003738604884004,-0.0004999653235653,-0.0005444079365079,-0.0005716639072039,-0.0004621775335775,-0.0004706941391941,-0.000431438095238
-0.000494801050061,-0.0004156637362637,-0.0003771238095238,0.0004545687912087,-5.774517704517676e-05,-0.0003951372405372,-0.0005030139194139,-0.000568738095238,-0.0005898117460317,-0.0004772825396825,-0.0004857808302808,-0.0004495421245421
-0.0005008723076923,-0.0004460031746031,-0.0003984126984126,0.0004727506227106,-5.166615384615356e-05,-0.000422493064713,-0.0005030139194139,-0.0005961095238095,-0.0006049349450549,-0.0004893665445665,-0.0005008675213675,-0.0004676461538461
-0.0005069435653235,-0.0004793765567765,-0.0004257841269841,0.0004909324542124,-3.950810744810717e-05,-0.0004528884249084,-0.0005030139194139,-0.0006143571428571,-0.0006200581440781,-0.0005014505494505,-0.0005189715506715,-0.0004857501831501
-0.0005099791941391,-0.0005006141636141,-0.0004409904761904,0.0005030536752136,-3.342908424908396e-05,-0.0004711256410256,-0.0005030139194139,-0.0006386873015873,-0.0006412306227106,-0.0005225975579975,-0.0005370755799755,-0.0005038542124542
-0.0005160504517704,-0.0005006141636141,-0.0004379492063492,0.0005060839804639,-3.950810744810717e-05,-0.0004680861050061,-0.0005060625152625,-0.0006569349206349,-0.0006563538217338,-0.0005346815628815,-0.0005491449328449,-0.0005129062271062
-0.0005251573382173,-0.0005127499389499,-0.0004409904761904,0.0005182052014652,-4.254761904761877e-05,-0.0004772047130647,-0.0005030139194139,-0.0006630174603174,-0.0006593784615384,-0.0005407235653235,-0.0005521622710622,-0.0005219582417582
-0.0005312285958485,-0.0005339875457875,-0.000459238095238,0.0005303264224664,-3.6468595848595565e-05,-0.0004954419291819,-0.0004969167277167,-0.0006660587301587,-0.0006593784615384,-0.0005437445665445,-0.0005581969474969,-0.0005310102564102
-0.0005281929670329,-0.0005521912087912,-0.0004774857142857,0.0005394173382173,-2.4310549450549165e-05,-0.0005136791452991,-0.0004969167277167,-0.0006721412698412,-0.0006684523809523,-0.0005528075702075,-0.0005672489621489,-0.0005370449328449
-0.0005281929670329,-0.000558259096459,-0.0004805269841269,0.0005424476434676,-2.4310549450549165e-05,-0.0005197582173382,-0.0004969167277167,-0.000681265079365,-0.0006775263003663,-0.0005618705738705,-0.0005732836385836,-0.0005430796092796
-0.0005281929670329,-0.000561293040293,-0.0004835682539682,0.0005424476434676,-2.1271037851037568e-05,-0.0005227977533577,-0.0004969167277167,-0.0006843063492063,-0.0006835755799755,-0.0005709335775335,-0.0005853529914529,-0.0005551489621489
-0.0005281929670329,-0.0005673609279609,-0.0004866095238095,0.0005454779487179,-2.1271037851037568e-05,-0.0005258372893772,-0.0004908195360195,-0.0006843063492063,-0.0006805509401709,-0.0005709335775335,-0.0005883703296703,-0.0005581663003663
-0.0005403354822954,-0.0005794967032967,-0.0004866095238095,0.0005575991697191,-2.735006105006077e-05,-0.0005319163614163,-0.0004847223443223,-0.000681265079365,-0.0006775263003663,-0.0005618705738705,-0.0005823356532356,-0.0005521316239316
-0.0005342642246642,-0.0005825306471306,-0.0004987746031746,0.0005575991697191,-1.823152625152597e-05,-0.0005410349694749,-0.0004847223443223,-0.0006782238095238,-0.0006805509401709,-0.0005648915750915,-0.0005823356532356,-0.0005521316239316
-0.0005312285958485,-0.0005825306471306,-0.0005018158730158,0.0005545688644688,-1.5192014652014368e-05,-0.0005410349694749,-0.0004938681318681,-0.0006873476190476,-0.0006926494993894,-0.0005799965811965,-0.000594405006105,-0.0005611836385836
-0.0005281929670329,-0.0005734288156288,-0.0004957333333333,0.0005485082539682,-1.5192014652014368e-05,-0.0005349558974358,-0.0004938681318681,-0.0006873476190476,-0.0006926494993894,-0.0005799965811965,-0.0005974223443223,-0.0005642009768009
-0.0005312285958485,-0.0005794967032967,-0.0004987746031746,0.0005545688644688,-1.5192014652014368e-05,-0.0005379954334554,-0.0004847223443223,-0.000681265079365,-0.0006896248595848,-0.0005769755799755,-0.0005974223443223,-0.0005611836385836
-0.0005281929670329,-0.0005916324786324,-0.0005109396825396,0.0005575991697191,-9.11299145299117e-06,-0.0005501535775335,-0.0004847223443223,-0.0006782238095238,-0.0006866002197802,-0.0005799965811965,-0.0006004396825396,-0.0005642009768009
-0.0005312285958485,-0.0005977003663003,-0.0005170222222222,0.0005636597802197,-6.07347985347957e-06,-0.0005562326495726,-0.0004847223443223,-0.000681265079365,-0.0006896248595848,-0.0005830175824175,-0.000603457020757,-0.0005672183150183
-0.0005342642246642,-0.0005946664224664,-0.0005139809523809,0.0005636597802197,-9.11299145299117e-06,-0.0005531931135531,-0.0004786251526251,-0.0006843063492063,-0.0006896248595848,-0.0005890595848595,-0.0006064743589743,-0.0005732529914529
-0.0005433711111111,-0.0005916324786324,-0.0004987746031746,0.00056669008547,-2.1271037851037568e-05,-0.0005440745054945,-0.0004725279609279,-0.000681265079365,-0.0006896248595848,-0.0005920805860805,-0.0006064743589743,-0.0005732529914529
-0.0005464067399267,-0.0005855645909645,-0.0004866095238095,0.0005636597802197,-3.0389572649572364e-05,-0.0005349558974358,-0.0004725279609279,-0.0006751825396825,-0.0006805509401709,-0.0005830175824175,-0.000603457020757,-0.0005702356532356
-0.0005433711111111,-0.0005977003663003,-0.0005018158730158,0.0005697203907203,-2.1271037851037568e-05,-0.0005501535775335,-0.0004725279609279,-0.0006660587301587,-0.0006745016605616,-0.0005769755799755,-0.0006004396825396,-0.0005702356532356
-0.0005464067399267,-0.0006068021978021,-0.0005139809523809,0.000575781001221,-1.5192014652014368e-05,-0.0005592721855921,-0.0004664307692307,-0.0006569349206349,-0.0006684523809523,-0.0005739545787545,-0.0005974223443223,-0.0005672183150183
-0.0005464067399267,-0.0006037682539682,-0.0005109396825396,0.0005727506959706,-1.823152625152597e-05,-0.0005562326495726,-0.0004664307692307,-0.0006538936507936,-0.000671477020757,-0.0005769755799755,-0.0006004396825396,-0.0005702356532356
-0.0005312285958485,-0.0005977003663003,-0.0005170222222222,0.0005636597802197,-6.07347985347957e-06,-0.0005562326495726,-0.0004725279609279,-0.0006569349206349,-0.0006775263003663,-0.0005830175824175,-0.0006064743589743,-0.0005792876678876
-0.0005251573382173,-0.0005855645909645,-0.0005109396825396,0.0005545688644688,-6.07347985347957e-06,-0.000547114041514,-0.0004725279609279,-0.0006569349206349,-0.0006805509401709,-0.0005830175824175,-0.0006064743589743,-0.0005792876678876
-0.0005312285958485,-0.0005825306471306,-0.0005018158730158,0.0005545688644688,-1.5192014652014368e-05,-0.0005410349694749,-0.0004725279609279,-0.0006538936507936,-0.0006745016605616,-0.0005799965811965,-0.000603457020757,-0.0005792876678876
-0.0005312285958485,-0.0005916324786324,-0.0005048571428571,0.0005606294749694,-1.2152503052502767e-05,-0.000547114041514,-0.0004725279609279,-0.0006508523809523,-0.000671477020757,-0.0005799965811965,-0.0006064743589743,-0.0005792876678876
-0.0005372998534798,-0.0005946664224664,-0.0005018158730158,0.0005636597802197,-1.823152625152597e-05,-0.000547114041514,-0.0004633821733821,-0.0006508523809523,-0.0006684523809523,-0.0005769755799755,-0.000603457020757,-0.0005762703296703
-0.0005464067399267,-0.0005916324786324,-0.000492692063492,0.00056669008547,-2.735006105006077e-05,-0.0005410349694749,-0.0004603335775335,-0.0006508523809523,-0.0006654277411477,-0.0005799965811965,-0.0006064743589743,-0.0005732529914529
-0.0005494423687423,-0.0005885985347985,-0.0004896507936507,0.00056669008547,-3.0389572649572364e-05,-0.0005379954334554,-0.0004603335775335,-0.0006508523809523,-0.0006684523809523,-0.0005799965811965,-0.0006064743589743,-0.0005762703296703
-0.0005433711111111,-0.0005825306471306,-0.0004896507936507,0.0005606294749694,-2.735006105006077e-05,-0.0005349558974358,-0.0004603335775335,-0.0006478111111111,-0.0006684523809523,-0.0005799965811965,-0.0006064743589743,-0.0005762703296703
-0.0005403354822954,-0.0005855645909645,-0.0004957333333333,0.0005606294749694,-2.1271037851037568e-05,-0.0005410349694749,-0.0004603335775335,-0.0006478111111111,-0.0006654277411477,-0.0005830175824175,-0.0006094916971916,-0.0005762703296703
-0.0005403354822954,-0.0005825306471306,-0.0004957333333333,0.0005606294749694,-2.1271037851037568e-05,-0.0005379954334554,-0.0004664307692307,-0.0006447698412698,-0.0006654277411477,-0.0005769755799755,-0.000603457020757,-0.0005762703296703
-0.0005312285958485,-0.0005734288156288,-0.000492692063492,0.0005515385592185,-1.823152625152597e-05,-0.0005319163614163,-0.0004694793650793,-0.0006447698412698,-0.0006684523809523,-0.0005679125763125,-0.000594405006105,-0.0005702356532356
-0.000519086080586,-0.0005673609279609,-0.0004957333333333,0.0005424476434676,-1.2152503052502767e-05,-0.0005319163614163,-0.0004755765567765,-0.0006447698412698,-0.0006624031013431,-0.0005618705738705,-0.0005883703296703,-0.0005611836385836
-0.0005221217094017,-0.0005673609279609,-0.0004957333333333,0.0005424476434676,-1.2152503052502767e-05,-0.0005319163614163,-0.0004755765567765,-0.0006417285714285,-0.0006593784615384,-0.0005588495726495,-0.0005823356532356,-0.0005551489621489
-0.0005281929670329,-0.0005643269841269,-0.0004866095238095,0.0005454779487179,-2.1271037851037568e-05,-0.0005258372893772,-0.0004755765567765,-0.0006417285714285,-0.0006593784615384,-0.0005588495726495,-0.0005793183150183,-0.0005551489621489
-0.0005312285958485,-0.000561293040293,-0.0004835682539682,0.0005454779487179,-2.4310549450549165e-05,-0.0005227977533577,-0.0004786251526251,-0.0006478111111111,-0.0006624031013431,-0.0005588495726495,-0.0005823356532356,-0.0005611836385836
-0.0005312285958485,-0.000558259096459,-0.0004805269841269,0.0005424476434676,-2.4310549450549165e-05,-0.0005197582173382,-0.0004786251526251,-0.0006508523809523,-0.0006654277411477,-0.0005648915750915,-0.0005853529914529,-0.0005642009768009
-0.0005312285958485,-0.0005491572649572,-0.0004683619047619,0.0005394173382173,-3.0389572649572364e-05,-0.00050760007326,-0.0004816737484737,-0.0006508523809523,-0.0006624031013431,-0.0005618705738705,-0.0005793183150183,-0.0005611836385836
-0.000519086080586,-0.0005370214896214,-0.0004714031746031,0.0005272961172161,-2.4310549450549165e-05,-0.0005045605372405,-0.0004877709401709,-0.0006538936507936,-0.0006593784615384,-0.0005588495726495,-0.0005763009768009,-0.0005551489621489
-0.000519086080586,-0.0005400554334554,-0.0004744444444444,0.0005272961172161,-2.1271037851037568e-05,-0.00050760007326,-0.0004908195360195,-0.0006508523809523,-0.0006593784615384,-0.0005528075702075,-0.0005732836385836,-0.0005521316239316
-0.0005251573382173,-0.0005370214896214,-0.0004653206349206,0.0005303264224664,-3.0389572649572364e-05,-0.000501521001221,-0.0004908195360195,-0.0006417285714285,-0.0006533291819291,-0.0005407235653235,-0.0005672489621489,-0.0005491142857142
-0.0005312285958485,-0.0005430893772893,-0.0004622793650793,0.000536387032967,-3.342908424908396e-05,-0.000501521001221,-0.0004877709401709,-0.0006417285714285,-0.0006533291819291,-0.0005377025641025,-0.0005612142857142,-0.0005430796092796
-0.0005281929670329,-0.0005461233211233,-0.0004683619047619,0.000536387032967,-3.0389572649572364e-05,-0.00050760007326,-0.0004908195360195,-0.0006447698412698,-0.0006533291819291,-0.0005377025641025,-0.0005612142857142,-0.0005430796092796
-0.000519086080586,-0.0005370214896214,-0.0004683619047619,0.0005272961172161,-2.4310549450549165e-05,-0.000501521001221,-0.0004999653235653,-0.0006538936507936,-0.0006593784615384,-0.0005437445665445,-0.0005672489621489,-0.0005460969474969
-0.000519086080586,-0.0005339875457875,-0.0004653206349206,0.0005242658119658,-2.735006105006077e-05,-0.0004984814652014,-0.0005060625152625,-0.0006569349206349,-0.0006563538217338,-0.0005467655677655,-0.0005702663003663,-0.0005430796092796
-0.0005251573382173,-0.0005430893772893,-0.0004683619047619,0.0005333567277167,-2.735006105006077e-05,-0.0005045605372405,-0.0004999653235653,-0.0006538936507936,-0.0006533291819291,-0.0005437445665445,-0.0005642316239316,-0.0005400622710622
-0.0005312285958485,-0.0005430893772893,-0.0004653206349206,0.000536387032967,-3.342908424908396e-05,-0.0005045605372405,-0.0004969167277167,-0.0006538936507936,-0.0006533291819291,-0.0005377025641025,-0.0005612142857142,-0.0005400622710622
-0.0005281929670329,-0.0005400554334554,-0.0004653206349206,0.0005333567277167,-3.0389572649572364e-05,-0.000501521001221,-0.0004969167277167,-0.0006569349206349,-0.0006563538217338,-0.0005346815628815,-0.0005551796092796,-0.0005340275946275
-0.0005251573382173,-0.0005370214896214,-0.0004653206349206,0.0005303264224664,-3.0389572649572364e-05,-0.000501521001221,-0.0005030139194139,-0.0006660587301587,-0.0006654277411477,-0.0005377025641025,-0.0005551796092796,-0.0005370449328449
-0.0005221217094017,-0.0005339875457875,-0.0004622793650793,0.0005272961172161,-3.0389572649572364e-05,-0.0004984814652014,-0.0005091111111111,-0.0006721412698412,-0.000671477020757,-0.0005467655677655,-0.0005612142857142,-0.0005460969474969
-0.0005221217094017,-0.0005339875457875,-0.0004683619047619,0.0005272961172161,-2.735006105006077e-05,-0.000501521001221,-0.0005091111111111,-0.0006751825396825,-0.0006745016605616,-0.0005528075702075,-0.0005732836385836,-0.0005551489621489
-0.000519086080586,-0.0005370214896214,-0.0004683619047619,0.0005272961172161,-2.4310549450549165e-05,-0.000501521001221,-0.0005060625152625,-0.0006751825396825,-0.0006745016605616,-0.0005497865689865,-0.0005702663003663,-0.0005521316239316
-0.0005281929670329,-0.0005370214896214,-0.000459238095238,0.0005303264224664,-3.342908424908396e-05,-0.0004984814652014,-0.0005030139194139,-0.0006721412698412,-0.0006684523809523,-0.0005437445665445,-0.0005612142857142,-0.0005430796092796
-0.0005251573382173,-0.0005339875457875,-0.0004622793650793,0.0005272961172161,-3.0389572649572364e-05,-0.0004984814652014,-0.0005060625152625,-0.0006721412698412,-0.000671477020757,-0.0005437445665445,-0.0005612142857142,-0.0005430796092796
-0.000519086080586,-0.0005339875457875,-0.0004683619047619,0.0005242658119658,-2.4310549450549165e-05,-0.000501521001221,-0.0005121597069597,-0.0006782238095238,-0.0006775263003663,-0.0005497865689865,-0.0005642316239316,-0.0005460969474969
-0.000519086080586,-0.0005370214896214,-0.0004683619047619,0.0005272961172161,-2.4310549450549165e-05,-0.000501521001221,-0.0005091111111111,-0.000681265079365,-0.0006805509401709,-0.0005497865689865,-0.0005672489621489,-0.0005491142857142
-0.0005342642246642,-0.0005400554334554,-0.000459238095238,0.000536387032967,-3.6468595848595565e-05,-0.0004984814652014,-0.0005030139194139,-0.000681265079365,-0.0006745016605616,-0.0005437445665445,-0.0005642316239316,-0.0005430796092796
-0.0005372998534798,-0.0005400554334554,-0.0004531555555555,0.000536387032967,-4.254761904761877e-05,-0.0004954419291819,-0.0004999653235653,-0.0006782238095238,-0.0006684523809523,-0.0005377025641025,-0.0005581969474969,-0.0005400622710622
-0.0005281929670329,-0.0005400554334554,-0.000459238095238,0.0005333567277167,-3.342908424908396e-05,-0.0004984814652014,-0.0005030139194139,-0.000681265079365,-0.0006745016605616,-0.0005437445665445,-0.0005581969474969,-0.0005430796092796
-0.0005221217094017,-0.0005461233211233,-0.0004744444444444,0.0005333567277167,-2.4310549450549165e-05,-0.0005106396092796,-0.0005060625152625,-0.0006843063492063,-0.0006775263003663,-0.0005528075702075,-0.0005672489621489,-0.0005491142857142
-0.0005221217094017,-0.0005491572649572,-0.0004744444444444,0.0005333567277167,-2.4310549450549165e-05,-0.0005106396092796,-0.0005030139194139,-0.0006873476190476,-0.0006805509401709,-0.0005528075702075,-0.0005672489621489,-0.0005521316239316
-0.0005281929670329,-0.0005430893772893,-0.0004622793650793,0.0005333567277167,-3.342908424908396e-05,-0.000501521001221,-0.0005060625152625,-0.0006903888888888,-0.0006805509401709,-0.0005497865689865,-0.0005702663003663,-0.0005491142857142
-0.0005281929670329,-0.0005370214896214,-0.000459238095238,0.0005303264224664,-3.342908424908396e-05,-0.0004984814652014,-0.0005060625152625,-0.0006873476190476,-0.0006805509401709,-0.0005497865689865,-0.0005672489621489,-0.0005460969474969
-0.0005221217094017,-0.0005339875457875,-0.0004622793650793,0.0005272961172161,-3.0389572649572364e-05,-0.0004984814652014,-0.0005060625152625,-0.0006873476190476,-0.0006805509401709,-0.0005467655677655,-0.0005642316239316,-0.0005460969474969
-0.0005221217094017,-0.0005400554334554,-0.0004683619047619,0.0005303264224664,-2.735006105006077e-05,-0.0005045605372405,-0.0005060625152625,-0.0006903888888888,-0.0006775263003663,-0.0005497865689865,-0.0005672489621489,-0.0005460969474969
-0.0005251573382173,-0.0005461233211233,-0.0004683619047619,0.0005333567277167,-2.735006105006077e-05,-0.00050760007326,-0.0005060625152625,-0.0006903888888888,-0.0006775263003663,-0.0005497865689865,-0.0005642316239316,-0.0005430796092796
-0.0005281929670329,-0.0005491572649572,-0.0004714031746031,0.000536387032967,-2.735006105006077e-05,-0.0005106396092796,-0.0005060625152625,-0.0006873476190476,-0.0006805509401709,-0.0005467655677655,-0.0005642316239316,-0.0005430796092796
-0.0005221217094017,-0.0005491572649572,-0.0004744444444444,0.0005333567277167,-2.4310549450549165e-05,-0.0005106396092796,-0.0005091111111111,-0.0006903888888888,-0.0006805509401709,-0.0005467655677655,-0.0005612142857142,-0.0005460969474969
-0.000519086080586,-0.0005461233211233,-0.0004774857142857,0.0005303264224664,-2.1271037851037568e-05,-0.0005106396092796,-0.0005121597069597,-0.0006934301587301,-0.0006805509401709,-0.0005497865689865,-0.0005642316239316,-0.0005491142857142
-0.000519086080586,-0.0005400554334554,-0.0004714031746031,0.0005272961172161,-2.4310549450549165e-05,-0.0005045605372405,-0.0005121597069597,-0.0006964714285714,-0.0006835755799755,-0.0005497865689865,-0.0005672489621489,-0.0005491142857142
-0.0005281929670329,-0.0005400554334554,-0.0004653206349206,0.0005333567277167,-3.0389572649572364e-05,-0.000501521001221,-0.0005060625152625,-0.0006964714285714,-0.0006896248595848,-0.0005558285714285,-0.0005732836385836,-0.0005551489621489
-0.0005312285958485,-0.0005370214896214,-0.0004561968253968,0.0005333567277167,-3.6468595848595565e-05,-0.0004954419291819,-0.0004969167277167,-0.0006964714285714,-0.0006896248595848,-0.0005528075702075,-0.0005732836385836,-0.0005551489621489
-0.0005281929670329,-0.0005339875457875,-0.0004561968253968,0.0005303264224664,-3.6468595848595565e-05,-0.0004954419291819,-0.0004969167277167,-0.0006934301587301,-0.0006866002197802,-0.0005497865689865,-0.0005732836385836,-0.0005521316239316
-0.0005251573382173,-0.0005400554334554,-0.0004653206349206,0.0005303264224664,-3.0389572649572364e-05,-0.000501521001221,-0.0004999653235653,-0.0006903888888888,-0.0006835755799755,-0.0005467655677655,-0.0005672489621489,-0.0005491142857142
-0.0005251573382173,-0.0005430893772893,-0.0004774857142857,0.0005333567277167,-2.4310549450549165e-05,-0.0005106396092796,-0.0005030139194139,-0.0006934301587301,-0.0006835755799755,-0.0005497865689865,-0.0005642316239316,-0.0005491142857142
-0.0005281929670329,-0.0005400554334554,-0.0004653206349206,0.0005333567277167,-3.0389572649572364e-05,-0.000501521001221,-0.0004999653235653,-0.0006964714285714,-0.0006835755799755,-0.0005528075702075,-0.0005642316239316,-0.0005460969474969
-0.0005281929670329,-0.0005339875457875,-0.0004561968253968,0.0005303264224664,-3.6468595848595565e-05,-0.0004954419291819,-0.0004999653235653,-0.0006995126984126,-0.0006835755799755,-0.0005497865689865,-0.0005612142857142,-0.0005400622710622
-0.0005281929670329,-0.0005370214896214,-0.000459238095238,0.0005303264224664,-3.342908424908396e-05,-0.0004984814652014,-0.0005030139194139,-0.0006964714285714,-0.0006805509401709,-0.0005467655677655,-0.0005612142857142,-0.0005400622710622
-0.0005281929670329,-0.0005430893772893,-0.0004653206349206,0.0005333567277167,-3.0389572649572364e-05,-0.0005045605372405,-0.0005060625152625,-0.0006964714285714,-0.0006805509401709,-0.0005467655677655,-0.0005612142857142,-0.0005430796092796
-0.0005251573382173,-0.0005400554334554,-0.0004653206349206,0.0005303264224664,-3.0389572649572364e-05,-0.000501521001221,-0.0005060625152625,-0.0006995126984126,-0.0006866002197802,-0.0005497865689865,-0.0005642316239316,-0.0005491142857142
-0.0005251573382173,-0.0005370214896214,-0.0004653206349206,0.0005303264224664,-3.0389572649572364e-05,-0.000501521001221,-0.0005060625152625,-0.0006995126984126,-0.0006896248595848,-0.0005558285714285,-0.0005702663003663,-0.0005551489621489
-0.0005312285958485,-0.0005309536019536,-0.0004561968253968,0.0005303264224664,-3.6468595848595565e-05,-0.0004924023931623,-0.0005060625152625,-0.0007025539682539,-0.0006926494993894,-0.0005618705738705,-0.0005732836385836,-0.0005551489621489
-0.0005312285958485,-0.0005309536019536,-0.0004561968253968,0.0005303264224664,-3.6468595848595565e-05,-0.0004924023931623,-0.0005060625152625,-0.0007025539682539,-0.0006896248595848,-0.0005588495726495,-0.0005702663003663,-0.0005521316239316
-0.0005312285958485,-0.0005370214896214,-0.0004561968253968,0.0005333567277167,-3.6468595848595565e-05,-0.0004954419291819,-0.0005030139194139,-0.0006934301587301,-0.0006835755799755,-0.0005497865689865,-0.0005672489621489,-0.0005491142857142
-0.0005281929670329,-0.0005461233211233,-0.0004683619047619,0.000536387032967,-3.0389572649572364e-05,-0.00050760007326,-0.0004969167277167,-0.0006934301587301,-0.0006775263003663,-0.0005437445665445,-0.0005642316239316,-0.0005460969474969
-0.0005281929670329,-0.0005491572649572,-0.0004714031746031,0.000536387032967,-2.735006105006077e-05,-0.0005106396092796,-0.0004999653235653,-0.0006934301587301,-0.0006805509401709,-0.0005467655677655,-0.0005642316239316,-0.0005460969474969
-0.0005312285958485,-0.0005461233211233,-0.0004653206349206,0.000536387032967,-3.342908424908396e-05,-0.0005045605372405,-0.0004999653235653,-0.0006964714285714,-0.0006835755799755,-0.0005497865689865,-0.0005672489621489,-0.0005460969474969
-0.0005312285958485,-0.0005400554334554,-0.0004622793650793,0.0005333567277167,-3.342908424908396e-05,-0.000501521001221,-0.0005030139194139,-0.0006995126984126,-0.0006835755799755,-0.0005497865689865,-0.0005642316239316,-0.0005460969474969
-0.0005312285958485,-0.0005430893772893,-0.0004622793650793,0.000536387032967,-3.342908424908396e-05,-0.000501521001221,-0.0005091111111111,-0.0007025539682539,-0.0006866002197802,-0.0005497865689865,-0.0005642316239316,-0.0005430796092796
-0.0005251573382173,-0.0005370214896214,-0.0004622793650793,0.0005303264224664,-3.0389572649572364e-05,-0.0004984814652014,-0.0005091111111111,-0.0007025539682539,-0.0006896248595848,-0.0005528075702075,-0.0005672489621489,-0.0005460969474969
-0.0005251573382173,-0.0005309536019536,-0.0004531555555555,0.0005272961172161,-3.6468595848595565e-05,-0.0004924023931623,-0.0005091111111111,-0.0007055952380952,-0.0006896248595848,-0.0005558285714285,-0.0005642316239316,-0.0005491142857142
-0.0005221217094017,-0.0005339875457875,-0.000459238095238,0.0005272961172161,-3.0389572649572364e-05,-0.0004954419291819,-0.0005091111111111,-0.0007116777777777,-0.0006896248595848,-0.0005528075702075,-0.0005672489621489,-0.0005521316239316
-0.0005281929670329,-0.0005370214896214,-0.0004622793650793,0.0005303264224664,-3.342908424908396e-05,-0.0004984814652014,-0.0005060625152625,-0.0007055952380952,-0.0006866002197802,-0.0005528075702075,-0.0005672489621489,-0.0005491142857142
-0.0005342642246642,-0.0005370214896214,-0.0004561968253968,0.0005333567277167,-3.950810744810717e-05,-0.0004954419291819,-0.0005030139194139,-0.0006964714285714,-0.0006805509401709,-0.0005497865689865,-0.0005612142857142,-0.0005430796092796
-0.0005251573382173,-0.0005400554334554,-0.0004653206349206,0.0005303264224664,-3.0389572649572364e-05,-0.000501521001221,-0.0005060625152625,-0.0006964714285714,-0.0006805509401709,-0.0005467655677655,-0.0005642316239316,-0.0005460969474969
-0.0005312285958485,-0.0005430893772893,-0.0004653206349206,0.000536387032967,-3.342908424908396e-05,-0.0005045605372405,-0.0005060625152625,-0.0007025539682539,-0.0006835755799755,-0.0005497865689865,-0.0005672489621489,-0.0005491142857142
-0.0005342642246642,-0.0005461233211233,-0.0004622793650793,0.0005394173382173,-3.6468595848595565e-05,-0.0005045605372405,-0.0005060625152625,-0.0007055952380952,-0.0006866002197802,-0.0005497865689865,-0.0005642316239316,-0.0005491142857142
-0.0005312285958485,-0.0005430893772893,-0.0004622793650793,0.000536387032967,-3.342908424908396e-05,-0.000501521001221,-0.0005030139194139,-0.0007025539682539,-0.0006866002197802,-0.0005467655677655,-0.0005612142857142,-0.0005460969474969
-0.000519086080586,-0.0005339875457875,-0.0004653206349206,0.0005242658119658,-2.735006105006077e-05,-0.0004984814652014,-0.0005060625152625,-0.0007025539682539,-0.0006835755799755,-0.0005467655677655,-0.0005612142857142,-0.0005430796092796
-0.0005251573382173,-0.0005309536019536,-0.000459238095238,0.0005272961172161,-3.342908424908396e-05,-0.0004954419291819,-0.0005091111111111,-0.0007055952380952,-0.0006835755799755,-0.0005467655677655,-0.0005612142857142,-0.0005430796092796
-0.0005281929670329,-0.0005339875457875,-0.0004561968253968,0.0005303264224664,-3.6468595848595565e-05,-0.0004954419291819,-0.0005060625152625,-0.0007086365079365,-0.0006866002197802,-0.0005497865689865,-0.0005612142857142,-0.0005430796092796
-0.0005342642246642,-0.0005309536019536,-0.000447073015873,0.0005303264224664,-4.254761904761877e-05,-0.0004893628571428,-0.0005030139194139,-0.0007086365079365,-0.0006835755799755,-0.0005467655677655,-0.0005581969474969,-0.0005430796092796
-0.0005342642246642,-0.0005248857142857,-0.0004409904761904,0.0005272961172161,-4.558713064713037e-05,-0.0004832837851037,-0.0005030139194139,-0.0007086365079365,-0.0006835755799755,-0.0005467655677655,-0.0005581969474969,-0.0005430796092796
-0.0005342642246642,-0.0005248857142857,-0.0004409904761904,0.0005272961172161,-4.558713064713037e-05,-0.0004832837851037,-0.0005060625152625,-0.0007055952380952,-0.0006835755799755,-0.0005467655677655,-0.0005581969474969,-0.0005430796092796
-0.0005312285958485,-0.0005218517704517,-0.0004440317460317,0.0005242658119658,-4.254761904761877e-05,-0.0004832837851037,-0.0005060625152625,-0.0006995126984126,-0.0006775263003663,-0.0005437445665445,-0.0005551796092796,-0.0005370449328449
-0.0005281929670329,-0.0005309536019536,-0.0004531555555555,0.0005272961172161,-3.6468595848595565e-05,-0.0004924023931623,-0.0004969167277167,-0.0006964714285714,-0.0006745016605616,-0.0005407235653235,-0.0005551796092796,-0.0005370449328449
-0.0005221217094017,-0.0005218517704517,-0.0004501142857142,0.0005212355067155,-3.6468595848595565e-05,-0.0004863233211233,-0.0004908195360195,-0.0006934301587301,-0.0006684523809523,-0.0005377025641025,-0.0005491449328449,-0.0005310102564102
-0.000519086080586,-0.000506682051282,-0.0004409904761904,0.0005121445909645,-3.950810744810717e-05,-0.0004741651770451,-0.0004938681318681,-0.0006964714285714,-0.0006684523809523,-0.0005377025641025,-0.0005461275946275,-0.0005310102564102
-0.0005281929670329,-0.0005006141636141,-0.0004257841269841,0.0005121445909645,-5.166615384615356e-05,-0.000462007032967,-0.0004969167277167,-0.0006964714285714,-0.0006684523809523,-0.0005377025641025,-0.0005491449328449,-0.0005340275946275
-0.0005281929670329,-0.0004915123321123,-0.000413619047619,0.0005091142857142,-5.774517704517676e-05,-0.0004528884249084,-0.0004938681318681,-0.0006934301587301,-0.0006654277411477,-0.0005346815628815,-0.0005461275946275,-0.0005370449328449
-0.0005130148229548,-0.0004884783882783,-0.0004227428571428,0.0005000233699633,-4.558713064713037e-05,-0.0004559279609279,-0.0004908195360195,-0.0006873476190476,-0.0006563538217338,-0.0005316605616605,-0.0005461275946275,-0.0005370449328449
-0.0005008723076923,-0.0004733086691086,-0.0004227428571428,0.0004848718437118,-3.950810744810717e-05,-0.0004468093528693,-0.0004725279609279,-0.0006721412698412,-0.0006351813431013,-0.0005135345543345,-0.0005340582417582,-0.0005249755799755
-0.0004917654212454,-0.000452071062271,-0.0004075365079365,0.0004697203174603,-4.254761904761877e-05,-0.0004285721367521,-0.0004664307692307,-0.0006538936507936,-0.0006170335042735,-0.0004954085470085,-0.0005189715506715,-0.0005068715506715
-0.0004856941636141,-0.0004399352869352,-0.0003984126984126,0.0004606294017094,-4.254761904761877e-05,-0.0004194535286935,-0.0004725279609279,-0.0006478111111111,-0.0006170335042735,-0.0004923875457875,-0.0005129368742368,-0.0005038542124542
-0.0004856941636141,-0.0004338673992673,-0.0003984126984126,0.000457599096459,-4.254761904761877e-05,-0.0004164139926739,-0.0004786251526251,-0.0006447698412698,-0.0006140088644688,-0.0004893665445665,-0.0005069021978021,-0.0005008368742368
-0.0004887297924297,-0.0004247655677655,-0.0003892888888888,0.0004545687912087,-4.862664224664196e-05,-0.0004072953846153,-0.0004816737484737,-0.0006386873015873,-0.0006049349450549,-0.0004833245421245,-0.0005038848595848,-0.0004948021978021
-0.0004796229059829,-0.0004186976800976,-0.0003923301587301,0.0004485081807081,-4.254761904761877e-05,-0.0004042558485958,-0.0005060625152625,-0.0006538936507936,-0.0006109842246642,-0.0004863455433455,-0.0005038848595848,-0.0004978195360195
-0.0004796229059829,-0.0004308334554334,-0.0004044952380952,0.0004545687912087,-3.6468595848595565e-05,-0.0004164139926739,-0.0005365484737484,-0.0006751825396825,-0.000629132063492,-0.0004984295482295,-0.0005129368742368,-0.0005038542124542
-0.0004887297924297,-0.0004399352869352,-0.0004075365079365,0.0004636597069597,-3.950810744810717e-05,-0.000422493064713,-0.0005426456654456,-0.0006843063492063,-0.0006382059829059,-0.0005044715506715,-0.0005159542124542,-0.0005068715506715
-0.0004917654212454,-0.0004490371184371,-0.000413619047619,0.0004697203174603,-3.950810744810717e-05,-0.0004316116727716,-0.000539597069597,-0.0006873476190476,-0.0006442552625152,-0.0005105135531135,-0.0005219888888888,-0.0005068715506715
-0.0005008723076923,-0.0004733086691086,-0.0004257841269841,0.0004848718437118,-3.6468595848595565e-05,-0.0004498488888888,-0.000539597069597,-0.0006964714285714,-0.0006593784615384,-0.0005195765567765,-0.0005310409035409,-0.0005159235653235
-0.0005039079365079,-0.0004824105006105,-0.0004318666666666,0.0004909324542124,-3.6468595848595565e-05,-0.0004559279609279,-0.000539597069597,-0.0007025539682539,-0.0006684523809523,-0.0005256185592185,-0.0005340582417582,-0.0005189409035409
-0.0004917654212454,-0.0004733086691086,-0.0004318666666666,0.0004818415384615,-3.0389572649572364e-05,-0.0004528884249084,-0.000539597069597,-0.0006995126984126,-0.0006684523809523,-0.0005195765567765,-0.0005280235653235,-0.0005129062271062
-0.0004856941636141,-0.0004733086691086,-0.0004349079365079,0.0004788112332112,-2.4310549450549165e-05,-0.0004528884249084,-0.0005456942612942,-0.0007055952380952,-0.0006745016605616,-0.0005225975579975,-0.0005310409035409,-0.0005129062271062
-0.0004917654212454,-0.0004945462759462,-0.0004501142857142,0.0004909324542124,-2.1271037851037568e-05,-0.0004711256410256,-0.0005456942612942,-0.000714719047619,-0.0006896248595848,-0.0005407235653235,-0.0005461275946275,-0.0005279929181929
-0.0005039079365079,-0.0005188178266178,-0.0004653206349206,0.0005091142857142,-1.823152625152597e-05,-0.0004924023931623,-0.0005426456654456,-0.0007208015873015,-0.0006956741391941,-0.0005497865689865,-0.0005581969474969,-0.0005370449328449
-0.0005069435653235,-0.0005279196581196,-0.0004683619047619,0.0005151748962148,-1.823152625152597e-05,-0.0004984814652014,-0.0005365484737484,-0.0007208015873015,-0.0006956741391941,-0.0005497865689865,-0.0005612142857142,-0.0005400622710622
-0.0005221217094017,-0.0005279196581196,-0.0004622793650793,0.0005242658119658,-3.0389572649572364e-05,-0.0004954419291819,-0.0005365484737484,-0.0007208015873015,-0.0006956741391941,-0.0005467655677655,-0.0005581969474969,-0.0005400622710622
-0.0005342642246642,-0.0005309536019536,-0.000447073015873,0.0005303264224664,-4.254761904761877e-05,-0.0004893628571428,-0.0005334998778998,-0.0007208015873015,-0.0006896248595848,-0.0005437445665445,-0.0005551796092796,-0.0005340275946275
-0.0005464067399267,-0.0005400554334554,-0.0004440317460317,0.0005424476434676,-5.166615384615356e-05,-0.0004924023931623,-0.000524354090354,-0.0007238428571428,-0.0006926494993894,-0.0005467655677655,-0.0005551796092796,-0.0005370449328449
-0.0005524779975579,-0.0005552251526251,-0.0004501142857142,0.0005515385592185,-5.166615384615356e-05,-0.000501521001221,-0.000524354090354,-0.0007268841269841,-0.0007017234188034,-0.0005558285714285,-0.0005642316239316,-0.0005460969474969
-0.0005494423687423,-0.000558259096459,-0.000459238095238,0.0005515385592185,-4.558713064713037e-05,-0.00050760007326,-0.0005274026862026,-0.0007360079365079,-0.0007107973382173,-0.0005648915750915,-0.0005732836385836,-0.0005551489621489
-0.0005433711111111,-0.0005552251526251,-0.000459238095238,0.0005485082539682,-4.254761904761877e-05,-0.00050760007326,-0.0005274026862026,-0.0007390492063492,-0.0007107973382173,-0.0005679125763125,-0.0005732836385836,-0.0005551489621489
-0.0005403354822954,-0.0005491572649572,-0.0004561968253968,0.0005424476434676,-4.254761904761877e-05,-0.000501521001221,-0.0005304512820512,-0.0007360079365079,-0.0007107973382173,-0.0005679125763125,-0.0005732836385836,-0.0005521316239316
-0.0005433711111111,-0.0005461233211233,-0.0004561968253968,0.0005424476434676,-4.254761904761877e-05,-0.000501521001221,-0.0005334998778998,-0.0007390492063492,-0.0007107973382173,-0.0005709335775335,-0.0005763009768009,-0.0005581663003663
-0.0005433711111111,-0.0005521912087912,-0.000459238095238,0.0005454779487179,-4.254761904761877e-05,-0.0005045605372405,-0.0005334998778998,-0.0007390492063492,-0.0007077726984126,-0.0005709335775335,-0.0005793183150183,-0.0005611836385836
-0.0005403354822954,-0.0005491572649572,-0.000459238095238,0.0005424476434676,-3.950810744810717e-05,-0.0005045605372405,-0.0005304512820512,-0.0007329666666666,-0.0006986987789987,-0.0005618705738705,-0.0005732836385836,-0.0005551489621489
-0.0005433711111111,-0.0005491572649572,-0.0004561968253968,0.0005454779487179,-4.254761904761877e-05,-0.000501521001221,-0.0005274026862026,-0.0007268841269841,-0.0006896248595848,-0.0005528075702075,-0.0005612142857142,-0.0005460969474969
-0.0005403354822954,-0.0005400554334554,-0.0004501142857142,0.0005394173382173,-4.558713064713037e-05,-0.0004954419291819,-0.0005304512820512,-0.0007268841269841,-0.0006896248595848,-0.0005497865689865,-0.0005581969474969,-0.0005430796092796
-0.0005372998534798,-0.0005339875457875,-0.000447073015873,0.0005333567277167,-4.558713064713037e-05,-0.0004893628571428,-0.0005334998778998,-0.0007299253968253,-0.0006896248595848,-0.0005497865689865,-0.0005581969474969,-0.0005491142857142
-0.0005403354822954,-0.0005279196581196,-0.0004409904761904,0.0005333567277167,-4.862664224664196e-05,-0.0004832837851037,-0.0005365484737484,-0.0007329666666666,-0.0006896248595848,-0.0005497865689865,-0.0005581969474969,-0.0005521316239316
-0.0005372998534798,-0.0005309536019536,-0.000447073015873,0.0005333567277167,-4.558713064713037e-05,-0.0004893628571428,-0.0005365484737484,-0.0007329666666666,-0.0006896248595848,-0.0005497865689865,-0.0005642316239316,-0.0005551489621489
-0.0005312285958485,-0.0005309536019536,-0.0004531555555555,0.0005303264224664,-3.950810744810717e-05,-0.0004924023931623,-0.0005365484737484,-0.0007268841269841,-0.0006835755799755,-0.0005497865689865,-0.0005642316239316,-0.0005521316239316
-0.0005372998534798,-0.0005248857142857,-0.0004409904761904,0.0005303264224664,-4.862664224664196e-05,-0.0004832837851037,-0.0005334998778998,-0.0007025539682539,-0.0006563538217338,-0.0005377025641025,-0.0005612142857142,-0.0005551489621489
-0.0005494423687423,-0.0004945462759462,-0.0003953714285714,0.0005212355067155,-7.598224664224636e-05,-0.0004437698168498,-0.0005213054945054,-0.0006630174603174,-0.0005988856654456,-0.0005165555555555,-0.0005581969474969,-0.0005642009768009
-0.0005524779975579,-0.000400494017094,-0.000301092063492,0.0004757809279609,-0.0001246144322344,-0.0003495442002442,-0.0005213054945054,-0.0006082746031746,-0.0005111711111111,-0.0004561355311355,-0.0005189715506715,-0.0005400622710622
-0.0004826585347985,-0.0002396949938949,-0.0002098539682539,0.0003606293284493,-0.0001367724786324,-0.0002249232234432,-0.0005578886446886,-0.0004927063492063,-0.000369013040293,-0.0003171694749694,-0.000416382051282,-0.0004766981684981
-0.0003521264957264,-3.047374847374652e-06,-0.0001064507936507,0.0001757807081807,-0.0001215749206349,-5.470920634920638e-05,-0.0006402007326007,-0.0003801793650793,-0.0001633375335775,-6.944737484737535e-05,-0.000220255067155,-0.0003409179487179
-0.0002094519413919,0.0003458561660561,9.73142857142858e-05,-6.664371184371183e-05,-0.00015197003663,0.0002218885714285,-0.0008231164835164,-0.0005079126984126,3.326405372405365e-05,0.0002568207570207,9.354810744810728e-05,-8.142686202686261e-05
-5.159924297924326e-05,0.0007372349206349,0.000331492063492,-0.0003424014896214,-0.0001914836874236,0.0005349607814407,-0.001112733089133,-0.0008454936507936,0.0001451757264957,0.0006012148962148,0.000458646031746,0.0002504803418803
0.0001001821978021,0.0010618669108669,0.0005018031746031,-0.0005787652991452,-0.0002006022222222,0.0007811631990231,-0.001460273015873,-0.0012347761904761,0.0001058554090354,0.000867063003663,0.0007815012210012,0.0005673008547008
0.0001791085470085,0.0012105301587301,0.0005687111111111,-0.0006939168986568,-0.0001945231990231,0.0008905864957264,-0.0017346466422466,-0.001526738095238,-4.235194139194147e-05,0.000924462026862,0.0009323681318681,0.0007754971916971
0.0001062534554334,0.0008676945054945,0.0003010793650793,-0.0004848258363858,-9.725882783882755e-05,0.0005835933577533,-0.0017407438339438,-0.0016575126984126,-0.0003901855189255,0.0005438158730158,0.000681929059829,0.0006789423687423
-0.0001335612210012,0.0002305663003663,-0.0001003682539682,-4.846188034188032e-05,-1.5192014652014368e-05,6.383269841269837e-05,-0.0015181963369963,-0.0017822047619047,-0.0008953003663003,-9.663638583638636e-05,0.0001901029304029,0.0003711738705738
-0.0003794471550671,-9.406568986568964e-05,-0.0001703174603174,0.0002363868131868,-0.0001033378510378,-0.0001306976068376,-0.0013261347985347,-0.0019525158730158,-0.0012582571428571,-0.0005256185592185,-0.0001237002442002,0.0001659948717948
-0.0005160504517704,-0.0002761023199023,-0.0002159365079365,0.0003939626862026,-0.0001489305250305,-0.0002461999755799,-0.001173705006105,-0.0018673603174603,-0.0013459716971916,-0.0007098996336996,-0.0003198272283272,-1.2028083028083627e-05
-0.0005706917704517,-0.0004247655677655,-0.0003071746031746,0.000496993064713,-0.0001306934554334,-0.0003647418803418,-0.0010517611721611,-0.0016240587301587,-0.0012491832234432,-0.0007340676434676,-0.0004405207570207,-0.0001779816849816
-0.0005797986568986,-0.0004854444444444,-0.0003588761904761,0.0005303264224664,-0.0001094168742368,-0.000422493064713,-0.0009572547008547,-0.0013929222222222,-0.001116099072039,-0.0007038576312576,-0.0004978501831501,-0.0003016925518925
-0.0005646205128205,-0.000506682051282,-0.0003953714285714,0.0005333567277167,-8.510078144078116e-05,-0.0004498488888888,-0.000841408058608,-0.0011830746031746,-0.0009920888400488,-0.0006645846153846,-0.0005280235653235,-0.0003891953601953
-0.0005403354822954,-0.0005097159951159,-0.0004197015873015,0.0005242658119658,-6.078468864468836e-05,-0.0004650465689865,-0.0007042212454212,-0.0009732269841269,-0.0008771525274725,-0.0006192695970695,-0.0005461275946275,-0.0004555768009768
-0.0005221217094017,-0.0004854444444444,-0.0004105777777777,0.0005030536752136,-5.470566544566516e-05,-0.0004468093528693,-0.0005944717948717,-0.0008029158730158,-0.0007682654945054,-0.0005648915750915,-0.0005340582417582,-0.0004827328449328
-0.0005160504517704,-0.000455105006105,-0.0003923301587301,0.0004848718437118,-6.078468864468836e-05,-0.000422493064713,-0.0005365484737484,-0.0007086365079365,-0.0006896248595848,-0.0005165555555555,-0.0005129368742368,-0.0004797155067155
-0.0005130148229548,-0.0004429692307692,-0.0003832063492063,0.0004757809279609,-6.382420024419996e-05,-0.0004133744566544,-0.0005152083028083,-0.0006690999999999,-0.0006563538217338,-0.0005014505494505,-0.0005038848595848,-0.0004766981684981
-0.0005130148229548,-0.0004490371184371,-0.0003862476190476,0.0004788112332112,-6.382420024419996e-05,-0.0004164139926739,-0.0005060625152625,-0.0006538936507936,-0.0006503045421245,-0.0005074925518925,-0.0005129368742368,-0.0004917848595848
-0.0005130148229548,-0.0004642068376068,-0.0004014539682539,0.0004879021489621,-5.470566544566516e-05,-0.0004316116727716,-0.0004969167277167,-0.0006417285714285,-0.0006442552625152,-0.0005165555555555,-0.0005250062271062,-0.0005068715506715
-0.0005251573382173,-0.0004793765567765,-0.0004044952380952,0.0005000233699633,-6.078468864468836e-05,-0.0004407302808302,-0.0004786251526251,-0.0006234809523809,-0.0006382059829059,-0.0005135345543345,-0.0005310409035409,-0.0005159235653235
-0.0005281929670329,-0.0004793765567765,-0.0004014539682539,0.0005030536752136,-6.382420024419996e-05,-0.0004407302808302,-0.0004694793650793,-0.0006113158730158,-0.0006321567032967,-0.0005105135531135,-0.0005310409035409,-0.0005189409035409
-0.0005160504517704,-0.0004733086691086,-0.0004105777777777,0.0004939627594627,-5.166615384615356e-05,-0.0004407302808302,-0.0004725279609279,-0.000602192063492,-0.000629132063492,-0.0005105135531135,-0.0005340582417582,-0.0005219582417582
-0.0005160504517704,-0.0004733086691086,-0.0004075365079365,0.0004939627594627,-5.470566544566516e-05,-0.0004407302808302,-0.0004725279609279,-0.0005930682539682,-0.0006230827838827,-0.0005105135531135,-0.0005370755799755,-0.0005279929181929
-0.0005221217094017,-0.0004733086691086,-0.0004014539682539,0.000496993064713,-6.078468864468836e-05,-0.0004376907448107,-0.0004694793650793,-0.0005869857142857,-0.0006170335042735,-0.0005105135531135,-0.0005370755799755,-0.0005279929181929
-0.000519086080586,-0.0004733086691086,-0.0004044952380952,0.0004939627594627,-5.774517704517676e-05,-0.0004376907448107,-0.0004633821733821,-0.0005809031746031,-0.0006109842246642,-0.0005074925518925,-0.0005340582417582,-0.0005249755799755
-0.0005099791941391,-0.0004763426129426,-0.000413619047619,0.0004909324542124,-4.862664224664196e-05,-0.0004437698168498,-0.0004603335775335,-0.0005748206349206,-0.0006019103052503,-0.0005044715506715,-0.0005340582417582,-0.0005249755799755
-0.0005130148229548,-0.0004824105006105,-0.0004166603174603,0.000496993064713,-4.862664224664196e-05,-0.0004498488888888,-0.0004572849816849,-0.000568738095238,-0.0006019103052503,-0.0005044715506715,-0.0005340582417582,-0.0005249755799755
-0.0005221217094017,-0.0004793765567765,-0.0004105777777777,0.0005000233699633,-5.470566544566516e-05,-0.0004437698168498,-0.0004572849816849,-0.0005656968253968,-0.0005988856654456,-0.0005014505494505,-0.0005340582417582,-0.0005249755799755
-0.0005221217094017,-0.0004763426129426,-0.0004044952380952,0.000496993064713,-5.774517704517676e-05,-0.0004407302808302,-0.0004603335775335,-0.0005626555555555,-0.000595861025641,-0.0005044715506715,-0.0005370755799755,-0.0005279929181929
-0.0005251573382173,-0.0004763426129426,-0.0004014539682539,0.0005000233699633,-6.078468864468836e-05,-0.0004376907448107,-0.0004572849816849,-0.0005596142857142,-0.000595861025641,-0.0005044715506715,-0.0005400929181929,-0.0005310102564102
-0.0005221217094017,-0.0004763426129426,-0.0004044952380952,0.000496993064713,-5.774517704517676e-05,-0.0004407302808302,-0.0004603335775335,-0.0005596142857142,-0.000595861025641,-0.0005044715506715,-0.0005400929181929,-0.0005370449328449
-0.0005099791941391,-0.0004702747252747,-0.0004105777777777,0.0004879021489621,-4.862664224664196e-05,-0.0004407302808302,-0.0004603335775335,-0.0005504904761904,-0.0005928363858363,-0.0005074925518925,-0.0005400929181929,-0.0005370449328449
-0.0005130148229548,-0.0004642068376068,-0.0004075365079365,0.0004879021489621,-5.166615384615356e-05,-0.0004346512087912,-0.0004572849816849,-0.0005413666666666,-0.0005867871062271,-0.0005044715506715,-0.0005370755799755,-0.0005279929181929
-0.0005130148229548,-0.0004672407814407,-0.0004105777777777,0.0004879021489621,-5.166615384615356e-05,-0.0004376907448107,-0.0004542363858363,-0.0005352841269841,-0.0005807378266178,-0.0005014505494505,-0.0005340582417582,-0.0005310102564102
-0.0005069435653235,-0.0004763426129426,-0.0004257841269841,0.0004909324542124,-3.950810744810717e-05,-0.0004498488888888,-0.0004511877899877,-0.0005292015873015,-0.0005807378266178,-0.0004984295482295,-0.0005400929181929,-0.0005340275946275
-0.0005039079365079,-0.0004793765567765,-0.0004288253968253,0.0004909324542124,-3.6468595848595565e-05,-0.0004528884249084,-0.0004511877899877,-0.000523119047619,-0.0005777131868131,-0.0004984295482295,-0.0005400929181929,-0.0005370449328449
-0.0005039079365079,-0.0004702747252747,-0.0004197015873015,0.0004848718437118,-4.254761904761877e-05,-0.0004437698168498,-0.0004481391941391,-0.0005170365079365,-0.0005716639072039,-0.0004923875457875,-0.0005340582417582,-0.0005310102564102
-0.0005039079365079,-0.0004672407814407,-0.000413619047619,0.0004848718437118,-4.558713064713037e-05,-0.0004407302808302,-0.0004511877899877,-0.0005079126984126,-0.0005686392673992,-0.0004923875457875,-0.0005340582417582,-0.0005279929181929
-0.0005069435653235,-0.0004672407814407,-0.0004044952380952,0.0004848718437118,-5.166615384615356e-05,-0.0004346512087912,-0.0004481391941391,-0.0005048714285714,-0.0005686392673992,-0.0004954085470085,-0.0005400929181929,-0.0005340275946275
-0.0005039079365079,-0.0004642068376068,-0.0004075365079365,0.0004818415384615,-4.862664224664196e-05,-0.0004346512087912,-0.0004450905982905,-0.0004987888888888,-0.0005656146275946,-0.0004984295482295,-0.0005400929181929,-0.0005400622710622
-0.0005069435653235,-0.0004672407814407,-0.0004105777777777,0.0004848718437118,-4.862664224664196e-05,-0.0004376907448107,-0.000442042002442,-0.000489665079365,-0.0005625899877899,-0.0004954085470085,-0.0005431102564102,-0.0005400622710622
-0.0005008723076923,-0.0004763426129426,-0.0004257841269841,0.0004879021489621,-3.6468595848595565e-05,-0.0004498488888888,-0.000442042002442,-0.0004774999999999,-0.0005565407081807,-0.0004954085470085,-0.0005400929181929,-0.0005400622710622
-0.0004917654212454,-0.0004733086691086,-0.0004349079365079,0.0004818415384615,-2.735006105006077e-05,-0.0004528884249084,-0.0004450905982905,-0.0004683761904761,-0.000553516068376,-0.0004923875457875,-0.0005400929181929,-0.0005370449328449
-0.0004856941636141,-0.0004702747252747,-0.0004349079365079,0.0004757809279609,-2.4310549450549165e-05,-0.0004528884249084,-0.000442042002442,-0.0004592523809523,-0.0005474667887667,-0.0004863455433455,-0.0005370755799755,-0.0005340275946275
-0.0004978366788766,-0.0004702747252747,-0.0004227428571428,0.0004818415384615,-3.6468595848595565e-05,-0.0004468093528693,-0.0004328962148962,-0.0004410047619047,-0.0005414175091575,-0.0004803035409035,-0.0005310409035409,-0.0005310102564102
-0.0005039079365079,-0.0004672407814407,-0.000413619047619,0.0004848718437118,-4.558713064713037e-05,-0.0004407302808302,-0.0004298476190476,-0.0004318809523809,-0.0005353682295482,-0.0004772825396825,-0.0005280235653235,-0.0005310102564102
-0.000494801050061,-0.0004642068376068,-0.0004227428571428,0.0004788112332112,-3.6468595848595565e-05,-0.0004437698168498,-0.0004298476190476,-0.0004197158730158,-0.0005323435897435,-0.0004803035409035,-0.0005310409035409,-0.0005310102564102
-0.0004917654212454,-0.0004611728937728,-0.0004227428571428,0.0004757809279609,-3.342908424908396e-05,-0.0004407302808302,-0.000426799023199,-0.0004045095238095,-0.0005262943101343,-0.0004772825396825,-0.0005280235653235,-0.0005310102564102
-0.0004917654212454,-0.0004611728937728,-0.0004227428571428,0.0004757809279609,-3.342908424908396e-05,-0.0004407302808302,-0.0004237504273504,-0.0003923444444444,-0.0005232696703296,-0.0004742615384615,-0.0005280235653235,-0.0005310102564102
-0.0004826585347985,-0.0004672407814407,-0.0004349079365079,0.0004727506227106,-2.4310549450549165e-05,-0.0004498488888888,-0.0004207018315018,-0.0003832206349206,-0.0005172203907203,-0.0004742615384615,-0.0005310409035409,-0.0005400622710622
-0.0004765872771672,-0.0004611728937728,-0.0004349079365079,0.00046669001221,-2.1271037851037568e-05,-0.0004468093528693,-0.0004207018315018,-0.000364973015873,-0.0005111711111111,-0.0004712405372405,-0.0005310409035409,-0.0005370449328449
-0.0004765872771672,-0.000452071062271,-0.0004257841269841,0.0004636597069597,-2.4310549450549165e-05,-0.0004376907448107,-0.0004176532356532,-0.0003497666666666,-0.0004990725518925,-0.0004651985347985,-0.0005219888888888,-0.0005310102564102
-0.0004765872771672,-0.0004460031746031,-0.0004227428571428,0.0004606294017094,-2.735006105006077e-05,-0.0004346512087912,-0.0004176532356532,-0.0003284777777777,-0.0004899986324786,-0.0004591565323565,-0.0005189715506715,-0.0005249755799755
-0.0004735516483516,-0.0004490371184371,-0.0004257841269841,0.0004606294017094,-2.4310549450549165e-05,-0.0004376907448107,-0.0004146046398046,-0.0003071888888888,-0.0004869739926739,-0.0004561355311355,-0.0005189715506715,-0.0005279929181929
-0.0004735516483516,-0.0004429692307692,-0.0004227428571428,0.000457599096459,-2.4310549450549165e-05,-0.0004316116727716,-0.0004054588522588,-0.0002889412698412,-0.0004748754334554,-0.0004531145299145,-0.0005159542124542,-0.0005249755799755
-0.0004735516483516,-0.0004277995115995,-0.0004075365079365,0.0004485081807081,-3.342908424908396e-05,-0.0004164139926739,-0.0003993616605616,-0.0002646111111111,-0.0004627768742368,-0.0004440515262515,-0.0005069021978021,-0.0005129062271062
-0.0004644447619047,-0.0004186976800976,-0.0004075365079365,0.0004394172649572,-2.735006105006077e-05,-0.0004133744566544,-0.000396313064713,-0.0002402809523809,-0.0004567275946275,-0.0004410305250305,-0.0005008675213675,-0.0005098888888888
-0.0004462309890109,-0.0004126297924297,-0.0004166603174603,0.000427296043956,-1.5192014652014368e-05,-0.0004133744566544,-0.000396313064713,-0.0002129095238095,-0.0004506783150183,-0.0004380095238095,-0.0005008675213675,-0.0005098888888888
-0.0004401597313797,-0.0004035279609279,-0.0004166603174603,0.0004212354334554,-1.2152503052502767e-05,-0.0004103349206349,-0.0003932644688644,-0.0001916206349206,-0.000444629035409,-0.0004349885225885,-0.0005008675213675,-0.0005129062271062
-0.0004462309890109,-0.0003883582417582,-0.0003953714285714,0.0004151748229548,-2.4310549450549165e-05,-0.0003920977045177,-0.0003841186813186,-0.0001672904761904,-0.0004295058363858,-0.0004259255189255,-0.0004948328449328,-0.0005008368742368
-0.0004523022466422,-0.0003701545787545,-0.0003710412698412,0.0004091142124542,-3.950810744810717e-05,-0.0003708209523809,-0.0003780214896214,-0.0001460015873015,-0.0004174072771672,-0.0004168625152625,-0.0004827634920634,-0.0004857501831501
-0.0004462309890109,-0.0003580188034188,-0.0003649587301587,0.0004000232967032,-3.950810744810717e-05,-0.0003617023443223,-0.0003780214896214,-0.0001247126984126,-0.0004083333577533,-0.0004108205128205,-0.0004737114774114,-0.0004797155067155
-0.0004280172161172,-0.000342849084249,-0.0003679999999999,0.0003848717704517,-3.0389572649572364e-05,-0.0003556232722832,-0.0003749728937728,-0.0001034238095238,-0.0003962347985347,-0.0004017575091575,-0.0004646594627594,-0.0004706634920634
-0.0004158747008547,-0.0003276793650793,-0.0003649587301587,0.0003697202442002,-2.4310549450549165e-05,-0.0003465046642246,-0.0003749728937728,-7.605238095238064e-05,-0.0003841362393162,-0.0003896735042735,-0.0004525901098901,-0.0004555768009768
-0.0004158747008547,-0.0003125096459096,-0.0003527936507936,0.0003636596336996,-3.0389572649572364e-05,-0.0003313069841269,-0.0003719242979242,-5.78047619047616e-05,-0.0003750623199023,-0.0003775894993894,-0.0004405207570207,-0.0004435074481074
-0.0004189103296703,-0.0002973399267399,-0.0003315047619047,0.000357599023199,-4.254761904761877e-05,-0.0003130697680097,-0.0003688757020757,-4.259841269841239e-05,-0.0003629637606837,-0.0003655054945054,-0.0004224167277167,-0.0004284207570207
-0.000412839072039,-0.0002730683760683,-0.0003132571428571,0.0003424474969474,-4.862664224664196e-05,-0.000291793015873,-0.0003688757020757,-3.043333333333303e-05,-0.0003538898412698,-0.0003504004884004,-0.0004043126984126,-0.0004103167277167
-0.0003976609279609,-0.0002578986568986,-0.0003102158730158,0.0003272959706959,-4.254761904761877e-05,-0.0002826744078144,-0.0003749728937728,-2.435079365079335e-05,-0.0003478405616605,-0.0003443584859584,-0.0003952606837606,-0.0003982473748473
-0.0003915896703296,-0.0002427289377289,-0.0003041333333333,0.0003151747496947,-4.254761904761877e-05,-0.0002735557997557,-0.00038107008547,-2.130952380952351e-05,-0.0003448159218559,-0.0003383164835164,-0.000389226007326,-0.0003922126984126
-0.0003976609279609,-0.0002275592185592,-0.0002828444444444,0.0003121444444444,-5.774517704517676e-05,-0.0002553185836385,-0.0003780214896214,-2.435079365079335e-05,-0.0003387666422466,-0.0003292534798534,-0.0003771566544566,-0.000377126007326
-0.000388554041514,-0.0002063216117216,-0.0002706793650793,0.0002969929181929,-5.774517704517676e-05,-0.0002370813675213,-0.0003841186813186,-3.3474603174602874e-05,-0.000335742002442,-0.0003201904761904,-0.0003650873015873,-0.0003590219780219
-0.0003824827838827,-0.000185084004884,-0.000255473015873,0.0002818413919413,-6.382420024419996e-05,-0.0002188441514041,-0.0003932644688644,-4.563968253968224e-05,-0.000335742002442,-0.0003141484737484,-0.0003530179487179,-0.0003409179487179
-0.0003824827838827,-0.0001699142857142,-0.0002433079365079,0.0002757807814407,-6.990322344322315e-05,-0.000206686007326,-0.0004024102564102,-6.692857142857113e-05,-0.0003417912820512,-0.0003111274725274,-0.0003439659340659,-0.0003288485958485
-0.0003764115262515,-0.0001608124542124,-0.0002372253968253,0.0002666898656898,-6.990322344322315e-05,-0.0001975673992673,-0.0004146046398046,-0.0001034238095238,-0.0003538898412698,-0.0003171694749694,-0.0003409485958485,-0.0003258312576312
-0.0003824827838827,-0.0001517106227106,-0.0002250603174603,0.0002666898656898,-7.902175824175796e-05,-0.0001884487912087,-0.0004237504273504,-0.0001460015873015,-0.0003629637606837,-0.0003201904761904,-0.0003409485958485,-0.0003228139194139
-0.0003946252991452,-0.0001517106227106,-0.0002159365079365,0.0002727504761904,-8.814029304029276e-05,-0.0001823697191697,-0.0004298476190476,-0.0001885793650793,-0.0003750623199023,-0.0003232114774114,-0.0003409485958485,-0.0003167792429792
-0.0004006965567765,-0.0001638463980463,-0.0002159365079365,0.0002818413919413,-9.117980463980436e-05,-0.0001884487912087,-0.000442042002442,-0.0002372396825396,-0.0003901855189255,-0.0003292534798534,-0.0003409485958485,-0.0003197965811965
-0.0004037321855921,-0.0001729482295482,-0.0002250603174603,0.000287902002442,-8.814029304029276e-05,-0.0001975673992673,-0.0004542363858363,-0.0002919825396825,-0.0004083333577533,-0.0003383164835164,-0.0003439659340659,-0.0003197965811965
-0.0004189103296703,-0.000185084004884,-0.0002189777777777,0.0003000232234432,-0.0001002983394383,-0.0002006069352869,-0.0004633821733821,-0.0003406428571428,-0.0004234565567765,-0.0003443584859584,-0.0003530179487179,-0.0003258312576312
-0.0004310528449328,-0.0002063216117216,-0.0002281015873015,0.000318205054945,-0.0001002983394383,-0.0002158046153846,-0.0004694793650793,-0.0003893031746031,-0.0004476536752136,-0.0003624844932844,-0.0003711219780219,-0.0003439352869352
-0.0004371241025641,-0.0002305931623931,-0.0002493904761904,0.0003333565811965,-9.421931623931596e-05,-0.0002401209035409,-0.0004725279609279,-0.0004318809523809,-0.0004688261538461,-0.0003836315018315,-0.000389226007326,-0.0003680739926739
-0.0004492666178266,-0.0002609326007326,-0.0002645968253968,0.0003545687179487,-9.117980463980436e-05,-0.0002613976556776,-0.0004786251526251,-0.0004653349206349,-0.0004869739926739,-0.0003896735042735,-0.0004012953601953,-0.0003801433455433
-0.0004614091330891,-0.0002943059829059,-0.0002858857142857,0.0003757808547008,-8.814029304029276e-05,-0.0002887534798534,-0.0004816737484737,-0.0005018301587301,-0.0005051218315018,-0.0004047785103785,-0.000416382051282,-0.0003982473748473
-0.0004765872771672,-0.0003337472527472,-0.0003102158730158,0.0004030536019536,-8.206126984126955e-05,-0.0003221883760683,-0.0004816737484737,-0.0005322428571428,-0.0005232696703296,-0.0004229045177045,-0.0004375034188034,-0.000422386080586
-0.0004887297924297,-0.0003610527472527,-0.0003254222222222,0.0004242657387057,-8.206126984126955e-05,-0.0003434651282051,-0.0004816737484737,-0.0005656968253968,-0.0005444421489621,-0.0004410305250305,-0.0004556074481074,-0.0004435074481074
-0.0004887297924297,-0.0003853242979242,-0.0003467111111111,0.0004363869597069,-6.990322344322315e-05,-0.0003647418803418,-0.0004847223443223,-0.0005961095238095,-0.0005686392673992,-0.0004621775335775,-0.0004797461538461,-0.0004646288156288
-0.0004917654212454,-0.0004065619047619,-0.0003679999999999,0.0004485081807081,-6.078468864468836e-05,-0.0003860186324786,-0.0004877709401709,-0.0006234809523809,-0.0005898117460317,-0.0004833245421245,-0.0004978501831501,-0.0004857501831501
-0.0005008723076923,-0.0004308334554334,-0.0003832063492063,0.0004636597069597,-5.774517704517676e-05,-0.0004072953846153,-0.0004877709401709,-0.0006417285714285,-0.0006109842246642,-0.0004984295482295,-0.0005159542124542,-0.0005038542124542
-0.0005099791941391,-0.000452071062271,-0.0003923301587301,0.0004788112332112,-5.774517704517676e-05,-0.000422493064713,-0.0004847223443223,-0.0006569349206349,-0.0006200581440781,-0.0005105135531135,-0.0005250062271062,-0.0005159235653235
-0.000519086080586,-0.0004733086691086,-0.0004075365079365,0.0004939627594627,-5.470566544566516e-05,-0.0004407302808302,-0.0004786251526251,-0.0006690999999999,-0.0006261074236874,-0.0005165555555555,-0.0005340582417582,-0.0005249755799755
-0.000519086080586,-0.0004884783882783,-0.0004227428571428,0.0005030536752136,-4.862664224664196e-05,-0.0004559279609279,-0.0004786251526251,-0.0006782238095238,-0.0006382059829059,-0.0005195765567765,-0.0005431102564102,-0.0005340275946275
-0.0005221217094017,-0.0004915123321123,-0.0004227428571428,0.0005060839804639,-4.862664224664196e-05,-0.0004559279609279,-0.0004786251526251,-0.0006843063492063,-0.0006412306227106,-0.0005225975579975,-0.0005431102564102,-0.0005340275946275
-0.0005312285958485,-0.0004975802197802,-0.0004166603174603,0.0005121445909645,-5.774517704517676e-05,-0.0004559279609279,-0.0004816737484737,-0.0006903888888888,-0.0006442552625152,-0.0005256185592185,-0.0005431102564102,-0.0005370449328449
-0.0005403354822954,-0.0005127499389499,-0.0004197015873015,0.0005242658119658,-6.078468864468836e-05,-0.0004650465689865,-0.0004786251526251,-0.0006964714285714,-0.0006503045421245,-0.0005316605616605,-0.0005521622710622,-0.0005430796092796
-0.0005433711111111,-0.0005188178266178,-0.0004288253968253,0.0005303264224664,-5.774517704517676e-05,-0.0004741651770451,-0.0004755765567765,-0.0007025539682539,-0.0006593784615384,-0.0005346815628815,-0.0005581969474969,-0.0005491142857142
-0.0005433711111111,-0.0005157838827838,-0.0004257841269841,0.0005272961172161,-5.774517704517676e-05,-0.0004711256410256,-0.0004725279609279,-0.0007025539682539,-0.0006563538217338,-0.0005407235653235,-0.0005581969474969,-0.0005521316239316
-0.0005433711111111,-0.0005218517704517,-0.0004288253968253,0.0005303264224664,-5.774517704517676e-05,-0.0004741651770451,-0.0004725279609279,-0.0007025539682539,-0.0006593784615384,-0.0005407235653235,-0.0005612142857142,-0.0005551489621489
-0.0005342642246642,-0.0005279196581196,-0.000447073015873,0.0005303264224664,-4.254761904761877e-05,-0.0004863233211233,-0.0004755765567765,-0.0007055952380952,-0.0006654277411477,-0.0005497865689865,-0.0005702663003663,-0.0005611836385836
-0.0005342642246642,-0.0005339875457875,-0.0004531555555555,0.0005333567277167,-3.950810744810717e-05,-0.0004924023931623,-0.0004755765567765,-0.0007086365079365,-0.0006654277411477,-0.0005558285714285,-0.0005732836385836,-0.0005672183150183
-0.0005433711111111,-0.0005339875457875,-0.0004409904761904,0.000536387032967,-5.166615384615356e-05,-0.0004863233211233,-0.0004694793650793,-0.0007055952380952,-0.0006684523809523,-0.0005558285714285,-0.0005763009768009,-0.0005672183150183
-0.0005403354822954,-0.0005309536019536,-0.0004379492063492,0.0005333567277167,-5.166615384615356e-05,-0.0004832837851037,-0.0004694793650793,-0.0007055952380952,-0.0006654277411477,-0.0005588495726495,-0.0005763009768009,-0.0005702356532356
-0.0005403354822954,-0.0005309536019536,-0.0004379492063492,0.0005333567277167,-5.166615384615356e-05,-0.0004832837851037,-0.0004725279609279,-0.0007086365079365,-0.0006684523809523,-0.0005588495726495,-0.0005763009768009,-0.0005732529914529
-0.0005403354822954,-0.0005370214896214,-0.0004501142857142,0.000536387032967,-4.558713064713037e-05,-0.0004924023931623,-0.0004694793650793,-0.0007025539682539,-0.0006684523809523,-0.0005588495726495,-0.0005793183150183,-0.0005732529914529
-0.0005433711111111,-0.0005491572649572,-0.0004531555555555,0.0005454779487179,-4.558713064713037e-05,-0.000501521001221,-0.0004664307692307,-0.0006964714285714,-0.0006654277411477,-0.0005558285714285,-0.0005793183150183,-0.0005732529914529
-0.0005433711111111,-0.0005552251526251,-0.0004561968253968,0.0005485082539682,-4.254761904761877e-05,-0.0005045605372405,-0.0004603335775335,-0.0006934301587301,-0.0006624031013431,-0.0005588495726495,-0.0005793183150183,-0.0005732529914529
-0.0005403354822954,-0.0005552251526251,-0.0004622793650793,0.0005454779487179,-3.950810744810717e-05,-0.00050760007326,-0.0004572849816849,-0.0006934301587301,-0.0006624031013431,-0.0005618705738705,-0.0005853529914529,-0.0005792876678876
-0.0005403354822954,-0.0005521912087912,-0.0004622793650793,0.0005454779487179,-3.950810744810717e-05,-0.00050760007326,-0.0004572849816849,-0.0006903888888888,-0.0006624031013431,-0.0005618705738705,-0.0005883703296703,-0.000582305006105
-0.0005494423687423,-0.0005552251526251,-0.0004561968253968,0.0005515385592185,-4.558713064713037e-05,-0.0005045605372405,-0.0004542363858363,-0.0006903888888888,-0.0006593784615384,-0.0005618705738705,-0.0005883703296703,-0.000582305006105
-0.0005524779975579,-0.000558259096459,-0.0004561968253968,0.0005545688644688,-4.862664224664196e-05,-0.00050760007326,-0.0004542363858363,-0.0006903888888888,-0.0006624031013431,-0.0005648915750915,-0.0005913876678876,-0.0005853223443223
-0.0005464067399267,-0.0005521912087912,-0.000459238095238,0.0005485082539682,-4.254761904761877e-05,-0.0005045605372405,-0.0004542363858363,-0.0006873476190476,-0.0006654277411477,-0.0005648915750915,-0.000594405006105,-0.0005853223443223
-0.0005433711111111,-0.0005461233211233,-0.0004501142857142,0.0005424476434676,-4.558713064713037e-05,-0.0004984814652014,-0.0004572849816849,-0.000681265079365,-0.0006624031013431,-0.0005648915750915,-0.0005883703296703,-0.0005853223443223
-0.0005494423687423,-0.0005430893772893,-0.0004409904761904,0.0005454779487179,-5.470566544566516e-05,-0.0004924023931623,-0.0004542363858363,-0.0006721412698412,-0.0006533291819291,-0.0005618705738705,-0.0005853529914529,-0.0005792876678876
-0.0005494423687423,-0.0005430893772893,-0.0004440317460317,0.0005454779487179,-5.166615384615356e-05,-0.0004924023931623,-0.0004511877899877,-0.0006660587301587,-0.0006472799023199,-0.0005558285714285,-0.0005823356532356,-0.0005792876678876
-0.0005403354822954,-0.0005521912087912,-0.000459238095238,0.0005454779487179,-3.950810744810717e-05,-0.0005045605372405,-0.0004481391941391,-0.0006660587301587,-0.0006503045421245,-0.0005588495726495,-0.0005853529914529,-0.0005853223443223
-0.0005372998534798,-0.0005521912087912,-0.0004653206349206,0.0005424476434676,-3.6468595848595565e-05,-0.00050760007326,-0.0004511877899877,-0.0006630174603174,-0.0006503045421245,-0.0005618705738705,-0.0005853529914529,-0.0005853223443223
-0.0005372998534798,-0.0005491572649572,-0.000459238095238,0.0005424476434676,-3.950810744810717e-05,-0.0005045605372405,-0.0004542363858363,-0.0006599761904761,-0.0006472799023199,-0.0005618705738705,-0.0005883703296703,-0.0005853223443223
-0.0005372998534798,-0.0005430893772893,-0.0004531555555555,0.0005394173382173,-4.254761904761877e-05,-0.0004984814652014,-0.0004603335775335,-0.0006569349206349,-0.0006472799023199,-0.0005558285714285,-0.0005823356532356,-0.0005762703296703
-0.0005372998534798,-0.0005400554334554,-0.0004501142857142,0.000536387032967,-4.254761904761877e-05,-0.0004954419291819,-0.0004603335775335,-0.0006538936507936,-0.0006442552625152,-0.0005497865689865,-0.0005763009768009,-0.0005732529914529
-0.0005312285958485,-0.0005461233211233,-0.000459238095238,0.000536387032967,-3.6468595848595565e-05,-0.000501521001221,-0.0004603335775335,-0.0006569349206349,-0.0006472799023199,-0.0005558285714285,-0.0005853529914529,-0.000582305006105
-0.0005342642246642,-0.0005400554334554,-0.0004501142857142,0.000536387032967,-4.254761904761877e-05,-0.0004954419291819,-0.0004603335775335,-0.0006569349206349,-0.0006442552625152,-0.0005528075702075,-0.0005823356532356,-0.0005792876678876
-0.0005433711111111,-0.0005279196581196,-0.0004379492063492,0.0005333567277167,-5.166615384615356e-05,-0.0004832837851037,-0.0004572849816849,-0.0006569349206349,-0.0006382059829059,-0.0005467655677655,-0.0005732836385836,-0.0005702356532356
-0.0005372998534798,-0.0005248857142857,-0.0004409904761904,0.0005303264224664,-4.862664224664196e-05,-0.0004832837851037,-0.0004633821733821,-0.0006599761904761,-0.0006382059829059,-0.0005437445665445,-0.0005732836385836,-0.0005702356532356
-0.0005342642246642,-0.0005218517704517,-0.0004409904761904,0.0005272961172161,-4.558713064713037e-05,-0.0004802442490842,-0.0004664307692307,-0.0006538936507936,-0.0006321567032967,-0.0005407235653235,-0.0005672489621489,-0.0005672183150183
-0.0005403354822954,-0.0005218517704517,-0.0004379492063492,0.0005303264224664,-5.166615384615356e-05,-0.0004802442490842,-0.0004664307692307,-0.0006508523809523,-0.0006321567032967,-0.0005346815628815,-0.0005642316239316,-0.0005611836385836
-0.0005433711111111,-0.0005218517704517,-0.0004349079365079,0.0005303264224664,-5.470566544566516e-05,-0.0004772047130647,-0.0004664307692307,-0.0006538936507936,-0.0006321567032967,-0.0005346815628815,-0.0005612142857142,-0.0005611836385836
-0.0005342642246642,-0.0005157838827838,-0.0004379492063492,0.0005242658119658,-4.862664224664196e-05,-0.0004772047130647,-0.0004725279609279,-0.0006599761904761,-0.0006351813431013,-0.0005346815628815,-0.0005612142857142,-0.0005611836385836
-0.0005281929670329,-0.0005127499389499,-0.0004318666666666,0.0005182052014652,-4.862664224664196e-05,-0.0004711256410256,-0.0004755765567765,-0.0006630174603174,-0.0006321567032967,-0.0005316605616605,-0.0005581969474969,-0.0005581663003663
-0.0005251573382173,-0.0005127499389499,-0.0004349079365079,0.0005182052014652,-4.558713064713037e-05,-0.0004741651770451,-0.0004816737484737,-0.0006630174603174,-0.0006321567032967,-0.0005286395604395,-0.0005551796092796,-0.0005581663003663
-0.0005221217094017,-0.000506682051282,-0.0004349079365079,0.0005121445909645,-4.254761904761877e-05,-0.0004711256410256,-0.0004816737484737,-0.0006569349206349,-0.0006321567032967,-0.0005256185592185,-0.0005521622710622,-0.0005551489621489
-0.000519086080586,-0.0004975802197802,-0.0004288253968253,0.0005060839804639,-4.558713064713037e-05,-0.000462007032967,-0.0004847223443223,-0.0006569349206349,-0.0006321567032967,-0.0005256185592185,-0.0005491449328449,-0.0005521316239316
-0.000519086080586,-0.0004915123321123,-0.0004227428571428,0.0005030536752136,-4.862664224664196e-05,-0.0004559279609279,-0.0004847223443223,-0.0006630174603174,-0.0006321567032967,-0.0005256185592185,-0.0005491449328449,-0.0005521316239316
-0.000519086080586,-0.0004945462759462,-0.0004227428571428,0.0005060839804639,-4.862664224664196e-05,-0.0004589674969474,-0.0004847223443223,-0.0006630174603174,-0.0006321567032967,-0.0005225975579975,-0.0005491449328449,-0.0005551489621489
-0.000519086080586,-0.0005006141636141,-0.0004318666666666,0.0005091142857142,-4.254761904761877e-05,-0.0004650465689865,-0.0004908195360195,-0.0006660587301587,-0.0006321567032967,-0.0005225975579975,-0.0005521622710622,-0.0005551489621489
-0.0005221217094017,-0.0005036481074481,-0.0004349079365079,0.0005121445909645,-4.254761904761877e-05,-0.0004680861050061,-0.0004908195360195,-0.0006660587301587,-0.0006351813431013,-0.0005225975579975,-0.0005491449328449,-0.0005551489621489
-0.0005221217094017,-0.0005006141636141,-0.0004288253968253,0.0005091142857142,-4.558713064713037e-05,-0.0004650465689865,-0.0004908195360195,-0.0006690999999999,-0.0006351813431013,-0.0005195765567765,-0.0005461275946275,-0.0005491142857142
-0.0005160504517704,-0.0004945462759462,-0.0004257841269841,0.0005030536752136,-4.558713064713037e-05,-0.0004589674969474,-0.0004877709401709,-0.0006660587301587,-0.0006351813431013,-0.0005165555555555,-0.0005370755799755,-0.0005460969474969
-0.000519086080586,-0.0004945462759462,-0.0004227428571428,0.0005060839804639,-4.862664224664196e-05,-0.0004589674969474,-0.0004847223443223,-0.0006660587301587,-0.0006351813431013,-0.0005165555555555,-0.0005370755799755,-0.0005460969474969
-0.000519086080586,-0.0004975802197802,-0.0004257841269841,0.0005060839804639,-4.558713064713037e-05,-0.000462007032967,-0.0004877709401709,-0.0006721412698412,-0.0006382059829059,-0.0005225975579975,-0.0005431102564102,-0.0005521316239316
-0.0005251573382173,-0.0005006141636141,-0.0004257841269841,0.0005121445909645,-4.862664224664196e-05,-0.000462007032967,-0.0004908195360195,-0.0006782238095238,-0.0006442552625152,-0.0005256185592185,-0.0005491449328449,-0.0005581663003663
-0.0005251573382173,-0.0004945462759462,-0.0004257841269841,0.0005091142857142,-4.862664224664196e-05,-0.0004589674969474,-0.0004969167277167,-0.000681265079365,-0.0006442552625152,-0.0005256185592185,-0.0005491449328449,-0.0005581663003663
-0.0005251573382173,-0.0004915123321123,-0.0004197015873015,0.0005060839804639,-5.166615384615356e-05,-0.0004559279609279,-0.0004969167277167,-0.000681265079365,-0.0006412306227106,-0.0005225975579975,-0.0005461275946275,-0.0005521316239316
-0.0005312285958485,-0.0005006141636141,-0.0004227428571428,0.0005151748962148,-5.470566544566516e-05,-0.000462007032967,-0.0004969167277167,-0.0006843063492063,-0.0006412306227106,-0.0005225975579975,-0.0005461275946275,-0.0005491142857142
-0.0005281929670329,-0.0005006141636141,-0.0004227428571428,0.0005121445909645,-5.166615384615356e-05,-0.000462007032967,-0.0005030139194139,-0.0006903888888888,-0.0006442552625152,-0.0005256185592185,-0.0005461275946275,-0.0005491142857142
-0.0005281929670329,-0.0005036481074481,-0.0004227428571428,0.0005151748962148,-5.166615384615356e-05,-0.000462007032967,-0.0005030139194139,-0.0006964714285714,-0.0006472799023199,-0.0005256185592185,-0.0005461275946275,-0.0005491142857142
-0.0005372998534798,-0.000506682051282,-0.0004197015873015,0.0005212355067155,-5.774517704517676e-05,-0.000462007032967,-0.0004969167277167,-0.0006964714285714,-0.0006472799023199,-0.0005256185592185,-0.0005461275946275,-0.0005491142857142
-0.0005433711111111,-0.0005097159951159,-0.0004197015873015,0.0005242658119658,-6.078468864468836e-05,-0.0004650465689865,-0.0004938681318681,-0.0006873476190476,-0.0006442552625152,-0.0005225975579975,-0.0005431102564102,-0.0005491142857142
-0.0005342642246642,-0.000506682051282,-0.0004257841269841,0.0005182052014652,-5.470566544566516e-05,-0.0004650465689865,-0.0004999653235653,-0.0006873476190476,-0.0006442552625152,-0.0005195765567765,-0.0005400929181929,-0.0005460969474969
-0.0005281929670329,-0.0005036481074481,-0.0004288253968253,0.0005151748962148,-4.862664224664196e-05,-0.0004650465689865,-0.0005030139194139,-0.0006934301587301,-0.0006472799023199,-0.0005195765567765,-0.0005400929181929,-0.0005491142857142
-0.0005372998534798,-0.000506682051282,-0.0004227428571428,0.0005212355067155,-5.774517704517676e-05,-0.0004650465689865,-0.0005030139194139,-0.0006964714285714,-0.0006472799023199,-0.0005225975579975,-0.0005431102564102,-0.0005521316239316
-0.0005494423687423,-0.0005097159951159,-0.0004105777777777,0.0005272961172161,-6.990322344322315e-05,-0.0004589674969474,-0.0004999653235653,-0.0006995126984126,-0.0006472799023199,-0.0005225975579975,-0.0005431102564102,-0.0005521316239316
-0.0005372998534798,-0.0005097159951159,-0.0004257841269841,0.0005212355067155,-5.470566544566516e-05,-0.0004680861050061,-0.0005030139194139,-0.0007055952380952,-0.0006563538217338,-0.0005286395604395,-0.0005491449328449,-0.0005551489621489
-0.0005251573382173,-0.0005097159951159,-0.0004379492063492,0.0005151748962148,-4.254761904761877e-05,-0.0004741651770451,-0.0005091111111111,-0.0007055952380952,-0.0006593784615384,-0.0005316605616605,-0.0005491449328449,-0.0005551489621489
-0.0005281929670329,-0.0005127499389499,-0.0004349079365079,0.0005182052014652,-4.558713064713037e-05,-0.0004741651770451,-0.0005060625152625,-0.0007025539682539,-0.0006563538217338,-0.0005286395604395,-0.0005461275946275,-0.0005551489621489
-0.0005403354822954,-0.0005127499389499,-0.0004227428571428,0.0005242658119658,-5.774517704517676e-05,-0.0004680861050061,-0.0005030139194139,-0.0007025539682539,-0.0006533291819291,-0.0005256185592185,-0.0005461275946275,-0.0005551489621489
-0.0005433711111111,-0.0005157838827838,-0.0004257841269841,0.0005272961172161,-5.774517704517676e-05,-0.0004711256410256,-0.0004999653235653,-0.0007055952380952,-0.0006563538217338,-0.0005286395604395,-0.0005491449328449,-0.0005551489621489
-0.0005464067399267,-0.0005127499389499,-0.0004197015873015,0.0005272961172161,-6.382420024419996e-05,-0.0004650465689865,-0.0004969167277167,-0.0007086365079365,-0.0006533291819291,-0.0005256185592185,-0.0005491449328449,-0.0005551489621489
-0.0005433711111111,-0.0005097159951159,-0.000413619047619,0.0005242658119658,-6.382420024419996e-05,-0.000462007032967,-0.0004969167277167,-0.0007055952380952,-0.0006503045421245,-0.0005256185592185,-0.0005431102564102,-0.0005491142857142
-0.0005494423687423,-0.0005006141636141,-0.0004075365079365,0.0005242658119658,-6.990322344322315e-05,-0.0004528884249084,-0.0004969167277167,-0.0007055952380952,-0.0006503045421245,-0.0005256185592185,-0.0005400929181929,-0.0005460969474969
-0.0005464067399267,-0.0005006141636141,-0.0004075365079365,0.0005212355067155,-6.990322344322315e-05,-0.0004528884249084,-0.0004999653235653,-0.0007086365079365,-0.0006563538217338,-0.0005286395604395,-0.0005461275946275,-0.0005521316239316
-0.0005403354822954,-0.0005036481074481,-0.000413619047619,0.0005212355067155,-6.382420024419996e-05,-0.0004589674969474,-0.0005030139194139,-0.0007086365079365,-0.0006593784615384,-0.0005286395604395,-0.0005491449328449,-0.0005551489621489
-0.0005403354822954,-0.000506682051282,-0.0004166603174603,0.0005212355067155,-6.078468864468836e-05,-0.000462007032967,-0.0004999653235653,-0.0007086365079365,-0.0006563538217338,-0.0005286395604395,-0.0005491449328449,-0.0005521316239316
-0.0005433711111111,-0.0005127499389499,-0.0004197015873015,0.0005272961172161,-6.078468864468836e-05,-0.0004650465689865,-0.0004938681318681,-0.0007055952380952,-0.0006533291819291,-0.0005256185592185,-0.0005461275946275,-0.0005521316239316
-0.0005494423687423,-0.0005188178266178,-0.0004227428571428,0.0005333567277167,-6.382420024419996e-05,-0.0004711256410256,-0.0004938681318681,-0.0007025539682539,-0.0006533291819291,-0.0005225975579975,-0.0005431102564102,-0.0005491142857142
-0.0005433711111111,-0.0005218517704517,-0.0004318666666666,0.0005303264224664,-5.470566544566516e-05,-0.0004772047130647,-0.0004969167277167,-0.0007086365079365,-0.0006563538217338,-0.0005225975579975,-0.0005461275946275,-0.0005521316239316
-0.0005342642246642,-0.0005188178266178,-0.0004318666666666,0.0005242658119658,-5.166615384615356e-05,-0.0004741651770451,-0.0004969167277167,-0.0007055952380952,-0.0006563538217338,-0.0005256185592185,-0.0005491449328449,-0.0005551489621489
-0.0005403354822954,-0.0005188178266178,-0.0004288253968253,0.0005272961172161,-5.470566544566516e-05,-0.0004741651770451,-0.0004969167277167,-0.0007055952380952,-0.0006563538217338,-0.0005256185592185,-0.0005491449328449,-0.0005551489621489
-0.0005494423687423,-0.0005157838827838,-0.0004197015873015,0.0005303264224664,-6.382420024419996e-05,-0.0004680861050061,-0.0004969167277167,-0.0007086365079365,-0.0006533291819291,-0.0005225975579975,-0.0005461275946275,-0.0005521316239316
-0.0005494423687423,-0.0005127499389499,-0.0004166603174603,0.0005303264224664,-6.686371184371155e-05,-0.0004650465689865,-0.0004938681318681,-0.0007055952380952,-0.0006503045421245,-0.0005225975579975,-0.0005431102564102,-0.0005491142857142
-0.0005494423687423,-0.0005127499389499,-0.0004166603174603,0.0005303264224664,-6.686371184371155e-05,-0.0004650465689865,-0.0004969167277167,-0.0007086365079365,-0.0006533291819291,-0.0005256185592185,-0.0005461275946275,-0.0005521316239316
-0.0005433711111111,-0.0005157838827838,-0.0004257841269841,0.0005272961172161,-5.774517704517676e-05,-0.0004711256410256,-0.0004999653235653,-0.0007116777777777,-0.0006593784615384,-0.0005316605616605,-0.0005521622710622,-0.0005581663003663
-0.0005403354822954,-0.0005097159951159,-0.0004257841269841,0.0005242658119658,-5.774517704517676e-05,-0.0004680861050061,-0.0004999653235653,-0.0007116777777777,-0.0006624031013431,-0.0005316605616605,-0.0005521622710622,-0.0005581663003663
-0.0005464067399267,-0.0005036481074481,-0.0004105777777777,0.0005242658119658,-6.686371184371155e-05,-0.0004559279609279,-0.0004999653235653,-0.0007116777777777,-0.0006563538217338,-0.0005286395604395,-0.0005461275946275,-0.0005521316239316
-0.0005464067399267,-0.000506682051282,-0.000413619047619,0.0005242658119658,-6.686371184371155e-05,-0.0004589674969474,-0.0004999653235653,-0.0007116777777777,-0.0006533291819291,-0.0005256185592185,-0.0005461275946275,-0.0005551489621489
-0.0005494423687423,-0.0005188178266178,-0.0004197015873015,0.0005333567277167,-6.382420024419996e-05,-0.0004680861050061,-0.0004999653235653,-0.0007086365079365,-0.0006503045421245,-0.0005286395604395,-0.0005491449328449,-0.0005581663003663
-0.0005585492551892,-0.0005248857142857,-0.0004166603174603,0.0005394173382173,-6.990322344322315e-05,-0.0004711256410256,-0.0004938681318681,-0.0007055952380952,-0.0006442552625152,-0.0005286395604395,-0.0005521622710622,-0.0005581663003663
-0.0005494423687423,-0.0005218517704517,-0.0004197015873015,0.0005333567277167,-6.382420024419996e-05,-0.0004711256410256,-0.0004908195360195,-0.0007055952380952,-0.0006412306227106,-0.0005256185592185,-0.0005491449328449,-0.0005551489621489
-0.0005433711111111,-0.0005157838827838,-0.0004227428571428,0.0005272961172161,-6.078468864468836e-05,-0.0004680861050061,-0.0004938681318681,-0.0007086365079365,-0.0006382059829059,-0.0005225975579975,-0.0005461275946275,-0.0005521316239316
-0.0005403354822954,-0.0005188178266178,-0.0004257841269841,0.0005272961172161,-5.774517704517676e-05,-0.0004711256410256,-0.0004969167277167,-0.0007086365079365,-0.0006412306227106,-0.0005256185592185,-0.0005461275946275,-0.0005521316239316
-0.0005433711111111,-0.0005188178266178,-0.0004257841269841,0.0005303264224664,-5.774517704517676e-05,-0.0004711256410256,-0.0004969167277167,-0.0007086365079365,-0.0006412306227106,-0.0005286395604395,-0.0005461275946275,-0.0005551489621489
-0.0005464067399267,-0.0005188178266178,-0.0004257841269841,0.0005303264224664,-6.078468864468836e-05,-0.0004711256410256,-0.0004938681318681,-0.0007086365079365,-0.0006442552625152,-0.0005316605616605,-0.0005521622710622,-0.0005581663003663
-0.0005433711111111,-0.0005157838827838,-0.0004288253968253,0.0005272961172161,-5.774517704517676e-05,-0.0004711256410256,-0.0004908195360195,-0.0007116777777777,-0.0006472799023199,-0.0005346815628815,-0.0005551796092796,-0.0005642009768009
-0.0005372998534798,-0.0005127499389499,-0.0004288253968253,0.0005242658119658,-5.470566544566516e-05,-0.0004711256410256,-0.0004908195360195,-0.0007086365079365,-0.0006412306227106,-0.0005316605616605,-0.0005551796092796,-0.0005611836385836
-0.0005403354822954,-0.0005157838827838,-0.0004288253968253,0.0005272961172161,-5.470566544566516e-05,-0.0004711256410256,-0.0004938681318681,-0.0007116777777777,-0.0006382059829059,-0.0005286395604395,-0.0005521622710622,-0.0005581663003663
-0.0005494423687423,-0.0005188178266178,-0.0004227428571428,0.0005333567277167,-6.382420024419996e-05,-0.0004711256410256,-0.0004908195360195,-0.000714719047619,-0.0006382059829059,-0.0005256185592185,-0.0005491449328449,-0.0005551489621489
-0.0005585492551892,-0.0005188178266178,-0.0004105777777777,0.000536387032967,-7.294273504273476e-05,-0.0004650465689865,-0.0004877709401709,-0.000714719047619,-0.0006351813431013,-0.0005225975579975,-0.0005461275946275,-0.0005521316239316
-0.0005524779975579,-0.0005157838827838,-0.000413619047619,0.0005333567277167,-6.990322344322315e-05,-0.0004650465689865,-0.0004908195360195,-0.000714719047619,-0.0006351813431013,-0.0005286395604395,-0.0005461275946275,-0.0005521316239316
-0.0005464067399267,-0.0005188178266178,-0.0004227428571428,0.0005303264224664,-6.078468864468836e-05,-0.0004711256410256,-0.0004938681318681,-0.0007177603174603,-0.0006382059829059,-0.0005286395604395,-0.0005491449328449,-0.0005581663003663
-0.0005433711111111,-0.0005218517704517,-0.0004288253968253,0.0005303264224664,-5.774517704517676e-05,-0.0004741651770451,-0.0004969167277167,-0.000714719047619,-0.0006412306227106,-0.0005256185592185,-0.0005491449328449,-0.0005611836385836
-0.0005464067399267,-0.0005188178266178,-0.0004227428571428,0.0005303264224664,-6.078468864468836e-05,-0.0004711256410256,-0.0004938681318681,-0.0007116777777777,-0.0006412306227106,-0.0005256185592185,-0.0005491449328449,-0.0005611836385836
-0.0005585492551892,-0.0005157838827838,-0.0004075365079365,0.000536387032967,-7.598224664224636e-05,-0.000462007032967,-0.0004877709401709,-0.0007086365079365,-0.0006351813431013,-0.0005225975579975,-0.0005461275946275,-0.0005551489621489
-0.0005585492551892,-0.0005127499389499,-0.0004044952380952,0.0005333567277167,-7.598224664224636e-05,-0.0004589674969474,-0.0004847223443223,-0.0007086365079365,-0.0006321567032967,-0.0005225975579975,-0.0005461275946275,-0.0005521316239316
-0.0005524779975579,-0.0005097159951159,-0.0004075365079365,0.0005303264224664,-7.294273504273476e-05,-0.0004589674969474,-0.0004877709401709,-0.0007116777777777,-0.0006321567032967,-0.0005195765567765,-0.0005431102564102,-0.0005521316239316
-0.0005433711111111,-0.0005097159951159,-0.0004197015873015,0.0005242658119658,-6.078468864468836e-05,-0.0004650465689865,-0.0004908195360195,-0.0007086365079365,-0.0006351813431013,-0.0005195765567765,-0.0005431102564102,-0.0005521316239316
-0.0005403354822954,-0.0005127499389499,-0.0004288253968253,0.0005242658119658,-5.470566544566516e-05,-0.0004711256410256,-0.0004877709401709,-0.0007086365079365,-0.0006351813431013,-0.0005225975579975,-0.0005461275946275,-0.0005551489621489
-0.0005372998534798,-0.000506682051282,-0.0004197015873015,0.0005212355067155,-5.774517704517676e-05,-0.000462007032967,-0.0004816737484737,-0.0007025539682539,-0.0006321567032967,-0.0005195765567765,-0.0005431102564102,-0.0005551489621489
-0.0005372998534798,-0.0004915123321123,-0.0004044952380952,0.0005121445909645,-6.686371184371155e-05,-0.0004468093528693,-0.0004755765567765,-0.0006964714285714,-0.0006261074236874,-0.0005135345543345,-0.0005400929181929,-0.0005491142857142
-0.0005312285958485,-0.0004854444444444,-0.0004044952380952,0.0005060839804639,-6.382420024419996e-05,-0.0004437698168498,-0.0004755765567765,-0.0006964714285714,-0.0006230827838827,-0.0005105135531135,-0.0005370755799755,-0.0005521316239316
-0.000519086080586,-0.0004793765567765,-0.0004075365079365,0.000496993064713,-5.470566544566516e-05,-0.0004437698168498,-0.0004755765567765,-0.0006934301587301,-0.0006230827838827,-0.0005074925518925,-0.0005340582417582,-0.0005491142857142
-0.0005160504517704,-0.0004642068376068,-0.0003984126984126,0.0004879021489621,-5.774517704517676e-05,-0.0004316116727716,-0.0004664307692307,-0.000681265079365,-0.0006109842246642,-0.0004984295482295,-0.0005250062271062,-0.0005400622710622
-0.0005160504517704,-0.0004369013431013,-0.0003740825396825,0.0004757809279609,-6.990322344322315e-05,-0.0004042558485958,-0.0004481391941391,-0.0006660587301587,-0.0005867871062271,-0.0004772825396825,-0.0005069021978021,-0.0005249755799755
-0.0005130148229548,-0.0004217316239316,-0.0003619174603174,0.00046669001221,-7.598224664224636e-05,-0.0003920977045177,-0.0004389934065934,-0.0006538936507936,-0.0005716639072039,-0.0004651985347985,-0.0004948328449328,-0.0005129062271062
-0.0004978366788766,-0.0004095958485958,-0.0003679999999999,0.0004515384859584,-6.382420024419996e-05,-0.0003890581684981,-0.0004481391941391,-0.0006478111111111,-0.0005686392673992,-0.0004621775335775,-0.0004918155067155,-0.0005098888888888
-0.0004887297924297,-0.0004065619047619,-0.0003740825396825,0.0004454778754578,-5.774517704517676e-05,-0.0003890581684981,-0.0004572849816849,-0.0006447698412698,-0.0005716639072039,-0.0004621775335775,-0.0004918155067155,-0.0005129062271062
-0.0004856941636141,-0.0004035279609279,-0.0003679999999999,0.0004424475702075,-5.774517704517676e-05,-0.0003860186324786,-0.0004694793650793,-0.0006447698412698,-0.0005656146275946,-0.0004591565323565,-0.0004887981684981,-0.0005068715506715
-0.000494801050061,-0.0004126297924297,-0.0003710412698412,0.0004515384859584,-6.078468864468836e-05,-0.0003920977045177,-0.0004938681318681,-0.0006599761904761,-0.0005716639072039,-0.0004621775335775,-0.0004948328449328,-0.0005098888888888
-0.0004978366788766,-0.0004308334554334,-0.0003862476190476,0.0004636597069597,-5.470566544566516e-05,-0.0004072953846153,-0.0005182568986568,-0.000681265079365,-0.0005898117460317,-0.0004742615384615,-0.0005038848595848,-0.0005189409035409
-0.000494801050061,-0.0004369013431013,-0.0003892888888888,0.0004636597069597,-5.166615384615356e-05,-0.0004133744566544,-0.0005213054945054,-0.0006873476190476,-0.000595861025641,-0.0004803035409035,-0.0005069021978021,-0.0005189409035409
-0.0005039079365079,-0.0004460031746031,-0.0003953714285714,0.0004727506227106,-5.470566544566516e-05,-0.0004194535286935,-0.0005213054945054,-0.0006995126984126,-0.0006079595848595,-0.0004893665445665,-0.0005099195360195,-0.0005219582417582
-0.0005099791941391,-0.0004672407814407,-0.0004075365079365,0.0004879021489621,-5.166615384615356e-05,-0.0004376907448107,-0.0005213054945054,-0.0007086365079365,-0.0006261074236874,-0.0005014505494505,-0.0005250062271062,-0.0005340275946275
-0.0005039079365079,-0.0004763426129426,-0.0004197015873015,0.0004879021489621,-4.254761904761877e-05,-0.0004468093528693,-0.0005213054945054,-0.0007116777777777,-0.000629132063492,-0.0005074925518925,-0.0005310409035409,-0.0005400622710622
-0.000494801050061,-0.0004672407814407,-0.0004257841269841,0.0004788112332112,-3.342908424908396e-05,-0.0004468093528693,-0.0005274026862026,-0.000714719047619,-0.000629132063492,-0.0005105135531135,-0.0005280235653235,-0.0005340275946275
-0.000494801050061,-0.0004733086691086,-0.0004349079365079,0.0004818415384615,-3.0389572649572364e-05,-0.0004528884249084,-0.0005304512820512,-0.000714719047619,-0.0006351813431013,-0.0005135345543345,-0.0005310409035409,-0.0005400622710622
-0.0005099791941391,-0.0004975802197802,-0.0004409904761904,0.0005030536752136,-3.342908424908396e-05,-0.0004680861050061,-0.000524354090354,-0.0007208015873015,-0.0006472799023199,-0.0005256185592185,-0.0005461275946275,-0.0005491142857142
-0.0005221217094017,-0.0005127499389499,-0.0004440317460317,0.0005151748962148,-3.950810744810717e-05,-0.0004772047130647,-0.0005213054945054,-0.0007299253968253,-0.0006563538217338,-0.0005346815628815,-0.0005491449328449,-0.0005551489621489
-0.0005281929670329,-0.0005127499389499,-0.0004379492063492,0.0005182052014652,-4.558713064713037e-05,-0.0004741651770451,-0.0005182568986568,-0.0007329666666666,-0.0006563538217338,-0.0005346815628815,-0.0005521622710622,-0.0005581663003663
-0.0005372998534798,-0.0005157838827838,-0.0004288253968253,0.0005242658119658,-5.470566544566516e-05,-0.0004711256410256,-0.0005152083028083,-0.0007360079365079,-0.0006563538217338,-0.0005346815628815,-0.0005491449328449,-0.0005551489621489
-0.0005494423687423,-0.0005188178266178,-0.0004227428571428,0.0005333567277167,-6.382420024419996e-05,-0.0004711256410256,-0.0005121597069597,-0.0007360079365079,-0.0006533291819291,-0.0005316605616605,-0.0005521622710622,-0.0005551489621489
-0.0005555136263736,-0.0005309536019536,-0.0004227428571428,0.0005424476434676,-6.686371184371155e-05,-0.0004772047130647,-0.0005091111111111,-0.0007390492063492,-0.0006533291819291,-0.0005346815628815,-0.0005521622710622,-0.0005551489621489
-0.0005615848840048,-0.0005430893772893,-0.0004288253968253,0.0005515385592185,-6.686371184371155e-05,-0.0004863233211233,-0.0005060625152625,-0.0007420904761904,-0.0006593784615384,-0.0005407235653235,-0.0005581969474969,-0.0005642009768009
-0.0005646205128205,-0.0005491572649572,-0.0004349079365079,0.0005545688644688,-6.382420024419996e-05,-0.0004924023931623,-0.0005121597069597,-0.0007451317460317,-0.0006684523809523,-0.0005467655677655,-0.0005642316239316,-0.0005732529914529
-0.0005555136263736,-0.0005430893772893,-0.0004379492063492,0.0005485082539682,-5.774517704517676e-05,-0.0004893628571428,-0.0005152083028083,-0.0007451317460317,-0.0006745016605616,-0.0005528075702075,-0.0005702663003663,-0.0005732529914529
-0.0005524779975579,-0.0005370214896214,-0.0004318666666666,0.0005424476434676,-6.078468864468836e-05,-0.0004832837851037,-0.0005152083028083,-0.000748173015873,-0.000671477020757,-0.0005497865689865,-0.0005672489621489,-0.0005732529914529
-0.0005555136263736,-0.0005339875457875,-0.0004288253968253,0.0005424476434676,-6.382420024419996e-05,-0.0004802442490842,-0.0005152083028083,-0.000748173015873,-0.0006684523809523,-0.0005467655677655,-0.0005642316239316,-0.0005732529914529
-0.0005585492551892,-0.0005370214896214,-0.0004257841269841,0.0005454779487179,-6.686371184371155e-05,-0.0004802442490842,-0.0005121597069597,-0.0007451317460317,-0.0006654277411477,-0.0005437445665445,-0.0005642316239316,-0.0005732529914529
-0.0005555136263736,-0.0005430893772893,-0.0004349079365079,0.0005485082539682,-6.078468864468836e-05,-0.0004893628571428,-0.0005091111111111,-0.0007390492063492,-0.0006593784615384,-0.0005437445665445,-0.0005642316239316,-0.0005732529914529
-0.0005494423687423,-0.0005400554334554,-0.0004409904761904,0.0005424476434676,-5.470566544566516e-05,-0.0004893628571428,-0.0005121597069597,-0.0007390492063492,-0.0006563538217338,-0.0005377025641025,-0.0005581969474969,-0.0005672183150183
-0.0005494423687423,-0.0005339875457875,-0.0004349079365079,0.0005394173382173,-5.774517704517676e-05,-0.0004832837851037,-0.0005121597069597,-0.0007329666666666,-0.0006472799023199,-0.0005316605616605,-0.0005521622710622,-0.0005611836385836
-0.0005555136263736,-0.0005279196581196,-0.0004257841269841,0.0005394173382173,-6.382420024419996e-05,-0.0004772047130647,-0.0005152083028083,-0.0007329666666666,-0.0006412306227106,-0.0005256185592185,-0.0005491449328449,-0.0005581663003663
-0.0005615848840048,-0.0005279196581196,-0.000413619047619,0.0005424476434676,-7.294273504273476e-05,-0.0004711256410256,-0.0005182568986568,-0.0007329666666666,-0.0006412306227106,-0.0005256185592185,-0.0005461275946275,-0.0005581663003663
-0.0005585492551892,-0.0005188178266178,-0.0004105777777777,0.000536387032967,-7.294273504273476e-05,-0.0004650465689865,-0.0005213054945054,-0.0007390492063492,-0.0006442552625152,-0.0005256185592185,-0.0005461275946275,-0.0005611836385836
-0.0005524779975579,-0.0005127499389499,-0.000413619047619,0.0005303264224664,-6.990322344322315e-05,-0.000462007032967,-0.0005274026862026,-0.0007390492063492,-0.0006382059829059,-0.0005256185592185,-0.0005491449328449,-0.0005611836385836
-0.0005464067399267,-0.0004975802197802,-0.0004044952380952,0.0005212355067155,-6.990322344322315e-05,-0.0004498488888888,-0.000524354090354,-0.0007025539682539,-0.0005988856654456,-0.0005074925518925,-0.0005461275946275,-0.0005672183150183
-0.0005494423687423,-0.0004460031746031,-0.0003467111111111,0.000496993064713,-0.0001002983394383,-0.0003951372405372,-0.0005152083028083,-0.0006508523809523,-0.0005232696703296,-0.0004682195360195,-0.0005280235653235,-0.0005642009768009
-0.0005251573382173,-0.0003216114774114,-0.0002493904761904,0.0004212354334554,-0.0001367724786324,-0.0002857139438339,-0.0005213054945054,-0.0005596142857142,-0.000402284078144,-0.0003715474969474,-0.0004586247863247,-0.0005219582417582
-0.0004431953601953,-0.0001365409035409,-0.0001490285714285,0.000287902002442,-0.000145891013431,-0.0001428557509157,-0.0005670344322344,-0.0004318809523809,-0.0002268549694749,-0.0001933084249084,-0.0003288792429792,-0.0004374727716727
-0.0003096276923076,0.0001152764346764,-3.0419047619047524e-05,9.699277167277173e-05,-0.0001398119902319,4.255594627594624e-05,-0.000667638095238,-0.0004045095238095,-3.6302661782661866e-05,5.441367521367469e-05,-0.0001176655677655,-0.0002805711843711
-0.0001517749938949,0.0004763157509157,0.0001703047619047,-0.0001605831746031,-0.0001610885714285,0.0003221932600732,-0.0008932341880341,-0.0006508523809523,0.0001119046886446,0.0003565137973137,0.0001931202686202,-5.993406593407194e-06
1.2148962148961872e-05,0.0008191514041514,0.0003466984126984,-0.0004151288156288,-0.0001671675946275,0.0005835933577533,-0.0012346769230769,-0.0010553412698412,0.0001330771672771,0.0006374669108669,0.0005250274725274,0.0003078097680097
0.000142681001221,0.0010740026862026,0.0004683492063492,-0.000606038046398,-0.0001610885714285,0.0007720445909645,-0.0015913626373626,-0.0014324587301587,4.2337973137973054e-05,0.0008308109890109,0.0007905532356532,0.0005944568986568
0.0002094648351648,0.0010891724053724,0.0004166476190476,-0.0006484623199023,-0.0001033378510378,0.0007538073748473,-0.0018169587301587,-0.0016666365079365,-0.0001633375335775,0.0007613279609279,0.0008267612942612,0.0007181677655677
0.0001032178266178,0.0005825037851037,2.128253968253977e-05,-0.0003424014896214,3.9519194139194425e-05,0.0003009165079365,-0.001746841025641,-0.0017730809523809,-0.0006049349450549,0.0002447367521367,0.0004435593406593,0.0005039367521367
-0.0001730243956043,2.7292063492063687e-05,-0.0002524317460317,7.27503296703297e-05,3.9519194139194425e-05,-0.0001124603907203,-0.0015212449328449,-0.0019525158730158,-0.0010798033943833,-0.0003262324786324,9.062637362637209e-06,0.0002233242979242
-0.0004158747008547,-0.0002184573870573,-0.0002524317460317,0.0003151747496947,-8.206126984126955e-05,-0.0002340418315018,-0.0013230862026862,-0.0020376714285714,-0.0013157252991452,-0.0006343746031746,-0.0002323244200244,5.435335775335715e-05
-0.0005372998534798,-0.0003944261294261,-0.0003102158730158,0.0004636597069597,-0.0001124563858363,-0.0003525837362637,-0.0011645592185592,-0.0018460714285714,-0.0013006021001221,-0.0007401096459096,-0.000389226007326,-0.0001176349206349
-0.000576763028083,-0.0004763426129426,-0.0003527936507936,0.0005242658119658,-0.0001124563858363,-0.0004133744566544,-0.0010487125763125,-0.0015784396825396,-0.0011614686691086,-0.0007189626373626,-0.0004676768009768,-0.0002564324786324
-0.000576763028083,-0.0004854444444444,-0.0003679999999999,0.0005303264224664,-0.0001033378510378,-0.0004255326007326,-0.0009115257631257,-0.001322973015873,-0.001007212039072,-0.0006585426129426,-0.0004948328449328,-0.0003499699633699
-0.0005676561416361,-0.0004945462759462,-0.000380165079365,0.0005303264224664,-9.421931623931596e-05,-0.0004376907448107,-0.0007621445665445,-0.0010827126984126,-0.0008741278876678,-0.0006071855921855,-0.0005099195360195,-0.0004163514041514
-0.0005524779975579,-0.0004854444444444,-0.0003862476190476,0.0005182052014652,-8.206126984126955e-05,-0.0004346512087912,-0.0006310549450549,-0.0008789476190476,-0.0007591915750915,-0.0005588495726495,-0.0005129368742368,-0.0004646288156288
-0.0005251573382173,-0.000452071062271,-0.000380165079365,0.0004879021489621,-7.294273504273476e-05,-0.0004164139926739,-0.00055484004884,-0.0007512142857142,-0.0006745016605616,-0.0005165555555555,-0.0005038848595848,-0.0004857501831501
-0.000519086080586,-0.0004308334554334,-0.0003619174603174,0.0004727506227106,-7.902175824175796e-05,-0.0003951372405372,-0.0005152083028083,-0.0006903888888888,-0.0006230827838827,-0.0004923875457875,-0.0004948328449328,-0.0004917848595848
-0.0005312285958485,-0.0004399352869352,-0.0003619174603174,0.0004848718437118,-8.510078144078116e-05,-0.0004012163125763,-0.0004938681318681,-0.0006660587301587,-0.0006109842246642,-0.0004893665445665,-0.0005038848595848,-0.0005008368742368
-0.0005342642246642,-0.0004581389499389,-0.0003710412698412,0.0004939627594627,-8.206126984126955e-05,-0.0004133744566544,-0.0004847223443223,-0.0006478111111111,-0.0006079595848595,-0.0004984295482295,-0.0005189715506715,-0.0005159235653235
-0.0005372998534798,-0.0004672407814407,-0.0003832063492063,0.0005000233699633,-7.598224664224636e-05,-0.0004255326007326,-0.0004725279609279,-0.0006295634920634,-0.0005988856654456,-0.0004984295482295,-0.0005219888888888,-0.0005279929181929
-0.0005403354822954,-0.0004733086691086,-0.0003862476190476,0.0005060839804639,-7.598224664224636e-05,-0.0004285721367521,-0.0004633821733821,-0.0006204396825396,-0.0005928363858363,-0.0004984295482295,-0.0005280235653235,-0.0005340275946275
-0.0005403354822954,-0.0004763426129426,-0.0003862476190476,0.0005060839804639,-7.598224664224636e-05,-0.0004316116727716,-0.0004542363858363,-0.0006082746031746,-0.0005867871062271,-0.0004984295482295,-0.0005280235653235,-0.0005400622710622
-0.0005403354822954,-0.0004763426129426,-0.0003862476190476,0.0005060839804639,-7.598224664224636e-05,-0.0004316116727716,-0.0004481391941391,-0.0005991507936507,-0.0005807378266178,-0.0004954085470085,-0.0005280235653235,-0.0005400622710622
-0.0005342642246642,-0.0004733086691086,-0.0003892888888888,0.0005030536752136,-7.294273504273476e-05,-0.0004316116727716,-0.0004481391941391,-0.0005900269841269,-0.0005777131868131,-0.0004954085470085,-0.0005280235653235,-0.0005430796092796
-0.0005281929670329,-0.0004733086691086,-0.0003953714285714,0.0005000233699633,-6.686371184371155e-05,-0.0004346512087912,-0.0004511877899877,-0.0005839444444444,-0.0005746885470085,-0.0004923875457875,-0.0005250062271062,-0.0005460969474969
-0.0005281929670329,-0.0004733086691086,-0.0003984126984126,0.0005000233699633,-6.382420024419996e-05,-0.0004346512087912,-0.0004511877899877,-0.0005748206349206,-0.0005686392673992,-0.0004923875457875,-0.0005280235653235,-0.0005460969474969
-0.0005342642246642,-0.0004733086691086,-0.0003892888888888,0.0005030536752136,-7.294273504273476e-05,-0.0004316116727716,-0.0004481391941391,-0.0005717793650793,-0.0005656146275946,-0.0004893665445665,-0.0005280235653235,-0.0005460969474969
-0.0005372998534798,-0.0004702747252747,-0.0003862476190476,0.0005030536752136,-7.598224664224636e-05,-0.0004285721367521,-0.0004481391941391,-0.000568738095238,-0.0005595653479853,-0.0004863455433455,-0.0005250062271062,-0.0005460969474969
-0.0005372998534798,-0.0004672407814407,-0.000380165079365,0.0005000233699633,-7.902175824175796e-05,-0.000422493064713,-0.0004481391941391,-0.0005626555555555,-0.0005565407081807,-0.0004833245421245,-0.0005189715506715,-0.0005430796092796
-0.0005312285958485,-0.0004642068376068,-0.0003832063492063,0.000496993064713,-7.294273504273476e-05,-0.000422493064713,-0.0004481391941391,-0.0005596142857142,-0.000553516068376,-0.0004833245421245,-0.0005219888888888,-0.0005430796092796
-0.0005251573382173,-0.0004702747252747,-0.0003984126984126,0.000496993064713,-6.382420024419996e-05,-0.0004346512087912,-0.0004481391941391,-0.0005596142857142,-0.0005565407081807,-0.0004893665445665,-0.0005280235653235,-0.0005491142857142
-0.0005342642246642,-0.0004702747252747,-0.0003892888888888,0.0005000233699633,-7.294273504273476e-05,-0.0004285721367521,-0.0004450905982905,-0.0005504904761904,-0.0005504914285714,-0.0004863455433455,-0.0005280235653235,-0.0005460969474969
-0.0005403354822954,-0.0004672407814407,-0.0003771238095238,0.0005030536752136,-8.206126984126955e-05,-0.000422493064713,-0.000442042002442,-0.0005413666666666,-0.0005414175091575,-0.0004772825396825,-0.0005219888888888,-0.0005400622710622
-0.0005251573382173,-0.0004611728937728,-0.0003923301587301,0.0004909324542124,-6.686371184371155e-05,-0.0004255326007326,-0.0004481391941391,-0.0005352841269841,-0.0005414175091575,-0.0004803035409035,-0.0005219888888888,-0.0005400622710622
-0.0005130148229548,-0.0004642068376068,-0.0004014539682539,0.0004879021489621,-5.470566544566516e-05,-0.0004316116727716,-0.0004511877899877,-0.0005322428571428,-0.0005444421489621,-0.0004833245421245,-0.0005280235653235,-0.0005491142857142
-0.0005130148229548,-0.0004672407814407,-0.0004014539682539,0.0004879021489621,-5.470566544566516e-05,-0.0004346512087912,-0.0004511877899877,-0.0005261603174603,-0.0005444421489621,-0.0004833245421245,-0.0005310409035409,-0.0005521316239316
-0.0005221217094017,-0.0004672407814407,-0.0003953714285714,0.0004939627594627,-6.382420024419996e-05,-0.0004316116727716,-0.000442042002442,-0.0005170365079365,-0.0005414175091575,-0.0004833245421245,-0.0005310409035409,-0.0005551489621489
-0.0005221217094017,-0.0004642068376068,-0.0003923301587301,0.0004909324542124,-6.382420024419996e-05,-0.0004285721367521,-0.0004359448107448,-0.0005079126984126,-0.0005353682295482,-0.0004803035409035,-0.0005280235653235,-0.0005521316239316
-0.0005251573382173,-0.0004581389499389,-0.0003832063492063,0.0004909324542124,-6.990322344322315e-05,-0.0004194535286935,-0.0004298476190476,-0.0004957476190476,-0.0005232696703296,-0.0004742615384615,-0.0005219888888888,-0.0005460969474969
-0.0005221217094017,-0.0004611728937728,-0.0003923301587301,0.0004909324542124,-6.382420024419996e-05,-0.0004255326007326,-0.0004298476190476,-0.0004866238095238,-0.0005232696703296,-0.0004742615384615,-0.0005250062271062,-0.0005460969474969
-0.0005160504517704,-0.0004672407814407,-0.0004044952380952,0.0004909324542124,-5.470566544566516e-05,-0.0004346512087912,-0.0004298476190476,-0.0004805412698412,-0.0005232696703296,-0.0004742615384615,-0.0005280235653235,-0.0005521316239316
-0.0005160504517704,-0.0004642068376068,-0.0004044952380952,0.0004879021489621,-5.470566544566516e-05,-0.0004346512087912,-0.000426799023199,-0.0004714174603174,-0.000520245030525,-0.0004742615384615,-0.0005310409035409,-0.0005581663003663
-0.0005160504517704,-0.0004642068376068,-0.0004014539682539,0.0004879021489621,-5.774517704517676e-05,-0.0004316116727716,-0.0004207018315018,-0.0004622936507936,-0.0005141957509157,-0.0004712405372405,-0.0005280235653235,-0.0005551489621489
-0.0005130148229548,-0.0004672407814407,-0.0004044952380952,0.0004879021489621,-5.470566544566516e-05,-0.0004346512087912,-0.0004207018315018,-0.0004501285714285,-0.0005081464713064,-0.0004682195360195,-0.0005250062271062,-0.0005521316239316
-0.0005099791941391,-0.0004642068376068,-0.0004075365079365,0.0004848718437118,-5.166615384615356e-05,-0.0004346512087912,-0.0004176532356532,-0.0004349222222222,-0.0005020971916971,-0.0004651985347985,-0.0005250062271062,-0.0005521316239316
-0.0005069435653235,-0.0004672407814407,-0.000413619047619,0.0004848718437118,-4.558713064713037e-05,-0.0004407302808302,-0.0004146046398046,-0.0004257984126984,-0.0004990725518925,-0.0004682195360195,-0.0005280235653235,-0.0005551489621489
-0.0005069435653235,-0.0004642068376068,-0.0004075365079365,0.0004848718437118,-4.862664224664196e-05,-0.0004346512087912,-0.0004054588522588,-0.0004166746031746,-0.0004930232722832,-0.0004651985347985,-0.0005250062271062,-0.0005521316239316
-0.0005160504517704,-0.0004581389499389,-0.0003953714285714,0.0004848718437118,-6.078468864468836e-05,-0.0004255326007326,-0.000396313064713,-0.0003984269841269,-0.0004839493528693,-0.0004591565323565,-0.0005219888888888,-0.0005460969474969
-0.0005130148229548,-0.0004611728937728,-0.0003984126984126,0.0004848718437118,-5.774517704517676e-05,-0.0004285721367521,-0.0003993616605616,-0.0003832206349206,-0.0004809247130647,-0.0004591565323565,-0.0005250062271062,-0.0005491142857142
-0.0005008723076923,-0.000455105006105,-0.0004075365079365,0.0004757809279609,-4.558713064713037e-05,-0.0004316116727716,-0.000396313064713,-0.0003680142857142,-0.0004748754334554,-0.0004561355311355,-0.0005219888888888,-0.0005491142857142
-0.0004978366788766,-0.000455105006105,-0.0004075365079365,0.0004757809279609,-4.558713064713037e-05,-0.0004316116727716,-0.0003932644688644,-0.0003528079365079,-0.0004658015140415,-0.0004531145299145,-0.0005189715506715,-0.0005491142857142
-0.0005008723076923,-0.000452071062271,-0.0004044952380952,0.0004757809279609,-4.862664224664196e-05,-0.0004285721367521,-0.0003902158730158,-0.000331519047619,-0.0004597522344322,-0.0004470725274725,-0.0005159542124542,-0.0005491142857142
-0.0004978366788766,-0.0004429692307692,-0.0003984126984126,0.0004697203174603,-4.862664224664196e-05,-0.0004194535286935,-0.0003871672771672,-0.0003163126984126,-0.0004537029548229,-0.0004440515262515,-0.0005129368742368,-0.0005460969474969
-0.000494801050061,-0.0004308334554334,-0.0003892888888888,0.0004606294017094,-5.166615384615356e-05,-0.0004103349206349,-0.00038107008547,-0.0002950238095238,-0.000444629035409,-0.0004380095238095,-0.0005069021978021,-0.0005370449328449
-0.000494801050061,-0.0004308334554334,-0.0003892888888888,0.0004606294017094,-5.166615384615356e-05,-0.0004103349206349,-0.0003780214896214,-0.0002706936507936,-0.0004385797557997,-0.0004319675213675,-0.0005038848595848,-0.0005370449328449
-0.0004826585347985,-0.0004308334554334,-0.0004014539682539,0.0004545687912087,-3.950810744810717e-05,-0.0004164139926739,-0.0003749728937728,-0.000252446031746,-0.0004325304761904,-0.0004319675213675,-0.0005069021978021,-0.0005400622710622
-0.0004674803907203,-0.0004217316239316,-0.0004075365079365,0.0004424475702075,-3.0389572649572364e-05,-0.0004133744566544,-0.0003719242979242,-0.0002281158730158,-0.0004234565567765,-0.0004259255189255,-0.0005069021978021,-0.0005400622710622
-0.0004583735042735,-0.0004126297924297,-0.0004075365079365,0.0004333566544566,-2.4310549450549165e-05,-0.0004103349206349,-0.0003658271062271,-0.0002007444444444,-0.0004174072771672,-0.0004229045177045,-0.0005008675213675,-0.0005370449328449
-0.0004614091330891,-0.0004035279609279,-0.0003953714285714,0.0004303263492063,-3.342908424908396e-05,-0.0003981767765567,-0.0003627785103785,-0.000173373015873,-0.0004053087179487,-0.0004138415140415,-0.0004918155067155,-0.0005310102564102
-0.0004583735042735,-0.0003913921855921,-0.0003862476190476,0.0004242657387057,-3.6468595848595565e-05,-0.0003890581684981,-0.0003566813186813,-0.0001490428571428,-0.0003962347985347,-0.0004077995115995,-0.0004857808302808,-0.0005189409035409
-0.0004674803907203,-0.0003822903540903,-0.0003710412698412,0.0004242657387057,-4.862664224664196e-05,-0.00037690002442,-0.0003475355311355,-0.0001186301587301,-0.0003811115995115,-0.0003957155067155,-0.0004767288156288,-0.0005098888888888
-0.0004674803907203,-0.0003701545787545,-0.0003558349206349,0.0004182051282051,-5.470566544566516e-05,-0.0003617023443223,-0.0003414383394383,-9.125873015872984e-05,-0.0003659884004884,-0.0003866525030525,-0.0004676768009768,-0.0004978195360195
-0.0004523022466422,-0.0003489169719169,-0.0003497523809523,0.0004000232967032,-5.166615384615356e-05,-0.0003495442002442,-0.0003414383394383,-6.692857142857113e-05,-0.0003538898412698,-0.0003775894993894,-0.0004586247863247,-0.0004887675213675
-0.0004310528449328,-0.0003307133089133,-0.0003467111111111,0.0003788111599511,-4.254761904761877e-05,-0.000337386056166,-0.0003505841269841,-4.563968253968224e-05,-0.0003478405616605,-0.0003715474969474,-0.0004495727716727,-0.0004827328449328
-0.0004219459584859,-0.0003094757020757,-0.0003375873015873,0.0003636596336996,-4.254761904761877e-05,-0.0003221883760683,-0.0003505841269841,-2.130952380952351e-05,-0.000335742002442,-0.0003594634920634,-0.0004375034188034,-0.0004676461538461
-0.0004219459584859,-0.0002973399267399,-0.0003284634920634,0.000357599023199,-4.558713064713037e-05,-0.0003130697680097,-0.0003505841269841,-6.103174603174302e-06,-0.0003236434432234,-0.0003504004884004,-0.0004284514041514,-0.0004585941391941
-0.0004189103296703,-0.000288238095238,-0.0003162984126984,0.0003515384126984,-5.166615384615356e-05,-0.0003009116239316,-0.0003444869352869,6.061904761905062e-06,-0.0003115448840048,-0.0003413374847374,-0.000416382051282,-0.0004465247863247
-0.0004158747008547,-0.0002639665445665,-0.0002980507936507,0.0003394171916971,-5.774517704517676e-05,-0.0002796348717948,-0.0003475355311355,1.8226984126984425e-05,-0.0002994463247863,-0.0003292534798534,-0.0004012953601953,-0.000431438095238
-0.0004098034432234,-0.000236661050061,-0.0002767619047619,0.0003212353601953,-6.686371184371155e-05,-0.0002553185836385,-0.0003475355311355,2.735079365079395e-05,-0.0002903724053724,-0.0003141484737484,-0.0003831913308913,-0.0004103167277167
-0.0004037321855921,-0.0002123894993894,-0.0002645968253968,0.0003060838339438,-6.990322344322315e-05,-0.0002370813675213,-0.0003536327228327,2.4309523809524107e-05,-0.0002873477655677,-0.0003081064713064,-0.0003741393162393,-0.0003982473748473
-0.0004006965567765,-0.0002002537240537,-0.0002524317460317,0.0003000232234432,-7.294273504273476e-05,-0.0002249232234432,-0.0003566813186813,1.8226984126984425e-05,-0.0002843231257631,-0.0003050854700854,-0.0003681046398046,-0.0003891953601953
-0.0003976609279609,-0.000185084004884,-0.0002402666666666,0.0002909323076923,-7.902175824175796e-05,-0.000212765079365,-0.0003627785103785,9.103174603174904e-06,-0.0002752492063492,-0.0002960224664224,-0.0003530179487179,-0.0003741086691086
-0.0004006965567765,-0.0001638463980463,-0.000222019047619,0.0002818413919413,-8.814029304029276e-05,-0.0001914883272283,-0.0003719242979242,-9.144444444444142e-06,-0.0002782738461538,-0.0002899804639804,-0.0003409485958485,-0.0003560046398046
-0.0004037321855921,-0.0001517106227106,-0.0002037714285714,0.0002757807814407,-0.0001002983394383,-0.0001762906471306,-0.0003841186813186,-3.651587301587271e-05,-0.0002843231257631,-0.0002869594627594,-0.0003318965811965,-0.0003439352869352
-0.0004098034432234,-0.0001335069597069,-0.0001794412698412,0.0002697201709401,-0.0001154958974358,-0.0001550138949938,-0.000396313064713,-7.30111111111108e-05,-0.0002903724053724,-0.0002809174603174,-0.0003198272283272,-0.0003288485958485
-0.000412839072039,-0.000127439072039,-0.0001733587301587,0.0002697201709401,-0.0001185354090354,-0.0001489348229548,-0.000411556043956,-0.0001155888888888,-0.0002994463247863,-0.0002839384615384,-0.0003168098901098,-0.0003258312576312
-0.0004067678144078,-0.000130473015873,-0.0001794412698412,0.0002666898656898,-0.0001124563858363,-0.0001550138949938,-0.000426799023199,-0.0001672904761904,-0.0003175941636141,-0.0002899804639804,-0.0003198272283272,-0.0003288485958485
-0.0004037321855921,-0.0001365409035409,-0.0001855238095238,0.0002697201709401,-0.0001094168742368,-0.0001610929670329,-0.0004359448107448,-0.0002250746031746,-0.0003327173626373,-0.0002960224664224,-0.0003198272283272,-0.0003288485958485
-0.0004098034432234,-0.0001517106227106,-0.0001916063492063,0.000278811086691,-0.0001094168742368,-0.0001702115750915,-0.000442042002442,-0.0002767761904761,-0.0003478405616605,-0.0003020644688644,-0.0003228445665445,-0.0003288485958485
-0.0004189103296703,-0.0001699142857142,-0.0002007301587301,0.0002939626129426,-0.0001094168742368,-0.0001854092551892,-0.0004511877899877,-0.0003254365079365,-0.0003720376800976,-0.0003141484737484,-0.0003349139194139,-0.0003409179487179
-0.0004310528449328,-0.0001941858363858,-0.0002159365079365,0.0003121444444444,-0.0001063773626373,-0.0002036464713064,-0.0004572849816849,-0.0003740968253968,-0.0003992594383394,-0.0003352954822954,-0.0003530179487179,-0.0003590219780219
-0.0004492666178266,-0.0002184573870573,-0.000222019047619,0.0003333565811965,-0.0001124563858363,-0.0002188441514041,-0.0004572849816849,-0.0004227571428571,-0.0004204319169719,-0.0003504004884004,-0.0003681046398046,-0.0003741086691086
-0.0004674803907203,-0.0002396949938949,-0.000222019047619,0.0003515384126984,-0.0001215749206349,-0.0002310022954822,-0.0004603335775335,-0.0004622936507936,-0.0004385797557997,-0.0003624844932844,-0.0003831913308913,-0.0003891953601953
-0.0004796229059829,-0.0002670004884004,-0.0002433079365079,0.0003727505494505,-0.0001185354090354,-0.0002553185836385,-0.0004633821733821,-0.0004987888888888,-0.0004597522344322,-0.0003775894993894,-0.0003952606837606,-0.000404282051282
-0.0004917654212454,-0.0003094757020757,-0.0002706793650793,0.0004000232967032,-0.0001094168742368,-0.0002887534798534,-0.0004633821733821,-0.0005322428571428,-0.00047790007326,-0.0003957155067155,-0.0004133647130647,-0.000422386080586
-0.0005039079365079,-0.0003519509157509,-0.000301092063492,0.000427296043956,-0.0001002983394383,-0.0003252279120879,-0.0004603335775335,-0.0005626555555555,-0.0005020971916971,-0.0004168625152625,-0.0004405207570207,-0.0004495421245421
-0.0005099791941391,-0.0003853242979242,-0.0003284634920634,0.0004454778754578,-9.117980463980436e-05,-0.0003556232722832,-0.0004572849816849,-0.0005900269841269,-0.0005232696703296,-0.0004349885225885,-0.0004616421245421,-0.0004706634920634
-0.0005130148229548,-0.0004035279609279,-0.0003436698412698,0.000457599096459,-8.510078144078116e-05,-0.0003738604884004,-0.0004572849816849,-0.0006143571428571,-0.0005383928693528,-0.0004531145299145,-0.0004767288156288,-0.0004827328449328
-0.0005221217094017,-0.0004247655677655,-0.0003588761904761,0.0004727506227106,-8.206126984126955e-05,-0.0003920977045177,-0.0004603335775335,-0.000635646031746,-0.000553516068376,-0.0004651985347985,-0.0004857808302808,-0.0004978195360195
-0.0005221217094017,-0.0004429692307692,-0.0003710412698412,0.0004818415384615,-7.598224664224636e-05,-0.0004072953846153,-0.0004664307692307,-0.0006538936507936,-0.0005716639072039,-0.0004803035409035,-0.0004978501831501,-0.0005098888888888
-0.0005281929670329,-0.000455105006105,-0.000380165079365,0.0004909324542124,-7.294273504273476e-05,-0.0004164139926739,-0.0004664307692307,-0.0006660587301587,-0.0005837624664224,-0.0004893665445665,-0.0005069021978021,-0.0005189409035409
-0.0005372998534798,-0.0004672407814407,-0.0003832063492063,0.0005000233699633,-7.598224664224636e-05,-0.0004255326007326,-0.0004633821733821,-0.0006782238095238,-0.0005928363858363,-0.0004984295482295,-0.0005159542124542,-0.0005249755799755
-0.0005464067399267,-0.0004824105006105,-0.0003862476190476,0.0005121445909645,-7.902175824175796e-05,-0.0004346512087912,-0.0004603335775335,-0.0006873476190476,-0.000595861025641,-0.0005044715506715,-0.0005250062271062,-0.0005340275946275
-0.0005524779975579,-0.0004915123321123,-0.0003892888888888,0.0005212355067155,-8.206126984126955e-05,-0.0004407302808302,-0.0004603335775335,-0.0006964714285714,-0.0006019103052503,-0.0005074925518925,-0.0005280235653235,-0.0005370449328449
-0.0005524779975579,-0.0005006141636141,-0.0003984126984126,0.0005242658119658,-7.598224664224636e-05,-0.0004498488888888,-0.0004633821733821,-0.0007025539682539,-0.0006079595848595,-0.0005135345543345,-0.0005310409035409,-0.0005400622710622
-0.0005494423687423,-0.0005097159951159,-0.0004105777777777,0.0005272961172161,-6.990322344322315e-05,-0.0004589674969474,-0.0004633821733821,-0.0007055952380952,-0.0006109842246642,-0.0005195765567765,-0.0005400929181929,-0.0005491142857142
-0.0005524779975579,-0.0005097159951159,-0.0004105777777777,0.0005303264224664,-6.990322344322315e-05,-0.0004589674969474,-0.0004603335775335,-0.0007055952380952,-0.0006140088644688,-0.0005195765567765,-0.0005431102564102,-0.0005551489621489
-0.0005555136263736,-0.0005097159951159,-0.0004044952380952,0.0005303264224664,-7.598224664224636e-05,-0.0004559279609279,-0.0004603335775335,-0.0007025539682539,-0.0006140088644688,-0.0005195765567765,-0.0005431102564102,-0.0005521316239316
-0.0005555136263736,-0.0005097159951159,-0.0004105777777777,0.0005303264224664,-7.294273504273476e-05,-0.0004589674969474,-0.0004603335775335,-0.0007025539682539,-0.0006140088644688,-0.0005225975579975,-0.0005431102564102,-0.0005581663003663
-0.0005494423687423,-0.0005127499389499,-0.0004166603174603,0.0005303264224664,-6.686371184371155e-05,-0.0004650465689865,-0.0004603335775335,-0.0007086365079365,-0.0006140088644688,-0.0005256185592185,-0.0005461275946275,-0.0005611836385836
-0.0005494423687423,-0.0005188178266178,-0.0004257841269841,0.0005333567277167,-6.078468864468836e-05,-0.0004711256410256,-0.0004603335775335,-0.0007086365079365,-0.0006170335042735,-0.0005286395604395,-0.0005521622710622,-0.0005642009768009
-0.0005403354822954,-0.0005218517704517,-0.0004318666666666,0.0005303264224664,-5.470566544566516e-05,-0.0004772047130647,-0.0004572849816849,-0.0007055952380952,-0.0006200581440781,-0.0005316605616605,-0.0005551796092796,-0.0005672183150183
-0.0005433711111111,-0.0005248857142857,-0.0004349079365079,0.0005333567277167,-5.470566544566516e-05,-0.0004802442490842,-0.0004542363858363,-0.0007025539682539,-0.0006200581440781,-0.0005286395604395,-0.0005491449328449,-0.0005642009768009
-0.0005524779975579,-0.0005248857142857,-0.0004257841269841,0.000536387032967,-6.382420024419996e-05,-0.0004741651770451,-0.0004511877899877,-0.0006964714285714,-0.0006170335042735,-0.0005256185592185,-0.0005491449328449,-0.0005642009768009
-0.0005524779975579,-0.0005309536019536,-0.0004318666666666,0.0005394173382173,-6.078468864468836e-05,-0.0004802442490842,-0.0004511877899877,-0.0006964714285714,-0.0006200581440781,-0.0005316605616605,-0.0005551796092796,-0.0005672183150183
-0.0005555136263736,-0.0005400554334554,-0.0004349079365079,0.0005454779487179,-6.078468864468836e-05,-0.0004863233211233,-0.0004450905982905,-0.0006964714285714,-0.0006230827838827,-0.0005346815628815,-0.0005612142857142,-0.0005702356532356
-0.0005555136263736,-0.0005370214896214,-0.0004349079365079,0.0005454779487179,-6.078468864468836e-05,-0.0004863233211233,-0.0004389934065934,-0.0006934301587301,-0.0006200581440781,-0.0005346815628815,-0.0005612142857142,-0.0005702356532356
-0.0005524779975579,-0.0005339875457875,-0.0004318666666666,0.0005424476434676,-6.078468864468836e-05,-0.0004832837851037,-0.0004389934065934,-0.0006903888888888,-0.0006170335042735,-0.0005316605616605,-0.0005581969474969,-0.0005672183150183
-0.0005555136263736,-0.0005370214896214,-0.0004318666666666,0.0005454779487179,-6.078468864468836e-05,-0.0004832837851037,-0.000442042002442,-0.0006843063492063,-0.0006109842246642,-0.0005316605616605,-0.0005581969474969,-0.0005672183150183
-0.0005555136263736,-0.0005400554334554,-0.0004349079365079,0.0005454779487179,-6.078468864468836e-05,-0.0004863233211233,-0.000442042002442,-0.000681265079365,-0.0006109842246642,-0.0005316605616605,-0.0005612142857142,-0.0005702356532356
-0.0005494423687423,-0.0005400554334554,-0.0004440317460317,0.0005424476434676,-5.166615384615356e-05,-0.0004924023931623,-0.000442042002442,-0.000681265079365,-0.0006140088644688,-0.0005377025641025,-0.0005672489621489,-0.0005762703296703
-0.0005524779975579,-0.0005430893772893,-0.0004440317460317,0.0005454779487179,-5.470566544566516e-05,-0.0004924023931623,-0.0004359448107448,-0.0006751825396825,-0.0006140088644688,-0.0005377025641025,-0.0005702663003663,-0.0005792876678876
-0.0005585492551892,-0.0005430893772893,-0.0004349079365079,0.0005485082539682,-6.078468864468836e-05,-0.0004893628571428,-0.0004359448107448,-0.0006721412698412,-0.0006109842246642,-0.0005316605616605,-0.0005672489621489,-0.0005762703296703
-0.0005524779975579,-0.0005400554334554,-0.0004379492063492,0.0005454779487179,-5.774517704517676e-05,-0.0004893628571428,-0.0004389934065934,-0.0006690999999999,-0.0006109842246642,-0.0005316605616605,-0.0005672489621489,-0.0005762703296703
-0.0005494423687423,-0.0005400554334554,-0.0004409904761904,0.0005424476434676,-5.470566544566516e-05,-0.0004893628571428,-0.0004389934065934,-0.0006690999999999,-0.0006079595848595,-0.0005346815628815,-0.0005672489621489,-0.0005792876678876
-0.0005494423687423,-0.0005370214896214,-0.0004379492063492,0.0005424476434676,-5.470566544566516e-05,-0.0004863233211233,-0.000442042002442,-0.0006690999999999,-0.0006049349450549,-0.0005346815628815,-0.0005672489621489,-0.0005792876678876
-0.0005524779975579,-0.0005309536019536,-0.0004288253968253,0.0005394173382173,-6.078468864468836e-05,-0.0004802442490842,-0.0004389934065934,-0.0006690999999999,-0.0006019103052503,-0.0005346815628815,-0.0005702663003663,-0.0005792876678876
-0.0005706917704517,-0.0005309536019536,-0.0004166603174603,0.0005485082539682,-7.598224664224636e-05,-0.0004741651770451,-0.0004328962148962,-0.0006630174603174,-0.000595861025641,-0.0005286395604395,-0.0005642316239316,-0.0005762703296703
-0.0005555136263736,-0.0005309536019536,-0.0004288253968253,0.0005424476434676,-6.382420024419996e-05,-0.0004802442490842,-0.0004359448107448,-0.0006569349206349,-0.000595861025641,-0.0005256185592185,-0.0005612142857142,-0.0005762703296703
-0.0005403354822954,-0.0005248857142857,-0.0004409904761904,0.0005303264224664,-4.862664224664196e-05,-0.0004832837851037,-0.0004450905982905,-0.0006538936507936,-0.000595861025641,-0.0005256185592185,-0.0005642316239316,-0.0005762703296703
-0.0005312285958485,-0.0005218517704517,-0.0004440317460317,0.0005242658119658,-4.254761904761877e-05,-0.0004832837851037,-0.0004450905982905,-0.0006569349206349,-0.0005928363858363,-0.0005225975579975,-0.0005642316239316,-0.0005792876678876
-0.0005433711111111,-0.0005248857142857,-0.0004318666666666,0.0005333567277167,-5.470566544566516e-05,-0.0004772047130647,-0.0004389934065934,-0.0006538936507936,-0.0005867871062271,-0.0005195765567765,-0.0005612142857142,-0.0005732529914529
-0.0005585492551892,-0.0005157838827838,-0.0004105777777777,0.000536387032967,-7.294273504273476e-05,-0.000462007032967,-0.0004389934065934,-0.0006508523809523,-0.0005807378266178,-0.0005105135531135,-0.0005491449328449,-0.0005642009768009
-0.0005555136263736,-0.0005097159951159,-0.0004105777777777,0.0005303264224664,-7.294273504273476e-05,-0.0004589674969474,-0.000442042002442,-0.0006508523809523,-0.0005807378266178,-0.0005074925518925,-0.0005461275946275,-0.0005611836385836
-0.0005403354822954,-0.0005097159951159,-0.0004227428571428,0.0005242658119658,-5.774517704517676e-05,-0.0004650465689865,-0.0004481391941391,-0.0006538936507936,-0.0005837624664224,-0.0005105135531135,-0.0005491449328449,-0.0005672183150183
-0.0005281929670329,-0.0005157838827838,-0.0004349079365079,0.0005212355067155,-4.558713064713037e-05,-0.0004741651770451,-0.0004542363858363,-0.0006538936507936,-0.0005837624664224,-0.0005135345543345,-0.0005521622710622,-0.0005732529914529
-0.0005312285958485,-0.0005127499389499,-0.0004349079365079,0.0005212355067155,-4.862664224664196e-05,-0.0004741651770451,-0.0004572849816849,-0.0006538936507936,-0.0005837624664224,-0.0005105135531135,-0.0005491449328449,-0.0005702356532356
-0.0005372998534798,-0.000506682051282,-0.0004227428571428,0.0005212355067155,-5.774517704517676e-05,-0.0004650465689865,-0.0004542363858363,-0.0006538936507936,-0.0005807378266178,-0.0005044715506715,-0.0005400929181929,-0.0005611836385836
-0.0005403354822954,-0.0005006141636141,-0.000413619047619,0.0005182052014652,-6.382420024419996e-05,-0.0004559279609279,-0.0004572849816849,-0.0006569349206349,-0.0005807378266178,-0.0005014505494505,-0.0005370755799755,-0.0005551489621489
-0.0005372998534798,-0.0004945462759462,-0.0004105777777777,0.0005151748962148,-6.382420024419996e-05,-0.0004528884249084,-0.0004633821733821,-0.0006569349206349,-0.0005807378266178,-0.0005014505494505,-0.0005370755799755,-0.0005521316239316
-0.0005372998534798,-0.0004945462759462,-0.0004105777777777,0.0005151748962148,-6.382420024419996e-05,-0.0004528884249084,-0.0004633821733821,-0.0006599761904761,-0.0005837624664224,-0.0004984295482295,-0.0005370755799755,-0.0005521316239316
-0.0005342642246642,-0.0004975802197802,-0.000413619047619,0.0005151748962148,-6.078468864468836e-05,-0.0004559279609279,-0.0004633821733821,-0.0006630174603174,-0.0005867871062271,-0.0004984295482295,-0.0005370755799755,-0.0005521316239316
-0.0005342642246642,-0.0004945462759462,-0.0004166603174603,0.0005121445909645,-5.774517704517676e-05,-0.0004559279609279,-0.0004664307692307,-0.0006630174603174,-0.0005837624664224,-0.0004984295482295,-0.0005370755799755,-0.0005551489621489
-0.0005403354822954,-0.0004915123321123,-0.0004014539682539,0.0005151748962148,-6.990322344322315e-05,-0.0004468093528693,-0.0004664307692307,-0.0006630174603174,-0.0005807378266178,-0.0004923875457875,-0.0005310409035409,-0.0005491142857142
-0.0005403354822954,-0.0004945462759462,-0.0004044952380952,0.0005151748962148,-6.686371184371155e-05,-0.0004498488888888,-0.0004694793650793,-0.0006660587301587,-0.0005837624664224,-0.0004923875457875,-0.0005280235653235,-0.0005460969474969
-0.0005372998534798,-0.0004915123321123,-0.0004105777777777,0.0005121445909645,-6.382420024419996e-05,-0.0004498488888888,-0.0004725279609279,-0.0006721412698412,-0.0005867871062271,-0.0004954085470085,-0.0005310409035409,-0.0005460969474969
-0.0005372998534798,-0.0004945462759462,-0.0004105777777777,0.0005151748962148,-6.382420024419996e-05,-0.0004528884249084,-0.0004786251526251,-0.0006751825396825,-0.0005898117460317,-0.0004954085470085,-0.0005280235653235,-0.0005460969474969
-0.0005372998534798,-0.0004945462759462,-0.0004075365079365,0.0005151748962148,-6.382420024419996e-05,-0.0004498488888888,-0.0004816737484737,-0.0006751825396825,-0.0005898117460317,-0.0004923875457875,-0.0005280235653235,-0.0005460969474969
-0.0005342642246642,-0.0004915123321123,-0.0004075365079365,0.0005121445909645,-6.382420024419996e-05,-0.0004498488888888,-0.0004877709401709,-0.0006751825396825,-0.0005898117460317,-0.0004923875457875,-0.0005280235653235,-0.0005400622710622
-0.0005281929670329,-0.0004915123321123,-0.000413619047619,0.0005091142857142,-5.774517704517676e-05,-0.0004528884249084,-0.0004938681318681,-0.0006782238095238,-0.000595861025641,-0.0004954085470085,-0.0005280235653235,-0.0005400622710622
-0.0005312285958485,-0.0004975802197802,-0.0004166603174603,0.0005121445909645,-5.774517704517676e-05,-0.0004559279609279,-0.0004908195360195,-0.0006843063492063,-0.0005988856654456,-0.0004954085470085,-0.0005280235653235,-0.0005430796092796
-0.0005372998534798,-0.0004945462759462,-0.0004105777777777,0.0005151748962148,-6.382420024419996e-05,-0.0004528884249084,-0.0004877709401709,-0.0006873476190476,-0.0005928363858363,-0.0004954085470085,-0.0005280235653235,-0.0005400622710622
-0.0005312285958485,-0.0004915123321123,-0.0004166603174603,0.0005091142857142,-5.774517704517676e-05,-0.0004528884249084,-0.0004908195360195,-0.0006873476190476,-0.000595861025641,-0.0004954085470085,-0.0005280235653235,-0.0005400622710622
-0.0005281929670329,-0.0004884783882783,-0.0004197015873015,0.0005060839804639,-5.470566544566516e-05,-0.0004528884249084,-0.0004938681318681,-0.0006934301587301,-0.0005988856654456,-0.0004954085470085,-0.0005280235653235,-0.0005430796092796
-0.0005342642246642,-0.0004915123321123,-0.0004105777777777,0.0005121445909645,-6.078468864468836e-05,-0.0004498488888888,-0.0004938681318681,-0.0006934301587301,-0.0005988856654456,-0.0004954085470085,-0.0005280235653235,-0.0005430796092796
-0.0005342642246642,-0.0004945462759462,-0.0004105777777777,0.0005121445909645,-6.078468864468836e-05,-0.0004528884249084,-0.0004938681318681,-0.0006995126984126,-0.0006049349450549,-0.0004984295482295,-0.0005280235653235,-0.0005430796092796
-0.0005433711111111,-0.0004945462759462,-0.0004044952380952,0.0005182052014652,-6.990322344322315e-05,-0.0004498488888888,-0.0004908195360195,-0.0006995126984126,-0.0006049349450549,-0.0004954085470085,-0.0005280235653235,-0.0005430796092796
-0.0005464067399267,-0.0004945462759462,-0.0003984126984126,0.0005182052014652,-7.294273504273476e-05,-0.0004468093528693,-0.0004877709401709,-0.0006964714285714,-0.0006049349450549,-0.0004954085470085,-0.0005280235653235,-0.0005400622710622
-0.0005372998534798,-0.0004945462759462,-0.0004105777777777,0.0005151748962148,-6.382420024419996e-05,-0.0004528884249084,-0.0004938681318681,-0.0006995126984126,-0.0006109842246642,-0.0005014505494505,-0.0005310409035409,-0.0005430796092796
-0.0005312285958485,-0.0004975802197802,-0.0004197015873015,0.0005121445909645,-5.470566544566516e-05,-0.0004589674969474,-0.0004969167277167,-0.0006995126984126,-0.0006140088644688,-0.0005044715506715,-0.0005310409035409,-0.0005430796092796
-0.0005403354822954,-0.0005036481074481,-0.000413619047619,0.0005212355067155,-6.382420024419996e-05,-0.0004589674969474,-0.0004938681318681,-0.0006995126984126,-0.0006140088644688,-0.0005014505494505,-0.0005310409035409,-0.0005400622710622
-0.0005464067399267,-0.0005036481074481,-0.0004075365079365,0.0005242658119658,-6.990322344322315e-05,-0.0004559279609279,-0.0004938681318681,-0.0006995126984126,-0.0006140088644688,-0.0005014505494505,-0.0005280235653235,-0.0005400622710622
-0.0005372998534798,-0.0004975802197802,-0.000413619047619,0.0005151748962148,-6.078468864468836e-05,-0.0004559279609279,-0.0004969167277167,-0.0007025539682539,-0.0006170335042735,-0.0005044715506715,-0.0005310409035409,-0.0005400622710622
-0.0005342642246642,-0.0004975802197802,-0.000413619047619,0.0005151748962148,-6.078468864468836e-05,-0.0004559279609279,-0.0004999653235653,-0.0007055952380952,-0.0006170335042735,-0.0005044715506715,-0.0005310409035409,-0.0005430796092796
-0.0005403354822954,-0.0004975802197802,-0.0004105777777777,0.0005182052014652,-6.382420024419996e-05,-0.0004528884249084,-0.0004969167277167,-0.0007055952380952,-0.0006200581440781,-0.0005044715506715,-0.0005310409035409,-0.0005460969474969
-0.0005433711111111,-0.0004975802197802,-0.0004105777777777,0.0005182052014652,-6.686371184371155e-05,-0.0004528884249084,-0.0004969167277167,-0.0007055952380952,-0.0006200581440781,-0.0005044715506715,-0.0005340582417582,-0.0005460969474969
-0.0005433711111111,-0.0004975802197802,-0.0004105777777777,0.0005182052014652,-6.686371184371155e-05,-0.0004528884249084,-0.0004938681318681,-0.0007055952380952,-0.0006170335042735,-0.0005044715506715,-0.0005340582417582,-0.0005460969474969
-0.0005433711111111,-0.0005006141636141,-0.0004105777777777,0.0005212355067155,-6.686371184371155e-05,-0.0004559279609279,-0.0004938681318681,-0.0007055952380952,-0.0006170335042735,-0.0005044715506715,-0.0005310409035409,-0.0005460969474969
-0.0005342642246642,-0.0004975802197802,-0.0004166603174603,0.0005151748962148,-5.774517704517676e-05,-0.0004559279609279,-0.0004999653235653,-0.0007055952380952,-0.0006170335042735,-0.0005044715506715,-0.0005310409035409,-0.0005430796092796
-0.0005312285958485,-0.0005006141636141,-0.0004227428571428,0.0005151748962148,-5.470566544566516e-05,-0.000462007032967,-0.0005030139194139,-0.0007086365079365,-0.0006200581440781,-0.0005044715506715,-0.0005310409035409,-0.0005430796092796
-0.0005312285958485,-0.000506682051282,-0.0004257841269841,0.0005182052014652,-5.166615384615356e-05,-0.0004650465689865,-0.0005060625152625,-0.0007086365079365,-0.0006230827838827,-0.0005074925518925,-0.0005340582417582,-0.0005460969474969
-0.0005312285958485,-0.000506682051282,-0.0004257841269841,0.0005182052014652,-5.166615384615356e-05,-0.0004650465689865,-0.0005030139194139,-0.0007086365079365,-0.0006230827838827,-0.0005105135531135,-0.0005370755799755,-0.0005491142857142
-0.0005372998534798,-0.0005036481074481,-0.0004166603174603,0.0005182052014652,-6.078468864468836e-05,-0.0004589674969474,-0.0004999653235653,-0.0007055952380952,-0.0006200581440781,-0.0005074925518925,-0.0005340582417582,-0.0005460969474969
-0.0005433711111111,-0.0005006141636141,-0.0004105777777777,0.0005212355067155,-6.686371184371155e-05,-0.0004559279609279,-0.0004999653235653,-0.0007025539682539,-0.0006170335042735,-0.0005074925518925,-0.0005310409035409,-0.0005400622710622
-0.0005433711111111,-0.0005036481074481,-0.0004105777777777,0.0005212355067155,-6.686371184371155e-05,-0.0004559279609279,-0.0004999653235653,-0.0007055952380952,-0.0006200581440781,-0.0005074925518925,-0.0005340582417582,-0.0005460969474969
-0.0005403354822954,-0.000506682051282,-0.0004197015873015,0.0005212355067155,-6.078468864468836e-05,-0.000462007032967,-0.0005030139194139,-0.0007116777777777,-0.0006230827838827,-0.0005105135531135,-0.0005370755799755,-0.0005491142857142
-0.0005372998534798,-0.0005097159951159,-0.0004227428571428,0.0005212355067155,-5.774517704517676e-05,-0.0004650465689865,-0.0005030139194139,-0.0007086365079365,-0.0006200581440781,-0.0005105135531135,-0.0005370755799755,-0.0005460969474969
-0.0005372998534798,-0.0005036481074481,-0.0004166603174603,0.0005182052014652,-6.078468864468836e-05,-0.0004589674969474,-0.0004999653235653,-0.0007086365079365,-0.0006170335042735,-0.0005044715506715,-0.0005310409035409,-0.0005430796092796
-0.0005372998534798,-0.0004975802197802,-0.000413619047619,0.0005151748962148,-6.078468864468836e-05,-0.0004559279609279,-0.0005030139194139,-0.0007055952380952,-0.0006170335042735,-0.0005044715506715,-0.0005280235653235,-0.0005400622710622
-0.0005403354822954,-0.0004945462759462,-0.0004075365079365,0.0005151748962148,-6.686371184371155e-05,-0.0004498488888888,-0.0005030139194139,-0.0007055952380952,-0.0006140088644688,-0.0005014505494505,-0.0005250062271062,-0.0005370449328449
-0.0005372998534798,-0.0004975802197802,-0.0004166603174603,0.0005151748962148,-6.078468864468836e-05,-0.0004559279609279,-0.0005030139194139,-0.0007116777777777,-0.0006170335042735,-0.0005044715506715,-0.0005310409035409,-0.0005430796092796
-0.0005372998534798,-0.000506682051282,-0.0004227428571428,0.0005212355067155,-5.774517704517676e-05,-0.0004650465689865,-0.0004999653235653,-0.000714719047619,-0.0006170335042735,-0.0005074925518925,-0.0005340582417582,-0.0005460969474969
-0.0005403354822954,-0.0005097159951159,-0.0004166603174603,0.0005242658119658,-6.078468864468836e-05,-0.000462007032967,-0.0004969167277167,-0.000714719047619,-0.0006170335042735,-0.0005074925518925,-0.0005340582417582,-0.0005460969474969
-0.0005464067399267,-0.0005036481074481,-0.0004105777777777,0.0005242658119658,-6.686371184371155e-05,-0.0004559279609279,-0.0004938681318681,-0.0007116777777777,-0.0006170335042735,-0.0005014505494505,-0.0005280235653235,-0.0005400622710622
-0.0005433711111111,-0.0005036481074481,-0.0004105777777777,0.0005212355067155,-6.686371184371155e-05,-0.0004559279609279,-0.0004969167277167,-0.0007116777777777,-0.0006200581440781,-0.0005044715506715,-0.0005310409035409,-0.0005400622710622
-0.0005342642246642,-0.0005097159951159,-0.0004257841269841,0.0005212355067155,-5.470566544566516e-05,-0.0004680861050061,-0.0004999653235653,-0.000714719047619,-0.0006261074236874,-0.0005105135531135,-0.0005340582417582,-0.0005460969474969
-0.0005342642246642,-0.0005097159951159,-0.0004288253968253,0.0005212355067155,-5.166615384615356e-05,-0.0004680861050061,-0.0005030139194139,-0.000714719047619,-0.0006261074236874,-0.0005105135531135,-0.0005370755799755,-0.0005491142857142
-0.0005464067399267,-0.0005036481074481,-0.0004166603174603,0.0005242658119658,-6.382420024419996e-05,-0.0004589674969474,-0.0004969167277167,-0.0007086365079365,-0.0006200581440781,-0.0005044715506715,-0.0005310409035409,-0.0005400622710622
-0.0005494423687423,-0.000506682051282,-0.000413619047619,0.0005272961172161,-6.686371184371155e-05,-0.0004589674969474,-0.0004969167277167,-0.0007086365079365,-0.0006170335042735,-0.0005014505494505,-0.0005280235653235,-0.0005400622710622
-0.0005433711111111,-0.0005097159951159,-0.0004197015873015,0.0005242658119658,-6.078468864468836e-05,-0.0004650465689865,-0.0004999653235653,-0.0007116777777777,-0.0006230827838827,-0.0005074925518925,-0.0005340582417582,-0.0005460969474969
-0.0005403354822954,-0.000506682051282,-0.0004197015873015,0.0005212355067155,-6.078468864468836e-05,-0.000462007032967,-0.0004999653235653,-0.0007116777777777,-0.0006261074236874,-0.0005074925518925,-0.0005370755799755,-0.0005460969474969
-0.0005403354822954,-0.0005036481074481,-0.000413619047619,0.0005212355067155,-6.382420024419996e-05,-0.0004589674969474,-0.0004969167277167,-0.000714719047619,-0.0006230827838827,-0.0005105135531135,-0.0005370755799755,-0.0005460969474969
-0.0005433711111111,-0.0005006141636141,-0.0004105777777777,0.0005212355067155,-6.686371184371155e-05,-0.0004559279609279,-0.0004999653235653,-0.0007177603174603,-0.0006200581440781,-0.0005105135531135,-0.0005370755799755,-0.0005460969474969
-0.0005464067399267,-0.0005036481074481,-0.0004105777777777,0.0005242658119658,-6.686371184371155e-05,-0.0004559279609279,-0.0004969167277167,-0.0007116777777777,-0.0006200581440781,-0.0005074925518925,-0.0005340582417582,-0.0005460969474969
-0.0005464067399267,-0.000506682051282,-0.000413619047619,0.0005242658119658,-6.686371184371155e-05,-0.0004589674969474,-0.0004999653235653,-0.0007055952380952,-0.0006200581440781,-0.0005014505494505,-0.0005310409035409,-0.0005400622710622
-0.0005524779975579,-0.000506682051282,-0.0004075365079365,0.0005272961172161,-7.294273504273476e-05,-0.0004559279609279,-0.0004969167277167,-0.0007055952380952,-0.0006200581440781,-0.0005014505494505,-0.0005280235653235,-0.0005370449328449
-0.0005646205128205,-0.0005157838827838,-0.0004044952380952,0.0005394173382173,-7.902175824175796e-05,-0.0004589674969474,-0.0004938681318681,-0.0007116777777777,-0.0006230827838827,-0.0005044715506715,-0.0005310409035409,-0.0005400622710622
-0.0005524779975579,-0.0005157838827838,-0.0004166603174603,0.0005333567277167,-6.686371184371155e-05,-0.0004650465689865,-0.0004938681318681,-0.0007116777777777,-0.0006230827838827,-0.0005074925518925,-0.0005340582417582,-0.0005430796092796
-0.0005372998534798,-0.0005097159951159,-0.0004257841269841,0.0005212355067155,-5.470566544566516e-05,-0.0004680861050061,-0.0004969167277167,-0.0007116777777777,-0.0006230827838827,-0.0005044715506715,-0.0005340582417582,-0.0005430796092796
-0.0005372998534798,-0.0005097159951159,-0.0004227428571428,0.0005212355067155,-5.774517704517676e-05,-0.0004650465689865,-0.0004999653235653,-0.0007116777777777,-0.0006230827838827,-0.0005044715506715,-0.0005310409035409,-0.0005430796092796
-0.0005433711111111,-0.000506682051282,-0.000413619047619,0.0005242658119658,-6.382420024419996e-05,-0.0004589674969474,-0.0004969167277167,-0.0007086365079365,-0.0006200581440781,-0.0005014505494505,-0.0005280235653235,-0.0005430796092796
-0.0005524779975579,-0.000506682051282,-0.0004044952380952,0.0005272961172161,-7.294273504273476e-05,-0.0004559279609279,-0.0004877709401709,-0.0007055952380952,-0.0006170335042735,-0.0004984295482295,-0.0005280235653235,-0.0005400622710622
-0.0005464067399267,-0.0004975802197802,-0.0004044952380952,0.0005212355067155,-6.990322344322315e-05,-0.0004498488888888,-0.0004877709401709,-0.0007055952380952,-0.0006140088644688,-0.0004984295482295,-0.0005280235653235,-0.0005370449328449
-0.0005372998534798,-0.0004884783882783,-0.0004044952380952,0.0005121445909645,-6.686371184371155e-05,-0.0004468093528693,-0.0004847223443223,-0.0006995126984126,-0.0006109842246642,-0.0004984295482295,-0.0005250062271062,-0.0005340275946275
-0.0005403354822954,-0.0004854444444444,-0.0003984126984126,0.0005121445909645,-6.990322344322315e-05,-0.0004407302808302,-0.0004786251526251,-0.0006995126984126,-0.0006049349450549,-0.0004954085470085,-0.0005219888888888,-0.0005340275946275
-0.0005433711111111,-0.0004793765567765,-0.0003892888888888,0.0005091142857142,-7.598224664224636e-05,-0.0004346512087912,-0.0004725279609279,-0.0006934301587301,-0.0005988856654456,-0.0004893665445665,-0.0005189715506715,-0.0005310102564102
-0.0005342642246642,-0.0004702747252747,-0.0003862476190476,0.0005000233699633,-7.294273504273476e-05,-0.0004285721367521,-0.0004664307692307,-0.0006873476190476,-0.000595861025641,-0.0004833245421245,-0.0005159542124542,-0.0005279929181929
-0.000519086080586,-0.0004490371184371,-0.0003832063492063,0.0004818415384615,-6.686371184371155e-05,-0.0004164139926739,-0.0004572849816849,-0.0006751825396825,-0.0005807378266178,-0.0004712405372405,-0.0005038848595848,-0.0005189409035409
-0.000494801050061,-0.0004277995115995,-0.0003832063492063,0.0004606294017094,-5.470566544566516e-05,-0.0004042558485958,-0.0004511877899877,-0.0006569349206349,-0.0005656146275946,-0.0004561355311355,-0.0004948328449328,-0.0005129062271062
-0.000494801050061,-0.0004126297924297,-0.0003710412698412,0.0004515384859584,-6.078468864468836e-05,-0.0003920977045177,-0.0004511877899877,-0.0006478111111111,-0.0005565407081807,-0.0004470725274725,-0.0004857808302808,-0.0005068715506715
-0.0005069435653235,-0.0004095958485958,-0.0003558349206349,0.000457599096459,-7.598224664224636e-05,-0.000382979096459,-0.0004542363858363,-0.0006417285714285,-0.000553516068376,-0.0004440515262515,-0.0004827634920634,-0.0005008368742368
-0.0005008723076923,-0.000400494017094,-0.0003527936507936,0.0004485081807081,-7.294273504273476e-05,-0.00037690002442,-0.0004572849816849,-0.0006326047619047,-0.0005444421489621,-0.0004349885225885,-0.0004737114774114,-0.0004948021978021
-0.000494801050061,-0.0003913921855921,-0.0003527936507936,0.0004424475702075,-6.990322344322315e-05,-0.0003708209523809,-0.0004816737484737,-0.000635646031746,-0.0005444421489621,-0.0004319675213675,-0.0004706941391941,-0.0004917848595848
-0.000494801050061,-0.0004095958485958,-0.0003710412698412,0.0004515384859584,-6.078468864468836e-05,-0.0003890581684981,-0.0005182568986568,-0.0006569349206349,-0.0005595653479853,-0.0004440515262515,-0.0004797461538461,-0.0004978195360195
-0.0004917654212454,-0.0004277995115995,-0.0003892888888888,0.000457599096459,-5.166615384615356e-05,-0.0004072953846153,-0.0005334998778998,-0.0006782238095238,-0.0005746885470085,-0.0004591565323565,-0.0004887981684981,-0.0005068715506715
-0.000494801050061,-0.0004429692307692,-0.0003984126984126,0.00046669001221,-4.862664224664196e-05,-0.0004194535286935,-0.0005304512820512,-0.0006873476190476,-0.0005867871062271,-0.0004682195360195,-0.0004978501831501,-0.0005098888888888
-0.0005099791941391,-0.0004581389499389,-0.0003984126984126,0.0004818415384615,-5.470566544566516e-05,-0.0004285721367521,-0.000524354090354,-0.0007025539682539,-0.0006019103052503,-0.0004772825396825,-0.0005038848595848,-0.0005159235653235
-0.0005130148229548,-0.0004733086691086,-0.0004075365079365,0.0004909324542124,-5.166615384615356e-05,-0.0004407302808302,-0.0005274026862026,-0.0007055952380952,-0.0006109842246642,-0.0004833245421245,-0.0005099195360195,-0.0005189409035409
-0.0005008723076923,-0.0004702747252747,-0.0004197015873015,0.0004848718437118,-3.950810744810717e-05,-0.0004437698168498,-0.0005365484737484,-0.0006964714285714,-0.0006140088644688,-0.0004833245421245,-0.0005129368742368,-0.0005189409035409
-0.0005008723076923,-0.0004702747252747,-0.0004227428571428,0.0004848718437118,-3.950810744810717e-05,-0.0004468093528693,-0.0005426456654456,-0.0007025539682539,-0.0006140088644688,-0.0004833245421245,-0.0005129368742368,-0.0005219582417582
-0.0005099791941391,-0.0004854444444444,-0.0004257841269841,0.000496993064713,-4.254761904761877e-05,-0.0004559279609279,-0.0005334998778998,-0.0007086365079365,-0.0006230827838827,-0.0004954085470085,-0.0005219888888888,-0.0005340275946275
-0.0005069435653235,-0.000506682051282,-0.0004501142857142,0.0005060839804639,-2.735006105006077e-05,-0.0004772047130647,-0.0005334998778998,-0.0007208015873015,-0.0006412306227106,-0.0005105135531135,-0.0005400929181929,-0.0005491142857142
-0.0005130148229548,-0.0005127499389499,-0.0004501142857142,0.0005121445909645,-3.0389572649572364e-05,-0.0004802442490842,-0.0005365484737484,-0.0007268841269841,-0.0006442552625152,-0.0005105135531135,-0.0005400929181929,-0.0005491142857142
-0.0005251573382173,-0.000506682051282,-0.0004349079365079,0.0005151748962148,-4.558713064713037e-05,-0.0004711256410256,-0.0005365484737484,-0.0007238428571428,-0.0006412306227106,-0.0005044715506715,-0.0005340582417582,-0.0005400622710622
-0.0005403354822954,-0.0005097159951159,-0.0004227428571428,0.0005242658119658,-5.774517704517676e-05,-0.0004650465689865,-0.0005304512820512,-0.0007238428571428,-0.0006382059829059,-0.0005074925518925,-0.0005340582417582,-0.0005430796092796
-0.0005646205128205,-0.0005218517704517,-0.0004105777777777,0.0005424476434676,-7.598224664224636e-05,-0.0004650465689865,-0.0005213054945054,-0.0007329666666666,-0.0006412306227106,-0.0005135345543345,-0.0005370755799755,-0.0005491142857142
-0.0005737273992673,-0.0005339875457875,-0.000413619047619,0.0005515385592185,-7.902175824175796e-05,-0.0004741651770451,-0.0005152083028083,-0.0007390492063492,-0.0006472799023199,-0.0005225975579975,-0.0005491449328449,-0.0005551489621489
-0.0005706917704517,-0.0005370214896214,-0.0004197015873015,0.0005515385592185,-7.598224664224636e-05,-0.0004772047130647,-0.0005152083028083,-0.0007420904761904,-0.0006503045421245,-0.0005256185592185,-0.0005521622710622,-0.0005611836385836
-0.0005737273992673,-0.0005370214896214,-0.0004166603174603,0.0005545688644688,-7.902175824175796e-05,-0.0004772047130647,-0.0005182568986568,-0.0007390492063492,-0.0006533291819291,-0.0005225975579975,-0.0005491449328449,-0.0005611836385836
-0.0005676561416361,-0.0005370214896214,-0.0004227428571428,0.0005515385592185,-7.294273504273476e-05,-0.0004802442490842,-0.0005182568986568,-0.0007390492063492,-0.0006563538217338,-0.0005256185592185,-0.0005521622710622,-0.0005672183150183
-0.0005585492551892,-0.0005400554334554,-0.0004379492063492,0.0005485082539682,-6.078468864468836e-05,-0.0004893628571428,-0.0005213054945054,-0.0007451317460317,-0.0006624031013431,-0.0005346815628815,-0.0005612142857142,-0.0005732529914529
-0.0005524779975579,-0.0005430893772893,-0.0004440317460317,0.0005454779487179,-5.470566544566516e-05,-0.0004924023931623,-0.0005213054945054,-0.000748173015873,-0.0006624031013431,-0.0005346815628815,-0.0005612142857142,-0.0005732529914529
-0.0005615848840048,-0.0005430893772893,-0.0004318666666666,0.0005515385592185,-6.382420024419996e-05,-0.0004863233211233,-0.0005182568986568,-0.0007420904761904,-0.0006533291819291,-0.0005256185592185,-0.0005551796092796,-0.0005642009768009
-0.0005646205128205,-0.0005400554334554,-0.0004257841269841,0.0005515385592185,-6.990322344322315e-05,-0.0004832837851037,-0.0005182568986568,-0.0007360079365079,-0.0006472799023199,-0.0005225975579975,-0.0005491449328449,-0.0005581663003663
-0.0005646205128205,-0.0005370214896214,-0.0004257841269841,0.0005485082539682,-6.990322344322315e-05,-0.0004802442490842,-0.0005182568986568,-0.0007329666666666,-0.0006472799023199,-0.0005195765567765,-0.0005491449328449,-0.0005581663003663
-0.0005706917704517,-0.0005309536019536,-0.0004105777777777,0.0005485082539682,-7.902175824175796e-05,-0.0004711256410256,-0.0005182568986568,-0.0007329666666666,-0.0006382059829059,-0.0005105135531135,-0.0005400929181929,-0.0005491142857142
-0.0005828342857142,-0.0005248857142857,-0.0003953714285714,0.0005515385592185,-9.421931623931596e-05,-0.0004589674969474,-0.0005121597069597,-0.0007299253968253,-0.0006351813431013,-0.0005044715506715,-0.0005340582417582,-0.0005430796092796
-0.0005737273992673,-0.0005218517704517,-0.0004014539682539,0.0005454779487179,-8.510078144078116e-05,-0.000462007032967,-0.0005182568986568,-0.0007299253968253,-0.0006321567032967,-0.0005014505494505,-0.0005280235653235,-0.0005430796092796
-0.0005524779975579,-0.0005157838827838,-0.0004197015873015,0.0005333567277167,-6.686371184371155e-05,-0.0004680861050061,-0.0005304512820512,-0.0007360079365079,-0.0006382059829059,-0.0005044715506715,-0.0005310409035409,-0.0005491142857142
-0.0005524779975579,-0.0005127499389499,-0.0004166603174603,0.0005303264224664,-6.686371184371155e-05,-0.0004650465689865,-0.0005334998778998,-0.0007177603174603,-0.0006230827838827,-0.0004984295482295,-0.0005340582417582,-0.0005551489621489
-0.0005646205128205,-0.0004915123321123,-0.0003832063492063,0.0005272961172161,-9.117980463980436e-05,-0.0004376907448107,-0.0005213054945054,-0.0006751825396825,-0.0005716639072039,-0.0004742615384615,-0.0005310409035409,-0.0005642009768009
-0.0005646205128205,-0.0004186976800976,-0.0003041333333333,0.0004909324542124,-0.0001306934554334,-0.0003617023443223,-0.0005121597069597,-0.0006265222222222,-0.0004869739926739,-0.0004229045177045,-0.0005008675213675,-0.0005491142857142
-0.0005160504517704,-0.0002670004884004,-0.0002007301587301,0.0003909323809523,-0.000158049059829,-0.0002340418315018,-0.0005334998778998,-0.0005200777777777,-0.0003508652014652,-0.0003020644688644,-0.00040733003663,-0.0004857501831501
-0.0004006965567765,-6.372625152625133e-05,-0.0001186158730158,0.0002303262026862,-0.0001398119902319,-9.11836385836386e-05,-0.0005914231990231,-0.0003923444444444,-0.0001693868131868,-0.0001026783882783,-0.0002564631257631,-0.0003831606837606
-0.0002398082295482,0.0002184305250305,6.076190476190568e-06,9.113919413919444e-06,-0.0001215749206349,0.0001124652747252,-0.0007347072039072,-0.0004562111111111,-6.984126984207251e-09,0.0001571277167277,-1.507606837606853e-05,-0.0001870336996337
-8.802678876678904e-05,0.0005764358974358,0.0002068,-0.0002424014163614,-0.000145891013431,0.0003921025885225,-0.0009968864468864,-0.0007755444444444,0.0001028307692307,0.0004501648351648,0.0003077791208791,0.0001116827838827
6.982590964590935e-05,0.0008737623931623,0.0003436571428571,-0.0004696743101343,-0.0001367724786324,0.0006079096459096,-0.0013474749694749,-0.0011952396825396,6.351045177045169e-05,0.0006858029304029,0.0006095129426129,0.0004164339438339
0.0001882154334554,0.0010588329670329,0.0004075238095238,-0.0006211895726495,-0.0001094168742368,0.0007325306227106,-0.0016736747252747,-0.0015480269841269,-6.957369963369971e-05,0.0007794539682539,0.0007935705738705,0.0006548036630036
0.0001973223199023,0.0008676945054945,0.0002098412698412,-0.0005302804151404,-6.07347985347957e-06,0.0005380003174603,-0.0017864727716727,-0.0017274619047619,-0.0003659884004884,0.0005226688644688,0.0006487383394383,0.0006306649572649
-1.5171697191697469e-05,0.0002578717948717,-0.0001824825396825,-0.0001211892063492,8.207235653235682e-05,3.64768742368742e-05,-0.0016096542124542,-0.0018582365079365,-0.0008378322100122,-6.03843711843717e-05,0.0001931202686202,0.0003319484737484
-0.000306592063492,-0.0001335069597069,-0.0002798031746031,0.0002182049816849,-1.2152503052502767e-05,-0.000206686007326,-0.0013962525030525,-0.0020498365079365,-0.0012098629059829,-0.0004954085470085,-0.0001387869352869,0.0001147001221001
-0.0004917654212454,-0.0003185775335775,-0.0002798031746031,0.0004030536019536,-0.0001063773626373,-0.000297872087912,-0.0012194339438339,-0.0020102999999999,-0.0013278238583638,-0.0006978156288156,-0.0003258619047619,-4.521880341880401e-05
-0.0005858699145299,-0.0004581389499389,-0.0003254222222222,0.0005212355067155,-0.0001306934554334,-0.0003920977045177,-0.0010822471306471,-0.001751792063492,-0.0012431339438339,-0.0007340676434676,-0.0004405207570207,-0.0001960857142857
-0.0006162262026862,-0.000506682051282,-0.0003406285714285,0.0005606294749694,-0.0001367724786324,-0.000422493064713,-0.000969449084249,-0.0014750365079365,-0.0010858526739926,-0.0006796896214896,-0.0004827634920634,-0.0003047098901098
-0.000601048058608,-0.0005127499389499,-0.0003649587301587,0.0005545688644688,-0.0001185354090354,-0.0004376907448107,-0.0008353108669108,-0.0012317349206349,-0.0009497438827838,-0.0006253115995115,-0.0005038848595848,-0.000386178021978
-0.0005585492551892,-0.0005127499389499,-0.0004044952380952,0.0005333567277167,-7.598224664224636e-05,-0.0004589674969474,-0.0006950754578754,-0.0010097222222222,-0.0008348075702075,-0.0005799965811965,-0.0005189715506715,-0.0004525594627594
-0.0005342642246642,-0.0004824105006105,-0.0003984126984126,0.0005060839804639,-6.686371184371155e-05,-0.0004407302808302,-0.0005792288156288,-0.0008242047619047,-0.0007228958974358,-0.0005256185592185,-0.0005069021978021,-0.0004766981684981
-0.0005342642246642,-0.0004490371184371,-0.0003649587301587,0.0004909324542124,-8.510078144078116e-05,-0.0004072953846153,-0.0005182568986568,-0.0007116777777777,-0.0006412306227106,-0.0004772825396825,-0.0004857808302808,-0.0004736808302808
-0.0005312285958485,-0.0004369013431013,-0.0003588761904761,0.0004818415384615,-8.510078144078116e-05,-0.0003981767765567,-0.0004969167277167,-0.0006660587301587,-0.0006109842246642,-0.0004621775335775,-0.0004797461538461,-0.0004766981684981
-0.0005312285958485,-0.0004490371184371,-0.0003740825396825,0.0004879021489621,-7.902175824175796e-05,-0.0004103349206349,-0.0004877709401709,-0.0006447698412698,-0.0006049349450549,-0.0004712405372405,-0.0004918155067155,-0.0004948021978021
-0.0005494423687423,-0.0004642068376068,-0.0003710412698412,0.0005060839804639,-8.814029304029276e-05,-0.0004164139926739,-0.0004725279609279,-0.0006326047619047,-0.0005988856654456,-0.0004742615384615,-0.0005008675213675,-0.0005068715506715
-0.0005555136263736,-0.0004702747252747,-0.0003710412698412,0.0005121445909645,-9.117980463980436e-05,-0.0004194535286935,-0.0004603335775335,-0.0006204396825396,-0.0005928363858363,-0.0004742615384615,-0.0005069021978021,-0.0005129062271062
-0.0005464067399267,-0.0004733086691086,-0.000380165079365,0.0005091142857142,-8.206126984126955e-05,-0.0004255326007326,-0.0004511877899877,-0.0006082746031746,-0.0005867871062271,-0.0004772825396825,-0.0005129368742368,-0.0005249755799755
-0.0005403354822954,-0.0004733086691086,-0.0003862476190476,0.0005060839804639,-7.598224664224636e-05,-0.0004285721367521,-0.0004450905982905,-0.0005991507936507,-0.0005837624664224,-0.0004742615384615,-0.0005129368742368,-0.0005279929181929
-0.0005403354822954,-0.0004763426129426,-0.0003892888888888,0.0005060839804639,-7.598224664224636e-05,-0.0004316116727716,-0.000442042002442,-0.0005930682539682,-0.0005746885470085,-0.0004742615384615,-0.0005129368742368,-0.0005310102564102
-0.0005524779975579,-0.0004793765567765,-0.000380165079365,0.0005151748962148,-8.510078144078116e-05,-0.0004285721367521,-0.0004359448107448,-0.0005839444444444,-0.0005716639072039,-0.0004712405372405,-0.0005159542124542,-0.0005310102564102
-0.0005494423687423,-0.0004733086691086,-0.0003740825396825,0.0005091142857142,-8.814029304029276e-05,-0.000422493064713,-0.0004328962148962,-0.0005748206349206,-0.0005686392673992,-0.0004712405372405,-0.0005159542124542,-0.0005310102564102
-0.0005464067399267,-0.0004672407814407,-0.0003710412698412,0.0005060839804639,-8.814029304029276e-05,-0.0004194535286935,-0.0004328962148962,-0.000568738095238,-0.0005625899877899,-0.0004682195360195,-0.0005129368742368,-0.0005310102564102
-0.0005403354822954,-0.0004702747252747,-0.000380165079365,0.0005030536752136,-7.902175824175796e-05,-0.0004255326007326,-0.0004389934065934,-0.0005656968253968,-0.0005595653479853,-0.0004682195360195,-0.0005129368742368,-0.0005310102564102
-0.0005372998534798,-0.0004702747252747,-0.0003832063492063,0.0005030536752136,-7.598224664224636e-05,-0.0004255326007326,-0.0004389934065934,-0.0005596142857142,-0.0005595653479853,-0.0004651985347985,-0.0005129368742368,-0.0005279929181929
-0.0005433711111111,-0.0004702747252747,-0.0003771238095238,0.0005060839804639,-8.206126984126955e-05,-0.000422493064713,-0.0004359448107448,-0.0005535317460317,-0.0005565407081807,-0.0004621775335775,-0.0005099195360195,-0.0005310102564102
-0.0005464067399267,-0.0004702747252747,-0.0003740825396825,0.0005060839804639,-8.510078144078116e-05,-0.000422493064713,-0.0004298476190476,-0.0005474492063492,-0.000553516068376,-0.0004621775335775,-0.0005099195360195,-0.0005310102564102
-0.0005494423687423,-0.0004672407814407,-0.0003679999999999,0.0005060839804639,-9.117980463980436e-05,-0.0004164139926739,-0.000426799023199,-0.0005383253968253,-0.0005504914285714,-0.0004621775335775,-0.0005069021978021,-0.0005249755799755
-0.0005372998534798,-0.0004642068376068,-0.0003771238095238,0.0005000233699633,-7.902175824175796e-05,-0.0004194535286935,-0.0004298476190476,-0.0005352841269841,-0.0005444421489621,-0.0004591565323565,-0.0005069021978021,-0.0005219582417582
-0.0005251573382173,-0.0004642068376068,-0.0003862476190476,0.0004939627594627,-6.990322344322315e-05,-0.0004255326007326,-0.0004328962148962,-0.0005292015873015,-0.0005474667887667,-0.0004621775335775,-0.0005099195360195,-0.0005279929181929
-0.0005251573382173,-0.0004642068376068,-0.0003892888888888,0.0004939627594627,-6.686371184371155e-05,-0.0004255326007326,-0.0004298476190476,-0.0005261603174603,-0.0005474667887667,-0.0004621775335775,-0.0005159542124542,-0.0005310102564102
-0.0005372998534798,-0.0004611728937728,-0.0003771238095238,0.000496993064713,-7.902175824175796e-05,-0.0004194535286935,-0.0004237504273504,-0.0005200777777777,-0.0005383928693528,-0.0004561355311355,-0.0005129368742368,-0.0005310102564102
-0.0005372998534798,-0.0004581389499389,-0.0003740825396825,0.000496993064713,-8.206126984126955e-05,-0.0004164139926739,-0.0004207018315018,-0.0005170365079365,-0.0005323435897435,-0.0004561355311355,-0.0005099195360195,-0.0005279929181929
-0.0005251573382173,-0.000455105006105,-0.0003832063492063,0.0004879021489621,-6.990322344322315e-05,-0.0004194535286935,-0.0004237504273504,-0.0005048714285714,-0.0005293189499389,-0.0004561355311355,-0.0005099195360195,-0.0005279929181929
-0.0005221217094017,-0.0004611728937728,-0.0003892888888888,0.0004909324542124,-6.686371184371155e-05,-0.0004255326007326,-0.0004237504273504,-0.0004927063492063,-0.0005293189499389,-0.0004561355311355,-0.0005129368742368,-0.0005310102564102
-0.0005221217094017,-0.0004672407814407,-0.0003953714285714,0.0004939627594627,-6.382420024419996e-05,-0.0004316116727716,-0.0004176532356532,-0.0004866238095238,-0.0005293189499389,-0.0004561355311355,-0.0005159542124542,-0.0005400622710622
-0.0005251573382173,-0.0004642068376068,-0.0003923301587301,0.0004939627594627,-6.686371184371155e-05,-0.0004285721367521,-0.000411556043956,-0.0004805412698412,-0.0005232696703296,-0.0004561355311355,-0.0005189715506715,-0.0005400622710622
-0.0005281929670329,-0.0004642068376068,-0.0003892888888888,0.0004939627594627,-6.990322344322315e-05,-0.0004255326007326,-0.0004085074481074,-0.0004714174603174,-0.0005172203907203,-0.0004561355311355,-0.0005189715506715,-0.0005400622710622
-0.0005342642246642,-0.0004581389499389,-0.0003771238095238,0.0004939627594627,-7.902175824175796e-05,-0.0004164139926739,-0.0004024102564102,-0.0004562111111111,-0.0005081464713064,-0.0004470725274725,-0.0005069021978021,-0.0005310102564102
-0.0005403354822954,-0.0004581389499389,-0.0003710412698412,0.000496993064713,-8.510078144078116e-05,-0.0004133744566544,-0.000396313064713,-0.000444046031746,-0.0005020971916971,-0.0004410305250305,-0.0005038848595848,-0.0005249755799755
-0.0005281929670329,-0.0004642068376068,-0.0003892888888888,0.0004939627594627,-6.990322344322315e-05,-0.0004255326007326,-0.000396313064713,-0.0004379634920634,-0.0005051218315018,-0.0004470725274725,-0.0005129368742368,-0.0005370449328449
-0.0005130148229548,-0.0004642068376068,-0.0004014539682539,0.0004879021489621,-5.470566544566516e-05,-0.0004316116727716,-0.000396313064713,-0.0004318809523809,-0.0005051218315018,-0.0004500935286935,-0.0005159542124542,-0.0005430796092796
-0.0005130148229548,-0.0004611728937728,-0.0003984126984126,0.0004848718437118,-5.774517704517676e-05,-0.0004285721367521,-0.0003993616605616,-0.0004166746031746,-0.0004960479120879,-0.0004470725274725,-0.0005159542124542,-0.0005430796092796
-0.000519086080586,-0.0004581389499389,-0.0003923301587301,0.0004879021489621,-6.382420024419996e-05,-0.0004255326007326,-0.0003932644688644,-0.0004045095238095,-0.0004869739926739,-0.0004380095238095,-0.0005129368742368,-0.0005400622710622
-0.0005251573382173,-0.0004581389499389,-0.0003862476190476,0.0004909324542124,-6.990322344322315e-05,-0.000422493064713,-0.0003841186813186,-0.0003893031746031,-0.00047790007326,-0.0004319675213675,-0.0005069021978021,-0.0005370449328449
-0.0005312285958485,-0.0004611728937728,-0.0003832063492063,0.0004939627594627,-7.294273504273476e-05,-0.000422493064713,-0.0003780214896214,-0.0003740968253968,-0.0004748754334554,-0.0004349885225885,-0.0005099195360195,-0.0005370449328449
-0.0005160504517704,-0.0004581389499389,-0.0003923301587301,0.0004848718437118,-6.078468864468836e-05,-0.0004255326007326,-0.0003780214896214,-0.0003619317460317,-0.0004748754334554,-0.0004349885225885,-0.0005129368742368,-0.0005400622710622
-0.0005008723076923,-0.0004490371184371,-0.0003984126984126,0.0004727506227106,-5.166615384615356e-05,-0.000422493064713,-0.0003780214896214,-0.0003406428571428,-0.0004688261538461,-0.0004319675213675,-0.0005069021978021,-0.0005370449328449
-0.0005069435653235,-0.0004399352869352,-0.0003892888888888,0.0004727506227106,-5.774517704517676e-05,-0.0004133744566544,-0.0003780214896214,-0.0003193539682539,-0.0004597522344322,-0.0004229045177045,-0.0005008675213675,-0.0005310102564102
-0.0005099791941391,-0.0004399352869352,-0.0003832063492063,0.0004727506227106,-6.382420024419996e-05,-0.0004103349206349,-0.0003749728937728,-0.0002950238095238,-0.0004506783150183,-0.0004229045177045,-0.0005008675213675,-0.0005310102564102
-0.0005130148229548,-0.0004429692307692,-0.0003832063492063,0.0004757809279609,-6.382420024419996e-05,-0.0004133744566544,-0.0003719242979242,-0.0002737349206349,-0.0004476536752136,-0.0004198835164835,-0.0005008675213675,-0.0005340275946275
-0.0004978366788766,-0.0004308334554334,-0.0003862476190476,0.0004636597069597,-5.470566544566516e-05,-0.0004072953846153,-0.0003688757020757,-0.0002554873015873,-0.0004385797557997,-0.0004168625152625,-0.0004978501831501,-0.0005310102564102
-0.000494801050061,-0.0004186976800976,-0.0003771238095238,0.0004545687912087,-5.774517704517676e-05,-0.0003981767765567,-0.0003597299145299,-0.0002341984126984,-0.0004295058363858,-0.0004077995115995,-0.0004918155067155,-0.0005219582417582
-0.0004887297924297,-0.0004126297924297,-0.0003771238095238,0.0004485081807081,-5.470566544566516e-05,-0.0003951372405372,-0.0003597299145299,-0.0002129095238095,-0.0004204319169719,-0.0004017575091575,-0.0004918155067155,-0.0005219582417582
-0.0004887297924297,-0.0004065619047619,-0.0003679999999999,0.0004454778754578,-6.078468864468836e-05,-0.0003860186324786,-0.0003536327228327,-0.000185538095238,-0.0004083333577533,-0.0003957155067155,-0.0004857808302808,-0.0005129062271062
-0.0004917654212454,-0.00039746007326,-0.0003619174603174,0.0004424475702075,-6.382420024419996e-05,-0.0003799395604395,-0.0003475355311355,-0.0001581666666666,-0.0003992594383394,-0.0003896735042735,-0.0004767288156288,-0.0005068715506715
-0.0004765872771672,-0.0003883582417582,-0.0003679999999999,0.0004303263492063,-5.470566544566516e-05,-0.00037690002442,-0.0003475355311355,-0.0001338365079365,-0.0003962347985347,-0.0003836315018315,-0.0004737114774114,-0.0005068715506715
-0.0004614091330891,-0.0003731885225885,-0.0003679999999999,0.0004151748229548,-4.558713064713037e-05,-0.0003708209523809,-0.0003475355311355,-0.0001095063492063,-0.0003841362393162,-0.0003775894993894,-0.0004676768009768,-0.0005008368742368
-0.0004462309890109,-0.0003519509157509,-0.0003527936507936,0.0003969929914529,-4.558713064713037e-05,-0.0003525837362637,-0.0003475355311355,-8.517619047619017e-05,-0.0003750623199023,-0.0003655054945054,-0.0004586247863247,-0.0004857501831501
-0.0004462309890109,-0.0003367811965811,-0.0003406285714285,0.0003909323809523,-5.166615384615356e-05,-0.000337386056166,-0.0003444869352869,-5.78047619047616e-05,-0.0003599391208791,-0.0003564424908424,-0.0004465554334554,-0.0004736808302808
-0.0004492666178266,-0.0003246454212454,-0.0003223809523809,0.0003848717704517,-6.382420024419996e-05,-0.0003221883760683,-0.0003353411477411,-3.651587301587271e-05,-0.0003478405616605,-0.0003443584859584,-0.0004375034188034,-0.0004646288156288
-0.0004523022466422,-0.0003155435897435,-0.0003132571428571,0.0003818414652014,-6.990322344322315e-05,-0.0003130697680097,-0.0003292439560439,-1.5226984126983825e-05,-0.0003387666422466,-0.0003383164835164,-0.0004284514041514,-0.0004555768009768
-0.0004340884737484,-0.000288238095238,-0.0003041333333333,0.0003606293284493,-6.382420024419996e-05,-0.0002948325518925,-0.0003322925518925,-2.063492063462036e-08,-0.0003296927228327,-0.0003322744810744,-0.0004193993894993,-0.0004435074481074
-0.0004189103296703,-0.0002639665445665,-0.0002950095238095,0.0003394171916971,-6.078468864468836e-05,-0.0002796348717948,-0.0003414383394383,1.2144444444444744e-05,-0.0003175941636141,-0.0003201904761904,-0.0004012953601953,-0.0004254034188034
-0.0004098034432234,-0.0002487968253968,-0.0002889269841269,0.0003272959706959,-6.078468864468836e-05,-0.0002674767277167,-0.0003475355311355,2.1268253968254267e-05,-0.0003115448840048,-0.0003081064713064,-0.000389226007326,-0.0004163514041514
-0.0004098034432234,-0.0002336271062271,-0.0002767619047619,0.0003212353601953,-6.686371184371155e-05,-0.0002553185836385,-0.0003475355311355,2.735079365079395e-05,-0.0003054956043956,-0.0002990434676434,-0.0003831913308913,-0.000404282051282
-0.0004189103296703,-0.0002123894993894,-0.0002463492063492,0.0003151747496947,-8.510078144078116e-05,-0.0002279627594627,-0.0003475355311355,3.343333333333364e-05,-0.0002964216849816,-0.0002899804639804,-0.0003650873015873,-0.0003831606837606
-0.0004067678144078,-0.0001911518925518,-0.0002372253968253,0.0002969929181929,-8.510078144078116e-05,-0.000212765079365,-0.0003536327228327,2.735079365079395e-05,-0.0002903724053724,-0.0002809174603174,-0.0003530179487179,-0.0003710913308913
-0.0004037321855921,-0.0001729482295482,-0.0002250603174603,0.000287902002442,-8.814029304029276e-05,-0.0001975673992673,-0.0003658271062271,9.103174603174904e-06,-0.0002903724053724,-0.0002778964590964,-0.0003409485958485,-0.0003590219780219
-0.0004037321855921,-0.0001668803418803,-0.0002189777777777,0.0002848716971916,-9.117980463980436e-05,-0.0001914883272283,-0.0003719242979242,-1.2185714285713984e-05,-0.0002964216849816,-0.0002718544566544,-0.0003349139194139,-0.0003469526251526
-0.0004067678144078,-0.0001547445665445,-0.0002068126984126,0.000278811086691,-0.0001002983394383,-0.0001793301831501,-0.0003780214896214,-4.563968253968224e-05,-0.0002994463247863,-0.0002688334554334,-0.0003258619047619,-0.0003318659340659
-0.000412839072039,-0.0001395748473748,-0.0001855238095238,0.0002757807814407,-0.0001124563858363,-0.0001610929670329,-0.0003841186813186,-8.517619047619017e-05,-0.0003054956043956,-0.0002597704517704,-0.0003137925518925,-0.0003197965811965
-0.000412839072039,-0.000127439072039,-0.0001703174603174,0.0002697201709401,-0.0001215749206349,-0.0001489348229548,-0.0004024102564102,-0.0001277539682539,-0.0003175941636141,-0.0002627914529914,-0.0003107752136752,-0.0003107445665445
-0.000412839072039,-0.000127439072039,-0.0001703174603174,0.0002697201709401,-0.0001215749206349,-0.0001489348229548,-0.0004207018315018,-0.0001794555555555,-0.000335742002442,-0.0002688334554334,-0.0003107752136752,-0.0003137619047619
-0.0004098034432234,-0.0001335069597069,-0.0001794412698412,0.0002697201709401,-0.0001154958974358,-0.0001550138949938,-0.0004298476190476,-0.0002341984126984,-0.0003508652014652,-0.0002809174603174,-0.0003198272283272,-0.0003197965811965
-0.0004310528449328,-0.0001517106227106,-0.0001794412698412,0.0002909323076923,-0.0001246144322344,-0.0001641325030525,-0.0004298476190476,-0.0002828587301587,-0.0003599391208791,-0.0002899804639804,-0.0003228445665445,-0.0003228139194139
-0.0004674803907203,-0.0001790161172161,-0.0001672761904761,0.0003212353601953,-0.0001489305250305,-0.0001732511111111,-0.0004207018315018,-0.0003254365079365,-0.000369013040293,-0.0002899804639804,-0.0003228445665445,-0.0003197965811965
-0.000470516019536,-0.0002093555555555,-0.0001946476190476,0.0003394171916971,-0.0001367724786324,-0.0002006069352869,-0.000426799023199,-0.000377138095238,-0.0003932101587301,-0.0003081064713064,-0.0003409485958485,-0.0003379006105006
-0.0004614091330891,-0.000236661050061,-0.0002311428571428,0.0003485081074481,-0.0001154958974358,-0.0002340418315018,-0.0004359448107448,-0.0004257984126984,-0.0004234565567765,-0.0003322744810744,-0.0003650873015873,-0.0003590219780219
-0.0004735516483516,-0.0002670004884004,-0.0002433079365079,0.0003697202442002,-0.0001154958974358,-0.0002553185836385,-0.0004389934065934,-0.0004653349206349,-0.000444629035409,-0.0003473794871794,-0.0003801739926739,-0.0003801433455433
-0.0004856941636141,-0.0002973399267399,-0.0002645968253968,0.0003909323809523,-0.0001094168742368,-0.0002796348717948,-0.0004359448107448,-0.0005048714285714,-0.0004718507936507,-0.0003715474969474,-0.0004043126984126,-0.0004012647130647
-0.0004765872771672,-0.0003246454212454,-0.0002980507936507,0.0004000232967032,-8.814029304029276e-05,-0.0003100302319902,-0.0004389934065934,-0.0005413666666666,-0.0004960479120879,-0.0003957155067155,-0.0004284514041514,-0.0004284207570207
-0.0004856941636141,-0.0003519509157509,-0.0003162984126984,0.0004182051282051,-8.510078144078116e-05,-0.0003343465201465,-0.0004389934065934,-0.000568738095238,-0.0005172203907203,-0.0004108205128205,-0.0004465554334554,-0.0004465247863247
-0.0005099791941391,-0.0003792564102564,-0.0003254222222222,0.0004424475702075,-9.117980463980436e-05,-0.0003525837362637,-0.0004359448107448,-0.0005900269841269,-0.0005323435897435,-0.0004229045177045,-0.0004556074481074,-0.0004555768009768
-0.000519086080586,-0.0004065619047619,-0.0003406285714285,0.0004606294017094,-8.814029304029276e-05,-0.0003738604884004,-0.0004359448107448,-0.0006082746031746,-0.0005474667887667,-0.0004380095238095,-0.0004706941391941,-0.0004736808302808
-0.0005221217094017,-0.0004308334554334,-0.0003619174603174,0.0004757809279609,-7.902175824175796e-05,-0.0003951372405372,-0.0004359448107448,-0.0006265222222222,-0.0005625899877899,-0.0004531145299145,-0.0004887981684981,-0.0004917848595848
-0.0005281929670329,-0.0004460031746031,-0.0003740825396825,0.0004848718437118,-7.598224664224636e-05,-0.0004103349206349,-0.0004328962148962,-0.0006417285714285,-0.0005777131868131,-0.0004682195360195,-0.0005008675213675,-0.0005038542124542
-0.0005403354822954,-0.000455105006105,-0.0003710412698412,0.000496993064713,-8.510078144078116e-05,-0.0004133744566544,-0.0004328962148962,-0.0006538936507936,-0.0005837624664224,-0.0004712405372405,-0.0005038848595848,-0.0005098888888888
-0.0005494423687423,-0.0004672407814407,-0.0003710412698412,0.0005060839804639,-8.814029304029276e-05,-0.0004194535286935,-0.0004328962148962,-0.0006630174603174,-0.0005867871062271,-0.0004742615384615,-0.0005099195360195,-0.0005129062271062
-0.0005464067399267,-0.0004763426129426,-0.0003832063492063,0.0005091142857142,-8.206126984126955e-05,-0.0004285721367521,-0.0004359448107448,-0.0006690999999999,-0.000595861025641,-0.0004833245421245,-0.0005159542124542,-0.0005189409035409
-0.0005403354822954,-0.0004793765567765,-0.0003923301587301,0.0005091142857142,-7.294273504273476e-05,-0.0004346512087912,-0.0004359448107448,-0.0006751825396825,-0.0006019103052503,-0.0004893665445665,-0.0005250062271062,-0.0005249755799755
-0.0005524779975579,-0.0004884783882783,-0.0003923301587301,0.0005182052014652,-7.902175824175796e-05,-0.0004407302808302,-0.0004389934065934,-0.0006751825396825,-0.0006049349450549,-0.0004923875457875,-0.0005280235653235,-0.0005279929181929
-0.0005555136263736,-0.0004945462759462,-0.0003892888888888,0.0005242658119658,-8.206126984126955e-05,-0.0004407302808302,-0.0004389934065934,-0.0006751825396825,-0.0006079595848595,-0.0004954085470085,-0.0005280235653235,-0.0005310102564102
-0.0005494423687423,-0.0004945462759462,-0.0003984126984126,0.0005212355067155,-7.598224664224636e-05,-0.0004468093528693,-0.000442042002442,-0.000681265079365,-0.0006079595848595,-0.0004954085470085,-0.0005280235653235,-0.0005310102564102
-0.0005524779975579,-0.0005006141636141,-0.0003984126984126,0.0005242658119658,-7.598224664224636e-05,-0.0004498488888888,-0.000442042002442,-0.0006843063492063,-0.0006109842246642,-0.0004984295482295,-0.0005310409035409,-0.0005370449328449
-0.0005585492551892,-0.0005097159951159,-0.0003984126984126,0.0005333567277167,-7.902175824175796e-05,-0.0004528884249084,-0.0004389934065934,-0.0006843063492063,-0.0006170335042735,-0.0005044715506715,-0.0005370755799755,-0.0005400622710622
-0.0005494423687423,-0.0005127499389499,-0.0004105777777777,0.0005303264224664,-6.990322344322315e-05,-0.000462007032967,-0.0004359448107448,-0.0006873476190476,-0.0006200581440781,-0.0005105135531135,-0.0005431102564102,-0.0005491142857142
-0.0005464067399267,-0.0005127499389499,-0.0004166603174603,0.0005272961172161,-6.382420024419996e-05,-0.0004650465689865,-0.0004359448107448,-0.0006903888888888,-0.0006230827838827,-0.0005105135531135,-0.0005461275946275,-0.0005491142857142
-0.0005585492551892,-0.0005097159951159,-0.0004044952380952,0.0005333567277167,-7.598224664224636e-05,-0.0004559279609279,-0.0004359448107448,-0.000681265079365,-0.0006140088644688,-0.0005044715506715,-0.0005400929181929,-0.0005460969474969
-0.0005706917704517,-0.0005127499389499,-0.0003923301587301,0.0005394173382173,-8.814029304029276e-05,-0.0004528884249084,-0.0004328962148962,-0.0006751825396825,-0.0006109842246642,-0.0005014505494505,-0.0005370755799755,-0.0005430796092796
-0.0005676561416361,-0.0005188178266178,-0.0004044952380952,0.0005424476434676,-8.206126984126955e-05,-0.000462007032967,-0.0004298476190476,-0.0006751825396825,-0.0006140088644688,-0.0005074925518925,-0.0005461275946275,-0.0005491142857142
-0.0005615848840048,-0.0005248857142857,-0.000413619047619,0.0005424476434676,-7.294273504273476e-05,-0.0004680861050061,-0.000426799023199,-0.0006751825396825,-0.0006200581440781,-0.0005135345543345,-0.0005491449328449,-0.0005551489621489
-0.0005524779975579,-0.0005248857142857,-0.0004227428571428,0.000536387032967,-6.382420024419996e-05,-0.0004741651770451,-0.000426799023199,-0.0006721412698412,-0.0006200581440781,-0.0005135345543345,-0.0005521622710622,-0.0005551489621489
-0.0005585492551892,-0.0005279196581196,-0.0004197015873015,0.0005424476434676,-6.990322344322315e-05,-0.0004741651770451,-0.0004237504273504,-0.0006690999999999,-0.0006170335042735,-0.0005135345543345,-0.0005521622710622,-0.0005551489621489
-0.0005555136263736,-0.0005309536019536,-0.0004257841269841,0.0005424476434676,-6.382420024419996e-05,-0.0004772047130647,-0.0004207018315018,-0.0006660587301587,-0.0006170335042735,-0.0005165555555555,-0.0005551796092796,-0.0005581663003663
-0.0005585492551892,-0.0005309536019536,-0.0004257841269841,0.0005424476434676,-6.686371184371155e-05,-0.0004772047130647,-0.0004176532356532,-0.0006660587301587,-0.0006170335042735,-0.0005195765567765,-0.0005612142857142,-0.0005611836385836
-0.0005919411721611,-0.0005309536019536,-0.0003953714285714,0.0005606294749694,-9.725882783882755e-05,-0.000462007032967,-0.0004054588522588,-0.0006569349206349,-0.0006079595848595,-0.0005105135531135,-0.0005521622710622,-0.0005551489621489
-0.0005858699145299,-0.0005309536019536,-0.0003953714285714,0.0005575991697191,-9.421931623931596e-05,-0.000462007032967,-0.0004054588522588,-0.0006508523809523,-0.0006049349450549,-0.0005105135531135,-0.0005521622710622,-0.0005521316239316
-0.0005555136263736,-0.0005339875457875,-0.0004288253968253,0.0005424476434676,-6.382420024419996e-05,-0.0004802442490842,-0.0004176532356532,-0.0006538936507936,-0.0006140088644688,-0.0005195765567765,-0.0005612142857142,-0.0005672183150183
-0.0005433711111111,-0.0005370214896214,-0.0004440317460317,0.0005394173382173,-4.862664224664196e-05,-0.0004893628571428,-0.0004207018315018,-0.0006538936507936,-0.0006200581440781,-0.0005256185592185,-0.0005672489621489,-0.0005762703296703
-0.0005555136263736,-0.0005370214896214,-0.0004318666666666,0.0005454779487179,-6.078468864468836e-05,-0.0004832837851037,-0.0004146046398046,-0.0006508523809523,-0.0006140088644688,-0.0005225975579975,-0.0005672489621489,-0.0005732529914529
-0.0005737273992673,-0.0005339875457875,-0.000413619047619,0.0005515385592185,-7.902175824175796e-05,-0.0004741651770451,-0.0004085074481074,-0.0006447698412698,-0.0006079595848595,-0.0005195765567765,-0.0005612142857142,-0.0005672183150183
-0.0005676561416361,-0.0005279196581196,-0.0004166603174603,0.0005454779487179,-7.598224664224636e-05,-0.0004711256410256,-0.000411556043956,-0.0006386873015873,-0.0006079595848595,-0.0005165555555555,-0.0005612142857142,-0.0005672183150183
-0.0005646205128205,-0.0005279196581196,-0.0004197015873015,0.0005454779487179,-7.294273504273476e-05,-0.0004741651770451,-0.0004146046398046,-0.0006326047619047,-0.0006049349450549,-0.0005105135531135,-0.0005581969474969,-0.0005642009768009
-0.0005646205128205,-0.0005248857142857,-0.0004166603174603,0.0005424476434676,-7.294273504273476e-05,-0.0004711256410256,-0.0004146046398046,-0.0006295634920634,-0.0006019103052503,-0.0005074925518925,-0.0005551796092796,-0.0005642009768009
-0.0005585492551892,-0.0005279196581196,-0.0004227428571428,0.0005424476434676,-6.686371184371155e-05,-0.0004741651770451,-0.0004146046398046,-0.0006326047619047,-0.0006019103052503,-0.0005105135531135,-0.0005581969474969,-0.0005672183150183
-0.0005585492551892,-0.0005248857142857,-0.000413619047619,0.0005394173382173,-7.294273504273476e-05,-0.0004680861050061,-0.0004146046398046,-0.0006326047619047,-0.000595861025641,-0.0005105135531135,-0.0005581969474969,-0.0005642009768009
-0.0005615848840048,-0.0005188178266178,-0.0004075365079365,0.0005394173382173,-7.598224664224636e-05,-0.000462007032967,-0.000411556043956,-0.0006295634920634,-0.0005898117460317,-0.0005044715506715,-0.0005521622710622,-0.0005581663003663
-0.0005555136263736,-0.0005127499389499,-0.0004105777777777,0.0005333567277167,-7.294273504273476e-05,-0.000462007032967,-0.0004176532356532,-0.0006326047619047,-0.0005898117460317,-0.0005014505494505,-0.0005491449328449,-0.0005551489621489
-0.0005524779975579,-0.0005157838827838,-0.0004105777777777,0.0005333567277167,-6.990322344322315e-05,-0.000462007032967,-0.0004176532356532,-0.0006326047619047,-0.0005898117460317,-0.0004984295482295,-0.0005491449328449,-0.0005551489621489
-0.0005555136263736,-0.0005157838827838,-0.000413619047619,0.0005333567277167,-6.990322344322315e-05,-0.0004650465689865,-0.0004176532356532,-0.000635646031746,-0.0005928363858363,-0.0004984295482295,-0.0005521622710622,-0.0005581663003663
-0.0005615848840048,-0.0005127499389499,-0.0004014539682539,0.000536387032967,-7.902175824175796e-05,-0.0004559279609279,-0.000411556043956,-0.0006386873015873,-0.0005928363858363,-0.0004984295482295,-0.0005461275946275,-0.0005551489621489
-0.0005615848840048,-0.000506682051282,-0.0003953714285714,0.0005333567277167,-8.206126984126955e-05,-0.0004498488888888,-0.0004146046398046,-0.000635646031746,-0.0005867871062271,-0.0004923875457875,-0.0005431102564102,-0.0005491142857142
-0.0005585492551892,-0.0005006141636141,-0.0003953714285714,0.0005272961172161,-8.206126984126955e-05,-0.0004468093528693,-0.0004207018315018,-0.000635646031746,-0.0005837624664224,-0.0004863455433455,-0.0005370755799755,-0.0005460969474969
-0.0005585492551892,-0.0005036481074481,-0.0003984126984126,0.0005303264224664,-7.902175824175796e-05,-0.0004498488888888,-0.000426799023199,-0.000635646031746,-0.0005837624664224,-0.0004893665445665,-0.0005370755799755,-0.0005460969474969
-0.0005555136263736,-0.0005036481074481,-0.0004044952380952,0.0005272961172161,-7.598224664224636e-05,-0.0004528884249084,-0.000426799023199,-0.000635646031746,-0.0005867871062271,-0.0004863455433455,-0.0005370755799755,-0.0005491142857142
-0.0005494423687423,-0.0004975802197802,-0.0004075365079365,0.0005212355067155,-6.990322344322315e-05,-0.0004528884249084,-0.0004298476190476,-0.0006417285714285,-0.0005867871062271,-0.0004863455433455,-0.0005340582417582,-0.0005430796092796
-0.0005524779975579,-0.0004884783882783,-0.0003923301587301,0.0005182052014652,-7.902175824175796e-05,-0.0004407302808302,-0.0004298476190476,-0.0006478111111111,-0.0005807378266178,-0.0004803035409035,-0.0005280235653235,-0.0005370449328449
-0.0005585492551892,-0.0004884783882783,-0.0003832063492063,0.0005212355067155,-8.814029304029276e-05,-0.0004346512087912,-0.0004298476190476,-0.0006478111111111,-0.0005837624664224,-0.0004772825396825,-0.0005250062271062,-0.0005340275946275
-0.0005555136263736,-0.0004884783882783,-0.0003862476190476,0.0005212355067155,-8.510078144078116e-05,-0.0004376907448107,-0.0004328962148962,-0.0006508523809523,-0.0005898117460317,-0.0004803035409035,-0.0005250062271062,-0.0005340275946275
-0.0005494423687423,-0.0004884783882783,-0.0003892888888888,0.0005182052014652,-7.902175824175796e-05,-0.0004376907448107,-0.0004359448107448,-0.0006569349206349,-0.0005898117460317,-0.0004833245421245,-0.0005280235653235,-0.0005370449328449
-0.0005494423687423,-0.0004915123321123,-0.0003923301587301,0.0005182052014652,-7.902175824175796e-05,-0.0004407302808302,-0.0004359448107448,-0.0006599761904761,-0.000595861025641,-0.0004833245421245,-0.0005310409035409,-0.0005400622710622
-0.0005524779975579,-0.0004884783882783,-0.0003892888888888,0.0005182052014652,-8.206126984126955e-05,-0.0004376907448107,-0.0004359448107448,-0.0006599761904761,-0.000595861025641,-0.0004803035409035,-0.0005250062271062,-0.0005370449328449
-0.0005464067399267,-0.0004793765567765,-0.0003892888888888,0.0005121445909645,-7.902175824175796e-05,-0.0004346512087912,-0.000442042002442,-0.0006630174603174,-0.000595861025641,-0.0004772825396825,-0.0005219888888888,-0.0005340275946275
-0.0005372998534798,-0.0004824105006105,-0.0003984126984126,0.0005091142857142,-6.990322344322315e-05,-0.0004407302808302,-0.0004481391941391,-0.0006630174603174,-0.0005988856654456,-0.0004803035409035,-0.0005250062271062,-0.0005340275946275
-0.0005403354822954,-0.0004884783882783,-0.0003984126984126,0.0005121445909645,-6.990322344322315e-05,-0.0004437698168498,-0.0004481391941391,-0.0006721412698412,-0.0006019103052503,-0.0004833245421245,-0.0005280235653235,-0.0005370449328449
-0.0005464067399267,-0.0004915123321123,-0.0003953714285714,0.0005182052014652,-7.598224664224636e-05,-0.0004437698168498,-0.0004481391941391,-0.0006751825396825,-0.0006049349450549,-0.0004863455433455,-0.0005280235653235,-0.0005370449328449
-0.0005433711111111,-0.0004945462759462,-0.0004014539682539,0.0005182052014652,-6.990322344322315e-05,-0.0004468093528693,-0.0004511877899877,-0.0006782238095238,-0.0006079595848595,-0.0004863455433455,-0.0005310409035409,-0.0005400622710622
-0.0005403354822954,-0.0004915123321123,-0.0004014539682539,0.0005151748962148,-6.990322344322315e-05,-0.0004468093528693,-0.0004603335775335,-0.0006751825396825,-0.0006109842246642,-0.0004833245421245,-0.0005250062271062,-0.0005370449328449
-0.0005555136263736,-0.0004854444444444,-0.0003832063492063,0.0005182052014652,-8.510078144078116e-05,-0.0004346512087912,-0.0004603335775335,-0.0006721412698412,-0.0006079595848595,-0.0004772825396825,-0.0005189715506715,-0.0005310102564102
-0.0005615848840048,-0.0004854444444444,-0.0003771238095238,0.0005212355067155,-9.117980463980436e-05,-0.0004316116727716,-0.0004572849816849,-0.0006751825396825,-0.0006049349450549,-0.0004772825396825,-0.0005159542124542,-0.0005279929181929
-0.0005615848840048,-0.0004824105006105,-0.0003740825396825,0.0005212355067155,-9.421931623931596e-05,-0.0004285721367521,-0.0004542363858363,-0.0006782238095238,-0.0006079595848595,-0.0004772825396825,-0.0005159542124542,-0.0005249755799755
-0.0005615848840048,-0.0004854444444444,-0.0003740825396825,0.0005212355067155,-9.421931623931596e-05,-0.0004285721367521,-0.0004572849816849,-0.000681265079365,-0.0006079595848595,-0.0004803035409035,-0.0005189715506715,-0.0005249755799755
-0.0005615848840048,-0.0004884783882783,-0.000380165079365,0.0005242658119658,-9.117980463980436e-05,-0.0004346512087912,-0.0004572849816849,-0.0006843063492063,-0.0006079595848595,-0.0004833245421245,-0.0005219888888888,-0.0005249755799755
-0.0005494423687423,-0.0004884783882783,-0.0003923301587301,0.0005182052014652,-7.902175824175796e-05,-0.0004407302808302,-0.0004633821733821,-0.0006873476190476,-0.0006109842246642,-0.0004863455433455,-0.0005250062271062,-0.0005310102564102
-0.0005494423687423,-0.0004945462759462,-0.0003892888888888,0.0005212355067155,-7.902175824175796e-05,-0.0004407302808302,-0.0004633821733821,-0.0006903888888888,-0.0006170335042735,-0.0004893665445665,-0.0005310409035409,-0.0005370449328449
-0.0005524779975579,-0.0004945462759462,-0.0003892888888888,0.0005212355067155,-8.206126984126955e-05,-0.0004407302808302,-0.0004633821733821,-0.0006903888888888,-0.0006170335042735,-0.0004893665445665,-0.0005310409035409,-0.0005370449328449
-0.0005403354822954,-0.0004884783882783,-0.0004044952380952,0.0005121445909645,-6.686371184371155e-05,-0.0004468093528693,-0.0004664307692307,-0.0006903888888888,-0.0006200581440781,-0.0004893665445665,-0.0005340582417582,-0.0005400622710622
-0.0005433711111111,-0.0004945462759462,-0.0004014539682539,0.0005182052014652,-6.990322344322315e-05,-0.0004468093528693,-0.0004633821733821,-0.0006873476190476,-0.0006170335042735,-0.0004893665445665,-0.0005310409035409,-0.0005340275946275
-0.0005646205128205,-0.0004975802197802,-0.0003862476190476,0.0005303264224664,-8.814029304029276e-05,-0.0004407302808302,-0.0004572849816849,-0.0006873476190476,-0.0006140088644688,-0.0004863455433455,-0.0005250062271062,-0.0005310102564102
-0.000576763028083,-0.0005006141636141,-0.0003771238095238,0.000536387032967,-0.0001002983394383,-0.0004376907448107,-0.0004542363858363,-0.0006873476190476,-0.0006140088644688,-0.0004833245421245,-0.0005250062271062,-0.0005310102564102
-0.0005646205128205,-0.0005036481074481,-0.0003892888888888,0.0005333567277167,-8.814029304029276e-05,-0.0004468093528693,-0.0004572849816849,-0.0006934301587301,-0.0006170335042735,-0.0004923875457875,-0.0005310409035409,-0.0005370449328449
-0.0005494423687423,-0.0005036481074481,-0.0004105777777777,0.0005242658119658,-6.990322344322315e-05,-0.0004559279609279,-0.0004694793650793,-0.0006964714285714,-0.0006261074236874,-0.0004954085470085,-0.0005340582417582,-0.0005430796092796
-0.0005433711111111,-0.0005036481074481,-0.000413619047619,0.0005212355067155,-6.382420024419996e-05,-0.0004589674969474,-0.0004725279609279,-0.0006903888888888,-0.0006261074236874,-0.0004954085470085,-0.0005340582417582,-0.0005400622710622
-0.0005403354822954,-0.0005036481074481,-0.0004166603174603,0.0005212355067155,-6.078468864468836e-05,-0.0004589674969474,-0.0004694793650793,-0.0006934301587301,-0.0006261074236874,-0.0004954085470085,-0.0005340582417582,-0.0005400622710622
-0.0005433711111111,-0.0005036481074481,-0.000413619047619,0.0005212355067155,-6.382420024419996e-05,-0.0004589674969474,-0.0004664307692307,-0.0006934301587301,-0.0006261074236874,-0.0004954085470085,-0.0005340582417582,-0.0005400622710622
-0.0005555136263736,-0.0005036481074481,-0.0004014539682539,0.0005272961172161,-7.598224664224636e-05,-0.0004528884249084,-0.0004633821733821,-0.0006934301587301,-0.0006230827838827,-0.0004923875457875,-0.0005310409035409,-0.0005340275946275
-0.0005585492551892,-0.0004975802197802,-0.0003923301587301,0.0005272961172161,-8.206126984126955e-05,-0.0004437698168498,-0.0004633821733821,-0.0006873476190476,-0.0006200581440781,-0.0004893665445665,-0.0005280235653235,-0.0005310102564102
-0.0005615848840048,-0.0004945462759462,-0.0003862476190476,0.0005272961172161,-8.814029304029276e-05,-0.0004407302808302,-0.0004664307692307,-0.0006873476190476,-0.0006200581440781,-0.0004893665445665,-0.0005280235653235,-0.0005310102564102
-0.0005615848840048,-0.0004945462759462,-0.0003892888888888,0.0005272961172161,-8.510078144078116e-05,-0.0004407302808302,-0.0004694793650793,-0.0006934301587301,-0.0006261074236874,-0.0004954085470085,-0.0005310409035409,-0.0005340275946275
-0.0005615848840048,-0.0005006141636141,-0.0003923301587301,0.0005303264224664,-8.510078144078116e-05,-0.0004468093528693,-0.0004694793650793,-0.0006964714285714,-0.0006230827838827,-0.0004954085470085,-0.0005340582417582,-0.0005370449328449
-0.0005646205128205,-0.0005006141636141,-0.0003892888888888,0.0005303264224664,-8.814029304029276e-05,-0.0004437698168498,-0.0004664307692307,-0.0006964714285714,-0.0006230827838827,-0.0004923875457875,-0.0005340582417582,-0.0005340275946275
-0.0005615848840048,-0.0005036481074481,-0.0003923301587301,0.0005303264224664,-8.510078144078116e-05,-0.0004468093528693,-0.0004664307692307,-0.0006995126984126,-0.0006230827838827,-0.0004954085470085,-0.0005310409035409,-0.0005370449328449
-0.0005494423687423,-0.0005097159951159,-0.0004105777777777,0.0005272961172161,-6.990322344322315e-05,-0.0004589674969474,-0.0004694793650793,-0.0007025539682539,-0.0006261074236874,-0.0004984295482295,-0.0005340582417582,-0.0005400622710622
-0.0005524779975579,-0.0005097159951159,-0.0004075365079365,0.0005303264224664,-7.294273504273476e-05,-0.0004589674969474,-0.0004694793650793,-0.0006995126984126,-0.0006230827838827,-0.0004984295482295,-0.0005340582417582,-0.0005370449328449
-0.0005585492551892,-0.0005097159951159,-0.0004044952380952,0.0005333567277167,-7.598224664224636e-05,-0.0004559279609279,-0.0004633821733821,-0.0006964714285714,-0.0006230827838827,-0.0004984295482295,-0.0005340582417582,-0.0005400622710622
-0.0005646205128205,-0.000506682051282,-0.0003984126984126,0.0005333567277167,-8.206126984126955e-05,-0.0004528884249084,-0.0004603335775335,-0.0006964714285714,-0.0006230827838827,-0.0004923875457875,-0.0005340582417582,-0.0005370449328449
-0.0005585492551892,-0.000506682051282,-0.0003984126984126,0.0005303264224664,-7.902175824175796e-05,-0.0004528884249084,-0.0004633821733821,-0.0006964714285714,-0.0006230827838827,-0.0004923875457875,-0.0005310409035409,-0.0005370449328449
-0.0005585492551892,-0.0005006141636141,-0.0003953714285714,0.0005272961172161,-8.206126984126955e-05,-0.0004468093528693,-0.0004633821733821,-0.0006934301587301,-0.0006200581440781,-0.0004893665445665,-0.0005310409035409,-0.0005370449328449
-0.0005524779975579,-0.0004884783882783,-0.0003892888888888,0.0005182052014652,-8.206126984126955e-05,-0.0004376907448107,-0.0004603335775335,-0.0006873476190476,-0.0006170335042735,-0.0004863455433455,-0.0005250062271062,-0.0005310102564102
-0.0005433711111111,-0.0004854444444444,-0.0003953714285714,0.0005121445909645,-7.294273504273476e-05,-0.0004407302808302,-0.0004572849816849,-0.0006843063492063,-0.0006140088644688,-0.0004893665445665,-0.0005280235653235,-0.0005310102564102
-0.0005464067399267,-0.0004793765567765,-0.0003832063492063,0.0005121445909645,-8.206126984126955e-05,-0.0004316116727716,-0.0004542363858363,-0.0006782238095238,-0.0006079595848595,-0.0004833245421245,-0.0005219888888888,-0.0005279929181929
-0.0005433711111111,-0.0004611728937728,-0.0003710412698412,0.0005000233699633,-8.510078144078116e-05,-0.0004164139926739,-0.0004481391941391,-0.0006660587301587,-0.000595861025641,-0.0004712405372405,-0.0005099195360195,-0.0005159235653235
-0.0005312285958485,-0.0004399352869352,-0.0003619174603174,0.0004848718437118,-8.510078144078116e-05,-0.0004012163125763,-0.0004359448107448,-0.0006508523809523,-0.0005837624664224,-0.0004591565323565,-0.0004978501831501,-0.0005068715506715
-0.0005130148229548,-0.0004217316239316,-0.0003588761904761,0.00046669001221,-7.598224664224636e-05,-0.0003890581684981,-0.0004298476190476,-0.0006386873015873,-0.0005746885470085,-0.0004470725274725,-0.0004918155067155,-0.0005038542124542
-0.0005069435653235,-0.0004095958485958,-0.0003588761904761,0.000457599096459,-7.294273504273476e-05,-0.000382979096459,-0.0004298476190476,-0.0006326047619047,-0.0005656146275946,-0.0004440515262515,-0.0004887981684981,-0.0005038542124542
-0.0005039079365079,-0.000400494017094,-0.0003527936507936,0.0004515384859584,-7.598224664224636e-05,-0.00037690002442,-0.0004328962148962,-0.0006265222222222,-0.0005595653479853,-0.0004410305250305,-0.0004857808302808,-0.0005008368742368
-0.0005008723076923,-0.00039746007326,-0.0003497523809523,0.0004485081807081,-7.598224664224636e-05,-0.0003738604884004,-0.0004389934065934,-0.0006204396825396,-0.0005504914285714,-0.0004349885225885,-0.0004797461538461,-0.0004948021978021
-0.0005008723076923,-0.0003944261294261,-0.0003497523809523,0.0004454778754578,-7.598224664224636e-05,-0.0003708209523809,-0.0004603335775335,-0.0006265222222222,-0.0005474667887667,-0.0004319675213675,-0.0004737114774114,-0.0004887675213675
-0.0005039079365079,-0.0004156637362637,-0.0003679999999999,0.000457599096459,-6.686371184371155e-05,-0.0003920977045177,-0.0004938681318681,-0.0006538936507936,-0.0005656146275946,-0.0004440515262515,-0.0004857808302808,-0.0004948021978021
-0.0005099791941391,-0.0004308334554334,-0.0003771238095238,0.0004697203174603,-6.686371184371155e-05,-0.0004042558485958,-0.0005060625152625,-0.0006721412698412,-0.0005807378266178,-0.0004561355311355,-0.0004948328449328,-0.0005008368742368
-0.000519086080586,-0.0004460031746031,-0.000380165079365,0.0004818415384615,-6.990322344322315e-05,-0.0004133744566544,-0.0004999653235653,-0.0006751825396825,-0.0005898117460317,-0.0004621775335775,-0.0005038848595848,-0.0005068715506715
-0.0005281929670329,-0.0004581389499389,-0.0003832063492063,0.0004909324542124,-7.294273504273476e-05,-0.0004194535286935,-0.0005030139194139,-0.0006903888888888,-0.0006049349450549,-0.0004742615384615,-0.0005069021978021,-0.0005098888888888
-0.0005221217094017,-0.0004672407814407,-0.0003923301587301,0.0004939627594627,-6.382420024419996e-05,-0.0004285721367521,-0.0005030139194139,-0.0006934301587301,-0.0006140088644688,-0.0004833245421245,-0.0005129368742368,-0.0005189409035409
-0.000519086080586,-0.0004672407814407,-0.0003984126984126,0.0004909324542124,-6.078468864468836e-05,-0.0004316116727716,-0.0004999653235653,-0.0006903888888888,-0.0006140088644688,-0.0004803035409035,-0.0005129368742368,-0.0005189409035409
-0.0005221217094017,-0.0004763426129426,-0.0004044952380952,0.000496993064713,-5.774517704517676e-05,-0.0004407302808302,-0.0005030139194139,-0.0006995126984126,-0.0006170335042735,-0.0004833245421245,-0.0005189715506715,-0.0005189409035409
-0.000519086080586,-0.0004915123321123,-0.0004197015873015,0.0005030536752136,-4.862664224664196e-05,-0.0004559279609279,-0.0005030139194139,-0.0007086365079365,-0.0006261074236874,-0.0004954085470085,-0.0005280235653235,-0.0005310102564102
-0.0005221217094017,-0.0005097159951159,-0.0004349079365079,0.0005151748962148,-4.254761904761877e-05,-0.0004711256410256,-0.0005060625152625,-0.000714719047619,-0.0006382059829059,-0.0005074925518925,-0.0005400929181929,-0.0005400622710622
-0.0005433711111111,-0.0005188178266178,-0.0004288253968253,0.0005303264224664,-5.774517704517676e-05,-0.0004741651770451,-0.0005030139194139,-0.000714719047619,-0.0006412306227106,-0.0005105135531135,-0.0005400929181929,-0.0005370449328449
-0.0005615848840048,-0.0005279196581196,-0.0004227428571428,0.0005424476434676,-6.990322344322315e-05,-0.0004741651770451,-0.0004969167277167,-0.0007177603174603,-0.0006382059829059,-0.0005074925518925,-0.0005370755799755,-0.0005370449328449
-0.0005706917704517,-0.0005339875457875,-0.0004166603174603,0.0005515385592185,-7.598224664224636e-05,-0.0004741651770451,-0.0004908195360195,-0.0007238428571428,-0.0006382059829059,-0.0005105135531135,-0.0005400929181929,-0.0005400622710622
-0.0005706917704517,-0.0005400554334554,-0.0004197015873015,0.0005545688644688,-7.598224664224636e-05,-0.0004802442490842,-0.0004847223443223,-0.0007238428571428,-0.0006412306227106,-0.0005165555555555,-0.0005461275946275,-0.0005460969474969
-0.0005797986568986,-0.0005491572649572,-0.0004227428571428,0.0005636597802197,-7.902175824175796e-05,-0.0004863233211233,-0.0004847223443223,-0.0007268841269841,-0.0006472799023199,-0.0005195765567765,-0.0005521622710622,-0.0005521316239316
-0.0005949768009768,-0.000558259096459,-0.0004197015873015,0.000575781001221,-8.814029304029276e-05,-0.0004893628571428,-0.0004816737484737,-0.0007299253968253,-0.0006533291819291,-0.0005225975579975,-0.0005521622710622,-0.0005551489621489
-0.0005889055433455,-0.000558259096459,-0.0004227428571428,0.0005727506959706,-8.206126984126955e-05,-0.0004893628571428,-0.0004877709401709,-0.0007329666666666,-0.0006563538217338,-0.0005256185592185,-0.0005581969474969,-0.0005581663003663
-0.0005858699145299,-0.000558259096459,-0.0004227428571428,0.0005697203907203,-8.206126984126955e-05,-0.0004893628571428,-0.0004877709401709,-0.0007360079365079,-0.0006563538217338,-0.0005286395604395,-0.0005612142857142,-0.0005672183150183
-0.0005858699145299,-0.0005552251526251,-0.0004227428571428,0.0005697203907203,-8.206126984126955e-05,-0.0004893628571428,-0.0004877709401709,-0.0007329666666666,-0.0006563538217338,-0.0005286395604395,-0.0005612142857142,-0.0005642009768009
-0.000576763028083,-0.0005461233211233,-0.0004227428571428,0.0005606294749694,-7.598224664224636e-05,-0.0004832837851037,-0.0004877709401709,-0.0007329666666666,-0.0006533291819291,-0.0005286395604395,-0.0005612142857142,-0.0005642009768009
-0.0005858699145299,-0.0005461233211233,-0.0004105777777777,0.0005636597802197,-8.814029304029276e-05,-0.0004772047130647,-0.0004816737484737,-0.0007329666666666,-0.0006472799023199,-0.0005225975579975,-0.0005551796092796,-0.0005581663003663
-0.0005949768009768,-0.000558259096459,-0.000413619047619,0.000575781001221,-9.117980463980436e-05,-0.0004863233211233,-0.0004816737484737,-0.0007329666666666,-0.0006442552625152,-0.0005225975579975,-0.0005551796092796,-0.0005581663003663
-0.0005858699145299,-0.0005552251526251,-0.0004197015873015,0.0005697203907203,-8.206126984126955e-05,-0.0004863233211233,-0.0004816737484737,-0.0007299253968253,-0.0006442552625152,-0.0005225975579975,-0.0005581969474969,-0.0005611836385836
-0.0005889055433455,-0.0005430893772893,-0.0004075365079365,0.0005636597802197,-9.117980463980436e-05,-0.0004741651770451,-0.0004816737484737,-0.0007208015873015,-0.0006382059829059,-0.0005135345543345,-0.0005521622710622,-0.0005551489621489
-0.0005889055433455,-0.0005339875457875,-0.0003984126984126,0.0005606294749694,-9.421931623931596e-05,-0.0004650465689865,-0.0004847223443223,-0.0007177603174603,-0.0006351813431013,-0.0005074925518925,-0.0005431102564102,-0.0005491142857142
-0.000576763028083,-0.0005309536019536,-0.0004044952380952,0.0005515385592185,-8.510078144078116e-05,-0.0004680861050061,-0.0004908195360195,-0.0007238428571428,-0.0006351813431013,-0.0005135345543345,-0.0005461275946275,-0.0005521316239316
-0.0005828342857142,-0.0005339875457875,-0.0004014539682539,0.0005575991697191,-9.117980463980436e-05,-0.0004680861050061,-0.0004938681318681,-0.0007299253968253,-0.0006351813431013,-0.0005105135531135,-0.0005461275946275,-0.0005521316239316
-0.0005858699145299,-0.0005279196581196,-0.0003892888888888,0.0005545688644688,-9.725882783882755e-05,-0.0004589674969474,-0.0004877709401709,-0.0007086365079365,-0.0006140088644688,-0.0005014505494505,-0.0005461275946275,-0.0005581663003663
-0.0005919411721611,-0.0005006141636141,-0.0003588761904761,0.0005454779487179,-0.0001154958974358,-0.0004285721367521,-0.0004755765567765,-0.0006660587301587,-0.0005595653479853,-0.0004712405372405,-0.0005400929181929,-0.0005642009768009
-0.0005889055433455,-0.0004126297924297,-0.0002767619047619,0.0005000233699633,-0.0001550095482295,-0.0003434651282051,-0.0004755765567765,-0.0006143571428571,-0.0004718507936507,-0.0004138415140415,-0.0005008675213675,-0.0005400622710622
-0.0005312285958485,-0.0002639665445665,-0.0001855238095238,0.0003969929914529,-0.0001732466178266,-0.0002249232234432,-0.0005091111111111,-0.0005048714285714,-0.0003387666422466,-0.0002899804639804,-0.0004103473748473,-0.0004797155067155
-0.000412839072039,-6.372625152625133e-05,-0.0001064507936507,0.0002363868131868,-0.00015197003663,-8.510456654456658e-05,-0.000570083028083,-0.0003710555555555,-0.0001603128937728,-8.455238095238147e-05,-0.0002504284493284,-0.0003741086691086
-0.0002610576312576,0.000242702075702,4.561269841269851e-05,9.113919413919444e-06,-0.00015197003663,0.0001428606349206,-0.000713367032967,-0.0004531698412698,6.042295482295402e-06,0.0001812957264957,6.04529914529899e-06,-0.0001598776556776
-9.106241758241784e-05,0.0006007074481074,0.0002311301587301,-0.0002545226373626,-0.0001610885714285,0.0004164188766788,-0.0009785948717948,-0.0007785857142857,9.073221001220992e-05,0.0004592278388278,0.0003258831501831,0.0001388388278388
6.982590964590935e-05,0.0008767963369963,0.0003436571428571,-0.0004727046153846,-0.0001367724786324,0.0006109491819291,-0.0013261347985347,-0.0012256523809523,2.419013431013423e-05,0.0006646559218559,0.0006064956043956,0.0004315206349206
0.0001517878876678,0.0010163577533577,0.0004044825396825,-0.0005817956043956,-0.0001246144322344,0.0007112538705738,-0.0016279457875457,-0.001593646031746,-0.0001330911355311,0.0007220549450549,0.0007573625152625,0.0006487689865689
0.0001153603418803,0.000728133089133,0.0001550984126984,-0.0004211894261294,-1.823152625152597e-05,0.0004407351648351,-0.0016889177045177,-0.0017700396825396,-0.0004627768742368,0.0004018288156288,0.0005491661782661,0.0005673008547008
-0.000118383076923,0.0001061746031746,-0.0002281015873015,6.083614163614193e-06,5.471675213675242e-05,-6.078827838827842e-05,-0.0014968561660561,-0.001909938095238,-0.0009346206837606,-0.0001872664224664,7.544407814407799e-05,0.0002534976800976
-0.0003946252991452,-0.0002154234432234,-0.0002706793650793,0.0003030535286935,-6.078468864468836e-05,-0.0002431604395604,-0.0012986974358974,-0.0020802492063492,-0.0012612817826617,-0.0005739545787545,-0.0002172377289377,6.038803418803358e-05
-0.0005585492551892,-0.0003792564102564,-0.0002737206349206,0.00046669001221,-0.0001428515018315,-0.0003252279120879,-0.0011462676434676,-0.0019890111111111,-0.0013368977777777,-0.0007370886446886,-0.0003831913308913,-8.746153846153906e-05
-0.0006071193162393,-0.0005036481074481,-0.0003497523809523,0.0005545688644688,-0.0001276539438339,-0.0004255326007326,-0.001030421001221,-0.0017213793650793,-0.0012401093040293,-0.0007552146520146,-0.0004857808302808,-0.0002383284493284
-0.0006314043467643,-0.0005400554334554,-0.0003619174603174,0.0005848719169719,-0.0001337329670329,-0.0004498488888888,-0.0009176229548229,-0.0014446238095238,-0.001082828034188,-0.0006947946275946,-0.0005159542124542,-0.0003379006105006
-0.0006283687179487,-0.0005339875457875,-0.0003588761904761,0.0005788113064713,-0.0001337329670329,-0.0004468093528693,-0.0007804361416361,-0.0011982809523809,-0.0009406699633699,-0.0006283326007326,-0.0005219888888888,-0.000404282051282
-0.0005949768009768,-0.0005188178266178,-0.0003740825396825,0.0005545688644688,-0.0001094168742368,-0.0004468093528693,-0.0006462979242979,-0.0009732269841269,-0.0008196843711843,-0.0005769755799755,-0.0005280235653235,-0.0004585941391941
-0.0005676561416361,-0.0004824105006105,-0.0003679999999999,0.0005242658119658,-0.0001002983394383,-0.0004255326007326,-0.0005426456654456,-0.0007968333333333,-0.0007138219780219,-0.0005225975579975,-0.0005159542124542,-0.0004766981684981
-0.0005585492551892,-0.000455105006105,-0.0003497523809523,0.0005060839804639,-0.0001033378510378,-0.0004012163125763,-0.0004969167277167,-0.0007025539682539,-0.0006442552625152,-0.0004863455433455,-0.0005008675213675,-0.0004766981684981
-0.0005555136263736,-0.0004581389499389,-0.0003527936507936,0.0005060839804639,-0.0001002983394383,-0.0004042558485958,-0.0004755765567765,-0.0006660587301587,-0.0006200581440781,-0.0004742615384615,-0.0005008675213675,-0.0004857501831501
-0.0005585492551892,-0.0004733086691086,-0.0003679999999999,0.0005151748962148,-9.421931623931596e-05,-0.0004194535286935,-0.0004603335775335,-0.0006508523809523,-0.0006170335042735,-0.0004833245421245,-0.0005129368742368,-0.0005038542124542
-0.0005646205128205,-0.0004824105006105,-0.0003740825396825,0.0005212355067155,-9.421931623931596e-05,-0.0004285721367521,-0.0004481391941391,-0.0006326047619047,-0.0006109842246642,-0.0004893665445665,-0.0005219888888888,-0.0005129062271062
-0.0005646205128205,-0.0004824105006105,-0.0003740825396825,0.0005212355067155,-9.421931623931596e-05,-0.0004285721367521,-0.0004389934065934,-0.0006143571428571,-0.0005988856654456,-0.0004863455433455,-0.0005219888888888,-0.0005219582417582
-0.0005646205128205,-0.0004854444444444,-0.0003740825396825,0.0005242658119658,-9.421931623931596e-05,-0.0004285721367521,-0.0004328962148962,-0.0005991507936507,-0.0005928363858363,-0.0004833245421245,-0.0005250062271062,-0.0005249755799755
-0.0005737273992673,-0.0004945462759462,-0.0003710412698412,0.0005333567277167,-0.0001002983394383,-0.0004316116727716,-0.0004298476190476,-0.0005900269841269,-0.0005867871062271,-0.0004833245421245,-0.0005280235653235,-0.0005279929181929
-0.0005797986568986,-0.0004975802197802,-0.0003679999999999,0.000536387032967,-0.0001063773626373,-0.0004316116727716,-0.000426799023199,-0.0005930682539682,-0.0005867871062271,-0.0004863455433455,-0.0005280235653235,-0.0005310102564102
-0.0005797986568986,-0.0004915123321123,-0.0003649587301587,0.0005333567277167,-0.0001063773626373,-0.0004285721367521,-0.0004298476190476,-0.0005869857142857,-0.0005837624664224,-0.0004833245421245,-0.0005280235653235,-0.0005279929181929
-0.0005706917704517,-0.0004854444444444,-0.0003679999999999,0.0005272961172161,-0.0001002983394383,-0.0004255326007326,-0.0004328962148962,-0.0005839444444444,-0.0005807378266178,-0.0004803035409035,-0.0005280235653235,-0.0005310102564102
-0.0005615848840048,-0.0004824105006105,-0.0003679999999999,0.0005212355067155,-9.725882783882755e-05,-0.0004255326007326,-0.0004359448107448,-0.0005778619047619,-0.0005777131868131,-0.0004803035409035,-0.0005250062271062,-0.0005310102564102
-0.0005676561416361,-0.0004854444444444,-0.0003710412698412,0.0005242658119658,-9.725882783882755e-05,-0.0004285721367521,-0.0004328962148962,-0.0005717793650793,-0.0005746885470085,-0.0004803035409035,-0.0005250062271062,-0.0005340275946275
-0.0005706917704517,-0.0004854444444444,-0.0003679999999999,0.0005272961172161,-0.0001002983394383,-0.0004255326007326,-0.000426799023199,-0.0005717793650793,-0.0005777131868131,-0.0004803035409035,-0.0005310409035409,-0.0005340275946275
-0.0005858699145299,-0.0004793765567765,-0.0003436698412698,0.0005303264224664,-0.0001215749206349,-0.0004103349206349,-0.0004207018315018,-0.0005626555555555,-0.0005686392673992,-0.0004742615384615,-0.0005219888888888,-0.0005249755799755
-0.0005949768009768,-0.0004793765567765,-0.0003375873015873,0.000536387032967,-0.0001276539438339,-0.0004072953846153,-0.0004237504273504,-0.0005535317460317,-0.0005625899877899,-0.0004682195360195,-0.0005189715506715,-0.0005249755799755
-0.0005706917704517,-0.0004884783882783,-0.0003679999999999,0.0005272961172161,-0.0001002983394383,-0.0004285721367521,-0.000426799023199,-0.0005413666666666,-0.0005625899877899,-0.0004742615384615,-0.0005250062271062,-0.0005340275946275
-0.0005524779975579,-0.0004945462759462,-0.0003923301587301,0.0005212355067155,-7.902175824175796e-05,-0.0004437698168498,-0.0004237504273504,-0.0005352841269841,-0.0005565407081807,-0.0004742615384615,-0.0005280235653235,-0.0005340275946275
-0.0005555136263736,-0.0004915123321123,-0.0003892888888888,0.0005212355067155,-8.206126984126955e-05,-0.0004407302808302,-0.0004176532356532,-0.0005292015873015,-0.000553516068376,-0.0004712405372405,-0.0005280235653235,-0.0005340275946275
-0.0005615848840048,-0.0004975802197802,-0.0003892888888888,0.0005272961172161,-8.510078144078116e-05,-0.0004437698168498,-0.0004176532356532,-0.0005261603174603,-0.000553516068376,-0.0004712405372405,-0.0005280235653235,-0.0005370449328449
-0.0005646205128205,-0.0004975802197802,-0.000380165079365,0.0005303264224664,-9.117980463980436e-05,-0.0004376907448107,-0.0004176532356532,-0.0005170365079365,-0.000553516068376,-0.0004712405372405,-0.0005280235653235,-0.0005340275946275
-0.0005615848840048,-0.0004945462759462,-0.0003832063492063,0.0005272961172161,-8.814029304029276e-05,-0.0004376907448107,-0.0004207018315018,-0.0005109539682539,-0.000553516068376,-0.0004712405372405,-0.0005250062271062,-0.0005340275946275
-0.0005615848840048,-0.0004915123321123,-0.000380165079365,0.0005242658119658,-9.117980463980436e-05,-0.0004346512087912,-0.0004237504273504,-0.0005079126984126,-0.0005504914285714,-0.0004712405372405,-0.0005280235653235,-0.0005340275946275
-0.0005615848840048,-0.0004824105006105,-0.0003710412698412,0.0005212355067155,-9.421931623931596e-05,-0.0004255326007326,-0.0004207018315018,-0.0005018301587301,-0.0005474667887667,-0.0004712405372405,-0.0005280235653235,-0.0005370449328449
-0.0005676561416361,-0.0004763426129426,-0.0003588761904761,0.0005212355067155,-0.0001033378510378,-0.0004164139926739,-0.0004176532356532,-0.0004957476190476,-0.0005474667887667,-0.0004712405372405,-0.0005310409035409,-0.0005400622710622
-0.0005585492551892,-0.0004642068376068,-0.0003558349206349,0.0005091142857142,-0.0001002983394383,-0.0004103349206349,-0.0004237504273504,-0.0004927063492063,-0.0005474667887667,-0.0004772825396825,-0.0005340582417582,-0.0005460969474969
-0.0005464067399267,-0.0004581389499389,-0.0003619174603174,0.0005000233699633,-9.117980463980436e-05,-0.0004103349206349,-0.0004298476190476,-0.0004805412698412,-0.0005444421489621,-0.0004772825396825,-0.0005400929181929,-0.0005551489621489
-0.0005494423687423,-0.0004702747252747,-0.0003710412698412,0.0005091142857142,-8.814029304029276e-05,-0.0004194535286935,-0.0004237504273504,-0.0004653349206349,-0.0005353682295482,-0.0004742615384615,-0.0005400929181929,-0.0005611836385836
-0.0005646205128205,-0.0004793765567765,-0.0003740825396825,0.0005212355067155,-9.421931623931596e-05,-0.0004255326007326,-0.000411556043956,-0.0004470873015873,-0.0005232696703296,-0.0004621775335775,-0.0005340582417582,-0.0005521316239316
-0.0005585492551892,-0.0004854444444444,-0.0003832063492063,0.0005212355067155,-8.814029304029276e-05,-0.0004346512087912,-0.0004024102564102,-0.0004349222222222,-0.0005141957509157,-0.0004561355311355,-0.0005310409035409,-0.0005460969474969
-0.0005494423687423,-0.0004884783882783,-0.0003892888888888,0.0005182052014652,-7.902175824175796e-05,-0.0004376907448107,-0.0003993616605616,-0.0004257984126984,-0.0005111711111111,-0.0004561355311355,-0.0005280235653235,-0.0005430796092796
-0.0005433711111111,-0.0004884783882783,-0.0003984126984126,0.0005151748962148,-7.294273504273476e-05,-0.0004437698168498,-0.0003993616605616,-0.000410592063492,-0.0005111711111111,-0.0004531145299145,-0.0005219888888888,-0.0005430796092796
-0.0005433711111111,-0.0004915123321123,-0.0004014539682539,0.0005151748962148,-6.990322344322315e-05,-0.0004468093528693,-0.0003993616605616,-0.0003984269841269,-0.0005081464713064,-0.0004531145299145,-0.0005250062271062,-0.0005430796092796
-0.0005433711111111,-0.0004915123321123,-0.0004014539682539,0.0005151748962148,-6.990322344322315e-05,-0.0004468093528693,-0.000396313064713,-0.0003862619047619,-0.0005020971916971,-0.0004561355311355,-0.0005280235653235,-0.0005460969474969
-0.0005464067399267,-0.0004854444444444,-0.0003892888888888,0.0005151748962148,-7.902175824175796e-05,-0.0004376907448107,-0.0003902158730158,-0.0003740968253968,-0.0004960479120879,-0.0004561355311355,-0.0005280235653235,-0.0005491142857142
-0.0005555136263736,-0.0004824105006105,-0.0003771238095238,0.0005182052014652,-8.814029304029276e-05,-0.0004285721367521,-0.00038107008547,-0.0003528079365079,-0.0004839493528693,-0.0004470725274725,-0.0005219888888888,-0.0005430796092796
-0.0005464067399267,-0.0004854444444444,-0.0003892888888888,0.0005151748962148,-7.902175824175796e-05,-0.0004376907448107,-0.0003780214896214,-0.0003345603174603,-0.0004809247130647,-0.0004440515262515,-0.0005219888888888,-0.0005460969474969
-0.0005281929670329,-0.0004824105006105,-0.0004044952380952,0.0005030536752136,-6.078468864468836e-05,-0.0004437698168498,-0.0003841186813186,-0.0003163126984126,-0.0004809247130647,-0.0004470725274725,-0.0005250062271062,-0.0005491142857142
-0.000519086080586,-0.0004763426129426,-0.0004105777777777,0.000496993064713,-5.470566544566516e-05,-0.0004437698168498,-0.00038107008547,-0.000298065079365,-0.0004748754334554,-0.0004440515262515,-0.0005250062271062,-0.0005491142857142
-0.0005221217094017,-0.0004733086691086,-0.0004014539682539,0.000496993064713,-6.078468864468836e-05,-0.0004376907448107,-0.0003749728937728,-0.0002737349206349,-0.0004658015140415,-0.0004380095238095,-0.0005189715506715,-0.0005400622710622
-0.0005221217094017,-0.0004642068376068,-0.0003953714285714,0.0004909324542124,-6.382420024419996e-05,-0.0004285721367521,-0.0003688757020757,-0.0002494047619047,-0.0004537029548229,-0.0004289465201465,-0.0005129368742368,-0.0005340275946275
-0.0005281929670329,-0.0004611728937728,-0.0003862476190476,0.0004939627594627,-6.990322344322315e-05,-0.000422493064713,-0.0003627785103785,-0.0002250746031746,-0.0004385797557997,-0.0004198835164835,-0.0005038848595848,-0.0005249755799755
-0.0005221217094017,-0.0004581389499389,-0.0003923301587301,0.0004879021489621,-6.382420024419996e-05,-0.0004255326007326,-0.0003597299145299,-0.0002007444444444,-0.0004355551159951,-0.0004168625152625,-0.0005008675213675,-0.0005249755799755
-0.0005039079365079,-0.000452071062271,-0.0004014539682539,0.0004757809279609,-5.166615384615356e-05,-0.0004255326007326,-0.0003597299145299,-0.0001824968253968,-0.0004355551159951,-0.0004198835164835,-0.0005069021978021,-0.0005310102564102
-0.0005039079365079,-0.0004399352869352,-0.0003892888888888,0.0004697203174603,-5.774517704517676e-05,-0.0004133744566544,-0.0003566813186813,-0.0001581666666666,-0.0004295058363858,-0.0004198835164835,-0.0005069021978021,-0.0005279929181929
-0.000494801050061,-0.0004156637362637,-0.0003740825396825,0.0004545687912087,-6.078468864468836e-05,-0.0003951372405372,-0.0003597299145299,-0.0001307952380952,-0.0004174072771672,-0.0004108205128205,-0.0004978501831501,-0.0005189409035409
-0.0004856941636141,-0.0004035279609279,-0.0003710412698412,0.0004424475702075,-5.774517704517676e-05,-0.0003860186324786,-0.0003566813186813,-0.0001003825396825,-0.000402284078144,-0.0003957155067155,-0.0004857808302808,-0.0005098888888888
-0.0004826585347985,-0.0004035279609279,-0.0003740825396825,0.0004424475702075,-5.470566544566516e-05,-0.0003890581684981,-0.0003444869352869,-7.30111111111108e-05,-0.0003901855189255,-0.0003836315018315,-0.0004797461538461,-0.0005068715506715
-0.0004796229059829,-0.0003944261294261,-0.0003649587301587,0.0004363869597069,-5.774517704517676e-05,-0.0003799395604395,-0.0003353411477411,-4.563968253968224e-05,-0.0003720376800976,-0.0003715474969474,-0.0004676768009768,-0.0004917848595848
-0.0004856941636141,-0.0003701545787545,-0.0003406285714285,0.000427296043956,-7.294273504273476e-05,-0.0003556232722832,-0.0003292439560439,-2.130952380952351e-05,-0.0003569144810744,-0.0003564424908424,-0.0004465554334554,-0.0004676461538461
-0.000470516019536,-0.0003519509157509,-0.000334546031746,0.0004091142124542,-6.686371184371155e-05,-0.0003434651282051,-0.0003322925518925,-3.061904761904461e-06,-0.0003508652014652,-0.0003473794871794,-0.000434486080586,-0.0004555768009768
-0.0004523022466422,-0.0003337472527472,-0.0003315047619047,0.0003909323809523,-6.078468864468836e-05,-0.0003313069841269,-0.0003383897435897,9.103174603174904e-06,-0.0003417912820512,-0.0003443584859584,-0.000425434065934,-0.0004465247863247
-0.0004462309890109,-0.0003125096459096,-0.0003223809523809,0.0003788111599511,-6.078468864468836e-05,-0.0003161093040293,-0.0003414383394383,2.1268253968254267e-05,-0.000335742002442,-0.0003383164835164,-0.0004193993894993,-0.0004344554334554
-0.0004431953601953,-0.0002943059829059,-0.0003041333333333,0.0003666899389499,-6.990322344322315e-05,-0.000297872087912,-0.0003414383394383,2.735079365079395e-05,-0.0003296927228327,-0.0003292534798534,-0.00040733003663,-0.000422386080586
-0.0004371241025641,-0.0002730683760683,-0.0002828444444444,0.0003545687179487,-7.598224664224636e-05,-0.0002765953357753,-0.0003414383394383,3.039206349206379e-05,-0.0003236434432234,-0.0003171694749694,-0.0003922433455433,-0.0004072993894993
-0.0004371241025641,-0.0002518307692307,-0.000267638095238,0.0003424474969474,-8.510078144078116e-05,-0.0002583581196581,-0.0003414383394383,3.039206349206379e-05,-0.0003145695238095,-0.0003050854700854,-0.0003801739926739,-0.00039523003663
-0.0004340884737484,-0.000236661050061,-0.000255473015873,0.0003333565811965,-8.814029304029276e-05,-0.0002461999755799,-0.0003475355311355,1.8226984126984425e-05,-0.0003115448840048,-0.0002990434676434,-0.0003711219780219,-0.0003801433455433
-0.0004280172161172,-0.0002245252747252,-0.0002524317460317,0.0003242656654456,-8.814029304029276e-05,-0.0002370813675213,-0.0003566813186813,-2.063492063462036e-08,-0.0003175941636141,-0.0002960224664224,-0.0003650873015873,-0.0003741086691086
-0.0004219459584859,-0.0002123894993894,-0.0002433079365079,0.0003151747496947,-8.814029304029276e-05,-0.0002279627594627,-0.0003658271062271,-2.7392063492063188e-05,-0.0003206188034188,-0.0002990434676434,-0.0003590526251526,-0.0003620393162393
-0.0004249815873015,-0.0002032876678876,-0.0002281015873015,0.0003121444444444,-9.725882783882755e-05,-0.0002158046153846,-0.0003749728937728,-6.084603174603144e-05,-0.000326668083028,-0.0002960224664224,-0.0003530179487179,-0.0003499699633699
-0.0004340884737484,-0.0001911518925518,-0.0002098539682539,0.0003121444444444,-0.0001124563858363,-0.0002006069352869,-0.0003902158730158,-0.0001003825396825,-0.0003327173626373,-0.0002960224664224,-0.0003409485958485,-0.0003379006105006
-0.0004492666178266,-0.00018205006105,-0.000188565079365,0.0003151747496947,-0.0001306934554334,-0.0001854092551892,-0.0004024102564102,-0.0001460015873015,-0.0003387666422466,-0.0002930014652014,-0.0003349139194139,-0.0003318659340659
-0.0004553378754578,-0.0001941858363858,-0.0001916063492063,0.0003242656654456,-0.0001306934554334,-0.0001914883272283,-0.000411556043956,-0.0002007444444444,-0.0003538898412698,-0.0002990434676434,-0.0003409485958485,-0.0003379006105006
-0.0004644447619047,-0.0002154234432234,-0.0002037714285714,0.0003394171916971,-0.0001306934554334,-0.0002097255433455,-0.0004146046398046,-0.0002585285714285,-0.0003720376800976,-0.0003111274725274,-0.0003500006105006,-0.0003439352869352
-0.0004765872771672,-0.0002336271062271,-0.0002068126984126,0.0003545687179487,-0.0001337329670329,-0.0002188441514041,-0.0004176532356532,-0.0003102301587301,-0.0003901855189255,-0.0003201904761904,-0.0003590526251526,-0.0003499699633699
-0.0004735516483516,-0.0002518307692307,-0.0002281015873015,0.0003606293284493,-0.0001215749206349,-0.0002401209035409,-0.0004298476190476,-0.0003588904761904,-0.0004113579975579,-0.0003352954822954,-0.0003711219780219,-0.0003620393162393
-0.0004796229059829,-0.0002730683760683,-0.0002433079365079,0.0003757808547008,-0.0001185354090354,-0.0002583581196581,-0.0004389934065934,-0.0004075507936507,-0.0004416043956043,-0.0003564424908424,-0.000389226007326,-0.000386178021978
-0.0004917654212454,-0.0003003738705738,-0.0002615555555555,0.0003939626862026,-0.0001154958974358,-0.0002796348717948,-0.0004450905982905,-0.0004501285714285,-0.0004627768742368,-0.0003775894993894,-0.0004103473748473,-0.0004103167277167
-0.0005099791941391,-0.000342849084249,-0.0002858857142857,0.0004242657387057,-0.0001124563858363,-0.0003130697680097,-0.000442042002442,-0.000489665079365,-0.0004839493528693,-0.0003957155067155,-0.0004314687423687,-0.000431438095238
-0.0005281929670329,-0.0003822903540903,-0.0003041333333333,0.0004545687912087,-0.0001124563858363,-0.0003434651282051,-0.0004389934065934,-0.000523119047619,-0.0005051218315018,-0.0004108205128205,-0.0004465554334554,-0.0004465247863247
-0.0005433711111111,-0.0004095958485958,-0.0003162984126984,0.0004757809279609,-0.0001124563858363,-0.0003617023443223,-0.000442042002442,-0.000556573015873,-0.0005293189499389,-0.0004289465201465,-0.0004646594627594,-0.0004585941391941
-0.0005555136263736,-0.0004308334554334,-0.0003284634920634,0.0004909324542124,-0.0001124563858363,-0.0003799395604395,-0.0004450905982905,-0.0005809031746031,-0.0005474667887667,-0.0004470725274725,-0.0004767288156288,-0.0004736808302808
-0.0005646205128205,-0.000455105006105,-0.0003436698412698,0.0005091142857142,-0.0001094168742368,-0.0003981767765567,-0.0004450905982905,-0.0006082746031746,-0.0005686392673992,-0.0004651985347985,-0.0004948328449328,-0.0004978195360195
-0.0005585492551892,-0.0004733086691086,-0.0003679999999999,0.0005151748962148,-9.421931623931596e-05,-0.0004194535286935,-0.0004481391941391,-0.0006295634920634,-0.0005837624664224,-0.0004772825396825,-0.0005129368742368,-0.0005159235653235
-0.0005555136263736,-0.0004854444444444,-0.0003862476190476,0.0005182052014652,-8.510078144078116e-05,-0.0004346512087912,-0.0004511877899877,-0.0006447698412698,-0.0005988856654456,-0.0004923875457875,-0.0005250062271062,-0.0005249755799755
-0.0005706917704517,-0.0004915123321123,-0.0003771238095238,0.0005303264224664,-9.725882783882755e-05,-0.0004346512087912,-0.0004511877899877,-0.0006630174603174,-0.0006140088644688,-0.0005044715506715,-0.0005340582417582,-0.0005279929181929
-0.0005828342857142,-0.0004884783882783,-0.0003588761904761,0.0005333567277167,-0.0001124563858363,-0.000422493064713,-0.0004511877899877,-0.0006782238095238,-0.0006230827838827,-0.0005105135531135,-0.0005340582417582,-0.0005279929181929
-0.0005797986568986,-0.0005036481074481,-0.0003740825396825,0.0005394173382173,-0.0001033378510378,-0.0004376907448107,-0.0004511877899877,-0.000681265079365,-0.0006261074236874,-0.0005165555555555,-0.0005400929181929,-0.0005340275946275
-0.0005797986568986,-0.0005370214896214,-0.0004105777777777,0.0005575991697191,-8.510078144078116e-05,-0.0004741651770451,-0.000442042002442,-0.0006782238095238,-0.0006230827838827,-0.0005165555555555,-0.0005491449328449,-0.0005400622710622
-0.0005828342857142,-0.000561293040293,-0.0004318666666666,0.0005697203907203,-7.598224664224636e-05,-0.0004954419291819,-0.0004328962148962,-0.0006751825396825,-0.0006230827838827,-0.0005165555555555,-0.0005521622710622,-0.0005460969474969
-0.0005858699145299,-0.0005643269841269,-0.0004349079365079,0.0005727506959706,-7.598224664224636e-05,-0.0004984814652014,-0.0004389934065934,-0.000681265079365,-0.000629132063492,-0.0005195765567765,-0.0005521622710622,-0.0005491142857142
-0.0005797986568986,-0.0005552251526251,-0.0004288253968253,0.00056669008547,-7.598224664224636e-05,-0.0004924023931623,-0.0004450905982905,-0.000681265079365,-0.0006351813431013,-0.0005225975579975,-0.0005491449328449,-0.0005491142857142
-0.0005889055433455,-0.0005552251526251,-0.0004227428571428,0.0005697203907203,-8.206126984126955e-05,-0.0004893628571428,-0.000442042002442,-0.0006843063492063,-0.0006382059829059,-0.0005286395604395,-0.0005551796092796,-0.0005551489621489
-0.0005949768009768,-0.0005552251526251,-0.0004105777777777,0.0005727506959706,-9.117980463980436e-05,-0.0004832837851037,-0.0004389934065934,-0.0006873476190476,-0.0006412306227106,-0.0005316605616605,-0.0005581969474969,-0.0005581663003663
-0.000601048058608,-0.000558259096459,-0.0004014539682539,0.0005788113064713,-0.0001002983394383,-0.0004802442490842,-0.0004328962148962,-0.0006843063492063,-0.0006382059829059,-0.0005286395604395,-0.0005551796092796,-0.0005551489621489
-0.0006040836874236,-0.0005673609279609,-0.000413619047619,0.0005848719169719,-9.421931623931596e-05,-0.0004893628571428,-0.0004328962148962,-0.0006843063492063,-0.0006351813431013,-0.0005286395604395,-0.0005551796092796,-0.0005581663003663
-0.0005889055433455,-0.0005673609279609,-0.0004288253968253,0.000575781001221,-7.902175824175796e-05,-0.0004984814652014,-0.0004389934065934,-0.0006873476190476,-0.0006412306227106,-0.0005377025641025,-0.0005642316239316,-0.0005672183150183
-0.0005858699145299,-0.0005673609279609,-0.0004318666666666,0.000575781001221,-7.598224664224636e-05,-0.0004984814652014,-0.000442042002442,-0.0006903888888888,-0.0006472799023199,-0.0005437445665445,-0.0005702663003663,-0.0005702356532356
-0.0005980124297924,-0.0005673609279609,-0.0004197015873015,0.0005818416117216,-8.814029304029276e-05,-0.0004924023931623,-0.0004389934065934,-0.0006903888888888,-0.0006472799023199,-0.0005467655677655,-0.0005732836385836,-0.0005732529914529
-0.0005980124297924,-0.0005734288156288,-0.0004257841269841,0.0005848719169719,-8.510078144078116e-05,-0.0004984814652014,-0.0004328962148962,-0.0006843063492063,-0.0006442552625152,-0.0005467655677655,-0.0005732836385836,-0.0005762703296703
-0.0005889055433455,-0.0005764627594627,-0.0004349079365079,0.0005818416117216,-7.598224664224636e-05,-0.0005045605372405,-0.0004359448107448,-0.000681265079365,-0.0006412306227106,-0.0005437445665445,-0.0005732836385836,-0.0005762703296703
-0.0005889055433455,-0.0005764627594627,-0.0004379492063492,0.0005818416117216,-7.598224664224636e-05,-0.00050760007326,-0.0004328962148962,-0.0006782238095238,-0.0006382059829059,-0.0005407235653235,-0.0005702663003663,-0.0005732529914529
-0.0006071193162393,-0.0005794967032967,-0.0004227428571428,0.0005909325274725,-9.117980463980436e-05,-0.000501521001221,-0.0004237504273504,-0.0006721412698412,-0.0006321567032967,-0.0005407235653235,-0.0005702663003663,-0.0005732529914529
-0.0006071193162393,-0.0005825306471306,-0.0004288253968253,0.0005939628327228,-8.814029304029276e-05,-0.0005045605372405,-0.0004176532356532,-0.0006721412698412,-0.0006351813431013,-0.0005437445665445,-0.0005763009768009,-0.0005792876678876
-0.0005980124297924,-0.0005794967032967,-0.0004349079365079,0.0005879022222222,-8.206126984126955e-05,-0.00050760007326,-0.0004207018315018,-0.0006690999999999,-0.0006382059829059,-0.0005467655677655,-0.0005793183150183,-0.0005853223443223
-0.0005980124297924,-0.0005734288156288,-0.0004257841269841,0.0005848719169719,-8.510078144078116e-05,-0.0004984814652014,-0.0004207018315018,-0.0006630174603174,-0.0006351813431013,-0.0005437445665445,-0.0005763009768009,-0.0005792876678876
-0.0005889055433455,-0.0005734288156288,-0.0004349079365079,0.0005788113064713,-7.598224664224636e-05,-0.0005045605372405,-0.0004298476190476,-0.0006660587301587,-0.0006351813431013,-0.0005467655677655,-0.0005823356532356,-0.000582305006105
-0.0005858699145299,-0.0005825306471306,-0.000447073015873,0.0005818416117216,-6.990322344322315e-05,-0.0005136791452991,-0.000426799023199,-0.0006630174603174,-0.0006351813431013,-0.0005437445665445,-0.0005823356532356,-0.0005853223443223
-0.0006040836874236,-0.0005916324786324,-0.0004379492063492,0.0005969931379731,-8.206126984126955e-05,-0.0005136791452991,-0.0004176532356532,-0.0006538936507936,-0.0006261074236874,-0.0005377025641025,-0.0005732836385836,-0.0005732529914529
-0.0006101549450549,-0.0005855645909645,-0.0004288253968253,0.0005969931379731,-9.117980463980436e-05,-0.00050760007326,-0.000411556043956,-0.0006508523809523,-0.0006230827838827,-0.0005377025641025,-0.0005702663003663,-0.0005702356532356
-0.0005980124297924,-0.0005794967032967,-0.0004379492063492,0.0005879022222222,-7.902175824175796e-05,-0.00050760007326,-0.0004237504273504,-0.0006508523809523,-0.000629132063492,-0.0005437445665445,-0.0005763009768009,-0.0005762703296703
-0.0005889055433455,-0.0005764627594627,-0.0004409904761904,0.0005818416117216,-7.294273504273476e-05,-0.00050760007326,-0.000426799023199,-0.0006508523809523,-0.000629132063492,-0.0005467655677655,-0.0005793183150183,-0.000582305006105
-0.0005889055433455,-0.0005825306471306,-0.0004440317460317,0.0005848719169719,-7.294273504273476e-05,-0.0005136791452991,-0.0004237504273504,-0.0006478111111111,-0.0006261074236874,-0.0005467655677655,-0.0005823356532356,-0.0005853223443223
-0.0005980124297924,-0.0005885985347985,-0.0004409904761904,0.0005909325274725,-7.902175824175796e-05,-0.0005136791452991,-0.0004146046398046,-0.0006417285714285,-0.0006170335042735,-0.0005377025641025,-0.0005763009768009,-0.000582305006105
-0.0006071193162393,-0.0005825306471306,-0.0004257841269841,0.0005939628327228,-9.117980463980436e-05,-0.0005045605372405,-0.0004085074481074,-0.0006417285714285,-0.0006140088644688,-0.0005316605616605,-0.0005732836385836,-0.0005762703296703
-0.000601048058608,-0.0005764627594627,-0.0004288253968253,0.0005879022222222,-8.510078144078116e-05,-0.000501521001221,-0.0004146046398046,-0.0006447698412698,-0.0006200581440781,-0.0005346815628815,-0.0005732836385836,-0.0005762703296703
-0.0005919411721611,-0.0005734288156288,-0.0004318666666666,0.0005818416117216,-7.902175824175796e-05,-0.000501521001221,-0.0004207018315018,-0.0006478111111111,-0.0006230827838827,-0.0005316605616605,-0.0005702663003663,-0.0005762703296703
-0.0005858699145299,-0.0005825306471306,-0.000447073015873,0.0005818416117216,-6.990322344322315e-05,-0.0005136791452991,-0.0004237504273504,-0.0006447698412698,-0.0006261074236874,-0.0005316605616605,-0.0005702663003663,-0.0005762703296703
-0.0005828342857142,-0.0005825306471306,-0.000447073015873,0.0005818416117216,-6.686371184371155e-05,-0.0005136791452991,-0.0004237504273504,-0.0006478111111111,-0.0006230827838827,-0.0005316605616605,-0.0005702663003663,-0.0005762703296703
-0.0005858699145299,-0.0005703948717948,-0.0004318666666666,0.000575781001221,-7.598224664224636e-05,-0.000501521001221,-0.0004237504273504,-0.0006478111111111,-0.0006170335042735,-0.0005286395604395,-0.0005642316239316,-0.0005642009768009
-0.0005889055433455,-0.000561293040293,-0.0004227428571428,0.0005727506959706,-8.206126984126955e-05,-0.0004924023931623,-0.0004237504273504,-0.0006478111111111,-0.0006140088644688,-0.0005256185592185,-0.0005581969474969,-0.0005581663003663
-0.0005828342857142,-0.0005643269841269,-0.0004318666666666,0.0005727506959706,-7.598224664224636e-05,-0.0004984814652014,-0.000426799023199,-0.0006447698412698,-0.0006170335042735,-0.0005225975579975,-0.0005581969474969,-0.0005581663003663
-0.000576763028083,-0.0005703948717948,-0.0004409904761904,0.0005727506959706,-6.686371184371155e-05,-0.0005045605372405,-0.0004328962148962,-0.0006508523809523,-0.0006200581440781,-0.0005256185592185,-0.0005642316239316,-0.0005672183150183
-0.0005797986568986,-0.000561293040293,-0.0004318666666666,0.0005697203907203,-7.294273504273476e-05,-0.0004954419291819,-0.0004328962148962,-0.0006508523809523,-0.0006200581440781,-0.0005225975579975,-0.0005612142857142,-0.0005672183150183
-0.0005889055433455,-0.0005521912087912,-0.0004197015873015,0.0005697203907203,-8.510078144078116e-05,-0.0004863233211233,-0.0004298476190476,-0.0006508523809523,-0.0006170335042735,-0.0005165555555555,-0.0005551796092796,-0.0005642009768009
-0.0005889055433455,-0.0005430893772893,-0.000413619047619,0.0005636597802197,-8.814029304029276e-05,-0.0004772047130647,-0.0004298476190476,-0.0006538936507936,-0.0006140088644688,-0.0005135345543345,-0.0005521622710622,-0.0005581663003663
-0.0005797986568986,-0.0005491572649572,-0.0004227428571428,0.0005636597802197,-7.902175824175796e-05,-0.0004863233211233,-0.0004359448107448,-0.0006538936507936,-0.0006170335042735,-0.0005165555555555,-0.0005521622710622,-0.0005581663003663
-0.000576763028083,-0.0005521912087912,-0.0004288253968253,0.0005636597802197,-7.294273504273476e-05,-0.0004893628571428,-0.000442042002442,-0.0006599761904761,-0.0006261074236874,-0.0005256185592185,-0.0005581969474969,-0.0005611836385836
-0.0005797986568986,-0.0005491572649572,-0.0004227428571428,0.0005636597802197,-7.902175824175796e-05,-0.0004863233211233,-0.0004450905982905,-0.0006630174603174,-0.000629132063492,-0.0005286395604395,-0.0005581969474969,-0.0005642009768009
-0.0005858699145299,-0.0005521912087912,-0.0004197015873015,0.00056669008547,-8.206126984126955e-05,-0.0004863233211233,-0.000442042002442,-0.0006630174603174,-0.0006261074236874,-0.0005225975579975,-0.0005521622710622,-0.0005611836385836
-0.0005919411721611,-0.0005552251526251,-0.0004105777777777,0.0005727506959706,-9.117980463980436e-05,-0.0004832837851037,-0.0004389934065934,-0.0006569349206349,-0.0006170335042735,-0.0005135345543345,-0.0005461275946275,-0.0005491142857142
-0.0005828342857142,-0.0005521912087912,-0.0004227428571428,0.00056669008547,-7.902175824175796e-05,-0.0004863233211233,-0.0004450905982905,-0.0006569349206349,-0.0006170335042735,-0.0005105135531135,-0.0005400929181929,-0.0005430796092796
-0.0005676561416361,-0.000558259096459,-0.0004409904761904,0.0005606294749694,-6.382420024419996e-05,-0.0004984814652014,-0.0004542363858363,-0.0006660587301587,-0.0006230827838827,-0.0005105135531135,-0.0005461275946275,-0.0005491142857142
-0.0005706917704517,-0.0005552251526251,-0.0004409904761904,0.0005606294749694,-6.382420024419996e-05,-0.0004984814652014,-0.0004572849816849,-0.0006721412698412,-0.0006261074236874,-0.0005135345543345,-0.0005491449328449,-0.0005551489621489
-0.0005828342857142,-0.0005521912087912,-0.0004227428571428,0.00056669008547,-7.902175824175796e-05,-0.0004863233211233,-0.0004542363858363,-0.0006751825396825,-0.000629132063492,-0.0005195765567765,-0.0005491449328449,-0.0005581663003663
-0.0005889055433455,-0.0005491572649572,-0.0004105777777777,0.00056669008547,-8.814029304029276e-05,-0.0004802442490842,-0.0004572849816849,-0.0006782238095238,-0.0006351813431013,-0.0005225975579975,-0.0005521622710622,-0.0005611836385836
-0.0005828342857142,-0.0005521912087912,-0.0004197015873015,0.00056669008547,-8.206126984126955e-05,-0.0004863233211233,-0.0004572849816849,-0.0006782238095238,-0.0006382059829059,-0.0005225975579975,-0.0005521622710622,-0.0005581663003663
-0.000576763028083,-0.000558259096459,-0.0004318666666666,0.00056669008547,-7.294273504273476e-05,-0.0004954419291819,-0.0004572849816849,-0.0006751825396825,-0.0006321567032967,-0.0005165555555555,-0.0005491449328449,-0.0005521316239316
-0.0005919411721611,-0.000558259096459,-0.0004197015873015,0.0005727506959706,-8.510078144078116e-05,-0.0004893628571428,-0.0004511877899877,-0.0006751825396825,-0.000629132063492,-0.0005135345543345,-0.0005400929181929,-0.0005460969474969
-0.0005949768009768,-0.0005521912087912,-0.0004075365079365,0.0005727506959706,-9.421931623931596e-05,-0.0004802442490842,-0.0004542363858363,-0.0006782238095238,-0.0006321567032967,-0.0005165555555555,-0.0005431102564102,-0.0005491142857142
-0.0005737273992673,-0.0005430893772893,-0.0004197015873015,0.0005575991697191,-7.598224664224636e-05,-0.0004802442490842,-0.0004694793650793,-0.0006873476190476,-0.0006442552625152,-0.0005316605616605,-0.0005551796092796,-0.0005611836385836
-0.0005646205128205,-0.0005400554334554,-0.0004288253968253,0.0005515385592185,-6.686371184371155e-05,-0.0004832837851037,-0.0004755765567765,-0.0006934301587301,-0.0006442552625152,-0.0005346815628815,-0.0005612142857142,-0.0005672183150183
-0.000576763028083,-0.0005521912087912,-0.0004288253968253,0.0005636597802197,-7.294273504273476e-05,-0.0004893628571428,-0.0004694793650793,-0.0006873476190476,-0.0006382059829059,-0.0005256185592185,-0.0005612142857142,-0.0005672183150183
-0.0005889055433455,-0.0005673609279609,-0.0004288253968253,0.000575781001221,-7.902175824175796e-05,-0.0004984814652014,-0.0004603335775335,-0.0006873476190476,-0.0006382059829059,-0.0005225975579975,-0.0005581969474969,-0.0005642009768009
-0.0005949768009768,-0.0005643269841269,-0.0004197015873015,0.0005788113064713,-8.814029304029276e-05,-0.0004924023931623,-0.0004633821733821,-0.0006873476190476,-0.0006412306227106,-0.0005256185592185,-0.0005551796092796,-0.0005611836385836
-0.0005889055433455,-0.0005552251526251,-0.0004197015873015,0.0005697203907203,-8.510078144078116e-05,-0.0004863233211233,-0.0004633821733821,-0.0006903888888888,-0.0006472799023199,-0.0005316605616605,-0.0005581969474969,-0.0005581663003663
-0.0005828342857142,-0.000558259096459,-0.0004288253968253,0.0005697203907203,-7.598224664224636e-05,-0.0004924023931623,-0.0004633821733821,-0.0006873476190476,-0.0006472799023199,-0.0005286395604395,-0.0005581969474969,-0.0005551489621489
-0.0005919411721611,-0.0005764627594627,-0.0004349079365079,0.0005818416117216,-7.902175824175796e-05,-0.0005045605372405,-0.0004633821733821,-0.0006843063492063,-0.0006412306227106,-0.0005225975579975,-0.0005551796092796,-0.0005521316239316
-0.0005919411721611,-0.0005855645909645,-0.0004409904761904,0.0005879022222222,-7.598224664224636e-05,-0.0005136791452991,-0.0004603335775335,-0.0006873476190476,-0.0006412306227106,-0.0005225975579975,-0.0005521622710622,-0.0005551489621489
-0.0005949768009768,-0.0005794967032967,-0.0004379492063492,0.0005848719169719,-7.902175824175796e-05,-0.00050760007326,-0.0004603335775335,-0.0006873476190476,-0.0006412306227106,-0.0005225975579975,-0.0005491449328449,-0.0005521316239316
-0.0005919411721611,-0.0005673609279609,-0.0004257841269841,0.0005788113064713,-8.206126984126955e-05,-0.0004954419291819,-0.0004664307692307,-0.0006873476190476,-0.0006442552625152,-0.0005225975579975,-0.0005491449328449,-0.0005521316239316
-0.0005889055433455,-0.0005643269841269,-0.0004227428571428,0.000575781001221,-8.206126984126955e-05,-0.0004924023931623,-0.0004725279609279,-0.0006873476190476,-0.0006503045421245,-0.0005256185592185,-0.0005551796092796,-0.0005521316239316
-0.0005919411721611,-0.0005703948717948,-0.0004288253968253,0.0005788113064713,-8.206126984126955e-05,-0.0004984814652014,-0.0004725279609279,-0.0006873476190476,-0.0006503045421245,-0.0005316605616605,-0.0005612142857142,-0.0005581663003663
-0.0005858699145299,-0.0005643269841269,-0.0004288253968253,0.0005727506959706,-7.902175824175796e-05,-0.0004954419291819,-0.0004664307692307,-0.0006873476190476,-0.0006472799023199,-0.0005316605616605,-0.0005581969474969,-0.0005581663003663
-0.0005858699145299,-0.000558259096459,-0.0004257841269841,0.0005697203907203,-7.902175824175796e-05,-0.0004924023931623,-0.0004603335775335,-0.000681265079365,-0.0006382059829059,-0.0005195765567765,-0.0005491449328449,-0.0005491142857142
-0.0005828342857142,-0.0005461233211233,-0.0004197015873015,0.0005636597802197,-8.206126984126955e-05,-0.0004832837851037,-0.0004572849816849,-0.0006782238095238,-0.0006321567032967,-0.0005135345543345,-0.0005431102564102,-0.0005400622710622
-0.0005858699145299,-0.0005430893772893,-0.0004105777777777,0.0005636597802197,-8.814029304029276e-05,-0.0004772047130647,-0.0004542363858363,-0.000681265079365,-0.0006382059829059,-0.0005165555555555,-0.0005431102564102,-0.0005400622710622
-0.0005797986568986,-0.0005339875457875,-0.0004044952380952,0.0005545688644688,-8.814029304029276e-05,-0.0004680861050061,-0.0004542363858363,-0.0006843063492063,-0.0006382059829059,-0.0005195765567765,-0.0005461275946275,-0.0005460969474969
-0.0005706917704517,-0.0005309536019536,-0.000413619047619,0.0005485082539682,-7.902175824175796e-05,-0.0004711256410256,-0.0004481391941391,-0.0006721412698412,-0.000629132063492,-0.0005135345543345,-0.0005461275946275,-0.0005460969474969
-0.0005646205128205,-0.0005188178266178,-0.0004044952380952,0.0005394173382173,-7.902175824175796e-05,-0.000462007032967,-0.000426799023199,-0.0006508523809523,-0.0006019103052503,-0.0004923875457875,-0.0005340582417582,-0.0005340275946275
-0.0005524779975579,-0.0004975802197802,-0.0003923301587301,0.0005242658119658,-7.902175824175796e-05,-0.0004437698168498,-0.000411556043956,-0.0006326047619047,-0.0005837624664224,-0.0004772825396825,-0.0005189715506715,-0.0005249755799755
-0.0005372998534798,-0.0004854444444444,-0.0003984126984126,0.0005091142857142,-6.990322344322315e-05,-0.0004407302808302,-0.0004207018315018,-0.0006265222222222,-0.0005807378266178,-0.0004742615384615,-0.0005159542124542,-0.0005189409035409
-0.0005372998534798,-0.0004763426129426,-0.0003892888888888,0.0005060839804639,-7.294273504273476e-05,-0.0004316116727716,-0.0004328962148962,-0.0006234809523809,-0.0005837624664224,-0.0004712405372405,-0.0005129368742368,-0.0005159235653235
-0.0005433711111111,-0.0004672407814407,-0.0003740825396825,0.0005030536752136,-8.510078144078116e-05,-0.0004194535286935,-0.0004450905982905,-0.0006204396825396,-0.0005777131868131,-0.0004682195360195,-0.0005069021978021,-0.0005098888888888
-0.0005433711111111,-0.0004733086691086,-0.000380165079365,0.0005060839804639,-8.206126984126955e-05,-0.0004255326007326,-0.0004664307692307,-0.0006326047619047,-0.0005807378266178,-0.0004682195360195,-0.0005099195360195,-0.0005098888888888
-0.0005372998534798,-0.0005036481074481,-0.000413619047619,0.0005182052014652,-6.078468864468836e-05,-0.0004589674969474,-0.0004938681318681,-0.0006508523809523,-0.000595861025641,-0.0004803035409035,-0.0005219888888888,-0.0005219582417582
-0.0005403354822954,-0.0005188178266178,-0.0004257841269841,0.0005272961172161,-5.774517704517676e-05,-0.0004711256410256,-0.0004969167277167,-0.0006599761904761,-0.0006049349450549,-0.0004863455433455,-0.0005250062271062,-0.0005249755799755
-0.0005524779975579,-0.0005309536019536,-0.0004257841269841,0.0005394173382173,-6.382420024419996e-05,-0.0004772047130647,-0.0004938681318681,-0.0006690999999999,-0.0006200581440781,-0.0004954085470085,-0.0005280235653235,-0.0005279929181929
-0.0005646205128205,-0.0005430893772893,-0.0004288253968253,0.0005515385592185,-6.686371184371155e-05,-0.0004863233211233,-0.0004938681318681,-0.000681265079365,-0.0006321567032967,-0.0005074925518925,-0.0005370755799755,-0.0005340275946275
-0.0005585492551892,-0.0005430893772893,-0.0004409904761904,0.0005485082539682,-5.774517704517676e-05,-0.0004924023931623,-0.0004938681318681,-0.000681265079365,-0.0006412306227106,-0.0005135345543345,-0.0005400929181929,-0.0005340275946275
-0.0005494423687423,-0.0005430893772893,-0.000447073015873,0.0005454779487179,-5.166615384615356e-05,-0.0004954419291819,-0.0004938681318681,-0.000681265079365,-0.0006412306227106,-0.0005105135531135,-0.0005370755799755,-0.0005310102564102
-0.0005524779975579,-0.0005430893772893,-0.0004440317460317,0.0005454779487179,-5.470566544566516e-05,-0.0004924023931623,-0.0005091111111111,-0.0006964714285714,-0.0006593784615384,-0.0005225975579975,-0.0005461275946275,-0.0005400622710622
-0.0005555136263736,-0.0005491572649572,-0.000447073015873,0.0005515385592185,-5.470566544566516e-05,-0.0004984814652014,-0.0005091111111111,-0.0007055952380952,-0.000671477020757,-0.0005377025641025,-0.0005642316239316,-0.0005581663003663
-0.000576763028083,-0.0005764627594627,-0.0004501142857142,0.000575781001221,-6.382420024419996e-05,-0.0005136791452991,-0.0004969167277167,-0.0007055952380952,-0.000671477020757,-0.0005377025641025,-0.0005672489621489,-0.0005581663003663
-0.0005889055433455,-0.0005977003663003,-0.000459238095238,0.0005909325274725,-6.382420024419996e-05,-0.0005288768253968,-0.0004877709401709,-0.0006995126984126,-0.0006654277411477,-0.0005316605616605,-0.0005642316239316,-0.0005491142857142
-0.0005797986568986,-0.0006037682539682,-0.0004744444444444,0.0005909325274725,-5.166615384615356e-05,-0.0005379954334554,-0.0004877709401709,-0.0007055952380952,-0.0006684523809523,-0.0005346815628815,-0.0005642316239316,-0.0005491142857142
-0.0005797986568986,-0.0006037682539682,-0.0004714031746031,0.0005909325274725,-5.470566544566516e-05,-0.0005379954334554,-0.0004877709401709,-0.0007086365079365,-0.0006745016605616,-0.0005407235653235,-0.0005612142857142,-0.0005491142857142
-0.0006040836874236,-0.0006189379731379,-0.0004622793650793,0.0006091143589743,-6.990322344322315e-05,-0.0005410349694749,-0.0004816737484737,-0.0007116777777777,-0.0006775263003663,-0.0005467655677655,-0.0005702663003663,-0.0005581663003663
-0.0006162262026862,-0.0006310737484737,-0.0004622793650793,0.0006212355799755,-7.598224664224636e-05,-0.000547114041514,-0.0004755765567765,-0.0007238428571428,-0.0006866002197802,-0.0005588495726495,-0.0005883703296703,-0.0005732529914529
-0.0006131905738705,-0.0006371416361416,-0.0004714031746031,0.0006242658852258,-6.990322344322315e-05,-0.0005531931135531,-0.0004755765567765,-0.0007238428571428,-0.0006926494993894,-0.0005648915750915,-0.000594405006105,-0.0005853223443223
-0.0006040836874236,-0.0006401755799755,-0.0004866095238095,0.0006212355799755,-5.774517704517676e-05,-0.0005623117216117,-0.0004755765567765,-0.0007208015873015,-0.0006926494993894,-0.0005679125763125,-0.0005974223443223,-0.0005883396825396
-0.0005980124297924,-0.0006432095238095,-0.0004957333333333,0.0006182052747252,-5.166615384615356e-05,-0.0005683907936507,-0.0004816737484737,-0.0007208015873015,-0.0006956741391941,-0.0005679125763125,-0.0006004396825396,-0.000591357020757
-0.0006071193162393,-0.0006432095238095,-0.0004835682539682,0.0006242658852258,-6.078468864468836e-05,-0.0005623117216117,-0.0004786251526251,-0.0007177603174603,-0.0006926494993894,-0.0005648915750915,-0.0005974223443223,-0.0005883396825396
-0.0006101549450549,-0.0006310737484737,-0.0004714031746031,0.0006182052747252,-6.990322344322315e-05,-0.0005501535775335,-0.0004786251526251,-0.0007208015873015,-0.0006956741391941,-0.0005679125763125,-0.0006004396825396,-0.0005883396825396
-0.0006040836874236,-0.000615904029304,-0.0004653206349206,0.0006091143589743,-6.990322344322315e-05,-0.0005410349694749,-0.0004877709401709,-0.0007268841269841,-0.0006986987789987,-0.0005679125763125,-0.0005974223443223,-0.0005853223443223
-0.000601048058608,-0.0006037682539682,-0.0004531555555555,0.0006000234432234,-7.294273504273476e-05,-0.0005288768253968,-0.0004938681318681,-0.0007238428571428,-0.0006896248595848,-0.0005588495726495,-0.0005853529914529,-0.0005732529914529
-0.0006101549450549,-0.00061287008547,-0.0004501142857142,0.0006091143589743,-7.902175824175796e-05,-0.0005319163614163,-0.0004816737484737,-0.0007116777777777,-0.0006775263003663,-0.0005437445665445,-0.0005732836385836,-0.0005642009768009
-0.0006101549450549,-0.0006189379731379,-0.0004622793650793,0.0006121446642246,-7.294273504273476e-05,-0.0005410349694749,-0.0004786251526251,-0.0007025539682539,-0.0006745016605616,-0.0005407235653235,-0.0005672489621489,-0.0005611836385836
-0.0006101549450549,-0.000615904029304,-0.000459238095238,0.0006121446642246,-7.598224664224636e-05,-0.0005379954334554,-0.0004816737484737,-0.0007086365079365,-0.0006745016605616,-0.0005437445665445,-0.0005732836385836,-0.0005642009768009
-0.0006222974603174,-0.000615904029304,-0.000447073015873,0.0006182052747252,-8.814029304029276e-05,-0.0005319163614163,-0.0004786251526251,-0.000714719047619,-0.000671477020757,-0.0005407235653235,-0.0005702663003663,-0.0005611836385836
-0.0006192618315018,-0.00061287008547,-0.0004440317460317,0.0006151749694749,-8.814029304029276e-05,-0.0005288768253968,-0.0004786251526251,-0.0007116777777777,-0.000671477020757,-0.0005407235653235,-0.0005702663003663,-0.0005611836385836
-0.0005980124297924,-0.0005916324786324,-0.0004409904761904,0.0005939628327228,-7.902175824175796e-05,-0.0005167186813186,-0.0004847223443223,-0.0006934301587301,-0.0006472799023199,-0.0005316605616605,-0.0005763009768009,-0.0005762703296703
-0.0006131905738705,-0.0005461233211233,-0.0003832063492063,0.0005788113064713,-0.0001154958974358,-0.0004650465689865,-0.0004816737484737,-0.0006599761904761,-0.0005807378266178,-0.0004984295482295,-0.0005642316239316,-0.0005792876678876
-0.0006222974603174,-0.0004460031746031,-0.0002798031746031,0.0005333567277167,-0.0001702071062271,-0.0003617023443223,-0.0004877709401709,-0.0005991507936507,-0.0004899986324786,-0.0004259255189255,-0.0005129368742368,-0.0005460969474969
-0.0005403354822954,-0.0002852041514041,-0.0002007301587301,0.0004121445177045,-0.0001702071062271,-0.0002431604395604,-0.0005274026862026,-0.0004562111111111,-0.0003387666422466,-0.0002748754578754,-0.0004012953601953,-0.0004827328449328
-0.0003946252991452,-4.2488644688644487e-05,-0.0001034095238095,0.0002182049816849,-0.000145891013431,-7.29464224664225e-05,-0.0006097147741147,-0.0003284777777777,-0.0001300664957264,-2.111135531135583e-05,-0.000193099023199,-0.0003258312576312
-0.0002276657142857,0.0003064148962148,7.906666666666674e-05,-3.937096459096456e-05,-0.00015197003663,0.0001914932112332,-0.0008048249084249,-0.0004805412698412,3.931333333333325e-05,0.0002930727716727,0.0001207041514041,-5.427081807081867e-05
-6.981301587301614e-05,0.0006644202686202,0.0002767492063492,-0.0002969469108669,-0.0001732466178266,0.0004711305250305,-0.0011005387057387,-0.0008394111111111,0.0001058554090354,0.0006012148962148,0.0004707153846153,0.0002716017094017
5.161213675213648e-05,0.0009253394383394,0.0004136063492063,-0.0004878561416361,-0.0001793256410256,0.0006687003663003,-0.001429787057387,-0.0012621476190476,6.042295482295402e-06,0.0007975799755799,0.0007452931623931,0.0005703181929181
0.0001123247130647,0.0009738825396825,0.0003984,-0.0005424016361416,-0.0001428515018315,0.0006869375824175,-0.0016462373626373,-0.0015541095238095,-0.0002056824908424,0.0007341389499389,0.0007875358974358,0.000703081074481
1.2148962148961872e-05,0.0005005873015873,3.344761904761914e-05,-0.0002545226373626,-9.11299145299117e-06,0.0002674816117216,-0.0015761196581196,-0.001672719047619,-0.0006049349450549,0.0002417157509157,0.0004103686202686,0.0004858327228327
-0.0002549863736263,-7.586202686202667e-05,-0.0002706793650793,0.0001636594871794,6.084566544566828e-06,-0.0001732511111111,-0.0013505235653235,-0.0018339063492063,-0.0010646801953601,-0.0003383164835164,-4.52494505494507e-05,0.0001871162393162
-0.0005039079365079,-0.0003064417582417,-0.0002524317460317,0.0004030536019536,-0.0001246144322344,-0.0002796348717948,-0.001173705006105,-0.0019616396825396,-0.0013278238583638,-0.0006585426129426,-0.0002836191697191,2.116263736263676e-05
-0.0006192618315018,-0.0004733086691086,-0.0003041333333333,0.0005454779487179,-0.000158049059829,-0.0003890581684981,-0.001030421001221,-0.0018095761904761,-0.001342947057387,-0.0007672986568986,-0.000434486080586,-0.0001387562881562
-0.0006526537484737,-0.0005916324786324,-0.0003923301587301,0.0006212355799755,-0.0001306934554334,-0.0004924023931623,-0.0009328659340659,-0.0015571507936507,-0.0012280107448107,-0.0007642776556776,-0.0005219888888888,-0.0002835885225885
-0.0006496181196581,-0.0006219719169719,-0.0004197015873015,0.0006333568009768,-0.0001154958974358,-0.0005197582173382,-0.0008505538461538,-0.0013290555555555,-0.0010919019536019,-0.0007159416361416,-0.0005491449328449,-0.0003741086691086
-0.0006283687179487,-0.0006250058608058,-0.0004440317460317,0.0006242658852258,-9.117980463980436e-05,-0.0005349558974358,-0.0007408043956043,-0.0011192079365079,-0.0009678917216117,-0.0006706266178266,-0.0005702663003663,-0.0004465247863247
-0.0006131905738705,-0.00061287008547,-0.0004501142857142,0.0006121446642246,-8.206126984126955e-05,-0.0005319163614163,-0.0006158119658119,-0.000906319047619,-0.0008438814896214,-0.0006102065934065,-0.0005702663003663,-0.0004917848595848
-0.000601048058608,-0.0005734288156288,-0.0004197015873015,0.0005848719169719,-9.117980463980436e-05,-0.0004954419291819,-0.000524354090354,-0.0007512142857142,-0.0007410437362637,-0.0005558285714285,-0.0005551796092796,-0.0005068715506715
-0.0005858699145299,-0.0005339875457875,-0.0003984126984126,0.0005575991697191,-9.421931623931596e-05,-0.0004650465689865,-0.0004847223443223,-0.0006751825396825,-0.0006805509401709,-0.0005256185592185,-0.0005400929181929,-0.0005068715506715
-0.0005828342857142,-0.0005309536019536,-0.0004014539682539,0.0005545688644688,-9.117980463980436e-05,-0.0004650465689865,-0.0004664307692307,-0.0006478111111111,-0.0006593784615384,-0.0005195765567765,-0.0005400929181929,-0.0005159235653235
-0.0005919411721611,-0.0005491572649572,-0.0004105777777777,0.0005697203907203,-9.117980463980436e-05,-0.0004802442490842,-0.0004603335775335,-0.0006326047619047,-0.0006533291819291,-0.0005225975579975,-0.0005491449328449,-0.0005279929181929
-0.0005980124297924,-0.000558259096459,-0.000413619047619,0.000575781001221,-9.117980463980436e-05,-0.0004863233211233,-0.0004542363858363,-0.0006204396825396,-0.0006472799023199,-0.0005256185592185,-0.0005551796092796,-0.0005370449328449
-0.0005919411721611,-0.000558259096459,-0.0004197015873015,0.0005727506959706,-8.510078144078116e-05,-0.0004893628571428,-0.0004481391941391,-0.0006143571428571,-0.0006412306227106,-0.0005286395604395,-0.0005612142857142,-0.0005491142857142
-0.0005949768009768,-0.000561293040293,-0.0004166603174603,0.000575781001221,-8.814029304029276e-05,-0.0004893628571428,-0.0004389934065934,-0.0005961095238095,-0.000629132063492,-0.0005195765567765,-0.0005612142857142,-0.0005491142857142
-0.0005980124297924,-0.0005673609279609,-0.0004197015873015,0.0005818416117216,-8.814029304029276e-05,-0.0004924023931623,-0.0004328962148962,-0.0005748206349206,-0.0006200581440781,-0.0005165555555555,-0.0005612142857142,-0.0005491142857142
-0.0005889055433455,-0.0005673609279609,-0.0004318666666666,0.000575781001221,-7.902175824175796e-05,-0.0004984814652014,-0.0004359448107448,-0.0005748206349206,-0.0006261074236874,-0.0005256185592185,-0.0005702663003663,-0.0005581663003663
-0.0005828342857142,-0.0005703948717948,-0.0004379492063492,0.000575781001221,-7.294273504273476e-05,-0.0005045605372405,-0.0004359448107448,-0.0005717793650793,-0.0006261074236874,-0.0005286395604395,-0.0005763009768009,-0.0005642009768009
-0.0005980124297924,-0.0005673609279609,-0.0004227428571428,0.0005818416117216,-8.814029304029276e-05,-0.0004954419291819,-0.000426799023199,-0.0005596142857142,-0.0006079595848595,-0.0005135345543345,-0.0005642316239316,-0.0005521316239316
-0.000601048058608,-0.0005643269841269,-0.0004166603174603,0.0005818416117216,-9.117980463980436e-05,-0.0004893628571428,-0.0004237504273504,-0.0005535317460317,-0.0006019103052503,-0.0005074925518925,-0.0005612142857142,-0.0005491142857142
-0.0005797986568986,-0.0005643269841269,-0.0004379492063492,0.0005697203907203,-6.990322344322315e-05,-0.000501521001221,-0.0004328962148962,-0.0005535317460317,-0.0006049349450549,-0.0005135345543345,-0.0005612142857142,-0.0005521316239316
-0.0005676561416361,-0.0005734288156288,-0.0004531555555555,0.0005697203907203,-5.774517704517676e-05,-0.0005136791452991,-0.0004328962148962,-0.0005474492063492,-0.0006049349450549,-0.0005135345543345,-0.0005612142857142,-0.0005551489621489
-0.0005706917704517,-0.0005794967032967,-0.000459238095238,0.0005727506959706,-5.470566544566516e-05,-0.0005197582173382,-0.000426799023199,-0.0005413666666666,-0.0006019103052503,-0.0005165555555555,-0.0005672489621489,-0.0005581663003663
-0.000576763028083,-0.0005673609279609,-0.0004409904761904,0.0005697203907203,-6.686371184371155e-05,-0.0005045605372405,-0.000426799023199,-0.0005413666666666,-0.0006019103052503,-0.0005225975579975,-0.0005732836385836,-0.0005611836385836
-0.0005706917704517,-0.0005552251526251,-0.0004318666666666,0.0005606294749694,-6.990322344322315e-05,-0.0004924023931623,-0.0004328962148962,-0.0005444079365079,-0.0006109842246642,-0.0005346815628815,-0.0005823356532356,-0.0005672183150183
-0.0005737273992673,-0.0005430893772893,-0.0004197015873015,0.0005575991697191,-7.598224664224636e-05,-0.0004802442490842,-0.0004359448107448,-0.0005352841269841,-0.0006079595848595,-0.0005316605616605,-0.0005793183150183,-0.0005672183150183
-0.0005797986568986,-0.0005491572649572,-0.0004197015873015,0.0005636597802197,-7.902175824175796e-05,-0.0004832837851037,-0.000426799023199,-0.0005200777777777,-0.0005898117460317,-0.0005105135531135,-0.0005642316239316,-0.0005581663003663
-0.0005706917704517,-0.0005794967032967,-0.000459238095238,0.0005727506959706,-5.470566544566516e-05,-0.0005197582173382,-0.0004176532356532,-0.0005109539682539,-0.0005837624664224,-0.0005074925518925,-0.0005672489621489,-0.0005611836385836
-0.0005615848840048,-0.0005855645909645,-0.0004774857142857,0.0005727506959706,-4.254761904761877e-05,-0.0005319163614163,-0.0004237504273504,-0.0005109539682539,-0.0005837624664224,-0.0005105135531135,-0.0005672489621489,-0.0005581663003663
-0.0005585492551892,-0.0005825306471306,-0.0004774857142857,0.0005697203907203,-3.950810744810717e-05,-0.0005288768253968,-0.0004237504273504,-0.0005018301587301,-0.0005837624664224,-0.0005044715506715,-0.0005581969474969,-0.0005460969474969
-0.0005646205128205,-0.0005673609279609,-0.0004561968253968,0.0005636597802197,-5.470566544566516e-05,-0.0005106396092796,-0.0004237504273504,-0.0004927063492063,-0.0005807378266178,-0.0005044715506715,-0.0005581969474969,-0.0005430796092796
-0.0005646205128205,-0.0005461233211233,-0.0004379492063492,0.0005545688644688,-6.382420024419996e-05,-0.0004924023931623,-0.0004298476190476,-0.000489665079365,-0.0005807378266178,-0.0005014505494505,-0.0005581969474969,-0.0005491142857142
-0.0005706917704517,-0.0005461233211233,-0.0004288253968253,0.0005575991697191,-6.990322344322315e-05,-0.0004863233211233,-0.000426799023199,-0.000489665079365,-0.0005777131868131,-0.0005014505494505,-0.0005642316239316,-0.0005581663003663
-0.000576763028083,-0.000558259096459,-0.0004349079365079,0.00056669008547,-6.990322344322315e-05,-0.0004954419291819,-0.0004146046398046,-0.0004805412698412,-0.0005686392673992,-0.0005014505494505,-0.0005672489621489,-0.0005611836385836
-0.000576763028083,-0.0005703948717948,-0.000447073015873,0.0005727506959706,-6.382420024419996e-05,-0.00050760007326,-0.0004085074481074,-0.0004622936507936,-0.0005595653479853,-0.0005014505494505,-0.0005672489621489,-0.0005551489621489
-0.0005646205128205,-0.0005703948717948,-0.0004622793650793,0.00056669008547,-5.166615384615356e-05,-0.0005167186813186,-0.000411556043956,-0.0004501285714285,-0.0005625899877899,-0.0005014505494505,-0.0005642316239316,-0.0005551489621489
-0.0005555136263736,-0.0005673609279609,-0.0004653206349206,0.0005606294749694,-4.558713064713037e-05,-0.0005167186813186,-0.0004146046398046,-0.000444046031746,-0.0005625899877899,-0.0005044715506715,-0.0005672489621489,-0.0005581663003663
-0.0005524779975579,-0.0005552251526251,-0.0004531555555555,0.0005515385592185,-4.862664224664196e-05,-0.0005045605372405,-0.0004146046398046,-0.0004410047619047,-0.0005595653479853,-0.0005044715506715,-0.0005672489621489,-0.0005581663003663
-0.0005646205128205,-0.0005552251526251,-0.0004409904761904,0.0005575991697191,-6.078468864468836e-05,-0.0004984814652014,-0.0004054588522588,-0.0004288396825396,-0.000553516068376,-0.0005014505494505,-0.0005642316239316,-0.0005521316239316
-0.0005676561416361,-0.0005673609279609,-0.0004501142857142,0.00056669008547,-5.774517704517676e-05,-0.00050760007326,-0.0003993616605616,-0.000410592063492,-0.0005414175091575,-0.0004954085470085,-0.0005612142857142,-0.0005521316239316
-0.0005585492551892,-0.0005703948717948,-0.000459238095238,0.0005636597802197,-4.862664224664196e-05,-0.0005136791452991,-0.0004054588522588,-0.0003984269841269,-0.0005414175091575,-0.0004923875457875,-0.0005612142857142,-0.0005521316239316
-0.0005494423687423,-0.0005643269841269,-0.0004683619047619,0.0005545688644688,-3.950810744810717e-05,-0.0005167186813186,-0.0004085074481074,-0.0003862619047619,-0.0005353682295482,-0.0004923875457875,-0.0005612142857142,-0.0005551489621489
-0.0005464067399267,-0.0005552251526251,-0.0004653206349206,0.0005485082539682,-3.950810744810717e-05,-0.0005106396092796,-0.0004054588522588,-0.0003710555555555,-0.0005293189499389,-0.0004923875457875,-0.0005612142857142,-0.0005611836385836
-0.0005494423687423,-0.0005491572649572,-0.0004501142857142,0.0005485082539682,-4.862664224664196e-05,-0.0004984814652014,-0.0003993616605616,-0.0003588904761904,-0.0005262943101343,-0.0004893665445665,-0.0005642316239316,-0.0005611836385836
-0.0005433711111111,-0.0005430893772893,-0.0004501142857142,0.0005424476434676,-4.558713064713037e-05,-0.0004954419291819,-0.000396313064713,-0.0003436841269841,-0.0005172203907203,-0.0004863455433455,-0.0005612142857142,-0.0005611836385836
-0.0005403354822954,-0.0005491572649572,-0.0004561968253968,0.0005424476434676,-4.254761904761877e-05,-0.000501521001221,-0.0003902158730158,-0.0003193539682539,-0.0005020971916971,-0.0004742615384615,-0.0005551796092796,-0.0005551489621489
-0.0005372998534798,-0.0005521912087912,-0.0004653206349206,0.0005424476434676,-3.6468595848595565e-05,-0.00050760007326,-0.00038107008547,-0.0002950238095238,-0.0004899986324786,-0.0004651985347985,-0.0005461275946275,-0.0005430796092796
-0.0005221217094017,-0.0005400554334554,-0.0004714031746031,0.0005303264224664,-2.4310549450549165e-05,-0.0005045605372405,-0.0003841186813186,-0.0002798174603174,-0.0004869739926739,-0.0004682195360195,-0.0005461275946275,-0.0005400622710622
-0.0005099791941391,-0.0005248857142857,-0.0004653206349206,0.0005151748962148,-2.1271037851037568e-05,-0.0004954419291819,-0.00038107008547,-0.0002676523809523,-0.0004839493528693,-0.0004712405372405,-0.0005491449328449,-0.0005400622710622
-0.0005099791941391,-0.0005157838827838,-0.0004531555555555,0.0005121445909645,-2.735006105006077e-05,-0.0004832837851037,-0.0003719242979242,-0.0002463634920634,-0.0004718507936507,-0.0004651985347985,-0.0005431102564102,-0.0005370449328449
-0.0005160504517704,-0.0005127499389499,-0.000447073015873,0.0005121445909645,-3.342908424908396e-05,-0.0004802442490842,-0.0003597299145299,-0.0002159507936507,-0.0004567275946275,-0.0004500935286935,-0.0005310409035409,-0.0005279929181929
-0.0005099791941391,-0.0005036481074481,-0.000447073015873,0.0005060839804639,-3.0389572649572364e-05,-0.0004741651770451,-0.0003566813186813,-0.0001916206349206,-0.0004476536752136,-0.0004410305250305,-0.0005219888888888,-0.0005189409035409
-0.0004978366788766,-0.0004945462759462,-0.0004531555555555,0.0004939627594627,-2.1271037851037568e-05,-0.0004741651770451,-0.0003566813186813,-0.0001764142857142,-0.0004416043956043,-0.0004380095238095,-0.0005189715506715,-0.0005129062271062
-0.000494801050061,-0.0004763426129426,-0.0004379492063492,0.0004848718437118,-2.735006105006077e-05,-0.0004559279609279,-0.0003566813186813,-0.0001490428571428,-0.0004264811965811,-0.0004289465201465,-0.0005099195360195,-0.0005008368742368
-0.0004978366788766,-0.0004642068376068,-0.0004166603174603,0.0004788112332112,-3.950810744810717e-05,-0.0004407302808302,-0.0003475355311355,-0.0001155888888888,-0.0004113579975579,-0.0004108205128205,-0.0004948328449328,-0.0004887675213675
-0.0004887297924297,-0.000452071062271,-0.0004166603174603,0.0004697203174603,-3.6468595848595565e-05,-0.0004346512087912,-0.0003505841269841,-8.821746031746001e-05,-0.000402284078144,-0.0004047785103785,-0.0004887981684981,-0.0004827328449328
-0.0004674803907203,-0.0004369013431013,-0.0004197015873015,0.0004515384859584,-2.4310549450549165e-05,-0.0004285721367521,-0.0003536327228327,-7.605238095238064e-05,-0.0003962347985347,-0.0004017575091575,-0.0004857808302808,-0.0004827328449328
-0.0004644447619047,-0.0004186976800976,-0.0004075365079365,0.0004394172649572,-2.735006105006077e-05,-0.0004133744566544,-0.0003566813186813,-5.78047619047616e-05,-0.0003901855189255,-0.0003987365079365,-0.0004767288156288,-0.0004736808302808
-0.0004644447619047,-0.000400494017094,-0.0003832063492063,0.0004303263492063,-3.950810744810717e-05,-0.0003920977045177,-0.0003536327228327,-4.868095238095208e-05,-0.0003841362393162,-0.0003926945054945,-0.0004676768009768,-0.0004616114774114
-0.0004644447619047,-0.0003762224664224,-0.0003619174603174,0.0004182051282051,-5.166615384615356e-05,-0.0003677814163614,-0.0003505841269841,-3.955714285714255e-05,-0.0003720376800976,-0.0003806105006105,-0.0004525901098901,-0.0004435074481074
-0.0004553378754578,-0.0003610527472527,-0.0003558349206349,0.0004060839072039,-4.862664224664196e-05,-0.0003586628083028,-0.0003475355311355,-3.043333333333303e-05,-0.0003629637606837,-0.0003685264957264,-0.0004375034188034,-0.0004284207570207
-0.0004462309890109,-0.0003489169719169,-0.0003558349206349,0.0003969929914529,-4.558713064713037e-05,-0.0003525837362637,-0.0003536327228327,-2.435079365079335e-05,-0.0003569144810744,-0.0003564424908424,-0.0004284514041514,-0.000413334065934
-0.0004492666178266,-0.0003337472527472,-0.0003375873015873,0.0003909323809523,-5.470566544566516e-05,-0.0003343465201465,-0.0003597299145299,-2.130952380952351e-05,-0.0003569144810744,-0.0003504004884004,-0.000416382051282,-0.0003982473748473
-0.0004523022466422,-0.0003185775335775,-0.0003162984126984,0.0003848717704517,-6.686371184371155e-05,-0.0003161093040293,-0.0003627785103785,-2.7392063492063188e-05,-0.0003569144810744,-0.0003413374847374,-0.0004043126984126,-0.0003831606837606
-0.0004523022466422,-0.0003003738705738,-0.0002980507936507,0.0003757808547008,-7.598224664224636e-05,-0.000297872087912,-0.0003719242979242,-4.259841269841239e-05,-0.0003508652014652,-0.0003352954822954,-0.0003922433455433,-0.0003680739926739
-0.0004614091330891,-0.0002852041514041,-0.0002767619047619,0.0003727505494505,-9.117980463980436e-05,-0.0002796348717948,-0.0003719242979242,-6.388730158730128e-05,-0.0003508652014652,-0.0003322744810744,-0.0003831913308913,-0.0003560046398046
-0.0004583735042735,-0.0002761023199023,-0.0002737206349206,0.0003666899389499,-9.117980463980436e-05,-0.0002735557997557,-0.00038107008547,-9.429999999999968e-05,-0.0003599391208791,-0.0003322744810744,-0.0003801739926739,-0.0003499699633699
-0.0004553378754578,-0.0002639665445665,-0.0002615555555555,0.000357599023199,-9.725882783882755e-05,-0.0002613976556776,-0.0003902158730158,-0.0001368777777777,-0.000369013040293,-0.0003383164835164,-0.0003801739926739,-0.0003499699633699
-0.0004553378754578,-0.0002639665445665,-0.0002615555555555,0.000357599023199,-9.725882783882755e-05,-0.0002613976556776,-0.0003993616605616,-0.0001794555555555,-0.0003780869597069,-0.0003413374847374,-0.0003801739926739,-0.0003499699633699
-0.0004462309890109,-0.0002730683760683,-0.0002798031746031,0.000357599023199,-8.206126984126955e-05,-0.0002765953357753,-0.0004207018315018,-0.0002311571428571,-0.0003992594383394,-0.0003504004884004,-0.0003862086691086,-0.0003529873015873
-0.0004614091330891,-0.0002821702075702,-0.0002737206349206,0.0003697202442002,-9.421931623931596e-05,-0.0002765953357753,-0.000426799023199,-0.0002767761904761,-0.0004143826373626,-0.0003594634920634,-0.0003862086691086,-0.0003499699633699
-0.0004826585347985,-0.000288238095238,-0.0002585142857142,0.0003848717704517,-0.0001124563858363,-0.0002735557997557,-0.0004298476190476,-0.0003223952380952,-0.0004264811965811,-0.0003624844932844,-0.0003831913308913,-0.0003529873015873
-0.0004856941636141,-0.0003064417582417,-0.0002706793650793,0.0003939626862026,-0.0001063773626373,-0.0002887534798534,-0.0004389934065934,-0.0003710555555555,-0.0004506783150183,-0.0003806105006105,-0.0004043126984126,-0.0003741086691086
-0.000494801050061,-0.0003337472527472,-0.0002919682539682,0.0004121445177045,-0.0001002983394383,-0.0003130697680097,-0.000442042002442,-0.0004166746031746,-0.00047790007326,-0.0004017575091575,-0.0004284514041514,-0.0003982473748473
-0.0005069435653235,-0.0003640866910866,-0.0003102158730158,0.0004333566544566,-9.725882783882755e-05,-0.000337386056166,-0.0004389934065934,-0.0004562111111111,-0.0004960479120879,-0.0004138415140415,-0.0004405207570207,-0.0004163514041514
-0.0005130148229548,-0.0003944261294261,-0.0003315047619047,0.0004515384859584,-9.117980463980436e-05,-0.0003617023443223,-0.000442042002442,-0.0004927063492063,-0.000520245030525,-0.0004349885225885,-0.0004646594627594,-0.0004374727716727
-0.0005281929670329,-0.0004247655677655,-0.0003497523809523,0.0004757809279609,-8.814029304029276e-05,-0.0003860186324786,-0.000442042002442,-0.0005200777777777,-0.0005414175091575,-0.0004531145299145,-0.0004797461538461,-0.0004555768009768
-0.0005403354822954,-0.0004642068376068,-0.0003710412698412,0.0005000233699633,-8.510078144078116e-05,-0.0004164139926739,-0.0004389934065934,-0.0005444079365079,-0.0005595653479853,-0.0004712405372405,-0.0004978501831501,-0.0004736808302808
-0.0005494423687423,-0.0004945462759462,-0.0003953714285714,0.0005212355067155,-7.598224664224636e-05,-0.0004437698168498,-0.0004359448107448,-0.0005717793650793,-0.0005807378266178,-0.0004863455433455,-0.0005189715506715,-0.0004948021978021
-0.0005585492551892,-0.0005127499389499,-0.0004105777777777,0.0005333567277167,-7.294273504273476e-05,-0.000462007032967,-0.0004359448107448,-0.0005930682539682,-0.0005928363858363,-0.0004984295482295,-0.0005310409035409,-0.0005098888888888
-0.0005646205128205,-0.0005279196581196,-0.0004166603174603,0.0005454779487179,-7.294273504273476e-05,-0.0004711256410256,-0.0004389934065934,-0.0006082746031746,-0.0006049349450549,-0.0005105135531135,-0.0005431102564102,-0.0005189409035409
-0.0005737273992673,-0.0005430893772893,-0.0004227428571428,0.0005575991697191,-7.598224664224636e-05,-0.0004832837851037,-0.0004389934065934,-0.0006234809523809,-0.0006200581440781,-0.0005225975579975,-0.0005551796092796,-0.0005340275946275
-0.0005797986568986,-0.000561293040293,-0.0004349079365079,0.0005697203907203,-7.294273504273476e-05,-0.0004984814652014,-0.0004389934065934,-0.0006386873015873,-0.0006351813431013,-0.0005377025641025,-0.0005672489621489,-0.0005491142857142
-0.0005828342857142,-0.0005764627594627,-0.0004440317460317,0.0005788113064713,-6.990322344322315e-05,-0.0005106396092796,-0.0004359448107448,-0.0006508523809523,-0.0006442552625152,-0.0005437445665445,-0.0005763009768009,-0.0005581663003663
-0.0005858699145299,-0.0005855645909645,-0.0004501142857142,0.0005848719169719,-6.686371184371155e-05,-0.0005167186813186,-0.0004328962148962,-0.0006569349206349,-0.0006503045421245,-0.0005528075702075,-0.0005823356532356,-0.0005611836385836
-0.0005919411721611,-0.0005885985347985,-0.000447073015873,0.0005879022222222,-7.294273504273476e-05,-0.0005167186813186,-0.0004359448107448,-0.0006599761904761,-0.0006533291819291,-0.0005528075702075,-0.0005823356532356,-0.0005581663003663
-0.0005919411721611,-0.0005885985347985,-0.000447073015873,0.0005879022222222,-7.294273504273476e-05,-0.0005167186813186,-0.0004389934065934,-0.0006630174603174,-0.0006563538217338,-0.0005558285714285,-0.0005853529914529,-0.0005611836385836
-0.0005919411721611,-0.0005977003663003,-0.0004531555555555,0.0005939628327228,-6.990322344322315e-05,-0.0005258372893772,-0.0004389934065934,-0.0006660587301587,-0.0006624031013431,-0.0005648915750915,-0.0005974223443223,-0.0005732529914529
-0.0005919411721611,-0.0006037682539682,-0.0004622793650793,0.0005969931379731,-6.382420024419996e-05,-0.0005319163614163,-0.0004359448107448,-0.0006660587301587,-0.0006654277411477,-0.0005709335775335,-0.000603457020757,-0.000582305006105
-0.0005858699145299,-0.0006098361416361,-0.0004744444444444,0.0005969931379731,-5.470566544566516e-05,-0.0005410349694749,-0.0004359448107448,-0.0006630174603174,-0.0006624031013431,-0.0005679125763125,-0.000603457020757,-0.000582305006105
-0.0005858699145299,-0.00061287008547,-0.0004774857142857,0.0005969931379731,-5.470566544566516e-05,-0.0005440745054945,-0.0004328962148962,-0.0006630174603174,-0.0006624031013431,-0.0005679125763125,-0.000603457020757,-0.0005853223443223
-0.0005858699145299,-0.0006189379731379,-0.0004866095238095,0.0006000234432234,-4.862664224664196e-05,-0.0005531931135531,-0.0004328962148962,-0.0006660587301587,-0.0006684523809523,-0.0005739545787545,-0.0006094916971916,-0.000591357020757
-0.0005919411721611,-0.0006219719169719,-0.0004805269841269,0.000606084053724,-5.470566544566516e-05,-0.0005501535775335,-0.0004298476190476,-0.0006660587301587,-0.000671477020757,-0.0005830175824175,-0.0006155263736263,-0.000591357020757
-0.0006040836874236,-0.0006250058608058,-0.0004683619047619,0.0006121446642246,-6.686371184371155e-05,-0.000547114041514,-0.0004237504273504,-0.0006630174603174,-0.0006684523809523,-0.0005830175824175,-0.0006155263736263,-0.000591357020757
-0.0006040836874236,-0.0006280398046398,-0.0004744444444444,0.0006151749694749,-6.382420024419996e-05,-0.0005501535775335,-0.0004237504273504,-0.0006599761904761,-0.0006624031013431,-0.0005799965811965,-0.000612509035409,-0.000591357020757
-0.000601048058608,-0.0006401755799755,-0.0004896507936507,0.0006182052747252,-5.470566544566516e-05,-0.0005653512576312,-0.0004237504273504,-0.0006569349206349,-0.0006593784615384,-0.0005799965811965,-0.0006185437118437,-0.000591357020757
-0.0005919411721611,-0.0006401755799755,-0.0004957333333333,0.0006151749694749,-4.862664224664196e-05,-0.0005683907936507,-0.000426799023199,-0.0006538936507936,-0.0006654277411477,-0.0005799965811965,-0.0006185437118437,-0.0005943743589743
-0.0005828342857142,-0.0006341076923076,-0.0004987746031746,0.000606084053724,-4.254761904761877e-05,-0.0005653512576312,-0.0004298476190476,-0.0006538936507936,-0.0006684523809523,-0.0005830175824175,-0.000621561050061,-0.000600409035409
-0.0005889055433455,-0.0006280398046398,-0.0004866095238095,0.000606084053724,-5.166615384615356e-05,-0.0005562326495726,-0.000426799023199,-0.0006508523809523,-0.0006654277411477,-0.0005830175824175,-0.000621561050061,-0.000600409035409
-0.0005980124297924,-0.0006250058608058,-0.0004744444444444,0.0006091143589743,-6.078468864468836e-05,-0.0005501535775335,-0.0004207018315018,-0.0006478111111111,-0.0006593784615384,-0.0005769755799755,-0.0006155263736263,-0.0005943743589743
-0.0005889055433455,-0.0006250058608058,-0.0004835682539682,0.000606084053724,-5.166615384615356e-05,-0.0005531931135531,-0.000426799023199,-0.0006447698412698,-0.0006593784615384,-0.0005739545787545,-0.000612509035409,-0.0005943743589743
-0.0005858699145299,-0.0006280398046398,-0.0004866095238095,0.000606084053724,-4.862664224664196e-05,-0.0005562326495726,-0.000426799023199,-0.0006386873015873,-0.0006593784615384,-0.0005709335775335,-0.000612509035409,-0.000591357020757
-0.0005919411721611,-0.0006341076923076,-0.0004896507936507,0.0006121446642246,-5.166615384615356e-05,-0.0005623117216117,-0.0004207018315018,-0.000635646031746,-0.0006593784615384,-0.0005739545787545,-0.000612509035409,-0.0005943743589743
-0.0005797986568986,-0.0006280398046398,-0.0004987746031746,0.0006030537484737,-3.950810744810717e-05,-0.0005623117216117,-0.0004237504273504,-0.0006417285714285,-0.0006654277411477,-0.0005799965811965,-0.000621561050061,-0.000600409035409
-0.0005797986568986,-0.0006219719169719,-0.000492692063492,0.0006000234432234,-4.254761904761877e-05,-0.0005562326495726,-0.0004207018315018,-0.000635646031746,-0.0006593784615384,-0.0005769755799755,-0.0006185437118437,-0.0005973916971916
-0.0005919411721611,-0.0006189379731379,-0.0004805269841269,0.0006030537484737,-5.470566544566516e-05,-0.0005501535775335,-0.0004207018315018,-0.0006295634920634,-0.0006503045421245,-0.0005709335775335,-0.0006094916971916,-0.000591357020757
-0.0005858699145299,-0.000615904029304,-0.0004805269841269,0.0006000234432234,-5.166615384615356e-05,-0.000547114041514,-0.000426799023199,-0.0006295634920634,-0.0006533291819291,-0.0005709335775335,-0.000612509035409,-0.000591357020757
-0.0005858699145299,-0.00061287008547,-0.0004774857142857,0.0005969931379731,-5.470566544566516e-05,-0.0005440745054945,-0.0004328962148962,-0.0006326047619047,-0.0006593784615384,-0.0005769755799755,-0.0006155263736263,-0.0005943743589743
-0.0005737273992673,-0.0006068021978021,-0.0004866095238095,0.0005879022222222,-4.254761904761877e-05,-0.000547114041514,-0.0004359448107448,-0.0006326047619047,-0.0006593784615384,-0.0005799965811965,-0.000621561050061,-0.0005973916971916
-0.0005615848840048,-0.0006007343101343,-0.000492692063492,0.0005788113064713,-3.342908424908396e-05,-0.000547114041514,-0.0004328962148962,-0.0006295634920634,-0.0006503045421245,-0.0005769755799755,-0.0006155263736263,-0.000591357020757
-0.0005676561416361,-0.0006037682539682,-0.0004896507936507,0.0005848719169719,-3.950810744810717e-05,-0.000547114041514,-0.0004328962148962,-0.0006234809523809,-0.0006472799023199,-0.0005679125763125,-0.0006094916971916,-0.0005853223443223
-0.0005706917704517,-0.0006098361416361,-0.0004896507936507,0.0005879022222222,-3.950810744810717e-05,-0.0005501535775335,-0.0004359448107448,-0.0006234809523809,-0.0006472799023199,-0.0005679125763125,-0.0006094916971916,-0.0005853223443223
-0.0005737273992673,-0.0006037682539682,-0.0004805269841269,0.0005879022222222,-4.558713064713037e-05,-0.0005410349694749,-0.0004359448107448,-0.0006265222222222,-0.0006472799023199,-0.0005648915750915,-0.000603457020757,-0.0005853223443223
-0.0005797986568986,-0.0005946664224664,-0.0004653206349206,0.0005848719169719,-5.774517704517676e-05,-0.0005288768253968,-0.0004389934065934,-0.0006265222222222,-0.0006442552625152,-0.0005558285714285,-0.0005974223443223,-0.0005792876678876
-0.0005676561416361,-0.0005885985347985,-0.0004683619047619,0.000575781001221,-4.862664224664196e-05,-0.0005288768253968,-0.000442042002442,-0.0006265222222222,-0.0006442552625152,-0.0005528075702075,-0.000594405006105,-0.0005762703296703
-0.0005615848840048,-0.0005734288156288,-0.0004653206349206,0.00056669008547,-4.862664224664196e-05,-0.0005197582173382,-0.0004511877899877,-0.0006265222222222,-0.0006442552625152,-0.0005528075702075,-0.0005883703296703,-0.0005702356532356
-0.0005646205128205,-0.0005703948717948,-0.0004531555555555,0.00056669008547,-5.470566544566516e-05,-0.0005106396092796,-0.0004572849816849,-0.0006295634920634,-0.0006412306227106,-0.0005467655677655,-0.0005823356532356,-0.0005672183150183
-0.0005706917704517,-0.0005734288156288,-0.0004531555555555,0.0005697203907203,-5.774517704517676e-05,-0.0005136791452991,-0.0004572849816849,-0.0006295634920634,-0.0006382059829059,-0.0005437445665445,-0.0005823356532356,-0.0005702356532356
-0.0005646205128205,-0.0005794967032967,-0.0004653206349206,0.0005697203907203,-4.862664224664196e-05,-0.0005227977533577,-0.0004572849816849,-0.0006295634920634,-0.0006382059829059,-0.0005377025641025,-0.0005823356532356,-0.0005732529914529
-0.0005555136263736,-0.0005825306471306,-0.0004774857142857,0.00056669008547,-3.950810744810717e-05,-0.0005288768253968,-0.0004603335775335,-0.0006295634920634,-0.0006382059829059,-0.0005407235653235,-0.0005793183150183,-0.0005702356532356
-0.0005494423687423,-0.0005794967032967,-0.0004835682539682,0.0005636597802197,-3.342908424908396e-05,-0.0005319163614163,-0.0004664307692307,-0.000635646031746,-0.0006412306227106,-0.0005437445665445,-0.0005823356532356,-0.0005702356532356
-0.0005524779975579,-0.0005734288156288,-0.0004714031746031,0.0005606294749694,-3.950810744810717e-05,-0.0005227977533577,-0.0004725279609279,-0.000635646031746,-0.0006442552625152,-0.0005407235653235,-0.0005763009768009,-0.0005672183150183
-0.0005646205128205,-0.0005703948717948,-0.0004501142857142,0.00056669008547,-5.774517704517676e-05,-0.0005106396092796,-0.0004694793650793,-0.000635646031746,-0.0006412306227106,-0.0005346815628815,-0.0005763009768009,-0.0005611836385836
-0.0005737273992673,-0.0005673609279609,-0.0004440317460317,0.0005697203907203,-6.382420024419996e-05,-0.0005045605372405,-0.0004664307692307,-0.0006417285714285,-0.0006412306227106,-0.0005407235653235,-0.0005763009768009,-0.0005642009768009
-0.0005706917704517,-0.000561293040293,-0.0004440317460317,0.0005636597802197,-6.382420024419996e-05,-0.000501521001221,-0.0004694793650793,-0.0006508523809523,-0.0006412306227106,-0.0005377025641025,-0.0005763009768009,-0.0005642009768009
-0.0005676561416361,-0.000558259096459,-0.000447073015873,0.0005606294749694,-6.078468864468836e-05,-0.000501521001221,-0.0004755765567765,-0.0006508523809523,-0.0006412306227106,-0.0005377025641025,-0.0005793183150183,-0.0005642009768009
-0.0005646205128205,-0.0005673609279609,-0.0004561968253968,0.0005636597802197,-5.470566544566516e-05,-0.0005106396092796,-0.0004755765567765,-0.0006538936507936,-0.0006442552625152,-0.0005377025641025,-0.0005763009768009,-0.0005672183150183
-0.0005676561416361,-0.0005734288156288,-0.0004561968253968,0.0005697203907203,-5.470566544566516e-05,-0.0005136791452991,-0.0004725279609279,-0.0006599761904761,-0.0006472799023199,-0.0005407235653235,-0.0005763009768009,-0.0005672183150183
-0.0005706917704517,-0.0005673609279609,-0.0004440317460317,0.00056669008547,-6.382420024419996e-05,-0.0005045605372405,-0.0004664307692307,-0.0006630174603174,-0.0006472799023199,-0.0005377025641025,-0.0005732836385836,-0.0005642009768009
-0.0005646205128205,-0.000561293040293,-0.0004409904761904,0.0005606294749694,-6.078468864468836e-05,-0.000501521001221,-0.0004664307692307,-0.0006630174603174,-0.0006472799023199,-0.0005377025641025,-0.0005732836385836,-0.0005611836385836
-0.0005706917704517,-0.0005643269841269,-0.0004409904761904,0.00056669008547,-6.382420024419996e-05,-0.000501521001221,-0.0004694793650793,-0.0006569349206349,-0.0006472799023199,-0.0005377025641025,-0.0005732836385836,-0.0005581663003663
-0.0005737273992673,-0.0005673609279609,-0.0004409904761904,0.0005697203907203,-6.686371184371155e-05,-0.0005045605372405,-0.0004725279609279,-0.0006569349206349,-0.0006472799023199,-0.0005377025641025,-0.0005732836385836,-0.0005611836385836
-0.0005676561416361,-0.0005643269841269,-0.0004440317460317,0.0005636597802197,-6.078468864468836e-05,-0.0005045605372405,-0.0004725279609279,-0.0006660587301587,-0.0006503045421245,-0.0005377025641025,-0.0005763009768009,-0.0005672183150183
-0.0005585492551892,-0.0005703948717948,-0.000459238095238,0.0005636597802197,-4.862664224664196e-05,-0.0005136791452991,-0.0004725279609279,-0.0006721412698412,-0.0006533291819291,-0.0005407235653235,-0.0005793183150183,-0.0005702356532356
-0.0005615848840048,-0.0005764627594627,-0.0004653206349206,0.00056669008547,-4.862664224664196e-05,-0.0005197582173382,-0.0004694793650793,-0.0006721412698412,-0.0006533291819291,-0.0005407235653235,-0.0005793183150183,-0.0005732529914529
-0.000576763028083,-0.0005764627594627,-0.0004531555555555,0.000575781001221,-6.078468864468836e-05,-0.0005136791452991,-0.0004633821733821,-0.0006660587301587,-0.0006503045421245,-0.0005437445665445,-0.0005793183150183,-0.0005732529914529
-0.0005797986568986,-0.0005673609279609,-0.0004379492063492,0.0005727506959706,-6.990322344322315e-05,-0.000501521001221,-0.0004664307692307,-0.0006721412698412,-0.0006472799023199,-0.0005437445665445,-0.0005793183150183,-0.0005672183150183
-0.000576763028083,-0.0005643269841269,-0.0004379492063492,0.0005697203907203,-6.990322344322315e-05,-0.000501521001221,-0.0004755765567765,-0.0006843063492063,-0.0006533291819291,-0.0005437445665445,-0.0005793183150183,-0.0005702356532356
-0.0005706917704517,-0.0005643269841269,-0.0004440317460317,0.00056669008547,-6.382420024419996e-05,-0.0005045605372405,-0.0004786251526251,-0.0006843063492063,-0.0006593784615384,-0.0005467655677655,-0.0005823356532356,-0.0005762703296703
-0.0005585492551892,-0.000561293040293,-0.0004531555555555,0.0005575991697191,-5.166615384615356e-05,-0.00050760007326,-0.0004786251526251,-0.000681265079365,-0.0006593784615384,-0.0005407235653235,-0.0005793183150183,-0.0005762703296703
-0.0005585492551892,-0.0005673609279609,-0.0004622793650793,0.0005606294749694,-4.862664224664196e-05,-0.0005136791452991,-0.0004816737484737,-0.0006782238095238,-0.0006593784615384,-0.0005407235653235,-0.0005763009768009,-0.0005732529914529
-0.0005646205128205,-0.0005643269841269,-0.0004501142857142,0.0005636597802197,-5.774517704517676e-05,-0.00050760007326,-0.0004847223443223,-0.0006782238095238,-0.0006624031013431,-0.0005407235653235,-0.0005763009768009,-0.0005702356532356
-0.0005676561416361,-0.000561293040293,-0.0004440317460317,0.0005636597802197,-6.078468864468836e-05,-0.000501521001221,-0.0004847223443223,-0.0006843063492063,-0.0006654277411477,-0.0005467655677655,-0.0005793183150183,-0.0005762703296703
-0.0005706917704517,-0.0005643269841269,-0.000447073015873,0.00056669008547,-6.078468864468836e-05,-0.0005045605372405,-0.0004816737484737,-0.0006873476190476,-0.0006654277411477,-0.0005497865689865,-0.0005853529914529,-0.0005792876678876
-0.000576763028083,-0.0005643269841269,-0.0004379492063492,0.0005697203907203,-6.990322344322315e-05,-0.000501521001221,-0.0004786251526251,-0.0006873476190476,-0.0006624031013431,-0.0005467655677655,-0.0005823356532356,-0.0005732529914529
-0.0005676561416361,-0.0005643269841269,-0.000447073015873,0.0005636597802197,-6.078468864468836e-05,-0.0005045605372405,-0.0004816737484737,-0.0006873476190476,-0.0006593784615384,-0.0005407235653235,-0.0005763009768009,-0.0005702356532356
-0.0005676561416361,-0.0005734288156288,-0.0004561968253968,0.0005697203907203,-5.470566544566516e-05,-0.0005136791452991,-0.0004786251526251,-0.0006843063492063,-0.0006593784615384,-0.0005437445665445,-0.0005763009768009,-0.0005702356532356
-0.0005828342857142,-0.0005734288156288,-0.0004440317460317,0.000575781001221,-6.990322344322315e-05,-0.00050760007326,-0.0004755765567765,-0.0006873476190476,-0.0006593784615384,-0.0005407235653235,-0.0005732836385836,-0.0005672183150183
-0.0005889055433455,-0.0005673609279609,-0.0004288253968253,0.000575781001221,-7.902175824175796e-05,-0.0004984814652014,-0.0004755765567765,-0.0006903888888888,-0.0006593784615384,-0.0005437445665445,-0.0005763009768009,-0.0005702356532356
-0.0005858699145299,-0.0005643269841269,-0.0004288253968253,0.0005727506959706,-7.902175824175796e-05,-0.0004954419291819,-0.0004786251526251,-0.0006934301587301,-0.0006593784615384,-0.0005497865689865,-0.0005823356532356,-0.0005702356532356
-0.0005706917704517,-0.0005643269841269,-0.0004440317460317,0.00056669008547,-6.382420024419996e-05,-0.0005045605372405,-0.0004847223443223,-0.0006934301587301,-0.0006593784615384,-0.0005437445665445,-0.0005793183150183,-0.0005702356532356
-0.0005646205128205,-0.0005673609279609,-0.0004531555555555,0.0005636597802197,-5.470566544566516e-05,-0.0005106396092796,-0.0004847223443223,-0.0006873476190476,-0.0006593784615384,-0.0005407235653235,-0.0005763009768009,-0.0005702356532356
-0.0005615848840048,-0.0005673609279609,-0.0004531555555555,0.0005636597802197,-5.470566544566516e-05,-0.0005106396092796,-0.0004816737484737,-0.0006903888888888,-0.0006563538217338,-0.0005407235653235,-0.0005763009768009,-0.0005702356532356
-0.0005646205128205,-0.0005521912087912,-0.0004379492063492,0.0005575991697191,-6.382420024419996e-05,-0.0004954419291819,-0.0004786251526251,-0.0006903888888888,-0.0006533291819291,-0.0005346815628815,-0.0005672489621489,-0.0005672183150183
-0.0005646205128205,-0.0005370214896214,-0.0004257841269841,0.0005485082539682,-6.990322344322315e-05,-0.0004802442490842,-0.0004725279609279,-0.000681265079365,-0.0006442552625152,-0.0005286395604395,-0.0005612142857142,-0.0005581663003663
-0.0005646205128205,-0.0005370214896214,-0.0004257841269841,0.0005485082539682,-6.990322344322315e-05,-0.0004802442490842,-0.0004664307692307,-0.0006782238095238,-0.0006412306227106,-0.0005286395604395,-0.0005612142857142,-0.0005611836385836
-0.0005646205128205,-0.0005370214896214,-0.0004227428571428,0.0005485082539682,-6.990322344322315e-05,-0.0004802442490842,-0.0004603335775335,-0.0006751825396825,-0.0006382059829059,-0.0005256185592185,-0.0005612142857142,-0.0005611836385836
-0.0005615848840048,-0.0005248857142857,-0.000413619047619,0.0005424476434676,-7.294273504273476e-05,-0.0004680861050061,-0.0004542363858363,-0.0006721412698412,-0.0006321567032967,-0.0005225975579975,-0.0005581969474969,-0.0005551489621489
-0.0005555136263736,-0.0004945462759462,-0.0003923301587301,0.0005242658119658,-8.206126984126955e-05,-0.0004437698168498,-0.000442042002442,-0.0006599761904761,-0.0006170335042735,-0.0005105135531135,-0.0005461275946275,-0.0005491142857142
-0.0005464067399267,-0.0004702747252747,-0.0003771238095238,0.0005060839804639,-8.510078144078116e-05,-0.000422493064713,-0.0004389934065934,-0.0006447698412698,-0.0006079595848595,-0.0004984295482295,-0.0005370755799755,-0.0005400622710622
-0.0005342642246642,-0.000452071062271,-0.0003740825396825,0.0004909324542124,-7.902175824175796e-05,-0.0004133744566544,-0.0004450905982905,-0.000635646031746,-0.0005988856654456,-0.0004863455433455,-0.0005280235653235,-0.0005310102564102
-0.0005251573382173,-0.000452071062271,-0.000380165079365,0.0004879021489621,-7.294273504273476e-05,-0.0004164139926739,-0.0004511877899877,-0.0006295634920634,-0.0005898117460317,-0.0004833245421245,-0.0005219888888888,-0.0005219582417582
-0.0005130148229548,-0.0004490371184371,-0.0003892888888888,0.0004788112332112,-6.078468864468836e-05,-0.0004194535286935,-0.0004603335775335,-0.0006295634920634,-0.0005867871062271,-0.0004863455433455,-0.0005280235653235,-0.0005279929181929
-0.000519086080586,-0.0004460031746031,-0.0003771238095238,0.0004818415384615,-6.990322344322315e-05,-0.0004103349206349,-0.0004847223443223,-0.0006417285714285,-0.0005898117460317,-0.0004863455433455,-0.0005280235653235,-0.0005249755799755
-0.0005433711111111,-0.0004611728937728,-0.0003710412698412,0.0005000233699633,-8.510078144078116e-05,-0.0004164139926739,-0.0005030139194139,-0.0006569349206349,-0.0006019103052503,-0.0004923875457875,-0.0005280235653235,-0.0005249755799755
-0.0005342642246642,-0.0004793765567765,-0.0004014539682539,0.0005060839804639,-6.686371184371155e-05,-0.0004407302808302,-0.0005121597069597,-0.0006690999999999,-0.0006140088644688,-0.0004954085470085,-0.0005340582417582,-0.0005370449328449
-0.0005221217094017,-0.0004945462759462,-0.0004257841269841,0.0005060839804639,-4.862664224664196e-05,-0.0004589674969474,-0.0005182568986568,-0.000681265079365,-0.0006261074236874,-0.0005074925518925,-0.0005461275946275,-0.0005460969474969
-0.0005221217094017,-0.0005127499389499,-0.0004440317460317,0.0005151748962148,-3.950810744810717e-05,-0.0004772047130647,-0.0005152083028083,-0.0006903888888888,-0.0006412306227106,-0.0005195765567765,-0.0005551796092796,-0.0005551489621489
-0.0005251573382173,-0.0005218517704517,-0.000447073015873,0.0005212355067155,-3.950810744810717e-05,-0.0004832837851037,-0.0005152083028083,-0.0006934301587301,-0.0006503045421245,-0.0005256185592185,-0.0005612142857142,-0.0005581663003663
-0.0005251573382173,-0.0005127499389499,-0.0004379492063492,0.0005182052014652,-4.254761904761877e-05,-0.0004741651770451,-0.0005152083028083,-0.0006903888888888,-0.0006472799023199,-0.0005225975579975,-0.0005521622710622,-0.0005521316239316
-0.0005281929670329,-0.0005157838827838,-0.0004379492063492,0.0005212355067155,-4.558713064713037e-05,-0.0004772047130647,-0.0005213054945054,-0.0006903888888888,-0.0006472799023199,-0.0005195765567765,-0.0005491449328449,-0.0005491142857142
-0.0005312285958485,-0.0005430893772893,-0.0004653206349206,0.000536387032967,-3.342908424908396e-05,-0.0005045605372405,-0.0005182568986568,-0.0006934301587301,-0.0006593784615384,-0.0005346815628815,-0.0005672489621489,-0.0005611836385836
-0.0005433711111111,-0.0005643269841269,-0.0004744444444444,0.0005515385592185,-3.342908424908396e-05,-0.0005197582173382,-0.0005152083028083,-0.0007055952380952,-0.000671477020757,-0.0005497865689865,-0.0005793183150183,-0.0005732529914529
-0.0005524779975579,-0.0005673609279609,-0.0004653206349206,0.0005575991697191,-4.254761904761877e-05,-0.0005167186813186,-0.0005121597069597,-0.0007116777777777,-0.0006775263003663,-0.0005528075702075,-0.0005823356532356,-0.0005762703296703
-0.0005555136263736,-0.0005673609279609,-0.0004622793650793,0.0005606294749694,-4.558713064713037e-05,-0.0005136791452991,-0.0005121597069597,-0.000714719047619,-0.0006775263003663,-0.0005528075702075,-0.0005823356532356,-0.0005762703296703
-0.0005676561416361,-0.0005703948717948,-0.0004501142857142,0.00056669008547,-5.774517704517676e-05,-0.0005106396092796,-0.0005030139194139,-0.000714719047619,-0.0006745016605616,-0.0005528075702075,-0.0005823356532356,-0.0005732529914529
-0.0005889055433455,-0.0005794967032967,-0.0004409904761904,0.0005818416117216,-7.294273504273476e-05,-0.0005106396092796,-0.0004908195360195,-0.000714719047619,-0.0006745016605616,-0.0005558285714285,-0.0005823356532356,-0.0005792876678876
-0.0005980124297924,-0.0006007343101343,-0.0004531555555555,0.0005969931379731,-7.294273504273476e-05,-0.0005258372893772,-0.0004847223443223,-0.0007238428571428,-0.0006866002197802,-0.0005648915750915,-0.000594405006105,-0.000591357020757
-0.0005980124297924,-0.0005977003663003,-0.0004531555555555,0.0005969931379731,-7.294273504273476e-05,-0.0005258372893772,-0.0004877709401709,-0.0007299253968253,-0.0006896248595848,-0.0005679125763125,-0.0006004396825396,-0.0005973916971916
-0.0006071193162393,-0.0005977003663003,-0.0004409904761904,0.0006000234432234,-8.206126984126955e-05,-0.0005197582173382,-0.0004816737484737,-0.0007268841269841,-0.0006866002197802,-0.0005648915750915,-0.000594405006105,-0.0005883396825396
-0.0005980124297924,-0.0006007343101343,-0.0004531555555555,0.0005969931379731,-7.294273504273476e-05,-0.0005258372893772,-0.0004847223443223,-0.0007238428571428,-0.0006866002197802,-0.0005679125763125,-0.0005974223443223,-0.000591357020757
-0.0005858699145299,-0.0005946664224664,-0.0004622793650793,0.0005879022222222,-6.078468864468836e-05,-0.0005288768253968,-0.0004877709401709,-0.0007268841269841,-0.0006866002197802,-0.0005679125763125,-0.0006004396825396,-0.0005973916971916
-0.0005858699145299,-0.0005977003663003,-0.0004653206349206,0.0005909325274725,-6.078468864468836e-05,-0.0005319163614163,-0.0004847223443223,-0.0007299253968253,-0.0006896248595848,-0.0005679125763125,-0.0006004396825396,-0.000600409035409
-0.0005858699145299,-0.0005977003663003,-0.0004622793650793,0.0005909325274725,-6.078468864468836e-05,-0.0005288768253968,-0.0004816737484737,-0.0007268841269841,-0.0006835755799755,-0.0005648915750915,-0.0006004396825396,-0.0005973916971916
-0.0005889055433455,-0.0005946664224664,-0.0004531555555555,0.0005909325274725,-6.686371184371155e-05,-0.0005227977533577,-0.0004816737484737,-0.0007238428571428,-0.0006775263003663,-0.0005618705738705,-0.000594405006105,-0.000591357020757
-0.0005889055433455,-0.0005916324786324,-0.0004531555555555,0.0005879022222222,-6.686371184371155e-05,-0.0005227977533577,-0.0004877709401709,-0.0007238428571428,-0.0006775263003663,-0.0005588495726495,-0.0005913876678876,-0.0005883396825396
-0.0005889055433455,-0.0005825306471306,-0.0004440317460317,0.0005848719169719,-7.294273504273476e-05,-0.0005136791452991,-0.0004908195360195,-0.0007208015873015,-0.000671477020757,-0.0005558285714285,-0.0005823356532356,-0.0005853223443223
-0.0005919411721611,-0.0005734288156288,-0.0004288253968253,0.0005818416117216,-8.206126984126955e-05,-0.000501521001221,-0.0004938681318681,-0.0007208015873015,-0.000671477020757,-0.0005528075702075,-0.0005823356532356,-0.0005853223443223
-0.0005858699145299,-0.0005734288156288,-0.0004379492063492,0.0005788113064713,-7.294273504273476e-05,-0.0005045605372405,-0.0004999653235653,-0.0007238428571428,-0.0006745016605616,-0.0005528075702075,-0.0005883703296703,-0.000591357020757
-0.0005828342857142,-0.0005764627594627,-0.000447073015873,0.0005788113064713,-6.686371184371155e-05,-0.0005106396092796,-0.0005030139194139,-0.0007268841269841,-0.000671477020757,-0.0005528075702075,-0.0005913876678876,-0.0005943743589743
-0.0005919411721611,-0.0005734288156288,-0.0004349079365079,0.0005818416117216,-7.902175824175796e-05,-0.0005045605372405,-0.0004969167277167,-0.0007025539682539,-0.0006442552625152,-0.0005437445665445,-0.0005883703296703,-0.0005943743589743
-0.0005980124297924,-0.0005370214896214,-0.0003892888888888,0.00056669008547,-0.0001033378510378,-0.000462007032967,-0.0004908195360195,-0.0006660587301587,-0.0005898117460317,-0.0005165555555555,-0.0005823356532356,-0.0006034263736263
-0.0005828342857142,-0.0004429692307692,-0.0003132571428571,0.0005121445909645,-0.0001337329670329,-0.00037690002442,-0.0005030139194139,-0.0006204396825396,-0.0005111711111111,-0.0004621775335775,-0.0005461275946275,-0.0005883396825396
-0.000519086080586,-0.0003003738705738,-0.0002311428571428,0.0004091142124542,-0.0001428515018315,-0.0002644371916971,-0.0005334998778998,-0.0005018301587301,-0.0003720376800976,-0.0003322744810744,-0.0004525901098901,-0.0005249755799755
-0.0004037321855921,-8.799780219780199e-05,-0.0001368634920634,0.0002454777289377,-0.0001337329670329,-0.0001124603907203,-0.0006005689865689,-0.000364973015873,-0.0001663621733821,-9.965738705738758e-05,-0.0002655151404151,-0.00039523003663
-0.0002640932600732,0.0002609057387057,6.69015873015874e-05,2.300366300369205e-08,-0.000164128083028,0.0001641373870573,-0.0007651931623931,-0.0004562111111111,2.419013431013423e-05,0.0002175477411477,3.6218681318681165e-05,-0.0001417736263736
-0.0001244543345543,0.0006553184371184,0.0003193269841269,-0.0002636135531135,-0.0002218788034188,0.0004863282051282,-0.0010395667887667,-0.0007877095238095,0.0001391264468864,0.0005528788766788,0.0003982992673992,0.0001871162393162
9.113333333333055e-06,0.0009617467643467,0.0004926793650793,-0.0004848258363858,-0.0002401158730158,0.0007264515506715,-0.0013779609279609,-0.0012074047619047,8.468293040293032e-05,0.0008036219780219,0.0007151197802197,0.000497902075702
8.196842490842463e-05,0.00111041001221,0.0005626285714285,-0.0005939168253968,-0.0002401158730158,0.0008358748473748,-0.0016492859584859,-0.0015389031746031,-7.864761904761912e-05,0.000861021001221,0.0008659866910866,0.0007060984126984
3.64339926739924e-05,0.0007766761904761,0.0002797904761904,-0.0004060378998778,-0.0001215749206349,0.0005288817094017,-0.0016614803418803,-0.0016757603174603,-0.0004204319169719,0.0004864168498168,0.0006064956043956,0.0005974742368742
-0.0001973094261294,0.0001122424908424,-0.0001490285714285,4.24472771672772e-05,-2.4310549450549165e-05,-1.823477411477415e-05,-0.00144503003663,-0.0017974111111111,-0.0009194974847374,-0.0001600774114774,9.958278388278373e-05,0.000265567032967
-0.0004280172161172,-0.0002184573870573,-0.0002433079365079,0.0003212353601953,-9.117980463980436e-05,-0.0002310022954822,-0.0012590656898656,-0.0019616396825396,-0.0012824542612942,-0.0005920805860805,-0.0002232724053724,4.831868131868072e-05
-0.0005524779975579,-0.00039746007326,-0.0002950095238095,0.0004727506227106,-0.0001276539438339,-0.0003465046642246,-0.0011157816849816,-0.0018795253968253,-0.0013701688156288,-0.0007703196581196,-0.0004133647130647,-0.0001236695970695
-0.0006131905738705,-0.0005430893772893,-0.000380165079365,0.000575781001221,-0.0001154958974358,-0.000462007032967,-0.000999935042735,-0.0016362238095238,-0.0012703557020757,-0.0007854246642246,-0.0005189715506715,-0.0002775538461538
-0.0006314043467643,-0.0005673609279609,-0.0003923301587301,0.0005969931379731,-0.0001185354090354,-0.0004802442490842,-0.0009084771672771,-0.0013990047619047,-0.0011191237118437,-0.0007310466422466,-0.0005461275946275,-0.0003680739926739
-0.0006162262026862,-0.000561293040293,-0.0003984126984126,0.0005879022222222,-0.0001094168742368,-0.0004802442490842,-0.0007987277167277,-0.0011800333333333,-0.0009860395604395,-0.0006766686202686,-0.0005612142857142,-0.0004404901098901
-0.000601048058608,-0.000561293040293,-0.0004105777777777,0.0005788113064713,-9.421931623931596e-05,-0.0004863233211233,-0.0006706866910866,-0.0009701857142857,-0.0008650539682539,-0.0006283326007326,-0.0005732836385836,-0.0004978195360195
-0.0005828342857142,-0.0005279196581196,-0.0003984126984126,0.0005545688644688,-9.117980463980436e-05,-0.000462007032967,-0.0005639858363858,-0.0007968333333333,-0.0007501176556776,-0.0005648915750915,-0.0005551796092796,-0.0005159235653235
-0.0005706917704517,-0.0004975802197802,-0.000380165079365,0.0005333567277167,-9.421931623931596e-05,-0.0004376907448107,-0.0005030139194139,-0.0006964714285714,-0.0006654277411477,-0.0005195765567765,-0.0005310409035409,-0.0005129062271062
-0.0005646205128205,-0.0005006141636141,-0.0003862476190476,0.0005303264224664,-8.814029304029276e-05,-0.0004437698168498,-0.0004816737484737,-0.0006599761904761,-0.0006321567032967,-0.0005044715506715,-0.0005280235653235,-0.0005219582417582
-0.0005555136263736,-0.000506682051282,-0.0004014539682539,0.0005303264224664,-7.598224664224636e-05,-0.0004528884249084,-0.0004786251526251,-0.0006447698412698,-0.000629132063492,-0.0005105135531135,-0.0005400929181929,-0.0005340275946275
-0.0005585492551892,-0.0005036481074481,-0.0003953714285714,0.0005303264224664,-8.206126984126955e-05,-0.0004498488888888,-0.0004755765567765,-0.0006295634920634,-0.0006261074236874,-0.0005135345543345,-0.0005461275946275,-0.0005430796092796
-0.0005676561416361,-0.0005006141636141,-0.0003862476190476,0.0005333567277167,-9.117980463980436e-05,-0.0004437698168498,-0.0004725279609279,-0.0006234809523809,-0.0006230827838827,-0.0005195765567765,-0.0005551796092796,-0.0005521316239316
-0.0005676561416361,-0.0005036481074481,-0.0003862476190476,0.0005333567277167,-9.117980463980436e-05,-0.0004437698168498,-0.0004694793650793,-0.0006173984126984,-0.0006230827838827,-0.0005256185592185,-0.0005642316239316,-0.0005642009768009
-0.0005676561416361,-0.0005036481074481,-0.0003862476190476,0.0005333567277167,-9.117980463980436e-05,-0.0004437698168498,-0.0004603335775335,-0.0005991507936507,-0.0006140088644688,-0.0005195765567765,-0.0005642316239316,-0.0005672183150183
-0.0005615848840048,-0.0005006141636141,-0.0003923301587301,0.0005303264224664,-8.510078144078116e-05,-0.0004468093528693,-0.0004542363858363,-0.0005900269841269,-0.0006049349450549,-0.0005135345543345,-0.0005612142857142,-0.0005672183150183
-0.0005706917704517,-0.0005097159951159,-0.0003953714285714,0.0005394173382173,-8.814029304029276e-05,-0.0004528884249084,-0.0004481391941391,-0.0005839444444444,-0.0005988856654456,-0.0005105135531135,-0.0005612142857142,-0.0005702356532356
-0.0005737273992673,-0.0005248857142857,-0.0004044952380952,0.0005485082539682,-8.510078144078116e-05,-0.0004650465689865,-0.0004389934065934,-0.000568738095238,-0.0005928363858363,-0.0005074925518925,-0.0005581969474969,-0.0005672183150183
-0.0005706917704517,-0.0005279196581196,-0.0004044952380952,0.0005485082539682,-8.206126984126955e-05,-0.0004650465689865,-0.0004359448107448,-0.000568738095238,-0.0005898117460317,-0.0005074925518925,-0.0005612142857142,-0.0005672183150183
-0.0005585492551892,-0.0005157838827838,-0.0004075365079365,0.000536387032967,-7.598224664224636e-05,-0.000462007032967,-0.000442042002442,-0.000568738095238,-0.0005898117460317,-0.0005074925518925,-0.0005581969474969,-0.0005642009768009
-0.0005555136263736,-0.000506682051282,-0.0004075365079365,0.0005303264224664,-7.294273504273476e-05,-0.0004559279609279,-0.0004481391941391,-0.0005596142857142,-0.0005837624664224,-0.0005044715506715,-0.0005521622710622,-0.0005581663003663
-0.0005615848840048,-0.0005097159951159,-0.0004014539682539,0.0005333567277167,-7.902175824175796e-05,-0.0004559279609279,-0.0004450905982905,-0.0005535317460317,-0.0005777131868131,-0.0005014505494505,-0.0005461275946275,-0.0005551489621489
-0.0005555136263736,-0.0005127499389499,-0.0004075365079365,0.0005333567277167,-7.294273504273476e-05,-0.0004589674969474,-0.000442042002442,-0.0005535317460317,-0.0005746885470085,-0.0004984295482295,-0.0005521622710622,-0.0005581663003663
-0.0005555136263736,-0.0005157838827838,-0.0004105777777777,0.0005333567277167,-7.294273504273476e-05,-0.000462007032967,-0.0004359448107448,-0.0005474492063492,-0.0005746885470085,-0.0004984295482295,-0.0005551796092796,-0.0005642009768009
-0.0005585492551892,-0.0005097159951159,-0.0004044952380952,0.0005333567277167,-7.598224664224636e-05,-0.0004559279609279,-0.0004359448107448,-0.0005383253968253,-0.0005746885470085,-0.0004984295482295,-0.0005551796092796,-0.0005672183150183
-0.0005555136263736,-0.0005036481074481,-0.0004014539682539,0.0005272961172161,-7.598224664224636e-05,-0.0004528884249084,-0.0004389934065934,-0.0005322428571428,-0.0005716639072039,-0.0005014505494505,-0.0005551796092796,-0.0005702356532356
-0.0005555136263736,-0.0005006141636141,-0.0003984126984126,0.0005272961172161,-7.902175824175796e-05,-0.0004498488888888,-0.0004359448107448,-0.0005292015873015,-0.0005716639072039,-0.0005044715506715,-0.0005581969474969,-0.0005702356532356
-0.0005676561416361,-0.0005006141636141,-0.0003862476190476,0.0005333567277167,-9.117980463980436e-05,-0.0004437698168498,-0.0004298476190476,-0.0005292015873015,-0.0005656146275946,-0.0005044715506715,-0.0005581969474969,-0.0005702356532356
-0.0005737273992673,-0.0005036481074481,-0.000380165079365,0.000536387032967,-9.725882783882755e-05,-0.0004407302808302,-0.0004207018315018,-0.0005200777777777,-0.0005565407081807,-0.0004984295482295,-0.0005551796092796,-0.0005672183150183
-0.0005676561416361,-0.000506682051282,-0.0003923301587301,0.000536387032967,-8.814029304029276e-05,-0.0004498488888888,-0.0004207018315018,-0.0005079126984126,-0.000553516068376,-0.0004923875457875,-0.0005521622710622,-0.0005642009768009
-0.0005464067399267,-0.0005127499389499,-0.000413619047619,0.0005272961172161,-6.686371184371155e-05,-0.000462007032967,-0.000426799023199,-0.0005018301587301,-0.000553516068376,-0.0004923875457875,-0.0005551796092796,-0.0005672183150183
-0.0005403354822954,-0.0005097159951159,-0.0004197015873015,0.0005242658119658,-6.078468864468836e-05,-0.0004650465689865,-0.000426799023199,-0.0004957476190476,-0.0005504914285714,-0.0004954085470085,-0.0005551796092796,-0.0005672183150183
-0.0005433711111111,-0.0005097159951159,-0.0004197015873015,0.0005242658119658,-6.078468864468836e-05,-0.0004650465689865,-0.000426799023199,-0.000489665079365,-0.0005504914285714,-0.0004954085470085,-0.0005581969474969,-0.0005702356532356
-0.0005464067399267,-0.0005097159951159,-0.000413619047619,0.0005272961172161,-6.686371184371155e-05,-0.000462007032967,-0.0004207018315018,-0.0004835825396825,-0.0005474667887667,-0.0004984295482295,-0.0005612142857142,-0.0005762703296703
-0.0005524779975579,-0.000506682051282,-0.0004105777777777,0.0005272961172161,-6.990322344322315e-05,-0.0004589674969474,-0.0004146046398046,-0.0004714174603174,-0.0005414175091575,-0.0004923875457875,-0.0005581969474969,-0.0005732529914529
-0.0005615848840048,-0.0005097159951159,-0.0004044952380952,0.0005333567277167,-7.902175824175796e-05,-0.0004559279609279,-0.000411556043956,-0.0004592523809523,-0.0005323435897435,-0.0004863455433455,-0.0005521622710622,-0.0005642009768009
-0.0005524779975579,-0.0005097159951159,-0.0004105777777777,0.0005303264224664,-6.990322344322315e-05,-0.0004589674969474,-0.0004176532356532,-0.0004531698412698,-0.0005353682295482,-0.0004893665445665,-0.0005581969474969,-0.0005732529914529
-0.0005433711111111,-0.000506682051282,-0.0004166603174603,0.0005242658119658,-6.382420024419996e-05,-0.000462007032967,-0.0004176532356532,-0.000444046031746,-0.0005323435897435,-0.0004923875457875,-0.0005581969474969,-0.0005732529914529
-0.0005555136263736,-0.0005036481074481,-0.0004044952380952,0.0005272961172161,-7.598224664224636e-05,-0.0004528884249084,-0.0004024102564102,-0.0004257984126984,-0.0005172203907203,-0.0004833245421245,-0.0005521622710622,-0.0005672183150183
-0.0005464067399267,-0.000506682051282,-0.0004105777777777,0.0005242658119658,-6.686371184371155e-05,-0.0004589674969474,-0.000396313064713,-0.0004136333333333,-0.0005081464713064,-0.0004772825396825,-0.0005491449328449,-0.0005672183150183
-0.0005251573382173,-0.0005097159951159,-0.0004349079365079,0.0005151748962148,-4.558713064713037e-05,-0.0004711256410256,-0.0003993616605616,-0.0004014682539682,-0.0005111711111111,-0.0004772825396825,-0.0005551796092796,-0.0005702356532356
-0.0005221217094017,-0.000506682051282,-0.0004349079365079,0.0005121445909645,-4.254761904761877e-05,-0.0004711256410256,-0.0004024102564102,-0.0003893031746031,-0.0005020971916971,-0.0004772825396825,-0.0005521622710622,-0.0005702356532356
-0.0005372998534798,-0.000506682051282,-0.0004227428571428,0.0005212355067155,-5.774517704517676e-05,-0.0004650465689865,-0.000396313064713,-0.0003740968253968,-0.0004899986324786,-0.0004742615384615,-0.0005521622710622,-0.0005702356532356
-0.0005403354822954,-0.0005097159951159,-0.0004257841269841,0.0005242658119658,-5.774517704517676e-05,-0.0004680861050061,-0.0003902158730158,-0.0003588904761904,-0.0004839493528693,-0.0004742615384615,-0.0005551796092796,-0.0005702356532356
-0.0005342642246642,-0.000506682051282,-0.0004197015873015,0.0005182052014652,-5.774517704517676e-05,-0.000462007032967,-0.0003902158730158,-0.0003376015873015,-0.0004748754334554,-0.0004651985347985,-0.0005461275946275,-0.0005642009768009
-0.0005312285958485,-0.0004915123321123,-0.0004075365079365,0.0005091142857142,-6.078468864468836e-05,-0.0004498488888888,-0.0003902158730158,-0.0003223952380952,-0.0004658015140415,-0.0004561355311355,-0.0005370755799755,-0.0005581663003663
-0.0005251573382173,-0.0004854444444444,-0.0004105777777777,0.0005030536752136,-5.774517704517676e-05,-0.0004468093528693,-0.0003871672771672,-0.0003011063492063,-0.0004567275946275,-0.0004500935286935,-0.0005310409035409,-0.0005551489621489
-0.0005221217094017,-0.0004854444444444,-0.000413619047619,0.0005030536752136,-5.470566544566516e-05,-0.0004498488888888,-0.00038107008547,-0.0002798174603174,-0.0004506783150183,-0.0004500935286935,-0.0005310409035409,-0.0005521316239316
-0.0005251573382173,-0.0004763426129426,-0.0003984126984126,0.0005000233699633,-6.382420024419996e-05,-0.0004376907448107,-0.0003719242979242,-0.0002554873015873,-0.0004416043956043,-0.0004500935286935,-0.0005310409035409,-0.0005491142857142
-0.0005221217094017,-0.000455105006105,-0.0003862476190476,0.0004879021489621,-6.686371184371155e-05,-0.0004194535286935,-0.0003688757020757,-0.0002372396825396,-0.0004325304761904,-0.0004470725274725,-0.0005280235653235,-0.0005460969474969
-0.0005069435653235,-0.0004369013431013,-0.000380165079365,0.0004697203174603,-6.382420024419996e-05,-0.0004072953846153,-0.0003719242979242,-0.0002129095238095,-0.0004234565567765,-0.0004380095238095,-0.0005250062271062,-0.0005430796092796
-0.0005008723076923,-0.0004338673992673,-0.0003862476190476,0.00046669001221,-5.774517704517676e-05,-0.0004103349206349,-0.0003688757020757,-0.0001794555555555,-0.0004053087179487,-0.0004259255189255,-0.0005159542124542,-0.0005340275946275
-0.0004917654212454,-0.0004429692307692,-0.0003984126984126,0.00046669001221,-4.558713064713037e-05,-0.0004194535286935,-0.0003597299145299,-0.0001551253968253,-0.0003901855189255,-0.0004138415140415,-0.0005069021978021,-0.0005279929181929
-0.0004887297924297,-0.0004399352869352,-0.0004014539682539,0.0004636597069597,-4.254761904761877e-05,-0.0004194535286935,-0.0003566813186813,-0.0001277539682539,-0.0003871608791208,-0.0004077995115995,-0.0004978501831501,-0.0005189409035409
-0.0004796229059829,-0.0004156637362637,-0.0003892888888888,0.0004454778754578,-4.558713064713037e-05,-0.0004012163125763,-0.0003536327228327,-0.000106465079365,-0.0003811115995115,-0.0003987365079365,-0.0004887981684981,-0.0005098888888888
-0.0004796229059829,-0.00039746007326,-0.0003740825396825,0.0004363869597069,-5.166615384615356e-05,-0.0003860186324786,-0.0003505841269841,-9.125873015872984e-05,-0.0003750623199023,-0.0003957155067155,-0.0004797461538461,-0.0005008368742368
-0.0004765872771672,-0.0003762224664224,-0.0003588761904761,0.0004242657387057,-5.774517704517676e-05,-0.0003677814163614,-0.0003475355311355,-7.605238095238064e-05,-0.000369013040293,-0.0003896735042735,-0.0004737114774114,-0.0004917848595848
-0.000470516019536,-0.0003580188034188,-0.0003467111111111,0.0004121445177045,-6.078468864468836e-05,-0.0003525837362637,-0.0003414383394383,-5.78047619047616e-05,-0.0003538898412698,-0.0003775894993894,-0.0004616421245421,-0.0004736808302808
-0.0004674803907203,-0.0003519509157509,-0.0003375873015873,0.0004091142124542,-6.382420024419996e-05,-0.0003434651282051,-0.0003322925518925,-3.955714285714255e-05,-0.0003387666422466,-0.0003624844932844,-0.0004465554334554,-0.0004585941391941
-0.000470516019536,-0.0003337472527472,-0.0003162984126984,0.0004000232967032,-7.598224664224636e-05,-0.0003252279120879,-0.0003292439560439,-3.043333333333303e-05,-0.0003296927228327,-0.0003473794871794,-0.0004284514041514,-0.0004404901098901
-0.0004523022466422,-0.0003155435897435,-0.0003102158730158,0.0003818414652014,-6.990322344322315e-05,-0.0003130697680097,-0.0003353411477411,-2.7392063492063188e-05,-0.0003296927228327,-0.0003473794871794,-0.0004224167277167,-0.000431438095238
-0.0004431953601953,-0.0002943059829059,-0.000301092063492,0.0003666899389499,-6.990322344322315e-05,-0.000297872087912,-0.0003414383394383,-3.043333333333303e-05,-0.0003296927228327,-0.0003443584859584,-0.0004133647130647,-0.000422386080586
-0.0004462309890109,-0.0002761023199023,-0.0002798031746031,0.0003606293284493,-8.206126984126955e-05,-0.0002765953357753,-0.0003414383394383,-3.651587301587271e-05,-0.000326668083028,-0.0003383164835164,-0.0004043126984126,-0.000413334065934
-0.0004431953601953,-0.0002670004884004,-0.0002737206349206,0.0003545687179487,-8.510078144078116e-05,-0.0002705162637362,-0.0003475355311355,-5.172222222222191e-05,-0.0003296927228327,-0.0003352954822954,-0.000398278021978,-0.000404282051282
-0.0004431953601953,-0.0002578986568986,-0.0002645968253968,0.0003485081074481,-8.814029304029276e-05,-0.0002613976556776,-0.0003505841269841,-7.30111111111108e-05,-0.0003327173626373,-0.0003322744810744,-0.000389226007326,-0.0003891953601953
-0.0004523022466422,-0.0002427289377289,-0.0002402666666666,0.0003454778021978,-0.0001063773626373,-0.0002401209035409,-0.0003566813186813,-9.734126984126952e-05,-0.0003327173626373,-0.0003262324786324,-0.0003741393162393,-0.0003710913308913
-0.0004583735042735,-0.0002305931623931,-0.0002250603174603,0.0003424474969474,-0.0001154958974358,-0.0002279627594627,-0.0003627785103785,-0.0001338365079365,-0.0003387666422466,-0.0003201904761904,-0.0003681046398046,-0.0003590219780219
-0.0004614091330891,-0.0002245252747252,-0.0002189777777777,0.0003424474969474,-0.0001215749206349,-0.0002218836874236,-0.0003688757020757,-0.0001794555555555,-0.0003538898412698,-0.0003262324786324,-0.0003681046398046,-0.0003590219780219
-0.000470516019536,-0.0002245252747252,-0.0002068126984126,0.0003454778021978,-0.0001306934554334,-0.0002158046153846,-0.0003780214896214,-0.0002281158730158,-0.0003720376800976,-0.0003383164835164,-0.0003681046398046,-0.0003590219780219
-0.0004887297924297,-0.0002336271062271,-0.0001946476190476,0.0003606293284493,-0.000145891013431,-0.000212765079365,-0.0003841186813186,-0.0002767761904761,-0.0003871608791208,-0.0003413374847374,-0.0003711219780219,-0.0003590219780219
-0.0005069435653235,-0.0002548647130647,-0.0001946476190476,0.0003788111599511,-0.0001550095482295,-0.0002249232234432,-0.0003871672771672,-0.0003193539682539,-0.0003962347985347,-0.0003473794871794,-0.0003741393162393,-0.0003680739926739
-0.0004978366788766,-0.0002791362637362,-0.0002311428571428,0.000387902075702,-0.0001337329670329,-0.0002553185836385,-0.000396313064713,-0.0003680142857142,-0.0004143826373626,-0.0003594634920634,-0.0003862086691086,-0.0003801433455433
-0.0004796229059829,-0.0003003738705738,-0.0002706793650793,0.000387902075702,-0.0001033378510378,-0.0002857139438339,-0.0004054588522588,-0.0004166746031746,-0.0004416043956043,-0.0003806105006105,-0.0004103473748473,-0.0004012647130647
-0.000494801050061,-0.0003276793650793,-0.0002798031746031,0.0004091142124542,-0.0001063773626373,-0.0003039511599511,-0.000411556043956,-0.0004592523809523,-0.0004688261538461,-0.0003987365079365,-0.0004284514041514,-0.000422386080586
-0.0005130148229548,-0.0003549848595848,-0.0002919682539682,0.0004333566544566,-0.0001094168742368,-0.0003221883760683,-0.0004085074481074,-0.0004987888888888,-0.0004930232722832,-0.0004168625152625,-0.0004465554334554,-0.0004374727716727
-0.0005281929670329,-0.0003822903540903,-0.0003071746031746,0.0004545687912087,-0.0001094168742368,-0.0003434651282051,-0.000411556043956,-0.0005352841269841,-0.0005111711111111,-0.0004349885225885,-0.0004646594627594,-0.0004646288156288
-0.0005403354822954,-0.0004095958485958,-0.0003193396825396,0.0004727506227106,-0.0001094168742368,-0.0003647418803418,-0.0004146046398046,-0.0005626555555555,-0.0005323435897435,-0.0004500935286935,-0.0004827634920634,-0.0004827328449328
-0.0005615848840048,-0.0004429692307692,-0.0003315047619047,0.0005000233699633,-0.0001154958974358,-0.0003860186324786,-0.0004146046398046,-0.0005869857142857,-0.0005474667887667,-0.0004621775335775,-0.0005008675213675,-0.0005008368742368
-0.0005737273992673,-0.0004763426129426,-0.0003558349206349,0.0005242658119658,-0.0001094168742368,-0.0004164139926739,-0.000411556043956,-0.0006113158730158,-0.0005656146275946,-0.0004833245421245,-0.0005219888888888,-0.0005219582417582
-0.0005828342857142,-0.0005006141636141,-0.0003710412698412,0.0005394173382173,-0.0001063773626373,-0.0004346512087912,-0.000411556043956,-0.0006326047619047,-0.0005867871062271,-0.0004954085470085,-0.0005340582417582,-0.0005310102564102
-0.0005858699145299,-0.0005188178266178,-0.0003832063492063,0.0005515385592185,-0.0001002983394383,-0.0004498488888888,-0.0004146046398046,-0.0006478111111111,-0.000595861025641,-0.0005074925518925,-0.0005461275946275,-0.0005400622710622
-0.0005828342857142,-0.0005248857142857,-0.0003892888888888,0.0005515385592185,-9.725882783882755e-05,-0.0004559279609279,-0.0004207018315018,-0.0006660587301587,-0.0006079595848595,-0.0005165555555555,-0.0005551796092796,-0.0005491142857142
-0.0005949768009768,-0.0005339875457875,-0.0003923301587301,0.0005636597802197,-0.0001002983394383,-0.000462007032967,-0.0004207018315018,-0.0006782238095238,-0.0006170335042735,-0.0005256185592185,-0.0005581969474969,-0.0005581663003663
-0.0005980124297924,-0.0005430893772893,-0.0003953714285714,0.0005697203907203,-0.0001002983394383,-0.0004680861050061,-0.0004176532356532,-0.0006843063492063,-0.0006261074236874,-0.0005316605616605,-0.0005672489621489,-0.0005642009768009
-0.0005980124297924,-0.0005461233211233,-0.0004014539682539,0.0005697203907203,-9.725882783882755e-05,-0.0004741651770451,-0.0004146046398046,-0.0006873476190476,-0.0006261074236874,-0.0005346815628815,-0.0005702663003663,-0.0005672183150183
-0.0005949768009768,-0.0005491572649572,-0.0004044952380952,0.0005697203907203,-9.421931623931596e-05,-0.0004772047130647,-0.0004146046398046,-0.0006934301587301,-0.0006321567032967,-0.0005407235653235,-0.0005732836385836,-0.0005732529914529
-0.0005949768009768,-0.0005552251526251,-0.000413619047619,0.0005727506959706,-9.117980463980436e-05,-0.0004832837851037,-0.0004146046398046,-0.0006964714285714,-0.0006382059829059,-0.0005467655677655,-0.0005823356532356,-0.0005792876678876
-0.000601048058608,-0.0005643269841269,-0.0004166603174603,0.0005818416117216,-9.117980463980436e-05,-0.0004893628571428,-0.0004146046398046,-0.0007025539682539,-0.0006412306227106,-0.0005497865689865,-0.0005853529914529,-0.000582305006105
-0.0006101549450549,-0.0005825306471306,-0.0004227428571428,0.0005939628327228,-9.421931623931596e-05,-0.000501521001221,-0.0004146046398046,-0.0007086365079365,-0.0006442552625152,-0.0005528075702075,-0.0005913876678876,-0.0005883396825396
-0.0006192618315018,-0.0005825306471306,-0.0004166603174603,0.0006000234432234,-0.0001002983394383,-0.0004984814652014,-0.000411556043956,-0.0007025539682539,-0.0006442552625152,-0.0005497865689865,-0.0005883703296703,-0.0005853223443223
-0.0006222974603174,-0.0005764627594627,-0.0004075365079365,0.0005969931379731,-0.0001063773626373,-0.0004924023931623,-0.000411556043956,-0.0006964714285714,-0.0006412306227106,-0.0005467655677655,-0.0005823356532356,-0.000582305006105
-0.0006071193162393,-0.0005734288156288,-0.0004166603174603,0.0005879022222222,-9.421931623931596e-05,-0.0004954419291819,-0.0004085074481074,-0.0006934301587301,-0.0006382059829059,-0.0005467655677655,-0.0005823356532356,-0.0005853223443223
-0.0005980124297924,-0.0005825306471306,-0.0004349079365079,0.0005879022222222,-8.206126984126955e-05,-0.00050760007326,-0.0004054588522588,-0.0006934301587301,-0.0006412306227106,-0.0005558285714285,-0.000594405006105,-0.0005943743589743
-0.000601048058608,-0.0005885985347985,-0.0004409904761904,0.0005939628327228,-7.902175824175796e-05,-0.0005136791452991,-0.0004085074481074,-0.0006964714285714,-0.0006503045421245,-0.0005618705738705,-0.0006004396825396,-0.0005943743589743
-0.0006071193162393,-0.0005855645909645,-0.0004288253968253,0.0005939628327228,-8.814029304029276e-05,-0.00050760007326,-0.0004054588522588,-0.0006903888888888,-0.0006503045421245,-0.0005618705738705,-0.0005974223443223,-0.000591357020757
-0.0006131905738705,-0.0005825306471306,-0.0004166603174603,0.0005969931379731,-9.725882783882755e-05,-0.0004984814652014,-0.000411556043956,-0.0006903888888888,-0.0006503045421245,-0.0005618705738705,-0.000594405006105,-0.0005883396825396
-0.0006162262026862,-0.0005855645909645,-0.0004197015873015,0.0006000234432234,-9.725882783882755e-05,-0.000501521001221,-0.000411556043956,-0.0006903888888888,-0.0006472799023199,-0.0005618705738705,-0.0005974223443223,-0.0005943743589743
-0.0006162262026862,-0.0005916324786324,-0.0004288253968253,0.0006030537484737,-9.421931623931596e-05,-0.0005106396092796,-0.0004054588522588,-0.0006873476190476,-0.0006442552625152,-0.0005648915750915,-0.000603457020757,-0.000600409035409
-0.0006071193162393,-0.0005855645909645,-0.0004318666666666,0.0005939628327228,-8.814029304029276e-05,-0.00050760007326,-0.0004024102564102,-0.0006843063492063,-0.0006412306227106,-0.0005618705738705,-0.000603457020757,-0.000600409035409
-0.0006040836874236,-0.0005916324786324,-0.0004379492063492,0.0005969931379731,-8.206126984126955e-05,-0.0005136791452991,-0.0003993616605616,-0.0006843063492063,-0.0006382059829059,-0.0005588495726495,-0.0006064743589743,-0.0006034263736263
-0.0006101549450549,-0.0006037682539682,-0.0004440317460317,0.000606084053724,-8.206126984126955e-05,-0.0005227977533577,-0.000396313064713,-0.0006782238095238,-0.0006351813431013,-0.0005558285714285,-0.000603457020757,-0.0006034263736263
-0.0006101549450549,-0.0006007343101343,-0.0004440317460317,0.0006030537484737,-8.206126984126955e-05,-0.0005227977533577,-0.000396313064713,-0.0006721412698412,-0.0006321567032967,-0.0005558285714285,-0.0006004396825396,-0.000600409035409
-0.0006162262026862,-0.0005946664224664,-0.0004288253968253,0.0006030537484737,-9.421931623931596e-05,-0.0005106396092796,-0.000396313064713,-0.0006630174603174,-0.000629132063492,-0.0005558285714285,-0.0006004396825396,-0.000600409035409
-0.0006040836874236,-0.0005855645909645,-0.0004349079365079,0.0005939628327228,-8.510078144078116e-05,-0.0005106396092796,-0.0004054588522588,-0.0006630174603174,-0.0006321567032967,-0.0005588495726495,-0.0006064743589743,-0.0006064437118437
-0.0005980124297924,-0.0005825306471306,-0.0004349079365079,0.0005879022222222,-8.206126984126955e-05,-0.00050760007326,-0.0004085074481074,-0.0006630174603174,-0.0006351813431013,-0.0005618705738705,-0.0006064743589743,-0.0006064437118437
-0.0006071193162393,-0.0005855645909645,-0.0004318666666666,0.0005939628327228,-8.814029304029276e-05,-0.00050760007326,-0.0004085074481074,-0.0006630174603174,-0.000629132063492,-0.0005588495726495,-0.0006094916971916,-0.0006034263736263
-0.0006101549450549,-0.0005855645909645,-0.0004288253968253,0.0005969931379731,-9.117980463980436e-05,-0.00050760007326,-0.0004054588522588,-0.0006569349206349,-0.0006200581440781,-0.0005528075702075,-0.000603457020757,-0.000600409035409
-0.0006040836874236,-0.0005825306471306,-0.0004288253968253,0.0005909325274725,-8.814029304029276e-05,-0.0005045605372405,-0.0004024102564102,-0.0006538936507936,-0.0006170335042735,-0.0005437445665445,-0.0006004396825396,-0.0005943743589743
-0.000601048058608,-0.0005885985347985,-0.0004318666666666,0.0005939628327228,-8.510078144078116e-05,-0.0005106396092796,-0.0004054588522588,-0.0006538936507936,-0.0006230827838827,-0.0005467655677655,-0.0006004396825396,-0.000600409035409
-0.0006040836874236,-0.0005885985347985,-0.0004318666666666,0.0005939628327228,-8.510078144078116e-05,-0.0005106396092796,-0.0004085074481074,-0.0006538936507936,-0.0006230827838827,-0.0005497865689865,-0.000603457020757,-0.0006034263736263
-0.000601048058608,-0.0005855645909645,-0.0004318666666666,0.0005909325274725,-8.510078144078116e-05,-0.00050760007326,-0.000411556043956,-0.0006538936507936,-0.0006200581440781,-0.0005497865689865,-0.0006004396825396,-0.0006064437118437
-0.0005949768009768,-0.0005794967032967,-0.0004379492063492,0.0005848719169719,-7.902175824175796e-05,-0.00050760007326,-0.000411556043956,-0.0006508523809523,-0.0006200581440781,-0.0005467655677655,-0.0006004396825396,-0.0006034263736263
-0.000601048058608,-0.0005734288156288,-0.0004257841269841,0.0005848719169719,-8.814029304029276e-05,-0.0004984814652014,-0.0004146046398046,-0.0006538936507936,-0.0006200581440781,-0.0005497865689865,-0.0006004396825396,-0.0006034263736263
-0.0006040836874236,-0.0005673609279609,-0.0004197015873015,0.0005848719169719,-9.117980463980436e-05,-0.0004924023931623,-0.0004146046398046,-0.0006569349206349,-0.0006170335042735,-0.0005437445665445,-0.0005974223443223,-0.0005973916971916
-0.0006040836874236,-0.0005643269841269,-0.0004166603174603,0.0005818416117216,-9.421931623931596e-05,-0.0004893628571428,-0.000411556043956,-0.0006538936507936,-0.0006109842246642,-0.0005346815628815,-0.0005883703296703,-0.000591357020757
-0.0006040836874236,-0.0005673609279609,-0.0004166603174603,0.0005848719169719,-9.421931623931596e-05,-0.0004924023931623,-0.0004176532356532,-0.0006478111111111,-0.0006049349450549,-0.0005256185592185,-0.0005823356532356,-0.000582305006105
-0.0005980124297924,-0.000558259096459,-0.0004105777777777,0.000575781001221,-9.421931623931596e-05,-0.0004832837851037,-0.0004207018315018,-0.0006478111111111,-0.0006019103052503,-0.0005256185592185,-0.0005763009768009,-0.0005792876678876
-0.0005889055433455,-0.000558259096459,-0.0004197015873015,0.0005727506959706,-8.510078144078116e-05,-0.0004893628571428,-0.000426799023199,-0.0006538936507936,-0.0006079595848595,-0.0005286395604395,-0.0005763009768009,-0.0005853223443223
-0.0005706917704517,-0.0005552251526251,-0.0004318666666666,0.0005606294749694,-6.990322344322315e-05,-0.0004924023931623,-0.0004298476190476,-0.0006569349206349,-0.0006109842246642,-0.0005286395604395,-0.0005793183150183,-0.0005883396825396
-0.0005797986568986,-0.0005552251526251,-0.0004227428571428,0.00056669008547,-7.902175824175796e-05,-0.0004893628571428,-0.0004328962148962,-0.0006569349206349,-0.0006109842246642,-0.0005256185592185,-0.0005763009768009,-0.000582305006105
-0.0006040836874236,-0.000558259096459,-0.0004075365079365,0.0005788113064713,-9.725882783882755e-05,-0.0004832837851037,-0.0004359448107448,-0.0006599761904761,-0.0006109842246642,-0.0005225975579975,-0.0005732836385836,-0.0005762703296703
-0.0005980124297924,-0.0005491572649572,-0.0004044952380952,0.0005727506959706,-9.725882783882755e-05,-0.0004772047130647,-0.0004389934065934,-0.0006630174603174,-0.0006109842246642,-0.0005225975579975,-0.0005702663003663,-0.0005762703296703
-0.0005980124297924,-0.0005430893772893,-0.0003984126984126,0.0005697203907203,-0.0001002983394383,-0.0004711256410256,-0.0004389934065934,-0.0006660587301587,-0.0006140088644688,-0.0005256185592185,-0.0005732836385836,-0.0005792876678876
-0.000601048058608,-0.0005461233211233,-0.0003953714285714,0.0005727506959706,-0.0001033378510378,-0.0004711256410256,-0.0004359448107448,-0.0006660587301587,-0.0006170335042735,-0.0005286395604395,-0.0005793183150183,-0.0005853223443223
-0.000601048058608,-0.0005491572649572,-0.0003984126984126,0.0005727506959706,-0.0001002983394383,-0.0004741651770451,-0.0004359448107448,-0.0006690999999999,-0.0006140088644688,-0.0005256185592185,-0.0005763009768009,-0.000582305006105
-0.0005949768009768,-0.0005521912087912,-0.0004075365079365,0.0005727506959706,-9.421931623931596e-05,-0.0004802442490842,-0.0004389934065934,-0.0006690999999999,-0.0006109842246642,-0.0005195765567765,-0.0005702663003663,-0.000582305006105
-0.0005949768009768,-0.0005491572649572,-0.0004044952380952,0.0005697203907203,-9.421931623931596e-05,-0.0004772047130647,-0.0004389934065934,-0.0006690999999999,-0.0006109842246642,-0.0005195765567765,-0.0005702663003663,-0.0005792876678876
-0.0005980124297924,-0.0005521912087912,-0.0004044952380952,0.0005727506959706,-9.725882783882755e-05,-0.0004772047130647,-0.0004389934065934,-0.0006782238095238,-0.0006140088644688,-0.0005256185592185,-0.0005732836385836,-0.0005853223443223
-0.0005980124297924,-0.0005521912087912,-0.0004075365079365,0.0005727506959706,-9.421931623931596e-05,-0.0004802442490842,-0.0004359448107448,-0.000681265079365,-0.0006170335042735,-0.0005256185592185,-0.0005732836385836,-0.000582305006105
-0.0005949768009768,-0.0005521912087912,-0.0004075365079365,0.0005727506959706,-9.421931623931596e-05,-0.0004802442490842,-0.0004389934065934,-0.000681265079365,-0.0006170335042735,-0.0005225975579975,-0.0005732836385836,-0.000582305006105
-0.0005919411721611,-0.0005552251526251,-0.000413619047619,0.0005727506959706,-8.814029304029276e-05,-0.0004832837851037,-0.000442042002442,-0.0006782238095238,-0.0006170335042735,-0.0005225975579975,-0.0005702663003663,-0.0005853223443223
-0.0005949768009768,-0.000558259096459,-0.0004166603174603,0.000575781001221,-8.814029304029276e-05,-0.0004863233211233,-0.000442042002442,-0.0006782238095238,-0.0006170335042735,-0.0005256185592185,-0.0005732836385836,-0.0005853223443223
-0.0005980124297924,-0.000561293040293,-0.0004166603174603,0.0005788113064713,-9.117980463980436e-05,-0.0004893628571428,-0.0004389934065934,-0.000681265079365,-0.0006200581440781,-0.0005256185592185,-0.0005732836385836,-0.0005853223443223
-0.0005949768009768,-0.000558259096459,-0.000413619047619,0.000575781001221,-9.117980463980436e-05,-0.0004863233211233,-0.000442042002442,-0.0006873476190476,-0.0006200581440781,-0.0005256185592185,-0.0005732836385836,-0.000582305006105
-0.0006040836874236,-0.0005521912087912,-0.0004014539682539,0.000575781001221,-0.0001002983394383,-0.0004772047130647,-0.000442042002442,-0.0006873476190476,-0.0006230827838827,-0.0005256185592185,-0.0005702663003663,-0.0005792876678876
-0.0006040836874236,-0.0005552251526251,-0.0004014539682539,0.0005788113064713,-0.0001002983394383,-0.0004772047130647,-0.0004450905982905,-0.0006843063492063,-0.0006230827838827,-0.0005256185592185,-0.0005732836385836,-0.0005792876678876
-0.000601048058608,-0.0005521912087912,-0.0004044952380952,0.000575781001221,-9.725882783882755e-05,-0.0004772047130647,-0.0004481391941391,-0.0006903888888888,-0.0006230827838827,-0.0005256185592185,-0.0005732836385836,-0.0005792876678876
-0.0006040836874236,-0.000558259096459,-0.0004044952380952,0.0005788113064713,-0.0001002983394383,-0.0004802442490842,-0.0004511877899877,-0.0006995126984126,-0.0006261074236874,-0.0005316605616605,-0.0005732836385836,-0.000582305006105
-0.0006040836874236,-0.000558259096459,-0.0004014539682539,0.0005788113064713,-0.0001002983394383,-0.0004802442490842,-0.0004511877899877,-0.0007116777777777,-0.0006321567032967,-0.0005346815628815,-0.0005793183150183,-0.0005853223443223
-0.0006040836874236,-0.0005491572649572,-0.0003953714285714,0.000575781001221,-0.0001033378510378,-0.0004711256410256,-0.0004511877899877,-0.0007208015873015,-0.0006321567032967,-0.0005316605616605,-0.0005763009768009,-0.000582305006105
-0.0006101549450549,-0.0005521912087912,-0.0003892888888888,0.0005788113064713,-0.0001094168742368,-0.0004711256410256,-0.0004511877899877,-0.0007208015873015,-0.0006261074236874,-0.0005286395604395,-0.0005702663003663,-0.000582305006105
-0.0005980124297924,-0.0005552251526251,-0.0004044952380952,0.000575781001221,-9.725882783882755e-05,-0.0004802442490842,-0.0004481391941391,-0.0007238428571428,-0.0006261074236874,-0.0005286395604395,-0.0005702663003663,-0.0005762703296703
-0.0005949768009768,-0.0005552251526251,-0.0004075365079365,0.0005727506959706,-9.421931623931596e-05,-0.0004802442490842,-0.0004450905982905,-0.0007268841269841,-0.000629132063492,-0.0005286395604395,-0.0005702663003663,-0.0005762703296703
-0.0005980124297924,-0.0005552251526251,-0.0004075365079365,0.000575781001221,-9.421931623931596e-05,-0.0004802442490842,-0.0004450905982905,-0.0007299253968253,-0.0006321567032967,-0.0005316605616605,-0.0005732836385836,-0.0005792876678876
-0.0006071193162393,-0.000561293040293,-0.0004075365079365,0.0005818416117216,-0.0001002983394383,-0.0004832837851037,-0.0004450905982905,-0.0007299253968253,-0.000629132063492,-0.0005316605616605,-0.0005732836385836,-0.0005762703296703
-0.0006162262026862,-0.0005643269841269,-0.0004014539682539,0.0005879022222222,-0.0001063773626373,-0.0004832837851037,-0.0004481391941391,-0.0007329666666666,-0.000629132063492,-0.0005316605616605,-0.0005702663003663,-0.0005762703296703
-0.0006101549450549,-0.000558259096459,-0.0004044952380952,0.0005818416117216,-0.0001033378510378,-0.0004802442490842,-0.0004481391941391,-0.0007329666666666,-0.0006321567032967,-0.0005316605616605,-0.0005702663003663,-0.0005762703296703
-0.0006071193162393,-0.0005552251526251,-0.0004014539682539,0.0005788113064713,-0.0001033378510378,-0.0004772047130647,-0.0004450905982905,-0.0007390492063492,-0.0006351813431013,-0.0005316605616605,-0.0005702663003663,-0.0005792876678876
-0.0006071193162393,-0.0005521912087912,-0.0003953714285714,0.0005788113064713,-0.0001063773626373,-0.0004741651770451,-0.0004481391941391,-0.000748173015873,-0.0006382059829059,-0.0005346815628815,-0.0005763009768009,-0.000582305006105
-0.0006192618315018,-0.0005461233211233,-0.0003832063492063,0.0005818416117216,-0.0001185354090354,-0.0004650465689865,-0.0004450905982905,-0.0007451317460317,-0.0006351813431013,-0.0005286395604395,-0.0005702663003663,-0.0005762703296703
-0.0006162262026862,-0.0005552251526251,-0.0003923301587301,0.0005848719169719,-0.0001124563858363,-0.0004741651770451,-0.0004450905982905,-0.0007420904761904,-0.0006321567032967,-0.0005286395604395,-0.0005702663003663,-0.0005792876678876
-0.0005980124297924,-0.000561293040293,-0.0004166603174603,0.0005788113064713,-9.117980463980436e-05,-0.0004893628571428,-0.0004511877899877,-0.0007451317460317,-0.0006321567032967,-0.0005316605616605,-0.0005763009768009,-0.0005853223443223
-0.0005980124297924,-0.0005552251526251,-0.0004075365079365,0.000575781001221,-9.421931623931596e-05,-0.0004802442490842,-0.0004511877899877,-0.0007451317460317,-0.0006321567032967,-0.0005256185592185,-0.0005702663003663,-0.000582305006105
-0.0006040836874236,-0.0005430893772893,-0.0003923301587301,0.0005727506959706,-0.0001063773626373,-0.0004680861050061,-0.0004481391941391,-0.0007420904761904,-0.000629132063492,-0.0005225975579975,-0.0005672489621489,-0.0005762703296703
-0.0006040836874236,-0.0005430893772893,-0.0003923301587301,0.0005727506959706,-0.0001063773626373,-0.0004680861050061,-0.0004511877899877,-0.000748173015873,-0.0006321567032967,-0.0005256185592185,-0.0005672489621489,-0.0005762703296703
-0.0005919411721611,-0.0005430893772893,-0.0004014539682539,0.00056669008547,-9.421931623931596e-05,-0.0004711256410256,-0.0004603335775335,-0.0007542555555555,-0.0006351813431013,-0.0005316605616605,-0.0005702663003663,-0.000582305006105
-0.0005949768009768,-0.0005491572649572,-0.0004075365079365,0.0005697203907203,-9.421931623931596e-05,-0.0004772047130647,-0.0004633821733821,-0.0007572968253968,-0.0006382059829059,-0.0005316605616605,-0.0005702663003663,-0.000582305006105
-0.0006040836874236,-0.0005521912087912,-0.0003953714285714,0.000575781001221,-0.0001033378510378,-0.0004741651770451,-0.0004542363858363,-0.0007572968253968,-0.0006351813431013,-0.0005286395604395,-0.0005702663003663,-0.000582305006105
-0.0006162262026862,-0.0005491572649572,-0.0003832063492063,0.0005818416117216,-0.0001154958974358,-0.0004650465689865,-0.0004450905982905,-0.0007542555555555,-0.0006321567032967,-0.0005225975579975,-0.0005672489621489,-0.0005762703296703
-0.0006131905738705,-0.0005491572649572,-0.0003892888888888,0.0005788113064713,-0.0001124563858363,-0.0004680861050061,-0.0004450905982905,-0.0007542555555555,-0.0006321567032967,-0.0005225975579975,-0.0005702663003663,-0.0005792876678876
-0.0006071193162393,-0.0005491572649572,-0.0003984126984126,0.000575781001221,-0.0001033378510378,-0.0004741651770451,-0.0004511877899877,-0.0007572968253968,-0.0006382059829059,-0.0005286395604395,-0.0005702663003663,-0.000582305006105
-0.0006040836874236,-0.0005491572649572,-0.0003953714285714,0.000575781001221,-0.0001033378510378,-0.0004711256410256,-0.0004481391941391,-0.000760338095238,-0.0006382059829059,-0.0005256185592185,-0.0005702663003663,-0.0005792876678876
-0.000601048058608,-0.0005461233211233,-0.0003953714285714,0.0005727506959706,-0.0001033378510378,-0.0004711256410256,-0.0004450905982905,-0.000760338095238,-0.0006382059829059,-0.0005256185592185,-0.0005672489621489,-0.0005762703296703
-0.0005980124297924,-0.0005430893772893,-0.0003984126984126,0.0005697203907203,-0.0001002983394383,-0.0004711256410256,-0.000442042002442,-0.0007633793650793,-0.0006351813431013,-0.0005225975579975,-0.0005642316239316,-0.0005732529914529
-0.000601048058608,-0.0005430893772893,-0.0003953714285714,0.0005697203907203,-0.0001033378510378,-0.0004680861050061,-0.000442042002442,-0.0007572968253968,-0.0006321567032967,-0.0005165555555555,-0.0005581969474969,-0.0005702356532356
-0.0006071193162393,-0.0005430893772893,-0.0003892888888888,0.0005727506959706,-0.0001094168742368,-0.0004650465689865,-0.000442042002442,-0.0007542555555555,-0.000629132063492,-0.0005135345543345,-0.0005551796092796,-0.0005672183150183
-0.000601048058608,-0.0005430893772893,-0.0003923301587301,0.0005697203907203,-0.0001033378510378,-0.0004680861050061,-0.0004450905982905,-0.000760338095238,-0.0006321567032967,-0.0005195765567765,-0.0005612142857142,-0.0005732529914529
-0.0005949768009768,-0.0005370214896214,-0.0003953714285714,0.0005636597802197,-0.0001002983394383,-0.0004650465689865,-0.0004389934065934,-0.0007633793650793,-0.0006351813431013,-0.0005256185592185,-0.0005672489621489,-0.0005792876678876
-0.0006040836874236,-0.0005309536019536,-0.000380165079365,0.00056669008547,-0.0001124563858363,-0.0004559279609279,-0.000426799023199,-0.0007572968253968,-0.0006261074236874,-0.0005165555555555,-0.0005612142857142,-0.0005762703296703
-0.0005980124297924,-0.0005248857142857,-0.000380165079365,0.0005606294749694,-0.0001094168742368,-0.0004528884249084,-0.0004207018315018,-0.0007542555555555,-0.0006230827838827,-0.0005135345543345,-0.0005581969474969,-0.0005732529914529
-0.0005949768009768,-0.0005279196581196,-0.0003862476190476,0.0005606294749694,-0.0001033378510378,-0.0004559279609279,-0.0004207018315018,-0.0007572968253968,-0.0006261074236874,-0.0005165555555555,-0.0005581969474969,-0.0005732529914529
-0.0005949768009768,-0.0005127499389499,-0.0003710412698412,0.0005515385592185,-0.0001124563858363,-0.0004407302808302,-0.0004176532356532,-0.000748173015873,-0.0006170335042735,-0.0005105135531135,-0.0005491449328449,-0.0005642009768009
-0.0005919411721611,-0.0005006141636141,-0.0003588761904761,0.0005454779487179,-0.0001154958974358,-0.0004285721367521,-0.0004085074481074,-0.0007390492063492,-0.0006049349450549,-0.0005014505494505,-0.0005431102564102,-0.0005551489621489
-0.000576763028083,-0.0004793765567765,-0.0003527936507936,0.0005272961172161,-0.0001124563858363,-0.0004164139926739,-0.0003993616605616,-0.0007268841269841,-0.0005898117460317,-0.0004863455433455,-0.0005310409035409,-0.0005460969474969
-0.0005737273992673,-0.0004581389499389,-0.0003375873015873,0.0005151748962148,-0.0001185354090354,-0.0003981767765567,-0.0003871672771672,-0.000714719047619,-0.0005746885470085,-0.0004742615384615,-0.0005219888888888,-0.0005400622710622
-0.0005706917704517,-0.0004460031746031,-0.0003254222222222,0.0005060839804639,-0.0001215749206349,-0.0003860186324786,-0.0003902158730158,-0.0007025539682539,-0.0005686392673992,-0.0004651985347985,-0.0005129368742368,-0.0005310102564102
-0.0005615848840048,-0.0004460031746031,-0.0003315047619047,0.0005030536752136,-0.0001154958974358,-0.0003890581684981,-0.0003932644688644,-0.0006964714285714,-0.0005625899877899,-0.0004621775335775,-0.0005099195360195,-0.0005249755799755
-0.0005555136263736,-0.0004460031746031,-0.0003406285714285,0.0005000233699633,-0.0001063773626373,-0.0003920977045177,-0.0004024102564102,-0.0006964714285714,-0.0005625899877899,-0.0004591565323565,-0.0005069021978021,-0.0005279929181929
-0.0005464067399267,-0.0004429692307692,-0.0003467111111111,0.0004939627594627,-0.0001002983394383,-0.0003951372405372,-0.0004237504273504,-0.0007025539682539,-0.0005656146275946,-0.0004621775335775,-0.0005099195360195,-0.0005279929181929
-0.0005464067399267,-0.0004642068376068,-0.0003710412698412,0.0005030536752136,-8.814029304029276e-05,-0.0004164139926739,-0.0004572849816849,-0.0007268841269841,-0.0005867871062271,-0.0004803035409035,-0.0005219888888888,-0.0005370449328449
-0.0005555136263736,-0.0004824105006105,-0.000380165079365,0.0005182052014652,-8.814029304029276e-05,-0.0004316116727716,-0.0004664307692307,-0.000748173015873,-0.0006019103052503,-0.0004923875457875,-0.0005340582417582,-0.0005491142857142
-0.0005797986568986,-0.0004915123321123,-0.0003679999999999,0.0005333567277167,-0.0001063773626373,-0.0004285721367521,-0.0004572849816849,-0.0007542555555555,-0.0006049349450549,-0.0004954085470085,-0.0005340582417582,-0.0005491142857142
-0.0005889055433455,-0.0005036481074481,-0.0003679999999999,0.0005454779487179,-0.0001094168742368,-0.0004346512087912,-0.0004542363858363,-0.0007633793650793,-0.0006140088644688,-0.0005014505494505,-0.0005370755799755,-0.0005521316239316
-0.0005889055433455,-0.000506682051282,-0.0003740825396825,0.0005454779487179,-0.0001063773626373,-0.0004407302808302,-0.0004511877899877,-0.0007664206349206,-0.0006230827838827,-0.0005044715506715,-0.0005431102564102,-0.0005551489621489
-0.0005797986568986,-0.0005036481074481,-0.0003740825396825,0.0005394173382173,-0.0001033378510378,-0.0004376907448107,-0.0004511877899877,-0.000760338095238,-0.0006230827838827,-0.0005014505494505,-0.0005400929181929,-0.0005491142857142
-0.0005706917704517,-0.000506682051282,-0.0003862476190476,0.000536387032967,-9.117980463980436e-05,-0.0004468093528693,-0.0004603335775335,-0.0007694619047619,-0.000629132063492,-0.0005105135531135,-0.0005431102564102,-0.0005521316239316
-0.0005676561416361,-0.0005339875457875,-0.0004197015873015,0.0005485082539682,-7.294273504273476e-05,-0.0004772047130647,-0.0004633821733821,-0.0007725031746031,-0.0006472799023199,-0.0005256185592185,-0.0005612142857142,-0.0005702356532356
-0.0005676561416361,-0.0005521912087912,-0.0004318666666666,0.0005575991697191,-6.686371184371155e-05,-0.0004924023931623,-0.0004603335775335,-0.0007816269841269,-0.0006593784615384,-0.0005377025641025,-0.0005732836385836,-0.0005792876678876
-0.0005889055433455,-0.000558259096459,-0.0004166603174603,0.0005727506959706,-8.510078144078116e-05,-0.0004863233211233,-0.0004511877899877,-0.0007816269841269,-0.0006563538217338,-0.0005346815628815,-0.0005702663003663,-0.0005732529914529
-0.0006040836874236,-0.000558259096459,-0.0004044952380952,0.0005788113064713,-0.0001002983394383,-0.0004802442490842,-0.0004481391941391,-0.0007846682539682,-0.0006563538217338,-0.0005346815628815,-0.0005702663003663,-0.0005762703296703
-0.0006192618315018,-0.000558259096459,-0.0003892888888888,0.0005879022222222,-0.0001154958974358,-0.0004741651770451,-0.0004450905982905,-0.0007877095238095,-0.0006533291819291,-0.0005316605616605,-0.0005672489621489,-0.0005732529914529
-0.000625333089133,-0.0005552251526251,-0.000380165079365,0.0005879022222222,-0.0001215749206349,-0.0004680861050061,-0.0004389934065934,-0.0007907507936507,-0.0006563538217338,-0.0005346815628815,-0.0005702663003663,-0.0005792876678876
-0.0006192618315018,-0.0005643269841269,-0.0003953714285714,0.0005909325274725,-0.0001124563858363,-0.0004802442490842,-0.000442042002442,-0.0007998746031746,-0.0006654277411477,-0.0005467655677655,-0.0005823356532356,-0.000591357020757
-0.0006192618315018,-0.0005794967032967,-0.0004105777777777,0.0005969931379731,-0.0001033378510378,-0.0004954419291819,-0.000442042002442,-0.0007998746031746,-0.0006684523809523,-0.0005558285714285,-0.0005913876678876,-0.0005973916971916
-0.0006222974603174,-0.0005916324786324,-0.0004197015873015,0.000606084053724,-0.0001002983394383,-0.0005045605372405,-0.0004389934065934,-0.0007998746031746,-0.0006684523809523,-0.0005558285714285,-0.0005913876678876,-0.000600409035409
-0.0006192618315018,-0.0005825306471306,-0.0004166603174603,0.0006000234432234,-0.0001002983394383,-0.0004984814652014,-0.0004389934065934,-0.0007998746031746,-0.0006624031013431,-0.0005497865689865,-0.0005823356532356,-0.0005943743589743
-0.000625333089133,-0.0005825306471306,-0.0004105777777777,0.0006030537484737,-0.0001063773626373,-0.0004954419291819,-0.0004389934065934,-0.0008029158730158,-0.0006654277411477,-0.0005497865689865,-0.0005853529914529,-0.0005973916971916
-0.0006374756043956,-0.0005855645909645,-0.0004014539682539,0.0006091143589743,-0.0001185354090354,-0.0004924023931623,-0.0004389934065934,-0.0008029158730158,-0.0006654277411477,-0.0005497865689865,-0.0005853529914529,-0.0005973916971916
-0.0006435468620268,-0.0005764627594627,-0.0003862476190476,0.0006091143589743,-0.0001276539438339,-0.0004802442490842,-0.0004359448107448,-0.0007998746031746,-0.0006593784615384,-0.0005437445665445,-0.0005763009768009,-0.0005883396825396
-0.0006344399755799,-0.0005734288156288,-0.0003953714285714,0.0006030537484737,-0.0001185354090354,-0.0004832837851037,-0.0004389934065934,-0.000793792063492,-0.0006563538217338,-0.0005407235653235,-0.0005763009768009,-0.0005853223443223
-0.0006222974603174,-0.0005703948717948,-0.0004014539682539,0.0005939628327228,-0.0001094168742368,-0.0004863233211233,-0.000442042002442,-0.000793792063492,-0.0006533291819291,-0.0005407235653235,-0.0005732836385836,-0.0005853223443223
-0.0006222974603174,-0.0005734288156288,-0.0004014539682539,0.0005969931379731,-0.0001094168742368,-0.0004863233211233,-0.000442042002442,-0.000793792063492,-0.0006533291819291,-0.0005407235653235,-0.0005763009768009,-0.000591357020757
-0.0006162262026862,-0.0005703948717948,-0.0004044952380952,0.0005909325274725,-0.0001063773626373,-0.0004863233211233,-0.000442042002442,-0.000793792063492,-0.0006533291819291,-0.0005407235653235,-0.0005793183150183,-0.0005943743589743
-0.0006283687179487,-0.000561293040293,-0.0003832063492063,0.0005939628327228,-0.0001215749206349,-0.0004711256410256,-0.000442042002442,-0.000793792063492,-0.0006472799023199,-0.0005346815628815,-0.0005702663003663,-0.0005853223443223
-0.0006314043467643,-0.0005491572649572,-0.0003679999999999,0.0005879022222222,-0.0001306934554334,-0.0004589674969474,-0.0004481391941391,-0.000793792063492,-0.0006442552625152,-0.0005286395604395,-0.0005642316239316,-0.0005792876678876
-0.0006283687179487,-0.0005400554334554,-0.0003619174603174,0.0005818416117216,-0.0001337329670329,-0.0004498488888888,-0.0004511877899877,-0.0007816269841269,-0.0006261074236874,-0.0005225975579975,-0.0005642316239316,-0.0005853223443223
-0.0006283687179487,-0.0005127499389499,-0.0003315047619047,0.0005697203907203,-0.0001489305250305,-0.000422493064713,-0.0004389934065934,-0.0007451317460317,-0.0005656146275946,-0.0004954085470085,-0.0005612142857142,-0.000591357020757
-0.0006222974603174,-0.0004338673992673,-0.0002645968253968,0.0005272961172161,-0.0001793256410256,-0.0003495442002442,-0.0004389934065934,-0.0006903888888888,-0.00047790007326,-0.0004380095238095,-0.0005250062271062,-0.0005732529914529
-0.0005676561416361,-0.0002730683760683,-0.0001581523809523,0.0004182051282051,-0.0002036417338217,-0.0002158046153846,-0.0004694793650793,-0.0005778619047619,-0.000335742002442,-0.0003020644688644,-0.000425434065934,-0.0005068715506715
-0.0004553378754578,-4.855653235653216e-05,-4.866666666666657e-05,0.0002515383394383,-0.0002036417338217,-4.863013431013434e-05,-0.000539597069597,-0.0004714174603174,-0.0001361157753357,-7.851037851037902e-05,-0.0002504284493284,-0.000386178021978
-0.0003096276923076,0.0002791094017094,0.0001307682539682,1.5174529914529944e-05,-0.0002188392918192,0.0002036513553113,-0.0007072698412698,-0.0005930682539682,4.2337973137973054e-05,0.0002115057387057,2.414932844932829e-05,-0.0001628949938949
-0.0001487393650793,0.0006583523809523,0.0003497396825396,-0.0002545226373626,-0.0002492344078144,0.0005045654212454,-0.0009938378510378,-0.000939773015873,0.0001482003663003,0.0005317318681318,0.0003711432234432,0.0001509081807081
-6.0648107448110204e-06,0.0009647807081807,0.0005139682539682,-0.0004787652258852,-0.0002583529426129,0.0007386096947496,-0.0013505235653235,-0.0013320968253968,0.0001149293284493,0.0007975799755799,0.000690981074481,0.0004647113553113
8.803968253968226e-05,0.0011286136752136,0.0005778349206349,-0.000606038046398,-0.0002431553846153,0.000854112063492,-0.0016492859584859,-0.0016301412698412,-1.8154822954823038e-05,0.000891231013431,0.000869004029304,0.0006910117216117
7.286153846153818e-05,0.000837355067155,0.0003041206349206,-0.0004545227838827,-0.0001154958974358,0.0005714352136752,-0.0017072092796092,-0.0017639571428571,-0.0003599391208791,0.0005528788766788,0.000654773015873,0.0006155782661782
-0.0001548106227106,0.0001789892551892,-0.0001216571428571,-1.209821733821731e-05,-1.5192014652014368e-05,2.735826617826614e-05,-0.0015029533577533,-0.0018856079365079,-0.0008801771672771,-9.663638583638636e-05,0.0001538948717948,0.0002987577533577
-0.0004280172161172,-0.0001911518925518,-0.0002098539682539,0.0003091141391941,-0.0001094168742368,-0.0002006069352869,-0.0012926002442002,-0.0020650428571428,-0.0012582571428571,-0.0005467655677655,-0.0001780123321123,8.15094017094011e-05
-0.0005919411721611,-0.0003853242979242,-0.0002463492063492,0.0004879021489621,-0.0001732466178266,-0.0003161093040293,-0.0011188302808302,-0.0019950936507936,-0.0013520209768009,-0.0007401096459096,-0.0003771566544566,-9.047887667887726e-05
-0.0006405112332112,-0.0005218517704517,-0.0003375873015873,0.0005788113064713,-0.00015197003663,-0.0004285721367521,-0.0009877406593406,-0.0017457095238095,-0.0012552325030525,-0.0007703196581196,-0.0005008675213675,-0.0002594498168498
-0.0006374756043956,-0.0005521912087912,-0.0003710412698412,0.0005939628327228,-0.0001337329670329,-0.000462007032967,-0.0008779912087912,-0.0014872015873015,-0.0010949265934065,-0.0007129206349206,-0.0005310409035409,-0.0003620393162393
-0.000625333089133,-0.0005461233211233,-0.0003710412698412,0.0005848719169719,-0.0001276539438339,-0.0004589674969474,-0.0007469015873015,-0.001256065079365,-0.0009527685225885,-0.0006525006105006,-0.0005400929181929,-0.0004284207570207
-0.0006131905738705,-0.0005370214896214,-0.0003710412698412,0.0005727506959706,-0.0001215749206349,-0.0004528884249084,-0.0006036175824175,-0.0010310111111111,-0.0008257336507936,-0.0005981225885225,-0.0005491449328449,-0.0004857501831501
-0.000601048058608,-0.0005006141636141,-0.0003497523809523,0.0005485082539682,-0.0001246144322344,-0.0004255326007326,-0.0004969167277167,-0.0008576587301587,-0.0007168466178266,-0.0005437445665445,-0.0005400929181929,-0.0005098888888888
-0.0005949768009768,-0.0004733086691086,-0.0003315047619047,0.0005333567277167,-0.0001306934554334,-0.0004012163125763,-0.000442042002442,-0.0007664206349206,-0.0006412306227106,-0.0005014505494505,-0.0005219888888888,-0.0005068715506715
-0.0005980124297924,-0.0004763426129426,-0.0003315047619047,0.000536387032967,-0.0001337329670329,-0.0004042558485958,-0.0004146046398046,-0.0007208015873015,-0.0006049349450549,-0.0004863455433455,-0.0005159542124542,-0.0005129062271062
-0.000601048058608,-0.0004945462759462,-0.0003467111111111,0.0005454779487179,-0.0001276539438339,-0.0004194535286935,-0.0004054588522588,-0.0007055952380952,-0.000595861025641,-0.0004893665445665,-0.0005280235653235,-0.0005279929181929
-0.0005980124297924,-0.000506682051282,-0.0003619174603174,0.0005515385592185,-0.0001185354090354,-0.0004346512087912,-0.0003993616605616,-0.0006995126984126,-0.0005988856654456,-0.0004984295482295,-0.0005431102564102,-0.0005460969474969
-0.0005919411721611,-0.000506682051282,-0.0003679999999999,0.0005485082539682,-0.0001124563858363,-0.0004376907448107,-0.0003932644688644,-0.0006903888888888,-0.0005988856654456,-0.0005014505494505,-0.0005491449328449,-0.0005581663003663
-0.0005889055433455,-0.0004975802197802,-0.0003619174603174,0.0005424476434676,-0.0001124563858363,-0.0004285721367521,-0.0003902158730158,-0.0006782238095238,-0.0005898117460317,-0.0005014505494505,-0.0005491449328449,-0.0005642009768009
-0.0006040836874236,-0.0004975802197802,-0.0003467111111111,0.0005485082539682,-0.0001276539438339,-0.000422493064713,-0.0003841186813186,-0.0006690999999999,-0.0005837624664224,-0.0004984295482295,-0.0005461275946275,-0.0005581663003663
-0.0006101549450549,-0.000506682051282,-0.0003497523809523,0.0005575991697191,-0.0001306934554334,-0.0004285721367521,-0.0003780214896214,-0.0006599761904761,-0.0005777131868131,-0.0004984295482295,-0.0005521622710622,-0.0005672183150183
-0.0006040836874236,-0.0005127499389499,-0.0003619174603174,0.0005575991697191,-0.0001215749206349,-0.0004376907448107,-0.0003780214896214,-0.0006478111111111,-0.0005716639072039,-0.0004984295482295,-0.0005521622710622,-0.0005702356532356
-0.0006071193162393,-0.000506682051282,-0.0003558349206349,0.0005545688644688,-0.0001246144322344,-0.0004316116727716,-0.0003749728937728,-0.0006386873015873,-0.0005656146275946,-0.0004923875457875,-0.0005491449328449,-0.0005642009768009
-0.0006040836874236,-0.0005036481074481,-0.0003527936507936,0.0005515385592185,-0.0001246144322344,-0.0004285721367521,-0.0003780214896214,-0.000635646031746,-0.0005656146275946,-0.0004893665445665,-0.0005491449328449,-0.0005642009768009
-0.000601048058608,-0.0005036481074481,-0.0003588761904761,0.0005515385592185,-0.0001215749206349,-0.0004316116727716,-0.00038107008547,-0.000635646031746,-0.0005656146275946,-0.0004923875457875,-0.0005491449328449,-0.0005672183150183
-0.0005949768009768,-0.0005006141636141,-0.0003558349206349,0.0005454779487179,-0.0001185354090354,-0.0004285721367521,-0.0003841186813186,-0.0006326047619047,-0.0005625899877899,-0.0004893665445665,-0.0005461275946275,-0.0005702356532356
-0.0005949768009768,-0.0004975802197802,-0.0003558349206349,0.0005454779487179,-0.0001185354090354,-0.0004255326007326,-0.00038107008547,-0.0006295634920634,-0.0005595653479853,-0.0004893665445665,-0.0005461275946275,-0.0005702356532356
-0.0005949768009768,-0.0004975802197802,-0.0003558349206349,0.0005454779487179,-0.0001185354090354,-0.0004255326007326,-0.0003749728937728,-0.0006204396825396,-0.000553516068376,-0.0004863455433455,-0.0005431102564102,-0.0005672183150183
-0.000601048058608,-0.0004975802197802,-0.0003527936507936,0.0005485082539682,-0.0001246144322344,-0.0004255326007326,-0.0003658271062271,-0.0006113158730158,-0.0005444421489621,-0.0004803035409035,-0.0005431102564102,-0.0005611836385836
-0.000601048058608,-0.0005006141636141,-0.0003558349206349,0.0005485082539682,-0.0001215749206349,-0.0004285721367521,-0.0003688757020757,-0.0006082746031746,-0.0005444421489621,-0.0004833245421245,-0.0005431102564102,-0.0005611836385836
-0.0005858699145299,-0.0004945462759462,-0.0003619174603174,0.0005394173382173,-0.0001124563858363,-0.0004285721367521,-0.0003749728937728,-0.0006052333333333,-0.0005444421489621,-0.0004833245421245,-0.0005461275946275,-0.0005642009768009
-0.0005828342857142,-0.0004975802197802,-0.0003649587301587,0.0005394173382173,-0.0001094168742368,-0.0004316116727716,-0.0003780214896214,-0.000602192063492,-0.0005474667887667,-0.0004863455433455,-0.0005491449328449,-0.0005702356532356
-0.0005828342857142,-0.0004975802197802,-0.0003679999999999,0.0005394173382173,-0.0001063773626373,-0.0004316116727716,-0.0003780214896214,-0.0005991507936507,-0.0005444421489621,-0.0004893665445665,-0.0005521622710622,-0.0005732529914529
-0.0005828342857142,-0.0004915123321123,-0.0003619174603174,0.000536387032967,-0.0001094168742368,-0.0004255326007326,-0.0003749728937728,-0.0005869857142857,-0.0005383928693528,-0.0004863455433455,-0.0005521622710622,-0.0005702356532356
-0.0005889055433455,-0.0004884783882783,-0.0003527936507936,0.000536387032967,-0.0001185354090354,-0.0004194535286935,-0.0003688757020757,-0.0005778619047619,-0.0005353682295482,-0.0004803035409035,-0.0005461275946275,-0.0005642009768009
-0.0005919411721611,-0.0004854444444444,-0.0003497523809523,0.000536387032967,-0.0001215749206349,-0.0004164139926739,-0.0003658271062271,-0.0005748206349206,-0.0005323435897435,-0.0004803035409035,-0.0005431102564102,-0.0005642009768009
-0.0005919411721611,-0.0004854444444444,-0.0003497523809523,0.000536387032967,-0.0001215749206349,-0.0004164139926739,-0.0003627785103785,-0.0005656968253968,-0.0005232696703296,-0.0004772825396825,-0.0005431102564102,-0.0005642009768009
-0.0005828342857142,-0.0004915123321123,-0.0003619174603174,0.000536387032967,-0.0001094168742368,-0.0004255326007326,-0.0003597299145299,-0.000556573015873,-0.000520245030525,-0.0004742615384615,-0.0005461275946275,-0.0005672183150183
-0.0005676561416361,-0.0004945462759462,-0.000380165079365,0.0005303264224664,-9.421931623931596e-05,-0.0004376907448107,-0.0003597299145299,-0.0005413666666666,-0.000520245030525,-0.0004772825396825,-0.0005521622710622,-0.0005702356532356
-0.0005585492551892,-0.0004945462759462,-0.0003862476190476,0.0005242658119658,-8.510078144078116e-05,-0.0004407302808302,-0.0003597299145299,-0.0005322428571428,-0.0005141957509157,-0.0004772825396825,-0.0005491449328449,-0.0005702356532356
-0.0005585492551892,-0.0004915123321123,-0.0003832063492063,0.0005242658119658,-8.814029304029276e-05,-0.0004376907448107,-0.0003597299145299,-0.000523119047619,-0.0005111711111111,-0.0004742615384615,-0.0005491449328449,-0.0005702356532356
-0.0005646205128205,-0.0004945462759462,-0.000380165079365,0.0005272961172161,-9.117980463980436e-05,-0.0004376907448107,-0.0003536327228327,-0.0005139952380952,-0.0005081464713064,-0.0004772825396825,-0.0005521622710622,-0.0005762703296703
-0.0005676561416361,-0.0004975802197802,-0.0003832063492063,0.0005303264224664,-9.117980463980436e-05,-0.0004407302808302,-0.0003444869352869,-0.0005048714285714,-0.0005020971916971,-0.0004742615384615,-0.0005521622710622,-0.0005762703296703
-0.0005737273992673,-0.0005036481074481,-0.0003832063492063,0.000536387032967,-9.421931623931596e-05,-0.0004437698168498,-0.0003353411477411,-0.000489665079365,-0.0004960479120879,-0.0004682195360195,-0.0005461275946275,-0.0005702356532356
-0.0005737273992673,-0.0005006141636141,-0.000380165079365,0.000536387032967,-9.725882783882755e-05,-0.0004407302808302,-0.0003353411477411,-0.0004744587301587,-0.0004869739926739,-0.0004651985347985,-0.0005400929181929,-0.0005642009768009
-0.0005646205128205,-0.0005006141636141,-0.0003832063492063,0.0005303264224664,-9.117980463980436e-05,-0.0004407302808302,-0.0003383897435897,-0.0004622936507936,-0.0004869739926739,-0.0004651985347985,-0.0005431102564102,-0.0005702356532356
-0.0005585492551892,-0.0004945462759462,-0.0003832063492063,0.0005242658119658,-8.814029304029276e-05,-0.0004376907448107,-0.0003353411477411,-0.0004531698412698,-0.0004839493528693,-0.0004651985347985,-0.0005431102564102,-0.0005732529914529
-0.0005615848840048,-0.0004854444444444,-0.0003740825396825,0.0005212355067155,-9.421931623931596e-05,-0.0004285721367521,-0.0003292439560439,-0.0004410047619047,-0.00047790007326,-0.0004621775335775,-0.0005431102564102,-0.0005702356532356
-0.0005676561416361,-0.0004763426129426,-0.0003619174603174,0.0005212355067155,-0.0001033378510378,-0.0004194535286935,-0.0003292439560439,-0.0004227571428571,-0.0004718507936507,-0.0004561355311355,-0.0005370755799755,-0.0005672183150183
-0.0005585492551892,-0.0004733086691086,-0.0003679999999999,0.0005151748962148,-9.421931623931596e-05,-0.0004194535286935,-0.0003292439560439,-0.0003953857142857,-0.0004597522344322,-0.0004561355311355,-0.0005370755799755,-0.0005642009768009
-0.0005524779975579,-0.0004763426129426,-0.0003771238095238,0.0005121445909645,-8.814029304029276e-05,-0.0004255326007326,-0.0003200981684981,-0.0003710555555555,-0.0004476536752136,-0.0004470725274725,-0.0005340582417582,-0.0005611836385836
-0.0005464067399267,-0.0004733086691086,-0.0003771238095238,0.0005091142857142,-8.510078144078116e-05,-0.0004255326007326,-0.0003109523809523,-0.0003528079365079,-0.0004385797557997,-0.0004410305250305,-0.0005310409035409,-0.0005611836385836
-0.0005342642246642,-0.0004672407814407,-0.0003832063492063,0.0005000233699633,-7.598224664224636e-05,-0.0004255326007326,-0.0003079037851037,-0.0003345603174603,-0.0004325304761904,-0.0004410305250305,-0.0005310409035409,-0.0005611836385836
-0.0005342642246642,-0.0004611728937728,-0.0003771238095238,0.000496993064713,-7.902175824175796e-05,-0.0004194535286935,-0.0003018065934065,-0.0003132714285714,-0.0004264811965811,-0.0004349885225885,-0.0005280235653235,-0.0005611836385836
-0.0005372998534798,-0.0004490371184371,-0.0003619174603174,0.0004909324542124,-8.814029304029276e-05,-0.0004042558485958,-0.0002987579975579,-0.0002889412698412,-0.0004143826373626,-0.0004259255189255,-0.0005189715506715,-0.0005521316239316
-0.0005281929670329,-0.0004429692307692,-0.0003679999999999,0.0004848718437118,-7.902175824175796e-05,-0.0004042558485958,-0.0002957094017094,-0.0002615698412698,-0.0003992594383394,-0.0004168625152625,-0.0005129368742368,-0.0005460969474969
-0.0005221217094017,-0.0004429692307692,-0.0003710412698412,0.0004818415384615,-7.598224664224636e-05,-0.0004072953846153,-0.0002926608058608,-0.0002372396825396,-0.0003901855189255,-0.0004138415140415,-0.0005099195360195,-0.0005400622710622
-0.000519086080586,-0.0004277995115995,-0.0003588761904761,0.0004727506227106,-7.902175824175796e-05,-0.0003920977045177,-0.000283515018315,-0.0002129095238095,-0.0003811115995115,-0.0004047785103785,-0.0005008675213675,-0.0005310102564102
-0.000519086080586,-0.0004126297924297,-0.0003467111111111,0.0004636597069597,-8.510078144078116e-05,-0.0003799395604395,-0.0002774178266178,-0.0001946619047619,-0.0003720376800976,-0.0003987365079365,-0.0004887981684981,-0.0005219582417582
-0.0005160504517704,-0.0003944261294261,-0.0003284634920634,0.0004545687912087,-9.421931623931596e-05,-0.0003617023443223,-0.0002774178266178,-0.0001703317460317,-0.0003629637606837,-0.0003896735042735,-0.0004797461538461,-0.0005098888888888
-0.0005069435653235,-0.0003701545787545,-0.0003162984126984,0.0004363869597069,-9.421931623931596e-05,-0.0003434651282051,-0.0002774178266178,-0.0001490428571428,-0.0003569144810744,-0.0003836315018315,-0.0004706941391941,-0.0004978195360195
-0.000494801050061,-0.0003549848595848,-0.0003102158730158,0.0004242657387057,-9.117980463980436e-05,-0.0003313069841269,-0.0002804664224664,-0.0001307952380952,-0.0003478405616605,-0.0003745684981684,-0.0004616421245421,-0.0004948021978021
-0.0004887297924297,-0.000345883028083,-0.0003041333333333,0.0004151748229548,-9.117980463980436e-05,-0.0003252279120879,-0.0002774178266178,-0.0001095063492063,-0.0003387666422466,-0.0003655054945054,-0.0004556074481074,-0.0004887675213675
-0.0004826585347985,-0.0003337472527472,-0.0002980507936507,0.0004060839072039,-9.117980463980436e-05,-0.0003161093040293,-0.0002774178266178,-9.429999999999968e-05,-0.0003296927228327,-0.0003564424908424,-0.0004465554334554,-0.0004736808302808
-0.000470516019536,-0.0003125096459096,-0.0002889269841269,0.0003909323809523,-9.117980463980436e-05,-0.0003009116239316,-0.000283515018315,-8.517619047619017e-05,-0.0003236434432234,-0.0003473794871794,-0.0004314687423687,-0.0004555768009768
-0.0004826585347985,-0.0002973399267399,-0.000267638095238,0.000387902075702,-0.0001063773626373,-0.0002826744078144,-0.000283515018315,-7.605238095238064e-05,-0.0003115448840048,-0.0003322744810744,-0.000416382051282,-0.0004374727716727
-0.0004826585347985,-0.0002821702075702,-0.0002524317460317,0.0003818414652014,-0.0001154958974358,-0.0002674767277167,-0.0002804664224664,-7.30111111111108e-05,-0.0003024709645909,-0.0003232114774114,-0.0004012953601953,-0.000422386080586
-0.0004614091330891,-0.0002670004884004,-0.0002585142857142,0.0003636596336996,-0.0001002983394383,-0.0002613976556776,-0.0002865636141636,-8.213492063492033e-05,-0.0003054956043956,-0.0003232114774114,-0.000398278021978,-0.0004163514041514
-0.0004553378754578,-0.0002457628815628,-0.0002433079365079,0.0003485081074481,-0.0001063773626373,-0.0002431604395604,-0.0002957094017094,-9.125873015872984e-05,-0.0003024709645909,-0.0003171694749694,-0.0003862086691086,-0.0004012647130647
-0.000470516019536,-0.0002305931623931,-0.0002098539682539,0.0003485081074481,-0.0001306934554334,-0.0002188441514041,-0.0003018065934065,-0.0001095063492063,-0.0003024709645909,-0.0003081064713064,-0.0003771566544566,-0.0003891953601953
-0.0004614091330891,-0.0002154234432234,-0.0002037714285714,0.0003363868864468,-0.0001276539438339,-0.0002097255433455,-0.0003170495726495,-0.0001368777777777,-0.0003085202442002,-0.0003111274725274,-0.0003711219780219,-0.000386178021978
-0.0004553378754578,-0.0002002537240537,-0.0001976888888888,0.0003272959706959,-0.0001276539438339,-0.0001975673992673,-0.0003322925518925,-0.0001764142857142,-0.0003206188034188,-0.0003111274725274,-0.0003681046398046,-0.0003801433455433
-0.0004674803907203,-0.0001941858363858,-0.0001855238095238,0.0003303262759462,-0.0001398119902319,-0.0001884487912087,-0.0003414383394383,-0.0002159507936507,-0.0003296927228327,-0.0003081064713064,-0.0003620699633699,-0.0003710913308913
-0.0004644447619047,-0.0001972197802197,-0.000188565079365,0.0003303262759462,-0.0001367724786324,-0.0001914883272283,-0.0003536327228327,-0.0002615698412698,-0.0003417912820512,-0.0003141484737484,-0.0003590526251526,-0.0003650566544566
-0.000470516019536,-0.0002063216117216,-0.000188565079365,0.0003363868864468,-0.0001398119902319,-0.0001975673992673,-0.0003627785103785,-0.0003102301587301,-0.0003569144810744,-0.0003201904761904,-0.0003620699633699,-0.0003650566544566
-0.0004917654212454,-0.0002184573870573,-0.0001794412698412,0.0003545687179487,-0.0001550095482295,-0.0001975673992673,-0.0003749728937728,-0.0003588904761904,-0.0003720376800976,-0.0003292534798534,-0.0003650873015873,-0.0003650566544566
-0.0005008723076923,-0.0002305931623931,-0.0001824825396825,0.0003636596336996,-0.000158049059829,-0.000206686007326,-0.00038107008547,-0.000410592063492,-0.0003901855189255,-0.0003383164835164,-0.0003741393162393,-0.0003741086691086
-0.0005039079365079,-0.0002487968253968,-0.0002037714285714,0.0003757808547008,-0.0001489305250305,-0.0002249232234432,-0.0003841186813186,-0.0004622936507936,-0.0004113579975579,-0.0003534214896214,-0.000389226007326,-0.0003922126984126
-0.0005130148229548,-0.0002761023199023,-0.0002189777777777,0.0003939626862026,-0.000145891013431,-0.0002461999755799,-0.0003841186813186,-0.0005018301587301,-0.0004295058363858,-0.0003624844932844,-0.0004012953601953,-0.000404282051282
-0.0005312285958485,-0.0003125096459096,-0.0002341841269841,0.0004212354334554,-0.0001489305250305,-0.0002735557997557,-0.0003871672771672,-0.0005444079365079,-0.0004476536752136,-0.0003775894993894,-0.0004133647130647,-0.0004193687423687
-0.0005433711111111,-0.0003489169719169,-0.0002585142857142,0.0004454778754578,-0.0001428515018315,-0.0003039511599511,-0.0003932644688644,-0.0005839444444444,-0.0004748754334554,-0.0003987365079365,-0.000434486080586,-0.0004435074481074
-0.0005524779975579,-0.0003762224664224,-0.0002798031746031,0.0004636597069597,-0.0001367724786324,-0.0003282674481074,-0.0003993616605616,-0.0006204396825396,-0.0004990725518925,-0.0004198835164835,-0.0004556074481074,-0.0004676461538461
-0.0005615848840048,-0.000400494017094,-0.0002919682539682,0.0004788112332112,-0.0001337329670329,-0.0003465046642246,-0.0004024102564102,-0.0006508523809523,-0.0005232696703296,-0.0004380095238095,-0.0004737114774114,-0.0004857501831501
-0.0005737273992673,-0.0004247655677655,-0.0003041333333333,0.000496993064713,-0.0001337329670329,-0.0003647418803418,-0.0004024102564102,-0.0006782238095238,-0.0005414175091575,-0.0004531145299145,-0.0004887981684981,-0.0005038542124542
-0.000576763028083,-0.0004399352869352,-0.0003162984126984,0.0005060839804639,-0.0001306934554334,-0.00037690002442,-0.0004054588522588,-0.0007025539682539,-0.0005595653479853,-0.0004682195360195,-0.0005069021978021,-0.0005189409035409
-0.0005828342857142,-0.000455105006105,-0.0003254222222222,0.0005182052014652,-0.0001276539438339,-0.0003890581684981,-0.0004054588522588,-0.0007177603174603,-0.0005716639072039,-0.0004772825396825,-0.0005159542124542,-0.0005279929181929
-0.0005889055433455,-0.0004702747252747,-0.0003315047619047,0.0005272961172161,-0.0001276539438339,-0.0004012163125763,-0.0004054588522588,-0.0007329666666666,-0.0005837624664224,-0.0004893665445665,-0.0005250062271062,-0.0005370449328449
-0.0005919411721611,-0.0004854444444444,-0.0003436698412698,0.000536387032967,-0.0001246144322344,-0.0004133744566544,-0.0004024102564102,-0.0007451317460317,-0.0005988856654456,-0.0004984295482295,-0.0005370755799755,-0.0005491142857142
-0.0005889055433455,-0.0004975802197802,-0.0003558349206349,0.0005424476434676,-0.0001154958974358,-0.0004255326007326,-0.0003993616605616,-0.0007512142857142,-0.0006049349450549,-0.0005074925518925,-0.0005431102564102,-0.0005551489621489
-0.0005828342857142,-0.0005036481074481,-0.0003740825396825,0.0005424476434676,-0.0001033378510378,-0.0004376907448107,-0.0003993616605616,-0.0007572968253968,-0.0006109842246642,-0.0005074925518925,-0.0005431102564102,-0.0005611836385836
-0.0005858699145299,-0.0005157838827838,-0.000380165079365,0.0005485082539682,-0.0001033378510378,-0.0004468093528693,-0.0004024102564102,-0.000760338095238,-0.0006140088644688,-0.0005135345543345,-0.0005491449328449,-0.0005611836385836
-0.000601048058608,-0.0005188178266178,-0.0003740825396825,0.0005575991697191,-0.0001124563858363,-0.0004468093528693,-0.0004024102564102,-0.0007633793650793,-0.0006140088644688,-0.0005165555555555,-0.0005491449328449,-0.0005642009768009
-0.000601048058608,-0.0005218517704517,-0.0003740825396825,0.0005606294749694,-0.0001124563858363,-0.0004468093528693,-0.0004054588522588,-0.0007664206349206,-0.0006170335042735,-0.0005195765567765,-0.0005551796092796,-0.0005702356532356
-0.0005889055433455,-0.0005248857142857,-0.0003832063492063,0.0005545688644688,-0.0001033378510378,-0.0004528884249084,-0.0004054588522588,-0.0007694619047619,-0.0006230827838827,-0.0005195765567765,-0.0005551796092796,-0.0005732529914529
-0.0005889055433455,-0.0005309536019536,-0.0003923301587301,0.0005575991697191,-9.725882783882755e-05,-0.000462007032967,-0.0004085074481074,-0.0007725031746031,-0.0006261074236874,-0.0005225975579975,-0.0005612142857142,-0.0005762703296703
-0.0005980124297924,-0.0005339875457875,-0.0003862476190476,0.0005636597802197,-0.0001063773626373,-0.0004589674969474,-0.0004085074481074,-0.0007725031746031,-0.000629132063492,-0.0005256185592185,-0.0005612142857142,-0.0005762703296703
-0.0006131905738705,-0.0005339875457875,-0.0003710412698412,0.0005727506959706,-0.0001215749206349,-0.0004528884249084,-0.0004085074481074,-0.0007664206349206,-0.0006261074236874,-0.0005256185592185,-0.0005581969474969,-0.0005732529914529
-0.0006101549450549,-0.0005370214896214,-0.0003832063492063,0.0005727506959706,-0.0001124563858363,-0.0004589674969474,-0.000411556043956,-0.0007664206349206,-0.0006261074236874,-0.0005316605616605,-0.0005642316239316,-0.0005792876678876
-0.0005980124297924,-0.0005370214896214,-0.0003923301587301,0.00056669008547,-0.0001033378510378,-0.0004650465689865,-0.000411556043956,-0.0007694619047619,-0.000629132063492,-0.0005316605616605,-0.0005702663003663,-0.0005792876678876
-0.0005980124297924,-0.0005430893772893,-0.0003923301587301,0.0005697203907203,-0.0001033378510378,-0.0004680861050061,-0.0004176532356532,-0.0007694619047619,-0.000629132063492,-0.0005316605616605,-0.0005702663003663,-0.000582305006105
-0.0006071193162393,-0.0005430893772893,-0.0003892888888888,0.0005727506959706,-0.0001094168742368,-0.0004650465689865,-0.0004176532356532,-0.0007694619047619,-0.0006261074236874,-0.0005316605616605,-0.0005672489621489,-0.000582305006105
-0.0006131905738705,-0.0005461233211233,-0.0003892888888888,0.0005788113064713,-0.0001124563858363,-0.0004680861050061,-0.000411556043956,-0.0007664206349206,-0.0006261074236874,-0.0005346815628815,-0.0005702663003663,-0.0005853223443223
-0.0006101549450549,-0.0005461233211233,-0.0003953714285714,0.000575781001221,-0.0001063773626373,-0.0004711256410256,-0.0004054588522588,-0.000760338095238,-0.0006261074236874,-0.0005346815628815,-0.0005732836385836,-0.000591357020757
-0.0006071193162393,-0.0005461233211233,-0.0003923301587301,0.000575781001221,-0.0001063773626373,-0.0004680861050061,-0.0004024102564102,-0.0007542555555555,-0.0006230827838827,-0.0005316605616605,-0.0005732836385836,-0.0005853223443223
-0.000601048058608,-0.0005461233211233,-0.0003953714285714,0.0005727506959706,-0.0001033378510378,-0.0004711256410256,-0.0004024102564102,-0.000748173015873,-0.0006230827838827,-0.0005316605616605,-0.0005732836385836,-0.0005853223443223
-0.0005980124297924,-0.0005521912087912,-0.0004105777777777,0.0005727506959706,-9.421931623931596e-05,-0.0004802442490842,-0.0004085074481074,-0.000748173015873,-0.0006261074236874,-0.0005377025641025,-0.0005793183150183,-0.0005943743589743
-0.000601048058608,-0.0005521912087912,-0.0004044952380952,0.000575781001221,-9.725882783882755e-05,-0.0004772047130647,-0.0004085074481074,-0.000748173015873,-0.0006261074236874,-0.0005377025641025,-0.0005793183150183,-0.0005943743589743
-0.0006071193162393,-0.0005430893772893,-0.0003923301587301,0.0005727506959706,-0.0001063773626373,-0.0004680861050061,-0.0004024102564102,-0.0007451317460317,-0.0006200581440781,-0.0005346815628815,-0.0005763009768009,-0.000591357020757
-0.0006040836874236,-0.0005430893772893,-0.0003892888888888,0.0005727506959706,-0.0001063773626373,-0.0004650465689865,-0.0004024102564102,-0.0007420904761904,-0.0006200581440781,-0.0005346815628815,-0.0005763009768009,-0.0005883396825396
-0.0006040836874236,-0.0005461233211233,-0.0003923301587301,0.0005727506959706,-0.0001063773626373,-0.0004680861050061,-0.0004054588522588,-0.0007420904761904,-0.0006200581440781,-0.0005377025641025,-0.0005793183150183,-0.000591357020757
-0.0006071193162393,-0.0005461233211233,-0.0003923301587301,0.000575781001221,-0.0001063773626373,-0.0004680861050061,-0.0004054588522588,-0.0007420904761904,-0.0006140088644688,-0.0005377025641025,-0.0005793183150183,-0.0005943743589743
-0.0006040836874236,-0.0005491572649572,-0.0003923301587301,0.000575781001221,-0.0001063773626373,-0.0004711256410256,-0.0004024102564102,-0.0007420904761904,-0.0006140088644688,-0.0005407235653235,-0.0005823356532356,-0.0005973916971916
-0.0006071193162393,-0.0005491572649572,-0.0003953714285714,0.000575781001221,-0.0001063773626373,-0.0004711256410256,-0.0003993616605616,-0.0007390492063492,-0.0006140088644688,-0.0005437445665445,-0.0005883703296703,-0.0006034263736263
-0.0006101549450549,-0.0005430893772893,-0.0003862476190476,0.000575781001221,-0.0001124563858363,-0.0004650465689865,-0.000396313064713,-0.0007299253968253,-0.0006140088644688,-0.0005407235653235,-0.0005823356532356,-0.0005943743589743
-0.0006071193162393,-0.0005400554334554,-0.0003862476190476,0.0005727506959706,-0.0001094168742368,-0.000462007032967,-0.000396313064713,-0.0007238428571428,-0.0006079595848595,-0.0005316605616605,-0.0005763009768009,-0.000591357020757
-0.0006040836874236,-0.0005430893772893,-0.0003953714285714,0.0005727506959706,-0.0001033378510378,-0.0004680861050061,-0.000396313064713,-0.0007177603174603,-0.0006049349450549,-0.0005256185592185,-0.0005732836385836,-0.000591357020757
-0.0005919411721611,-0.0005461233211233,-0.0004105777777777,0.00056669008547,-9.117980463980436e-05,-0.0004772047130647,-0.0003932644688644,-0.0007177603174603,-0.0006049349450549,-0.0005256185592185,-0.0005732836385836,-0.0005943743589743
-0.0005919411721611,-0.0005430893772893,-0.0004014539682539,0.00056669008547,-9.421931623931596e-05,-0.0004711256410256,-0.0003932644688644,-0.0007208015873015,-0.0006019103052503,-0.0005225975579975,-0.0005732836385836,-0.000591357020757
-0.0006040836874236,-0.0005370214896214,-0.0003862476190476,0.0005697203907203,-0.0001094168742368,-0.000462007032967,-0.0003932644688644,-0.0007177603174603,-0.0005988856654456,-0.0005195765567765,-0.0005672489621489,-0.0005853223443223
-0.0005949768009768,-0.0005309536019536,-0.0003892888888888,0.0005606294749694,-0.0001033378510378,-0.0004589674969474,-0.0003993616605616,-0.0007208015873015,-0.0006019103052503,-0.0005225975579975,-0.0005702663003663,-0.0005853223443223
-0.0005919411721611,-0.0005248857142857,-0.0003832063492063,0.0005575991697191,-0.0001033378510378,-0.0004528884249084,-0.0004024102564102,-0.0007238428571428,-0.0005988856654456,-0.0005195765567765,-0.0005672489621489,-0.0005853223443223
-0.0006040836874236,-0.0005279196581196,-0.0003740825396825,0.0005636597802197,-0.0001154958974358,-0.0004498488888888,-0.0003993616605616,-0.0007208015873015,-0.0005928363858363,-0.0005135345543345,-0.0005612142857142,-0.0005853223443223
-0.0006071193162393,-0.0005279196581196,-0.0003679999999999,0.00056669008547,-0.0001185354090354,-0.0004468093528693,-0.0003932644688644,-0.000714719047619,-0.0005867871062271,-0.0005074925518925,-0.0005581969474969,-0.0005792876678876
-0.0006040836874236,-0.0005309536019536,-0.0003771238095238,0.00056669008547,-0.0001124563858363,-0.0004528884249084,-0.000396313064713,-0.000714719047619,-0.0005867871062271,-0.0005044715506715,-0.0005581969474969,-0.0005792876678876
-0.0005828342857142,-0.0005309536019536,-0.0003953714285714,0.0005545688644688,-9.421931623931596e-05,-0.000462007032967,-0.0004054588522588,-0.0007208015873015,-0.000595861025641,-0.0005074925518925,-0.0005612142857142,-0.0005853223443223
-0.0005737273992673,-0.0005248857142857,-0.0004014539682539,0.0005485082539682,-8.510078144078116e-05,-0.000462007032967,-0.0004146046398046,-0.0007238428571428,-0.0005988856654456,-0.0005074925518925,-0.0005612142857142,-0.0005883396825396
-0.0005797986568986,-0.0005188178266178,-0.0003923301587301,0.0005485082539682,-9.421931623931596e-05,-0.0004559279609279,-0.0004176532356532,-0.0007268841269841,-0.0005988856654456,-0.0005074925518925,-0.0005581969474969,-0.0005853223443223
-0.0005889055433455,-0.0005127499389499,-0.0003771238095238,0.0005485082539682,-0.0001063773626373,-0.0004437698168498,-0.0004176532356532,-0.0007299253968253,-0.0005988856654456,-0.0005044715506715,-0.0005551796092796,-0.000582305006105
-0.0005889055433455,-0.0005097159951159,-0.0003740825396825,0.0005485082539682,-0.0001063773626373,-0.0004407302808302,-0.0004207018315018,-0.0007329666666666,-0.0006019103052503,-0.0005074925518925,-0.0005581969474969,-0.000582305006105
-0.0005858699145299,-0.0005097159951159,-0.0003771238095238,0.0005454779487179,-0.0001033378510378,-0.0004437698168498,-0.000426799023199,-0.0007329666666666,-0.0006019103052503,-0.0005074925518925,-0.0005551796092796,-0.0005792876678876
-0.0005949768009768,-0.0005127499389499,-0.0003710412698412,0.0005515385592185,-0.0001124563858363,-0.0004407302808302,-0.000426799023199,-0.0007360079365079,-0.0005988856654456,-0.0005044715506715,-0.0005491449328449,-0.0005762703296703
-0.0006040836874236,-0.0005188178266178,-0.0003649587301587,0.0005606294749694,-0.0001185354090354,-0.0004407302808302,-0.0004237504273504,-0.0007360079365079,-0.000595861025641,-0.0004984295482295,-0.0005461275946275,-0.0005732529914529
-0.000601048058608,-0.0005248857142857,-0.0003771238095238,0.0005606294749694,-0.0001124563858363,-0.0004498488888888,-0.0004207018315018,-0.0007390492063492,-0.0005988856654456,-0.0004984295482295,-0.0005491449328449,-0.0005732529914529
-0.0005949768009768,-0.0005188178266178,-0.0003740825396825,0.0005545688644688,-0.0001094168742368,-0.0004468093528693,-0.000426799023199,-0.0007420904761904,-0.0006019103052503,-0.0004984295482295,-0.0005461275946275,-0.0005702356532356
-0.0005889055433455,-0.0005127499389499,-0.0003740825396825,0.0005485082539682,-0.0001063773626373,-0.0004437698168498,-0.0004328962148962,-0.0007451317460317,-0.0006049349450549,-0.0004984295482295,-0.0005431102564102,-0.0005672183150183
-0.000576763028083,-0.0005127499389499,-0.0003892888888888,0.0005424476434676,-9.421931623931596e-05,-0.0004498488888888,-0.0004481391941391,-0.0007512142857142,-0.0006140088644688,-0.0005105135531135,-0.0005521622710622,-0.0005792876678876
-0.0005797986568986,-0.0005127499389499,-0.0003832063492063,0.0005454779487179,-9.725882783882755e-05,-0.0004468093528693,-0.0004481391941391,-0.0007542555555555,-0.0006170335042735,-0.0005135345543345,-0.0005551796092796,-0.000582305006105
-0.0005949768009768,-0.0005097159951159,-0.0003679999999999,0.0005515385592185,-0.0001124563858363,-0.0004376907448107,-0.000442042002442,-0.0007512142857142,-0.0006109842246642,-0.0005044715506715,-0.0005491449328449,-0.0005792876678876
-0.0005949768009768,-0.0005127499389499,-0.0003679999999999,0.0005515385592185,-0.0001124563858363,-0.0004407302808302,-0.0004389934065934,-0.0007572968253968,-0.0006079595848595,-0.0005044715506715,-0.0005491449328449,-0.0005762703296703
-0.0005889055433455,-0.0005157838827838,-0.000380165079365,0.0005515385592185,-0.0001033378510378,-0.0004468093528693,-0.0004450905982905,-0.000760338095238,-0.0006109842246642,-0.0005074925518925,-0.0005491449328449,-0.0005792876678876
-0.0005828342857142,-0.0005157838827838,-0.0003862476190476,0.0005485082539682,-9.725882783882755e-05,-0.0004498488888888,-0.0004481391941391,-0.0007572968253968,-0.0006140088644688,-0.0005044715506715,-0.0005491449328449,-0.0005762703296703
-0.000576763028083,-0.0005188178266178,-0.0003923301587301,0.0005454779487179,-9.117980463980436e-05,-0.0004559279609279,-0.0004450905982905,-0.0007572968253968,-0.0006140088644688,-0.0005044715506715,-0.0005461275946275,-0.0005762703296703
-0.0005828342857142,-0.0005248857142857,-0.0003923301587301,0.0005515385592185,-9.421931623931596e-05,-0.0004589674969474,-0.0004450905982905,-0.0007633793650793,-0.0006140088644688,-0.0005074925518925,-0.0005521622710622,-0.0005792876678876
-0.0005949768009768,-0.0005218517704517,-0.000380165079365,0.0005575991697191,-0.0001063773626373,-0.0004498488888888,-0.0004450905982905,-0.0007633793650793,-0.0006109842246642,-0.0005044715506715,-0.0005491449328449,-0.0005732529914529
-0.0006071193162393,-0.0005188178266178,-0.0003649587301587,0.0005606294749694,-0.0001215749206349,-0.0004407302808302,-0.0004389934065934,-0.000760338095238,-0.0006079595848595,-0.0005014505494505,-0.0005431102564102,-0.0005672183150183
-0.0005919411721611,-0.0005248857142857,-0.0003862476190476,0.0005575991697191,-0.0001033378510378,-0.0004559279609279,-0.0004450905982905,-0.0007633793650793,-0.0006170335042735,-0.0005105135531135,-0.0005521622710622,-0.0005792876678876
-0.0005737273992673,-0.0005218517704517,-0.0004014539682539,0.0005454779487179,-8.510078144078116e-05,-0.000462007032967,-0.0004542363858363,-0.0007725031746031,-0.0006261074236874,-0.0005165555555555,-0.0005581969474969,-0.0005853223443223
-0.0005858699145299,-0.0005157838827838,-0.0003832063492063,0.0005485082539682,-0.0001002983394383,-0.0004498488888888,-0.0004481391941391,-0.0007725031746031,-0.0006200581440781,-0.0005105135531135,-0.0005521622710622,-0.0005792876678876
-0.0005949768009768,-0.0005188178266178,-0.0003771238095238,0.0005545688644688,-0.0001094168742368,-0.0004468093528693,-0.0004450905982905,-0.0007725031746031,-0.0006170335042735,-0.0005105135531135,-0.0005461275946275,-0.0005792876678876
-0.0005980124297924,-0.0005218517704517,-0.0003740825396825,0.0005575991697191,-0.0001124563858363,-0.0004468093528693,-0.0004450905982905,-0.0007694619047619,-0.0006170335042735,-0.0005105135531135,-0.0005461275946275,-0.0005762703296703
-0.0005949768009768,-0.0005188178266178,-0.0003740825396825,0.0005545688644688,-0.0001094168742368,-0.0004468093528693,-0.0004450905982905,-0.0007725031746031,-0.0006170335042735,-0.0005074925518925,-0.0005461275946275,-0.0005702356532356
-0.0005828342857142,-0.0005218517704517,-0.0003923301587301,0.0005515385592185,-9.421931623931596e-05,-0.0004559279609279,-0.0004511877899877,-0.0007816269841269,-0.000629132063492,-0.0005135345543345,-0.0005521622710622,-0.0005792876678876
-0.0005706917704517,-0.0005248857142857,-0.0004075365079365,0.0005454779487179,-8.206126984126955e-05,-0.0004650465689865,-0.0004572849816849,-0.0007877095238095,-0.0006382059829059,-0.0005256185592185,-0.0005642316239316,-0.0005943743589743
-0.0005797986568986,-0.0005188178266178,-0.0003923301587301,0.0005485082539682,-9.421931623931596e-05,-0.0004559279609279,-0.0004572849816849,-0.0007816269841269,-0.0006321567032967,-0.0005225975579975,-0.0005612142857142,-0.0005883396825396
-0.0005980124297924,-0.000506682051282,-0.0003619174603174,0.0005515385592185,-0.0001185354090354,-0.0004346512087912,-0.0004481391941391,-0.0007694619047619,-0.0006140088644688,-0.0005074925518925,-0.0005461275946275,-0.0005732529914529
-0.0005828342857142,-0.0005097159951159,-0.000380165079365,0.0005454779487179,-0.0001002983394383,-0.0004437698168498,-0.0004511877899877,-0.0007664206349206,-0.0006170335042735,-0.0005044715506715,-0.0005461275946275,-0.0005732529914529
-0.0005828342857142,-0.0005157838827838,-0.0003892888888888,0.0005485082539682,-9.725882783882755e-05,-0.0004528884249084,-0.0004542363858363,-0.0007725031746031,-0.0006230827838827,-0.0005105135531135,-0.0005521622710622,-0.0005792876678876
-0.0005949768009768,-0.0005188178266178,-0.000380165079365,0.0005545688644688,-0.0001063773626373,-0.0004498488888888,-0.0004511877899877,-0.0007755444444444,-0.0006230827838827,-0.0005074925518925,-0.0005461275946275,-0.0005762703296703
-0.0005858699145299,-0.0005188178266178,-0.0003862476190476,0.0005515385592185,-0.0001002983394383,-0.0004528884249084,-0.0004481391941391,-0.0007785857142857,-0.0006261074236874,-0.0005105135531135,-0.0005491449328449,-0.0005762703296703
-0.000576763028083,-0.0005127499389499,-0.0003892888888888,0.0005424476434676,-9.421931623931596e-05,-0.0004498488888888,-0.0004511877899877,-0.0007785857142857,-0.000629132063492,-0.0005105135531135,-0.0005491449328449,-0.0005762703296703
-0.0005737273992673,-0.0005127499389499,-0.0003923301587301,0.0005424476434676,-9.117980463980436e-05,-0.0004528884249084,-0.0004603335775335,-0.0007816269841269,-0.0006321567032967,-0.0005105135531135,-0.0005491449328449,-0.0005792876678876
-0.0005737273992673,-0.0005127499389499,-0.0003892888888888,0.0005424476434676,-9.117980463980436e-05,-0.0004498488888888,-0.0004633821733821,-0.0007846682539682,-0.0006321567032967,-0.0005105135531135,-0.0005491449328449,-0.0005792876678876
-0.0005797986568986,-0.0005097159951159,-0.0003832063492063,0.0005424476434676,-9.725882783882755e-05,-0.0004468093528693,-0.0004572849816849,-0.0007846682539682,-0.000629132063492,-0.0005105135531135,-0.0005521622710622,-0.000582305006105
-0.0005889055433455,-0.0005097159951159,-0.0003710412698412,0.0005485082539682,-0.0001094168742368,-0.0004407302808302,-0.0004542363858363,-0.0007816269841269,-0.0006261074236874,-0.0005135345543345,-0.0005491449328449,-0.0005792876678876
-0.0005858699145299,-0.000506682051282,-0.0003710412698412,0.0005454779487179,-0.0001063773626373,-0.0004376907448107,-0.0004572849816849,-0.0007846682539682,-0.0006230827838827,-0.0005135345543345,-0.0005491449328449,-0.0005762703296703
-0.0005797986568986,-0.000506682051282,-0.0003771238095238,0.0005424476434676,-0.0001002983394383,-0.0004407302808302,-0.0004542363858363,-0.0007846682539682,-0.0006230827838827,-0.0005074925518925,-0.0005491449328449,-0.0005762703296703
-0.0005797986568986,-0.0005157838827838,-0.0003892888888888,0.0005454779487179,-9.421931623931596e-05,-0.0004528884249084,-0.0004542363858363,-0.0007877095238095,-0.0006261074236874,-0.0005105135531135,-0.0005491449328449,-0.0005792876678876
-0.0005828342857142,-0.0005218517704517,-0.0003892888888888,0.0005515385592185,-9.725882783882755e-05,-0.0004559279609279,-0.0004542363858363,-0.0007877095238095,-0.000629132063492,-0.0005105135531135,-0.0005491449328449,-0.0005792876678876
-0.0005828342857142,-0.0005157838827838,-0.0003862476190476,0.0005485082539682,-9.725882783882755e-05,-0.0004498488888888,-0.0004572849816849,-0.0007907507936507,-0.000629132063492,-0.0005074925518925,-0.0005461275946275,-0.0005762703296703
-0.0005828342857142,-0.000506682051282,-0.000380165079365,0.0005424476434676,-0.0001002983394383,-0.0004437698168498,-0.0004572849816849,-0.0007877095238095,-0.000629132063492,-0.0005044715506715,-0.0005400929181929,-0.0005702356532356
-0.000576763028083,-0.0005006141636141,-0.0003771238095238,0.000536387032967,-0.0001002983394383,-0.0004376907448107,-0.0004572849816849,-0.0007877095238095,-0.0006261074236874,-0.0005014505494505,-0.0005400929181929,-0.0005672183150183
-0.0005737273992673,-0.000506682051282,-0.000380165079365,0.0005394173382173,-9.725882783882755e-05,-0.0004437698168498,-0.0004572849816849,-0.0007877095238095,-0.000629132063492,-0.0005074925518925,-0.0005461275946275,-0.0005732529914529
-0.0005858699145299,-0.0005157838827838,-0.000380165079365,0.0005485082539682,-0.0001033378510378,-0.0004468093528693,-0.0004511877899877,-0.0007816269841269,-0.000629132063492,-0.0005074925518925,-0.0005461275946275,-0.0005762703296703
-0.0005919411721611,-0.0005097159951159,-0.0003710412698412,0.0005485082539682,-0.0001094168742368,-0.0004407302808302,-0.0004511877899877,-0.0007785857142857,-0.0006230827838827,-0.0005044715506715,-0.0005431102564102,-0.0005702356532356
-0.0005828342857142,-0.0005036481074481,-0.0003740825396825,0.0005424476434676,-0.0001033378510378,-0.0004376907448107,-0.0004542363858363,-0.0007785857142857,-0.0006261074236874,-0.0005074925518925,-0.0005400929181929,-0.0005672183150183
-0.0005737273992673,-0.0005036481074481,-0.0003832063492063,0.000536387032967,-9.421931623931596e-05,-0.0004437698168498,-0.0004572849816849,-0.0007816269841269,-0.000629132063492,-0.0005074925518925,-0.0005400929181929,-0.0005702356532356
-0.0005706917704517,-0.000506682051282,-0.0003862476190476,0.000536387032967,-9.117980463980436e-05,-0.0004468093528693,-0.0004603335775335,-0.0007846682539682,-0.0006351813431013,-0.0005105135531135,-0.0005461275946275,-0.0005762703296703
-0.0005828342857142,-0.000506682051282,-0.000380165079365,0.0005424476434676,-0.0001002983394383,-0.0004437698168498,-0.0004572849816849,-0.0007877095238095,-0.0006351813431013,-0.0005105135531135,-0.0005491449328449,-0.0005792876678876
-0.0005828342857142,-0.0005036481074481,-0.0003710412698412,0.0005424476434676,-0.0001063773626373,-0.0004376907448107,-0.0004542363858363,-0.0007846682539682,-0.0006321567032967,-0.0005074925518925,-0.0005461275946275,-0.0005762703296703
-0.000576763028083,-0.0005036481074481,-0.000380165079365,0.0005394173382173,-9.725882783882755e-05,-0.0004407302808302,-0.0004572849816849,-0.0007846682539682,-0.0006321567032967,-0.0005074925518925,-0.0005461275946275,-0.0005732529914529
-0.0005676561416361,-0.0005097159951159,-0.0003923301587301,0.000536387032967,-8.814029304029276e-05,-0.0004498488888888,-0.0004633821733821,-0.0007877095238095,-0.0006351813431013,-0.0005105135531135,-0.0005491449328449,-0.0005762703296703
-0.0005646205128205,-0.0005157838827838,-0.0004044952380952,0.0005394173382173,-7.902175824175796e-05,-0.0004589674969474,-0.0004633821733821,-0.0007877095238095,-0.0006412306227106,-0.0005135345543345,-0.0005491449328449,-0.000582305006105
-0.000576763028083,-0.0005157838827838,-0.0003923301587301,0.0005454779487179,-9.117980463980436e-05,-0.0004528884249084,-0.0004572849816849,-0.0007846682539682,-0.0006382059829059,-0.0005105135531135,-0.0005461275946275,-0.0005792876678876
-0.0005949768009768,-0.0005097159951159,-0.0003679999999999,0.0005515385592185,-0.0001124563858363,-0.0004376907448107,-0.0004511877899877,-0.0007816269841269,-0.000629132063492,-0.0005014505494505,-0.0005400929181929,-0.0005702356532356
-0.0005858699145299,-0.0005097159951159,-0.0003771238095238,0.0005454779487179,-0.0001033378510378,-0.0004437698168498,-0.0004572849816849,-0.0007846682539682,-0.0006321567032967,-0.0005074925518925,-0.0005431102564102,-0.0005732529914529
-0.0005646205128205,-0.0005127499389499,-0.0003953714285714,0.000536387032967,-8.510078144078116e-05,-0.0004528884249084,-0.0004664307692307,-0.0007907507936507,-0.0006382059829059,-0.0005165555555555,-0.0005491449328449,-0.0005792876678876
-0.000576763028083,-0.0005157838827838,-0.0003892888888888,0.0005454779487179,-9.421931623931596e-05,-0.0004528884249084,-0.0004664307692307,-0.0007846682539682,-0.0006382059829059,-0.0005135345543345,-0.0005521622710622,-0.0005792876678876
-0.0005889055433455,-0.0005157838827838,-0.0003771238095238,0.0005515385592185,-0.0001063773626373,-0.0004468093528693,-0.0004633821733821,-0.0007846682539682,-0.0006351813431013,-0.0005105135531135,-0.0005491449328449,-0.0005762703296703
-0.0005858699145299,-0.000506682051282,-0.0003740825396825,0.0005454779487179,-0.0001063773626373,-0.0004407302808302,-0.0004633821733821,-0.0007907507936507,-0.0006351813431013,-0.0005105135531135,-0.0005491449328449,-0.0005762703296703
-0.0005858699145299,-0.0005006141636141,-0.0003679999999999,0.0005424476434676,-0.0001094168742368,-0.0004346512087912,-0.0004633821733821,-0.0007907507936507,-0.0006321567032967,-0.0005074925518925,-0.0005431102564102,-0.0005732529914529
-0.0005858699145299,-0.0005006141636141,-0.0003679999999999,0.0005424476434676,-0.0001094168742368,-0.0004346512087912,-0.0004633821733821,-0.0007907507936507,-0.0006321567032967,-0.0005074925518925,-0.0005431102564102,-0.0005762703296703
-0.0005797986568986,-0.0005036481074481,-0.0003771238095238,0.0005394173382173,-0.0001002983394383,-0.0004407302808302,-0.0004603335775335,-0.0007846682539682,-0.0006321567032967,-0.0005105135531135,-0.0005491449328449,-0.0005792876678876
-0.0005737273992673,-0.0005097159951159,-0.0003892888888888,0.0005394173382173,-9.117980463980436e-05,-0.0004498488888888,-0.0004603335775335,-0.0007846682539682,-0.0006351813431013,-0.0005135345543345,-0.0005521622710622,-0.000582305006105
-0.0005646205128205,-0.000506682051282,-0.0003923301587301,0.0005333567277167,-8.510078144078116e-05,-0.0004498488888888,-0.0004572849816849,-0.0007846682539682,-0.0006321567032967,-0.0005105135531135,-0.0005521622710622,-0.000582305006105
-0.0005706917704517,-0.0005006141636141,-0.000380165079365,0.0005333567277167,-9.421931623931596e-05,-0.0004407302808302,-0.0004542363858363,-0.0007816269841269,-0.0006261074236874,-0.0005044715506715,-0.0005491449328449,-0.0005762703296703
-0.0005737273992673,-0.0004945462759462,-0.0003710412698412,0.0005333567277167,-0.0001002983394383,-0.0004316116727716,-0.000442042002442,-0.0007755444444444,-0.0006200581440781,-0.0005014505494505,-0.0005431102564102,-0.0005732529914529
-0.0005797986568986,-0.0004884783882783,-0.0003619174603174,0.0005333567277167,-0.0001094168742368,-0.0004255326007326,-0.0004328962148962,-0.0007694619047619,-0.0006140088644688,-0.0004984295482295,-0.0005400929181929,-0.0005732529914529
-0.0005737273992673,-0.0004854444444444,-0.0003649587301587,0.0005272961172161,-0.0001033378510378,-0.0004255326007326,-0.0004328962148962,-0.0007694619047619,-0.0006109842246642,-0.0004984295482295,-0.0005400929181929,-0.0005732529914529
-0.0005585492551892,-0.0004793765567765,-0.0003740825396825,0.0005182052014652,-9.117980463980436e-05,-0.0004255326007326,-0.0004298476190476,-0.0007664206349206,-0.0006140088644688,-0.0004984295482295,-0.0005370755799755,-0.0005732529914529
-0.0005464067399267,-0.0004611728937728,-0.0003649587301587,0.0005030536752136,-9.117980463980436e-05,-0.0004133744566544,-0.0004298476190476,-0.000760338095238,-0.0006049349450549,-0.0004893665445665,-0.0005280235653235,-0.0005672183150183
-0.0005433711111111,-0.0004308334554334,-0.0003375873015873,0.0004848718437118,-0.0001033378510378,-0.000382979096459,-0.0004176532356532,-0.0007451317460317,-0.0005837624664224,-0.0004682195360195,-0.0005099195360195,-0.0005491142857142
-0.0005494423687423,-0.0004156637362637,-0.0003162984126984,0.0004818415384615,-0.0001154958974358,-0.0003647418803418,-0.0004024102564102,-0.0007268841269841,-0.0005686392673992,-0.0004531145299145,-0.0005008675213675,-0.0005370449328449
-0.0005342642246642,-0.0004065619047619,-0.0003254222222222,0.0004697203174603,-0.0001033378510378,-0.0003647418803418,-0.0004085074481074,-0.0007177603174603,-0.0005595653479853,-0.0004500935286935,-0.0004978501831501,-0.0005370449328449
-0.0005251573382173,-0.0004035279609279,-0.000334546031746,0.0004636597069597,-9.421931623931596e-05,-0.0003677814163614,-0.000411556043956,-0.0007116777777777,-0.0005565407081807,-0.0004500935286935,-0.0004978501831501,-0.0005370449328449
-0.0005312285958485,-0.0003944261294261,-0.0003162984126984,0.0004606294017094,-0.0001063773626373,-0.0003556232722832,-0.0004176532356532,-0.0006995126984126,-0.0005414175091575,-0.0004380095238095,-0.0004827634920634,-0.0005219582417582
-0.0005221217094017,-0.0003913921855921,-0.0003223809523809,0.0004545687912087,-0.0001002983394383,-0.0003556232722832,-0.0004481391941391,-0.0007177603174603,-0.0005474667887667,-0.0004410305250305,-0.0004827634920634,-0.0005219582417582
-0.0005160504517704,-0.0004126297924297,-0.0003497523809523,0.0004636597069597,-8.206126984126955e-05,-0.0003799395604395,-0.0004908195360195,-0.000748173015873,-0.0005777131868131,-0.0004621775335775,-0.0005038848595848,-0.0005400622710622
-0.000519086080586,-0.0004277995115995,-0.0003619174603174,0.0004727506227106,-7.902175824175796e-05,-0.0003951372405372,-0.0004938681318681,-0.0007572968253968,-0.0005898117460317,-0.0004682195360195,-0.0005129368742368,-0.0005460969474969
-0.0005251573382173,-0.0004338673992673,-0.0003649587301587,0.0004788112332112,-7.902175824175796e-05,-0.0003981767765567,-0.0004816737484737,-0.000760338095238,-0.0005928363858363,-0.0004742615384615,-0.0005159542124542,-0.0005491142857142
-0.0005342642246642,-0.000455105006105,-0.0003740825396825,0.0004939627594627,-7.902175824175796e-05,-0.0004133744566544,-0.0004847223443223,-0.0007725031746031,-0.0006079595848595,-0.0004863455433455,-0.0005250062271062,-0.0005551489621489
-0.0005433711111111,-0.0004642068376068,-0.0003740825396825,0.0005030536752136,-8.510078144078116e-05,-0.0004194535286935,-0.0004816737484737,-0.0007725031746031,-0.0006109842246642,-0.0004863455433455,-0.0005250062271062,-0.0005521316239316
-0.0005585492551892,-0.0004611728937728,-0.0003588761904761,0.0005091142857142,-0.0001002983394383,-0.0004103349206349,-0.0004786251526251,-0.0007694619047619,-0.0006019103052503,-0.0004772825396825,-0.0005129368742368,-0.0005400622710622
-0.0005494423687423,-0.0004642068376068,-0.0003649587301587,0.0005060839804639,-9.117980463980436e-05,-0.0004133744566544,-0.0004816737484737,-0.0007785857142857,-0.0006109842246642,-0.0004833245421245,-0.0005219888888888,-0.0005491142857142
-0.0005372998534798,-0.0004824105006105,-0.0003984126984126,0.0005091142857142,-6.990322344322315e-05,-0.0004407302808302,-0.0004877709401709,-0.000793792063492,-0.0006351813431013,-0.0005074925518925,-0.0005400929181929,-0.0005702356532356
-0.0005372998534798,-0.0004945462759462,-0.0004075365079365,0.0005151748962148,-6.382420024419996e-05,-0.0004498488888888,-0.0004938681318681,-0.0007998746031746,-0.0006442552625152,-0.0005165555555555,-0.0005491449328449,-0.0005732529914529
-0.0005524779975579,-0.0004945462759462,-0.0003953714285714,0.0005212355067155,-7.902175824175796e-05,-0.0004437698168498,-0.0004938681318681,-0.0008029158730158,-0.0006472799023199,-0.0005165555555555,-0.0005491449328449,-0.0005702356532356
-0.0005555136263736,-0.0005036481074481,-0.0004044952380952,0.0005272961172161,-7.598224664224636e-05,-0.0004528884249084,-0.0004908195360195,-0.0008089984126984,-0.0006533291819291,-0.0005225975579975,-0.0005551796092796,-0.000582305006105
-0.0005706917704517,-0.0005097159951159,-0.0003953714285714,0.0005394173382173,-8.814029304029276e-05,-0.0004528884249084,-0.0004786251526251,-0.0008059571428571,-0.0006472799023199,-0.0005195765567765,-0.0005551796092796,-0.000582305006105
-0.0006040836874236,-0.0005218517704517,-0.0003679999999999,0.0005606294749694,-0.0001185354090354,-0.0004437698168498,-0.0004664307692307,-0.0008029158730158,-0.0006412306227106,-0.0005135345543345,-0.0005521622710622,-0.0005762703296703
-0.0006162262026862,-0.0005339875457875,-0.0003679999999999,0.0005727506959706,-0.0001246144322344,-0.0004498488888888,-0.0004664307692307,-0.0008059571428571,-0.0006442552625152,-0.0005165555555555,-0.0005551796092796,-0.000582305006105
-0.0006101549450549,-0.0005370214896214,-0.000380165079365,0.0005727506959706,-0.0001154958974358,-0.0004589674969474,-0.0004694793650793,-0.0008089984126984,-0.0006533291819291,-0.0005256185592185,-0.0005612142857142,-0.0005853223443223
-0.0005919411721611,-0.0005400554334554,-0.0003953714285714,0.0005636597802197,-9.725882783882755e-05,-0.0004680861050061,-0.0004755765567765,-0.0008181222222222,-0.0006593784615384,-0.0005346815628815,-0.0005702663003663,-0.000591357020757
-0.0005889055433455,-0.0005370214896214,-0.0004014539682539,0.0005606294749694,-9.421931623931596e-05,-0.0004680861050061,-0.0004786251526251,-0.0008211634920634,-0.0006624031013431,-0.0005377025641025,-0.0005732836385836,-0.0005973916971916
-0.0005889055433455,-0.0005339875457875,-0.0003984126984126,0.0005606294749694,-9.421931623931596e-05,-0.0004650465689865,-0.0004755765567765,-0.0008211634920634,-0.0006593784615384,-0.0005377025641025,-0.0005732836385836,-0.000600409035409
-0.0005858699145299,-0.0005279196581196,-0.0003953714285714,0.0005545688644688,-9.421931623931596e-05,-0.000462007032967,-0.0004755765567765,-0.0008211634920634,-0.0006563538217338,-0.0005316605616605,-0.0005702663003663,-0.0005973916971916
-0.0005980124297924,-0.0005309536019536,-0.0003862476190476,0.0005636597802197,-0.0001063773626373,-0.0004589674969474,-0.0004694793650793,-0.0008089984126984,-0.0006533291819291,-0.0005256185592185,-0.0005612142857142,-0.000591357020757
-0.0005980124297924,-0.0005339875457875,-0.0003892888888888,0.0005636597802197,-0.0001033378510378,-0.000462007032967,-0.0004725279609279,-0.0008059571428571,-0.0006503045421245,-0.0005256185592185,-0.0005612142857142,-0.0005853223443223
-0.0005949768009768,-0.0005279196581196,-0.0003862476190476,0.0005606294749694,-0.0001033378510378,-0.0004559279609279,-0.0004755765567765,-0.0008089984126984,-0.0006472799023199,-0.0005225975579975,-0.0005581969474969,-0.000582305006105
-0.000601048058608,-0.0005218517704517,-0.0003771238095238,0.0005606294749694,-0.0001124563858363,-0.0004498488888888,-0.0004755765567765,-0.0008089984126984,-0.0006442552625152,-0.0005165555555555,-0.0005491449328449,-0.0005792876678876
-0.000601048058608,-0.0005218517704517,-0.0003710412698412,0.0005606294749694,-0.0001154958974358,-0.0004468093528693,-0.0004755765567765,-0.0008059571428571,-0.0006382059829059,-0.0005105135531135,-0.0005461275946275,-0.0005732529914529
-0.000601048058608,-0.0005218517704517,-0.0003710412698412,0.0005606294749694,-0.0001154958974358,-0.0004468093528693,-0.0004786251526251,-0.0008120396825396,-0.0006351813431013,-0.0005105135531135,-0.0005431102564102,-0.0005702356532356
-0.0005949768009768,-0.0005248857142857,-0.000380165079365,0.0005575991697191,-0.0001063773626373,-0.0004528884249084,-0.0004847223443223,-0.0008150809523809,-0.0006351813431013,-0.0005105135531135,-0.0005491449328449,-0.0005762703296703
-0.0005889055433455,-0.0005157838827838,-0.000380165079365,0.0005515385592185,-0.0001033378510378,-0.0004468093528693,-0.0004816737484737,-0.000793792063492,-0.0006140088644688,-0.0005044715506715,-0.0005551796092796,-0.0005883396825396
-0.0006071193162393,-0.0004854444444444,-0.0003284634920634,0.0005454779487179,-0.0001398119902319,-0.0004072953846153,-0.0004694793650793,-0.0007451317460317,-0.0005504914285714,-0.0004772825396825,-0.0005461275946275,-0.000591357020757
-0.0006040836874236,-0.0003853242979242,-0.0002341841269841,0.0004939627594627,-0.0001854046642246,-0.0003100302319902,-0.0004725279609279,-0.0006843063492063,-0.0004597522344322,-0.0004108205128205,-0.0005038848595848,-0.0005611836385836
-0.0005281929670329,-0.0002214913308913,-0.0001459873015873,0.0003727505494505,-0.0001914836874236,-0.0001823697191697,-0.0005121597069597,-0.0005809031746031,-0.0003236434432234,-0.0002809174603174,-0.0004012953601953,-0.0004978195360195
-0.0004158747008547,-6.081318681318485e-06,-4.562539682539673e-05,0.000209114065934,-0.0001854046642246,-2.4313846153846188e-05,-0.0005731316239316,-0.0004714174603174,-0.0001330911355311,-6.340537240537292e-05,-0.000229307081807,-0.0003801433455433
-0.0002792714041514,0.0003064148962148,0.0001338095238095,-1.209821733821731e-05,-0.0002066812454212,0.000218849035409,-0.00072861001221,-0.0005900269841269,4.2337973137973054e-05,0.0002205687423687,4.22533577533576e-05,-0.0001508256410256
-0.0001274899633699,0.0006644202686202,0.0003345333333333,-0.0002666438583638,-0.0002309973382173,0.0004984863492063,-0.001015178021978,-0.0009488968253968,0.0001270278876678,0.0005166268620268,0.0003711432234432,0.0001509081807081
4.250525030525003e-05,0.0009587128205128,0.0004561841269841,-0.0004999773626373,-0.0002066812454212,0.0007082143345543,-0.0013871067155067,-0.001368592063492,7.25843711843711e-05,0.0007462229548229,0.000663825030525,0.0004466073260073
0.0001517878876678,0.001107376068376,0.0004926793650793,-0.0006272501831501,-0.0001702071062271,0.0007994004151404,-0.0016950148962148,-0.0016788015873015,-7.259833943833952e-05,0.0008096639804639,0.0008177092796092,0.0006548036630036
0.0001244672283272,0.0008039816849816,0.000218965079365,-0.0004636136996336,-4.558713064713037e-05,0.0005106444932844,-0.0017529382173382,-0.0018186999999999,-0.0004083333577533,0.0004682908424908,0.0005914089133089,0.0005642835164835
-0.0001153474481074,0.0001516837606837,-0.000188565079365,-1.815882783882781e-05,3.647968253968283e-05,-1.823477411477415e-05,-0.0015425851037851,-0.001943392063492,-0.0009043742857142,-0.0001479934065934,0.0001056174603174,0.000247463003663
-0.0003976609279609,-0.0002093555555555,-0.0002645968253968,0.0003030535286935,-6.686371184371155e-05,-0.0002370813675213,-0.0013261347985347,-0.0021076206349206,-0.0012491832234432,-0.0005558285714285,-0.000202151037851,4.5301343101342495e-05
-0.0005494423687423,-0.000400494017094,-0.0003071746031746,0.0004727506227106,-0.0001215749206349,-0.0003525837362637,-0.0011615106227106,-0.0020163825396825,-0.0013399224175824,-0.0007401096459096,-0.000389226007326,-0.0001236695970695
-0.000601048058608,-0.0005218517704517,-0.0003740825396825,0.0005606294749694,-0.0001124563858363,-0.0004468093528693,-0.0010426153846153,-0.0017639571428571,-0.0012370846642246,-0.0007582356532356,-0.0004948328449328,-0.0002745365079365
-0.0006222974603174,-0.0005400554334554,-0.0003679999999999,0.0005788113064713,-0.0001276539438339,-0.0004528884249084,-0.0009206715506715,-0.0014963253968253,-0.0010737541147741,-0.0006887526251526,-0.0005159542124542,-0.0003590219780219
-0.0006314043467643,-0.0005279196581196,-0.0003467111111111,0.0005788113064713,-0.0001428515018315,-0.0004376907448107,-0.0007743389499389,-0.0012530238095238,-0.0009255467643467,-0.0006222905982905,-0.0005219888888888,-0.0004193687423687
-0.0006071193162393,-0.0005127499389499,-0.0003588761904761,0.0005575991697191,-0.0001246144322344,-0.0004346512087912,-0.0006432493284493,-0.0010340523809523,-0.0008075858119658,-0.0005769755799755,-0.0005340582417582,-0.0004766981684981
-0.0005585492551892,-0.0004793765567765,-0.0003710412698412,0.0005182052014652,-9.421931623931596e-05,-0.0004255326007326,-0.0005517914529914,-0.000872865079365,-0.0007138219780219,-0.0005316605616605,-0.0005280235653235,-0.0005159235653235
-0.0005464067399267,-0.000452071062271,-0.0003588761904761,0.000496993064713,-9.421931623931596e-05,-0.0004042558485958,-0.0005030139194139,-0.0007785857142857,-0.0006472799023199,-0.0004984295482295,-0.0005159542124542,-0.0005219582417582
-0.0005646205128205,-0.000452071062271,-0.0003406285714285,0.0005060839804639,-0.0001124563858363,-0.0003951372405372,-0.0004725279609279,-0.0007420904761904,-0.0006109842246642,-0.0004833245421245,-0.0005129368742368,-0.0005219582417582
-0.0005797986568986,-0.0004702747252747,-0.0003436698412698,0.0005242658119658,-0.0001185354090354,-0.0004072953846153,-0.0004572849816849,-0.0007299253968253,-0.0006109842246642,-0.0004893665445665,-0.0005219888888888,-0.0005310102564102
-0.0005797986568986,-0.0004793765567765,-0.0003588761904761,0.0005272961172161,-0.0001094168742368,-0.0004194535286935,-0.0004450905982905,-0.000714719047619,-0.0006079595848595,-0.0004923875457875,-0.0005280235653235,-0.0005430796092796
-0.0005797986568986,-0.0004824105006105,-0.0003588761904761,0.0005303264224664,-0.0001094168742368,-0.0004194535286935,-0.0004389934065934,-0.0007025539682539,-0.0005988856654456,-0.0004923875457875,-0.0005310409035409,-0.0005460969474969
-0.0005797986568986,-0.0004854444444444,-0.0003588761904761,0.0005303264224664,-0.0001094168742368,-0.000422493064713,-0.0004359448107448,-0.0006903888888888,-0.0005928363858363,-0.0004863455433455,-0.0005310409035409,-0.0005491142857142
-0.0005828342857142,-0.0004945462759462,-0.0003619174603174,0.000536387032967,-0.0001094168742368,-0.0004285721367521,-0.0004298476190476,-0.000681265079365,-0.0005898117460317,-0.0004863455433455,-0.0005370755799755,-0.0005551489621489
-0.0005858699145299,-0.0004915123321123,-0.0003588761904761,0.000536387032967,-0.0001124563858363,-0.0004255326007326,-0.0004237504273504,-0.0006690999999999,-0.0005837624664224,-0.0004893665445665,-0.0005400929181929,-0.0005581663003663
-0.000576763028083,-0.0004824105006105,-0.0003588761904761,0.0005272961172161,-0.0001094168742368,-0.0004194535286935,-0.0004207018315018,-0.0006630174603174,-0.0005777131868131,-0.0004893665445665,-0.0005370755799755,-0.0005611836385836
-0.0005737273992673,-0.0004793765567765,-0.0003588761904761,0.0005242658119658,-0.0001063773626373,-0.0004194535286935,-0.0004207018315018,-0.0006569349206349,-0.0005746885470085,-0.0004863455433455,-0.0005370755799755,-0.0005611836385836
-0.000576763028083,-0.0004793765567765,-0.0003558349206349,0.0005272961172161,-0.0001094168742368,-0.0004164139926739,-0.0004237504273504,-0.0006478111111111,-0.0005656146275946,-0.0004833245421245,-0.0005340582417582,-0.0005581663003663
-0.0005737273992673,-0.0004793765567765,-0.0003619174603174,0.0005242658119658,-0.0001063773626373,-0.0004194535286935,-0.0004207018315018,-0.0006417285714285,-0.0005656146275946,-0.0004863455433455,-0.0005370755799755,-0.0005581663003663
-0.0005706917704517,-0.0004824105006105,-0.0003649587301587,0.0005242658119658,-0.0001033378510378,-0.000422493064713,-0.0004176532356532,-0.0006386873015873,-0.0005656146275946,-0.0004833245421245,-0.0005370755799755,-0.0005581663003663
-0.0005676561416361,-0.0004793765567765,-0.0003679999999999,0.0005212355067155,-0.0001002983394383,-0.000422493064713,-0.0004207018315018,-0.0006386873015873,-0.0005656146275946,-0.0004833245421245,-0.0005370755799755,-0.0005642009768009
-0.0005706917704517,-0.0004793765567765,-0.0003649587301587,0.0005242658119658,-0.0001033378510378,-0.000422493064713,-0.0004237504273504,-0.0006386873015873,-0.0005656146275946,-0.0004833245421245,-0.0005370755799755,-0.0005611836385836
-0.0005676561416361,-0.0004793765567765,-0.0003619174603174,0.0005212355067155,-0.0001033378510378,-0.0004194535286935,-0.0004237504273504,-0.0006295634920634,-0.0005625899877899,-0.0004833245421245,-0.0005370755799755,-0.0005611836385836
-0.0005737273992673,-0.0004793765567765,-0.0003588761904761,0.0005242658119658,-0.0001063773626373,-0.0004194535286935,-0.0004237504273504,-0.0006204396825396,-0.0005565407081807,-0.0004772825396825,-0.0005370755799755,-0.0005581663003663
-0.0005737273992673,-0.0004824105006105,-0.0003619174603174,0.0005272961172161,-0.0001063773626373,-0.000422493064713,-0.0004176532356532,-0.0006143571428571,-0.000553516068376,-0.0004772825396825,-0.0005370755799755,-0.0005581663003663
-0.0005646205128205,-0.0004824105006105,-0.0003679999999999,0.0005212355067155,-9.725882783882755e-05,-0.0004255326007326,-0.000411556043956,-0.0006052333333333,-0.0005504914285714,-0.0004772825396825,-0.0005340582417582,-0.0005551489621489
-0.0005615848840048,-0.0004824105006105,-0.0003710412698412,0.0005212355067155,-9.421931623931596e-05,-0.0004255326007326,-0.000411556043956,-0.0005961095238095,-0.0005474667887667,-0.0004742615384615,-0.0005310409035409,-0.0005491142857142
-0.0005615848840048,-0.0004854444444444,-0.0003771238095238,0.0005212355067155,-9.117980463980436e-05,-0.0004316116727716,-0.000411556043956,-0.0005930682539682,-0.0005474667887667,-0.0004772825396825,-0.0005370755799755,-0.0005581663003663
-0.0005585492551892,-0.0004854444444444,-0.0003771238095238,0.0005212355067155,-9.117980463980436e-05,-0.0004316116727716,-0.000411556043956,-0.0005900269841269,-0.0005474667887667,-0.0004772825396825,-0.0005400929181929,-0.0005642009768009
-0.0005737273992673,-0.0004793765567765,-0.0003588761904761,0.0005242658119658,-0.0001063773626373,-0.0004194535286935,-0.0004054588522588,-0.0005748206349206,-0.0005414175091575,-0.0004742615384615,-0.0005340582417582,-0.0005581663003663
-0.0005615848840048,-0.0004733086691086,-0.0003649587301587,0.0005151748962148,-9.725882783882755e-05,-0.0004194535286935,-0.0004054588522588,-0.0005717793650793,-0.0005383928693528,-0.0004742615384615,-0.0005370755799755,-0.0005611836385836
-0.0005403354822954,-0.0004733086691086,-0.000380165079365,0.0005060839804639,-7.902175824175796e-05,-0.0004255326007326,-0.0004146046398046,-0.000568738095238,-0.0005383928693528,-0.0004772825396825,-0.0005431102564102,-0.0005672183150183
-0.0005555136263736,-0.0004793765567765,-0.0003771238095238,0.0005151748962148,-8.814029304029276e-05,-0.0004285721367521,-0.000411556043956,-0.0005596142857142,-0.0005323435897435,-0.0004742615384615,-0.0005400929181929,-0.0005642009768009
-0.0005676561416361,-0.0004793765567765,-0.0003679999999999,0.0005212355067155,-0.0001002983394383,-0.000422493064713,-0.0004024102564102,-0.0005444079365079,-0.0005262943101343,-0.0004712405372405,-0.0005431102564102,-0.0005642009768009
-0.0005615848840048,-0.0004763426129426,-0.0003740825396825,0.0005182052014652,-9.421931623931596e-05,-0.0004255326007326,-0.0003993616605616,-0.0005352841269841,-0.0005232696703296,-0.0004712405372405,-0.0005431102564102,-0.0005672183150183
-0.0005494423687423,-0.0004702747252747,-0.000380165079365,0.0005091142857142,-8.510078144078116e-05,-0.0004255326007326,-0.0003993616605616,-0.0005261603174603,-0.000520245030525,-0.0004712405372405,-0.0005431102564102,-0.0005702356532356
-0.0005372998534798,-0.0004702747252747,-0.0003832063492063,0.0005030536752136,-7.598224664224636e-05,-0.0004255326007326,-0.000396313064713,-0.0005139952380952,-0.0005172203907203,-0.0004712405372405,-0.0005400929181929,-0.0005732529914529
-0.0005433711111111,-0.0004733086691086,-0.0003832063492063,0.0005060839804639,-7.902175824175796e-05,-0.0004285721367521,-0.0003932644688644,-0.0004987888888888,-0.0005111711111111,-0.0004651985347985,-0.0005400929181929,-0.0005702356532356
-0.0005555136263736,-0.0004702747252747,-0.0003710412698412,0.0005121445909645,-9.117980463980436e-05,-0.0004194535286935,-0.0003871672771672,-0.0004835825396825,-0.0005020971916971,-0.0004591565323565,-0.0005340582417582,-0.0005611836385836
-0.0005585492551892,-0.0004672407814407,-0.0003649587301587,0.0005121445909645,-9.725882783882755e-05,-0.0004164139926739,-0.0003841186813186,-0.0004714174603174,-0.0004960479120879,-0.0004561355311355,-0.0005340582417582,-0.0005611836385836
-0.0005433711111111,-0.0004733086691086,-0.000380165079365,0.0005060839804639,-8.206126984126955e-05,-0.0004255326007326,-0.0003902158730158,-0.0004562111111111,-0.0004930232722832,-0.0004561355311355,-0.0005400929181929,-0.0005672183150183
-0.0005312285958485,-0.0004702747252747,-0.0003892888888888,0.0005000233699633,-6.990322344322315e-05,-0.0004285721367521,-0.0003932644688644,-0.000444046031746,-0.0004869739926739,-0.0004561355311355,-0.0005370755799755,-0.0005702356532356
-0.0005221217094017,-0.0004672407814407,-0.0003953714285714,0.0004939627594627,-6.382420024419996e-05,-0.0004316116727716,-0.0003932644688644,-0.0004288396825396,-0.0004839493528693,-0.0004531145299145,-0.0005370755799755,-0.0005672183150183
-0.0005312285958485,-0.0004642068376068,-0.000380165079365,0.000496993064713,-7.598224664224636e-05,-0.000422493064713,-0.0003902158730158,-0.0004045095238095,-0.0004748754334554,-0.0004500935286935,-0.0005340582417582,-0.0005642009768009
-0.0005433711111111,-0.000455105006105,-0.0003649587301587,0.000496993064713,-8.814029304029276e-05,-0.0004103349206349,-0.00038107008547,-0.0003893031746031,-0.0004658015140415,-0.0004440515262515,-0.0005310409035409,-0.0005611836385836
-0.0005312285958485,-0.0004490371184371,-0.0003710412698412,0.0004879021489621,-7.902175824175796e-05,-0.0004103349206349,-0.0003780214896214,-0.000377138095238,-0.0004627768742368,-0.0004410305250305,-0.0005310409035409,-0.0005642009768009
-0.0005281929670329,-0.0004399352869352,-0.0003649587301587,0.0004818415384615,-8.206126984126955e-05,-0.0004012163125763,-0.0003749728937728,-0.0003558492063492,-0.0004506783150183,-0.0004380095238095,-0.0005280235653235,-0.0005611836385836
-0.0005160504517704,-0.0004399352869352,-0.0003740825396825,0.0004757809279609,-6.990322344322315e-05,-0.0004072953846153,-0.0003688757020757,-0.0003254365079365,-0.0004355551159951,-0.0004319675213675,-0.0005250062271062,-0.0005551489621489
-0.0005130148229548,-0.0004399352869352,-0.0003771238095238,0.0004757809279609,-6.686371184371155e-05,-0.0004072953846153,-0.0003597299145299,-0.0003011063492063,-0.0004264811965811,-0.0004229045177045,-0.0005219888888888,-0.0005551489621489
-0.0005160504517704,-0.0004338673992673,-0.0003679999999999,0.0004727506227106,-7.294273504273476e-05,-0.0004012163125763,-0.0003505841269841,-0.0002706936507936,-0.0004143826373626,-0.0004138415140415,-0.0005129368742368,-0.0005460969474969
-0.000519086080586,-0.0004186976800976,-0.0003527936507936,0.00046669001221,-8.206126984126955e-05,-0.0003860186324786,-0.0003444869352869,-0.0002433222222222,-0.000402284078144,-0.0004047785103785,-0.0005008675213675,-0.0005340275946275
-0.0005099791941391,-0.0004065619047619,-0.0003497523809523,0.000457599096459,-7.902175824175796e-05,-0.00037690002442,-0.0003475355311355,-0.0002220333333333,-0.0003962347985347,-0.0003987365079365,-0.0004948328449328,-0.0005249755799755
-0.0004856941636141,-0.0003913921855921,-0.0003558349206349,0.0004363869597069,-6.382420024419996e-05,-0.0003738604884004,-0.0003505841269841,-0.0002007444444444,-0.0003901855189255,-0.0003987365079365,-0.0004948328449328,-0.0005249755799755
-0.0004674803907203,-0.0003792564102564,-0.0003649587301587,0.0004212354334554,-5.166615384615356e-05,-0.0003708209523809,-0.0003505841269841,-0.0001794555555555,-0.0003871608791208,-0.0003987365079365,-0.0004978501831501,-0.0005310102564102
-0.0004735516483516,-0.0003701545787545,-0.0003497523809523,0.0004212354334554,-6.078468864468836e-05,-0.0003586628083028,-0.0003444869352869,-0.0001520841269841,-0.0003750623199023,-0.0003896735042735,-0.0004887981684981,-0.0005219582417582
-0.0004735516483516,-0.0003580188034188,-0.000334546031746,0.0004151748229548,-6.990322344322315e-05,-0.0003465046642246,-0.0003383897435897,-0.0001277539682539,-0.0003629637606837,-0.0003775894993894,-0.0004767288156288,-0.0005068715506715
-0.0004644447619047,-0.000342849084249,-0.0003284634920634,0.0004030536019536,-6.686371184371155e-05,-0.0003343465201465,-0.0003353411477411,-0.0001125476190476,-0.0003538898412698,-0.0003715474969474,-0.0004646594627594,-0.0004948021978021
-0.0004583735042735,-0.0003276793650793,-0.0003162984126984,0.0003909323809523,-6.990322344322315e-05,-0.0003221883760683,-0.0003322925518925,-9.734126984126952e-05,-0.0003417912820512,-0.0003594634920634,-0.0004525901098901,-0.0004827328449328
-0.0004614091330891,-0.0003155435897435,-0.0003071746031746,0.000387902075702,-7.598224664224636e-05,-0.0003100302319902,-0.0003322925518925,-8.821746031746001e-05,-0.0003327173626373,-0.0003534214896214,-0.000443538095238,-0.0004706634920634
-0.0004553378754578,-0.0003003738705738,-0.0002980507936507,0.0003757808547008,-7.902175824175796e-05,-0.000297872087912,-0.0003322925518925,-7.909365079365048e-05,-0.000326668083028,-0.0003443584859584,-0.000434486080586,-0.0004585941391941
-0.0004523022466422,-0.0002791362637362,-0.0002828444444444,0.0003636596336996,-8.510078144078116e-05,-0.0002796348717948,-0.0003383897435897,-7.605238095238064e-05,-0.0003206188034188,-0.0003383164835164,-0.0004224167277167,-0.0004435074481074
-0.0004431953601953,-0.0002639665445665,-0.0002737206349206,0.0003515384126984,-8.510078144078116e-05,-0.0002674767277167,-0.0003475355311355,-8.213492063492033e-05,-0.0003206188034188,-0.0003352954822954,-0.0004133647130647,-0.000431438095238
-0.0004310528449328,-0.0002518307692307,-0.0002706793650793,0.0003394171916971,-7.902175824175796e-05,-0.0002613976556776,-0.0003566813186813,-9.429999999999968e-05,-0.0003236434432234,-0.0003322744810744,-0.00040733003663,-0.0004254034188034
-0.0004431953601953,-0.000236661050061,-0.0002463492063492,0.0003394171916971,-9.725882783882755e-05,-0.0002401209035409,-0.0003566813186813,-0.000106465079365,-0.0003206188034188,-0.0003262324786324,-0.0003952606837606,-0.000413334065934
-0.0004583735042735,-0.0002214913308913,-0.0002189777777777,0.0003394171916971,-0.0001185354090354,-0.0002188441514041,-0.0003566813186813,-0.0001277539682539,-0.0003175941636141,-0.0003201904761904,-0.0003862086691086,-0.0003982473748473
-0.0004553378754578,-0.0002093555555555,-0.0002128952380952,0.0003303262759462,-0.0001215749206349,-0.0002097255433455,-0.0003688757020757,-0.0001612079365079,-0.0003236434432234,-0.0003201904761904,-0.0003801739926739,-0.0003891953601953
-0.0004553378754578,-0.0002093555555555,-0.0002098539682539,0.0003303262759462,-0.0001215749206349,-0.0002097255433455,-0.00038107008547,-0.0002007444444444,-0.0003327173626373,-0.0003171694749694,-0.0003771566544566,-0.0003801433455433
-0.0004583735042735,-0.0002123894993894,-0.0002098539682539,0.0003333565811965,-0.0001246144322344,-0.0002097255433455,-0.000396313064713,-0.0002433222222222,-0.0003448159218559,-0.0003201904761904,-0.0003741393162393,-0.000377126007326
-0.0004553378754578,-0.0002214913308913,-0.0002189777777777,0.0003363868864468,-0.0001185354090354,-0.0002188441514041,-0.0004085074481074,-0.0002889412698412,-0.0003599391208791,-0.0003322744810744,-0.0003771566544566,-0.0003741086691086
-0.0004614091330891,-0.0002245252747252,-0.0002128952380952,0.0003424474969474,-0.0001246144322344,-0.0002188441514041,-0.0004176532356532,-0.0003406428571428,-0.0003750623199023,-0.0003383164835164,-0.0003801739926739,-0.0003741086691086
-0.000470516019536,-0.0002245252747252,-0.0002098539682539,0.0003454778021978,-0.0001306934554334,-0.0002158046153846,-0.0004298476190476,-0.0003984269841269,-0.0003962347985347,-0.0003473794871794,-0.0003831913308913,-0.000377126007326
-0.0004796229059829,-0.0002396949938949,-0.0002128952380952,0.000357599023199,-0.0001337329670329,-0.0002249232234432,-0.0004389934065934,-0.0004531698412698,-0.0004143826373626,-0.0003564424908424,-0.0003922433455433,-0.000386178021978
-0.0004917654212454,-0.0002670004884004,-0.0002281015873015,0.0003788111599511,-0.0001306934554334,-0.0002461999755799,-0.0004481391941391,-0.0004987888888888,-0.0004355551159951,-0.0003715474969474,-0.0004043126984126,-0.0004012647130647
-0.0005099791941391,-0.0002973399267399,-0.0002372253968253,0.0004030536019536,-0.0001367724786324,-0.0002674767277167,-0.0004481391941391,-0.0005322428571428,-0.0004506783150183,-0.0003806105006105,-0.000416382051282,-0.0004193687423687
-0.000519086080586,-0.0003216114774114,-0.0002524317460317,0.0004182051282051,-0.0001337329670329,-0.0002857139438339,-0.0004450905982905,-0.0005656968253968,-0.0004688261538461,-0.0003957155067155,-0.000434486080586,-0.0004374727716727
-0.0005130148229548,-0.0003519509157509,-0.0002889269841269,0.0004303263492063,-0.0001124563858363,-0.0003191488400488,-0.0004542363858363,-0.0006113158730158,-0.0004960479120879,-0.0004198835164835,-0.0004586247863247,-0.0004616114774114
-0.000519086080586,-0.0003853242979242,-0.0003193396825396,0.0004515384859584,-0.0001002983394383,-0.0003525837362637,-0.0004603335775335,-0.0006478111111111,-0.000520245030525,-0.0004440515262515,-0.0004797461538461,-0.0004857501831501
-0.0005312285958485,-0.0004035279609279,-0.0003254222222222,0.00046669001221,-0.0001033378510378,-0.0003647418803418,-0.0004603335775335,-0.0006690999999999,-0.0005353682295482,-0.0004531145299145,-0.0004887981684981,-0.0004948021978021
-0.0005585492551892,-0.0004247655677655,-0.0003162984126984,0.0004909324542124,-0.0001215749206349,-0.0003708209523809,-0.0004572849816849,-0.0006873476190476,-0.0005474667887667,-0.0004591565323565,-0.0004978501831501,-0.0005038542124542
-0.0005555136263736,-0.0004429692307692,-0.0003375873015873,0.000496993064713,-0.0001094168742368,-0.0003890581684981,-0.0004603335775335,-0.0007116777777777,-0.0005686392673992,-0.0004772825396825,-0.0005129368742368,-0.0005189409035409
-0.0005433711111111,-0.0004611728937728,-0.0003710412698412,0.0005000233699633,-8.510078144078116e-05,-0.0004164139926739,-0.0004664307692307,-0.0007329666666666,-0.0005867871062271,-0.0004923875457875,-0.0005310409035409,-0.0005370449328449
-0.0005524779975579,-0.0004763426129426,-0.000380165079365,0.0005121445909645,-8.510078144078116e-05,-0.0004285721367521,-0.0004664307692307,-0.0007420904761904,-0.0005928363858363,-0.0004984295482295,-0.0005370755799755,-0.0005430796092796
-0.0005676561416361,-0.0004915123321123,-0.0003771238095238,0.0005272961172161,-9.421931623931596e-05,-0.0004346512087912,-0.0004633821733821,-0.000748173015873,-0.000595861025641,-0.0005014505494505,-0.0005370755799755,-0.0005460969474969
-0.0005797986568986,-0.0005036481074481,-0.000380165079365,0.0005394173382173,-0.0001002983394383,-0.0004407302808302,-0.0004603335775335,-0.000760338095238,-0.0006019103052503,-0.0005044715506715,-0.0005431102564102,-0.0005491142857142
-0.0005828342857142,-0.0005097159951159,-0.000380165079365,0.0005454779487179,-0.0001002983394383,-0.0004437698168498,-0.0004633821733821,-0.0007633793650793,-0.0006109842246642,-0.0005105135531135,-0.0005491449328449,-0.0005551489621489
-0.0005737273992673,-0.0005127499389499,-0.0003892888888888,0.0005424476434676,-9.117980463980436e-05,-0.0004498488888888,-0.0004664307692307,-0.0007664206349206,-0.0006200581440781,-0.0005195765567765,-0.0005581969474969,-0.0005642009768009
-0.0005646205128205,-0.0005127499389499,-0.0003984126984126,0.000536387032967,-8.206126984126955e-05,-0.0004559279609279,-0.0004725279609279,-0.0007694619047619,-0.000629132063492,-0.0005286395604395,-0.0005642316239316,-0.0005702356532356
-0.0005615848840048,-0.0005127499389499,-0.0004044952380952,0.000536387032967,-7.902175824175796e-05,-0.0004589674969474,-0.0004755765567765,-0.0007755444444444,-0.0006321567032967,-0.0005286395604395,-0.0005672489621489,-0.0005732529914529
-0.0005646205128205,-0.0005279196581196,-0.0004166603174603,0.0005454779487179,-7.294273504273476e-05,-0.0004711256410256,-0.0004755765567765,-0.0007785857142857,-0.0006321567032967,-0.0005346815628815,-0.0005732836385836,-0.000582305006105
-0.0005676561416361,-0.0005400554334554,-0.0004227428571428,0.0005515385592185,-7.294273504273476e-05,-0.0004802442490842,-0.0004694793650793,-0.0007755444444444,-0.0006261074236874,-0.0005316605616605,-0.0005732836385836,-0.0005792876678876
-0.0005706917704517,-0.0005400554334554,-0.0004197015873015,0.0005545688644688,-7.598224664224636e-05,-0.0004802442490842,-0.0004633821733821,-0.0007755444444444,-0.0006261074236874,-0.0005256185592185,-0.0005672489621489,-0.0005702356532356
-0.0005706917704517,-0.0005339875457875,-0.000413619047619,0.0005515385592185,-7.902175824175796e-05,-0.0004741651770451,-0.0004664307692307,-0.0007725031746031,-0.000629132063492,-0.0005225975579975,-0.0005612142857142,-0.0005642009768009
-0.0005737273992673,-0.0005309536019536,-0.0004075365079365,0.0005515385592185,-8.206126984126955e-05,-0.0004680861050061,-0.0004694793650793,-0.0007694619047619,-0.000629132063492,-0.0005256185592185,-0.0005612142857142,-0.0005672183150183
-0.0005828342857142,-0.0005370214896214,-0.0004075365079365,0.0005575991697191,-8.814029304029276e-05,-0.0004711256410256,-0.0004664307692307,-0.0007725031746031,-0.0006321567032967,-0.0005316605616605,-0.0005702663003663,-0.0005762703296703
-0.0005828342857142,-0.0005430893772893,-0.000413619047619,0.0005606294749694,-8.510078144078116e-05,-0.0004772047130647,-0.0004633821733821,-0.0007725031746031,-0.0006321567032967,-0.0005377025641025,-0.0005763009768009,-0.000582305006105
-0.0005737273992673,-0.0005430893772893,-0.0004197015873015,0.0005575991697191,-7.598224664224636e-05,-0.0004802442490842,-0.0004633821733821,-0.0007664206349206,-0.0006261074236874,-0.0005316605616605,-0.0005763009768009,-0.000582305006105
-0.0005828342857142,-0.0005400554334554,-0.0004075365079365,0.0005606294749694,-8.814029304029276e-05,-0.0004741651770451,-0.0004542363858363,-0.000760338095238,-0.0006170335042735,-0.0005256185592185,-0.0005672489621489,-0.0005762703296703
-0.0005858699145299,-0.0005400554334554,-0.0004075365079365,0.0005606294749694,-8.814029304029276e-05,-0.0004741651770451,-0.0004542363858363,-0.000760338095238,-0.0006170335042735,-0.0005256185592185,-0.0005702663003663,-0.0005762703296703
-0.0005676561416361,-0.0005430893772893,-0.0004288253968253,0.0005545688644688,-6.990322344322315e-05,-0.0004863233211233,-0.0004603335775335,-0.0007633793650793,-0.0006261074236874,-0.0005346815628815,-0.0005763009768009,-0.0005853223443223
-0.0005585492551892,-0.0005461233211233,-0.0004409904761904,0.0005515385592185,-5.774517704517676e-05,-0.0004924023931623,-0.0004664307692307,-0.0007633793650793,-0.0006321567032967,-0.0005407235653235,-0.0005823356532356,-0.000591357020757
-0.0005646205128205,-0.0005461233211233,-0.0004379492063492,0.0005545688644688,-6.382420024419996e-05,-0.0004924023931623,-0.0004664307692307,-0.000760338095238,-0.0006321567032967,-0.0005377025641025,-0.0005793183150183,-0.0005883396825396
-0.0005706917704517,-0.0005400554334554,-0.0004257841269841,0.0005545688644688,-7.294273504273476e-05,-0.0004832837851037,-0.0004664307692307,-0.0007542555555555,-0.0006230827838827,-0.0005316605616605,-0.0005732836385836,-0.000582305006105
-0.0005828342857142,-0.0005370214896214,-0.0004075365079365,0.0005575991697191,-8.814029304029276e-05,-0.0004711256410256,-0.0004572849816849,-0.0007420904761904,-0.0006170335042735,-0.0005256185592185,-0.0005702663003663,-0.0005762703296703
-0.0005858699145299,-0.0005400554334554,-0.0004105777777777,0.0005606294749694,-8.814029304029276e-05,-0.0004741651770451,-0.0004572849816849,-0.0007390492063492,-0.0006170335042735,-0.0005286395604395,-0.0005732836385836,-0.000582305006105
-0.0005797986568986,-0.0005400554334554,-0.000413619047619,0.0005575991697191,-8.206126984126955e-05,-0.0004772047130647,-0.0004572849816849,-0.0007451317460317,-0.0006200581440781,-0.0005316605616605,-0.0005793183150183,-0.0005853223443223
-0.000576763028083,-0.0005339875457875,-0.0004105777777777,0.0005545688644688,-8.206126984126955e-05,-0.0004711256410256,-0.0004572849816849,-0.0007390492063492,-0.0006170335042735,-0.0005286395604395,-0.0005763009768009,-0.0005853223443223
-0.0005615848840048,-0.0005339875457875,-0.0004227428571428,0.0005454779487179,-6.990322344322315e-05,-0.0004772047130647,-0.0004633821733821,-0.0007390492063492,-0.0006200581440781,-0.0005286395604395,-0.0005793183150183,-0.000591357020757
-0.0005555136263736,-0.0005339875457875,-0.0004318666666666,0.0005424476434676,-6.078468864468836e-05,-0.0004832837851037,-0.0004664307692307,-0.0007390492063492,-0.0006200581440781,-0.0005346815628815,-0.0005823356532356,-0.0005943743589743
-0.0005555136263736,-0.0005339875457875,-0.0004349079365079,0.0005424476434676,-6.078468864468836e-05,-0.0004832837851037,-0.0004664307692307,-0.0007360079365079,-0.0006170335042735,-0.0005346815628815,-0.0005793183150183,-0.0005943743589743
-0.0005676561416361,-0.0005339875457875,-0.0004166603174603,0.0005485082539682,-7.598224664224636e-05,-0.0004741651770451,-0.0004664307692307,-0.0007329666666666,-0.0006140088644688,-0.0005286395604395,-0.0005763009768009,-0.0005883396825396
-0.0005676561416361,-0.0005248857142857,-0.0004075365079365,0.0005454779487179,-7.902175824175796e-05,-0.0004650465689865,-0.0004633821733821,-0.0007329666666666,-0.0006109842246642,-0.0005256185592185,-0.0005702663003663,-0.000582305006105
-0.0005585492551892,-0.0005248857142857,-0.0004166603174603,0.0005394173382173,-6.990322344322315e-05,-0.0004711256410256,-0.0004694793650793,-0.0007360079365079,-0.0006109842246642,-0.0005316605616605,-0.0005732836385836,-0.0005883396825396
-0.0005615848840048,-0.0005279196581196,-0.0004166603174603,0.0005424476434676,-7.294273504273476e-05,-0.0004711256410256,-0.0004694793650793,-0.0007390492063492,-0.0006109842246642,-0.0005316605616605,-0.0005763009768009,-0.0005883396825396
-0.0005646205128205,-0.0005218517704517,-0.0004105777777777,0.0005424476434676,-7.598224664224636e-05,-0.0004650465689865,-0.0004633821733821,-0.0007360079365079,-0.0006049349450549,-0.0005256185592185,-0.0005702663003663,-0.000582305006105
-0.0005615848840048,-0.0005188178266178,-0.000413619047619,0.0005394173382173,-7.294273504273476e-05,-0.0004650465689865,-0.0004572849816849,-0.0007329666666666,-0.0006019103052503,-0.0005195765567765,-0.0005672489621489,-0.0005792876678876
-0.0005676561416361,-0.0005279196581196,-0.0004105777777777,0.0005454779487179,-7.902175824175796e-05,-0.0004680861050061,-0.0004572849816849,-0.0007329666666666,-0.000595861025641,-0.0005135345543345,-0.0005642316239316,-0.0005792876678876
-0.0005646205128205,-0.0005188178266178,-0.0004075365079365,0.0005394173382173,-7.902175824175796e-05,-0.000462007032967,-0.0004633821733821,-0.0007299253968253,-0.0005928363858363,-0.0005044715506715,-0.0005521622710622,-0.0005672183150183
-0.0005585492551892,-0.0005188178266178,-0.000413619047619,0.000536387032967,-7.294273504273476e-05,-0.0004650465689865,-0.0004694793650793,-0.0007329666666666,-0.000595861025641,-0.0005074925518925,-0.0005551796092796,-0.0005702356532356
-0.0005676561416361,-0.0005218517704517,-0.0004075365079365,0.0005424476434676,-7.902175824175796e-05,-0.0004650465689865,-0.0004755765567765,-0.0007329666666666,-0.0005988856654456,-0.0005105135531135,-0.0005581969474969,-0.0005762703296703
-0.0005646205128205,-0.0005188178266178,-0.0004044952380952,0.0005394173382173,-7.902175824175796e-05,-0.000462007032967,-0.0004847223443223,-0.0007360079365079,-0.0006019103052503,-0.0005135345543345,-0.0005612142857142,-0.0005732529914529
-0.0005646205128205,-0.0005127499389499,-0.0003953714285714,0.000536387032967,-8.510078144078116e-05,-0.0004528884249084,-0.0004847223443223,-0.0007390492063492,-0.0005988856654456,-0.0005074925518925,-0.0005521622710622,-0.0005672183150183
-0.0005737273992673,-0.000506682051282,-0.0003862476190476,0.0005394173382173,-9.421931623931596e-05,-0.0004468093528693,-0.0004816737484737,-0.0007329666666666,-0.000595861025641,-0.0004984295482295,-0.0005431102564102,-0.0005611836385836
-0.0005555136263736,-0.0005036481074481,-0.0004044952380952,0.0005272961172161,-7.598224664224636e-05,-0.0004528884249084,-0.0004877709401709,-0.0007390492063492,-0.0005988856654456,-0.0005014505494505,-0.0005491449328449,-0.0005672183150183
-0.0005403354822954,-0.0005006141636141,-0.000413619047619,0.0005182052014652,-6.382420024419996e-05,-0.0004559279609279,-0.0004938681318681,-0.000748173015873,-0.0006079595848595,-0.0005074925518925,-0.0005521622710622,-0.0005672183150183
-0.0005494423687423,-0.0005006141636141,-0.0004014539682539,0.0005242658119658,-7.294273504273476e-05,-0.0004498488888888,-0.0004908195360195,-0.0007542555555555,-0.0006079595848595,-0.0005044715506715,-0.0005491449328449,-0.0005642009768009
-0.0005555136263736,-0.000506682051282,-0.0004044952380952,0.0005303264224664,-7.598224664224636e-05,-0.0004559279609279,-0.0004908195360195,-0.0007572968253968,-0.0006079595848595,-0.0005044715506715,-0.0005521622710622,-0.0005672183150183
-0.0005646205128205,-0.0005097159951159,-0.0003984126984126,0.000536387032967,-8.206126984126955e-05,-0.0004528884249084,-0.0004877709401709,-0.0007542555555555,-0.0006079595848595,-0.0005014505494505,-0.0005491449328449,-0.0005642009768009
-0.0005706917704517,-0.0005036481074481,-0.0003892888888888,0.000536387032967,-9.117980463980436e-05,-0.0004468093528693,-0.0004877709401709,-0.0007542555555555,-0.0006079595848595,-0.0004984295482295,-0.0005431102564102,-0.0005581663003663
-0.0005615848840048,-0.0005036481074481,-0.0003953714285714,0.0005303264224664,-8.206126984126955e-05,-0.0004498488888888,-0.0004877709401709,-0.000760338095238,-0.0006109842246642,-0.0005014505494505,-0.0005461275946275,-0.0005611836385836
-0.0005464067399267,-0.0005036481074481,-0.0004105777777777,0.0005242658119658,-6.686371184371155e-05,-0.0004559279609279,-0.0004877709401709,-0.0007633793650793,-0.0006109842246642,-0.0005044715506715,-0.0005521622710622,-0.0005672183150183
-0.0005433711111111,-0.0005127499389499,-0.0004197015873015,0.0005272961172161,-6.078468864468836e-05,-0.0004650465689865,-0.0004908195360195,-0.0007664206349206,-0.0006140088644688,-0.0005044715506715,-0.0005521622710622,-0.0005702356532356
-0.0005646205128205,-0.000506682051282,-0.0003923301587301,0.0005333567277167,-8.510078144078116e-05,-0.0004498488888888,-0.0004877709401709,-0.000760338095238,-0.0006049349450549,-0.0004984295482295,-0.0005400929181929,-0.0005581663003663
-0.0005737273992673,-0.000506682051282,-0.0003862476190476,0.0005394173382173,-9.421931623931596e-05,-0.0004468093528693,-0.0004847223443223,-0.000760338095238,-0.0006049349450549,-0.0004954085470085,-0.0005370755799755,-0.0005551489621489
-0.0005555136263736,-0.0005097159951159,-0.0004044952380952,0.0005303264224664,-7.598224664224636e-05,-0.0004559279609279,-0.0004847223443223,-0.0007694619047619,-0.0006170335042735,-0.0005044715506715,-0.0005461275946275,-0.0005611836385836
-0.0005524779975579,-0.0005127499389499,-0.000413619047619,0.0005303264224664,-6.990322344322315e-05,-0.000462007032967,-0.0004847223443223,-0.0007755444444444,-0.0006230827838827,-0.0005074925518925,-0.0005521622710622,-0.0005702356532356
-0.0005524779975579,-0.0005036481074481,-0.0004075365079365,0.0005272961172161,-7.294273504273476e-05,-0.0004559279609279,-0.0004847223443223,-0.0007755444444444,-0.0006230827838827,-0.0005105135531135,-0.0005551796092796,-0.0005702356532356
-0.0005585492551892,-0.0005036481074481,-0.0004014539682539,0.0005303264224664,-7.902175824175796e-05,-0.0004528884249084,-0.0004877709401709,-0.0007755444444444,-0.0006230827838827,-0.0005074925518925,-0.0005521622710622,-0.0005702356532356
-0.0005646205128205,-0.0005097159951159,-0.0003984126984126,0.000536387032967,-8.206126984126955e-05,-0.0004528884249084,-0.0004847223443223,-0.0007725031746031,-0.0006200581440781,-0.0005044715506715,-0.0005461275946275,-0.0005672183150183
-0.0005676561416361,-0.0005157838827838,-0.0004044952380952,0.0005394173382173,-8.206126984126955e-05,-0.0004589674969474,-0.0004786251526251,-0.0007694619047619,-0.0006170335042735,-0.0005014505494505,-0.0005461275946275,-0.0005611836385836
-0.0005524779975579,-0.0005097159951159,-0.0004105777777777,0.0005303264224664,-6.990322344322315e-05,-0.0004589674969474,-0.0004786251526251,-0.0007725031746031,-0.0006200581440781,-0.0005044715506715,-0.0005491449328449,-0.0005642009768009
-0.0005555136263736,-0.0005097159951159,-0.0004044952380952,0.0005303264224664,-7.598224664224636e-05,-0.0004559279609279,-0.0004786251526251,-0.0007785857142857,-0.0006230827838827,-0.0005044715506715,-0.0005491449328449,-0.0005672183150183
-0.000576763028083,-0.0005188178266178,-0.0003923301587301,0.0005454779487179,-9.117980463980436e-05,-0.0004559279609279,-0.0004786251526251,-0.0007816269841269,-0.0006230827838827,-0.0005105135531135,-0.0005491449328449,-0.0005672183150183
-0.0005615848840048,-0.0005188178266178,-0.0004044952380952,0.0005394173382173,-7.902175824175796e-05,-0.000462007032967,-0.0004847223443223,-0.0007816269841269,-0.000629132063492,-0.0005165555555555,-0.0005551796092796,-0.0005732529914529
-0.0005555136263736,-0.0005218517704517,-0.000413619047619,0.000536387032967,-6.990322344322315e-05,-0.0004680861050061,-0.0004847223443223,-0.0007877095238095,-0.0006321567032967,-0.0005195765567765,-0.0005581969474969,-0.0005762703296703
-0.0005646205128205,-0.0005188178266178,-0.0004044952380952,0.0005394173382173,-7.902175824175796e-05,-0.000462007032967,-0.0004786251526251,-0.0007877095238095,-0.0006321567032967,-0.0005135345543345,-0.0005551796092796,-0.0005672183150183
-0.0005737273992673,-0.0005218517704517,-0.0003984126984126,0.0005454779487179,-8.814029304029276e-05,-0.0004589674969474,-0.0004725279609279,-0.0007816269841269,-0.0006261074236874,-0.0005074925518925,-0.0005491449328449,-0.0005611836385836
-0.0005646205128205,-0.0005248857142857,-0.0004105777777777,0.0005424476434676,-7.598224664224636e-05,-0.0004680861050061,-0.0004725279609279,-0.0007816269841269,-0.000629132063492,-0.0005074925518925,-0.0005461275946275,-0.0005611836385836
-0.0005585492551892,-0.0005248857142857,-0.0004166603174603,0.0005394173382173,-6.990322344322315e-05,-0.0004711256410256,-0.0004755765567765,-0.0007816269841269,-0.000629132063492,-0.0005074925518925,-0.0005461275946275,-0.0005642009768009
-0.0005585492551892,-0.0005279196581196,-0.0004227428571428,0.0005424476434676,-6.686371184371155e-05,-0.0004741651770451,-0.0004786251526251,-0.0007816269841269,-0.000629132063492,-0.0005135345543345,-0.0005521622710622,-0.0005672183150183
-0.0005524779975579,-0.0005309536019536,-0.0004288253968253,0.0005394173382173,-6.078468864468836e-05,-0.0004802442490842,-0.0004816737484737,-0.0007877095238095,-0.0006351813431013,-0.0005195765567765,-0.0005581969474969,-0.0005702356532356
-0.0005585492551892,-0.0005279196581196,-0.0004166603174603,0.0005424476434676,-6.990322344322315e-05,-0.0004711256410256,-0.0004816737484737,-0.0007846682539682,-0.0006351813431013,-0.0005165555555555,-0.0005551796092796,-0.0005672183150183
-0.0005615848840048,-0.0005188178266178,-0.0004105777777777,0.0005394173382173,-7.598224664224636e-05,-0.0004650465689865,-0.0004847223443223,-0.0007816269841269,-0.000629132063492,-0.0005105135531135,-0.0005491449328449,-0.0005642009768009
-0.0005676561416361,-0.0005248857142857,-0.0004044952380952,0.0005454779487179,-8.206126984126955e-05,-0.0004650465689865,-0.0004816737484737,-0.0007816269841269,-0.0006321567032967,-0.0005135345543345,-0.0005491449328449,-0.0005611836385836
-0.0005737273992673,-0.0005309536019536,-0.0004044952380952,0.0005515385592185,-8.510078144078116e-05,-0.0004680861050061,-0.0004816737484737,-0.0007877095238095,-0.0006321567032967,-0.0005165555555555,-0.0005521622710622,-0.0005672183150183
-0.0005646205128205,-0.0005279196581196,-0.0004075365079365,0.0005454779487179,-7.902175824175796e-05,-0.0004680861050061,-0.0004816737484737,-0.0007877095238095,-0.0006321567032967,-0.0005165555555555,-0.0005551796092796,-0.0005672183150183
-0.0005585492551892,-0.0005248857142857,-0.000413619047619,0.0005394173382173,-7.294273504273476e-05,-0.0004680861050061,-0.0004847223443223,-0.0007907507936507,-0.0006382059829059,-0.0005165555555555,-0.0005551796092796,-0.0005672183150183
-0.0005433711111111,-0.0005248857142857,-0.0004288253968253,0.0005333567277167,-5.774517704517676e-05,-0.0004772047130647,-0.0004938681318681,-0.0007907507936507,-0.0006412306227106,-0.0005165555555555,-0.0005581969474969,-0.0005732529914529
-0.0005555136263736,-0.0005218517704517,-0.0004197015873015,0.000536387032967,-6.686371184371155e-05,-0.0004711256410256,-0.0004938681318681,-0.0007877095238095,-0.0006351813431013,-0.0005135345543345,-0.0005551796092796,-0.0005702356532356
-0.0005646205128205,-0.0005157838827838,-0.0004044952380952,0.0005394173382173,-7.902175824175796e-05,-0.0004589674969474,-0.0004877709401709,-0.0007846682539682,-0.0006321567032967,-0.0005105135531135,-0.0005491449328449,-0.0005642009768009
-0.0005646205128205,-0.0005127499389499,-0.0004014539682539,0.000536387032967,-8.206126984126955e-05,-0.0004559279609279,-0.0004847223443223,-0.0007877095238095,-0.0006351813431013,-0.0005135345543345,-0.0005521622710622,-0.0005642009768009
-0.0005646205128205,-0.0005127499389499,-0.0004014539682539,0.000536387032967,-8.206126984126955e-05,-0.0004559279609279,-0.0004938681318681,-0.000793792063492,-0.0006382059829059,-0.0005165555555555,-0.0005551796092796,-0.0005642009768009
-0.0005706917704517,-0.0005157838827838,-0.0003953714285714,0.0005424476434676,-8.814029304029276e-05,-0.0004559279609279,-0.0004969167277167,-0.000793792063492,-0.0006412306227106,-0.0005165555555555,-0.0005551796092796,-0.0005642009768009
-0.000576763028083,-0.0005188178266178,-0.0003923301587301,0.0005454779487179,-9.117980463980436e-05,-0.0004559279609279,-0.0004938681318681,-0.000793792063492,-0.0006412306227106,-0.0005165555555555,-0.0005551796092796,-0.0005642009768009
-0.000576763028083,-0.0005218517704517,-0.0003984126984126,0.0005485082539682,-8.814029304029276e-05,-0.0004589674969474,-0.0004908195360195,-0.0007877095238095,-0.0006351813431013,-0.0005135345543345,-0.0005521622710622,-0.0005672183150183
-0.0005615848840048,-0.0005279196581196,-0.0004166603174603,0.0005424476434676,-7.294273504273476e-05,-0.0004711256410256,-0.0004877709401709,-0.0007877095238095,-0.0006382059829059,-0.0005135345543345,-0.0005551796092796,-0.0005702356532356
-0.0005555136263736,-0.0005309536019536,-0.0004257841269841,0.0005424476434676,-6.382420024419996e-05,-0.0004772047130647,-0.0004938681318681,-0.000793792063492,-0.0006412306227106,-0.0005135345543345,-0.0005551796092796,-0.0005672183150183
-0.0005585492551892,-0.0005248857142857,-0.0004166603174603,0.0005394173382173,-6.990322344322315e-05,-0.0004711256410256,-0.0004938681318681,-0.000793792063492,-0.0006351813431013,-0.0005105135531135,-0.0005461275946275,-0.0005611836385836
-0.0005615848840048,-0.0005218517704517,-0.0004105777777777,0.0005394173382173,-7.598224664224636e-05,-0.0004650465689865,-0.0004969167277167,-0.0007907507936507,-0.0006351813431013,-0.0005105135531135,-0.0005461275946275,-0.0005611836385836
-0.0005646205128205,-0.0005279196581196,-0.0004166603174603,0.0005454779487179,-7.294273504273476e-05,-0.0004711256410256,-0.0004938681318681,-0.0007877095238095,-0.0006412306227106,-0.0005135345543345,-0.0005521622710622,-0.0005672183150183
-0.0005706917704517,-0.0005309536019536,-0.000413619047619,0.0005485082539682,-7.902175824175796e-05,-0.0004711256410256,-0.0004908195360195,-0.0007877095238095,-0.0006412306227106,-0.0005135345543345,-0.0005551796092796,-0.0005672183150183
-0.0005737273992673,-0.0005248857142857,-0.0004044952380952,0.0005485082539682,-8.510078144078116e-05,-0.0004650465689865,-0.0004908195360195,-0.0007846682539682,-0.0006382059829059,-0.0005105135531135,-0.0005491449328449,-0.0005611836385836
-0.0005706917704517,-0.0005218517704517,-0.0004014539682539,0.0005454779487179,-8.510078144078116e-05,-0.000462007032967,-0.0004908195360195,-0.0007877095238095,-0.0006351813431013,-0.0005105135531135,-0.0005461275946275,-0.0005581663003663
-0.0005585492551892,-0.0005248857142857,-0.0004166603174603,0.0005394173382173,-6.990322344322315e-05,-0.0004711256410256,-0.0004969167277167,-0.0007907507936507,-0.0006412306227106,-0.0005135345543345,-0.0005521622710622,-0.0005642009768009
-0.0005524779975579,-0.0005339875457875,-0.0004288253968253,0.0005424476434676,-6.078468864468836e-05,-0.0004802442490842,-0.0004969167277167,-0.0007907507936507,-0.0006472799023199,-0.0005225975579975,-0.0005581969474969,-0.0005732529914529
-0.0005524779975579,-0.0005370214896214,-0.0004349079365079,0.0005424476434676,-5.774517704517676e-05,-0.0004863233211233,-0.0004938681318681,-0.0007968333333333,-0.0006503045421245,-0.0005225975579975,-0.0005612142857142,-0.0005762703296703
-0.0005555136263736,-0.0005339875457875,-0.0004318666666666,0.0005424476434676,-6.078468864468836e-05,-0.0004832837851037,-0.0004938681318681,-0.000793792063492,-0.0006472799023199,-0.0005195765567765,-0.0005581969474969,-0.0005702356532356
-0.0005737273992673,-0.0005279196581196,-0.0004075365079365,0.0005485082539682,-8.206126984126955e-05,-0.0004680861050061,-0.0004908195360195,-0.0007907507936507,-0.0006412306227106,-0.0005105135531135,-0.0005491449328449,-0.0005611836385836
-0.0005828342857142,-0.0005248857142857,-0.0003953714285714,0.0005515385592185,-9.421931623931596e-05,-0.0004589674969474,-0.0004877709401709,-0.0007907507936507,-0.0006382059829059,-0.0005074925518925,-0.0005431102564102,-0.0005551489621489
-0.0005706917704517,-0.0005248857142857,-0.0004075365079365,0.0005454779487179,-8.206126984126955e-05,-0.0004650465689865,-0.0004908195360195,-0.000793792063492,-0.0006442552625152,-0.0005135345543345,-0.0005521622710622,-0.0005642009768009
-0.0005585492551892,-0.0005279196581196,-0.0004197015873015,0.0005424476434676,-6.990322344322315e-05,-0.0004741651770451,-0.0004938681318681,-0.0007968333333333,-0.0006503045421245,-0.0005195765567765,-0.0005581969474969,-0.0005702356532356
-0.0005615848840048,-0.0005309536019536,-0.0004227428571428,0.0005454779487179,-6.990322344322315e-05,-0.0004772047130647,-0.0004938681318681,-0.0007968333333333,-0.0006503045421245,-0.0005195765567765,-0.0005581969474969,-0.0005702356532356
-0.0005706917704517,-0.0005279196581196,-0.000413619047619,0.0005485082539682,-7.902175824175796e-05,-0.0004711256410256,-0.0004877709401709,-0.0007907507936507,-0.0006442552625152,-0.0005135345543345,-0.0005521622710622,-0.0005611836385836
-0.0005706917704517,-0.0005309536019536,-0.0004105777777777,0.0005485082539682,-7.902175824175796e-05,-0.0004711256410256,-0.0004877709401709,-0.0007907507936507,-0.0006412306227106,-0.0005135345543345,-0.0005491449328449,-0.0005611836385836
-0.0005706917704517,-0.0005339875457875,-0.000413619047619,0.0005515385592185,-7.902175824175796e-05,-0.0004741651770451,-0.0004877709401709,-0.000793792063492,-0.0006442552625152,-0.0005135345543345,-0.0005521622710622,-0.0005642009768009
-0.0005797986568986,-0.0005339875457875,-0.0004044952380952,0.0005545688644688,-8.814029304029276e-05,-0.0004680861050061,-0.0004847223443223,-0.0007877095238095,-0.0006412306227106,-0.0005105135531135,-0.0005491449328449,-0.0005611836385836
-0.0005737273992673,-0.0005279196581196,-0.0004044952380952,0.0005485082539682,-8.510078144078116e-05,-0.0004650465689865,-0.0004877709401709,-0.0007846682539682,-0.0006412306227106,-0.0005074925518925,-0.0005461275946275,-0.0005611836385836
-0.0005646205128205,-0.0005188178266178,-0.0004075365079365,0.0005394173382173,-7.902175824175796e-05,-0.000462007032967,-0.0004908195360195,-0.0007877095238095,-0.0006412306227106,-0.0005105135531135,-0.0005461275946275,-0.0005611836385836
-0.0005646205128205,-0.0005188178266178,-0.0004075365079365,0.0005394173382173,-7.902175824175796e-05,-0.000462007032967,-0.0004908195360195,-0.0007907507936507,-0.0006442552625152,-0.0005135345543345,-0.0005461275946275,-0.0005611836385836
-0.0005646205128205,-0.0005248857142857,-0.0004105777777777,0.0005424476434676,-7.598224664224636e-05,-0.0004680861050061,-0.0004877709401709,-0.0007907507936507,-0.0006442552625152,-0.0005105135531135,-0.0005491449328449,-0.0005642009768009
-0.0005737273992673,-0.0005309536019536,-0.0004075365079365,0.0005515385592185,-8.206126984126955e-05,-0.0004680861050061,-0.0004847223443223,-0.000793792063492,-0.0006412306227106,-0.0005105135531135,-0.0005521622710622,-0.0005642009768009
-0.0005706917704517,-0.0005279196581196,-0.0004105777777777,0.0005485082539682,-7.902175824175796e-05,-0.0004680861050061,-0.0004847223443223,-0.000793792063492,-0.0006412306227106,-0.0005105135531135,-0.0005491449328449,-0.0005611836385836
-0.0005615848840048,-0.0005218517704517,-0.0004166603174603,0.0005394173382173,-7.294273504273476e-05,-0.0004680861050061,-0.0004847223443223,-0.0007907507936507,-0.0006442552625152,-0.0005135345543345,-0.0005491449328449,-0.0005611836385836
-0.0005646205128205,-0.0005218517704517,-0.0004075365079365,0.0005424476434676,-7.902175824175796e-05,-0.0004650465689865,-0.0004816737484737,-0.0007877095238095,-0.0006412306227106,-0.0005135345543345,-0.0005491449328449,-0.0005642009768009
-0.0005706917704517,-0.0005218517704517,-0.0004044952380952,0.0005454779487179,-8.206126984126955e-05,-0.000462007032967,-0.0004725279609279,-0.0007846682539682,-0.0006382059829059,-0.0005074925518925,-0.0005491449328449,-0.0005672183150183
-0.0005646205128205,-0.0005188178266178,-0.0004044952380952,0.0005394173382173,-7.902175824175796e-05,-0.000462007032967,-0.0004633821733821,-0.0007785857142857,-0.0006321567032967,-0.0005044715506715,-0.0005461275946275,-0.0005642009768009
-0.0005555136263736,-0.0005036481074481,-0.0004044952380952,0.0005272961172161,-7.598224664224636e-05,-0.0004528884249084,-0.0004603335775335,-0.0007755444444444,-0.0006261074236874,-0.0004984295482295,-0.0005400929181929,-0.0005581663003663
-0.0005464067399267,-0.0004915123321123,-0.0004014539682539,0.0005182052014652,-7.294273504273476e-05,-0.0004468093528693,-0.0004572849816849,-0.0007694619047619,-0.0006200581440781,-0.0004923875457875,-0.0005340582417582,-0.0005491142857142
-0.0005433711111111,-0.0004854444444444,-0.0003984126984126,0.0005121445909645,-7.294273504273476e-05,-0.0004407302808302,-0.0004450905982905,-0.0007633793650793,-0.0006140088644688,-0.0004893665445665,-0.0005310409035409,-0.0005460969474969
-0.0005494423687423,-0.0004763426129426,-0.0003832063492063,0.0005121445909645,-8.206126984126955e-05,-0.0004285721367521,-0.0004237504273504,-0.0007512142857142,-0.0006019103052503,-0.0004803035409035,-0.0005219888888888,-0.0005370449328449
-0.0005403354822954,-0.000452071062271,-0.0003679999999999,0.0004939627594627,-8.510078144078116e-05,-0.0004103349206349,-0.0003993616605616,-0.0007360079365079,-0.0005867871062271,-0.0004651985347985,-0.0005099195360195,-0.0005310102564102
-0.0005403354822954,-0.0004338673992673,-0.0003436698412698,0.0004848718437118,-9.725882783882755e-05,-0.0003890581684981,-0.0003871672771672,-0.0007238428571428,-0.0005686392673992,-0.0004470725274725,-0.0004948328449328,-0.0005159235653235
-0.0005312285958485,-0.0004186976800976,-0.0003436698412698,0.0004727506227106,-9.421931623931596e-05,-0.0003799395604395,-0.0003932644688644,-0.0007177603174603,-0.0005625899877899,-0.0004410305250305,-0.0004887981684981,-0.0005098888888888
-0.0005099791941391,-0.0004126297924297,-0.0003558349206349,0.0004606294017094,-7.598224664224636e-05,-0.000382979096459,-0.0004024102564102,-0.000714719047619,-0.0005656146275946,-0.0004440515262515,-0.0004948328449328,-0.0005129062271062
-0.0005039079365079,-0.0004065619047619,-0.0003527936507936,0.0004545687912087,-7.598224664224636e-05,-0.0003799395604395,-0.0004207018315018,-0.000714719047619,-0.0005625899877899,-0.0004440515262515,-0.0004948328449328,-0.0005129062271062
-0.0004978366788766,-0.0004156637362637,-0.0003710412698412,0.0004545687912087,-6.382420024419996e-05,-0.0003920977045177,-0.0004572849816849,-0.0007360079365079,-0.0005777131868131,-0.0004561355311355,-0.0005038848595848,-0.0005249755799755
-0.0005039079365079,-0.0004338673992673,-0.0003832063492063,0.00046669001221,-6.078468864468836e-05,-0.0004072953846153,-0.0004816737484737,-0.0007542555555555,-0.0005928363858363,-0.0004651985347985,-0.0005069021978021,-0.0005279929181929
-0.0005281929670329,-0.0004460031746031,-0.0003710412698412,0.0004848718437118,-7.902175824175796e-05,-0.0004072953846153,-0.0004755765567765,-0.0007512142857142,-0.0005898117460317,-0.0004591565323565,-0.0005008675213675,-0.0005159235653235
-0.0005342642246642,-0.0004702747252747,-0.0003832063492063,0.0005000233699633,-7.598224664224636e-05,-0.0004255326007326,-0.0004755765567765,-0.0007633793650793,-0.0006079595848595,-0.0004712405372405,-0.0005129368742368,-0.0005249755799755
-0.0005342642246642,-0.0004945462759462,-0.0004105777777777,0.0005121445909645,-6.078468864468836e-05,-0.0004528884249084,-0.0004755765567765,-0.0007816269841269,-0.000629132063492,-0.0004893665445665,-0.0005280235653235,-0.0005400622710622
-0.0005251573382173,-0.0004884783882783,-0.0004197015873015,0.0005060839804639,-5.166615384615356e-05,-0.0004528884249084,-0.0004755765567765,-0.0007846682539682,-0.0006321567032967,-0.0004923875457875,-0.0005280235653235,-0.0005400622710622
-0.0005221217094017,-0.0004763426129426,-0.0004044952380952,0.000496993064713,-5.774517704517676e-05,-0.0004407302808302,-0.0004816737484737,-0.0007907507936507,-0.0006321567032967,-0.0004893665445665,-0.0005250062271062,-0.0005340275946275
-0.0005312285958485,-0.0004854444444444,-0.0004075365079365,0.0005060839804639,-6.078468864468836e-05,-0.0004468093528693,-0.0004847223443223,-0.0007968333333333,-0.0006412306227106,-0.0005014505494505,-0.0005340582417582,-0.0005460969474969
-0.0005342642246642,-0.0005097159951159,-0.0004288253968253,0.0005212355067155,-5.166615384615356e-05,-0.0004680861050061,-0.0004908195360195,-0.0008059571428571,-0.0006563538217338,-0.0005195765567765,-0.0005521622710622,-0.0005611836385836
-0.0005372998534798,-0.0005248857142857,-0.0004409904761904,0.0005303264224664,-4.862664224664196e-05,-0.0004832837851037,-0.0004969167277167,-0.0008059571428571,-0.0006593784615384,-0.0005225975579975,-0.0005581969474969,-0.0005672183150183
-0.0005464067399267,-0.0005339875457875,-0.0004409904761904,0.0005394173382173,-5.166615384615356e-05,-0.0004863233211233,-0.0004908195360195,-0.0008059571428571,-0.0006563538217338,-0.0005225975579975,-0.0005551796092796,-0.0005672183150183
-0.0005585492551892,-0.0005430893772893,-0.0004379492063492,0.0005485082539682,-6.078468864468836e-05,-0.0004893628571428,-0.0004908195360195,-0.0008059571428571,-0.0006563538217338,-0.0005225975579975,-0.0005581969474969,-0.0005702356532356
-0.0005706917704517,-0.0005461233211233,-0.0004288253968253,0.0005575991697191,-6.990322344322315e-05,-0.0004863233211233,-0.0004908195360195,-0.0008089984126984,-0.0006593784615384,-0.0005256185592185,-0.0005612142857142,-0.0005702356532356
-0.0005889055433455,-0.0005521912087912,-0.0004166603174603,0.0005697203907203,-8.510078144078116e-05,-0.0004832837851037,-0.0004847223443223,-0.0008120396825396,-0.0006593784615384,-0.0005256185592185,-0.0005581969474969,-0.0005702356532356
-0.0005949768009768,-0.0005673609279609,-0.0004227428571428,0.0005788113064713,-8.510078144078116e-05,-0.0004954419291819,-0.0004877709401709,-0.0008181222222222,-0.0006684523809523,-0.0005346815628815,-0.0005672489621489,-0.0005792876678876
-0.000601048058608,-0.0005734288156288,-0.0004227428571428,0.0005848719169719,-8.814029304029276e-05,-0.0004984814652014,-0.0004877709401709,-0.0008211634920634,-0.0006684523809523,-0.0005346815628815,-0.0005702663003663,-0.0005792876678876
-0.0005949768009768,-0.0005673609279609,-0.0004227428571428,0.0005788113064713,-8.510078144078116e-05,-0.0004954419291819,-0.0004908195360195,-0.0008242047619047,-0.0006654277411477,-0.0005316605616605,-0.0005672489621489,-0.0005762703296703
-0.0005889055433455,-0.0005673609279609,-0.0004257841269841,0.000575781001221,-8.206126984126955e-05,-0.0004954419291819,-0.0004938681318681,-0.0008242047619047,-0.0006654277411477,-0.0005316605616605,-0.0005672489621489,-0.0005762703296703
-0.0005949768009768,-0.0005643269841269,-0.0004197015873015,0.0005788113064713,-8.814029304029276e-05,-0.0004924023931623,-0.0004969167277167,-0.0008181222222222,-0.0006593784615384,-0.0005286395604395,-0.0005612142857142,-0.0005762703296703
-0.0005919411721611,-0.0005643269841269,-0.0004257841269841,0.000575781001221,-8.206126984126955e-05,-0.0004954419291819,-0.0004969167277167,-0.0008150809523809,-0.0006624031013431,-0.0005316605616605,-0.0005642316239316,-0.0005792876678876
-0.0005980124297924,-0.000561293040293,-0.0004197015873015,0.0005788113064713,-8.814029304029276e-05,-0.0004893628571428,-0.0004969167277167,-0.0008150809523809,-0.0006654277411477,-0.0005286395604395,-0.0005642316239316,-0.0005762703296703
-0.0005919411721611,-0.0005521912087912,-0.000413619047619,0.0005697203907203,-8.814029304029276e-05,-0.0004832837851037,-0.0004999653235653,-0.0008120396825396,-0.0006624031013431,-0.0005256185592185,-0.0005612142857142,-0.0005762703296703
-0.0005828342857142,-0.0005400554334554,-0.0004105777777777,0.0005606294749694,-8.510078144078116e-05,-0.0004741651770451,-0.0005060625152625,-0.0008059571428571,-0.0006563538217338,-0.0005195765567765,-0.0005551796092796,-0.0005732529914529
-0.0005828342857142,-0.0005430893772893,-0.0004105777777777,0.0005606294749694,-8.510078144078116e-05,-0.0004772047130647,-0.0005091111111111,-0.0008059571428571,-0.0006533291819291,-0.0005165555555555,-0.0005551796092796,-0.0005732529914529
-0.0005980124297924,-0.0005461233211233,-0.0004014539682539,0.0005697203907203,-9.725882783882755e-05,-0.0004741651770451,-0.0005060625152625,-0.0008059571428571,-0.0006503045421245,-0.0005135345543345,-0.0005521622710622,-0.0005732529914529
-0.0006040836874236,-0.0005430893772893,-0.0003923301587301,0.0005727506959706,-0.0001063773626373,-0.0004680861050061,-0.0005091111111111,-0.0008120396825396,-0.0006503045421245,-0.0005135345543345,-0.0005491449328449,-0.0005702356532356
-0.0005858699145299,-0.0005279196581196,-0.0003923301587301,0.0005545688644688,-9.725882783882755e-05,-0.0004589674969474,-0.0005152083028083,-0.0008089984126984,-0.0006442552625152,-0.0005135345543345,-0.0005521622710622,-0.0005762703296703
-0.0005919411721611,-0.0005097159951159,-0.0003710412698412,0.0005485082539682,-0.0001094168742368,-0.0004407302808302,-0.0005121597069597,-0.0007755444444444,-0.000595861025641,-0.0004954085470085,-0.0005551796092796,-0.000591357020757
-0.0005980124297924,-0.000452071062271,-0.0003041333333333,0.0005242658119658,-0.000145891013431,-0.00037690002442,-0.0005060625152625,-0.0007238428571428,-0.0005111711111111,-0.0004440515262515,-0.0005280235653235,-0.000582305006105
-0.0005585492551892,-0.0003276793650793,-0.0002189777777777,0.0004424475702075,-0.0001702071062271,-0.0002735557997557,-0.0005182568986568,-0.0006326047619047,-0.0003932101587301,-0.0003413374847374,-0.0004556074481074,-0.0005310102564102
-0.0004523022466422,-0.0001426087912087,-0.0001399047619047,0.0002969929181929,-0.0001550095482295,-0.0001398162148962,-0.0005670344322344,-0.0004957476190476,-0.0002208056898656,-0.0001540354090354,-0.0003107752136752,-0.0004344554334554
-0.000306592063492,0.0001304461538461,-1.825396825396816e-05,8.790185592185594e-05,-0.0001428515018315,5.471409035409032e-05,-0.000682881074481,-0.0004987888888888,-4.235194139194147e-05,0.0001027496947496,-8.14575091575093e-05,-0.0002503978021978
-0.0001548106227106,0.0004763157509157,0.000173346031746,-0.0001605831746031,-0.000164128083028,0.0003252327960927,-0.0009237201465201,-0.0007694619047619,7.863365079365072e-05,0.0003927658119658,0.0002323456654456,3.323199023198963e-05
1.5184590964590688e-05,0.0007766761904761,0.0003010793650793,-0.0003939166788766,-0.0001428515018315,0.0005380003174603,-0.0012590656898656,-0.0011800333333333,6.351045177045169e-05,0.0006344459096459,0.0005310621489621,0.0003289311355311
0.0001305384859584,0.0009738825396825,0.0003801523809523,-0.0005514925518925,-0.0001246144322344,0.0006778189743589,-0.001588314041514,-0.0015693158730158,-6.35244200244201e-05,0.0007583069597069,0.0007392584859584,0.0005763528693528
0.0001578591452991,0.0008676945054945,0.0002493777777777,-0.0005120985836385,-4.558713064713037e-05,0.000559277069597,-0.0017437924297924,-0.0018004523809523,-0.0003236434432234,0.0005710048840048,0.000663825030525,0.0006065262515262
-2.1242954822955094e-05,0.0002851772893772,-0.0001520698412698,-0.0001302801221001,6.383528693528722e-05,6.687223443223439e-05,-0.0015974598290598,-0.0019160206349206,-0.0007682654945054,1.514065934065882e-05,0.0002232936507936,0.0003289311355311
-0.0003126633211233,-0.0001699142857142,-0.0003102158730158,0.0002394171184371,5.543345543628675e-09,-0.0002401209035409,-0.0013779609279609,-0.0020863317460317,-0.0011705425885225,-0.0004682195360195,-0.0001508562881562,8.15094017094011e-05
-0.0005160504517704,-0.0003489169719169,-0.0002828444444444,0.0004303263492063,-0.0001154958974358,-0.0003161093040293,-0.0012133367521367,-0.0021045793650793,-0.0013399224175824,-0.0007038576312576,-0.0003469832722832,-7.237484737484797e-05
-0.0006071193162393,-0.0004945462759462,-0.0003375873015873,0.0005485082539682,-0.0001337329670329,-0.0004164139926739,-0.0010852957264957,-0.0018795253968253,-0.0013006021001221,-0.0007733406593406,-0.0004797461538461,-0.0002322937728937
-0.0006405112332112,-0.0005491572649572,-0.0003588761904761,0.0005939628327228,-0.0001398119902319,-0.0004528884249084,-0.0009816434676434,-0.0016088523809523,-0.0011523947496947,-0.0007310466422466,-0.0005250062271062,-0.0003409179487179
-0.0006344399755799,-0.0005461233211233,-0.0003649587301587,0.0005879022222222,-0.0001337329670329,-0.0004559279609279,-0.0008596996336996,-0.0013564269841269,-0.0009981381196581,-0.0006585426129426,-0.0005310409035409,-0.0004072993894993
-0.000601048058608,-0.0005430893772893,-0.0003984126984126,0.0005697203907203,-0.0001002983394383,-0.0004711256410256,-0.0007225128205128,-0.0011252904761904,-0.0008650539682539,-0.0005981225885225,-0.0005400929181929,-0.0004676461538461
-0.0005737273992673,-0.0005248857142857,-0.0004044952380952,0.0005485082539682,-8.510078144078116e-05,-0.0004650465689865,-0.0006036175824175,-0.0009276079365079,-0.0007561669352869,-0.0005467655677655,-0.0005370755799755,-0.0005038542124542
-0.0005646205128205,-0.0004884783882783,-0.0003740825396825,0.0005242658119658,-9.421931623931596e-05,-0.0004316116727716,-0.000539597069597,-0.0008059571428571,-0.0006745016605616,-0.0004984295482295,-0.0005189715506715,-0.0005129062271062
-0.0005615848840048,-0.0004672407814407,-0.0003558349206349,0.0005121445909645,-0.0001033378510378,-0.0004103349206349,-0.0005152083028083,-0.0007542555555555,-0.0006321567032967,-0.0004863455433455,-0.0005129368742368,-0.0005159235653235
-0.0005615848840048,-0.0004733086691086,-0.0003619174603174,0.0005151748962148,-0.0001002983394383,-0.0004164139926739,-0.0005030139194139,-0.0007390492063492,-0.0006261074236874,-0.0004954085470085,-0.0005280235653235,-0.0005310102564102
-0.0005676561416361,-0.0004793765567765,-0.0003619174603174,0.0005212355067155,-0.0001033378510378,-0.0004194535286935,-0.0004969167277167,-0.0007238428571428,-0.0006230827838827,-0.0004954085470085,-0.0005340582417582,-0.0005370449328449
-0.0005706917704517,-0.0004824105006105,-0.0003679999999999,0.0005242658119658,-0.0001002983394383,-0.0004255326007326,-0.0004877709401709,-0.0007086365079365,-0.0006109842246642,-0.0004893665445665,-0.0005340582417582,-0.0005460969474969
-0.000576763028083,-0.0004915123321123,-0.0003710412698412,0.0005333567277167,-0.0001033378510378,-0.0004316116727716,-0.0004725279609279,-0.0006903888888888,-0.000595861025641,-0.0004833245421245,-0.0005310409035409,-0.0005430796092796
-0.0005828342857142,-0.000506682051282,-0.0003740825396825,0.0005424476434676,-0.0001033378510378,-0.0004407302808302,-0.0004603335775335,-0.0006721412698412,-0.0005837624664224,-0.0004772825396825,-0.0005280235653235,-0.0005400622710622
-0.0005737273992673,-0.000506682051282,-0.0003832063492063,0.0005394173382173,-9.421931623931596e-05,-0.0004437698168498,-0.0004603335775335,-0.0006660587301587,-0.0005837624664224,-0.0004803035409035,-0.0005280235653235,-0.0005430796092796
-0.0005585492551892,-0.0004975802197802,-0.0003923301587301,0.0005272961172161,-8.206126984126955e-05,-0.0004437698168498,-0.0004694793650793,-0.0006599761904761,-0.0005867871062271,-0.0004833245421245,-0.0005310409035409,-0.0005460969474969
-0.0005524779975579,-0.0004854444444444,-0.0003862476190476,0.0005182052014652,-8.206126984126955e-05,-0.0004346512087912,-0.0004725279609279,-0.0006538936507936,-0.0005837624664224,-0.0004803035409035,-0.0005310409035409,-0.0005460969474969
-0.0005585492551892,-0.0004854444444444,-0.0003771238095238,0.0005212355067155,-9.117980463980436e-05,-0.0004316116727716,-0.0004694793650793,-0.0006478111111111,-0.0005837624664224,-0.0004803035409035,-0.0005310409035409,-0.0005491142857142
-0.0005615848840048,-0.0004884783882783,-0.0003740825396825,0.0005242658119658,-9.421931623931596e-05,-0.0004316116727716,-0.0004633821733821,-0.0006478111111111,-0.0005807378266178,-0.0004803035409035,-0.0005340582417582,-0.0005521316239316
-0.0005555136263736,-0.0004884783882783,-0.0003832063492063,0.0005212355067155,-8.510078144078116e-05,-0.0004346512087912,-0.0004633821733821,-0.0006447698412698,-0.0005807378266178,-0.0004833245421245,-0.0005370755799755,-0.0005521316239316
-0.0005585492551892,-0.0004824105006105,-0.0003771238095238,0.0005182052014652,-9.117980463980436e-05,-0.0004285721367521,-0.0004633821733821,-0.0006386873015873,-0.0005746885470085,-0.0004772825396825,-0.0005280235653235,-0.0005491142857142
-0.0005615848840048,-0.0004854444444444,-0.0003740825396825,0.0005212355067155,-9.421931623931596e-05,-0.0004285721367521,-0.0004603335775335,-0.0006326047619047,-0.0005716639072039,-0.0004772825396825,-0.0005310409035409,-0.0005460969474969
-0.0005615848840048,-0.0004854444444444,-0.0003740825396825,0.0005212355067155,-9.421931623931596e-05,-0.0004285721367521,-0.0004603335775335,-0.0006234809523809,-0.0005746885470085,-0.0004833245421245,-0.0005310409035409,-0.0005460969474969
-0.0005646205128205,-0.0004763426129426,-0.0003649587301587,0.0005182052014652,-0.0001002983394383,-0.0004194535286935,-0.0004572849816849,-0.0006204396825396,-0.0005656146275946,-0.0004772825396825,-0.0005280235653235,-0.0005460969474969
-0.0005615848840048,-0.0004793765567765,-0.0003771238095238,0.0005182052014652,-9.117980463980436e-05,-0.0004285721367521,-0.0004511877899877,-0.0006113158730158,-0.0005625899877899,-0.0004712405372405,-0.0005280235653235,-0.0005491142857142
-0.0005524779975579,-0.0004854444444444,-0.0003892888888888,0.0005182052014652,-8.206126984126955e-05,-0.0004376907448107,-0.0004572849816849,-0.000602192063492,-0.0005625899877899,-0.0004742615384615,-0.0005310409035409,-0.0005491142857142
-0.0005494423687423,-0.0004884783882783,-0.0003892888888888,0.0005182052014652,-7.902175824175796e-05,-0.0004376907448107,-0.0004572849816849,-0.0005961095238095,-0.0005565407081807,-0.0004712405372405,-0.0005310409035409,-0.0005521316239316
-0.0005585492551892,-0.0004884783882783,-0.000380165079365,0.0005212355067155,-8.814029304029276e-05,-0.0004346512087912,-0.0004572849816849,-0.0005900269841269,-0.0005504914285714,-0.0004651985347985,-0.0005280235653235,-0.0005491142857142
-0.0005555136263736,-0.0004884783882783,-0.0003832063492063,0.0005212355067155,-8.510078144078116e-05,-0.0004346512087912,-0.0004511877899877,-0.0005809031746031,-0.0005504914285714,-0.0004651985347985,-0.0005310409035409,-0.0005491142857142
-0.0005403354822954,-0.0004793765567765,-0.0003862476190476,0.0005091142857142,-7.598224664224636e-05,-0.0004316116727716,-0.0004511877899877,-0.0005748206349206,-0.0005504914285714,-0.0004651985347985,-0.0005310409035409,-0.0005491142857142
-0.0005464067399267,-0.0004824105006105,-0.0003832063492063,0.0005121445909645,-8.206126984126955e-05,-0.0004316116727716,-0.0004511877899877,-0.0005656968253968,-0.0005444421489621,-0.0004651985347985,-0.0005310409035409,-0.0005491142857142
-0.0005524779975579,-0.0004824105006105,-0.000380165079365,0.0005151748962148,-8.510078144078116e-05,-0.0004316116727716,-0.0004450905982905,-0.000556573015873,-0.0005353682295482,-0.0004591565323565,-0.0005280235653235,-0.0005460969474969
-0.0005555136263736,-0.0004854444444444,-0.0003832063492063,0.0005182052014652,-8.510078144078116e-05,-0.0004346512087912,-0.0004389934065934,-0.0005444079365079,-0.0005293189499389,-0.0004561355311355,-0.0005250062271062,-0.0005460969474969
-0.0005464067399267,-0.0004915123321123,-0.0003953714285714,0.0005182052014652,-7.598224664224636e-05,-0.0004437698168498,-0.0004389934065934,-0.0005383253968253,-0.0005293189499389,-0.0004591565323565,-0.0005280235653235,-0.0005521316239316
-0.0005433711111111,-0.0004884783882783,-0.0003984126984126,0.0005151748962148,-7.294273504273476e-05,-0.0004437698168498,-0.0004450905982905,-0.0005322428571428,-0.0005262943101343,-0.0004621775335775,-0.0005310409035409,-0.0005551489621489
-0.0005433711111111,-0.0004824105006105,-0.0003892888888888,0.0005121445909645,-7.598224664224636e-05,-0.0004346512087912,-0.000442042002442,-0.0005200777777777,-0.0005232696703296,-0.0004591565323565,-0.0005280235653235,-0.0005521316239316
-0.0005433711111111,-0.0004733086691086,-0.0003832063492063,0.0005060839804639,-7.902175824175796e-05,-0.0004285721367521,-0.000442042002442,-0.0005109539682539,-0.000520245030525,-0.0004591565323565,-0.0005280235653235,-0.0005551489621489
-0.0005433711111111,-0.0004702747252747,-0.000380165079365,0.0005060839804639,-8.206126984126955e-05,-0.0004255326007326,-0.0004359448107448,-0.0005018301587301,-0.0005172203907203,-0.0004621775335775,-0.0005340582417582,-0.0005611836385836
-0.0005494423687423,-0.0004763426129426,-0.0003832063492063,0.0005121445909645,-8.206126984126955e-05,-0.0004285721367521,-0.0004207018315018,-0.0004805412698412,-0.0005051218315018,-0.0004531145299145,-0.0005280235653235,-0.0005551489621489
-0.0005403354822954,-0.0004884783882783,-0.0003984126984126,0.0005121445909645,-6.990322344322315e-05,-0.0004437698168498,-0.0004176532356532,-0.0004622936507936,-0.0004960479120879,-0.0004410305250305,-0.0005219888888888,-0.0005491142857142
-0.0005281929670329,-0.0004854444444444,-0.0004075365079365,0.0005060839804639,-6.078468864468836e-05,-0.0004468093528693,-0.0004207018315018,-0.0004470873015873,-0.0004899986324786,-0.0004349885225885,-0.0005159542124542,-0.0005430796092796
-0.0005251573382173,-0.0004763426129426,-0.0004044952380952,0.0005000233699633,-6.078468864468836e-05,-0.0004407302808302,-0.0004207018315018,-0.0004349222222222,-0.0004839493528693,-0.0004319675213675,-0.0005129368742368,-0.0005430796092796
-0.0005281929670329,-0.0004763426129426,-0.0003984126984126,0.0005000233699633,-6.382420024419996e-05,-0.0004376907448107,-0.0004176532356532,-0.0004227571428571,-0.0004869739926739,-0.0004349885225885,-0.0005129368742368,-0.0005430796092796
-0.0005281929670329,-0.0004672407814407,-0.0003923301587301,0.000496993064713,-6.686371184371155e-05,-0.0004285721367521,-0.0004146046398046,-0.0004045095238095,-0.0004869739926739,-0.0004410305250305,-0.0005219888888888,-0.0005491142857142
-0.0005130148229548,-0.000452071062271,-0.0003923301587301,0.0004818415384615,-6.078468864468836e-05,-0.000422493064713,-0.0004176532356532,-0.0003893031746031,-0.0004839493528693,-0.0004470725274725,-0.0005250062271062,-0.0005521316239316
-0.0005069435653235,-0.000452071062271,-0.0003984126984126,0.0004788112332112,-5.470566544566516e-05,-0.0004255326007326,-0.0004146046398046,-0.0003680142857142,-0.0004718507936507,-0.0004410305250305,-0.0005219888888888,-0.0005491142857142
-0.0005069435653235,-0.0004672407814407,-0.0004105777777777,0.0004848718437118,-4.862664224664196e-05,-0.0004376907448107,-0.000411556043956,-0.0003406428571428,-0.0004567275946275,-0.0004289465201465,-0.0005189715506715,-0.0005491142857142
-0.0005160504517704,-0.0004733086691086,-0.0004105777777777,0.0004939627594627,-5.166615384615356e-05,-0.0004407302808302,-0.0004054588522588,-0.0003163126984126,-0.000444629035409,-0.0004198835164835,-0.0005129368742368,-0.0005491142857142
-0.0005160504517704,-0.0004611728937728,-0.0003984126984126,0.0004879021489621,-5.774517704517676e-05,-0.0004285721367521,-0.0004054588522588,-0.000298065079365,-0.0004385797557997,-0.0004168625152625,-0.0005099195360195,-0.0005460969474969
-0.0005039079365079,-0.0004369013431013,-0.0003862476190476,0.0004697203174603,-5.774517704517676e-05,-0.0004103349206349,-0.0004085074481074,-0.0002798174603174,-0.0004325304761904,-0.0004168625152625,-0.0005069021978021,-0.0005400622710622
-0.0005039079365079,-0.0004217316239316,-0.0003740825396825,0.0004606294017094,-6.382420024419996e-05,-0.0003981767765567,-0.0004024102564102,-0.0002554873015873,-0.0004174072771672,-0.0004077995115995,-0.0004948328449328,-0.0005310102564102
-0.0005099791941391,-0.0004156637362637,-0.0003619174603174,0.0004606294017094,-7.294273504273476e-05,-0.0003890581684981,-0.0003841186813186,-0.0002220333333333,-0.0003962347985347,-0.0003926945054945,-0.0004827634920634,-0.0005129062271062
-0.0005039079365079,-0.0004126297924297,-0.0003619174603174,0.000457599096459,-6.990322344322315e-05,-0.0003860186324786,-0.0003780214896214,-0.0001977031746031,-0.0003871608791208,-0.0003866525030525,-0.0004767288156288,-0.0005038542124542
-0.0004826585347985,-0.00039746007326,-0.0003679999999999,0.0004394172649572,-5.774517704517676e-05,-0.000382979096459,-0.0003749728937728,-0.0001764142857142,-0.0003811115995115,-0.0003836315018315,-0.0004767288156288,-0.0004978195360195
-0.0004674803907203,-0.0003792564102564,-0.0003649587301587,0.0004212354334554,-5.166615384615356e-05,-0.0003708209523809,-0.0003780214896214,-0.0001551253968253,-0.000369013040293,-0.0003715474969474,-0.0004616421245421,-0.0004857501831501
-0.0004644447619047,-0.0003762224664224,-0.0003619174603174,0.0004182051282051,-5.166615384615356e-05,-0.0003677814163614,-0.0003780214896214,-0.0001277539682539,-0.0003599391208791,-0.0003624844932844,-0.0004525901098901,-0.0004766981684981
-0.0004614091330891,-0.0003671206349206,-0.0003588761904761,0.0004121445177045,-5.166615384615356e-05,-0.0003617023443223,-0.0003780214896214,-0.0001034238095238,-0.0003538898412698,-0.0003564424908424,-0.000443538095238,-0.0004736808302808
-0.0004583735042735,-0.000345883028083,-0.0003406285714285,0.0004000232967032,-5.774517704517676e-05,-0.0003434651282051,-0.0003749728937728,-8.517619047619017e-05,-0.0003478405616605,-0.0003473794871794,-0.0004375034188034,-0.0004646288156288
-0.0004523022466422,-0.0003246454212454,-0.0003193396825396,0.000387902075702,-6.686371184371155e-05,-0.0003221883760683,-0.0003719242979242,-7.30111111111108e-05,-0.0003387666422466,-0.0003413374847374,-0.0004284514041514,-0.0004555768009768
-0.0004431953601953,-0.0003034078144078,-0.0003102158730158,0.0003727505494505,-6.686371184371155e-05,-0.0003069906959706,-0.0003749728937728,-6.692857142857113e-05,-0.0003327173626373,-0.0003383164835164,-0.0004224167277167,-0.0004465247863247
-0.0004431953601953,-0.0002852041514041,-0.0002919682539682,0.0003636596336996,-7.598224664224636e-05,-0.0002887534798534,-0.00038107008547,-6.388730158730128e-05,-0.000326668083028,-0.0003322744810744,-0.0004103473748473,-0.000431438095238
-0.0004583735042735,-0.0002700344322344,-0.000267638095238,0.0003636596336996,-9.421931623931596e-05,-0.0002674767277167,-0.0003749728937728,-6.084603174603144e-05,-0.0003206188034188,-0.0003201904761904,-0.000398278021978,-0.0004193687423687
-0.0004492666178266,-0.0002639665445665,-0.000267638095238,0.0003545687179487,-9.117980463980436e-05,-0.0002644371916971,-0.0003780214896214,-6.084603174603144e-05,-0.0003145695238095,-0.0003111274725274,-0.000389226007326,-0.000413334065934
-0.0004340884737484,-0.0002578986568986,-0.0002737206349206,0.0003454778021978,-7.902175824175796e-05,-0.0002644371916971,-0.0003841186813186,-6.692857142857113e-05,-0.0003145695238095,-0.0003081064713064,-0.0003831913308913,-0.0003982473748473
-0.0004340884737484,-0.0002487968253968,-0.0002645968253968,0.0003394171916971,-8.510078144078116e-05,-0.0002553185836385,-0.0003932644688644,-8.213492063492033e-05,-0.0003175941636141,-0.0003050854700854,-0.0003741393162393,-0.000386178021978
-0.0004340884737484,-0.0002305931623931,-0.0002463492063492,0.0003303262759462,-9.421931623931596e-05,-0.0002370813675213,-0.0004024102564102,-0.0001155888888888,-0.0003236434432234,-0.0003081064713064,-0.0003681046398046,-0.000377126007326
-0.0004371241025641,-0.0002154234432234,-0.0002281015873015,0.0003242656654456,-0.0001033378510378,-0.0002218836874236,-0.0004085074481074,-0.0001551253968253,-0.0003296927228327,-0.0003081064713064,-0.0003590526251526,-0.0003680739926739
-0.0004431953601953,-0.0002184573870573,-0.0002250603174603,0.0003303262759462,-0.0001094168742368,-0.0002218836874236,-0.0004146046398046,-0.0002007444444444,-0.0003417912820512,-0.0003111274725274,-0.0003620699633699,-0.0003680739926739
-0.0004492666178266,-0.0002305931623931,-0.0002311428571428,0.0003394171916971,-0.0001094168742368,-0.0002310022954822,-0.0004237504273504,-0.0002494047619047,-0.0003569144810744,-0.0003201904761904,-0.0003681046398046,-0.0003710913308913
-0.0004553378754578,-0.0002275592185592,-0.0002281015873015,0.0003394171916971,-0.0001124563858363,-0.0002279627594627,-0.0004359448107448,-0.0003011063492063,-0.0003750623199023,-0.0003262324786324,-0.0003711219780219,-0.0003680739926739
-0.0004614091330891,-0.0002396949938949,-0.0002311428571428,0.0003485081074481,-0.0001154958974358,-0.0002340418315018,-0.0004542363858363,-0.0003588904761904,-0.0003932101587301,-0.0003352954822954,-0.0003771566544566,-0.0003741086691086
-0.000470516019536,-0.0002670004884004,-0.0002463492063492,0.0003666899389499,-0.0001124563858363,-0.0002553185836385,-0.0004603335775335,-0.0004075507936507,-0.0004113579975579,-0.0003473794871794,-0.0003862086691086,-0.0003831606837606
-0.0004796229059829,-0.000288238095238,-0.000255473015873,0.0003818414652014,-0.0001124563858363,-0.0002705162637362,-0.0004664307692307,-0.0004501285714285,-0.0004264811965811,-0.0003564424908424,-0.0003922433455433,-0.0003922126984126
-0.0004887297924297,-0.0002973399267399,-0.0002585142857142,0.0003909323809523,-0.0001154958974358,-0.0002765953357753,-0.0004755765567765,-0.0004987888888888,-0.0004476536752136,-0.0003715474969474,-0.0004043126984126,-0.000404282051282
-0.0005130148229548,-0.0003155435897435,-0.000255473015873,0.0004121445177045,-0.0001276539438339,-0.0002857139438339,-0.0004786251526251,-0.0005352841269841,-0.0004658015140415,-0.0003806105006105,-0.0004133647130647,-0.000413334065934
-0.0005251573382173,-0.000345883028083,-0.0002737206349206,0.0004333566544566,-0.0001246144322344,-0.0003100302319902,-0.0004847223443223,-0.0005717793650793,-0.0004899986324786,-0.0003957155067155,-0.0004314687423687,-0.0004344554334554
-0.0005251573382173,-0.0003792564102564,-0.0003071746031746,0.0004515384859584,-0.0001094168742368,-0.0003434651282051,-0.0004877709401709,-0.0006113158730158,-0.0005081464713064,-0.0004168625152625,-0.0004525901098901,-0.0004585941391941
-0.0005251573382173,-0.0004095958485958,-0.000334546031746,0.00046669001221,-9.421931623931596e-05,-0.0003708209523809,-0.0004816737484737,-0.0006386873015873,-0.0005262943101343,-0.0004349885225885,-0.0004706941391941,-0.0004797155067155
-0.0005312285958485,-0.0004399352869352,-0.0003558349206349,0.0004848718437118,-8.814029304029276e-05,-0.0003981767765567,-0.0004816737484737,-0.0006630174603174,-0.0005474667887667,-0.0004531145299145,-0.0004887981684981,-0.0004978195360195
-0.0005494423687423,-0.0004581389499389,-0.0003619174603174,0.0005030536752136,-9.421931623931596e-05,-0.0004103349206349,-0.0004847223443223,-0.000681265079365,-0.0005625899877899,-0.0004621775335775,-0.0005038848595848,-0.0005098888888888
-0.0005585492551892,-0.0004672407814407,-0.0003588761904761,0.0005121445909645,-0.0001002983394383,-0.0004133744566544,-0.0004877709401709,-0.0007025539682539,-0.0005777131868131,-0.0004742615384615,-0.0005099195360195,-0.0005189409035409
-0.0005646205128205,-0.0004793765567765,-0.0003649587301587,0.0005212355067155,-0.0001002983394383,-0.000422493064713,-0.0004938681318681,-0.0007238428571428,-0.0005928363858363,-0.0004893665445665,-0.0005250062271062,-0.0005370449328449
-0.0005797986568986,-0.0004975802197802,-0.0003649587301587,0.000536387032967,-0.0001063773626373,-0.0004316116727716,-0.0004908195360195,-0.0007360079365079,-0.0005988856654456,-0.0004954085470085,-0.0005370755799755,-0.0005460969474969
-0.0005828342857142,-0.0005127499389499,-0.0003771238095238,0.0005454779487179,-0.0001033378510378,-0.0004437698168498,-0.0004847223443223,-0.0007329666666666,-0.0005988856654456,-0.0004923875457875,-0.0005370755799755,-0.0005460969474969
-0.0005737273992673,-0.0005248857142857,-0.0003984126984126,0.0005485082539682,-8.814029304029276e-05,-0.000462007032967,-0.0004877709401709,-0.0007360079365079,-0.0006019103052503,-0.0004923875457875,-0.0005340582417582,-0.0005430796092796
-0.0005706917704517,-0.0005309536019536,-0.0004105777777777,0.0005485082539682,-7.902175824175796e-05,-0.0004711256410256,-0.0004938681318681,-0.0007451317460317,-0.0006109842246642,-0.0004984295482295,-0.0005370755799755,-0.0005430796092796
-0.0005797986568986,-0.0005370214896214,-0.0004105777777777,0.0005575991697191,-8.510078144078116e-05,-0.0004741651770451,-0.0004969167277167,-0.0007542555555555,-0.0006170335042735,-0.0005044715506715,-0.0005431102564102,-0.0005491142857142
-0.0005858699145299,-0.0005400554334554,-0.0004075365079365,0.0005606294749694,-8.814029304029276e-05,-0.0004741651770451,-0.0004969167277167,-0.0007542555555555,-0.0006170335042735,-0.0005074925518925,-0.0005461275946275,-0.0005551489621489
-0.0005828342857142,-0.0005521912087912,-0.0004197015873015,0.00056669008547,-8.206126984126955e-05,-0.0004863233211233,-0.0004938681318681,-0.0007572968253968,-0.0006200581440781,-0.0005135345543345,-0.0005551796092796,-0.0005642009768009
-0.0005858699145299,-0.000558259096459,-0.0004227428571428,0.0005697203907203,-8.206126984126955e-05,-0.0004893628571428,-0.0004969167277167,-0.0007572968253968,-0.0006261074236874,-0.0005195765567765,-0.0005581969474969,-0.0005672183150183
-0.0005980124297924,-0.0005552251526251,-0.0004075365079365,0.000575781001221,-9.421931623931596e-05,-0.0004802442490842,-0.0004938681318681,-0.0007512142857142,-0.0006230827838827,-0.0005135345543345,-0.0005551796092796,-0.0005642009768009
-0.0005919411721611,-0.0005552251526251,-0.0004197015873015,0.0005727506959706,-8.510078144078116e-05,-0.0004863233211233,-0.0004938681318681,-0.0007542555555555,-0.0006261074236874,-0.0005165555555555,-0.0005581969474969,-0.0005672183150183
-0.0005737273992673,-0.000561293040293,-0.0004409904761904,0.00056669008547,-6.686371184371155e-05,-0.000501521001221,-0.0004969167277167,-0.000760338095238,-0.0006382059829059,-0.0005286395604395,-0.0005732836385836,-0.0005792876678876
-0.0005737273992673,-0.0005643269841269,-0.000447073015873,0.00056669008547,-6.382420024419996e-05,-0.0005045605372405,-0.0004969167277167,-0.000760338095238,-0.0006412306227106,-0.0005346815628815,-0.0005823356532356,-0.0005883396825396
-0.0005797986568986,-0.0005643269841269,-0.0004379492063492,0.0005697203907203,-6.990322344322315e-05,-0.000501521001221,-0.0004938681318681,-0.0007542555555555,-0.0006351813431013,-0.0005286395604395,-0.0005793183150183,-0.0005853223443223
-0.0005889055433455,-0.0005643269841269,-0.0004288253968253,0.000575781001221,-7.902175824175796e-05,-0.0004954419291819,-0.0004908195360195,-0.0007451317460317,-0.0006261074236874,-0.0005195765567765,-0.0005702663003663,-0.0005762703296703
-0.0005889055433455,-0.000561293040293,-0.0004257841269841,0.0005727506959706,-8.206126984126955e-05,-0.0004924023931623,-0.0004908195360195,-0.0007451317460317,-0.0006261074236874,-0.0005195765567765,-0.0005672489621489,-0.0005732529914529
-0.0005858699145299,-0.000558259096459,-0.0004227428571428,0.0005697203907203,-8.206126984126955e-05,-0.0004893628571428,-0.0004969167277167,-0.000748173015873,-0.000629132063492,-0.0005225975579975,-0.0005702663003663,-0.0005792876678876
-0.0005858699145299,-0.000561293040293,-0.0004318666666666,0.0005727506959706,-7.598224664224636e-05,-0.0004954419291819,-0.0004938681318681,-0.000748173015873,-0.0006321567032967,-0.0005256185592185,-0.0005702663003663,-0.000582305006105
-0.0005858699145299,-0.0005552251526251,-0.0004227428571428,0.0005697203907203,-8.206126984126955e-05,-0.0004893628571428,-0.0004908195360195,-0.0007390492063492,-0.0006261074236874,-0.0005195765567765,-0.0005702663003663,-0.0005792876678876
-0.0005889055433455,-0.0005552251526251,-0.0004166603174603,0.0005697203907203,-8.510078144078116e-05,-0.0004863233211233,-0.0004938681318681,-0.0007390492063492,-0.0006261074236874,-0.0005225975579975,-0.0005732836385836,-0.000582305006105
-0.0005919411721611,-0.0005552251526251,-0.0004166603174603,0.0005727506959706,-8.814029304029276e-05,-0.0004863233211233,-0.0004938681318681,-0.0007420904761904,-0.0006261074236874,-0.0005256185592185,-0.0005763009768009,-0.000582305006105
-0.0005919411721611,-0.000561293040293,-0.0004197015873015,0.000575781001221,-8.510078144078116e-05,-0.0004893628571428,-0.0004877709401709,-0.0007329666666666,-0.0006230827838827,-0.0005195765567765,-0.0005763009768009,-0.0005853223443223
-0.0005919411721611,-0.0005703948717948,-0.0004288253968253,0.0005788113064713,-8.206126984126955e-05,-0.0004984814652014,-0.0004816737484737,-0.0007238428571428,-0.0006230827838827,-0.0005225975579975,-0.0005763009768009,-0.0005883396825396
-0.0005889055433455,-0.0005673609279609,-0.0004318666666666,0.000575781001221,-7.902175824175796e-05,-0.0004984814652014,-0.0004877709401709,-0.0007208015873015,-0.0006230827838827,-0.0005225975579975,-0.0005763009768009,-0.0005883396825396
-0.0005980124297924,-0.0005643269841269,-0.0004166603174603,0.0005788113064713,-9.117980463980436e-05,-0.0004893628571428,-0.0004877709401709,-0.0007177603174603,-0.0006170335042735,-0.0005165555555555,-0.0005702663003663,-0.0005792876678876
-0.0006131905738705,-0.000561293040293,-0.0004014539682539,0.0005848719169719,-0.0001063773626373,-0.0004802442490842,-0.0004847223443223,-0.000714719047619,-0.0006140088644688,-0.0005105135531135,-0.0005642316239316,-0.0005762703296703
-0.0005949768009768,-0.000561293040293,-0.0004166603174603,0.000575781001221,-8.814029304029276e-05,-0.0004893628571428,-0.0004908195360195,-0.0007208015873015,-0.0006200581440781,-0.0005195765567765,-0.0005763009768009,-0.0005883396825396
-0.0005828342857142,-0.0005552251526251,-0.0004257841269841,0.00056669008547,-7.902175824175796e-05,-0.0004893628571428,-0.0004969167277167,-0.0007238428571428,-0.0006200581440781,-0.0005195765567765,-0.0005763009768009,-0.000591357020757
-0.0005797986568986,-0.0005461233211233,-0.0004227428571428,0.0005606294749694,-7.902175824175796e-05,-0.0004832837851037,-0.0004999653235653,-0.0007208015873015,-0.0006140088644688,-0.0005135345543345,-0.0005702663003663,-0.000582305006105
-0.000576763028083,-0.0005521912087912,-0.0004318666666666,0.0005636597802197,-7.294273504273476e-05,-0.0004924023931623,-0.0004969167277167,-0.000714719047619,-0.0006079595848595,-0.0005105135531135,-0.0005672489621489,-0.000582305006105
-0.0005797986568986,-0.000558259096459,-0.0004288253968253,0.00056669008547,-7.598224664224636e-05,-0.0004924023931623,-0.0004938681318681,-0.000714719047619,-0.0006049349450549,-0.0005074925518925,-0.0005642316239316,-0.0005792876678876
-0.0005797986568986,-0.0005552251526251,-0.0004257841269841,0.00056669008547,-7.598224664224636e-05,-0.0004893628571428,-0.0004938681318681,-0.0007177603174603,-0.0006049349450549,-0.0005074925518925,-0.0005642316239316,-0.000582305006105
-0.000576763028083,-0.0005552251526251,-0.0004288253968253,0.0005636597802197,-7.294273504273476e-05,-0.0004924023931623,-0.0004938681318681,-0.0007208015873015,-0.0006079595848595,-0.0005105135531135,-0.0005702663003663,-0.0005853223443223
-0.0005737273992673,-0.0005461233211233,-0.0004257841269841,0.0005575991697191,-7.294273504273476e-05,-0.0004863233211233,-0.0004999653235653,-0.0007208015873015,-0.0006079595848595,-0.0005105135531135,-0.0005702663003663,-0.000582305006105
-0.000576763028083,-0.0005309536019536,-0.0004075365079365,0.0005515385592185,-8.510078144078116e-05,-0.0004680861050061,-0.0005060625152625,-0.0007177603174603,-0.0006019103052503,-0.0004954085470085,-0.0005551796092796,-0.0005702356532356
-0.0005889055433455,-0.0005248857142857,-0.0003892888888888,0.0005545688644688,-0.0001002983394383,-0.0004559279609279,-0.0005030139194139,-0.000714719047619,-0.000595861025641,-0.0004923875457875,-0.0005491449328449,-0.0005672183150183
-0.0005858699145299,-0.0005309536019536,-0.0003984126984126,0.0005575991697191,-9.421931623931596e-05,-0.0004650465689865,-0.0004999653235653,-0.0007116777777777,-0.000595861025641,-0.0004954085470085,-0.0005551796092796,-0.0005702356532356
-0.000576763028083,-0.0005339875457875,-0.0004044952380952,0.0005545688644688,-8.510078144078116e-05,-0.0004680861050061,-0.0004999653235653,-0.0007116777777777,-0.000595861025641,-0.0004923875457875,-0.0005521622710622,-0.0005672183150183
-0.0005858699145299,-0.0005339875457875,-0.0003984126984126,0.0005575991697191,-9.421931623931596e-05,-0.0004650465689865,-0.0005030139194139,-0.000714719047619,-0.0005988856654456,-0.0004863455433455,-0.0005461275946275,-0.0005642009768009
-0.0005828342857142,-0.0005309536019536,-0.0004014539682539,0.0005545688644688,-9.117980463980436e-05,-0.0004650465689865,-0.0005091111111111,-0.0007177603174603,-0.0005988856654456,-0.0004833245421245,-0.0005461275946275,-0.0005611836385836
-0.0005737273992673,-0.0005279196581196,-0.0004075365079365,0.0005485082539682,-8.206126984126955e-05,-0.0004680861050061,-0.0005121597069597,-0.0007208015873015,-0.0005988856654456,-0.0004803035409035,-0.0005400929181929,-0.0005611836385836
-0.000576763028083,-0.0005309536019536,-0.0004075365079365,0.0005515385592185,-8.510078144078116e-05,-0.0004680861050061,-0.0005121597069597,-0.0007208015873015,-0.0006019103052503,-0.0004833245421245,-0.0005431102564102,-0.0005611836385836
-0.0005797986568986,-0.0005370214896214,-0.0004105777777777,0.0005575991697191,-8.510078144078116e-05,-0.0004741651770451,-0.0005121597069597,-0.0007268841269841,-0.0006049349450549,-0.0004893665445665,-0.0005491449328449,-0.0005672183150183
-0.0005828342857142,-0.0005339875457875,-0.0004075365079365,0.0005575991697191,-8.814029304029276e-05,-0.0004711256410256,-0.0005121597069597,-0.0007268841269841,-0.0006049349450549,-0.0004893665445665,-0.0005491449328449,-0.0005642009768009
-0.0005797986568986,-0.0005279196581196,-0.0004014539682539,0.0005515385592185,-8.814029304029276e-05,-0.0004650465689865,-0.0005213054945054,-0.0007329666666666,-0.0006109842246642,-0.0004923875457875,-0.0005491449328449,-0.0005672183150183
-0.0005828342857142,-0.0005188178266178,-0.0003892888888888,0.0005485082539682,-9.725882783882755e-05,-0.0004528884249084,-0.0005213054945054,-0.0007390492063492,-0.0006109842246642,-0.0004954085470085,-0.0005521622710622,-0.0005672183150183
-0.0005797986568986,-0.0005279196581196,-0.0003984126984126,0.0005515385592185,-9.117980463980436e-05,-0.000462007032967,-0.0005182568986568,-0.0007390492063492,-0.0006109842246642,-0.0004923875457875,-0.0005521622710622,-0.0005642009768009
-0.000576763028083,-0.0005430893772893,-0.0004166603174603,0.0005575991697191,-7.902175824175796e-05,-0.0004802442490842,-0.0005121597069597,-0.0007360079365079,-0.0006049349450549,-0.0004893665445665,-0.0005491449328449,-0.0005642009768009
-0.000576763028083,-0.0005461233211233,-0.0004227428571428,0.0005606294749694,-7.598224664224636e-05,-0.0004832837851037,-0.0005182568986568,-0.0007360079365079,-0.0006109842246642,-0.0004893665445665,-0.0005491449328449,-0.0005642009768009
-0.0005797986568986,-0.0005370214896214,-0.0004075365079365,0.0005575991697191,-8.510078144078116e-05,-0.0004711256410256,-0.0005274026862026,-0.0007420904761904,-0.0006140088644688,-0.0004893665445665,-0.0005461275946275,-0.0005611836385836
-0.0005858699145299,-0.0005309536019536,-0.0003923301587301,0.0005575991697191,-9.725882783882755e-05,-0.000462007032967,-0.0005304512820512,-0.0007451317460317,-0.0006140088644688,-0.0004893665445665,-0.0005431102564102,-0.0005611836385836
-0.0005828342857142,-0.0005370214896214,-0.0004044952380952,0.0005575991697191,-8.814029304029276e-05,-0.0004711256410256,-0.0005274026862026,-0.0007451317460317,-0.0006109842246642,-0.0004863455433455,-0.0005461275946275,-0.0005642009768009
-0.0005858699145299,-0.0005461233211233,-0.0004166603174603,0.0005636597802197,-8.510078144078116e-05,-0.0004802442490842,-0.000524354090354,-0.0007420904761904,-0.0006109842246642,-0.0004863455433455,-0.0005491449328449,-0.0005672183150183
-0.0005797986568986,-0.0005491572649572,-0.0004227428571428,0.0005636597802197,-7.902175824175796e-05,-0.0004863233211233,-0.000524354090354,-0.0007451317460317,-0.0006140088644688,-0.0004863455433455,-0.0005461275946275,-0.0005672183150183
-0.0005706917704517,-0.0005461233211233,-0.0004227428571428,0.0005575991697191,-7.294273504273476e-05,-0.0004832837851037,-0.0005334998778998,-0.0007451317460317,-0.0006200581440781,-0.0004923875457875,-0.0005461275946275,-0.0005642009768009
-0.0005737273992673,-0.0005461233211233,-0.0004197015873015,0.0005575991697191,-7.598224664224636e-05,-0.0004832837851037,-0.0005365484737484,-0.000748173015873,-0.0006230827838827,-0.0004984295482295,-0.0005491449328449,-0.0005642009768009
-0.000576763028083,-0.0005461233211233,-0.0004197015873015,0.0005606294749694,-7.902175824175796e-05,-0.0004832837851037,-0.0005304512820512,-0.0007512142857142,-0.0006261074236874,-0.0004954085470085,-0.0005521622710622,-0.0005672183150183
-0.0005828342857142,-0.0005521912087912,-0.0004197015873015,0.00056669008547,-8.206126984126955e-05,-0.0004863233211233,-0.0005274026862026,-0.0007512142857142,-0.0006261074236874,-0.0004984295482295,-0.0005551796092796,-0.0005672183150183
-0.0005858699145299,-0.0005521912087912,-0.0004166603174603,0.00056669008547,-8.510078144078116e-05,-0.0004832837851037,-0.0005274026862026,-0.0007572968253968,-0.0006261074236874,-0.0004984295482295,-0.0005551796092796,-0.0005702356532356
-0.0005858699145299,-0.0005461233211233,-0.0004105777777777,0.0005636597802197,-8.814029304029276e-05,-0.0004772047130647,-0.0005334998778998,-0.0007572968253968,-0.000629132063492,-0.0004984295482295,-0.0005551796092796,-0.0005732529914529
-0.0005919411721611,-0.0005491572649572,-0.0004044952380952,0.0005697203907203,-9.421931623931596e-05,-0.0004772047130647,-0.0005334998778998,-0.0007633793650793,-0.0006351813431013,-0.0005044715506715,-0.0005581969474969,-0.0005762703296703
-0.0005919411721611,-0.000558259096459,-0.0004166603174603,0.0005727506959706,-8.814029304029276e-05,-0.0004863233211233,-0.0005274026862026,-0.0007664206349206,-0.0006351813431013,-0.0005105135531135,-0.0005642316239316,-0.0005792876678876
-0.0005828342857142,-0.0005552251526251,-0.0004227428571428,0.00056669008547,-7.902175824175796e-05,-0.0004893628571428,-0.0005274026862026,-0.000760338095238,-0.0006321567032967,-0.0005014505494505,-0.0005581969474969,-0.0005702356532356
-0.0005828342857142,-0.0005521912087912,-0.0004227428571428,0.00056669008547,-7.902175824175796e-05,-0.0004863233211233,-0.0005304512820512,-0.0007512142857142,-0.000629132063492,-0.0004923875457875,-0.0005491449328449,-0.0005611836385836
-0.0005797986568986,-0.0005521912087912,-0.0004257841269841,0.0005636597802197,-7.598224664224636e-05,-0.0004893628571428,-0.0005365484737484,-0.0007542555555555,-0.0006321567032967,-0.0004984295482295,-0.0005521622710622,-0.0005611836385836
-0.000576763028083,-0.000558259096459,-0.0004318666666666,0.00056669008547,-7.294273504273476e-05,-0.0004954419291819,-0.000539597069597,-0.000760338095238,-0.0006412306227106,-0.0005044715506715,-0.0005612142857142,-0.0005732529914529
-0.0005797986568986,-0.0005643269841269,-0.0004379492063492,0.0005697203907203,-6.990322344322315e-05,-0.000501521001221,-0.0005334998778998,-0.000760338095238,-0.0006351813431013,-0.0005044715506715,-0.0005612142857142,-0.0005762703296703
-0.0005980124297924,-0.0005643269841269,-0.0004197015873015,0.0005788113064713,-8.814029304029276e-05,-0.0004924023931623,-0.0005304512820512,-0.0007572968253968,-0.000629132063492,-0.0004984295482295,-0.0005521622710622,-0.0005642009768009
-0.000601048058608,-0.0005521912087912,-0.0004014539682539,0.000575781001221,-0.0001002983394383,-0.0004772047130647,-0.0005365484737484,-0.0007572968253968,-0.0006321567032967,-0.0004984295482295,-0.0005521622710622,-0.0005642009768009
-0.0005980124297924,-0.0005339875457875,-0.0003862476190476,0.0005636597802197,-0.0001063773626373,-0.0004589674969474,-0.0005487428571428,-0.0007664206349206,-0.0006351813431013,-0.0005014505494505,-0.0005551796092796,-0.0005672183150183
-0.000601048058608,-0.0005339875457875,-0.0003832063492063,0.00056669008547,-0.0001094168742368,-0.0004589674969474,-0.0005456942612942,-0.0007664206349206,-0.0006321567032967,-0.0005014505494505,-0.0005551796092796,-0.0005672183150183
-0.0005919411721611,-0.0005461233211233,-0.0004105777777777,0.00056669008547,-9.117980463980436e-05,-0.0004772047130647,-0.0005365484737484,-0.0007633793650793,-0.0006321567032967,-0.0004984295482295,-0.0005551796092796,-0.0005702356532356
-0.000576763028083,-0.0005521912087912,-0.0004288253968253,0.0005636597802197,-7.294273504273476e-05,-0.0004893628571428,-0.0005334998778998,-0.0007664206349206,-0.0006351813431013,-0.0004984295482295,-0.0005581969474969,-0.0005732529914529
-0.000576763028083,-0.000558259096459,-0.0004349079365079,0.00056669008547,-6.990322344322315e-05,-0.0004954419291819,-0.0005365484737484,-0.0007633793650793,-0.0006321567032967,-0.0004984295482295,-0.0005581969474969,-0.0005732529914529
-0.0005797986568986,-0.0005552251526251,-0.0004288253968253,0.00056669008547,-7.598224664224636e-05,-0.0004924023931623,-0.0005365484737484,-0.0007633793650793,-0.0006321567032967,-0.0004954085470085,-0.0005521622710622,-0.0005672183150183
-0.0005858699145299,-0.0005552251526251,-0.0004197015873015,0.0005697203907203,-8.206126984126955e-05,-0.0004863233211233,-0.0005365484737484,-0.000760338095238,-0.000629132063492,-0.0004954085470085,-0.0005491449328449,-0.0005611836385836
-0.0005949768009768,-0.0005552251526251,-0.0004105777777777,0.0005727506959706,-9.117980463980436e-05,-0.0004832837851037,-0.000539597069597,-0.0007633793650793,-0.0006351813431013,-0.0005014505494505,-0.0005521622710622,-0.0005672183150183
-0.0005858699145299,-0.0005430893772893,-0.0004075365079365,0.0005636597802197,-8.814029304029276e-05,-0.0004741651770451,-0.0005456942612942,-0.0007725031746031,-0.0006442552625152,-0.0005074925518925,-0.0005612142857142,-0.0005762703296703
-0.0005737273992673,-0.0005370214896214,-0.000413619047619,0.0005545688644688,-7.902175824175796e-05,-0.0004741651770451,-0.0005487428571428,-0.0007694619047619,-0.0006442552625152,-0.0005074925518925,-0.0005642316239316,-0.0005792876678876
-0.0005706917704517,-0.0005370214896214,-0.0004166603174603,0.0005515385592185,-7.598224664224636e-05,-0.0004772047130647,-0.0005487428571428,-0.0007694619047619,-0.0006382059829059,-0.0005044715506715,-0.0005612142857142,-0.0005792876678876
-0.0005828342857142,-0.0005430893772893,-0.0004105777777777,0.0005606294749694,-8.510078144078116e-05,-0.0004772047130647,-0.0005426456654456,-0.0007694619047619,-0.000629132063492,-0.0004984295482295,-0.0005551796092796,-0.0005702356532356
-0.0005889055433455,-0.0005521912087912,-0.0004105777777777,0.0005697203907203,-8.814029304029276e-05,-0.0004802442490842,-0.000539597069597,-0.0007633793650793,-0.000629132063492,-0.0004923875457875,-0.0005491449328449,-0.0005611836385836
-0.0005919411721611,-0.0005521912087912,-0.0004105777777777,0.0005697203907203,-9.117980463980436e-05,-0.0004802442490842,-0.000539597069597,-0.000760338095238,-0.0006351813431013,-0.0004923875457875,-0.0005461275946275,-0.0005611836385836
-0.0005980124297924,-0.0005430893772893,-0.0003984126984126,0.0005697203907203,-0.0001002983394383,-0.0004711256410256,-0.0005426456654456,-0.000760338095238,-0.0006382059829059,-0.0004954085470085,-0.0005461275946275,-0.0005611836385836
-0.0005889055433455,-0.0005430893772893,-0.0004075365079365,0.0005636597802197,-9.117980463980436e-05,-0.0004741651770451,-0.0005487428571428,-0.000760338095238,-0.0006382059829059,-0.0004954085470085,-0.0005521622710622,-0.0005611836385836
-0.0005797986568986,-0.0005491572649572,-0.0004227428571428,0.0005636597802197,-7.902175824175796e-05,-0.0004863233211233,-0.0005487428571428,-0.0007572968253968,-0.0006351813431013,-0.0004954085470085,-0.0005521622710622,-0.0005642009768009
-0.0005949768009768,-0.0005491572649572,-0.0004105777777777,0.0005697203907203,-9.117980463980436e-05,-0.0004802442490842,-0.0005456942612942,-0.0007572968253968,-0.0006351813431013,-0.0004954085470085,-0.0005521622710622,-0.0005642009768009
-0.0005949768009768,-0.0005370214896214,-0.0003953714285714,0.0005636597802197,-0.0001002983394383,-0.0004650465689865,-0.0005517914529914,-0.0007633793650793,-0.0006382059829059,-0.0004984295482295,-0.0005521622710622,-0.0005672183150183
-0.0005797986568986,-0.0005309536019536,-0.0004014539682539,0.0005545688644688,-8.814029304029276e-05,-0.0004650465689865,-0.00055484004884,-0.0007633793650793,-0.0006351813431013,-0.0004984295482295,-0.0005491449328449,-0.0005672183150183
-0.0005828342857142,-0.0005430893772893,-0.000413619047619,0.0005606294749694,-8.510078144078116e-05,-0.0004772047130647,-0.0005487428571428,-0.0007542555555555,-0.0006321567032967,-0.0004954085470085,-0.0005491449328449,-0.0005642009768009
-0.0005919411721611,-0.0005552251526251,-0.0004166603174603,0.0005727506959706,-8.814029304029276e-05,-0.0004863233211233,-0.0005487428571428,-0.0007572968253968,-0.0006351813431013,-0.0005044715506715,-0.0005551796092796,-0.0005642009768009
-0.0005889055433455,-0.0005521912087912,-0.000413619047619,0.0005697203907203,-8.814029304029276e-05,-0.0004832837851037,-0.00055484004884,-0.0007633793650793,-0.0006442552625152,-0.0005135345543345,-0.0005612142857142,-0.0005672183150183
-0.0005858699145299,-0.0005491572649572,-0.000413619047619,0.00056669008547,-8.510078144078116e-05,-0.0004802442490842,-0.0005578886446886,-0.000760338095238,-0.0006472799023199,-0.0005074925518925,-0.0005612142857142,-0.0005702356532356
-0.0005889055433455,-0.0005552251526251,-0.0004166603174603,0.0005697203907203,-8.510078144078116e-05,-0.0004863233211233,-0.00055484004884,-0.0007542555555555,-0.0006351813431013,-0.0004984295482295,-0.0005551796092796,-0.0005642009768009
-0.0005858699145299,-0.000558259096459,-0.0004227428571428,0.0005697203907203,-8.206126984126955e-05,-0.0004893628571428,-0.0005517914529914,-0.0007542555555555,-0.0006321567032967,-0.0004954085470085,-0.0005521622710622,-0.0005642009768009
-0.0005919411721611,-0.000558259096459,-0.0004197015873015,0.0005727506959706,-8.510078144078116e-05,-0.0004893628571428,-0.00055484004884,-0.0007572968253968,-0.0006351813431013,-0.0004954085470085,-0.0005521622710622,-0.0005672183150183
-0.0005889055433455,-0.000558259096459,-0.0004197015873015,0.0005727506959706,-8.510078144078116e-05,-0.0004893628571428,-0.00055484004884,-0.0007542555555555,-0.0006351813431013,-0.0004984295482295,-0.0005551796092796,-0.0005702356532356
-0.0005858699145299,-0.000558259096459,-0.0004288253968253,0.0005697203907203,-7.902175824175796e-05,-0.0004924023931623,-0.0005578886446886,-0.0007542555555555,-0.0006351813431013,-0.0004984295482295,-0.0005581969474969,-0.0005732529914529
-0.0005828342857142,-0.0005491572649572,-0.0004197015873015,0.0005636597802197,-8.206126984126955e-05,-0.0004832837851037,-0.0005578886446886,-0.0007542555555555,-0.0006382059829059,-0.0004984295482295,-0.0005551796092796,-0.0005702356532356
-0.0005828342857142,-0.0005279196581196,-0.0003984126984126,0.0005545688644688,-9.117980463980436e-05,-0.000462007032967,-0.0005639858363858,-0.0007542555555555,-0.0006382059829059,-0.0005014505494505,-0.0005521622710622,-0.0005672183150183
-0.0005858699145299,-0.0005309536019536,-0.0003953714285714,0.0005575991697191,-9.421931623931596e-05,-0.000462007032967,-0.0005639858363858,-0.000760338095238,-0.0006412306227106,-0.0005074925518925,-0.0005551796092796,-0.0005702356532356
-0.0005889055433455,-0.0005430893772893,-0.0004014539682539,0.0005636597802197,-9.421931623931596e-05,-0.0004711256410256,-0.0005609372405372,-0.0007633793650793,-0.0006412306227106,-0.0005074925518925,-0.0005612142857142,-0.0005702356532356
-0.0005858699145299,-0.0005521912087912,-0.000413619047619,0.00056669008547,-8.510078144078116e-05,-0.0004832837851037,-0.0005609372405372,-0.000760338095238,-0.0006412306227106,-0.0005014505494505,-0.0005581969474969,-0.0005642009768009
-0.0005828342857142,-0.000558259096459,-0.0004227428571428,0.0005697203907203,-7.902175824175796e-05,-0.0004893628571428,-0.0005670344322344,-0.0007542555555555,-0.0006382059829059,-0.0004984295482295,-0.0005521622710622,-0.0005581663003663
-0.0005828342857142,-0.000558259096459,-0.0004197015873015,0.0005697203907203,-8.206126984126955e-05,-0.0004893628571428,-0.0005670344322344,-0.0007512142857142,-0.000629132063492,-0.0004923875457875,-0.0005491449328449,-0.0005551489621489
-0.0005858699145299,-0.000561293040293,-0.0004227428571428,0.0005727506959706,-8.206126984126955e-05,-0.0004924023931623,-0.0005609372405372,-0.0007512142857142,-0.0006261074236874,-0.0004923875457875,-0.0005521622710622,-0.0005581663003663
-0.0005828342857142,-0.000558259096459,-0.0004257841269841,0.0005697203907203,-7.902175824175796e-05,-0.0004924023931623,-0.00055484004884,-0.0007542555555555,-0.000629132063492,-0.0004954085470085,-0.0005551796092796,-0.0005642009768009
-0.000576763028083,-0.0005461233211233,-0.0004227428571428,0.0005606294749694,-7.598224664224636e-05,-0.0004832837851037,-0.00055484004884,-0.0007512142857142,-0.000629132063492,-0.0004954085470085,-0.0005521622710622,-0.0005642009768009
-0.0005797986568986,-0.0005370214896214,-0.000413619047619,0.0005575991697191,-8.206126984126955e-05,-0.0004741651770451,-0.0005517914529914,-0.0007420904761904,-0.0006230827838827,-0.0004923875457875,-0.0005491449328449,-0.0005581663003663
-0.000576763028083,-0.0005339875457875,-0.0004105777777777,0.0005545688644688,-8.206126984126955e-05,-0.0004711256410256,-0.0005517914529914,-0.0007329666666666,-0.0006200581440781,-0.0004893665445665,-0.0005491449328449,-0.0005581663003663
-0.0005797986568986,-0.0005339875457875,-0.0004075365079365,0.0005545688644688,-8.510078144078116e-05,-0.0004711256410256,-0.0005517914529914,-0.0007268841269841,-0.0006200581440781,-0.0004893665445665,-0.0005491449328449,-0.0005611836385836
-0.0005828342857142,-0.0005248857142857,-0.0003984126984126,0.0005515385592185,-9.117980463980436e-05,-0.000462007032967,-0.0005487428571428,-0.0007268841269841,-0.0006170335042735,-0.0004923875457875,-0.0005521622710622,-0.0005642009768009
-0.0005706917704517,-0.0005006141636141,-0.0003892888888888,0.0005333567277167,-9.117980463980436e-05,-0.0004437698168498,-0.000539597069597,-0.0007208015873015,-0.0006049349450549,-0.0004803035409035,-0.0005400929181929,-0.0005521316239316
-0.0005555136263736,-0.0004854444444444,-0.000380165079365,0.0005182052014652,-8.814029304029276e-05,-0.0004316116727716,-0.0005274026862026,-0.0007055952380952,-0.0005867871062271,-0.0004591565323565,-0.0005250062271062,-0.0005370449328449
-0.0005555136263736,-0.0004733086691086,-0.0003679999999999,0.0005121445909645,-9.421931623931596e-05,-0.0004194535286935,-0.0005152083028083,-0.0006934301587301,-0.0005777131868131,-0.0004500935286935,-0.0005159542124542,-0.0005279929181929
-0.0005585492551892,-0.000455105006105,-0.0003467111111111,0.0005060839804639,-0.0001063773626373,-0.0004012163125763,-0.0005182568986568,-0.0006903888888888,-0.0005746885470085,-0.0004470725274725,-0.0005099195360195,-0.0005279929181929
-0.0005464067399267,-0.000452071062271,-0.0003588761904761,0.000496993064713,-9.421931623931596e-05,-0.0004042558485958,-0.0005213054945054,-0.0006843063492063,-0.0005686392673992,-0.0004440515262515,-0.0005129368742368,-0.0005310102564102
-0.0005251573382173,-0.000452071062271,-0.0003771238095238,0.0004879021489621,-7.294273504273476e-05,-0.0004133744566544,-0.0005304512820512,-0.0006782238095238,-0.0005686392673992,-0.0004410305250305,-0.0005129368742368,-0.0005310102564102
-0.0005281929670329,-0.000455105006105,-0.0003771238095238,0.0004909324542124,-7.598224664224636e-05,-0.0004164139926739,-0.0005639858363858,-0.0006903888888888,-0.0005716639072039,-0.0004410305250305,-0.0005099195360195,-0.0005249755799755
-0.0005342642246642,-0.0004672407814407,-0.0003832063492063,0.0005000233699633,-7.598224664224636e-05,-0.0004255326007326,-0.0005883746031746,-0.0007086365079365,-0.0005807378266178,-0.0004470725274725,-0.0005099195360195,-0.0005219582417582
-0.0005281929670329,-0.0004824105006105,-0.0004044952380952,0.0005030536752136,-6.078468864468836e-05,-0.0004437698168498,-0.0005883746031746,-0.000714719047619,-0.0005898117460317,-0.0004561355311355,-0.0005189715506715,-0.0005249755799755
-0.0005312285958485,-0.0004975802197802,-0.0004166603174603,0.0005121445909645,-5.774517704517676e-05,-0.0004559279609279,-0.000585326007326,-0.0007268841269841,-0.0006049349450549,-0.0004712405372405,-0.0005340582417582,-0.0005400622710622
-0.0005494423687423,-0.0005127499389499,-0.0004197015873015,0.0005303264224664,-6.382420024419996e-05,-0.0004650465689865,-0.0005822774114774,-0.0007360079365079,-0.0006170335042735,-0.0004803035409035,-0.0005400929181929,-0.0005491142857142
-0.0005464067399267,-0.0005157838827838,-0.0004227428571428,0.0005303264224664,-6.078468864468836e-05,-0.0004680861050061,-0.0005822774114774,-0.0007329666666666,-0.0006170335042735,-0.0004803035409035,-0.0005340582417582,-0.0005430796092796
-0.0005403354822954,-0.000506682051282,-0.0004166603174603,0.0005212355067155,-6.078468864468836e-05,-0.000462007032967,-0.0005883746031746,-0.0007390492063492,-0.0006261074236874,-0.0004803035409035,-0.0005310409035409,-0.0005400622710622
-0.0005464067399267,-0.0005127499389499,-0.0004197015873015,0.0005272961172161,-6.382420024419996e-05,-0.0004650465689865,-0.0005914231990231,-0.0007512142857142,-0.0006442552625152,-0.0004954085470085,-0.0005461275946275,-0.0005521316239316
-0.0005494423687423,-0.0005370214896214,-0.0004379492063492,0.0005424476434676,-5.470566544566516e-05,-0.0004863233211233,-0.0005914231990231,-0.0007572968253968,-0.0006533291819291,-0.0005135345543345,-0.0005642316239316,-0.0005702356532356
-0.0005494423687423,-0.0005430893772893,-0.0004409904761904,0.0005454779487179,-5.470566544566516e-05,-0.0004924023931623,-0.0005914231990231,-0.0007572968253968,-0.0006533291819291,-0.0005105135531135,-0.0005642316239316,-0.0005702356532356
-0.0005646205128205,-0.0005521912087912,-0.0004349079365079,0.0005575991697191,-6.382420024419996e-05,-0.0004924023931623,-0.0005822774114774,-0.0007572968253968,-0.0006472799023199,-0.0005074925518925,-0.0005612142857142,-0.0005672183150183
-0.0005858699145299,-0.0005673609279609,-0.0004288253968253,0.000575781001221,-7.902175824175796e-05,-0.0004984814652014,-0.0005761802197802,-0.0007633793650793,-0.0006442552625152,-0.0005074925518925,-0.0005612142857142,-0.0005642009768009
-0.0006040836874236,-0.0005734288156288,-0.0004197015873015,0.0005879022222222,-9.117980463980436e-05,-0.0004954419291819,-0.0005639858363858,-0.0007633793650793,-0.0006472799023199,-0.0005105135531135,-0.0005642316239316,-0.0005672183150183
-0.0006040836874236,-0.0005764627594627,-0.0004257841269841,0.0005879022222222,-8.814029304029276e-05,-0.000501521001221,-0.0005609372405372,-0.0007664206349206,-0.0006533291819291,-0.0005195765567765,-0.0005702663003663,-0.0005732529914529
-0.0005919411721611,-0.0005825306471306,-0.0004409904761904,0.0005848719169719,-7.598224664224636e-05,-0.0005106396092796,-0.0005639858363858,-0.0007694619047619,-0.0006624031013431,-0.0005286395604395,-0.0005793183150183,-0.000582305006105
-0.0005889055433455,-0.0005916324786324,-0.0004501142857142,0.0005879022222222,-6.990322344322315e-05,-0.0005197582173382,-0.000570083028083,-0.0007664206349206,-0.0006684523809523,-0.0005286395604395,-0.0005823356532356,-0.0005853223443223
-0.0005919411721611,-0.0005946664224664,-0.0004531555555555,0.0005909325274725,-6.990322344322315e-05,-0.0005227977533577,-0.0005731316239316,-0.0007664206349206,-0.0006684523809523,-0.0005256185592185,-0.0005793183150183,-0.0005853223443223
-0.0006071193162393,-0.0005916324786324,-0.0004379492063492,0.0005969931379731,-8.510078144078116e-05,-0.0005136791452991,-0.000570083028083,-0.0007664206349206,-0.0006654277411477,-0.0005195765567765,-0.0005763009768009,-0.000582305006105
-0.0006192618315018,-0.0005855645909645,-0.0004197015873015,0.0006000234432234,-0.0001002983394383,-0.000501521001221,-0.000570083028083,-0.0007694619047619,-0.000671477020757,-0.0005195765567765,-0.0005763009768009,-0.0005762703296703
-0.0006071193162393,-0.0005764627594627,-0.0004197015873015,0.0005909325274725,-9.421931623931596e-05,-0.0004984814652014,-0.000570083028083,-0.0007694619047619,-0.0006745016605616,-0.0005286395604395,-0.0005793183150183,-0.0005792876678876
-0.0005949768009768,-0.0005764627594627,-0.0004288253968253,0.0005848719169719,-8.206126984126955e-05,-0.000501521001221,-0.000570083028083,-0.0007664206349206,-0.0006654277411477,-0.0005256185592185,-0.0005763009768009,-0.0005792876678876
-0.0005980124297924,-0.0005825306471306,-0.0004349079365079,0.0005879022222222,-8.206126984126955e-05,-0.00050760007326,-0.0005670344322344,-0.000760338095238,-0.0006563538217338,-0.0005165555555555,-0.0005732836385836,-0.0005762703296703
-0.0006040836874236,-0.0005794967032967,-0.0004257841269841,0.0005909325274725,-8.814029304029276e-05,-0.000501521001221,-0.0005670344322344,-0.0007542555555555,-0.0006533291819291,-0.0005135345543345,-0.0005672489621489,-0.0005732529914529
-0.0006131905738705,-0.0005703948717948,-0.0004105777777777,0.0005909325274725,-0.0001002983394383,-0.0004893628571428,-0.000570083028083,-0.000760338095238,-0.0006503045421245,-0.0005105135531135,-0.0005642316239316,-0.0005732529914529
-0.0006071193162393,-0.000561293040293,-0.0004014539682539,0.0005818416117216,-0.0001033378510378,-0.0004802442490842,-0.000570083028083,-0.0007633793650793,-0.0006503045421245,-0.0005105135531135,-0.0005672489621489,-0.0005732529914529
-0.000601048058608,-0.000561293040293,-0.0004105777777777,0.0005788113064713,-9.421931623931596e-05,-0.0004863233211233,-0.000570083028083,-0.0007633793650793,-0.0006503045421245,-0.0005165555555555,-0.0005702663003663,-0.0005762703296703
-0.000601048058608,-0.000561293040293,-0.0004105777777777,0.0005788113064713,-9.421931623931596e-05,-0.0004863233211233,-0.000570083028083,-0.0007542555555555,-0.0006412306227106,-0.0005044715506715,-0.0005642316239316,-0.0005762703296703
-0.000601048058608,-0.000558259096459,-0.0004075365079365,0.0005788113064713,-9.725882783882755e-05,-0.0004832837851037,-0.0005578886446886,-0.000714719047619,-0.0006079595848595,-0.0004893665445665,-0.0005642316239316,-0.0005853223443223
-0.0005949768009768,-0.0005036481074481,-0.0003588761904761,0.0005485082539682,-0.0001185354090354,-0.0004316116727716,-0.00055484004884,-0.0006782238095238,-0.0005383928693528,-0.0004531145299145,-0.0005521622710622,-0.0005883396825396
-0.0005706917704517,-0.00039746007326,-0.0002828444444444,0.0004818415384615,-0.0001428515018315,-0.0003404255921855,-0.0005792288156288,-0.0006082746031746,-0.0004476536752136,-0.0003745684981684,-0.0004978501831501,-0.0005551489621489
-0.000494801050061,-0.0002336271062271,-0.0001976888888888,0.0003636596336996,-0.0001489305250305,-0.0002158046153846,-0.0006249577533577,-0.0004531698412698,-0.0002782738461538,-0.0001993504273504,-0.0003681046398046,-0.0004646288156288
-0.0003581977533577,4.852967032967053e-05,-4.866666666666657e-05,0.0001545685714285,-0.0001550095482295,2.442002441966906e-09,-0.0007255614163614,-0.0003801793650793,-6.35244200244201e-05,7.858168498168446e-05,-0.0001267175824175,-0.0002835885225885
-0.0002033806837606,0.0004247387057387,0.0001703047619047,-0.0001090679853479,-0.0001854046642246,0.0002978769719169,-0.0009420117216117,-0.0005900269841269,9.980612942612936e-05,0.0004078708180708,0.0002082069597069,9.093284493283892e-06
-4.552798534798562e-05,0.0007675743589743,0.0003558222222222,-0.0003605833211233,-0.0002006022222222,0.0005623166056166,-0.0012377255189255,-0.0009610619047619,0.0001482003663003,0.0007129919413919,0.0005491661782661,0.0003259137973137
6.679028083028054e-05,0.0010133238095238,0.0004865968253968,-0.0005393713308913,-0.0002097207570207,0.0007507678388278,-0.0015608766788766,-0.0013533857142857,4.536261294261286e-05,0.000891231013431,0.0008026225885225,0.0006035089133089
0.0001032178266178,0.0009860183150183,0.0004166476190476,-0.0005424016361416,-0.0001550095482295,0.0007021352625152,-0.0017376952380952,-0.0016027698412698,-0.0001875346520146,0.0007673699633699,0.0007875358974358,0.0006910117216117
-4.2492356532356805e-05,0.0004550781440781,3.9530158730158814e-05,-0.0002060377533577,-3.950810744810717e-05,0.0002462048595848,-0.0016127028083028,-0.0017152968253968,-0.0006109842246642,0.0002235897435897,0.0003741605616605,0.0004435899877899
-0.000330877094017,-6.069230769230749e-05,-0.0001824825396825,0.0001939625396825,-7.294273504273476e-05,-0.0001215789987789,-0.0013810095238095,-0.0018764841269841,-0.0010525816361416,-0.0003292534798534,-4.52494505494507e-05,0.0001690122100122
-0.0005433711111111,-0.0002639665445665,-0.0001703174603174,0.0004030536019536,-0.0001854046642246,-0.0002158046153846,-0.0012194339438339,-0.0019616396825396,-0.0012794296214896,-0.0006192695970695,-0.0002775844932844,3.0586080586074578e-06
-0.000625333089133,-0.0004308334554334,-0.0002615555555555,0.0005272961172161,-0.0001823651526251,-0.0003465046642246,-0.0010913929181929,-0.001785246031746,-0.0012703557020757,-0.0007159416361416,-0.000425434065934,-0.0001628949938949
-0.0006465824908424,-0.0005461233211233,-0.0003558349206349,0.0005939628327228,-0.000145891013431,-0.0004498488888888,-0.0010060322344322,-0.0015449857142857,-0.0011644933089133,-0.0007068786324786,-0.0005069021978021,-0.0003047098901098
-0.0006374756043956,-0.0005794967032967,-0.0003923301587301,0.000606084053724,-0.0001215749206349,-0.0004863233211233,-0.0009328659340659,-0.0013381793650793,-0.0010465323565323,-0.0006676056166056,-0.0005400929181929,-0.0003982473748473
-0.0006192618315018,-0.0005855645909645,-0.0004197015873015,0.0006000234432234,-0.0001002983394383,-0.000501521001221,-0.0008139706959706,-0.001131373015873,-0.0009285714041514,-0.0006253115995115,-0.0005642316239316,-0.0004706634920634
-0.0006040836874236,-0.0005794967032967,-0.0004288253968253,0.0005909325274725,-8.814029304029276e-05,-0.0005045605372405,-0.0006767838827838,-0.0009276079365079,-0.0008075858119658,-0.0005739545787545,-0.0005702663003663,-0.0005159235653235
-0.0005828342857142,-0.0005339875457875,-0.0004044952380952,0.0005575991697191,-8.814029304029276e-05,-0.0004680861050061,-0.000585326007326,-0.0007846682539682,-0.0007107973382173,-0.0005195765567765,-0.0005521622710622,-0.0005249755799755
-0.0005646205128205,-0.0005006141636141,-0.0003832063492063,0.0005303264224664,-9.117980463980436e-05,-0.0004407302808302,-0.00055484004884,-0.0007116777777777,-0.0006503045421245,-0.0004863455433455,-0.0005340582417582,-0.0005219582417582
-0.0005676561416361,-0.0005006141636141,-0.0003832063492063,0.0005333567277167,-9.117980463980436e-05,-0.0004407302808302,-0.000539597069597,-0.0006843063492063,-0.0006261074236874,-0.0004742615384615,-0.0005250062271062,-0.0005249755799755
-0.0005737273992673,-0.0005188178266178,-0.0003892888888888,0.0005454779487179,-9.117980463980436e-05,-0.0004528884249084,-0.000524354090354,-0.0006630174603174,-0.0006109842246642,-0.0004742615384615,-0.0005310409035409,-0.0005340275946275
-0.0005949768009768,-0.0005188178266178,-0.0003740825396825,0.0005545688644688,-0.0001094168742368,-0.0004468093528693,-0.0005091111111111,-0.0006508523809523,-0.0006049349450549,-0.0004772825396825,-0.0005370755799755,-0.0005430796092796
-0.0005919411721611,-0.0005127499389499,-0.0003679999999999,0.0005515385592185,-0.0001124563858363,-0.0004407302808302,-0.0005060625152625,-0.0006447698412698,-0.0006019103052503,-0.0004833245421245,-0.0005431102564102,-0.0005521316239316
-0.000576763028083,-0.0005097159951159,-0.000380165079365,0.0005424476434676,-9.725882783882755e-05,-0.0004437698168498,-0.0005091111111111,-0.0006326047619047,-0.0005988856654456,-0.0004803035409035,-0.0005431102564102,-0.0005551489621489
-0.0005737273992673,-0.0005157838827838,-0.0003923301587301,0.0005424476434676,-9.117980463980436e-05,-0.0004528884249084,-0.0005060625152625,-0.0006204396825396,-0.0005898117460317,-0.0004772825396825,-0.0005431102564102,-0.0005551489621489
-0.0005737273992673,-0.0005218517704517,-0.0004014539682539,0.0005454779487179,-8.510078144078116e-05,-0.000462007032967,-0.0004999653235653,-0.0006143571428571,-0.0005837624664224,-0.0004772825396825,-0.0005491449328449,-0.0005581663003663
-0.0005858699145299,-0.0005248857142857,-0.0003953714285714,0.0005545688644688,-9.421931623931596e-05,-0.0004589674969474,-0.0004908195360195,-0.0006082746031746,-0.0005746885470085,-0.0004742615384615,-0.0005491449328449,-0.0005581663003663
-0.0005919411721611,-0.0005309536019536,-0.0003923301587301,0.0005606294749694,-0.0001002983394383,-0.000462007032967,-0.0004877709401709,-0.000602192063492,-0.0005716639072039,-0.0004712405372405,-0.0005461275946275,-0.0005551489621489
-0.0005706917704517,-0.0005188178266178,-0.0004014539682539,0.0005424476434676,-8.510078144078116e-05,-0.0004589674969474,-0.0004999653235653,-0.0005991507936507,-0.0005746885470085,-0.0004712405372405,-0.0005461275946275,-0.0005551489621489
-0.0005676561416361,-0.0005036481074481,-0.0003862476190476,0.0005333567277167,-9.117980463980436e-05,-0.0004437698168498,-0.0005060625152625,-0.0005961095238095,-0.0005716639072039,-0.0004651985347985,-0.0005400929181929,-0.0005551489621489
-0.0005797986568986,-0.0005006141636141,-0.0003710412698412,0.0005394173382173,-0.0001033378510378,-0.0004346512087912,-0.0004999653235653,-0.0005900269841269,-0.0005686392673992,-0.0004651985347985,-0.0005400929181929,-0.0005581663003663
-0.0005797986568986,-0.0005036481074481,-0.0003771238095238,0.0005394173382173,-0.0001002983394383,-0.0004407302808302,-0.0004969167277167,-0.0005869857142857,-0.0005625899877899,-0.0004682195360195,-0.0005461275946275,-0.0005611836385836
-0.0005737273992673,-0.0005127499389499,-0.0003862476190476,0.0005424476434676,-9.421931623931596e-05,-0.0004498488888888,-0.0004938681318681,-0.0005809031746031,-0.0005595653479853,-0.0004682195360195,-0.0005491449328449,-0.0005611836385836
-0.0005706917704517,-0.0005218517704517,-0.0004014539682539,0.0005454779487179,-8.510078144078116e-05,-0.000462007032967,-0.0004908195360195,-0.0005748206349206,-0.0005595653479853,-0.0004651985347985,-0.0005491449328449,-0.0005611836385836
-0.000576763028083,-0.0005188178266178,-0.0003923301587301,0.0005454779487179,-9.117980463980436e-05,-0.0004559279609279,-0.0004877709401709,-0.0005656968253968,-0.000553516068376,-0.0004621775335775,-0.0005431102564102,-0.0005551489621489
-0.000576763028083,-0.0005188178266178,-0.0003923301587301,0.0005454779487179,-9.117980463980436e-05,-0.0004559279609279,-0.0004816737484737,-0.000556573015873,-0.0005504914285714,-0.0004621775335775,-0.0005431102564102,-0.0005551489621489
-0.0005797986568986,-0.0005218517704517,-0.0003953714285714,0.0005485082539682,-9.117980463980436e-05,-0.0004589674969474,-0.0004816737484737,-0.0005596142857142,-0.000553516068376,-0.0004651985347985,-0.0005491449328449,-0.0005581663003663
-0.0005706917704517,-0.0005127499389499,-0.0003953714285714,0.0005394173382173,-8.814029304029276e-05,-0.0004528884249084,-0.0004847223443223,-0.000556573015873,-0.000553516068376,-0.0004651985347985,-0.0005491449328449,-0.0005581663003663
-0.0005585492551892,-0.0005097159951159,-0.0004044952380952,0.0005333567277167,-7.598224664224636e-05,-0.0004559279609279,-0.0004908195360195,-0.0005474492063492,-0.0005474667887667,-0.0004621775335775,-0.0005461275946275,-0.0005581663003663
-0.0005585492551892,-0.0005097159951159,-0.0004044952380952,0.0005333567277167,-7.598224664224636e-05,-0.0004559279609279,-0.0004938681318681,-0.0005413666666666,-0.0005444421489621,-0.0004591565323565,-0.0005431102564102,-0.0005581663003663
-0.0005737273992673,-0.0005006141636141,-0.000380165079365,0.000536387032967,-9.725882783882755e-05,-0.0004407302808302,-0.0004877709401709,-0.0005383253968253,-0.0005444421489621,-0.0004591565323565,-0.0005461275946275,-0.0005642009768009
-0.0005828342857142,-0.0004884783882783,-0.0003588761904761,0.0005333567277167,-0.0001124563858363,-0.000422493064713,-0.0004816737484737,-0.0005352841269841,-0.0005383928693528,-0.0004591565323565,-0.0005491449328449,-0.0005672183150183
-0.000576763028083,-0.0004975802197802,-0.0003771238095238,0.000536387032967,-0.0001002983394383,-0.0004376907448107,-0.0004786251526251,-0.0005200777777777,-0.0005323435897435,-0.0004561355311355,-0.0005491449328449,-0.0005611836385836
-0.0005585492551892,-0.0005157838827838,-0.0004075365079365,0.000536387032967,-7.598224664224636e-05,-0.000462007032967,-0.0004786251526251,-0.0005079126984126,-0.000520245030525,-0.0004500935286935,-0.0005431102564102,-0.0005551489621489
-0.0005494423687423,-0.0005157838827838,-0.0004197015873015,0.0005303264224664,-6.382420024419996e-05,-0.0004680861050061,-0.0004816737484737,-0.0005018301587301,-0.0005232696703296,-0.0004500935286935,-0.0005400929181929,-0.0005521316239316
-0.0005464067399267,-0.0005127499389499,-0.000413619047619,0.0005272961172161,-6.686371184371155e-05,-0.000462007032967,-0.0004816737484737,-0.0004957476190476,-0.0005262943101343,-0.0004531145299145,-0.0005400929181929,-0.0005521316239316
-0.0005524779975579,-0.0005036481074481,-0.0003984126984126,0.0005272961172161,-7.598224664224636e-05,-0.0004498488888888,-0.0004786251526251,-0.000489665079365,-0.0005232696703296,-0.0004531145299145,-0.0005431102564102,-0.0005551489621489
-0.0005494423687423,-0.0004975802197802,-0.0003953714285714,0.0005212355067155,-7.598224664224636e-05,-0.0004468093528693,-0.0004786251526251,-0.0004805412698412,-0.0005141957509157,-0.0004470725274725,-0.0005400929181929,-0.0005551489621489
-0.0005494423687423,-0.0005006141636141,-0.0004044952380952,0.0005242658119658,-7.294273504273476e-05,-0.0004528884249084,-0.0004725279609279,-0.0004622936507936,-0.0005020971916971,-0.0004410305250305,-0.0005370755799755,-0.0005521316239316
-0.0005464067399267,-0.0005006141636141,-0.0004075365079365,0.0005212355067155,-6.990322344322315e-05,-0.0004528884249084,-0.0004725279609279,-0.0004470873015873,-0.0004990725518925,-0.0004380095238095,-0.0005310409035409,-0.0005491142857142
-0.0005433711111111,-0.0004915123321123,-0.0004014539682539,0.0005151748962148,-6.990322344322315e-05,-0.0004468093528693,-0.0004725279609279,-0.0004410047619047,-0.0004990725518925,-0.0004410305250305,-0.0005340582417582,-0.0005551489621489
-0.0005494423687423,-0.0004915123321123,-0.0003984126984126,0.0005182052014652,-7.598224664224636e-05,-0.0004437698168498,-0.0004664307692307,-0.0004288396825396,-0.0004869739926739,-0.0004380095238095,-0.0005370755799755,-0.0005581663003663
-0.0005433711111111,-0.0004975802197802,-0.0004044952380952,0.0005182052014652,-6.990322344322315e-05,-0.0004498488888888,-0.0004603335775335,-0.0004075507936507,-0.0004748754334554,-0.0004289465201465,-0.0005310409035409,-0.0005551489621489
-0.0005403354822954,-0.0004915123321123,-0.0004044952380952,0.0005151748962148,-6.686371184371155e-05,-0.0004468093528693,-0.0004542363858363,-0.0003893031746031,-0.0004688261538461,-0.0004198835164835,-0.0005250062271062,-0.0005491142857142
-0.0005433711111111,-0.0004824105006105,-0.0003953714285714,0.0005121445909645,-7.294273504273476e-05,-0.0004376907448107,-0.0004511877899877,-0.000377138095238,-0.0004627768742368,-0.0004198835164835,-0.0005189715506715,-0.0005400622710622
-0.0005372998534798,-0.0004793765567765,-0.0003923301587301,0.0005060839804639,-7.294273504273476e-05,-0.0004346512087912,-0.0004481391941391,-0.0003588904761904,-0.0004567275946275,-0.0004198835164835,-0.0005159542124542,-0.0005340275946275
-0.0005312285958485,-0.0004642068376068,-0.0003892888888888,0.000496993064713,-6.990322344322315e-05,-0.0004255326007326,-0.0004542363858363,-0.0003436841269841,-0.0004567275946275,-0.0004198835164835,-0.0005159542124542,-0.0005370449328449
-0.0005160504517704,-0.0004490371184371,-0.0003892888888888,0.0004818415384615,-6.382420024419996e-05,-0.0004194535286935,-0.0004572849816849,-0.0003345603174603,-0.0004537029548229,-0.0004198835164835,-0.0005219888888888,-0.0005460969474969
-0.0005099791941391,-0.0004490371184371,-0.0003892888888888,0.0004788112332112,-6.078468864468836e-05,-0.0004194535286935,-0.0004450905982905,-0.0003071888888888,-0.0004325304761904,-0.0004077995115995,-0.0005099195360195,-0.0005400622710622
-0.0005251573382173,-0.000452071062271,-0.000380165079365,0.0004879021489621,-7.294273504273476e-05,-0.0004164139926739,-0.0004328962148962,-0.0002706936507936,-0.0004113579975579,-0.0003896735042735,-0.0004978501831501,-0.0005249755799755
-0.000519086080586,-0.000452071062271,-0.0003832063492063,0.0004848718437118,-6.686371184371155e-05,-0.0004164139926739,-0.0004298476190476,-0.0002463634920634,-0.0004053087179487,-0.0003896735042735,-0.0005008675213675,-0.0005249755799755
-0.0005039079365079,-0.0004369013431013,-0.0003862476190476,0.0004697203174603,-5.774517704517676e-05,-0.0004103349206349,-0.0004328962148962,-0.0002341984126984,-0.0004083333577533,-0.0004017575091575,-0.0005099195360195,-0.0005310102564102
-0.000494801050061,-0.0004095958485958,-0.0003649587301587,0.0004515384859584,-6.382420024419996e-05,-0.0003860186324786,-0.0004359448107448,-0.000218992063492,-0.0003992594383394,-0.0003957155067155,-0.0005038848595848,-0.0005249755799755
-0.000494801050061,-0.00039746007326,-0.0003527936507936,0.0004454778754578,-6.990322344322315e-05,-0.0003738604884004,-0.0004328962148962,-0.0001885793650793,-0.0003841362393162,-0.0003775894993894,-0.0004887981684981,-0.0005098888888888
-0.0004917654212454,-0.0003913921855921,-0.0003527936507936,0.0004394172649572,-6.990322344322315e-05,-0.0003708209523809,-0.0004298476190476,-0.0001581666666666,-0.000369013040293,-0.0003655054945054,-0.0004767288156288,-0.0004948021978021
-0.0004856941636141,-0.0003883582417582,-0.0003527936507936,0.0004363869597069,-6.686371184371155e-05,-0.0003708209523809,-0.0004237504273504,-0.0001368777777777,-0.0003569144810744,-0.0003564424908424,-0.0004646594627594,-0.0004827328449328
-0.0004765872771672,-0.0003792564102564,-0.0003588761904761,0.000427296043956,-5.774517704517676e-05,-0.0003677814163614,-0.0004207018315018,-0.0001277539682539,-0.0003538898412698,-0.0003534214896214,-0.0004616421245421,-0.0004797155067155
-0.000470516019536,-0.0003610527472527,-0.0003436698412698,0.0004151748229548,-6.382420024419996e-05,-0.0003525837362637,-0.0004176532356532,-0.0001155888888888,-0.0003478405616605,-0.0003443584859584,-0.0004495727716727,-0.0004676461538461
-0.0004644447619047,-0.0003489169719169,-0.000334546031746,0.0004060839072039,-6.382420024419996e-05,-0.0003404255921855,-0.0004176532356532,-0.0001034238095238,-0.0003387666422466,-0.0003352954822954,-0.0004405207570207,-0.0004555768009768
-0.0004583735042735,-0.0003367811965811,-0.0003254222222222,0.0003969929914529,-6.686371184371155e-05,-0.0003313069841269,-0.0004207018315018,-9.734126984126952e-05,-0.0003327173626373,-0.0003322744810744,-0.0004314687423687,-0.0004435074481074
-0.0004644447619047,-0.0003216114774114,-0.0003071746031746,0.0003909323809523,-7.902175824175796e-05,-0.0003130697680097,-0.0004237504273504,-8.821746031746001e-05,-0.0003327173626373,-0.0003292534798534,-0.000425434065934,-0.000431438095238
-0.0004644447619047,-0.0003003738705738,-0.0002889269841269,0.0003818414652014,-8.814029304029276e-05,-0.0002948325518925,-0.000426799023199,-8.517619047619017e-05,-0.000335742002442,-0.0003262324786324,-0.000416382051282,-0.0004193687423687
-0.0004614091330891,-0.0002791362637362,-0.0002737206349206,0.0003697202442002,-9.421931623931596e-05,-0.0002765953357753,-0.000426799023199,-8.517619047619017e-05,-0.0003327173626373,-0.0003232114774114,-0.00040733003663,-0.000404282051282
-0.0004462309890109,-0.0002670004884004,-0.0002706793650793,0.0003545687179487,-8.814029304029276e-05,-0.0002674767277167,-0.0004359448107448,-9.429999999999968e-05,-0.0003296927228327,-0.0003201904761904,-0.000398278021978,-0.00039523003663
-0.0004431953601953,-0.0002609326007326,-0.000267638095238,0.0003515384126984,-8.814029304029276e-05,-0.0002644371916971,-0.0004481391941391,-0.0001186301587301,-0.0003387666422466,-0.0003232114774114,-0.0003952606837606,-0.0003891953601953
-0.0004523022466422,-0.0002609326007326,-0.0002585142857142,0.0003545687179487,-9.725882783882755e-05,-0.0002583581196581,-0.0004481391941391,-0.0001460015873015,-0.0003417912820512,-0.0003201904761904,-0.000389226007326,-0.0003801433455433
-0.0004614091330891,-0.0002639665445665,-0.0002524317460317,0.0003606293284493,-0.0001033378510378,-0.0002583581196581,-0.0004450905982905,-0.0001764142857142,-0.0003448159218559,-0.0003171694749694,-0.0003831913308913,-0.0003710913308913
-0.0004614091330891,-0.0002639665445665,-0.0002493904761904,0.0003606293284493,-0.0001063773626373,-0.0002553185836385,-0.0004511877899877,-0.0002159507936507,-0.0003569144810744,-0.0003171694749694,-0.0003771566544566,-0.0003620393162393
-0.0004644447619047,-0.0002609326007326,-0.0002463492063492,0.0003606293284493,-0.0001094168742368,-0.000252279047619,-0.0004633821733821,-0.0002646111111111,-0.0003720376800976,-0.0003262324786324,-0.0003771566544566,-0.0003560046398046
-0.000470516019536,-0.0002548647130647,-0.0002372253968253,0.0003606293284493,-0.0001154958974358,-0.0002461999755799,-0.0004816737484737,-0.0003163126984126,-0.0003962347985347,-0.0003413374847374,-0.0003831913308913,-0.0003620393162393
-0.0004765872771672,-0.0002578986568986,-0.0002341841269841,0.0003666899389499,-0.0001215749206349,-0.0002461999755799,-0.0004969167277167,-0.0003680142857142,-0.0004204319169719,-0.0003564424908424,-0.0003922433455433,-0.0003680739926739
-0.0004826585347985,-0.0002730683760683,-0.0002433079365079,0.0003757808547008,-0.0001185354090354,-0.0002583581196581,-0.0005060625152625,-0.0004136333333333,-0.0004416043956043,-0.0003715474969474,-0.0004043126984126,-0.0003801433455433
-0.0005008723076923,-0.0002943059829059,-0.0002463492063492,0.0003969929914529,-0.0001276539438339,-0.0002705162637362,-0.0005060625152625,-0.0004531698412698,-0.0004537029548229,-0.0003775894993894,-0.0004133647130647,-0.000386178021978
-0.0005130148229548,-0.0003216114774114,-0.0002585142857142,0.0004151748229548,-0.0001276539438339,-0.0002887534798534,-0.0005091111111111,-0.0004927063492063,-0.0004658015140415,-0.0003836315018315,-0.0004224167277167,-0.0003982473748473
-0.000519086080586,-0.000345883028083,-0.0002798031746031,0.0004303263492063,-0.0001185354090354,-0.0003130697680097,-0.0005152083028083,-0.0005261603174603,-0.0004839493528693,-0.0003926945054945,-0.0004375034188034,-0.0004193687423687
-0.0005312285958485,-0.0003762224664224,-0.0003071746031746,0.0004515384859584,-0.0001124563858363,-0.0003404255921855,-0.0005152083028083,-0.0005626555555555,-0.0005051218315018,-0.0004138415140415,-0.0004616421245421,-0.0004465247863247
-0.0005403354822954,-0.0004065619047619,-0.0003284634920634,0.0004727506227106,-0.0001063773626373,-0.0003677814163614,-0.0005121597069597,-0.0005930682539682,-0.0005232696703296,-0.0004349885225885,-0.0004827634920634,-0.0004676461538461
-0.0005585492551892,-0.0004369013431013,-0.0003315047619047,0.000496993064713,-0.0001124563858363,-0.000382979096459,-0.0005091111111111,-0.0006113158730158,-0.0005353682295482,-0.0004410305250305,-0.0004948328449328,-0.0004797155067155
-0.0005615848840048,-0.000455105006105,-0.0003467111111111,0.0005060839804639,-0.0001063773626373,-0.0004012163125763,-0.0005121597069597,-0.0006326047619047,-0.0005474667887667,-0.0004531145299145,-0.0005069021978021,-0.0004948021978021
-0.0005585492551892,-0.0004702747252747,-0.0003649587301587,0.0005121445909645,-9.725882783882755e-05,-0.0004164139926739,-0.0005182568986568,-0.0006569349206349,-0.0005686392673992,-0.0004682195360195,-0.0005189715506715,-0.0005129062271062
-0.0005585492551892,-0.0004975802197802,-0.0003923301587301,0.0005272961172161,-8.206126984126955e-05,-0.0004437698168498,-0.0005213054945054,-0.0006751825396825,-0.0005867871062271,-0.0004833245421245,-0.0005400929181929,-0.0005340275946275
-0.0005615848840048,-0.0005248857142857,-0.000413619047619,0.0005424476434676,-7.294273504273476e-05,-0.0004680861050061,-0.0005182568986568,-0.000681265079365,-0.0005988856654456,-0.0004984295482295,-0.0005551796092796,-0.0005491142857142
-0.0005828342857142,-0.0005309536019536,-0.0004014539682539,0.0005545688644688,-9.117980463980436e-05,-0.0004650465689865,-0.0005121597069597,-0.0006843063492063,-0.0006049349450549,-0.0005014505494505,-0.0005612142857142,-0.0005521316239316
-0.0005889055433455,-0.0005248857142857,-0.0003923301587301,0.0005545688644688,-9.725882783882755e-05,-0.0004589674969474,-0.0005121597069597,-0.0006934301587301,-0.0006079595848595,-0.0005014505494505,-0.0005612142857142,-0.0005521316239316
-0.0005889055433455,-0.0005309536019536,-0.0003984126984126,0.0005575991697191,-9.421931623931596e-05,-0.0004650465689865,-0.0005152083028083,-0.0006995126984126,-0.0006109842246642,-0.0005044715506715,-0.0005642316239316,-0.0005581663003663
-0.0005949768009768,-0.0005521912087912,-0.0004105777777777,0.0005727506959706,-9.117980463980436e-05,-0.0004802442490842,-0.0005091111111111,-0.0007025539682539,-0.0006140088644688,-0.0005105135531135,-0.0005702663003663,-0.0005672183150183
-0.000601048058608,-0.0005673609279609,-0.0004166603174603,0.0005818416117216,-9.117980463980436e-05,-0.0004924023931623,-0.0005030139194139,-0.0007055952380952,-0.0006140088644688,-0.0005105135531135,-0.0005732836385836,-0.0005702356532356
-0.0005980124297924,-0.000561293040293,-0.000413619047619,0.0005788113064713,-9.117980463980436e-05,-0.0004863233211233,-0.0005030139194139,-0.000714719047619,-0.0006200581440781,-0.0005195765567765,-0.0005823356532356,-0.0005762703296703
-0.0005980124297924,-0.000561293040293,-0.0004166603174603,0.0005788113064713,-9.117980463980436e-05,-0.0004893628571428,-0.0005091111111111,-0.0007208015873015,-0.000629132063492,-0.0005286395604395,-0.0005883703296703,-0.000582305006105
-0.0005980124297924,-0.0005703948717948,-0.0004197015873015,0.0005818416117216,-8.814029304029276e-05,-0.0004954419291819,-0.0005060625152625,-0.0007208015873015,-0.000629132063492,-0.0005286395604395,-0.0005883703296703,-0.0005853223443223
-0.000601048058608,-0.0005794967032967,-0.0004288253968253,0.0005879022222222,-8.510078144078116e-05,-0.0005045605372405,-0.0004999653235653,-0.000714719047619,-0.0006261074236874,-0.0005256185592185,-0.0005883703296703,-0.0005853223443223
-0.0005980124297924,-0.0005855645909645,-0.0004409904761904,0.0005909325274725,-7.902175824175796e-05,-0.0005136791452991,-0.0004999653235653,-0.000714719047619,-0.0006261074236874,-0.0005286395604395,-0.0005883703296703,-0.0005853223443223
-0.000601048058608,-0.0005825306471306,-0.0004318666666666,0.0005909325274725,-8.510078144078116e-05,-0.00050760007326,-0.0004999653235653,-0.000714719047619,-0.0006261074236874,-0.0005256185592185,-0.0005883703296703,-0.000582305006105
-0.0006071193162393,-0.0005764627594627,-0.0004166603174603,0.0005909325274725,-9.421931623931596e-05,-0.0004954419291819,-0.0004999653235653,-0.0007116777777777,-0.0006230827838827,-0.0005225975579975,-0.0005823356532356,-0.0005792876678876
-0.000601048058608,-0.0005703948717948,-0.0004227428571428,0.0005848719169719,-8.814029304029276e-05,-0.0004954419291819,-0.0005030139194139,-0.0007116777777777,-0.000629132063492,-0.0005286395604395,-0.0005883703296703,-0.0005853223443223
-0.0005919411721611,-0.0005703948717948,-0.0004318666666666,0.0005788113064713,-7.902175824175796e-05,-0.000501521001221,-0.0005030139194139,-0.0007177603174603,-0.0006351813431013,-0.0005346815628815,-0.0006004396825396,-0.0005973916971916
-0.0005980124297924,-0.0005673609279609,-0.0004227428571428,0.0005818416117216,-8.814029304029276e-05,-0.0004954419291819,-0.0004999653235653,-0.000714719047619,-0.000629132063492,-0.0005316605616605,-0.0005974223443223,-0.0005943743589743
-0.000601048058608,-0.0005703948717948,-0.0004197015873015,0.0005848719169719,-9.117980463980436e-05,-0.0004954419291819,-0.0004938681318681,-0.0007025539682539,-0.0006200581440781,-0.0005256185592185,-0.0005913876678876,-0.0005883396825396
-0.0006040836874236,-0.0005703948717948,-0.0004197015873015,0.0005848719169719,-9.117980463980436e-05,-0.0004954419291819,-0.0004938681318681,-0.0006964714285714,-0.0006170335042735,-0.0005225975579975,-0.0005883703296703,-0.0005853223443223
-0.0006040836874236,-0.0005643269841269,-0.000413619047619,0.0005818416117216,-9.421931623931596e-05,-0.0004893628571428,-0.0004969167277167,-0.0006995126984126,-0.0006170335042735,-0.0005195765567765,-0.0005883703296703,-0.0005853223443223
-0.0006040836874236,-0.0005673609279609,-0.0004166603174603,0.0005848719169719,-9.421931623931596e-05,-0.0004924023931623,-0.0004969167277167,-0.0006934301587301,-0.0006109842246642,-0.0005195765567765,-0.0005883703296703,-0.0005883396825396
-0.0005980124297924,-0.0005734288156288,-0.0004318666666666,0.0005848719169719,-8.206126984126955e-05,-0.000501521001221,-0.0004938681318681,-0.0006934301587301,-0.0006079595848595,-0.0005195765567765,-0.0005913876678876,-0.0005943743589743
-0.0005889055433455,-0.0005734288156288,-0.0004379492063492,0.0005788113064713,-7.598224664224636e-05,-0.0005045605372405,-0.0004908195360195,-0.0006934301587301,-0.0006109842246642,-0.0005225975579975,-0.0005913876678876,-0.0005943743589743
-0.0005889055433455,-0.0005643269841269,-0.0004288253968253,0.000575781001221,-7.902175824175796e-05,-0.0004954419291819,-0.0004908195360195,-0.0006903888888888,-0.0006109842246642,-0.0005195765567765,-0.0005883703296703,-0.000591357020757
-0.0005949768009768,-0.0005673609279609,-0.0004257841269841,0.0005788113064713,-8.510078144078116e-05,-0.0004954419291819,-0.0004908195360195,-0.0006782238095238,-0.0006049349450549,-0.0005135345543345,-0.0005853529914529,-0.0005853223443223
-0.000601048058608,-0.0005764627594627,-0.0004288253968253,0.0005879022222222,-8.510078144078116e-05,-0.000501521001221,-0.0004877709401709,-0.0006721412698412,-0.0006049349450549,-0.0005135345543345,-0.0005853529914529,-0.0005853223443223
-0.0005889055433455,-0.0005703948717948,-0.0004318666666666,0.0005788113064713,-7.902175824175796e-05,-0.000501521001221,-0.0004908195360195,-0.0006782238095238,-0.0006109842246642,-0.0005165555555555,-0.0005883703296703,-0.0005853223443223
-0.0005858699145299,-0.000558259096459,-0.0004257841269841,0.0005697203907203,-7.902175824175796e-05,-0.0004924023931623,-0.0004938681318681,-0.000681265079365,-0.0006109842246642,-0.0005135345543345,-0.0005883703296703,-0.000582305006105
-0.0005889055433455,-0.0005521912087912,-0.000413619047619,0.0005697203907203,-8.814029304029276e-05,-0.0004832837851037,-0.0004938681318681,-0.0006843063492063,-0.0006079595848595,-0.0005105135531135,-0.0005793183150183,-0.0005792876678876
-0.0005858699145299,-0.0005491572649572,-0.0004166603174603,0.00056669008547,-8.510078144078116e-05,-0.0004832837851037,-0.0004999653235653,-0.000681265079365,-0.0006079595848595,-0.0005105135531135,-0.0005793183150183,-0.0005792876678876
-0.0005828342857142,-0.0005491572649572,-0.0004197015873015,0.0005636597802197,-8.206126984126955e-05,-0.0004832837851037,-0.0004999653235653,-0.0006782238095238,-0.0006019103052503,-0.0005074925518925,-0.0005793183150183,-0.0005792876678876
-0.0005858699145299,-0.0005491572649572,-0.000413619047619,0.00056669008547,-8.510078144078116e-05,-0.0004802442490842,-0.0004969167277167,-0.0006721412698412,-0.000595861025641,-0.0005014505494505,-0.0005702663003663,-0.0005732529914529
-0.0005828342857142,-0.0005400554334554,-0.0004105777777777,0.0005606294749694,-8.510078144078116e-05,-0.0004741651770451,-0.0004999653235653,-0.0006751825396825,-0.000595861025641,-0.0004923875457875,-0.0005642316239316,-0.0005642009768009
-0.0005737273992673,-0.0005309536019536,-0.0004105777777777,0.0005515385592185,-8.206126984126955e-05,-0.0004711256410256,-0.0005060625152625,-0.0006782238095238,-0.000595861025641,-0.0004893665445665,-0.0005612142857142,-0.0005611836385836
-0.0005737273992673,-0.0005309536019536,-0.0004075365079365,0.0005515385592185,-8.206126984126955e-05,-0.0004680861050061,-0.0005060625152625,-0.0006782238095238,-0.0005928363858363,-0.0004893665445665,-0.0005581969474969,-0.0005611836385836
-0.0005737273992673,-0.0005339875457875,-0.000413619047619,0.0005515385592185,-7.902175824175796e-05,-0.0004741651770451,-0.0005030139194139,-0.000681265079365,-0.0005928363858363,-0.0004893665445665,-0.0005612142857142,-0.0005611836385836
-0.0005737273992673,-0.0005279196581196,-0.0004044952380952,0.0005485082539682,-8.510078144078116e-05,-0.0004650465689865,-0.0005030139194139,-0.000681265079365,-0.000595861025641,-0.0004893665445665,-0.0005581969474969,-0.0005611836385836
-0.0005828342857142,-0.0005188178266178,-0.0003892888888888,0.0005485082539682,-9.725882783882755e-05,-0.0004528884249084,-0.0005060625152625,-0.000681265079365,-0.000595861025641,-0.0004893665445665,-0.0005521622710622,-0.0005521316239316
-0.0005828342857142,-0.0005188178266178,-0.0003862476190476,0.0005485082539682,-9.725882783882755e-05,-0.0004528884249084,-0.0005121597069597,-0.0006843063492063,-0.000595861025641,-0.0004893665445665,-0.0005521622710622,-0.0005551489621489
-0.0005737273992673,-0.0005218517704517,-0.0003984126984126,0.0005454779487179,-8.814029304029276e-05,-0.0004589674969474,-0.0005152083028083,-0.0006843063492063,-0.0005988856654456,-0.0004893665445665,-0.0005551796092796,-0.0005611836385836
-0.0005737273992673,-0.0005248857142857,-0.0004044952380952,0.0005485082539682,-8.510078144078116e-05,-0.0004650465689865,-0.0005152083028083,-0.0006843063492063,-0.000595861025641,-0.0004863455433455,-0.0005551796092796,-0.0005611836385836
-0.000576763028083,-0.0005248857142857,-0.0004014539682539,0.0005485082539682,-8.814029304029276e-05,-0.000462007032967,-0.0005091111111111,-0.0006873476190476,-0.000595861025641,-0.0004833245421245,-0.0005551796092796,-0.0005611836385836
-0.0005737273992673,-0.0005218517704517,-0.0003984126984126,0.0005454779487179,-8.814029304029276e-05,-0.0004589674969474,-0.0005091111111111,-0.0006903888888888,-0.0005928363858363,-0.0004803035409035,-0.0005551796092796,-0.0005611836385836
-0.0005737273992673,-0.0005157838827838,-0.0003923301587301,0.0005424476434676,-9.117980463980436e-05,-0.0004528884249084,-0.0005152083028083,-0.0006934301587301,-0.0005928363858363,-0.0004772825396825,-0.0005491449328449,-0.0005551489621489
-0.0005737273992673,-0.0005157838827838,-0.0003923301587301,0.0005424476434676,-9.117980463980436e-05,-0.0004528884249084,-0.0005182568986568,-0.0006964714285714,-0.000595861025641,-0.0004772825396825,-0.0005491449328449,-0.0005581663003663
-0.0005737273992673,-0.0005157838827838,-0.0003923301587301,0.0005424476434676,-9.117980463980436e-05,-0.0004528884249084,-0.0005182568986568,-0.0006995126984126,-0.0005988856654456,-0.0004803035409035,-0.0005521622710622,-0.0005611836385836
-0.0005676561416361,-0.0005188178266178,-0.0004044952380952,0.0005424476434676,-8.206126984126955e-05,-0.000462007032967,-0.0005213054945054,-0.0007055952380952,-0.0006019103052503,-0.0004833245421245,-0.0005581969474969,-0.0005672183150183
-0.0005585492551892,-0.0005248857142857,-0.0004166603174603,0.0005394173382173,-6.990322344322315e-05,-0.0004711256410256,-0.0005182568986568,-0.0006995126984126,-0.0006019103052503,-0.0004833245421245,-0.0005612142857142,-0.0005672183150183
-0.0005676561416361,-0.0005309536019536,-0.0004166603174603,0.0005485082539682,-7.598224664224636e-05,-0.0004741651770451,-0.0005182568986568,-0.0006964714285714,-0.0005988856654456,-0.0004803035409035,-0.0005581969474969,-0.0005611836385836
-0.0005676561416361,-0.0005309536019536,-0.000413619047619,0.0005485082539682,-7.598224664224636e-05,-0.0004711256410256,-0.000524354090354,-0.0007025539682539,-0.0006049349450549,-0.0004833245421245,-0.0005551796092796,-0.0005611836385836
-0.0005828342857142,-0.0005279196581196,-0.0003984126984126,0.0005545688644688,-9.117980463980436e-05,-0.000462007032967,-0.0005213054945054,-0.0007055952380952,-0.0006079595848595,-0.0004863455433455,-0.0005551796092796,-0.0005581663003663
-0.0005858699145299,-0.0005248857142857,-0.0003953714285714,0.0005545688644688,-9.421931623931596e-05,-0.0004589674969474,-0.000524354090354,-0.0007086365079365,-0.0006109842246642,-0.0004923875457875,-0.0005612142857142,-0.0005642009768009
-0.000576763028083,-0.0005188178266178,-0.0003953714285714,0.0005454779487179,-9.117980463980436e-05,-0.0004559279609279,-0.0005304512820512,-0.0007116777777777,-0.0006109842246642,-0.0004923875457875,-0.0005612142857142,-0.0005672183150183
-0.0005676561416361,-0.0005218517704517,-0.0004044952380952,0.0005424476434676,-8.206126984126955e-05,-0.000462007032967,-0.0005334998778998,-0.0007086365079365,-0.0006109842246642,-0.0004893665445665,-0.0005581969474969,-0.0005642009768009
-0.0005585492551892,-0.0005279196581196,-0.0004166603174603,0.0005424476434676,-6.990322344322315e-05,-0.0004711256410256,-0.0005365484737484,-0.0007086365079365,-0.0006140088644688,-0.0004863455433455,-0.0005581969474969,-0.0005642009768009
-0.0005585492551892,-0.0005279196581196,-0.0004166603174603,0.0005424476434676,-6.990322344322315e-05,-0.0004711256410256,-0.000539597069597,-0.0007086365079365,-0.0006140088644688,-0.0004863455433455,-0.0005551796092796,-0.0005611836385836
-0.0005676561416361,-0.0005309536019536,-0.000413619047619,0.0005485082539682,-7.598224664224636e-05,-0.0004711256410256,-0.0005334998778998,-0.0007116777777777,-0.0006140088644688,-0.0004863455433455,-0.0005521622710622,-0.0005551489621489
-0.0005797986568986,-0.0005370214896214,-0.0004044952380952,0.0005575991697191,-8.814029304029276e-05,-0.0004711256410256,-0.0005304512820512,-0.000714719047619,-0.0006109842246642,-0.0004863455433455,-0.0005521622710622,-0.0005521316239316
-0.0005706917704517,-0.0005339875457875,-0.000413619047619,0.0005515385592185,-7.902175824175796e-05,-0.0004741651770451,-0.0005334998778998,-0.0007177603174603,-0.0006140088644688,-0.0004863455433455,-0.0005551796092796,-0.0005551489621489
-0.0005676561416361,-0.0005279196581196,-0.000413619047619,0.0005454779487179,-7.598224664224636e-05,-0.0004711256410256,-0.0005426456654456,-0.0007177603174603,-0.0006200581440781,-0.0004923875457875,-0.0005581969474969,-0.0005581663003663
-0.0005706917704517,-0.0005218517704517,-0.0004044952380952,0.0005454779487179,-8.206126984126955e-05,-0.000462007032967,-0.0005456942612942,-0.0007238428571428,-0.0006230827838827,-0.0004984295482295,-0.0005612142857142,-0.0005581663003663
-0.0005706917704517,-0.0005218517704517,-0.0004044952380952,0.0005454779487179,-8.206126984126955e-05,-0.000462007032967,-0.0005456942612942,-0.0007299253968253,-0.0006230827838827,-0.0004984295482295,-0.0005612142857142,-0.0005642009768009
-0.000576763028083,-0.0005248857142857,-0.0003984126984126,0.0005485082539682,-8.814029304029276e-05,-0.000462007032967,-0.0005426456654456,-0.0007268841269841,-0.0006170335042735,-0.0004923875457875,-0.0005581969474969,-0.0005611836385836
-0.0005828342857142,-0.0005248857142857,-0.0003892888888888,0.0005515385592185,-9.725882783882755e-05,-0.0004559279609279,-0.0005426456654456,-0.0007238428571428,-0.0006170335042735,-0.0004893665445665,-0.0005551796092796,-0.0005581663003663
-0.000576763028083,-0.0005279196581196,-0.0003984126984126,0.0005515385592185,-8.814029304029276e-05,-0.000462007032967,-0.0005426456654456,-0.0007299253968253,-0.0006230827838827,-0.0004954085470085,-0.0005581969474969,-0.0005611836385836
-0.0005646205128205,-0.0005248857142857,-0.000413619047619,0.0005424476434676,-7.598224664224636e-05,-0.0004680861050061,-0.0005426456654456,-0.0007360079365079,-0.0006261074236874,-0.0004984295482295,-0.0005642316239316,-0.0005642009768009
-0.0005646205128205,-0.0005309536019536,-0.0004227428571428,0.0005454779487179,-6.990322344322315e-05,-0.0004772047130647,-0.0005456942612942,-0.0007360079365079,-0.000629132063492,-0.0004954085470085,-0.0005642316239316,-0.0005672183150183
-0.0005646205128205,-0.0005309536019536,-0.0004197015873015,0.0005454779487179,-7.294273504273476e-05,-0.0004741651770451,-0.0005487428571428,-0.0007329666666666,-0.000629132063492,-0.0004923875457875,-0.0005581969474969,-0.0005642009768009
-0.0005676561416361,-0.0005309536019536,-0.000413619047619,0.0005485082539682,-7.598224664224636e-05,-0.0004711256410256,-0.0005517914529914,-0.0007299253968253,-0.0006261074236874,-0.0004923875457875,-0.0005551796092796,-0.0005611836385836
-0.0005676561416361,-0.0005339875457875,-0.0004166603174603,0.0005485082539682,-7.598224664224636e-05,-0.0004741651770451,-0.00055484004884,-0.0007299253968253,-0.0006261074236874,-0.0004923875457875,-0.0005581969474969,-0.0005611836385836
-0.0005646205128205,-0.0005279196581196,-0.000413619047619,0.0005454779487179,-7.598224664224636e-05,-0.0004711256410256,-0.0005578886446886,-0.0007329666666666,-0.0006261074236874,-0.0004984295482295,-0.0005612142857142,-0.0005642009768009
-0.0005706917704517,-0.0005279196581196,-0.0004075365079365,0.0005485082539682,-8.206126984126955e-05,-0.0004680861050061,-0.0005517914529914,-0.0007329666666666,-0.0006230827838827,-0.0004954085470085,-0.0005612142857142,-0.0005642009768009
-0.0005797986568986,-0.0005248857142857,-0.0003984126984126,0.0005515385592185,-9.117980463980436e-05,-0.000462007032967,-0.0005487428571428,-0.0007329666666666,-0.0006200581440781,-0.0004923875457875,-0.0005612142857142,-0.0005642009768009
-0.0005889055433455,-0.0005097159951159,-0.0003740825396825,0.0005485082539682,-0.0001063773626373,-0.0004407302808302,-0.0005517914529914,-0.0007299253968253,-0.0006170335042735,-0.0004833245421245,-0.0005491449328449,-0.0005521316239316
-0.0005737273992673,-0.0004975802197802,-0.000380165079365,0.0005333567277167,-9.725882783882755e-05,-0.0004376907448107,-0.0005578886446886,-0.0007329666666666,-0.0006170335042735,-0.0004833245421245,-0.0005461275946275,-0.0005521316239316
-0.0005494423687423,-0.0005036481074481,-0.0004075365079365,0.0005242658119658,-6.990322344322315e-05,-0.0004559279609279,-0.0005670344322344,-0.0007360079365079,-0.0006261074236874,-0.0004923875457875,-0.0005551796092796,-0.0005611836385836
-0.0005585492551892,-0.0005218517704517,-0.000413619047619,0.0005394173382173,-7.294273504273476e-05,-0.0004680861050061,-0.0005578886446886,-0.0007329666666666,-0.0006230827838827,-0.0004893665445665,-0.0005551796092796,-0.0005581663003663
-0.0005615848840048,-0.0005248857142857,-0.0004166603174603,0.0005424476434676,-7.294273504273476e-05,-0.0004711256410256,-0.0005517914529914,-0.0007329666666666,-0.0006230827838827,-0.0004863455433455,-0.0005551796092796,-0.0005581663003663
-0.0005615848840048,-0.0005157838827838,-0.0004075365079365,0.000536387032967,-7.598224664224636e-05,-0.000462007032967,-0.0005517914529914,-0.0007329666666666,-0.0006261074236874,-0.0004863455433455,-0.0005521622710622,-0.0005551489621489
-0.0005646205128205,-0.0005097159951159,-0.0003984126984126,0.000536387032967,-8.206126984126955e-05,-0.0004528884249084,-0.00055484004884,-0.0007360079365079,-0.0006261074236874,-0.0004863455433455,-0.0005491449328449,-0.0005551489621489
-0.0005646205128205,-0.0005127499389499,-0.0004014539682539,0.000536387032967,-8.206126984126955e-05,-0.0004559279609279,-0.00055484004884,-0.0007390492063492,-0.0006261074236874,-0.0004893665445665,-0.0005521622710622,-0.0005581663003663
-0.0005585492551892,-0.0005097159951159,-0.0004014539682539,0.0005333567277167,-7.902175824175796e-05,-0.0004559279609279,-0.0005578886446886,-0.0007390492063492,-0.0006261074236874,-0.0004893665445665,-0.0005521622710622,-0.0005551489621489
-0.0005585492551892,-0.0005036481074481,-0.0003923301587301,0.0005303264224664,-8.206126984126955e-05,-0.0004468093528693,-0.0005578886446886,-0.0007390492063492,-0.0006230827838827,-0.0004863455433455,-0.0005461275946275,-0.0005491142857142
-0.0005676561416361,-0.0005036481074481,-0.0003832063492063,0.0005333567277167,-9.117980463980436e-05,-0.0004437698168498,-0.0005578886446886,-0.0007390492063492,-0.0006200581440781,-0.0004833245421245,-0.0005431102564102,-0.0005460969474969
-0.000576763028083,-0.0005036481074481,-0.0003771238095238,0.0005394173382173,-0.0001002983394383,-0.0004407302808302,-0.0005578886446886,-0.0007390492063492,-0.0006200581440781,-0.0004833245421245,-0.0005431102564102,-0.0005460969474969
-0.0005737273992673,-0.0005097159951159,-0.0003862476190476,0.0005394173382173,-9.421931623931596e-05,-0.0004468093528693,-0.00055484004884,-0.0007390492063492,-0.0006200581440781,-0.0004863455433455,-0.0005461275946275,-0.0005521316239316
-0.0005615848840048,-0.0005097159951159,-0.0003984126984126,0.0005333567277167,-8.206126984126955e-05,-0.0004528884249084,-0.0005517914529914,-0.0007451317460317,-0.0006261074236874,-0.0004923875457875,-0.0005491449328449,-0.0005611836385836
-0.0005555136263736,-0.0005036481074481,-0.0003984126984126,0.0005272961172161,-7.902175824175796e-05,-0.0004498488888888,-0.0005609372405372,-0.000748173015873,-0.0006351813431013,-0.0004954085470085,-0.0005551796092796,-0.0005642009768009
-0.0005676561416361,-0.0004945462759462,-0.000380165079365,0.0005303264224664,-9.421931623931596e-05,-0.0004376907448107,-0.0005639858363858,-0.0007451317460317,-0.0006321567032967,-0.0004954085470085,-0.0005491449328449,-0.0005581663003663
-0.0005676561416361,-0.0004945462759462,-0.000380165079365,0.0005303264224664,-9.421931623931596e-05,-0.0004376907448107,-0.0005609372405372,-0.0007390492063492,-0.0006230827838827,-0.0004893665445665,-0.0005491449328449,-0.0005521316239316
-0.0005615848840048,-0.0005097159951159,-0.0003984126984126,0.0005333567277167,-8.206126984126955e-05,-0.0004528884249084,-0.0005609372405372,-0.0007390492063492,-0.0006170335042735,-0.0004863455433455,-0.0005521622710622,-0.0005551489621489
-0.0005585492551892,-0.0005127499389499,-0.0004075365079365,0.0005333567277167,-7.598224664224636e-05,-0.0004589674969474,-0.00055484004884,-0.0007390492063492,-0.0006140088644688,-0.0004833245421245,-0.0005491449328449,-0.0005551489621489
-0.0005585492551892,-0.0005006141636141,-0.0003953714285714,0.0005272961172161,-8.206126984126955e-05,-0.0004468093528693,-0.0005487428571428,-0.0007329666666666,-0.0006079595848595,-0.0004742615384615,-0.0005400929181929,-0.0005460969474969
-0.0005615848840048,-0.0004854444444444,-0.0003740825396825,0.0005212355067155,-9.421931623931596e-05,-0.0004285721367521,-0.0005487428571428,-0.0007268841269841,-0.0006049349450549,-0.0004682195360195,-0.0005340582417582,-0.0005400622710622
-0.0005646205128205,-0.0004824105006105,-0.0003679999999999,0.0005212355067155,-9.725882783882755e-05,-0.0004255326007326,-0.0005456942612942,-0.0007238428571428,-0.0006049349450549,-0.0004712405372405,-0.0005310409035409,-0.0005400622710622
-0.0005524779975579,-0.0004793765567765,-0.0003771238095238,0.0005151748962148,-8.814029304029276e-05,-0.0004285721367521,-0.0005426456654456,-0.000714719047619,-0.0006019103052503,-0.0004712405372405,-0.0005310409035409,-0.0005400622710622
-0.0005433711111111,-0.000455105006105,-0.0003619174603174,0.000496993064713,-9.117980463980436e-05,-0.0004072953846153,-0.0005304512820512,-0.0007086365079365,-0.0005898117460317,-0.0004621775335775,-0.0005280235653235,-0.0005370449328449
-0.0005342642246642,-0.0004126297924297,-0.0003315047619047,0.0004727506227106,-0.0001002983394383,-0.0003708209523809,-0.0005213054945054,-0.0006934301587301,-0.0005686392673992,-0.0004410305250305,-0.0005099195360195,-0.0005189409035409
-0.0005160504517704,-0.0003944261294261,-0.0003315047619047,0.0004545687912087,-9.117980463980436e-05,-0.0003617023443223,-0.0005274026862026,-0.0006843063492063,-0.000553516068376,-0.0004289465201465,-0.0004948328449328,-0.0005068715506715
-0.0005251573382173,-0.000400494017094,-0.0003315047619047,0.0004606294017094,-9.725882783882755e-05,-0.0003647418803418,-0.0005304512820512,-0.0006690999999999,-0.0005444421489621,-0.0004198835164835,-0.0004857808302808,-0.0004978195360195
-0.0005221217094017,-0.0004065619047619,-0.0003375873015873,0.0004636597069597,-9.117980463980436e-05,-0.0003708209523809,-0.0005334998778998,-0.0006660587301587,-0.0005474667887667,-0.0004198835164835,-0.0004918155067155,-0.0005038542124542
-0.0005039079365079,-0.0004035279609279,-0.0003527936507936,0.0004515384859584,-7.598224664224636e-05,-0.00037690002442,-0.0005517914529914,-0.0006782238095238,-0.0005565407081807,-0.0004289465201465,-0.0005008675213675,-0.0005098888888888
-0.000519086080586,-0.0004035279609279,-0.0003375873015873,0.0004606294017094,-9.117980463980436e-05,-0.0003708209523809,-0.0005822774114774,-0.0006964714285714,-0.0005686392673992,-0.0004349885225885,-0.0004978501831501,-0.0005068715506715
-0.0005342642246642,-0.0004126297924297,-0.0003315047619047,0.0004727506227106,-0.0001002983394383,-0.0003708209523809,-0.0005975203907203,-0.000714719047619,-0.0005807378266178,-0.0004349885225885,-0.0004978501831501,-0.0005068715506715
-0.0005221217094017,-0.0004247655677655,-0.0003558349206349,0.0004727506227106,-8.206126984126955e-05,-0.0003890581684981,-0.0005944717948717,-0.0007177603174603,-0.0005867871062271,-0.0004440515262515,-0.0005038848595848,-0.0005159235653235
-0.0005251573382173,-0.0004581389499389,-0.0003862476190476,0.0004909324542124,-6.990322344322315e-05,-0.000422493064713,-0.000585326007326,-0.0007208015873015,-0.0005988856654456,-0.0004561355311355,-0.0005159542124542,-0.0005219582417582
-0.0005312285958485,-0.0004793765567765,-0.0004044952380952,0.0005030536752136,-6.382420024419996e-05,-0.0004407302808302,-0.0005822774114774,-0.0007299253968253,-0.0006079595848595,-0.0004651985347985,-0.0005250062271062,-0.0005279929181929
-0.0005221217094017,-0.0004642068376068,-0.0003953714285714,0.0004909324542124,-6.382420024419996e-05,-0.0004285721367521,-0.0005883746031746,-0.0007360079365079,-0.0006079595848595,-0.0004651985347985,-0.0005219888888888,-0.0005279929181929
-0.0005221217094017,-0.0004490371184371,-0.000380165079365,0.0004848718437118,-6.990322344322315e-05,-0.0004133744566544,-0.0005975203907203,-0.0007420904761904,-0.0006109842246642,-0.0004682195360195,-0.0005219888888888,-0.0005249755799755
-0.0005221217094017,-0.0004672407814407,-0.0003953714285714,0.0004939627594627,-6.382420024419996e-05,-0.0004316116727716,-0.0006036175824175,-0.0007512142857142,-0.0006230827838827,-0.0004803035409035,-0.0005370755799755,-0.0005400622710622
-0.0005281929670329,-0.0004975802197802,-0.0004166603174603,0.0005121445909645,-5.470566544566516e-05,-0.0004559279609279,-0.0005975203907203,-0.0007572968253968,-0.0006382059829059,-0.0004954085470085,-0.0005491449328449,-0.0005521316239316
-0.0005403354822954,-0.0005006141636141,-0.000413619047619,0.0005182052014652,-6.382420024419996e-05,-0.0004559279609279,-0.0005914231990231,-0.000760338095238,-0.0006412306227106,-0.0004984295482295,-0.0005521622710622,-0.0005521316239316
-0.0005494423687423,-0.0004975802197802,-0.0004014539682539,0.0005212355067155,-7.294273504273476e-05,-0.0004498488888888,-0.0005914231990231,-0.0007633793650793,-0.0006382059829059,-0.0004923875457875,-0.0005461275946275,-0.0005460969474969
-0.0005555136263736,-0.0004975802197802,-0.0003892888888888,0.0005242658119658,-8.206126984126955e-05,-0.0004437698168498,-0.000585326007326,-0.000760338095238,-0.0006321567032967,-0.0004863455433455,-0.0005370755799755,-0.0005400622710622
-0.0005676561416361,-0.0005097159951159,-0.0003923301587301,0.000536387032967,-8.814029304029276e-05,-0.0004498488888888,-0.0005792288156288,-0.000760338095238,-0.0006351813431013,-0.0004893665445665,-0.0005400929181929,-0.0005430796092796
-0.0005797986568986,-0.0005218517704517,-0.0003923301587301,0.0005485082539682,-9.421931623931596e-05,-0.0004559279609279,-0.0005761802197802,-0.0007664206349206,-0.0006412306227106,-0.0004954085470085,-0.0005461275946275,-0.0005521316239316
-0.0005949768009768,-0.0005339875457875,-0.0003892888888888,0.0005636597802197,-0.0001033378510378,-0.000462007032967,-0.0005731316239316,-0.0007725031746031,-0.0006503045421245,-0.0005044715506715,-0.0005551796092796,-0.0005551489621489
-0.0005828342857142,-0.0005339875457875,-0.0004014539682539,0.0005575991697191,-9.117980463980436e-05,-0.0004680861050061,-0.0005761802197802,-0.0007785857142857,-0.0006563538217338,-0.0005105135531135,-0.0005642316239316,-0.0005611836385836
-0.0005646205128205,-0.0005309536019536,-0.0004166603174603,0.0005454779487179,-7.294273504273476e-05,-0.0004741651770451,-0.0005883746031746,-0.0007816269841269,-0.0006593784615384,-0.0005135345543345,-0.0005672489621489,-0.0005702356532356
-0.0005646205128205,-0.0005309536019536,-0.0004166603174603,0.0005454779487179,-7.294273504273476e-05,-0.0004741651770451,-0.0005914231990231,-0.0007846682539682,-0.0006593784615384,-0.0005135345543345,-0.0005672489621489,-0.0005672183150183
-0.0005858699145299,-0.0005309536019536,-0.0003984126984126,0.0005575991697191,-9.421931623931596e-05,-0.0004650465689865,-0.000585326007326,-0.0007816269841269,-0.0006533291819291,-0.0005074925518925,-0.0005612142857142,-0.0005611836385836
-0.0005828342857142,-0.0005279196581196,-0.0003984126984126,0.0005545688644688,-9.117980463980436e-05,-0.000462007032967,-0.0005792288156288,-0.0007785857142857,-0.0006503045421245,-0.0005074925518925,-0.0005612142857142,-0.0005611836385836
-0.0005858699145299,-0.0005157838827838,-0.0003832063492063,0.0005485082539682,-0.0001002983394383,-0.0004498488888888,-0.0005731316239316,-0.0007694619047619,-0.0006382059829059,-0.0004954085470085,-0.0005521622710622,-0.0005491142857142
-0.0005949768009768,-0.0005127499389499,-0.0003679999999999,0.0005515385592185,-0.0001124563858363,-0.0004407302808302,-0.0005731316239316,-0.0007664206349206,-0.0006321567032967,-0.0004863455433455,-0.0005400929181929,-0.0005400622710622
-0.0005797986568986,-0.000506682051282,-0.000380165079365,0.0005424476434676,-0.0001002983394383,-0.0004437698168498,-0.0005792288156288,-0.0007664206349206,-0.0006321567032967,-0.0004863455433455,-0.0005431102564102,-0.0005460969474969
-0.000576763028083,-0.0005036481074481,-0.0003862476190476,0.0005394173382173,-9.421931623931596e-05,-0.0004437698168498,-0.0005792288156288,-0.0007664206349206,-0.0006321567032967,-0.0004863455433455,-0.0005461275946275,-0.0005491142857142
-0.000576763028083,-0.0005036481074481,-0.0003832063492063,0.0005394173382173,-9.725882783882755e-05,-0.0004437698168498,-0.0005761802197802,-0.0007694619047619,-0.0006321567032967,-0.0004863455433455,-0.0005431102564102,-0.0005460969474969
-0.0005828342857142,-0.000506682051282,-0.0003771238095238,0.0005424476434676,-0.0001033378510378,-0.0004407302808302,-0.0005792288156288,-0.0007664206349206,-0.0006261074236874,-0.0004833245421245,-0.0005400929181929,-0.0005460969474969
-0.000576763028083,-0.0005036481074481,-0.0003771238095238,0.0005394173382173,-0.0001002983394383,-0.0004407302808302,-0.0005792288156288,-0.0007451317460317,-0.0006079595848595,-0.0004742615384615,-0.0005400929181929,-0.0005491142857142
-0.0005676561416361,-0.0004824105006105,-0.0003679999999999,0.0005242658119658,-0.0001002983394383,-0.0004255326007326,-0.0005670344322344,-0.0007055952380952,-0.0005595653479853,-0.0004591565323565,-0.0005431102564102,-0.0005672183150183
-0.0005585492551892,-0.0004156637362637,-0.0003102158730158,0.0004848718437118,-0.0001246144322344,-0.0003617023443223,-0.0005670344322344,-0.0006599761904761,-0.0004899986324786,-0.0004229045177045,-0.0005280235653235,-0.0005672183150183
-0.0005221217094017,-0.0002791362637362,-0.0002068126984126,0.0004000232967032,-0.000158049059829,-0.0002431604395604,-0.0005914231990231,-0.0005596142857142,-0.0003720376800976,-0.0003111274725274,-0.0004465554334554,-0.0005159235653235
-0.0004219459584859,-6.069230769230749e-05,-9.124444444444436e-05,0.0002394171184371,-0.000164128083028,-7.598595848595852e-05,-0.0006462979242979,-0.0004197158730158,-0.0001693868131868,-9.05943833943839e-05,-0.0002775844932844,-0.0003982473748473
-0.000282307032967,0.0002700075702075,9.427301587301597e-05,6.083614163614193e-06,-0.0001884441758241,0.0001823746031746,-0.0007987277167277,-0.0004805412698412,3.326405372405365e-05,0.0002145267399267,6.04529914529899e-06,-0.000171947008547
-0.0001335612210012,0.0006613863247863,0.0003375746031746,-0.0002636135531135,-0.0002340368498168,0.0004984863492063,-0.0010609069597069,-0.0007877095238095,0.0001723974847374,0.0005589208791208,0.0003620912087912,0.0001478908424908
9.113333333333055e-06,0.0009860183150183,0.0005139682539682,-0.000496947057387,-0.0002522739194139,0.0007507678388278,-0.0013871067155067,-0.0011800333333333,0.0001663482051282,0.0008549789987789,0.0007030504273504,0.000470746031746
9.714656898656873e-05,0.0011771567765567,0.0006173714285714,-0.000636341098901,-0.0002583529426129,0.0008966655677655,-0.0016858691086691,-0.001514573015873,4.2337973137973054e-05,0.000984882051282,0.0009172814407814,0.0007211851037851
9.41109401709399e-05,0.0009769164835164,0.0004196888888888,-0.0005333107203907,-0.0001610885714285,0.0006990957264957,-0.0017773269841269,-0.0016879253968253,-0.0002540767277167,0.0007160129426129,0.0007694318681318,0.0007060984126984
-0.0001001693040293,0.0003306864468864,-2.737777777777768e-05,-0.0001151285958485,-3.6468595848595565e-05,0.0001519792429792,-0.0015852654456654,-0.0018034936507936,-0.0007591915750915,6.951868131868079e-05,0.0002745884004884,0.0003953125763125
-0.0003612333821733,-8.799780219780199e-05,-0.0001794412698412,0.0002242655921855,-9.117980463980436e-05,-0.0001337371428571,-0.0013779609279609,-0.0019798873015873,-0.0011856657875457,-0.0004380095238095,-0.0001055962148962,0.0001478908424908
-0.0005281929670329,-0.0002700344322344,-0.0001976888888888,0.0003969929914529,-0.000164128083028,-0.0002340418315018,-0.0012255311355311,-0.0019646809523809,-0.0013368977777777,-0.0006736476190476,-0.0003168098901098,-2.4097435897436496e-05
-0.0005980124297924,-0.0004126297924297,-0.0002706793650793,0.0005030536752136,-0.000164128083028,-0.0003404255921855,-0.0011005387057387,-0.0017426682539682,-0.0012582571428571,-0.0007159416361416,-0.0004405207570207,-0.000180999023199
-0.0006314043467643,-0.0004702747252747,-0.0002950095238095,0.0005485082539682,-0.0001671675946275,-0.000382979096459,-0.0010029836385836,-0.0014993666666666,-0.0011070251526251,-0.0006676056166056,-0.0004827634920634,-0.0002896231990231
-0.0006283687179487,-0.0004884783882783,-0.0003162984126984,0.0005575991697191,-0.0001550095482295,-0.0004012163125763,-0.0008932341880341,-0.0012743126984126,-0.000964867081807,-0.0006041645909645,-0.0004978501831501,-0.0003680739926739
-0.0005919411721611,-0.0004945462759462,-0.0003588761904761,0.0005424476434676,-0.0001154958974358,-0.0004255326007326,-0.0007682417582417,-0.0010583825396825,-0.0008408568498168,-0.0005588495726495,-0.0005189715506715,-0.0004374727716727
-0.0005555136263736,-0.0004763426129426,-0.0003710412698412,0.0005151748962148,-9.117980463980436e-05,-0.000422493064713,-0.0006554437118437,-0.0008759063492063,-0.0007319698168498,-0.0005105135531135,-0.0005189715506715,-0.0004766981684981
-0.0005433711111111,-0.0004338673992673,-0.0003436698412698,0.0004879021489621,-0.0001002983394383,-0.0003890581684981,-0.0005883746031746,-0.0007633793650793,-0.0006503045421245,-0.0004651985347985,-0.0005008675213675,-0.0004827328449328
-0.0005494423687423,-0.0004065619047619,-0.0003102158730158,0.0004757809279609,-0.0001185354090354,-0.0003586628083028,-0.0005578886446886,-0.0007086365079365,-0.0006019103052503,-0.0004380095238095,-0.0004857808302808,-0.0004797155067155
-0.0005524779975579,-0.0004126297924297,-0.0003132571428571,0.0004818415384615,-0.0001185354090354,-0.0003617023443223,-0.0005517914529914,-0.0006903888888888,-0.0005867871062271,-0.0004380095238095,-0.0004887981684981,-0.0004857501831501
-0.0005464067399267,-0.0004247655677655,-0.0003315047619047,0.0004848718437118,-0.0001063773626373,-0.00037690002442,-0.0005426456654456,-0.0006782238095238,-0.0005807378266178,-0.0004410305250305,-0.0005008675213675,-0.0004978195360195
-0.0005524779975579,-0.0004308334554334,-0.000334546031746,0.0004909324542124,-0.0001094168742368,-0.000382979096459,-0.0005334998778998,-0.0006599761904761,-0.0005746885470085,-0.0004470725274725,-0.0005069021978021,-0.0005068715506715
-0.0005524779975579,-0.0004308334554334,-0.000334546031746,0.0004909324542124,-0.0001094168742368,-0.000382979096459,-0.0005304512820512,-0.0006478111111111,-0.0005716639072039,-0.0004470725274725,-0.0005129368742368,-0.0005159235653235
-0.0005464067399267,-0.0004308334554334,-0.0003375873015873,0.0004879021489621,-0.0001033378510378,-0.000382979096459,-0.0005274026862026,-0.0006386873015873,-0.0005625899877899,-0.0004440515262515,-0.0005129368742368,-0.0005189409035409
-0.0005433711111111,-0.0004308334554334,-0.0003436698412698,0.0004848718437118,-0.0001002983394383,-0.0003860186324786,-0.0005213054945054,-0.0006326047619047,-0.0005565407081807,-0.0004349885225885,-0.0005099195360195,-0.0005159235653235
-0.0005433711111111,-0.0004338673992673,-0.0003436698412698,0.0004879021489621,-0.0001002983394383,-0.0003890581684981,-0.0005213054945054,-0.0006204396825396,-0.0005504914285714,-0.0004319675213675,-0.0005038848595848,-0.0005189409035409
-0.0005494423687423,-0.0004369013431013,-0.0003406285714285,0.0004909324542124,-0.0001033378510378,-0.0003890581684981,-0.0005152083028083,-0.0006173984126984,-0.0005474667887667,-0.0004319675213675,-0.0005038848595848,-0.0005189409035409
-0.0005524779975579,-0.0004369013431013,-0.000334546031746,0.0004939627594627,-0.0001094168742368,-0.0003860186324786,-0.0005121597069597,-0.0006143571428571,-0.0005444421489621,-0.0004289465201465,-0.0005069021978021,-0.0005159235653235
-0.0005615848840048,-0.0004277995115995,-0.0003193396825396,0.0004939627594627,-0.0001215749206349,-0.0003738604884004,-0.0005091111111111,-0.0006082746031746,-0.0005383928693528,-0.0004259255189255,-0.0005008675213675,-0.0005129062271062
-0.0005615848840048,-0.0004217316239316,-0.0003132571428571,0.0004909324542124,-0.0001246144322344,-0.0003677814163614,-0.0005121597069597,-0.0006052333333333,-0.0005353682295482,-0.0004289465201465,-0.0005008675213675,-0.0005159235653235
-0.0005494423687423,-0.0004186976800976,-0.0003254222222222,0.0004818415384615,-0.0001124563858363,-0.0003708209523809,-0.0005182568986568,-0.0006052333333333,-0.0005383928693528,-0.0004349885225885,-0.0005069021978021,-0.0005219582417582
-0.0005403354822954,-0.0004217316239316,-0.000334546031746,0.0004788112332112,-0.0001033378510378,-0.00037690002442,-0.0005182568986568,-0.0005991507936507,-0.0005353682295482,-0.0004349885225885,-0.0005099195360195,-0.0005249755799755
-0.0005433711111111,-0.0004247655677655,-0.0003375873015873,0.0004818415384615,-0.0001033378510378,-0.0003799395604395,-0.0005121597069597,-0.0005869857142857,-0.0005262943101343,-0.0004289465201465,-0.0005069021978021,-0.0005189409035409
-0.0005342642246642,-0.0004308334554334,-0.0003467111111111,0.0004818415384615,-9.421931623931596e-05,-0.0003890581684981,-0.0005091111111111,-0.0005809031746031,-0.0005232696703296,-0.0004259255189255,-0.0005038848595848,-0.0005189409035409
-0.0005251573382173,-0.0004308334554334,-0.0003588761904761,0.0004757809279609,-8.206126984126955e-05,-0.0003951372405372,-0.0005182568986568,-0.0005778619047619,-0.0005232696703296,-0.0004259255189255,-0.0005038848595848,-0.0005189409035409
-0.0005312285958485,-0.0004247655677655,-0.0003497523809523,0.0004757809279609,-9.117980463980436e-05,-0.0003860186324786,-0.0005182568986568,-0.0005748206349206,-0.0005232696703296,-0.0004259255189255,-0.0005038848595848,-0.0005189409035409
-0.0005464067399267,-0.0004186976800976,-0.0003254222222222,0.0004818415384615,-0.0001094168742368,-0.0003708209523809,-0.0005121597069597,-0.0005656968253968,-0.0005141957509157,-0.0004198835164835,-0.0004978501831501,-0.0005129062271062
-0.0005494423687423,-0.0004095958485958,-0.0003132571428571,0.0004788112332112,-0.0001185354090354,-0.0003617023443223,-0.0005091111111111,-0.000556573015873,-0.0005081464713064,-0.0004168625152625,-0.0004978501831501,-0.0005098888888888
-0.0005433711111111,-0.0004035279609279,-0.0003132571428571,0.0004727506227106,-0.0001154958974358,-0.0003586628083028,-0.0005091111111111,-0.0005535317460317,-0.0005051218315018,-0.0004108205128205,-0.0004948328449328,-0.0005068715506715
-0.0005342642246642,-0.0004035279609279,-0.0003254222222222,0.00046669001221,-0.0001033378510378,-0.0003647418803418,-0.0005121597069597,-0.0005444079365079,-0.0004990725518925,-0.0004077995115995,-0.0004918155067155,-0.0005098888888888
-0.0005281929670329,-0.0004095958485958,-0.000334546031746,0.00046669001221,-9.725882783882755e-05,-0.0003708209523809,-0.0005091111111111,-0.0005352841269841,-0.0004930232722832,-0.0004047785103785,-0.0004918155067155,-0.0005098888888888
-0.0005312285958485,-0.0004156637362637,-0.0003375873015873,0.0004727506227106,-9.725882783882755e-05,-0.00037690002442,-0.0005030139194139,-0.0005292015873015,-0.0004899986324786,-0.0004047785103785,-0.0004948328449328,-0.0005129062271062
-0.0005312285958485,-0.0004186976800976,-0.0003375873015873,0.0004727506227106,-9.725882783882755e-05,-0.00037690002442,-0.0005030139194139,-0.000523119047619,-0.0004899986324786,-0.0004108205128205,-0.0004978501831501,-0.0005159235653235
-0.0005372998534798,-0.0004065619047619,-0.0003223809523809,0.0004697203174603,-0.0001063773626373,-0.0003647418803418,-0.0004999653235653,-0.0005139952380952,-0.0004839493528693,-0.0004047785103785,-0.0004948328449328,-0.0005129062271062
-0.0005281929670329,-0.0003944261294261,-0.0003223809523809,0.0004606294017094,-0.0001033378510378,-0.0003586628083028,-0.0005030139194139,-0.0005079126984126,-0.0004809247130647,-0.0004047785103785,-0.0004918155067155,-0.0005098888888888
-0.0005130148229548,-0.0003913921855921,-0.000334546031746,0.0004515384859584,-8.814029304029276e-05,-0.0003617023443223,-0.0005121597069597,-0.0005018301587301,-0.0004809247130647,-0.0004047785103785,-0.0004918155067155,-0.0005129062271062
-0.0005160504517704,-0.0003883582417582,-0.0003284634920634,0.0004515384859584,-9.421931623931596e-05,-0.0003586628083028,-0.0005091111111111,-0.000489665079365,-0.0004748754334554,-0.0004017575091575,-0.0004918155067155,-0.0005129062271062
-0.0005281929670329,-0.0003913921855921,-0.0003162984126984,0.000457599096459,-0.0001063773626373,-0.0003525837362637,-0.0004969167277167,-0.0004744587301587,-0.0004627768742368,-0.0003926945054945,-0.0004857808302808,-0.0005098888888888
-0.0005221217094017,-0.0003944261294261,-0.0003254222222222,0.000457599096459,-9.725882783882755e-05,-0.0003586628083028,-0.0004908195360195,-0.0004622936507936,-0.0004567275946275,-0.0003926945054945,-0.0004827634920634,-0.0005068715506715
-0.0005099791941391,-0.0003913921855921,-0.000334546031746,0.0004485081807081,-8.814029304029276e-05,-0.0003617023443223,-0.0004938681318681,-0.0004501285714285,-0.0004537029548229,-0.0003896735042735,-0.0004797461538461,-0.0005068715506715
-0.0005039079365079,-0.0003883582417582,-0.0003375873015873,0.0004454778754578,-8.206126984126955e-05,-0.0003617023443223,-0.0004999653235653,-0.0004379634920634,-0.0004537029548229,-0.0003896735042735,-0.0004797461538461,-0.0005068715506715
-0.0004978366788766,-0.0003822903540903,-0.0003375873015873,0.0004394172649572,-7.902175824175796e-05,-0.0003586628083028,-0.0004969167277167,-0.0004257984126984,-0.0004476536752136,-0.0003866525030525,-0.0004797461538461,-0.0005068715506715
-0.0004978366788766,-0.0003731885225885,-0.0003315047619047,0.0004333566544566,-8.206126984126955e-05,-0.0003525837362637,-0.0004969167277167,-0.000410592063492,-0.000444629035409,-0.0003866525030525,-0.0004827634920634,-0.0005098888888888
-0.0004978366788766,-0.0003610527472527,-0.0003193396825396,0.000427296043956,-8.814029304029276e-05,-0.0003404255921855,-0.0004938681318681,-0.0003984269841269,-0.0004385797557997,-0.0003866525030525,-0.0004857808302808,-0.0005129062271062
-0.0005008723076923,-0.0003549848595848,-0.0003041333333333,0.000427296043956,-9.725882783882755e-05,-0.0003282674481074,-0.0004877709401709,-0.0003740968253968,-0.0004204319169719,-0.0003745684981684,-0.0004767288156288,-0.0005038542124542
-0.0005069435653235,-0.0003580188034188,-0.000301092063492,0.0004303263492063,-0.0001033378510378,-0.0003282674481074,-0.0004725279609279,-0.0003406428571428,-0.000402284078144,-0.0003624844932844,-0.0004646594627594,-0.0004948021978021
-0.0005008723076923,-0.0003580188034188,-0.0003102158730158,0.000427296043956,-9.421931623931596e-05,-0.0003343465201465,-0.0004694793650793,-0.0003193539682539,-0.0003932101587301,-0.0003564424908424,-0.0004616421245421,-0.0004917848595848
-0.0004887297924297,-0.0003489169719169,-0.0003132571428571,0.0004182051282051,-8.814029304029276e-05,-0.0003313069841269,-0.0004694793650793,-0.0003011063492063,-0.0003841362393162,-0.0003504004884004,-0.0004525901098901,-0.0004857501831501
-0.0004887297924297,-0.0003398151404151,-0.0002980507936507,0.0004121445177045,-9.421931623931596e-05,-0.0003191488400488,-0.0004664307692307,-0.0002767761904761,-0.000369013040293,-0.0003413374847374,-0.000443538095238,-0.0004766981684981
-0.0004765872771672,-0.0003246454212454,-0.0002980507936507,0.0004000232967032,-8.814029304029276e-05,-0.0003100302319902,-0.0004664307692307,-0.0002554873015873,-0.0003659884004884,-0.0003383164835164,-0.0004405207570207,-0.0004736808302808
-0.0004644447619047,-0.0003125096459096,-0.0002950095238095,0.000387902075702,-8.510078144078116e-05,-0.0003039511599511,-0.0004633821733821,-0.0002341984126984,-0.0003599391208791,-0.0003352954822954,-0.000434486080586,-0.0004706634920634
-0.0004674803907203,-0.0003064417582417,-0.0002889269841269,0.0003848717704517,-8.814029304029276e-05,-0.000297872087912,-0.0004572849816849,-0.0002098682539682,-0.0003538898412698,-0.0003292534798534,-0.0004314687423687,-0.0004676461538461
-0.0004674803907203,-0.0002943059829059,-0.0002798031746031,0.0003788111599511,-9.421931623931596e-05,-0.0002857139438339,-0.0004511877899877,-0.000185538095238,-0.0003417912820512,-0.0003232114774114,-0.0004284514041514,-0.0004646288156288
-0.0004583735042735,-0.0002730683760683,-0.000267638095238,0.0003636596336996,-9.421931623931596e-05,-0.0002705162637362,-0.0004481391941391,-0.0001612079365079,-0.000326668083028,-0.0003141484737484,-0.000416382051282,-0.0004495421245421
-0.0004431953601953,-0.0002548647130647,-0.0002645968253968,0.0003485081074481,-8.814029304029276e-05,-0.0002583581196581,-0.0004481391941391,-0.000139919047619,-0.0003145695238095,-0.0003020644688644,-0.0004043126984126,-0.0004404901098901
-0.0004340884737484,-0.0002396949938949,-0.0002615555555555,0.0003363868864468,-8.510078144078116e-05,-0.0002492395115995,-0.0004481391941391,-0.0001186301587301,-0.0003024709645909,-0.0002960224664224,-0.000398278021978,-0.0004344554334554
-0.0004401597313797,-0.0002336271062271,-0.0002433079365079,0.0003363868864468,-9.725882783882755e-05,-0.0002370813675213,-0.000442042002442,-9.429999999999968e-05,-0.0002903724053724,-0.0002899804639804,-0.0003922433455433,-0.000422386080586
-0.0004401597313797,-0.0002184573870573,-0.0002281015873015,0.0003272959706959,-0.0001063773626373,-0.0002218836874236,-0.0004328962148962,-8.213492063492033e-05,-0.0002843231257631,-0.0002809174603174,-0.0003801739926739,-0.0004072993894993
-0.0004280172161172,-0.0002002537240537,-0.000222019047619,0.0003121444444444,-0.0001033378510378,-0.0002097255433455,-0.0004359448107448,-7.30111111111108e-05,-0.0002782738461538,-0.0002718544566544,-0.0003711219780219,-0.00039523003663
-0.000412839072039,-0.000185084004884,-0.0002281015873015,0.0002969929181929,-9.117980463980436e-05,-0.000206686007326,-0.000442042002442,-6.388730158730128e-05,-0.0002782738461538,-0.0002658124542124,-0.0003620699633699,-0.000386178021978
-0.0004037321855921,-0.0001759821733821,-0.0002281015873015,0.000287902002442,-8.814029304029276e-05,-0.0002006069352869,-0.0004450905982905,-5.78047619047616e-05,-0.0002722245665445,-0.0002597704517704,-0.0003530179487179,-0.0003741086691086
-0.000412839072039,-0.0001608124542124,-0.0002037714285714,0.0002848716971916,-0.0001033378510378,-0.0001823697191697,-0.0004450905982905,-6.084603174603144e-05,-0.0002661752869352,-0.0002507074481074,-0.0003439659340659,-0.0003620393162393
-0.0004158747008547,-0.0001395748473748,-0.0001794412698412,0.0002757807814407,-0.0001185354090354,-0.0001580534310134,-0.0004450905982905,-7.30111111111108e-05,-0.0002691999267399,-0.0002537284493284,-0.0003349139194139,-0.0003499699633699
-0.0004067678144078,-0.0001183372405372,-0.0001642349206349,0.0002606292551892,-0.0001215749206349,-0.0001398162148962,-0.0004572849816849,-9.734126984126952e-05,-0.0002782738461538,-0.0002537284493284,-0.0003258619047619,-0.0003379006105006
-0.0004006965567765,-0.0001031675213675,-0.0001581523809523,0.0002515383394383,-0.0001215749206349,-0.0001306976068376,-0.0004725279609279,-0.0001247126984126,-0.0002903724053724,-0.0002537284493284,-0.0003198272283272,-0.0003318659340659
-0.0004098034432234,-0.0001001335775335,-0.0001459873015873,0.0002545686446886,-0.0001306934554334,-0.0001215789987789,-0.0004786251526251,-0.0001520841269841,-0.0002903724053724,-0.0002476864468864,-0.0003107752136752,-0.0003197965811965
-0.0004249815873015,-0.0001092354090354,-0.0001368634920634,0.0002666898656898,-0.0001428515018315,-0.0001215789987789,-0.0004786251526251,-0.0001824968253968,-0.0002873477655677,-0.0002356024420024,-0.0003017231990231,-0.0003047098901098
-0.0004371241025641,-0.0001122693528693,-0.0001307809523809,0.0002727504761904,-0.00015197003663,-0.0001215789987789,-0.0004816737484737,-0.0002281158730158,-0.0002964216849816,-0.0002386234432234,-0.0002956885225885,-0.0002986752136752
-0.0004249815873015,-0.0001062014652014,-0.0001368634920634,0.0002636595604395,-0.0001428515018315,-0.0001215789987789,-0.0004969167277167,-0.0002767761904761,-0.0003145695238095,-0.0002507074481074,-0.0002987058608058,-0.0002986752136752
-0.0004219459584859,-0.0001092354090354,-0.000142946031746,0.0002636595604395,-0.0001398119902319,-0.0001246185347985,-0.0005091111111111,-0.0003284777777777,-0.0003387666422466,-0.0002597704517704,-0.0003047405372405,-0.0002986752136752
-0.0004280172161172,-0.0001244051282051,-0.0001459873015873,0.0002757807814407,-0.0001398119902319,-0.0001337371428571,-0.0005213054945054,-0.0003801793650793,-0.0003599391208791,-0.0002748754578754,-0.0003137925518925,-0.0003107445665445
-0.0004492666178266,-0.0001486766788766,-0.0001490285714285,0.0002969929181929,-0.0001489305250305,-0.0001489348229548,-0.0005304512820512,-0.0004288396825396,-0.0003871608791208,-0.0002899804639804,-0.0003318965811965,-0.0003288485958485
-0.0004674803907203,-0.0001790161172161,-0.0001672761904761,0.0003212353601953,-0.0001489305250305,-0.0001732511111111,-0.0005365484737484,-0.0004774999999999,-0.0004083333577533,-0.0003050854700854,-0.0003500006105006,-0.0003469526251526
-0.0004765872771672,-0.0002063216117216,-0.000188565079365,0.0003394171916971,-0.0001428515018315,-0.0001975673992673,-0.000539597069597,-0.0005170365079365,-0.0004234565567765,-0.0003171694749694,-0.0003620699633699,-0.0003590219780219
-0.0004887297924297,-0.0002305931623931,-0.0002007301587301,0.000357599023199,-0.0001428515018315,-0.0002158046153846,-0.0005426456654456,-0.0005474492063492,-0.0004385797557997,-0.0003292534798534,-0.0003741393162393,-0.0003741086691086
-0.0004978366788766,-0.0002670004884004,-0.000222019047619,0.0003818414652014,-0.0001367724786324,-0.0002431604395604,-0.0005456942612942,-0.0005778619047619,-0.0004597522344322,-0.0003473794871794,-0.0003922433455433,-0.0004012647130647
-0.0005221217094017,-0.0002943059829059,-0.0002281015873015,0.0004060839072039,-0.000145891013431,-0.0002613976556776,-0.0005365484737484,-0.0006082746031746,-0.0004809247130647,-0.0003655054945054,-0.0004133647130647,-0.000422386080586
-0.0005312285958485,-0.0003185775335775,-0.0002433079365079,0.0004242657387057,-0.0001428515018315,-0.0002796348717948,-0.0005304512820512,-0.0006326047619047,-0.0004960479120879,-0.0003836315018315,-0.0004314687423687,-0.0004404901098901
-0.0005312285958485,-0.000345883028083,-0.000267638095238,0.0004363869597069,-0.0001306934554334,-0.0003069906959706,-0.0005365484737484,-0.0006599761904761,-0.0005141957509157,-0.0003987365079365,-0.0004495727716727,-0.0004555768009768
-0.0005312285958485,-0.0003701545787545,-0.0002889269841269,0.0004485081807081,-0.0001215749206349,-0.0003282674481074,-0.0005456942612942,-0.000681265079365,-0.0005293189499389,-0.0004138415140415,-0.0004646594627594,-0.0004706634920634
-0.0005342642246642,-0.0003883582417582,-0.0003102158730158,0.0004606294017094,-0.0001124563858363,-0.0003495442002442,-0.0005487428571428,-0.0006995126984126,-0.0005504914285714,-0.0004289465201465,-0.0004797461538461,-0.0004887675213675
-0.0005372998534798,-0.0003944261294261,-0.0003132571428571,0.0004636597069597,-0.0001124563858363,-0.0003525837362637,-0.0005517914529914,-0.0007086365079365,-0.0005625899877899,-0.0004380095238095,-0.0004887981684981,-0.0005008368742368
-0.0005403354822954,-0.0004065619047619,-0.0003193396825396,0.0004727506227106,-0.0001094168742368,-0.0003617023443223,-0.0005487428571428,-0.0007208015873015,-0.0005716639072039,-0.0004470725274725,-0.0004978501831501,-0.0005098888888888
-0.0005403354822954,-0.0004247655677655,-0.000334546031746,0.0004818415384615,-0.0001033378510378,-0.0003799395604395,-0.0005487428571428,-0.0007299253968253,-0.0005777131868131,-0.0004561355311355,-0.0005069021978021,-0.0005189409035409
-0.0005433711111111,-0.0004369013431013,-0.0003467111111111,0.0004879021489621,-9.725882783882755e-05,-0.0003920977045177,-0.0005456942612942,-0.0007329666666666,-0.0005777131868131,-0.0004561355311355,-0.0005099195360195,-0.0005219582417582
-0.0005494423687423,-0.0004490371184371,-0.0003497523809523,0.000496993064713,-0.0001002983394383,-0.0003981767765567,-0.000539597069597,-0.0007329666666666,-0.0005807378266178,-0.0004561355311355,-0.0005099195360195,-0.0005219582417582
-0.0005494423687423,-0.000455105006105,-0.0003588761904761,0.0005000233699633,-9.421931623931596e-05,-0.0004072953846153,-0.0005365484737484,-0.0007329666666666,-0.0005867871062271,-0.0004621775335775,-0.0005129368742368,-0.0005249755799755
-0.0005585492551892,-0.0004581389499389,-0.0003497523809523,0.0005060839804639,-0.0001033378510378,-0.0004042558485958,-0.0005334998778998,-0.0007390492063492,-0.0005867871062271,-0.0004651985347985,-0.0005159542124542,-0.0005279929181929
-0.000576763028083,-0.000452071062271,-0.0003254222222222,0.0005121445909645,-0.0001246144322344,-0.0003890581684981,-0.0005365484737484,-0.0007390492063492,-0.0005867871062271,-0.0004621775335775,-0.0005129368742368,-0.0005249755799755
-0.0005676561416361,-0.0004460031746031,-0.0003315047619047,0.0005060839804639,-0.0001185354090354,-0.0003890581684981,-0.0005365484737484,-0.0007390492063492,-0.0005928363858363,-0.0004682195360195,-0.0005159542124542,-0.0005310102564102
-0.0005494423687423,-0.000455105006105,-0.0003588761904761,0.0005000233699633,-9.421931623931596e-05,-0.0004072953846153,-0.000539597069597,-0.0007451317460317,-0.0005988856654456,-0.0004772825396825,-0.0005280235653235,-0.0005430796092796
-0.0005494423687423,-0.0004611728937728,-0.0003649587301587,0.0005030536752136,-9.117980463980436e-05,-0.0004133744566544,-0.0005334998778998,-0.0007451317460317,-0.0005988856654456,-0.0004772825396825,-0.0005310409035409,-0.0005430796092796
-0.0005706917704517,-0.0004642068376068,-0.0003436698412698,0.0005151748962148,-0.0001124563858363,-0.0004042558485958,-0.000524354090354,-0.0007360079365079,-0.0005898117460317,-0.0004712405372405,-0.0005280235653235,-0.0005370449328449
-0.0005706917704517,-0.0004702747252747,-0.0003497523809523,0.0005182052014652,-0.0001094168742368,-0.0004103349206349,-0.000524354090354,-0.0007329666666666,-0.0005898117460317,-0.0004712405372405,-0.0005280235653235,-0.0005370449328449
-0.0005524779975579,-0.0004763426129426,-0.0003740825396825,0.0005121445909645,-8.814029304029276e-05,-0.0004255326007326,-0.0005274026862026,-0.0007329666666666,-0.0005928363858363,-0.0004742615384615,-0.0005310409035409,-0.0005400622710622
-0.0005494423687423,-0.0004733086691086,-0.0003771238095238,0.0005091142857142,-8.510078144078116e-05,-0.0004255326007326,-0.0005274026862026,-0.0007329666666666,-0.0005928363858363,-0.0004742615384615,-0.0005310409035409,-0.0005400622710622
-0.0005524779975579,-0.0004763426129426,-0.0003771238095238,0.0005121445909645,-8.814029304029276e-05,-0.0004255326007326,-0.000524354090354,-0.0007360079365079,-0.0005928363858363,-0.0004772825396825,-0.0005370755799755,-0.0005460969474969
-0.0005615848840048,-0.0004733086691086,-0.0003649587301587,0.0005151748962148,-9.725882783882755e-05,-0.0004194535286935,-0.0005182568986568,-0.0007329666666666,-0.0005928363858363,-0.0004772825396825,-0.0005370755799755,-0.0005491142857142
-0.0005676561416361,-0.0004672407814407,-0.0003527936507936,0.0005151748962148,-0.0001063773626373,-0.0004103349206349,-0.0005182568986568,-0.0007268841269841,-0.0005867871062271,-0.0004742615384615,-0.0005310409035409,-0.0005430796092796
-0.0005585492551892,-0.0004642068376068,-0.0003588761904761,0.0005091142857142,-0.0001002983394383,-0.0004103349206349,-0.0005213054945054,-0.0007238428571428,-0.0005928363858363,-0.0004742615384615,-0.0005340582417582,-0.0005460969474969
-0.0005524779975579,-0.0004672407814407,-0.0003679999999999,0.0005091142857142,-9.117980463980436e-05,-0.0004164139926739,-0.0005182568986568,-0.000714719047619,-0.0005898117460317,-0.0004742615384615,-0.0005370755799755,-0.0005491142857142
-0.0005555136263736,-0.0004702747252747,-0.0003679999999999,0.0005121445909645,-9.421931623931596e-05,-0.0004194535286935,-0.0005121597069597,-0.0007086365079365,-0.0005898117460317,-0.0004742615384615,-0.0005370755799755,-0.0005491142857142
-0.0005706917704517,-0.0004642068376068,-0.0003497523809523,0.0005151748962148,-0.0001094168742368,-0.0004072953846153,-0.0004999653235653,-0.0007025539682539,-0.0005807378266178,-0.0004651985347985,-0.0005310409035409,-0.0005400622710622
-0.0005706917704517,-0.0004611728937728,-0.0003436698412698,0.0005151748962148,-0.0001124563858363,-0.0004012163125763,-0.0005030139194139,-0.0006995126984126,-0.0005777131868131,-0.0004651985347985,-0.0005280235653235,-0.0005400622710622
-0.0005524779975579,-0.0004642068376068,-0.0003649587301587,0.0005060839804639,-9.421931623931596e-05,-0.0004133744566544,-0.0005121597069597,-0.0007086365079365,-0.0005837624664224,-0.0004712405372405,-0.0005340582417582,-0.0005460969474969
-0.0005433711111111,-0.0004611728937728,-0.0003740825396825,0.0005000233699633,-8.510078144078116e-05,-0.0004164139926739,-0.0005121597069597,-0.0007086365079365,-0.0005837624664224,-0.0004712405372405,-0.0005340582417582,-0.0005491142857142
-0.0005464067399267,-0.0004642068376068,-0.0003710412698412,0.0005030536752136,-8.814029304029276e-05,-0.0004164139926739,-0.0005091111111111,-0.0007055952380952,-0.0005807378266178,-0.0004712405372405,-0.0005370755799755,-0.0005491142857142
-0.0005524779975579,-0.0004642068376068,-0.0003619174603174,0.0005060839804639,-9.421931623931596e-05,-0.0004133744566544,-0.0005060625152625,-0.0007025539682539,-0.0005807378266178,-0.0004682195360195,-0.0005340582417582,-0.0005460969474969
-0.0005464067399267,-0.000455105006105,-0.0003619174603174,0.0005000233699633,-9.117980463980436e-05,-0.0004072953846153,-0.0005060625152625,-0.0006995126984126,-0.0005807378266178,-0.0004682195360195,-0.0005340582417582,-0.0005460969474969
-0.0005433711111111,-0.0004490371184371,-0.0003588761904761,0.0004939627594627,-9.117980463980436e-05,-0.0004042558485958,-0.0005121597069597,-0.0006964714285714,-0.0005777131868131,-0.0004621775335775,-0.0005280235653235,-0.0005430796092796
-0.0005494423687423,-0.0004490371184371,-0.0003527936507936,0.000496993064713,-9.725882783882755e-05,-0.0004012163125763,-0.0005182568986568,-0.0006934301587301,-0.0005746885470085,-0.0004591565323565,-0.0005219888888888,-0.0005400622710622
-0.0005494423687423,-0.0004490371184371,-0.0003527936507936,0.000496993064713,-9.725882783882755e-05,-0.0004012163125763,-0.0005213054945054,-0.0006964714285714,-0.0005746885470085,-0.0004591565323565,-0.0005219888888888,-0.0005430796092796
-0.0005464067399267,-0.0004399352869352,-0.0003497523809523,0.0004909324542124,-9.725882783882755e-05,-0.0003951372405372,-0.0005182568986568,-0.0006964714285714,-0.0005686392673992,-0.0004561355311355,-0.0005189715506715,-0.0005340275946275
-0.0005433711111111,-0.0004338673992673,-0.0003436698412698,0.0004879021489621,-0.0001002983394383,-0.0003890581684981,-0.0005213054945054,-0.0006964714285714,-0.0005625899877899,-0.0004531145299145,-0.0005159542124542,-0.0005279929181929
-0.0005494423687423,-0.0004308334554334,-0.000334546031746,0.0004879021489621,-0.0001063773626373,-0.000382979096459,-0.000524354090354,-0.0006934301587301,-0.0005625899877899,-0.0004470725274725,-0.0005099195360195,-0.0005249755799755
-0.0005585492551892,-0.0004338673992673,-0.0003284634920634,0.0004939627594627,-0.0001154958974358,-0.0003799395604395,-0.0005213054945054,-0.0006934301587301,-0.0005625899877899,-0.0004410305250305,-0.0005069021978021,-0.0005249755799755
-0.0005403354822954,-0.0004369013431013,-0.0003497523809523,0.0004879021489621,-9.421931623931596e-05,-0.0003920977045177,-0.0005213054945054,-0.0006964714285714,-0.0005656146275946,-0.0004440515262515,-0.0005099195360195,-0.0005310102564102
-0.0005281929670329,-0.0004338673992673,-0.0003558349206349,0.0004788112332112,-8.510078144078116e-05,-0.0003951372405372,-0.0005274026862026,-0.0006995126984126,-0.0005656146275946,-0.0004440515262515,-0.0005099195360195,-0.0005279929181929
-0.0005342642246642,-0.0004277995115995,-0.0003467111111111,0.0004788112332112,-9.421931623931596e-05,-0.0003860186324786,-0.0005304512820512,-0.0006995126984126,-0.0005625899877899,-0.0004410305250305,-0.0005069021978021,-0.0005219582417582
-0.0005433711111111,-0.0004338673992673,-0.0003467111111111,0.0004879021489621,-9.725882783882755e-05,-0.0003890581684981,-0.0005334998778998,-0.0006995126984126,-0.0005656146275946,-0.0004440515262515,-0.0005069021978021,-0.0005219582417582
-0.0005403354822954,-0.0004338673992673,-0.0003467111111111,0.0004848718437118,-9.725882783882755e-05,-0.0003890581684981,-0.0005334998778998,-0.0007055952380952,-0.0005686392673992,-0.0004500935286935,-0.0005099195360195,-0.0005249755799755
-0.0005342642246642,-0.0004217316239316,-0.0003375873015873,0.0004757809279609,-9.725882783882755e-05,-0.0003799395604395,-0.0005365484737484,-0.0007086365079365,-0.0005716639072039,-0.0004500935286935,-0.0005099195360195,-0.0005219582417582
-0.0005403354822954,-0.0004156637362637,-0.0003284634920634,0.0004757809279609,-0.0001063773626373,-0.0003708209523809,-0.0005365484737484,-0.0007086365079365,-0.0005746885470085,-0.0004440515262515,-0.0005069021978021,-0.0005219582417582
-0.0005312285958485,-0.0004156637362637,-0.0003375873015873,0.0004727506227106,-9.725882783882755e-05,-0.00037690002442,-0.0005426456654456,-0.0007055952380952,-0.0005716639072039,-0.0004440515262515,-0.0005038848595848,-0.0005219582417582
-0.0005281929670329,-0.0004247655677655,-0.0003497523809523,0.0004757809279609,-8.814029304029276e-05,-0.0003860186324786,-0.0005426456654456,-0.0007055952380952,-0.0005716639072039,-0.0004410305250305,-0.0005008675213675,-0.0005219582417582
-0.0005312285958485,-0.0004338673992673,-0.0003527936507936,0.0004818415384615,-8.814029304029276e-05,-0.0003920977045177,-0.0005365484737484,-0.0007086365079365,-0.0005686392673992,-0.0004380095238095,-0.0005008675213675,-0.0005219582417582
-0.0005403354822954,-0.0004308334554334,-0.0003406285714285,0.0004848718437118,-0.0001002983394383,-0.0003860186324786,-0.0005334998778998,-0.0007086365079365,-0.0005656146275946,-0.0004349885225885,-0.0004978501831501,-0.0005159235653235
-0.0005524779975579,-0.0004369013431013,-0.0003375873015873,0.0004939627594627,-0.0001063773626373,-0.0003860186324786,-0.0005304512820512,-0.000714719047619,-0.0005656146275946,-0.0004380095238095,-0.0005008675213675,-0.0005129062271062
-0.0005555136263736,-0.0004399352869352,-0.0003375873015873,0.000496993064713,-0.0001094168742368,-0.0003890581684981,-0.0005334998778998,-0.000714719047619,-0.0005686392673992,-0.0004410305250305,-0.0005008675213675,-0.0005159235653235
-0.0005403354822954,-0.0004308334554334,-0.0003436698412698,0.0004848718437118,-9.725882783882755e-05,-0.0003860186324786,-0.000539597069597,-0.0007208015873015,-0.0005746885470085,-0.0004500935286935,-0.0005069021978021,-0.0005219582417582
-0.0005403354822954,-0.0004308334554334,-0.0003436698412698,0.0004848718437118,-9.725882783882755e-05,-0.0003860186324786,-0.000539597069597,-0.0007238428571428,-0.0005807378266178,-0.0004531145299145,-0.0005099195360195,-0.0005279929181929
-0.0005403354822954,-0.0004399352869352,-0.0003527936507936,0.0004879021489621,-9.421931623931596e-05,-0.0003951372405372,-0.0005365484737484,-0.0007238428571428,-0.0005807378266178,-0.0004531145299145,-0.0005129368742368,-0.0005310102564102
-0.0005464067399267,-0.0004369013431013,-0.0003436698412698,0.0004909324542124,-0.0001002983394383,-0.0003890581684981,-0.0005304512820512,-0.0007177603174603,-0.0005746885470085,-0.0004470725274725,-0.0005069021978021,-0.0005249755799755
-0.0005494423687423,-0.0004308334554334,-0.000334546031746,0.0004879021489621,-0.0001063773626373,-0.000382979096459,-0.0005304512820512,-0.000714719047619,-0.0005716639072039,-0.0004410305250305,-0.0005008675213675,-0.0005219582417582
-0.0005403354822954,-0.0004338673992673,-0.0003467111111111,0.0004848718437118,-9.725882783882755e-05,-0.0003890581684981,-0.000539597069597,-0.0007208015873015,-0.0005746885470085,-0.0004440515262515,-0.0005038848595848,-0.0005219582417582
-0.0005342642246642,-0.0004369013431013,-0.0003558349206349,0.0004848718437118,-8.814029304029276e-05,-0.0003951372405372,-0.0005456942612942,-0.0007268841269841,-0.0005837624664224,-0.0004500935286935,-0.0005099195360195,-0.0005279929181929
-0.0005372998534798,-0.0004369013431013,-0.0003497523809523,0.0004848718437118,-9.421931623931596e-05,-0.0003920977045177,-0.0005517914529914,-0.0007299253968253,-0.0005867871062271,-0.0004531145299145,-0.0005099195360195,-0.0005279929181929
-0.0005342642246642,-0.0004308334554334,-0.0003497523809523,0.0004818415384615,-9.117980463980436e-05,-0.0003890581684981,-0.0005487428571428,-0.0007329666666666,-0.0005867871062271,-0.0004531145299145,-0.0005099195360195,-0.0005219582417582
-0.0005372998534798,-0.0004338673992673,-0.0003467111111111,0.0004848718437118,-9.421931623931596e-05,-0.0003890581684981,-0.000539597069597,-0.0007268841269841,-0.0005837624664224,-0.0004500935286935,-0.0005069021978021,-0.0005219582417582
-0.0005433711111111,-0.0004399352869352,-0.0003497523809523,0.0004909324542124,-9.725882783882755e-05,-0.0003951372405372,-0.000539597069597,-0.0007299253968253,-0.0005807378266178,-0.0004500935286935,-0.0005069021978021,-0.0005249755799755
-0.0005494423687423,-0.000455105006105,-0.0003558349206349,0.0005000233699633,-9.725882783882755e-05,-0.0004042558485958,-0.0005365484737484,-0.0007329666666666,-0.0005867871062271,-0.0004500935286935,-0.0005129368742368,-0.0005279929181929
-0.0005524779975579,-0.000455105006105,-0.0003527936507936,0.0005030536752136,-0.0001002983394383,-0.0004042558485958,-0.0005334998778998,-0.0007329666666666,-0.0005898117460317,-0.0004531145299145,-0.0005159542124542,-0.0005340275946275
-0.0005524779975579,-0.000455105006105,-0.0003527936507936,0.0005030536752136,-0.0001002983394383,-0.0004042558485958,-0.0005365484737484,-0.0007360079365079,-0.0005928363858363,-0.0004591565323565,-0.0005189715506715,-0.0005340275946275
-0.0005615848840048,-0.0004581389499389,-0.0003467111111111,0.0005091142857142,-0.0001063773626373,-0.0004012163125763,-0.0005304512820512,-0.0007360079365079,-0.0005898117460317,-0.0004561355311355,-0.0005159542124542,-0.0005310102564102
-0.0005585492551892,-0.000455105006105,-0.0003467111111111,0.0005060839804639,-0.0001063773626373,-0.0004012163125763,-0.0005304512820512,-0.0007329666666666,-0.0005867871062271,-0.0004531145299145,-0.0005069021978021,-0.0005249755799755
-0.0005433711111111,-0.0004581389499389,-0.0003649587301587,0.0005000233699633,-8.814029304029276e-05,-0.0004103349206349,-0.000539597069597,-0.0007329666666666,-0.0005928363858363,-0.0004591565323565,-0.0005099195360195,-0.0005310102564102
-0.0005403354822954,-0.0004460031746031,-0.0003588761904761,0.0004909324542124,-9.117980463980436e-05,-0.0004012163125763,-0.000539597069597,-0.0007329666666666,-0.0005898117460317,-0.0004531145299145,-0.0005099195360195,-0.0005249755799755
-0.0005524779975579,-0.0004460031746031,-0.0003436698412698,0.000496993064713,-0.0001033378510378,-0.0003951372405372,-0.000539597069597,-0.0007390492063492,-0.0005898117460317,-0.0004531145299145,-0.0005099195360195,-0.0005249755799755
-0.0005555136263736,-0.000455105006105,-0.0003527936507936,0.0005030536752136,-0.0001002983394383,-0.0004042558485958,-0.0005426456654456,-0.000748173015873,-0.000595861025641,-0.0004621775335775,-0.0005159542124542,-0.0005279929181929
-0.0005524779975579,-0.000452071062271,-0.0003527936507936,0.0005000233699633,-0.0001002983394383,-0.0004012163125763,-0.0005456942612942,-0.0007451317460317,-0.0005928363858363,-0.0004621775335775,-0.0005159542124542,-0.0005279929181929
-0.0005464067399267,-0.0004460031746031,-0.0003527936507936,0.0004939627594627,-9.725882783882755e-05,-0.0003981767765567,-0.0005426456654456,-0.0007420904761904,-0.0005928363858363,-0.0004561355311355,-0.0005129368742368,-0.0005279929181929
-0.0005403354822954,-0.000455105006105,-0.0003649587301587,0.000496993064713,-8.814029304029276e-05,-0.0004103349206349,-0.0005426456654456,-0.0007420904761904,-0.0005988856654456,-0.0004621775335775,-0.0005189715506715,-0.0005370449328449
-0.0005464067399267,-0.0004702747252747,-0.0003740825396825,0.0005060839804639,-8.510078144078116e-05,-0.000422493064713,-0.000539597069597,-0.0007420904761904,-0.0005988856654456,-0.0004651985347985,-0.0005250062271062,-0.0005430796092796
-0.0005615848840048,-0.0004672407814407,-0.0003649587301587,0.0005121445909645,-9.725882783882755e-05,-0.0004164139926739,-0.0005334998778998,-0.0007390492063492,-0.000595861025641,-0.0004591565323565,-0.0005189715506715,-0.0005340275946275
-0.0005585492551892,-0.0004581389499389,-0.0003558349206349,0.0005060839804639,-0.0001002983394383,-0.0004072953846153,-0.0005365484737484,-0.0007390492063492,-0.000595861025641,-0.0004561355311355,-0.0005129368742368,-0.0005219582417582
-0.0005494423687423,-0.000455105006105,-0.0003558349206349,0.0005000233699633,-9.725882783882755e-05,-0.0004042558485958,-0.0005456942612942,-0.0007390492063492,-0.0005988856654456,-0.0004561355311355,-0.0005099195360195,-0.0005219582417582
-0.0005524779975579,-0.000455105006105,-0.0003588761904761,0.0005030536752136,-9.725882783882755e-05,-0.0004072953846153,-0.0005456942612942,-0.0007390492063492,-0.000595861025641,-0.0004561355311355,-0.0005159542124542,-0.0005249755799755
-0.0005494423687423,-0.000455105006105,-0.0003588761904761,0.0005000233699633,-9.421931623931596e-05,-0.0004072953846153,-0.0005426456654456,-0.0007420904761904,-0.000595861025641,-0.0004561355311355,-0.0005159542124542,-0.0005310102564102
-0.0005615848840048,-0.000452071062271,-0.0003467111111111,0.0005060839804639,-0.0001063773626373,-0.0003981767765567,-0.0005426456654456,-0.0007360079365079,-0.0005898117460317,-0.0004531145299145,-0.0005099195360195,-0.0005249755799755
-0.0005646205128205,-0.000452071062271,-0.0003436698412698,0.0005060839804639,-0.0001094168742368,-0.0003981767765567,-0.0005426456654456,-0.0007360079365079,-0.0005928363858363,-0.0004531145299145,-0.0005069021978021,-0.0005189409035409
-0.0005555136263736,-0.000455105006105,-0.0003558349206349,0.0005030536752136,-0.0001002983394383,-0.0004042558485958,-0.0005426456654456,-0.0007420904761904,-0.0005988856654456,-0.0004561355311355,-0.0005099195360195,-0.0005249755799755
-0.0005615848840048,-0.000455105006105,-0.0003497523809523,0.0005060839804639,-0.0001063773626373,-0.0004012163125763,-0.000539597069597,-0.000748173015873,-0.000595861025641,-0.0004591565323565,-0.0005129368742368,-0.0005310102564102
-0.0005615848840048,-0.000455105006105,-0.0003467111111111,0.0005060839804639,-0.0001063773626373,-0.0004012163125763,-0.0005426456654456,-0.000748173015873,-0.0006019103052503,-0.0004651985347985,-0.0005219888888888,-0.0005370449328449
-0.0005524779975579,-0.000452071062271,-0.0003527936507936,0.0005000233699633,-0.0001002983394383,-0.0004012163125763,-0.0005517914529914,-0.0007451317460317,-0.0006049349450549,-0.0004651985347985,-0.0005219888888888,-0.0005370449328449
-0.0005494423687423,-0.0004490371184371,-0.0003497523809523,0.000496993064713,-0.0001002983394383,-0.0003981767765567,-0.0005517914529914,-0.0007420904761904,-0.0006019103052503,-0.0004621775335775,-0.0005159542124542,-0.0005310102564102
-0.0005494423687423,-0.000455105006105,-0.0003588761904761,0.0005000233699633,-9.421931623931596e-05,-0.0004072953846153,-0.0005517914529914,-0.0007451317460317,-0.0006019103052503,-0.0004621775335775,-0.0005189715506715,-0.0005340275946275
-0.0005494423687423,-0.0004581389499389,-0.0003619174603174,0.0005030536752136,-9.421931623931596e-05,-0.0004103349206349,-0.0005517914529914,-0.0007451317460317,-0.0005988856654456,-0.0004621775335775,-0.0005159542124542,-0.0005310102564102
-0.0005615848840048,-0.000455105006105,-0.0003467111111111,0.0005060839804639,-0.0001063773626373,-0.0004012163125763,-0.0005456942612942,-0.0007390492063492,-0.0005898117460317,-0.0004531145299145,-0.0005069021978021,-0.0005219582417582
-0.0005737273992673,-0.000455105006105,-0.000334546031746,0.0005121445909645,-0.0001185354090354,-0.0003951372405372,-0.0005426456654456,-0.0007360079365079,-0.0005867871062271,-0.0004500935286935,-0.0005008675213675,-0.0005159235653235
-0.0005585492551892,-0.000452071062271,-0.0003467111111111,0.0005030536752136,-0.0001063773626373,-0.0003981767765567,-0.00055484004884,-0.0007420904761904,-0.0005928363858363,-0.0004531145299145,-0.0005069021978021,-0.0005189409035409
-0.0005433711111111,-0.000452071062271,-0.0003619174603174,0.000496993064713,-9.117980463980436e-05,-0.0004072953846153,-0.0005609372405372,-0.0007390492063492,-0.0005988856654456,-0.0004591565323565,-0.0005099195360195,-0.0005249755799755
-0.0005433711111111,-0.0004490371184371,-0.0003588761904761,0.0004939627594627,-9.117980463980436e-05,-0.0004042558485958,-0.00055484004884,-0.0007360079365079,-0.0005988856654456,-0.0004561355311355,-0.0005099195360195,-0.0005279929181929
-0.0005464067399267,-0.0004399352869352,-0.0003467111111111,0.0004909324542124,-0.0001002983394383,-0.0003920977045177,-0.0005456942612942,-0.0007299253968253,-0.0005898117460317,-0.0004470725274725,-0.0005069021978021,-0.0005249755799755
-0.0005403354822954,-0.0004369013431013,-0.0003497523809523,0.0004879021489621,-9.421931623931596e-05,-0.0003920977045177,-0.0005426456654456,-0.0007299253968253,-0.0005898117460317,-0.0004500935286935,-0.0005069021978021,-0.0005249755799755
-0.0005372998534798,-0.0004338673992673,-0.0003497523809523,0.0004848718437118,-9.421931623931596e-05,-0.0003920977045177,-0.0005426456654456,-0.0007268841269841,-0.0005867871062271,-0.0004500935286935,-0.0005038848595848,-0.0005249755799755
-0.0005403354822954,-0.0004247655677655,-0.0003375873015873,0.0004818415384615,-0.0001002983394383,-0.0003799395604395,-0.000539597069597,-0.0007208015873015,-0.0005807378266178,-0.0004410305250305,-0.0004978501831501,-0.0005189409035409
-0.0005342642246642,-0.0004095958485958,-0.0003284634920634,0.0004697203174603,-0.0001033378510378,-0.0003677814163614,-0.0005304512820512,-0.0007116777777777,-0.0005686392673992,-0.0004319675213675,-0.0004918155067155,-0.0005098888888888
-0.0005312285958485,-0.0003853242979242,-0.0003071746031746,0.000457599096459,-0.0001124563858363,-0.0003465046642246,-0.0005152083028083,-0.0006964714285714,-0.0005504914285714,-0.0004168625152625,-0.0004797461538461,-0.0004978195360195
-0.0005251573382173,-0.0003640866910866,-0.0002919682539682,0.0004424475702075,-0.0001154958974358,-0.0003282674481074,-0.0005060625152625,-0.0006873476190476,-0.0005383928693528,-0.0004047785103785,-0.0004676768009768,-0.0004887675213675
-0.0005069435653235,-0.0003489169719169,-0.0002919682539682,0.000427296043956,-0.0001063773626373,-0.0003191488400488,-0.0005182568986568,-0.000681265079365,-0.0005353682295482,-0.0003987365079365,-0.0004616421245421,-0.0004827328449328
-0.000494801050061,-0.000342849084249,-0.0002950095238095,0.0004182051282051,-0.0001002983394383,-0.0003191488400488,-0.000524354090354,-0.0006751825396825,-0.0005323435897435,-0.0003957155067155,-0.0004586247863247,-0.0004797155067155
-0.000494801050061,-0.000342849084249,-0.0002950095238095,0.0004182051282051,-0.0001002983394383,-0.0003191488400488,-0.0005334998778998,-0.0006660587301587,-0.0005262943101343,-0.0003957155067155,-0.0004586247863247,-0.0004797155067155
-0.0004856941636141,-0.000345883028083,-0.0003102158730158,0.0004151748229548,-8.814029304029276e-05,-0.0003282674481074,-0.0005670344322344,-0.000681265079365,-0.0005353682295482,-0.0004047785103785,-0.0004676768009768,-0.0004887675213675
-0.0004917654212454,-0.0003610527472527,-0.0003223809523809,0.0004242657387057,-8.510078144078116e-05,-0.0003404255921855,-0.0005975203907203,-0.0007055952380952,-0.000553516068376,-0.0004168625152625,-0.0004767288156288,-0.0004948021978021
-0.0005008723076923,-0.0003701545787545,-0.0003223809523809,0.0004333566544566,-8.814029304029276e-05,-0.0003465046642246,-0.0005975203907203,-0.0007116777777777,-0.0005595653479853,-0.0004168625152625,-0.0004706941391941,-0.0004917848595848
-0.0005039079365079,-0.0003883582417582,-0.0003375873015873,0.0004454778754578,-8.206126984126955e-05,-0.0003617023443223,-0.0005914231990231,-0.0007208015873015,-0.0005716639072039,-0.0004259255189255,-0.0004827634920634,-0.0005038542124542
-0.0005130148229548,-0.0004186976800976,-0.0003588761904761,0.0004636597069597,-7.598224664224636e-05,-0.0003890581684981,-0.0005883746031746,-0.0007360079365079,-0.0005898117460317,-0.0004440515262515,-0.0004978501831501,-0.0005129062271062
-0.0005160504517704,-0.0004277995115995,-0.0003649587301587,0.0004697203174603,-7.598224664224636e-05,-0.0003951372405372,-0.0005822774114774,-0.0007329666666666,-0.0005867871062271,-0.0004440515262515,-0.0004978501831501,-0.0005129062271062
-0.000519086080586,-0.0004186976800976,-0.0003527936507936,0.00046669001221,-8.206126984126955e-05,-0.0003860186324786,-0.000585326007326,-0.0007329666666666,-0.0005807378266178,-0.0004380095238095,-0.0004887981684981,-0.0005038542124542
-0.0005130148229548,-0.0004277995115995,-0.0003679999999999,0.0004697203174603,-7.294273504273476e-05,-0.0003981767765567,-0.0005914231990231,-0.0007420904761904,-0.0005898117460317,-0.0004440515262515,-0.0004948328449328,-0.0005038542124542
-0.000519086080586,-0.000455105006105,-0.0003923301587301,0.0004848718437118,-6.382420024419996e-05,-0.000422493064713,-0.0005914231990231,-0.0007451317460317,-0.0006079595848595,-0.0004621775335775,-0.0005099195360195,-0.0005219582417582
-0.0005372998534798,-0.0004672407814407,-0.0003862476190476,0.0005000233699633,-7.598224664224636e-05,-0.0004255326007326,-0.0005944717948717,-0.000748173015873,-0.0006170335042735,-0.0004682195360195,-0.0005159542124542,-0.0005249755799755
-0.0005372998534798,-0.0004642068376068,-0.000380165079365,0.0005000233699633,-7.902175824175796e-05,-0.000422493064713,-0.0005944717948717,-0.0007542555555555,-0.0006170335042735,-0.0004651985347985,-0.0005159542124542,-0.0005219582417582
-0.0005342642246642,-0.0004672407814407,-0.0003832063492063,0.0005000233699633,-7.598224664224636e-05,-0.0004255326007326,-0.0005944717948717,-0.0007633793650793,-0.0006200581440781,-0.0004712405372405,-0.0005219888888888,-0.0005310102564102
-0.0005464067399267,-0.0004733086691086,-0.0003771238095238,0.0005091142857142,-8.510078144078116e-05,-0.0004255326007326,-0.0005914231990231,-0.0007664206349206,-0.0006170335042735,-0.0004712405372405,-0.0005219888888888,-0.0005370449328449
-0.0005555136263736,-0.0004854444444444,-0.000380165079365,0.0005182052014652,-8.814029304029276e-05,-0.0004316116727716,-0.0005822774114774,-0.0007664206349206,-0.0006200581440781,-0.0004772825396825,-0.0005280235653235,-0.0005430796092796
-0.0005706917704517,-0.0004975802197802,-0.000380165079365,0.0005333567277167,-9.421931623931596e-05,-0.0004376907448107,-0.0005792288156288,-0.0007725031746031,-0.0006261074236874,-0.0004833245421245,-0.0005340582417582,-0.0005491142857142
-0.0005828342857142,-0.000506682051282,-0.0003771238095238,0.0005424476434676,-0.0001033378510378,-0.0004407302808302,-0.0005731316239316,-0.0007755444444444,-0.000629132063492,-0.0004833245421245,-0.0005370755799755,-0.0005491142857142
-0.0005889055433455,-0.0005097159951159,-0.0003710412698412,0.0005485082539682,-0.0001094168742368,-0.0004407302808302,-0.000570083028083,-0.0007725031746031,-0.000629132063492,-0.0004803035409035,-0.0005340582417582,-0.0005430796092796
-0.0005889055433455,-0.000506682051282,-0.0003740825396825,0.0005454779487179,-0.0001063773626373,-0.0004407302808302,-0.0005731316239316,-0.0007694619047619,-0.0006261074236874,-0.0004803035409035,-0.0005310409035409,-0.0005400622710622
-0.000576763028083,-0.0005036481074481,-0.000380165079365,0.0005394173382173,-9.725882783882755e-05,-0.0004407302808302,-0.0005761802197802,-0.0007694619047619,-0.0006261074236874,-0.0004803035409035,-0.0005340582417582,-0.0005430796092796
-0.0005706917704517,-0.0005036481074481,-0.0003862476190476,0.000536387032967,-9.117980463980436e-05,-0.0004437698168498,-0.0005792288156288,-0.0007664206349206,-0.000629132063492,-0.0004833245421245,-0.0005370755799755,-0.0005491142857142
-0.0005828342857142,-0.0004975802197802,-0.0003679999999999,0.0005394173382173,-0.0001063773626373,-0.0004316116727716,-0.0005792288156288,-0.0007664206349206,-0.0006230827838827,-0.0004803035409035,-0.0005310409035409,-0.0005400622710622
-0.0005889055433455,-0.0004915123321123,-0.0003527936507936,0.0005394173382173,-0.0001185354090354,-0.000422493064713,-0.0005761802197802,-0.0007664206349206,-0.0006170335042735,-0.0004742615384615,-0.0005280235653235,-0.0005340275946275
-0.0005858699145299,-0.0004854444444444,-0.0003558349206349,0.0005333567277167,-0.0001154958974358,-0.0004194535286935,-0.0005792288156288,-0.0007664206349206,-0.0006170335042735,-0.0004742615384615,-0.0005250062271062,-0.0005370449328449
-0.000576763028083,-0.0004824105006105,-0.0003558349206349,0.0005272961172161,-0.0001094168742368,-0.0004194535286935,-0.0005822774114774,-0.0007664206349206,-0.0006140088644688,-0.0004712405372405,-0.0005250062271062,-0.0005340275946275
-0.0005737273992673,-0.0004793765567765,-0.0003588761904761,0.0005242658119658,-0.0001063773626373,-0.0004194535286935,-0.0005822774114774,-0.0007664206349206,-0.0006140088644688,-0.0004712405372405,-0.0005250062271062,-0.0005370449328449
-0.0005706917704517,-0.0004763426129426,-0.0003619174603174,0.0005212355067155,-0.0001033378510378,-0.0004194535286935,-0.000585326007326,-0.0007694619047619,-0.0006140088644688,-0.0004712405372405,-0.0005250062271062,-0.0005400622710622
-0.0005646205128205,-0.0004702747252747,-0.0003588761904761,0.0005151748962148,-0.0001033378510378,-0.0004133744566544,-0.0005914231990231,-0.0007664206349206,-0.0006079595848595,-0.0004682195360195,-0.0005250062271062,-0.0005400622710622
-0.0005676561416361,-0.000455105006105,-0.0003436698412698,0.0005091142857142,-0.0001124563858363,-0.0003981767765567,-0.000585326007326,-0.0007360079365079,-0.0005746885470085,-0.0004531145299145,-0.0005250062271062,-0.0005491142857142
-0.000576763028083,-0.0004186976800976,-0.0002950095238095,0.000496993064713,-0.0001398119902319,-0.0003556232722832,-0.0005731316239316,-0.0006934301587301,-0.0005081464713064,-0.0004198835164835,-0.0005129368742368,-0.0005551489621489
-0.0005615848840048,-0.0003064417582417,-0.0001976888888888,0.0004333566544566,-0.0001823651526251,-0.000252279047619,-0.0005731316239316,-0.0006173984126984,-0.000402284078144,-0.0003352954822954,-0.0004525901098901,-0.0005159235653235
-0.0004887297924297,-0.000127439072039,-9.124444444444436e-05,0.0003060838339438,-0.0001975627106227,-0.0001094208547008,-0.0006127633699633,-0.000489665079365,-0.0002329042490842,-0.0001661194139194,-0.0003258619047619,-0.0004284207570207
-0.000364269010989,0.0001122424908424,1.5200000000000092e-05,0.0001242655189255,-0.0001884441758241,6.383269841269837e-05,-0.000698124053724,-0.0004257984126984,-3.6302661782661866e-05,7.556068376068325e-05,-0.0001237002442002,-0.0002805711843711
-0.00022463008547,0.0004550781440781,0.0002250476190476,-0.0001151285958485,-0.0002249183150183,0.0003404304761904,-0.0008962827838827,-0.0006295634920634,0.0001270278876678,0.0003776608058608,0.0001780335775335,-1.8062759462760063e-05
-6.677738705738732e-05,0.0008070156288156,0.0004136063492063,-0.0003696742368742,-0.0002401158730158,0.0006109491819291,-0.0012072395604395,-0.0010036396825396,0.000184496043956,0.0006797609279609,0.0005159754578754,0.0002957404151404
9.714656898656873e-05,0.0010709687423687,0.0005139682539682,-0.0005817956043956,-0.0002066812454212,0.0007933213431013,-0.0015700224664224,-0.0013959634920634,0.0001028307692307,0.000882168009768,0.0007845185592185,0.0005763528693528
0.0001821441758241,0.0011346815628815,0.000489638095238,-0.0006575532356532,-0.00015197003663,0.0008115585592185,-0.0018230559218559,-0.0016605539682539,-8.469689865689874e-05,0.0008579999999999,0.000859952014652,0.0007242024420024
9.714656898656873e-05,0.0006917257631257,0.0001368507936507,-0.0003939166788766,-1.823152625152597e-05,0.0004133793406593,-0.0017864727716727,-0.0017822047619047,-0.0004960479120879,0.0003897448107448,0.0005250274725274,0.0005522141636141
-0.0001730243956043,8.190305250305269e-05,-0.0001976888888888,4.547758241758245e-05,1.2163589743590026e-05,-5.77487423687424e-05,-0.0015669738705738,-0.001943392063492,-0.0009951134798534,-0.0002204974358974,5.432271062271046e-05,0.0002444456654456
-0.0004280172161172,-0.0001881179487179,-0.0002159365079365,0.0003060838339438,-0.0001063773626373,-0.0002006069352869,-0.0013749123321123,-0.0020680841269841,-0.0012854789010989,-0.0005709335775335,-0.0002142203907203,6.038803418803358e-05
-0.0005676561416361,-0.0003580188034188,-0.0002433079365079,0.0004606294017094,-0.0001610885714285,-0.0003009116239316,-0.0012163853479853,-0.001909938095238,-0.0013036267399267,-0.0007008366300366,-0.0003741393162393,-9.953089133089192e-05
-0.0006162262026862,-0.0004460031746031,-0.0002858857142857,0.0005303264224664,-0.000164128083028,-0.0003647418803418,-0.0010974901098901,-0.0016514301587301,-0.0011675179487179,-0.0006827106227106,-0.0004495727716727,-0.0002322937728937
-0.0006040836874236,-0.0004581389499389,-0.0003071746031746,0.0005303264224664,-0.0001489305250305,-0.000382979096459,-0.0009877406593406,-0.001402046031746,-0.001007212039072,-0.0006162485958485,-0.0004706941391941,-0.0003197965811965
-0.0005889055433455,-0.0004581389499389,-0.0003223809523809,0.0005212355067155,-0.0001337329670329,-0.0003890581684981,-0.0008475052503052,-0.0011648269841269,-0.0008711032478632,-0.0005558285714285,-0.0004827634920634,-0.0003891953601953
-0.0005737273992673,-0.000455105006105,-0.0003284634920634,0.0005121445909645,-0.0001215749206349,-0.0003920977045177,-0.0007072698412698,-0.0009458555555555,-0.0007501176556776,-0.0005074925518925,-0.0004887981684981,-0.0004374727716727
-0.0005585492551892,-0.0004277995115995,-0.0003193396825396,0.0004909324542124,-0.0001185354090354,-0.0003738604884004,-0.0006097147741147,-0.0007968333333333,-0.0006533291819291,-0.0004591565323565,-0.0004767288156288,-0.0004616114774114
-0.0005494423687423,-0.000400494017094,-0.0003041333333333,0.0004727506227106,-0.0001215749206349,-0.0003525837362637,-0.0005670344322344,-0.0007177603174603,-0.000595861025641,-0.0004289465201465,-0.0004676768009768,-0.0004676461538461
-0.0005494423687423,-0.00039746007326,-0.000301092063492,0.0004727506227106,-0.0001246144322344,-0.0003495442002442,-0.00055484004884,-0.0006903888888888,-0.0005746885470085,-0.0004229045177045,-0.0004706941391941,-0.0004736808302808
-0.0005524779975579,-0.0004095958485958,-0.0003102158730158,0.0004788112332112,-0.0001215749206349,-0.0003586628083028,-0.0005456942612942,-0.0006751825396825,-0.0005716639072039,-0.0004259255189255,-0.0004767288156288,-0.0004857501831501
-0.0005524779975579,-0.0004247655677655,-0.0003223809523809,0.0004879021489621,-0.0001154958974358,-0.0003738604884004,-0.0005365484737484,-0.0006569349206349,-0.0005656146275946,-0.0004289465201465,-0.0004827634920634,-0.0004948021978021
-0.0005524779975579,-0.0004308334554334,-0.0003284634920634,0.0004909324542124,-0.0001124563858363,-0.0003799395604395,-0.0005304512820512,-0.0006447698412698,-0.0005625899877899,-0.0004319675213675,-0.0004887981684981,-0.0005068715506715
-0.0005555136263736,-0.0004277995115995,-0.0003223809523809,0.0004909324542124,-0.0001154958974358,-0.0003738604884004,-0.000524354090354,-0.000635646031746,-0.0005565407081807,-0.0004319675213675,-0.0004918155067155,-0.0005098888888888
-0.0005555136263736,-0.0004156637362637,-0.0003132571428571,0.0004848718437118,-0.0001215749206349,-0.0003647418803418,-0.0005213054945054,-0.0006295634920634,-0.0005474667887667,-0.0004289465201465,-0.0004918155067155,-0.0005098888888888
-0.0005524779975579,-0.0004095958485958,-0.0003132571428571,0.0004788112332112,-0.0001185354090354,-0.0003617023443223,-0.000524354090354,-0.0006204396825396,-0.0005444421489621,-0.0004259255189255,-0.0004918155067155,-0.0005159235653235
-0.0005524779975579,-0.0004156637362637,-0.0003162984126984,0.0004818415384615,-0.0001185354090354,-0.0003647418803418,-0.0005213054945054,-0.0006143571428571,-0.0005383928693528,-0.0004259255189255,-0.0004948328449328,-0.0005249755799755
-0.0005464067399267,-0.0004217316239316,-0.0003254222222222,0.0004818415384615,-0.0001094168742368,-0.0003738604884004,-0.0005182568986568,-0.0006082746031746,-0.0005353682295482,-0.0004259255189255,-0.0004978501831501,-0.0005310102564102
-0.0005372998534798,-0.0004186976800976,-0.0003375873015873,0.0004757809279609,-0.0001002983394383,-0.00037690002442,-0.0005152083028083,-0.000602192063492,-0.0005293189499389,-0.0004259255189255,-0.0005008675213675,-0.0005279929181929
-0.0005494423687423,-0.0004126297924297,-0.0003223809523809,0.0004788112332112,-0.0001124563858363,-0.0003677814163614,-0.0005152083028083,-0.0005991507936507,-0.0005232696703296,-0.0004198835164835,-0.0004918155067155,-0.0005219582417582
-0.0005646205128205,-0.0004035279609279,-0.0002950095238095,0.0004818415384615,-0.0001337329670329,-0.0003495442002442,-0.0005121597069597,-0.0005930682539682,-0.0005172203907203,-0.0004108205128205,-0.0004827634920634,-0.0005098888888888
-0.0005615848840048,-0.0004035279609279,-0.000301092063492,0.0004818415384615,-0.0001306934554334,-0.0003525837362637,-0.0005091111111111,-0.0005930682539682,-0.0005172203907203,-0.0004168625152625,-0.0004827634920634,-0.0005098888888888
-0.0005555136263736,-0.0004095958485958,-0.0003102158730158,0.0004818415384615,-0.0001215749206349,-0.0003586628083028,-0.0005091111111111,-0.0005930682539682,-0.0005172203907203,-0.0004198835164835,-0.0004918155067155,-0.0005189409035409
-0.0005555136263736,-0.0004126297924297,-0.0003102158730158,0.0004818415384615,-0.0001215749206349,-0.0003617023443223,-0.0005060625152625,-0.0005809031746031,-0.0005111711111111,-0.0004168625152625,-0.0004857808302808,-0.0005159235653235
-0.0005555136263736,-0.0004186976800976,-0.0003162984126984,0.0004848718437118,-0.0001185354090354,-0.0003677814163614,-0.0005060625152625,-0.0005626555555555,-0.0005051218315018,-0.0004108205128205,-0.0004827634920634,-0.0005098888888888
-0.0005464067399267,-0.0004126297924297,-0.0003193396825396,0.0004788112332112,-0.0001124563858363,-0.0003647418803418,-0.0005152083028083,-0.000556573015873,-0.0005051218315018,-0.0004138415140415,-0.0004857808302808,-0.0005159235653235
-0.0005312285958485,-0.000400494017094,-0.0003223809523809,0.0004636597069597,-0.0001033378510378,-0.0003617023443223,-0.0005274026862026,-0.000556573015873,-0.0005111711111111,-0.0004198835164835,-0.0004948328449328,-0.0005219582417582
-0.0005312285958485,-0.0003944261294261,-0.0003162984126984,0.0004606294017094,-0.0001063773626373,-0.0003556232722832,-0.0005213054945054,-0.0005535317460317,-0.0005081464713064,-0.0004198835164835,-0.0004948328449328,-0.0005219582417582
-0.0005433711111111,-0.0004065619047619,-0.0003223809523809,0.0004727506227106,-0.0001094168742368,-0.0003647418803418,-0.0005060625152625,-0.0005444079365079,-0.0004990725518925,-0.0004108205128205,-0.0004887981684981,-0.0005159235653235
-0.0005372998534798,-0.0004186976800976,-0.000334546031746,0.0004757809279609,-0.0001002983394383,-0.00037690002442,-0.0004969167277167,-0.0005322428571428,-0.0004899986324786,-0.0004047785103785,-0.0004797461538461,-0.0005129062271062
-0.0005312285958485,-0.0004186976800976,-0.0003406285714285,0.0004727506227106,-9.421931623931596e-05,-0.0003799395604395,-0.0004938681318681,-0.000523119047619,-0.0004839493528693,-0.0004017575091575,-0.0004797461538461,-0.0005098888888888
-0.0005342642246642,-0.0004217316239316,-0.0003406285714285,0.0004757809279609,-9.725882783882755e-05,-0.0003799395604395,-0.0004999653235653,-0.0005139952380952,-0.0004809247130647,-0.0004017575091575,-0.0004797461538461,-0.0005098888888888
-0.0005372998534798,-0.0004156637362637,-0.0003315047619047,0.0004757809279609,-0.0001033378510378,-0.0003738604884004,-0.0004999653235653,-0.0005109539682539,-0.0004839493528693,-0.0004047785103785,-0.0004797461538461,-0.0005129062271062
-0.0005372998534798,-0.0004035279609279,-0.0003193396825396,0.0004697203174603,-0.0001094168742368,-0.0003617023443223,-0.0005030139194139,-0.0005079126984126,-0.0004839493528693,-0.0004077995115995,-0.0004857808302808,-0.0005189409035409
-0.0005372998534798,-0.0003944261294261,-0.0003102158730158,0.0004636597069597,-0.0001124563858363,-0.0003525837362637,-0.0004999653235653,-0.0005018301587301,-0.00047790007326,-0.0004047785103785,-0.0004887981684981,-0.0005249755799755
-0.0005433711111111,-0.00039746007326,-0.0003132571428571,0.0004697203174603,-0.0001154958974358,-0.0003556232722832,-0.0004938681318681,-0.0004835825396825,-0.0004658015140415,-0.0003987365079365,-0.0004857808302808,-0.0005219582417582
-0.0005433711111111,-0.0004095958485958,-0.0003223809523809,0.0004757809279609,-0.0001094168742368,-0.0003647418803418,-0.0004847223443223,-0.0004683761904761,-0.0004537029548229,-0.0003896735042735,-0.0004797461538461,-0.0005159235653235
-0.0005221217094017,-0.0004156637362637,-0.0003497523809523,0.00046669001221,-8.510078144078116e-05,-0.000382979096459,-0.0004816737484737,-0.0004562111111111,-0.0004537029548229,-0.0003896735042735,-0.0004827634920634,-0.0005189409035409
-0.0005221217094017,-0.0004156637362637,-0.0003497523809523,0.00046669001221,-8.510078144078116e-05,-0.000382979096459,-0.0004755765567765,-0.0004410047619047,-0.0004506783150183,-0.0003896735042735,-0.0004827634920634,-0.0005129062271062
-0.0005251573382173,-0.0004095958485958,-0.0003375873015873,0.00046669001221,-9.421931623931596e-05,-0.0003738604884004,-0.0004725279609279,-0.0004288396825396,-0.000444629035409,-0.0003866525030525,-0.0004767288156288,-0.0005098888888888
-0.000519086080586,-0.000400494017094,-0.0003375873015873,0.000457599096459,-9.117980463980436e-05,-0.0003677814163614,-0.0004755765567765,-0.0004166746031746,-0.0004416043956043,-0.0003866525030525,-0.0004767288156288,-0.0005098888888888
-0.0005130148229548,-0.0003944261294261,-0.000334546031746,0.0004515384859584,-8.814029304029276e-05,-0.0003647418803418,-0.0004755765567765,-0.0004014682539682,-0.0004416043956043,-0.0003896735042735,-0.0004797461538461,-0.0005129062271062
-0.0005160504517704,-0.0003883582417582,-0.0003284634920634,0.0004515384859584,-9.421931623931596e-05,-0.0003586628083028,-0.0004725279609279,-0.0003893031746031,-0.0004355551159951,-0.0003836315018315,-0.0004767288156288,-0.0005159235653235
-0.0005251573382173,-0.0003853242979242,-0.0003193396825396,0.0004545687912087,-0.0001033378510378,-0.0003525837362637,-0.0004664307692307,-0.0003710555555555,-0.0004234565567765,-0.0003806105006105,-0.0004737114774114,-0.0005159235653235
-0.0005251573382173,-0.0003792564102564,-0.0003102158730158,0.0004515384859584,-0.0001063773626373,-0.0003434651282051,-0.0004603335775335,-0.0003528079365079,-0.0004113579975579,-0.0003715474969474,-0.0004676768009768,-0.0005098888888888
-0.0005099791941391,-0.0003701545787545,-0.0003193396825396,0.0004394172649572,-9.421931623931596e-05,-0.0003434651282051,-0.0004603335775335,-0.000331519047619,-0.0004053087179487,-0.0003655054945054,-0.0004616421245421,-0.0005008368742368
-0.0005008723076923,-0.0003701545787545,-0.0003223809523809,0.0004333566544566,-8.814029304029276e-05,-0.0003465046642246,-0.0004603335775335,-0.0003102301587301,-0.0003992594383394,-0.0003624844932844,-0.0004586247863247,-0.0005038542124542
-0.0004978366788766,-0.0003671206349206,-0.0003223809523809,0.0004303263492063,-8.814029304029276e-05,-0.0003434651282051,-0.0004572849816849,-0.0002858999999999,-0.0003901855189255,-0.0003564424908424,-0.0004556074481074,-0.0005008368742368
-0.000494801050061,-0.0003549848595848,-0.0003102158730158,0.0004242657387057,-9.117980463980436e-05,-0.0003313069841269,-0.0004511877899877,-0.0002615698412698,-0.0003811115995115,-0.0003504004884004,-0.0004495727716727,-0.0004887675213675
-0.0004887297924297,-0.0003367811965811,-0.000301092063492,0.0004121445177045,-9.421931623931596e-05,-0.0003191488400488,-0.0004511877899877,-0.0002402809523809,-0.0003720376800976,-0.0003443584859584,-0.0004405207570207,-0.0004857501831501
-0.000470516019536,-0.0003307133089133,-0.0003041333333333,0.0004000232967032,-8.206126984126955e-05,-0.0003161093040293,-0.0004511877899877,-0.0002129095238095,-0.0003629637606837,-0.0003383164835164,-0.0004405207570207,-0.0004887675213675
-0.000470516019536,-0.0003307133089133,-0.0003041333333333,0.0004000232967032,-8.206126984126955e-05,-0.0003161093040293,-0.0004450905982905,-0.0001916206349206,-0.0003508652014652,-0.0003322744810744,-0.0004375034188034,-0.0004827328449328
-0.0004856941636141,-0.0003185775335775,-0.0002828444444444,0.0004000232967032,-0.0001002983394383,-0.0003009116239316,-0.0004328962148962,-0.0001612079365079,-0.000335742002442,-0.0003201904761904,-0.0004284514041514,-0.0004736808302808
-0.0004826585347985,-0.0003003738705738,-0.0002645968253968,0.0003909323809523,-0.0001094168742368,-0.0002826744078144,-0.0004237504273504,-0.0001277539682539,-0.0003175941636141,-0.0003050854700854,-0.0004133647130647,-0.0004585941391941
-0.0004674803907203,-0.000288238095238,-0.0002737206349206,0.0003757808547008,-9.725882783882755e-05,-0.0002796348717948,-0.0004298476190476,-0.000106465079365,-0.0003145695238095,-0.0002990434676434,-0.0004043126984126,-0.0004495421245421
-0.0004431953601953,-0.0002761023199023,-0.0002828444444444,0.000357599023199,-7.902175824175796e-05,-0.0002796348717948,-0.0004389934065934,-9.125873015872984e-05,-0.0003115448840048,-0.0002990434676434,-0.0004043126984126,-0.0004465247863247
-0.0004431953601953,-0.0002518307692307,-0.0002615555555555,0.0003454778021978,-9.117980463980436e-05,-0.0002553185836385,-0.0004328962148962,-7.30111111111108e-05,-0.0002994463247863,-0.0002930014652014,-0.0003922433455433,-0.0004374727716727
-0.0004431953601953,-0.0002305931623931,-0.0002402666666666,0.0003363868864468,-0.0001002983394383,-0.0002340418315018,-0.0004237504273504,-5.172222222222191e-05,-0.0002873477655677,-0.0002809174603174,-0.0003831913308913,-0.0004254034188034
-0.0004280172161172,-0.0002123894993894,-0.0002311428571428,0.000318205054945,-9.725882783882755e-05,-0.0002218836874236,-0.0004237504273504,-4.259841269841239e-05,-0.0002812984859584,-0.0002718544566544,-0.0003741393162393,-0.000413334065934
-0.0004189103296703,-0.0001911518925518,-0.000222019047619,0.0003030535286935,-9.725882783882755e-05,-0.000206686007326,-0.000426799023199,-3.3474603174602874e-05,-0.0002752492063492,-0.0002627914529914,-0.0003590526251526,-0.0003982473748473
-0.0004067678144078,-0.0001729482295482,-0.000222019047619,0.000287902002442,-9.117980463980436e-05,-0.0001975673992673,-0.0004298476190476,-2.130952380952351e-05,-0.0002661752869352,-0.0002507074481074,-0.0003469832722832,-0.0003831606837606
-0.0004037321855921,-0.0001638463980463,-0.000222019047619,0.0002818413919413,-9.117980463980436e-05,-0.0001914883272283,-0.0004359448107448,-2.130952380952351e-05,-0.000260126007326,-0.0002446654456654,-0.0003379312576312,-0.0003710913308913
-0.0004158747008547,-0.0001577785103785,-0.0001976888888888,0.0002848716971916,-0.0001094168742368,-0.0001762906471306,-0.0004359448107448,-2.435079365079335e-05,-0.0002571013675213,-0.0002386234432234,-0.0003258619047619,-0.0003560046398046
-0.0004310528449328,-0.0001456427350427,-0.0001672761904761,0.000287902002442,-0.0001306934554334,-0.0001550138949938,-0.0004389934065934,-3.3474603174602874e-05,-0.000251052087912,-0.0002235184371184,-0.0003107752136752,-0.0003379006105006
-0.0004249815873015,-0.0001244051282051,-0.0001520698412698,0.0002727504761904,-0.0001367724786324,-0.0001367766788766,-0.0004481391941391,-5.172222222222191e-05,-0.0002450028083028,-0.0002144554334554,-0.0002956885225885,-0.0003197965811965
-0.0004249815873015,-0.0001153032967032,-0.000142946031746,0.0002697201709401,-0.0001398119902319,-0.000127658070818,-0.0004542363858363,-8.213492063492033e-05,-0.0002480274481074,-0.0002144554334554,-0.0002896538461538,-0.0003107445665445
-0.0004189103296703,-0.0001062014652014,-0.0001459873015873,0.0002606292551892,-0.0001367724786324,-0.0001246185347985,-0.0004694793650793,-0.0001247126984126,-0.0002631506471306,-0.0002204974358974,-0.0002896538461538,-0.0003107445665445
-0.0004067678144078,-0.0001001335775335,-0.0001520698412698,0.0002515383394383,-0.0001276539438339,-0.0001246185347985,-0.0004816737484737,-0.000173373015873,-0.0002782738461538,-0.0002295604395604,-0.0002926711843711,-0.0003107445665445
-0.000412839072039,-9.406568986568964e-05,-0.0001368634920634,0.0002515383394383,-0.0001367724786324,-0.0001154999267399,-0.0004908195360195,-0.000218992063492,-0.000293397045177,-0.0002295604395604,-0.0002866365079365,-0.0002986752136752
-0.0004340884737484,-0.0001001335775335,-0.0001186158730158,0.0002666898656898,-0.000158049059829,-0.0001094208547008,-0.0005030139194139,-0.0002706936507936,-0.0003054956043956,-0.0002356024420024,-0.0002866365079365,-0.0002956578754578
-0.0004371241025641,-0.0001092354090354,-0.0001277396825396,0.0002727504761904,-0.0001550095482295,-0.0001185394627594,-0.0005182568986568,-0.0003254365079365,-0.0003296927228327,-0.0002507074481074,-0.0002987058608058,-0.0003107445665445
-0.0004431953601953,-0.000130473015873,-0.0001399047619047,0.0002848716971916,-0.00015197003663,-0.0001337371428571,-0.000524354090354,-0.000377138095238,-0.0003508652014652,-0.0002658124542124,-0.0003137925518925,-0.0003258312576312
-0.0004614091330891,-0.0001577785103785,-0.0001551111111111,0.0003091141391941,-0.00015197003663,-0.0001550138949938,-0.000524354090354,-0.0004227571428571,-0.0003720376800976,-0.0002839384615384,-0.0003318965811965,-0.0003439352869352
-0.0004735516483516,-0.0001881179487179,-0.0001703174603174,0.0003303262759462,-0.00015197003663,-0.0001793301831501,-0.0005274026862026,-0.0004683761904761,-0.0003932101587301,-0.0003020644688644,-0.0003500006105006,-0.0003620393162393
-0.0004826585347985,-0.0002123894993894,-0.0001855238095238,0.0003454778021978,-0.0001489305250305,-0.0001975673992673,-0.0005274026862026,-0.0005079126984126,-0.0004083333577533,-0.0003141484737484,-0.0003650873015873,-0.000377126007326
-0.0004978366788766,-0.0002457628815628,-0.0002037714285714,0.0003697202442002,-0.000145891013431,-0.0002249232234432,-0.0005274026862026,-0.0005413666666666,-0.0004295058363858,-0.0003262324786324,-0.0003801739926739,-0.00039523003663
-0.0005099791941391,-0.0002791362637362,-0.000222019047619,0.0003939626862026,-0.0001428515018315,-0.0002492395115995,-0.000524354090354,-0.0005656968253968,-0.0004476536752136,-0.0003413374847374,-0.0003952606837606,-0.000413334065934
-0.0005221217094017,-0.0003216114774114,-0.0002493904761904,0.0004212354334554,-0.0001367724786324,-0.0002857139438339,-0.000524354090354,-0.000602192063492,-0.0004688261538461,-0.0003655054945054,-0.000416382051282,-0.0004374727716727
-0.000519086080586,-0.000345883028083,-0.0002798031746031,0.0004303263492063,-0.0001185354090354,-0.0003130697680097,-0.0005304512820512,-0.0006265222222222,-0.0004869739926739,-0.0003806105006105,-0.000434486080586,-0.0004525594627594
-0.0005281929670329,-0.0003640866910866,-0.0002919682539682,0.0004454778754578,-0.0001185354090354,-0.0003282674481074,-0.0005334998778998,-0.0006478111111111,-0.0005020971916971,-0.0003926945054945,-0.0004495727716727,-0.0004646288156288
-0.0005464067399267,-0.0003822903540903,-0.0002919682539682,0.0004636597069597,-0.0001276539438339,-0.000337386056166,-0.0005365484737484,-0.0006660587301587,-0.0005172203907203,-0.0004077995115995,-0.0004586247863247,-0.0004766981684981
-0.0005464067399267,-0.00039746007326,-0.0003041333333333,0.0004697203174603,-0.0001215749206349,-0.0003495442002442,-0.000539597069597,-0.0006843063492063,-0.0005323435897435,-0.0004229045177045,-0.0004706941391941,-0.0004917848595848
-0.0005494423687423,-0.0004186976800976,-0.0003223809523809,0.0004818415384615,-0.0001124563858363,-0.0003708209523809,-0.0005365484737484,-0.0006995126984126,-0.0005444421489621,-0.0004380095238095,-0.0004887981684981,-0.0005098888888888
-0.0005555136263736,-0.0004369013431013,-0.000334546031746,0.0004939627594627,-0.0001094168742368,-0.0003860186324786,-0.0005334998778998,-0.0007086365079365,-0.0005565407081807,-0.0004470725274725,-0.0005008675213675,-0.0005219582417582
-0.0005433711111111,-0.0004399352869352,-0.0003467111111111,0.0004909324542124,-9.725882783882755e-05,-0.0003920977045177,-0.000539597069597,-0.000714719047619,-0.0005625899877899,-0.0004500935286935,-0.0005038848595848,-0.0005249755799755
-0.0005524779975579,-0.0004490371184371,-0.0003497523809523,0.0005000233699633,-0.0001002983394383,-0.0003981767765567,-0.0005365484737484,-0.000714719047619,-0.0005625899877899,-0.0004470725274725,-0.0005038848595848,-0.0005249755799755
-0.0005615848840048,-0.0004642068376068,-0.0003558349206349,0.0005121445909645,-0.0001033378510378,-0.0004103349206349,-0.0005334998778998,-0.0007208015873015,-0.0005656146275946,-0.0004500935286935,-0.0005099195360195,-0.0005310102564102
-0.0005585492551892,-0.0004733086691086,-0.0003679999999999,0.0005151748962148,-9.421931623931596e-05,-0.0004194535286935,-0.0005304512820512,-0.0007238428571428,-0.0005746885470085,-0.0004561355311355,-0.0005159542124542,-0.0005370449328449
-0.0005676561416361,-0.0004702747252747,-0.0003588761904761,0.0005182052014652,-0.0001033378510378,-0.0004133744566544,-0.000524354090354,-0.0007208015873015,-0.0005777131868131,-0.0004591565323565,-0.0005129368742368,-0.0005340275946275
-0.0005706917704517,-0.0004733086691086,-0.0003558349206349,0.0005212355067155,-0.0001063773626373,-0.0004133744566544,-0.0005213054945054,-0.0007208015873015,-0.0005777131868131,-0.0004561355311355,-0.0005129368742368,-0.0005279929181929
-0.0005646205128205,-0.0004702747252747,-0.0003619174603174,0.0005151748962148,-0.0001002983394383,-0.0004164139926739,-0.0005213054945054,-0.0007238428571428,-0.0005807378266178,-0.0004591565323565,-0.0005159542124542,-0.0005310102564102
-0.0005646205128205,-0.0004702747252747,-0.0003588761904761,0.0005151748962148,-0.0001033378510378,-0.0004133744566544,-0.0005182568986568,-0.0007268841269841,-0.0005837624664224,-0.0004621775335775,-0.0005159542124542,-0.0005340275946275
-0.0005737273992673,-0.0004702747252747,-0.0003497523809523,0.0005212355067155,-0.0001124563858363,-0.0004103349206349,-0.0005152083028083,-0.0007299253968253,-0.0005837624664224,-0.0004651985347985,-0.0005189715506715,-0.0005400622710622
-0.000576763028083,-0.0004733086691086,-0.0003497523809523,0.0005242658119658,-0.0001124563858363,-0.0004103349206349,-0.0005152083028083,-0.0007299253968253,-0.0005867871062271,-0.0004651985347985,-0.0005219888888888,-0.0005400622710622
-0.0005737273992673,-0.0004733086691086,-0.0003558349206349,0.0005212355067155,-0.0001094168742368,-0.0004133744566544,-0.0005182568986568,-0.0007238428571428,-0.0005807378266178,-0.0004621775335775,-0.0005189715506715,-0.0005370449328449
-0.0005676561416361,-0.0004793765567765,-0.0003679999999999,0.0005212355067155,-0.0001002983394383,-0.000422493064713,-0.0005182568986568,-0.0007177603174603,-0.0005746885470085,-0.0004651985347985,-0.0005219888888888,-0.0005370449328449
-0.0005676561416361,-0.0004884783882783,-0.0003740825396825,0.0005272961172161,-9.725882783882755e-05,-0.0004316116727716,-0.0005121597069597,-0.000714719047619,-0.0005746885470085,-0.0004682195360195,-0.0005250062271062,-0.0005430796092796
-0.0005706917704517,-0.0004884783882783,-0.0003679999999999,0.0005272961172161,-0.0001002983394383,-0.0004285721367521,-0.0005091111111111,-0.0007116777777777,-0.0005777131868131,-0.0004712405372405,-0.0005280235653235,-0.0005460969474969
-0.0005706917704517,-0.0004824105006105,-0.0003649587301587,0.0005242658119658,-0.0001033378510378,-0.000422493064713,-0.0005060625152625,-0.0007086365079365,-0.0005807378266178,-0.0004742615384615,-0.0005280235653235,-0.0005460969474969
-0.0005797986568986,-0.0004824105006105,-0.0003558349206349,0.0005303264224664,-0.0001124563858363,-0.0004194535286935,-0.0005060625152625,-0.0007055952380952,-0.0005746885470085,-0.0004682195360195,-0.0005250062271062,-0.0005430796092796
-0.0005858699145299,-0.0004854444444444,-0.0003497523809523,0.0005333567277167,-0.0001185354090354,-0.0004164139926739,-0.0005030139194139,-0.0006964714285714,-0.0005716639072039,-0.0004621775335775,-0.0005250062271062,-0.0005430796092796
-0.0005676561416361,-0.0004884783882783,-0.0003710412698412,0.0005272961172161,-9.725882783882755e-05,-0.0004285721367521,-0.0005091111111111,-0.0006964714285714,-0.0005746885470085,-0.0004682195360195,-0.0005280235653235,-0.0005460969474969
-0.0005585492551892,-0.0004884783882783,-0.0003832063492063,0.0005212355067155,-8.814029304029276e-05,-0.0004346512087912,-0.0005121597069597,-0.0006964714285714,-0.0005746885470085,-0.0004682195360195,-0.0005310409035409,-0.0005491142857142
-0.0005646205128205,-0.0004854444444444,-0.0003771238095238,0.0005242658119658,-9.421931623931596e-05,-0.0004316116727716,-0.0005091111111111,-0.0006934301587301,-0.0005716639072039,-0.0004682195360195,-0.0005310409035409,-0.0005460969474969
-0.0005706917704517,-0.0004824105006105,-0.0003679999999999,0.0005242658119658,-0.0001002983394383,-0.0004255326007326,-0.0005091111111111,-0.0006964714285714,-0.0005716639072039,-0.0004682195360195,-0.0005280235653235,-0.0005460969474969
-0.0005706917704517,-0.0004854444444444,-0.0003679999999999,0.0005272961172161,-0.0001002983394383,-0.0004255326007326,-0.0005060625152625,-0.0006934301587301,-0.0005686392673992,-0.0004621775335775,-0.0005250062271062,-0.0005460969474969
-0.0005858699145299,-0.0004884783882783,-0.0003527936507936,0.000536387032967,-0.0001154958974358,-0.0004194535286935,-0.0005030139194139,-0.000681265079365,-0.0005625899877899,-0.0004561355311355,-0.0005189715506715,-0.0005400622710622
-0.0005858699145299,-0.0004884783882783,-0.0003588761904761,0.000536387032967,-0.0001124563858363,-0.000422493064713,-0.0005060625152625,-0.000681265079365,-0.0005625899877899,-0.0004591565323565,-0.0005219888888888,-0.0005460969474969
-0.0005646205128205,-0.0004854444444444,-0.0003740825396825,0.0005242658119658,-9.421931623931596e-05,-0.0004285721367521,-0.0005121597069597,-0.0006873476190476,-0.0005656146275946,-0.0004651985347985,-0.0005280235653235,-0.0005521316239316
-0.0005585492551892,-0.0004824105006105,-0.0003740825396825,0.0005182052014652,-9.117980463980436e-05,-0.0004285721367521,-0.0005182568986568,-0.0006873476190476,-0.0005656146275946,-0.0004651985347985,-0.0005280235653235,-0.0005521316239316
-0.0005646205128205,-0.0004793765567765,-0.0003649587301587,0.0005212355067155,-0.0001002983394383,-0.000422493064713,-0.0005213054945054,-0.0006873476190476,-0.0005625899877899,-0.0004591565323565,-0.0005250062271062,-0.0005460969474969
-0.0005737273992673,-0.0004733086691086,-0.0003527936507936,0.0005212355067155,-0.0001094168742368,-0.0004133744566544,-0.0005182568986568,-0.0006843063492063,-0.0005625899877899,-0.0004561355311355,-0.0005189715506715,-0.0005460969474969
-0.0005676561416361,-0.0004702747252747,-0.0003527936507936,0.0005182052014652,-0.0001063773626373,-0.0004103349206349,-0.0005213054945054,-0.000681265079365,-0.0005595653479853,-0.0004561355311355,-0.0005189715506715,-0.0005460969474969
-0.0005646205128205,-0.0004702747252747,-0.0003558349206349,0.0005151748962148,-0.0001033378510378,-0.0004133744566544,-0.000524354090354,-0.000681265079365,-0.0005565407081807,-0.0004500935286935,-0.0005159542124542,-0.0005430796092796
-0.0005706917704517,-0.0004702747252747,-0.0003558349206349,0.0005182052014652,-0.0001063773626373,-0.0004133744566544,-0.000524354090354,-0.0006782238095238,-0.000553516068376,-0.0004470725274725,-0.0005129368742368,-0.0005400622710622
-0.000576763028083,-0.0004672407814407,-0.0003467111111111,0.0005212355067155,-0.0001154958974358,-0.0004072953846153,-0.000524354090354,-0.0006751825396825,-0.0005474667887667,-0.0004410305250305,-0.0005069021978021,-0.0005370449328449
-0.0005585492551892,-0.0004642068376068,-0.0003588761904761,0.0005091142857142,-0.0001002983394383,-0.0004103349206349,-0.0005304512820512,-0.000681265079365,-0.0005504914285714,-0.0004470725274725,-0.0005129368742368,-0.0005430796092796
-0.0005464067399267,-0.0004672407814407,-0.0003710412698412,0.0005060839804639,-8.814029304029276e-05,-0.0004194535286935,-0.0005334998778998,-0.0006873476190476,-0.0005565407081807,-0.0004531145299145,-0.0005189715506715,-0.0005460969474969
-0.0005585492551892,-0.0004611728937728,-0.0003558349206349,0.0005091142857142,-0.0001002983394383,-0.0004072953846153,-0.0005304512820512,-0.0006843063492063,-0.000553516068376,-0.0004470725274725,-0.0005099195360195,-0.0005370449328449
-0.0005615848840048,-0.000452071062271,-0.0003436698412698,0.0005060839804639,-0.0001094168742368,-0.0003981767765567,-0.0005304512820512,-0.0006843063492063,-0.0005474667887667,-0.0004380095238095,-0.0004978501831501,-0.0005249755799755
-0.0005615848840048,-0.000452071062271,-0.0003406285714285,0.0005060839804639,-0.0001094168742368,-0.0003951372405372,-0.0005365484737484,-0.000681265079365,-0.0005474667887667,-0.0004349885225885,-0.0004978501831501,-0.0005279929181929
-0.0005646205128205,-0.000452071062271,-0.0003436698412698,0.0005060839804639,-0.0001094168742368,-0.0003981767765567,-0.0005365484737484,-0.000681265079365,-0.0005504914285714,-0.0004380095238095,-0.0005008675213675,-0.0005310102564102
-0.0005706917704517,-0.000452071062271,-0.000334546031746,0.0005091142857142,-0.0001185354090354,-0.0003920977045177,-0.0005304512820512,-0.0006873476190476,-0.000553516068376,-0.0004349885225885,-0.0004978501831501,-0.0005279929181929
-0.0005615848840048,-0.000452071062271,-0.0003436698412698,0.0005060839804639,-0.0001094168742368,-0.0003981767765567,-0.0005274026862026,-0.0006903888888888,-0.0005595653479853,-0.0004410305250305,-0.0005038848595848,-0.0005279929181929
-0.0005494423687423,-0.000452071062271,-0.0003588761904761,0.0005000233699633,-9.421931623931596e-05,-0.0004042558485958,-0.0005334998778998,-0.0006934301587301,-0.0005625899877899,-0.0004410305250305,-0.0005069021978021,-0.0005310102564102
-0.0005585492551892,-0.0004581389499389,-0.0003527936507936,0.0005060839804639,-0.0001033378510378,-0.0004042558485958,-0.0005304512820512,-0.0006934301587301,-0.0005625899877899,-0.0004380095238095,-0.0005038848595848,-0.0005249755799755
-0.0005706917704517,-0.0004642068376068,-0.0003467111111111,0.0005151748962148,-0.0001124563858363,-0.0004042558485958,-0.000524354090354,-0.0006934301587301,-0.0005625899877899,-0.0004410305250305,-0.0005008675213675,-0.0005249755799755
-0.0005585492551892,-0.0004642068376068,-0.0003588761904761,0.0005091142857142,-0.0001002983394383,-0.0004103349206349,-0.000524354090354,-0.0006995126984126,-0.0005686392673992,-0.0004470725274725,-0.0005069021978021,-0.0005310102564102
-0.0005555136263736,-0.0004611728937728,-0.0003588761904761,0.0005060839804639,-9.725882783882755e-05,-0.0004103349206349,-0.0005274026862026,-0.0007025539682539,-0.0005686392673992,-0.0004440515262515,-0.0005038848595848,-0.0005279929181929
-0.0005555136263736,-0.0004611728937728,-0.0003619174603174,0.0005060839804639,-9.725882783882755e-05,-0.0004103349206349,-0.0005334998778998,-0.0007025539682539,-0.0005716639072039,-0.0004440515262515,-0.0005038848595848,-0.0005310102564102
-0.0005524779975579,-0.0004642068376068,-0.0003679999999999,0.0005060839804639,-9.117980463980436e-05,-0.0004164139926739,-0.0005365484737484,-0.0007025539682539,-0.0005746885470085,-0.0004470725274725,-0.0005038848595848,-0.0005340275946275
-0.0005585492551892,-0.0004702747252747,-0.0003619174603174,0.0005121445909645,-9.725882783882755e-05,-0.0004164139926739,-0.0005365484737484,-0.0007086365079365,-0.0005716639072039,-0.0004440515262515,-0.0005038848595848,-0.0005340275946275
-0.0005706917704517,-0.0004733086691086,-0.0003558349206349,0.0005212355067155,-0.0001063773626373,-0.0004133744566544,-0.0005274026862026,-0.0007055952380952,-0.0005686392673992,-0.0004410305250305,-0.0005008675213675,-0.0005310102564102
-0.0005615848840048,-0.0004733086691086,-0.0003649587301587,0.0005151748962148,-9.725882783882755e-05,-0.0004194535286935,-0.000524354090354,-0.0007116777777777,-0.0005686392673992,-0.0004410305250305,-0.0005008675213675,-0.0005310102564102
-0.0005494423687423,-0.0004793765567765,-0.0003832063492063,0.0005121445909645,-8.206126984126955e-05,-0.0004316116727716,-0.0005304512820512,-0.000714719047619,-0.0005746885470085,-0.0004470725274725,-0.0005008675213675,-0.0005310102564102
-0.0005555136263736,-0.0004824105006105,-0.0003771238095238,0.0005182052014652,-8.814029304029276e-05,-0.0004285721367521,-0.0005304512820512,-0.000714719047619,-0.0005807378266178,-0.0004500935286935,-0.0005038848595848,-0.0005340275946275
-0.0005585492551892,-0.0004763426129426,-0.0003710412698412,0.0005151748962148,-9.421931623931596e-05,-0.000422493064713,-0.0005365484737484,-0.0007177603174603,-0.0005867871062271,-0.0004561355311355,-0.0005069021978021,-0.0005370449328449
-0.0005524779975579,-0.0004702747252747,-0.0003649587301587,0.0005091142857142,-9.421931623931596e-05,-0.0004164139926739,-0.000539597069597,-0.0007208015873015,-0.0005867871062271,-0.0004531145299145,-0.0005069021978021,-0.0005370449328449
-0.0005555136263736,-0.0004672407814407,-0.0003649587301587,0.0005091142857142,-9.421931623931596e-05,-0.0004164139926739,-0.000539597069597,-0.0007177603174603,-0.0005837624664224,-0.0004500935286935,-0.0005069021978021,-0.0005370449328449
-0.0005555136263736,-0.0004733086691086,-0.0003710412698412,0.0005121445909645,-9.117980463980436e-05,-0.000422493064713,-0.0005365484737484,-0.000714719047619,-0.0005807378266178,-0.0004470725274725,-0.0005038848595848,-0.0005340275946275
-0.0005585492551892,-0.0004824105006105,-0.0003740825396825,0.0005182052014652,-9.117980463980436e-05,-0.0004285721367521,-0.0005334998778998,-0.000714719047619,-0.0005777131868131,-0.0004470725274725,-0.0005008675213675,-0.0005310102564102
-0.0005646205128205,-0.0004824105006105,-0.0003710412698412,0.0005212355067155,-9.725882783882755e-05,-0.0004255326007326,-0.0005274026862026,-0.000714719047619,-0.0005777131868131,-0.0004470725274725,-0.0005008675213675,-0.0005310102564102
-0.0005615848840048,-0.0004824105006105,-0.0003771238095238,0.0005212355067155,-9.117980463980436e-05,-0.0004285721367521,-0.0005304512820512,-0.0007208015873015,-0.0005867871062271,-0.0004531145299145,-0.0005069021978021,-0.0005340275946275
-0.0005555136263736,-0.0004793765567765,-0.0003771238095238,0.0005151748962148,-8.814029304029276e-05,-0.0004285721367521,-0.0005334998778998,-0.0007238428571428,-0.0005928363858363,-0.0004621775335775,-0.0005099195360195,-0.0005400622710622
-0.0005585492551892,-0.0004793765567765,-0.0003710412698412,0.0005182052014652,-9.421931623931596e-05,-0.0004255326007326,-0.0005334998778998,-0.0007268841269841,-0.0005928363858363,-0.0004621775335775,-0.0005129368742368,-0.0005430796092796
-0.0005555136263736,-0.0004733086691086,-0.0003710412698412,0.0005121445909645,-9.117980463980436e-05,-0.000422493064713,-0.0005365484737484,-0.0007268841269841,-0.0005898117460317,-0.0004591565323565,-0.0005099195360195,-0.0005400622710622
-0.0005615848840048,-0.0004763426129426,-0.0003710412698412,0.0005182052014652,-9.421931623931596e-05,-0.000422493064713,-0.0005274026862026,-0.0007238428571428,-0.0005867871062271,-0.0004561355311355,-0.0005099195360195,-0.0005400622710622
-0.0005615848840048,-0.0004854444444444,-0.0003771238095238,0.0005212355067155,-9.117980463980436e-05,-0.0004316116727716,-0.000524354090354,-0.0007208015873015,-0.0005867871062271,-0.0004531145299145,-0.0005099195360195,-0.0005400622710622
-0.0005646205128205,-0.0004824105006105,-0.0003771238095238,0.0005212355067155,-9.421931623931596e-05,-0.0004285721367521,-0.000524354090354,-0.0007208015873015,-0.0005867871062271,-0.0004531145299145,-0.0005069021978021,-0.0005370449328449
-0.0005615848840048,-0.0004793765567765,-0.0003740825396825,0.0005182052014652,-9.421931623931596e-05,-0.0004255326007326,-0.0005304512820512,-0.0007208015873015,-0.0005867871062271,-0.0004531145299145,-0.0005069021978021,-0.0005340275946275
-0.0005615848840048,-0.0004793765567765,-0.0003740825396825,0.0005182052014652,-9.421931623931596e-05,-0.0004255326007326,-0.0005334998778998,-0.0007268841269841,-0.0005898117460317,-0.0004531145299145,-0.0005069021978021,-0.0005340275946275
-0.0005585492551892,-0.0004824105006105,-0.0003771238095238,0.0005182052014652,-9.117980463980436e-05,-0.0004285721367521,-0.0005334998778998,-0.0007268841269841,-0.0005928363858363,-0.0004561355311355,-0.0005099195360195,-0.0005370449328449
-0.0005524779975579,-0.0004915123321123,-0.0003862476190476,0.0005212355067155,-8.206126984126955e-05,-0.0004376907448107,-0.0005304512820512,-0.0007299253968253,-0.0005988856654456,-0.0004591565323565,-0.0005159542124542,-0.0005460969474969
-0.0005615848840048,-0.0004884783882783,-0.000380165079365,0.0005242658119658,-9.117980463980436e-05,-0.0004346512087912,-0.0005274026862026,-0.0007268841269841,-0.0005898117460317,-0.0004561355311355,-0.0005129368742368,-0.0005400622710622
-0.0005797986568986,-0.0004884783882783,-0.0003619174603174,0.0005333567277167,-0.0001094168742368,-0.0004255326007326,-0.0005182568986568,-0.0007208015873015,-0.0005777131868131,-0.0004470725274725,-0.0005038848595848,-0.0005310102564102
-0.0005646205128205,-0.0004884783882783,-0.000380165079365,0.0005242658119658,-9.117980463980436e-05,-0.0004346512087912,-0.000524354090354,-0.0007268841269841,-0.0005867871062271,-0.0004531145299145,-0.0005069021978021,-0.0005370449328449
-0.0005494423687423,-0.0004945462759462,-0.0003953714285714,0.0005212355067155,-7.598224664224636e-05,-0.0004437698168498,-0.0005334998778998,-0.0007329666666666,-0.0005928363858363,-0.0004591565323565,-0.0005129368742368,-0.0005400622710622
-0.0005585492551892,-0.0004915123321123,-0.0003862476190476,0.0005242658119658,-8.510078144078116e-05,-0.0004376907448107,-0.0005274026862026,-0.0007268841269841,-0.0005898117460317,-0.0004561355311355,-0.0005099195360195,-0.0005400622710622
-0.0005615848840048,-0.0004915123321123,-0.0003832063492063,0.0005242658119658,-8.814029304029276e-05,-0.0004376907448107,-0.000524354090354,-0.0007238428571428,-0.0005928363858363,-0.0004561355311355,-0.0005099195360195,-0.0005370449328449
-0.0005494423687423,-0.0004884783882783,-0.0003953714285714,0.0005182052014652,-7.598224664224636e-05,-0.0004407302808302,-0.0005274026862026,-0.0007268841269841,-0.000595861025641,-0.0004561355311355,-0.0005099195360195,-0.0005400622710622
-0.0005524779975579,-0.0004884783882783,-0.0003892888888888,0.0005182052014652,-8.206126984126955e-05,-0.0004376907448107,-0.0005304512820512,-0.0007299253968253,-0.0005988856654456,-0.0004591565323565,-0.0005129368742368,-0.0005430796092796
-0.0005646205128205,-0.0004884783882783,-0.0003771238095238,0.0005242658119658,-9.421931623931596e-05,-0.0004316116727716,-0.0005274026862026,-0.0007268841269841,-0.000595861025641,-0.0004591565323565,-0.0005099195360195,-0.0005370449328449
-0.0005706917704517,-0.0004884783882783,-0.0003740825396825,0.0005272961172161,-9.725882783882755e-05,-0.0004316116727716,-0.000524354090354,-0.0007268841269841,-0.0005928363858363,-0.0004561355311355,-0.0005099195360195,-0.0005370449328449
-0.0005615848840048,-0.0004854444444444,-0.000380165079365,0.0005212355067155,-9.117980463980436e-05,-0.0004316116727716,-0.0005274026862026,-0.0007268841269841,-0.0005928363858363,-0.0004561355311355,-0.0005069021978021,-0.0005370449328449
-0.0005464067399267,-0.0004793765567765,-0.0003892888888888,0.0005121445909645,-7.902175824175796e-05,-0.0004346512087912,-0.0005334998778998,-0.0007299253968253,-0.000595861025641,-0.0004591565323565,-0.0005099195360195,-0.0005370449328449
-0.0005494423687423,-0.0004854444444444,-0.0003892888888888,0.0005151748962148,-7.902175824175796e-05,-0.0004376907448107,-0.0005365484737484,-0.0007329666666666,-0.0005988856654456,-0.0004621775335775,-0.0005129368742368,-0.0005400622710622
-0.0005615848840048,-0.0004854444444444,-0.0003740825396825,0.0005212355067155,-9.421931623931596e-05,-0.0004285721367521,-0.0005334998778998,-0.0007329666666666,-0.000595861025641,-0.0004621775335775,-0.0005099195360195,-0.0005370449328449
-0.0005646205128205,-0.0004824105006105,-0.0003679999999999,0.0005212355067155,-9.725882783882755e-05,-0.0004255326007326,-0.0005274026862026,-0.0007360079365079,-0.000595861025641,-0.0004591565323565,-0.0005099195360195,-0.0005370449328449
-0.0005615848840048,-0.0004884783882783,-0.0003771238095238,0.0005242658119658,-9.117980463980436e-05,-0.0004316116727716,-0.0005304512820512,-0.0007360079365079,-0.0006019103052503,-0.0004621775335775,-0.0005129368742368,-0.0005400622710622
-0.0005615848840048,-0.0004884783882783,-0.0003832063492063,0.0005242658119658,-8.814029304029276e-05,-0.0004346512087912,-0.0005334998778998,-0.0007329666666666,-0.0006019103052503,-0.0004621775335775,-0.0005099195360195,-0.0005370449328449
-0.0005555136263736,-0.0004824105006105,-0.000380165079365,0.0005182052014652,-8.814029304029276e-05,-0.0004316116727716,-0.0005365484737484,-0.0007299253968253,-0.0006019103052503,-0.0004561355311355,-0.0005069021978021,-0.0005340275946275
-0.0005524779975579,-0.0004763426129426,-0.0003740825396825,0.0005121445909645,-8.814029304029276e-05,-0.0004255326007326,-0.0005365484737484,-0.0007238428571428,-0.0005988856654456,-0.0004531145299145,-0.0005038848595848,-0.0005340275946275
-0.0005555136263736,-0.0004702747252747,-0.0003679999999999,0.0005121445909645,-9.421931623931596e-05,-0.0004194535286935,-0.0005274026862026,-0.0007208015873015,-0.0005928363858363,-0.0004500935286935,-0.0005008675213675,-0.0005310102564102
-0.0005585492551892,-0.0004642068376068,-0.0003588761904761,0.0005091142857142,-0.0001002983394383,-0.0004103349206349,-0.0005182568986568,-0.0007177603174603,-0.0005837624664224,-0.0004470725274725,-0.0004978501831501,-0.0005249755799755
-0.0005464067399267,-0.0004490371184371,-0.0003588761904761,0.000496993064713,-9.421931623931596e-05,-0.0004042558485958,-0.0005182568986568,-0.0007116777777777,-0.0005807378266178,-0.0004440515262515,-0.0004948328449328,-0.0005219582417582
-0.0005342642246642,-0.0004460031746031,-0.0003649587301587,0.0004879021489621,-8.510078144078116e-05,-0.0004042558485958,-0.0005182568986568,-0.0007086365079365,-0.0005807378266178,-0.0004410305250305,-0.0004918155067155,-0.0005249755799755
-0.0005281929670329,-0.0004429692307692,-0.0003710412698412,0.0004848718437118,-7.902175824175796e-05,-0.0004072953846153,-0.0005121597069597,-0.0007025539682539,-0.0005716639072039,-0.0004380095238095,-0.0004918155067155,-0.0005249755799755
-0.0005281929670329,-0.0004277995115995,-0.0003527936507936,0.0004757809279609,-8.814029304029276e-05,-0.0003890581684981,-0.0004877709401709,-0.0006873476190476,-0.0005565407081807,-0.0004259255189255,-0.0004797461538461,-0.0005159235653235
-0.0005251573382173,-0.0004065619047619,-0.0003375873015873,0.0004636597069597,-9.421931623931596e-05,-0.0003708209523809,-0.0004725279609279,-0.0006751825396825,-0.0005383928693528,-0.0004108205128205,-0.0004676768009768,-0.0005008368742368
-0.0005251573382173,-0.0003913921855921,-0.0003223809523809,0.000457599096459,-0.0001002983394383,-0.0003556232722832,-0.0004725279609279,-0.0006599761904761,-0.0005232696703296,-0.0003957155067155,-0.0004525901098901,-0.0004887675213675
-0.0005130148229548,-0.0003822903540903,-0.0003223809523809,0.0004454778754578,-9.421931623931596e-05,-0.0003525837362637,-0.0004816737484737,-0.0006538936507936,-0.0005232696703296,-0.0003957155067155,-0.0004495727716727,-0.0004857501831501
-0.0004978366788766,-0.0003762224664224,-0.000334546031746,0.0004363869597069,-8.206126984126955e-05,-0.0003556232722832,-0.0004969167277167,-0.0006538936507936,-0.0005262943101343,-0.0003987365079365,-0.0004586247863247,-0.0004917848595848
-0.0004917654212454,-0.0003762224664224,-0.0003406285714285,0.0004333566544566,-7.598224664224636e-05,-0.0003586628083028,-0.000524354090354,-0.0006690999999999,-0.0005323435897435,-0.0004017575091575,-0.0004616421245421,-0.0004948021978021
-0.0005039079365079,-0.00039746007326,-0.0003467111111111,0.0004485081807081,-7.902175824175796e-05,-0.0003708209523809,-0.0005517914529914,-0.0006934301587301,-0.0005474667887667,-0.0004108205128205,-0.0004676768009768,-0.0004978195360195
-0.000519086080586,-0.0004126297924297,-0.0003436698412698,0.0004636597069597,-8.814029304029276e-05,-0.00037690002442,-0.0005517914529914,-0.0007025539682539,-0.0005504914285714,-0.0004077995115995,-0.0004646594627594,-0.0004948021978021
-0.0005251573382173,-0.0004277995115995,-0.0003558349206349,0.0004757809279609,-8.510078144078116e-05,-0.0003920977045177,-0.0005456942612942,-0.0007055952380952,-0.0005595653479853,-0.0004168625152625,-0.0004737114774114,-0.0005008368742368
-0.0005160504517704,-0.0004490371184371,-0.0003832063492063,0.0004818415384615,-6.686371184371155e-05,-0.0004164139926739,-0.00055484004884,-0.0007238428571428,-0.0005837624664224,-0.0004349885225885,-0.0004887981684981,-0.0005159235653235
-0.0005130148229548,-0.000452071062271,-0.0003953714285714,0.0004818415384615,-5.774517704517676e-05,-0.000422493064713,-0.00055484004884,-0.0007268841269841,-0.000595861025641,-0.0004440515262515,-0.0004948328449328,-0.0005189409035409
-0.0005130148229548,-0.0004460031746031,-0.0003862476190476,0.0004788112332112,-6.382420024419996e-05,-0.0004164139926739,-0.00055484004884,-0.0007299253968253,-0.0005928363858363,-0.0004410305250305,-0.0004918155067155,-0.0005159235653235
-0.0005130148229548,-0.0004460031746031,-0.0003892888888888,0.0004788112332112,-6.078468864468836e-05,-0.0004164139926739,-0.0005609372405372,-0.0007360079365079,-0.0005988856654456,-0.0004440515262515,-0.0004948328449328,-0.0005159235653235
-0.0005221217094017,-0.0004702747252747,-0.0004075365079365,0.0004939627594627,-5.774517704517676e-05,-0.0004376907448107,-0.0005578886446886,-0.0007390492063492,-0.0006109842246642,-0.0004561355311355,-0.0005069021978021,-0.0005279929181929
-0.0005342642246642,-0.0004884783882783,-0.0004105777777777,0.0005091142857142,-6.078468864468836e-05,-0.0004498488888888,-0.0005517914529914,-0.0007451317460317,-0.0006170335042735,-0.0004651985347985,-0.0005129368742368,-0.0005340275946275
-0.0005433711111111,-0.0004884783882783,-0.0004014539682539,0.0005151748962148,-6.990322344322315e-05,-0.0004437698168498,-0.0005487428571428,-0.000748173015873,-0.0006170335042735,-0.0004651985347985,-0.0005099195360195,-0.0005310102564102
-0.0005464067399267,-0.0004975802197802,-0.0004014539682539,0.0005212355067155,-7.294273504273476e-05,-0.0004498488888888,-0.0005456942612942,-0.0007542555555555,-0.0006200581440781,-0.0004682195360195,-0.0005159542124542,-0.0005370449328449
-0.0005555136263736,-0.0005006141636141,-0.0003953714285714,0.0005272961172161,-7.902175824175796e-05,-0.0004468093528693,-0.0005426456654456,-0.0007572968253968,-0.0006200581440781,-0.0004712405372405,-0.0005189715506715,-0.0005400622710622
-0.000576763028083,-0.0005006141636141,-0.0003740825396825,0.000536387032967,-0.0001002983394383,-0.0004376907448107,-0.0005334998778998,-0.0007542555555555,-0.0006140088644688,-0.0004682195360195,-0.0005159542124542,-0.0005400622710622
-0.0005889055433455,-0.0005157838827838,-0.0003771238095238,0.0005515385592185,-0.0001063773626373,-0.0004468093528693,-0.0005304512820512,-0.0007572968253968,-0.0006200581440781,-0.0004742615384615,-0.0005250062271062,-0.0005491142857142
-0.0005828342857142,-0.0005279196581196,-0.0003953714285714,0.0005545688644688,-9.421931623931596e-05,-0.000462007032967,-0.0005334998778998,-0.0007633793650793,-0.0006321567032967,-0.0004863455433455,-0.0005370755799755,-0.0005611836385836
-0.0005828342857142,-0.0005309536019536,-0.0003984126984126,0.0005545688644688,-9.117980463980436e-05,-0.0004650465689865,-0.0005334998778998,-0.0007664206349206,-0.0006351813431013,-0.0004893665445665,-0.0005400929181929,-0.0005642009768009
-0.000576763028083,-0.0005248857142857,-0.0004014539682539,0.0005485082539682,-8.814029304029276e-05,-0.000462007032967,-0.0005365484737484,-0.0007633793650793,-0.0006321567032967,-0.0004833245421245,-0.0005340582417582,-0.0005551489621489
-0.0005646205128205,-0.0005218517704517,-0.0004105777777777,0.0005424476434676,-7.598224664224636e-05,-0.0004650465689865,-0.0005365484737484,-0.0007572968253968,-0.000629132063492,-0.0004803035409035,-0.0005310409035409,-0.0005521316239316
-0.0005646205128205,-0.0005248857142857,-0.000413619047619,0.0005424476434676,-7.598224664224636e-05,-0.0004680861050061,-0.0005334998778998,-0.0007572968253968,-0.000629132063492,-0.0004803035409035,-0.0005340582417582,-0.0005521316239316
-0.0005706917704517,-0.0005248857142857,-0.0004075365079365,0.0005454779487179,-8.206126984126955e-05,-0.0004650465689865,-0.0005274026862026,-0.0007572968253968,-0.0006261074236874,-0.0004803035409035,-0.0005340582417582,-0.0005551489621489
-0.0005737273992673,-0.0005248857142857,-0.0004014539682539,0.0005485082539682,-8.510078144078116e-05,-0.000462007032967,-0.0005274026862026,-0.000760338095238,-0.0006261074236874,-0.0004833245421245,-0.0005310409035409,-0.0005521316239316
-0.000576763028083,-0.0005157838827838,-0.0003892888888888,0.0005454779487179,-9.421931623931596e-05,-0.0004528884249084,-0.0005274026862026,-0.0007572968253968,-0.0006170335042735,-0.0004712405372405,-0.0005189715506715,-0.0005430796092796
-0.0005889055433455,-0.0005127499389499,-0.0003771238095238,0.0005485082539682,-0.0001063773626373,-0.0004437698168498,-0.0005274026862026,-0.0007512142857142,-0.0006109842246642,-0.0004651985347985,-0.0005129368742368,-0.0005400622710622
-0.0005858699145299,-0.0005157838827838,-0.0003832063492063,0.0005485082539682,-0.0001002983394383,-0.0004498488888888,-0.0005274026862026,-0.0007542555555555,-0.0006140088644688,-0.0004651985347985,-0.0005159542124542,-0.0005430796092796
-0.0005797986568986,-0.0005036481074481,-0.0003832063492063,0.0005394173382173,-9.725882783882755e-05,-0.0004437698168498,-0.0005274026862026,-0.000760338095238,-0.0006109842246642,-0.0004651985347985,-0.0005159542124542,-0.0005430796092796
-0.0005797986568986,-0.0004945462759462,-0.0003740825396825,0.000536387032967,-0.0001033378510378,-0.0004346512087912,-0.0005304512820512,-0.0007572968253968,-0.0006049349450549,-0.0004591565323565,-0.0005129368742368,-0.0005400622710622
-0.0005737273992673,-0.0004854444444444,-0.0003649587301587,0.0005272961172161,-0.0001033378510378,-0.0004255326007326,-0.0005334998778998,-0.0007268841269841,-0.0005777131868131,-0.0004470725274725,-0.0005129368742368,-0.0005460969474969
-0.0005646205128205,-0.0004460031746031,-0.000334546031746,0.0005030536752136,-0.0001154958974358,-0.0003890581684981,-0.0005334998778998,-0.0006873476190476,-0.0005141957509157,-0.0004198835164835,-0.0005038848595848,-0.0005551489621489
-0.0005585492551892,-0.000342849084249,-0.0002372253968253,0.0004485081807081,-0.0001610885714285,-0.0002887534798534,-0.0005304512820512,-0.0006204396825396,-0.0004143826373626,-0.0003443584859584,-0.0004556074481074,-0.0005219582417582
-0.0004917654212454,-0.0001729482295482,-0.0001338222222222,0.0003303262759462,-0.0001793256410256,-0.0001519743589743,-0.0005639858363858,-0.000489665079365,-0.0002540767277167,-0.0001902874236874,-0.0003379312576312,-0.0004495421245421
-0.0003551621245421,5.4597557997558186e-05,-4.562539682539673e-05,0.0001485079609279,-0.0001550095482295,3.0419780219779864e-06,-0.0006432493284493,-0.0003893031746031,-6.35244200244201e-05,3.930866910866859e-05,-0.0001568909645909,-0.0003197965811965
-0.000200345054945,0.0003822634920634,0.0001246857142857,-9.088615384615384e-05,-0.0001610885714285,0.0002522839316239,-0.0008292136752136,-0.0005474492063492,9.980612942612936e-05,0.0003263037851037,0.0001267388278388,-7.840952380952442e-05
-3.0349841269841543e-05,0.0007342009768009,0.0003010793650793,-0.0003514924053724,-0.000164128083028,0.0005167235653235,-0.0011249274725274,-0.0009154428571428,0.0001602989255189,0.0006102778998778,0.000449594017094,0.0002293589743589
0.0001153603418803,0.0009920862026862,0.000410565079365,-0.0005514925518925,-0.000145891013431,0.0007021352625152,-0.0014785645909645,-0.001335138095238,7.56090109890109e-05,0.0008096639804639,0.0007211544566544,0.0005160061050061
0.0001942866910866,0.0010831045177045,0.0004227301587301,-0.000636341098901,-0.0001124563858363,0.0007538073748473,-0.001746841025641,-0.0016331825396825,-0.000108894017094,0.0008066429792429,0.0008237439560439,0.000694029059829
0.0001183959706959,0.0006917257631257,0.0001125206349206,-0.0004030075946275,3.045054945055228e-06,0.0004012211965811,-0.0017437924297924,-0.0017730809523809,-0.0004899986324786,0.0003867238095238,0.0005280448107448,0.0005522141636141
-0.0001396324786324,8.493699633699652e-05,-0.0002341841269841,2.7295750915750945e-05,4.559821733821762e-05,-7.29464224664225e-05,-0.0015364879120879,-0.0019342682539682,-0.0009769656410256,-0.0002084134310134,6.337472527472512e-05,0.000247463003663
-0.0003976609279609,-0.000185084004884,-0.0002433079365079,0.0002909323076923,-7.598224664224636e-05,-0.000212765079365,-0.0013474749694749,-0.0020863317460317,-0.001267331062271,-0.0005558285714285,-0.0001961163614163,7.245738705738645e-05
-0.0005433711111111,-0.000345883028083,-0.000255473015873,0.0004424475702075,-0.0001428515018315,-0.0003009116239316,-0.0011889479853479,-0.0019555571428571,-0.0013006021001221,-0.0006887526251526,-0.0003560352869352,-8.142686202686261e-05
-0.0005949768009768,-0.0004490371184371,-0.0003071746031746,0.0005212355067155,-0.0001428515018315,-0.00037690002442,-0.0010731013431013,-0.0016970492063492,-0.0011826411477411,-0.0006917736263736,-0.0004465554334554,-0.000226259096459
-0.000601048058608,-0.0004642068376068,-0.0003193396825396,0.0005303264224664,-0.0001398119902319,-0.0003920977045177,-0.0009633518925518,-0.0014415825396825,-0.0010283845177045,-0.0006283326007326,-0.0004676768009768,-0.0003197965811965
-0.0005889055433455,-0.0004672407814407,-0.0003284634920634,0.0005272961172161,-0.0001306934554334,-0.0003981767765567,-0.0008231164835164,-0.0011982809523809,-0.000889251086691,-0.0005679125763125,-0.0004827634920634,-0.000386178021978
-0.0005706917704517,-0.0004672407814407,-0.0003467111111111,0.0005182052014652,-0.0001124563858363,-0.0004072953846153,-0.0006859296703296,-0.0009732269841269,-0.0007712901343101,-0.0005165555555555,-0.0004887981684981,-0.0004404901098901
-0.0005464067399267,-0.0004399352869352,-0.0003467111111111,0.0004909324542124,-0.0001002983394383,-0.0003920977045177,-0.0005914231990231,-0.0008089984126984,-0.0006745016605616,-0.0004651985347985,-0.0004797461538461,-0.0004676461538461
-0.0005281929670329,-0.0004065619047619,-0.0003375873015873,0.00046669001221,-9.421931623931596e-05,-0.0003708209523809,-0.0005487428571428,-0.0007299253968253,-0.0006109842246642,-0.0004380095238095,-0.0004706941391941,-0.0004736808302808
-0.0005342642246642,-0.0004035279609279,-0.0003284634920634,0.00046669001221,-0.0001033378510378,-0.0003647418803418,-0.0005274026862026,-0.0006995126984126,-0.0005867871062271,-0.0004289465201465,-0.0004706941391941,-0.0004766981684981
-0.0005342642246642,-0.0004156637362637,-0.0003375873015873,0.0004727506227106,-9.725882783882755e-05,-0.00037690002442,-0.0005182568986568,-0.000681265079365,-0.0005807378266178,-0.0004319675213675,-0.0004797461538461,-0.0004887675213675
-0.0005464067399267,-0.0004247655677655,-0.0003315047619047,0.0004848718437118,-0.0001063773626373,-0.00037690002442,-0.0005060625152625,-0.0006630174603174,-0.0005746885470085,-0.0004319675213675,-0.0004827634920634,-0.0004948021978021
-0.0005524779975579,-0.0004277995115995,-0.0003284634920634,0.0004879021489621,-0.0001124563858363,-0.00037690002442,-0.0004999653235653,-0.0006508523809523,-0.0005656146275946,-0.0004319675213675,-0.0004857808302808,-0.0005038542124542
-0.0005433711111111,-0.0004277995115995,-0.0003375873015873,0.0004848718437118,-0.0001033378510378,-0.000382979096459,-0.0004969167277167,-0.0006417285714285,-0.0005656146275946,-0.0004319675213675,-0.0004887981684981,-0.0005129062271062
-0.0005342642246642,-0.0004308334554334,-0.0003497523809523,0.0004818415384615,-9.117980463980436e-05,-0.0003890581684981,-0.0004908195360195,-0.0006326047619047,-0.0005565407081807,-0.0004319675213675,-0.0004918155067155,-0.0005159235653235
-0.0005281929670329,-0.0004277995115995,-0.0003527936507936,0.0004757809279609,-8.814029304029276e-05,-0.0003890581684981,-0.0004908195360195,-0.0006204396825396,-0.0005504914285714,-0.0004289465201465,-0.0004918155067155,-0.0005189409035409
-0.0005281929670329,-0.0004308334554334,-0.0003558349206349,0.0004788112332112,-8.510078144078116e-05,-0.0003920977045177,-0.0004877709401709,-0.0006143571428571,-0.0005474667887667,-0.0004319675213675,-0.0004918155067155,-0.0005219582417582
-0.0005403354822954,-0.0004338673992673,-0.0003497523809523,0.0004848718437118,-9.421931623931596e-05,-0.0003920977045177,-0.0004847223443223,-0.0006082746031746,-0.0005414175091575,-0.0004289465201465,-0.0004918155067155,-0.0005219582417582
-0.0005433711111111,-0.0004399352869352,-0.0003527936507936,0.0004909324542124,-9.421931623931596e-05,-0.0003951372405372,-0.0004786251526251,-0.0006052333333333,-0.0005383928693528,-0.0004289465201465,-0.0004948328449328,-0.0005249755799755
-0.0005403354822954,-0.0004369013431013,-0.0003527936507936,0.0004879021489621,-9.421931623931596e-05,-0.0003951372405372,-0.0004786251526251,-0.0005991507936507,-0.0005353682295482,-0.0004289465201465,-0.0004948328449328,-0.0005249755799755
-0.0005342642246642,-0.0004308334554334,-0.0003467111111111,0.0004818415384615,-9.421931623931596e-05,-0.0003890581684981,-0.0004786251526251,-0.0005930682539682,-0.0005353682295482,-0.0004229045177045,-0.0004887981684981,-0.0005219582417582
-0.0005372998534798,-0.0004247655677655,-0.0003406285714285,0.0004788112332112,-9.725882783882755e-05,-0.000382979096459,-0.0004816737484737,-0.0005869857142857,-0.0005323435897435,-0.0004168625152625,-0.0004827634920634,-0.0005159235653235
-0.0005464067399267,-0.0004247655677655,-0.0003315047619047,0.0004848718437118,-0.0001063773626373,-0.00037690002442,-0.0004786251526251,-0.0005839444444444,-0.0005262943101343,-0.0004138415140415,-0.0004797461538461,-0.0005098888888888
-0.0005403354822954,-0.0004217316239316,-0.0003375873015873,0.0004788112332112,-0.0001002983394383,-0.0003799395604395,-0.0004786251526251,-0.0005809031746031,-0.0005262943101343,-0.0004168625152625,-0.0004827634920634,-0.0005159235653235
-0.0005342642246642,-0.0004186976800976,-0.0003406285714285,0.0004757809279609,-9.725882783882755e-05,-0.0003799395604395,-0.0004755765567765,-0.0005748206349206,-0.0005232696703296,-0.0004168625152625,-0.0004857808302808,-0.0005159235653235
-0.0005251573382173,-0.0004156637362637,-0.0003436698412698,0.0004697203174603,-9.117980463980436e-05,-0.0003799395604395,-0.0004786251526251,-0.0005656968253968,-0.0005172203907203,-0.0004168625152625,-0.0004857808302808,-0.0005159235653235
-0.000519086080586,-0.0004126297924297,-0.0003467111111111,0.0004636597069597,-8.510078144078116e-05,-0.0003799395604395,-0.0004786251526251,-0.0005626555555555,-0.0005172203907203,-0.0004168625152625,-0.0004887981684981,-0.0005189409035409
-0.0005221217094017,-0.0004186976800976,-0.0003467111111111,0.0004697203174603,-8.814029304029276e-05,-0.000382979096459,-0.0004755765567765,-0.000556573015873,-0.0005172203907203,-0.0004168625152625,-0.0004918155067155,-0.0005219582417582
-0.0005281929670329,-0.0004186976800976,-0.0003436698412698,0.0004727506227106,-9.117980463980436e-05,-0.0003799395604395,-0.0004694793650793,-0.0005474492063492,-0.0005141957509157,-0.0004138415140415,-0.0004887981684981,-0.0005189409035409
-0.0005251573382173,-0.0004217316239316,-0.0003467111111111,0.0004727506227106,-8.814029304029276e-05,-0.000382979096459,-0.0004664307692307,-0.0005383253968253,-0.0005111711111111,-0.0004108205128205,-0.0004857808302808,-0.0005159235653235
-0.0005251573382173,-0.0004217316239316,-0.0003497523809523,0.0004727506227106,-8.814029304029276e-05,-0.0003860186324786,-0.0004664307692307,-0.0005292015873015,-0.0005020971916971,-0.0004077995115995,-0.0004827634920634,-0.0005129062271062
-0.0005281929670329,-0.0004186976800976,-0.0003436698412698,0.0004727506227106,-9.117980463980436e-05,-0.0003799395604395,-0.0004664307692307,-0.0005170365079365,-0.0004960479120879,-0.0004017575091575,-0.0004797461538461,-0.0005129062271062
-0.0005251573382173,-0.0004186976800976,-0.0003497523809523,0.0004697203174603,-8.814029304029276e-05,-0.000382979096459,-0.0004694793650793,-0.0005109539682539,-0.0004960479120879,-0.0004017575091575,-0.0004827634920634,-0.0005159235653235
-0.0005251573382173,-0.0004186976800976,-0.0003497523809523,0.0004697203174603,-8.814029304029276e-05,-0.000382979096459,-0.0004694793650793,-0.0005048714285714,-0.0004930232722832,-0.0004017575091575,-0.0004857808302808,-0.0005249755799755
-0.0005221217094017,-0.0004156637362637,-0.0003436698412698,0.00046669001221,-8.814029304029276e-05,-0.0003799395604395,-0.0004694793650793,-0.0004957476190476,-0.0004869739926739,-0.0004017575091575,-0.0004827634920634,-0.0005219582417582
-0.0005160504517704,-0.0004095958485958,-0.0003436698412698,0.0004606294017094,-8.510078144078116e-05,-0.00037690002442,-0.0004725279609279,-0.000489665079365,-0.0004839493528693,-0.0003987365079365,-0.0004797461538461,-0.0005159235653235
-0.0005221217094017,-0.0004065619047619,-0.0003375873015873,0.0004636597069597,-9.117980463980436e-05,-0.0003708209523809,-0.0004725279609279,-0.0004805412698412,-0.0004839493528693,-0.0003957155067155,-0.0004797461538461,-0.0005219582417582
-0.0005130148229548,-0.0004035279609279,-0.0003467111111111,0.000457599096459,-8.206126984126955e-05,-0.0003738604884004,-0.0004725279609279,-0.0004683761904761,-0.0004839493528693,-0.0004017575091575,-0.0004857808302808,-0.0005279929181929
-0.0005130148229548,-0.000400494017094,-0.0003436698412698,0.0004545687912087,-8.510078144078116e-05,-0.0003708209523809,-0.0004633821733821,-0.0004531698412698,-0.0004748754334554,-0.0003987365079365,-0.0004857808302808,-0.0005279929181929
-0.0005281929670329,-0.0004035279609279,-0.0003254222222222,0.0004636597069597,-0.0001002983394383,-0.0003647418803418,-0.0004542363858363,-0.0004379634920634,-0.0004627768742368,-0.0003896735042735,-0.0004767288156288,-0.0005189409035409
-0.0005160504517704,-0.000400494017094,-0.000334546031746,0.000457599096459,-9.117980463980436e-05,-0.0003677814163614,-0.0004511877899877,-0.0004227571428571,-0.0004567275946275,-0.0003836315018315,-0.0004706941391941,-0.0005129062271062
-0.0005099791941391,-0.00039746007326,-0.0003406285714285,0.0004515384859584,-8.510078144078116e-05,-0.0003677814163614,-0.0004511877899877,-0.0004045095238095,-0.0004506783150183,-0.0003806105006105,-0.0004676768009768,-0.0005129062271062
-0.0005069435653235,-0.0003944261294261,-0.0003406285714285,0.0004485081807081,-8.206126984126955e-05,-0.0003677814163614,-0.0004511877899877,-0.0003893031746031,-0.000444629035409,-0.0003806105006105,-0.0004676768009768,-0.0005159235653235
-0.000494801050061,-0.0003853242979242,-0.0003436698412698,0.0004394172649572,-7.598224664224636e-05,-0.0003647418803418,-0.0004481391941391,-0.0003740968253968,-0.0004355551159951,-0.0003775894993894,-0.0004676768009768,-0.0005129062271062
-0.0004917654212454,-0.0003762224664224,-0.0003315047619047,0.0004333566544566,-7.902175824175796e-05,-0.0003525837362637,-0.0004481391941391,-0.0003558492063492,-0.0004264811965811,-0.0003715474969474,-0.0004616421245421,-0.0005098888888888
-0.0004917654212454,-0.0003731885225885,-0.000334546031746,0.0004303263492063,-7.902175824175796e-05,-0.0003525837362637,-0.0004481391941391,-0.0003376015873015,-0.0004204319169719,-0.0003655054945054,-0.0004586247863247,-0.0005098888888888
-0.0004917654212454,-0.0003701545787545,-0.000334546031746,0.0004303263492063,-7.902175824175796e-05,-0.0003525837362637,-0.0004450905982905,-0.0003163126984126,-0.0004143826373626,-0.0003624844932844,-0.0004586247863247,-0.0005098888888888
-0.000494801050061,-0.0003610527472527,-0.0003223809523809,0.000427296043956,-8.510078144078116e-05,-0.0003404255921855,-0.000442042002442,-0.000298065079365,-0.0004053087179487,-0.0003594634920634,-0.0004556074481074,-0.0005038542124542
-0.0004917654212454,-0.0003549848595848,-0.0003162984126984,0.0004212354334554,-8.814029304029276e-05,-0.0003343465201465,-0.0004328962148962,-0.0002737349206349,-0.0003932101587301,-0.0003534214896214,-0.0004495727716727,-0.0005008368742368
-0.0004796229059829,-0.000345883028083,-0.0003162984126984,0.0004121445177045,-8.206126984126955e-05,-0.0003313069841269,-0.0004298476190476,-0.0002494047619047,-0.0003841362393162,-0.0003473794871794,-0.0004465554334554,-0.0004978195360195
-0.000470516019536,-0.0003276793650793,-0.0003102158730158,0.0003969929914529,-7.902175824175796e-05,-0.0003191488400488,-0.000426799023199,-0.0002129095238095,-0.0003780869597069,-0.0003383164835164,-0.0004375034188034,-0.0004887675213675
-0.0004735516483516,-0.0003155435897435,-0.0002950095238095,0.0003939626862026,-8.814029304029276e-05,-0.0003039511599511,-0.0004298476190476,-0.000185538095238,-0.000369013040293,-0.0003322744810744,-0.0004314687423687,-0.0004797155067155
-0.0004644447619047,-0.0003034078144078,-0.0002950095238095,0.0003818414652014,-8.510078144078116e-05,-0.000297872087912,-0.0004298476190476,-0.0001672904761904,-0.0003599391208791,-0.0003262324786324,-0.000425434065934,-0.0004736808302808
-0.0004614091330891,-0.0002973399267399,-0.0002889269841269,0.0003788111599511,-8.510078144078116e-05,-0.000291793015873,-0.0004237504273504,-0.0001429603174603,-0.0003448159218559,-0.0003141484737484,-0.000416382051282,-0.0004706634920634
-0.0004492666178266,-0.000288238095238,-0.0002919682539682,0.0003666899389499,-7.902175824175796e-05,-0.0002887534798534,-0.0004207018315018,-0.0001155888888888,-0.0003327173626373,-0.0003050854700854,-0.0004103473748473,-0.0004646288156288
-0.0004401597313797,-0.0002761023199023,-0.0002828444444444,0.000357599023199,-7.902175824175796e-05,-0.0002796348717948,-0.0004176532356532,-9.429999999999968e-05,-0.0003206188034188,-0.0002960224664224,-0.0004012953601953,-0.0004525594627594
-0.0004523022466422,-0.0002518307692307,-0.0002524317460317,0.0003515384126984,-0.0001002983394383,-0.000252279047619,-0.000411556043956,-7.30111111111108e-05,-0.0003054956043956,-0.0002839384615384,-0.0003831913308913,-0.000431438095238
-0.0004523022466422,-0.0002427289377289,-0.0002433079365079,0.0003454778021978,-0.0001033378510378,-0.0002431604395604,-0.0004085074481074,-5.78047619047616e-05,-0.0002964216849816,-0.0002748754578754,-0.0003711219780219,-0.0004193687423687
-0.0004401597313797,-0.000236661050061,-0.0002493904761904,0.0003363868864468,-9.421931623931596e-05,-0.0002431604395604,-0.0004054588522588,-4.563968253968224e-05,-0.000293397045177,-0.0002718544566544,-0.0003681046398046,-0.000413334065934
-0.0004310528449328,-0.0002154234432234,-0.0002402666666666,0.0003212353601953,-9.421931623931596e-05,-0.0002279627594627,-0.000411556043956,-3.651587301587271e-05,-0.0002903724053724,-0.0002627914529914,-0.0003560352869352,-0.0004012647130647
-0.0004219459584859,-0.000185084004884,-0.0002189777777777,0.0003030535286935,-0.0001002983394383,-0.0002006069352869,-0.000426799023199,-3.3474603174602874e-05,-0.0002873477655677,-0.0002567494505494,-0.0003439659340659,-0.0003831606837606
-0.0004158747008547,-0.0001577785103785,-0.0002007301587301,0.0002848716971916,-0.0001063773626373,-0.0001793301831501,-0.0004298476190476,-3.3474603174602874e-05,-0.0002843231257631,-0.0002507074481074,-0.0003349139194139,-0.0003741086691086
-0.0004067678144078,-0.0001426087912087,-0.0001946476190476,0.0002727504761904,-0.0001063773626373,-0.000167172039072,-0.0004298476190476,-3.955714285714255e-05,-0.0002812984859584,-0.0002446654456654,-0.0003288792429792,-0.0003680739926739
-0.0004037321855921,-0.0001395748473748,-0.0001916063492063,0.0002697201709401,-0.0001063773626373,-0.0001641325030525,-0.0004298476190476,-5.476349206349176e-05,-0.0002782738461538,-0.0002416444444444,-0.0003228445665445,-0.0003590219780219
-0.000412839072039,-0.0001365409035409,-0.0001763999999999,0.0002727504761904,-0.0001185354090354,-0.0001550138949938,-0.0004328962148962,-7.605238095238064e-05,-0.0002752492063492,-0.0002386234432234,-0.0003137925518925,-0.0003439352869352
-0.0004098034432234,-0.0001244051282051,-0.0001672761904761,0.0002666898656898,-0.0001215749206349,-0.0001458952869352,-0.000442042002442,-0.0001003825396825,-0.0002782738461538,-0.0002295604395604,-0.0003017231990231,-0.0003318659340659
-0.0004189103296703,-0.0001153032967032,-0.0001520698412698,0.0002666898656898,-0.0001337329670329,-0.0001337371428571,-0.0004481391941391,-0.0001277539682539,-0.0002843231257631,-0.0002265394383394,-0.0002926711843711,-0.0003197965811965
-0.0004249815873015,-0.0001122693528693,-0.0001399047619047,0.0002666898656898,-0.0001428515018315,-0.0001246185347985,-0.0004542363858363,-0.0001672904761904,-0.000293397045177,-0.0002295604395604,-0.0002896538461538,-0.0003107445665445
-0.0004249815873015,-0.0001092354090354,-0.0001338222222222,0.0002666898656898,-0.000145891013431,-0.0001215789987789,-0.0004664307692307,-0.000218992063492,-0.0003054956043956,-0.0002356024420024,-0.0002896538461538,-0.0003107445665445
-0.0004371241025641,-0.0001183372405372,-0.0001368634920634,0.0002757807814407,-0.0001489305250305,-0.000127658070818,-0.0004816737484737,-0.0002706936507936,-0.0003236434432234,-0.0002446654456654,-0.0002926711843711,-0.0003077272283272
-0.0004401597313797,-0.000130473015873,-0.000142946031746,0.0002848716971916,-0.0001489305250305,-0.0001367766788766,-0.0004969167277167,-0.0003254365079365,-0.0003478405616605,-0.0002567494505494,-0.0003047405372405,-0.0003167792429792
-0.0004492666178266,-0.0001426087912087,-0.0001490285714285,0.0002939626129426,-0.0001489305250305,-0.0001458952869352,-0.0005060625152625,-0.000377138095238,-0.000369013040293,-0.0002658124542124,-0.0003137925518925,-0.0003258312576312
-0.0004614091330891,-0.0001699142857142,-0.0001611936507936,0.0003151747496947,-0.0001489305250305,-0.0001641325030525,-0.0005091111111111,-0.0004257984126984,-0.0003901855189255,-0.0002809174603174,-0.0003228445665445,-0.0003439352869352
-0.0004674803907203,-0.0001972197802197,-0.0001855238095238,0.0003303262759462,-0.0001398119902319,-0.0001914883272283,-0.0005060625152625,-0.0004683761904761,-0.0004113579975579,-0.0003020644688644,-0.0003439659340659,-0.0003620393162393
-0.0004765872771672,-0.0002184573870573,-0.0001916063492063,0.0003454778021978,-0.0001428515018315,-0.0002036464713064,-0.0005060625152625,-0.0005079126984126,-0.0004295058363858,-0.0003171694749694,-0.0003590526251526,-0.000377126007326
-0.0004978366788766,-0.0002457628815628,-0.0001946476190476,0.0003697202442002,-0.00015197003663,-0.0002188441514041,-0.0005091111111111,-0.0005413666666666,-0.0004476536752136,-0.0003292534798534,-0.0003741393162393,-0.00039523003663
-0.0005099791941391,-0.0002852041514041,-0.0002250603174603,0.0003969929914529,-0.0001428515018315,-0.0002553185836385,-0.0005152083028083,-0.0005717793650793,-0.0004688261538461,-0.0003504004884004,-0.0003952606837606,-0.0004193687423687
-0.0005130148229548,-0.0003246454212454,-0.0002645968253968,0.0004182051282051,-0.0001246144322344,-0.0002948325518925,-0.0005152083028083,-0.0005991507936507,-0.0004899986324786,-0.0003685264957264,-0.000416382051282,-0.0004404901098901
-0.0005221217094017,-0.0003580188034188,-0.0002858857142857,0.0004394172649572,-0.0001185354090354,-0.0003221883760683,-0.0005182568986568,-0.0006295634920634,-0.0005081464713064,-0.0003806105006105,-0.000434486080586,-0.0004585941391941
-0.0005372998534798,-0.0003792564102564,-0.0002950095238095,0.000457599096459,-0.0001215749206349,-0.000337386056166,-0.0005182568986568,-0.0006508523809523,-0.0005232696703296,-0.0003957155067155,-0.0004495727716727,-0.0004736808302808
-0.0005555136263736,-0.0003944261294261,-0.0002950095238095,0.0004727506227106,-0.0001306934554334,-0.0003434651282051,-0.000524354090354,-0.0006690999999999,-0.0005414175091575,-0.0004108205128205,-0.0004586247863247,-0.0004857501831501
-0.0005524779975579,-0.0004035279609279,-0.0003071746031746,0.0004757809279609,-0.0001215749206349,-0.0003556232722832,-0.0005274026862026,-0.0006843063492063,-0.0005565407081807,-0.0004259255189255,-0.0004737114774114,-0.0005008368742368
-0.0005464067399267,-0.0004217316239316,-0.0003315047619047,0.0004818415384615,-0.0001063773626373,-0.00037690002442,-0.000524354090354,-0.0006964714285714,-0.0005625899877899,-0.0004349885225885,-0.0004827634920634,-0.0005098888888888
-0.0005494423687423,-0.0004460031746031,-0.0003527936507936,0.000496993064713,-9.725882783882755e-05,-0.0003981767765567,-0.0005121597069597,-0.0007025539682539,-0.0005686392673992,-0.0004380095238095,-0.0004918155067155,-0.0005189409035409
-0.0005555136263736,-0.0004611728937728,-0.0003619174603174,0.0005060839804639,-9.725882783882755e-05,-0.0004103349206349,-0.0005060625152625,-0.0007086365079365,-0.0005716639072039,-0.0004410305250305,-0.0004948328449328,-0.0005249755799755
-0.0005555136263736,-0.0004642068376068,-0.0003619174603174,0.0005091142857142,-9.725882783882755e-05,-0.0004133744566544,-0.0005091111111111,-0.0007177603174603,-0.0005807378266178,-0.0004470725274725,-0.0005008675213675,-0.0005279929181929
-0.0005585492551892,-0.0004672407814407,-0.0003619174603174,0.0005121445909645,-9.725882783882755e-05,-0.0004133744566544,-0.0005121597069597,-0.0007238428571428,-0.0005867871062271,-0.0004561355311355,-0.0005038848595848,-0.0005340275946275
-0.0005676561416361,-0.0004763426129426,-0.0003588761904761,0.0005212355067155,-0.0001033378510378,-0.0004164139926739,-0.0005121597069597,-0.0007268841269841,-0.0005928363858363,-0.0004621775335775,-0.0005129368742368,-0.0005430796092796
-0.0005646205128205,-0.0004884783882783,-0.0003740825396825,0.0005242658119658,-9.421931623931596e-05,-0.0004316116727716,-0.0005091111111111,-0.0007268841269841,-0.0005988856654456,-0.0004682195360195,-0.0005250062271062,-0.0005551489621489
-0.0005433711111111,-0.0004945462759462,-0.0004014539682539,0.0005182052014652,-6.990322344322315e-05,-0.0004468093528693,-0.0005121597069597,-0.0007268841269841,-0.0006019103052503,-0.0004712405372405,-0.0005280235653235,-0.0005581663003663
-0.0005585492551892,-0.0005006141636141,-0.0003953714285714,0.0005272961172161,-8.206126984126955e-05,-0.0004468093528693,-0.0005091111111111,-0.0007238428571428,-0.000595861025641,-0.0004651985347985,-0.0005189715506715,-0.0005460969474969
-0.000576763028083,-0.0004945462759462,-0.0003710412698412,0.0005333567277167,-0.0001033378510378,-0.0004316116727716,-0.0005060625152625,-0.0007238428571428,-0.0005898117460317,-0.0004621775335775,-0.0005099195360195,-0.0005340275946275
-0.0005828342857142,-0.0004915123321123,-0.0003619174603174,0.000536387032967,-0.0001094168742368,-0.0004255326007326,-0.0005030139194139,-0.0007208015873015,-0.0005928363858363,-0.0004651985347985,-0.0005099195360195,-0.0005340275946275
-0.0005706917704517,-0.0004884783882783,-0.0003710412698412,0.0005272961172161,-0.0001002983394383,-0.0004285721367521,-0.0005091111111111,-0.0007238428571428,-0.0006049349450549,-0.0004742615384615,-0.0005219888888888,-0.0005491142857142
-0.0005585492551892,-0.0004793765567765,-0.0003710412698412,0.0005182052014652,-9.421931623931596e-05,-0.0004255326007326,-0.0005182568986568,-0.0007299253968253,-0.0006140088644688,-0.0004893665445665,-0.0005340582417582,-0.0005611836385836
-0.0005615848840048,-0.0004733086691086,-0.0003679999999999,0.0005151748962148,-9.725882783882755e-05,-0.0004194535286935,-0.0005213054945054,-0.0007299253968253,-0.0006079595848595,-0.0004863455433455,-0.0005340582417582,-0.0005581663003663
-0.0005706917704517,-0.0004824105006105,-0.0003649587301587,0.0005242658119658,-0.0001033378510378,-0.000422493064713,-0.0005121597069597,-0.000714719047619,-0.000595861025641,-0.0004712405372405,-0.0005250062271062,-0.0005491142857142
-0.0005797986568986,-0.0005006141636141,-0.0003740825396825,0.0005394173382173,-0.0001033378510378,-0.0004376907448107,-0.0004999653235653,-0.0007025539682539,-0.0005867871062271,-0.0004621775335775,-0.0005189715506715,-0.0005430796092796
-0.0005737273992673,-0.0005006141636141,-0.0003771238095238,0.000536387032967,-9.725882783882755e-05,-0.0004376907448107,-0.0004999653235653,-0.0007055952380952,-0.0005867871062271,-0.0004651985347985,-0.0005189715506715,-0.0005400622710622
-0.0005555136263736,-0.0004884783882783,-0.0003862476190476,0.0005212355067155,-8.510078144078116e-05,-0.0004376907448107,-0.0005030139194139,-0.0007086365079365,-0.000595861025641,-0.0004712405372405,-0.0005250062271062,-0.0005460969474969
-0.0005585492551892,-0.0004854444444444,-0.000380165079365,0.0005212355067155,-8.814029304029276e-05,-0.0004316116727716,-0.0005060625152625,-0.0007055952380952,-0.0005988856654456,-0.0004712405372405,-0.0005250062271062,-0.0005491142857142
-0.0005797986568986,-0.0004945462759462,-0.0003649587301587,0.000536387032967,-0.0001063773626373,-0.0004285721367521,-0.0004969167277167,-0.0006964714285714,-0.0005867871062271,-0.0004651985347985,-0.0005219888888888,-0.0005491142857142
-0.0005828342857142,-0.0005097159951159,-0.0003771238095238,0.0005454779487179,-0.0001033378510378,-0.0004437698168498,-0.0004877709401709,-0.0006873476190476,-0.0005777131868131,-0.0004651985347985,-0.0005250062271062,-0.0005551489621489
-0.0005797986568986,-0.000506682051282,-0.000380165079365,0.0005424476434676,-0.0001002983394383,-0.0004437698168498,-0.0004877709401709,-0.0006873476190476,-0.0005807378266178,-0.0004651985347985,-0.0005280235653235,-0.0005551489621489
-0.0005737273992673,-0.0004945462759462,-0.0003740825396825,0.0005333567277167,-0.0001002983394383,-0.0004346512087912,-0.0004938681318681,-0.0006903888888888,-0.0005837624664224,-0.0004682195360195,-0.0005280235653235,-0.0005581663003663
-0.0005646205128205,-0.0004824105006105,-0.0003710412698412,0.0005212355067155,-9.725882783882755e-05,-0.0004255326007326,-0.0005030139194139,-0.0006964714285714,-0.0005867871062271,-0.0004742615384615,-0.0005310409035409,-0.0005581663003663
-0.0005585492551892,-0.0004793765567765,-0.0003740825396825,0.0005182052014652,-9.117980463980436e-05,-0.0004255326007326,-0.0005030139194139,-0.0006934301587301,-0.0005898117460317,-0.0004742615384615,-0.0005310409035409,-0.0005611836385836
-0.0005615848840048,-0.0004854444444444,-0.0003771238095238,0.0005212355067155,-9.117980463980436e-05,-0.0004316116727716,-0.0004999653235653,-0.0006903888888888,-0.0005837624664224,-0.0004712405372405,-0.0005310409035409,-0.0005581663003663
-0.0005646205128205,-0.0004915123321123,-0.000380165079365,0.0005272961172161,-9.117980463980436e-05,-0.0004346512087912,-0.0004908195360195,-0.0006873476190476,-0.0005777131868131,-0.0004651985347985,-0.0005280235653235,-0.0005521316239316
-0.0005646205128205,-0.0004884783882783,-0.0003771238095238,0.0005242658119658,-9.421931623931596e-05,-0.0004316116727716,-0.0004877709401709,-0.0006843063492063,-0.0005746885470085,-0.0004621775335775,-0.0005219888888888,-0.0005491142857142
-0.0005706917704517,-0.0004884783882783,-0.0003710412698412,0.0005272961172161,-0.0001002983394383,-0.0004285721367521,-0.0004908195360195,-0.000681265079365,-0.0005716639072039,-0.0004621775335775,-0.0005219888888888,-0.0005460969474969
-0.0005646205128205,-0.0004793765567765,-0.0003619174603174,0.0005212355067155,-0.0001002983394383,-0.0004194535286935,-0.0004969167277167,-0.0006782238095238,-0.0005716639072039,-0.0004561355311355,-0.0005159542124542,-0.0005400622710622
-0.0005615848840048,-0.0004702747252747,-0.0003649587301587,0.0005151748962148,-9.725882783882755e-05,-0.0004164139926739,-0.0004999653235653,-0.000681265079365,-0.0005746885470085,-0.0004591565323565,-0.0005159542124542,-0.0005430796092796
-0.0005555136263736,-0.0004642068376068,-0.0003619174603174,0.0005091142857142,-9.725882783882755e-05,-0.0004133744566544,-0.0005091111111111,-0.0006873476190476,-0.0005777131868131,-0.0004591565323565,-0.0005189715506715,-0.0005430796092796
-0.0005585492551892,-0.000455105006105,-0.0003467111111111,0.0005060839804639,-0.0001063773626373,-0.0004012163125763,-0.0005091111111111,-0.0006903888888888,-0.0005777131868131,-0.0004561355311355,-0.0005129368742368,-0.0005400622710622
-0.0005646205128205,-0.0004490371184371,-0.0003406285714285,0.0005060839804639,-0.0001124563858363,-0.0003951372405372,-0.0005060625152625,-0.0006873476190476,-0.0005746885470085,-0.0004500935286935,-0.0005038848595848,-0.0005370449328449
-0.0005706917704517,-0.000455105006105,-0.0003406285714285,0.0005121445909645,-0.0001154958974358,-0.0003981767765567,-0.0005030139194139,-0.000681265079365,-0.0005656146275946,-0.0004410305250305,-0.0004978501831501,-0.0005310102564102
-0.0005676561416361,-0.0004733086691086,-0.0003588761904761,0.0005182052014652,-0.0001033378510378,-0.0004164139926739,-0.0005030139194139,-0.0006782238095238,-0.0005656146275946,-0.0004380095238095,-0.0004978501831501,-0.0005310102564102
-0.0005676561416361,-0.0004793765567765,-0.0003649587301587,0.0005212355067155,-0.0001002983394383,-0.000422493064713,-0.0005030139194139,-0.0006782238095238,-0.0005656146275946,-0.0004349885225885,-0.0004918155067155,-0.0005279929181929
-0.0005615848840048,-0.0004672407814407,-0.0003588761904761,0.0005121445909645,-0.0001002983394383,-0.0004133744566544,-0.0005060625152625,-0.0006782238095238,-0.0005686392673992,-0.0004349885225885,-0.0004887981684981,-0.0005249755799755
-0.0005555136263736,-0.0004581389499389,-0.0003527936507936,0.0005060839804639,-0.0001002983394383,-0.0004042558485958,-0.0005152083028083,-0.0006873476190476,-0.0005746885470085,-0.0004349885225885,-0.0004918155067155,-0.0005219582417582
-0.0005524779975579,-0.000455105006105,-0.0003527936507936,0.0005030536752136,-0.0001002983394383,-0.0004042558485958,-0.0005213054945054,-0.0006903888888888,-0.0005777131868131,-0.0004410305250305,-0.0004948328449328,-0.0005249755799755
-0.0005555136263736,-0.0004642068376068,-0.0003619174603174,0.0005091142857142,-9.725882783882755e-05,-0.0004133744566544,-0.0005182568986568,-0.0006934301587301,-0.0005807378266178,-0.0004440515262515,-0.0005008675213675,-0.0005310102564102
-0.0005524779975579,-0.0004672407814407,-0.0003710412698412,0.0005091142857142,-9.117980463980436e-05,-0.0004194535286935,-0.0005182568986568,-0.0006964714285714,-0.0005837624664224,-0.0004470725274725,-0.0005069021978021,-0.0005400622710622
-0.0005585492551892,-0.0004672407814407,-0.0003649587301587,0.0005121445909645,-9.725882783882755e-05,-0.0004164139926739,-0.0005182568986568,-0.0006964714285714,-0.0005837624664224,-0.0004470725274725,-0.0005069021978021,-0.0005370449328449
-0.0005615848840048,-0.0004672407814407,-0.0003588761904761,0.0005121445909645,-0.0001002983394383,-0.0004133744566544,-0.0005182568986568,-0.0006964714285714,-0.0005837624664224,-0.0004440515262515,-0.0005038848595848,-0.0005310102564102
-0.0005555136263736,-0.0004702747252747,-0.0003679999999999,0.0005121445909645,-9.421931623931596e-05,-0.0004194535286935,-0.0005274026862026,-0.0007025539682539,-0.0005867871062271,-0.0004470725274725,-0.0005038848595848,-0.0005340275946275
-0.0005494423687423,-0.0004733086691086,-0.000380165079365,0.0005091142857142,-8.510078144078116e-05,-0.0004255326007326,-0.0005304512820512,-0.0007025539682539,-0.000595861025641,-0.0004531145299145,-0.0005069021978021,-0.0005400622710622
-0.0005524779975579,-0.0004672407814407,-0.0003710412698412,0.0005091142857142,-9.117980463980436e-05,-0.0004194535286935,-0.0005274026862026,-0.0007055952380952,-0.000595861025641,-0.0004500935286935,-0.0005008675213675,-0.0005370449328449
-0.0005615848840048,-0.0004642068376068,-0.0003558349206349,0.0005121445909645,-0.0001033378510378,-0.0004103349206349,-0.000524354090354,-0.0007086365079365,-0.0005928363858363,-0.0004470725274725,-0.0004978501831501,-0.0005310102564102
-0.0005676561416361,-0.0004672407814407,-0.0003558349206349,0.0005151748962148,-0.0001063773626373,-0.0004103349206349,-0.000524354090354,-0.0007055952380952,-0.000595861025641,-0.0004470725274725,-0.0004978501831501,-0.0005279929181929
-0.0005615848840048,-0.0004642068376068,-0.0003588761904761,0.0005121445909645,-0.0001002983394383,-0.0004103349206349,-0.0005274026862026,-0.0007086365079365,-0.0005988856654456,-0.0004531145299145,-0.0005008675213675,-0.0005310102564102
-0.0005555136263736,-0.0004642068376068,-0.0003649587301587,0.0005091142857142,-9.421931623931596e-05,-0.0004133744566544,-0.0005304512820512,-0.0007177603174603,-0.0006049349450549,-0.0004621775335775,-0.0005069021978021,-0.0005400622710622
-0.0005494423687423,-0.0004733086691086,-0.0003771238095238,0.0005091142857142,-8.510078144078116e-05,-0.0004255326007326,-0.0005274026862026,-0.0007177603174603,-0.0006079595848595,-0.0004621775335775,-0.0005159542124542,-0.0005430796092796
-0.0005494423687423,-0.0004824105006105,-0.0003862476190476,0.0005151748962148,-8.206126984126955e-05,-0.0004346512087912,-0.000524354090354,-0.0007177603174603,-0.0006019103052503,-0.0004561355311355,-0.0005129368742368,-0.0005430796092796
-0.0005524779975579,-0.0004854444444444,-0.0003862476190476,0.0005182052014652,-8.206126984126955e-05,-0.0004346512087912,-0.000524354090354,-0.000714719047619,-0.0005988856654456,-0.0004531145299145,-0.0005038848595848,-0.0005340275946275
-0.0005555136263736,-0.0004915123321123,-0.0003923301587301,0.0005212355067155,-8.206126984126955e-05,-0.0004407302808302,-0.000524354090354,-0.0007116777777777,-0.0005988856654456,-0.0004500935286935,-0.0005008675213675,-0.0005310102564102
-0.0005555136263736,-0.0004884783882783,-0.0003862476190476,0.0005212355067155,-8.510078144078116e-05,-0.0004376907448107,-0.0005274026862026,-0.000714719047619,-0.0006019103052503,-0.0004500935286935,-0.0005008675213675,-0.0005310102564102
-0.0005494423687423,-0.0004733086691086,-0.0003740825396825,0.0005091142857142,-8.814029304029276e-05,-0.000422493064713,-0.0005334998778998,-0.0007268841269841,-0.0006109842246642,-0.0004561355311355,-0.0005038848595848,-0.0005370449328449
-0.0005433711111111,-0.0004642068376068,-0.0003740825396825,0.0005030536752136,-8.510078144078116e-05,-0.0004194535286935,-0.000539597069597,-0.0007360079365079,-0.0006170335042735,-0.0004621775335775,-0.0005069021978021,-0.0005430796092796
-0.0005464067399267,-0.0004702747252747,-0.0003740825396825,0.0005060839804639,-8.510078144078116e-05,-0.000422493064713,-0.000539597069597,-0.0007299253968253,-0.0006140088644688,-0.0004621775335775,-0.0005099195360195,-0.0005430796092796
-0.0005555136263736,-0.0004884783882783,-0.0003862476190476,0.0005212355067155,-8.510078144078116e-05,-0.0004376907448107,-0.0005304512820512,-0.0007238428571428,-0.0006140088644688,-0.0004621775335775,-0.0005129368742368,-0.0005400622710622
-0.0005494423687423,-0.0005006141636141,-0.0004044952380952,0.0005242658119658,-7.294273504273476e-05,-0.0004528884249084,-0.0005274026862026,-0.0007238428571428,-0.0006170335042735,-0.0004651985347985,-0.0005159542124542,-0.0005400622710622
-0.0005433711111111,-0.0005036481074481,-0.0004105777777777,0.0005212355067155,-6.686371184371155e-05,-0.0004559279609279,-0.000524354090354,-0.0007238428571428,-0.0006170335042735,-0.0004651985347985,-0.0005159542124542,-0.0005400622710622
-0.0005555136263736,-0.0005006141636141,-0.0004014539682539,0.0005272961172161,-7.598224664224636e-05,-0.0004498488888888,-0.000524354090354,-0.0007208015873015,-0.0006109842246642,-0.0004591565323565,-0.0005069021978021,-0.0005310102564102
-0.0005615848840048,-0.0004945462759462,-0.0003892888888888,0.0005272961172161,-8.510078144078116e-05,-0.0004407302808302,-0.0005274026862026,-0.0007238428571428,-0.0006109842246642,-0.0004591565323565,-0.0005069021978021,-0.0005310102564102
-0.0005494423687423,-0.0004975802197802,-0.0004014539682539,0.0005212355067155,-7.294273504273476e-05,-0.0004498488888888,-0.0005304512820512,-0.0007268841269841,-0.0006140088644688,-0.0004621775335775,-0.0005129368742368,-0.0005400622710622
-0.0005433711111111,-0.0004975802197802,-0.0004075365079365,0.0005182052014652,-6.686371184371155e-05,-0.0004528884249084,-0.0005304512820512,-0.0007299253968253,-0.0006140088644688,-0.0004682195360195,-0.0005189715506715,-0.0005460969474969
-0.0005433711111111,-0.0004945462759462,-0.0004014539682539,0.0005182052014652,-6.990322344322315e-05,-0.0004468093528693,-0.000524354090354,-0.0007299253968253,-0.0006140088644688,-0.0004682195360195,-0.0005219888888888,-0.0005491142857142
-0.0005494423687423,-0.0004915123321123,-0.0003953714285714,0.0005182052014652,-7.598224664224636e-05,-0.0004437698168498,-0.000524354090354,-0.0007299253968253,-0.0006140088644688,-0.0004651985347985,-0.0005159542124542,-0.0005430796092796
-0.0005464067399267,-0.0004915123321123,-0.0003953714285714,0.0005182052014652,-7.598224664224636e-05,-0.0004437698168498,-0.0005274026862026,-0.0007329666666666,-0.0006200581440781,-0.0004712405372405,-0.0005189715506715,-0.0005460969474969
-0.0005372998534798,-0.0004854444444444,-0.0003984126984126,0.0005091142857142,-6.990322344322315e-05,-0.0004407302808302,-0.0005334998778998,-0.0007360079365079,-0.0006261074236874,-0.0004803035409035,-0.0005250062271062,-0.0005491142857142
-0.0005464067399267,-0.0004854444444444,-0.0003923301587301,0.0005151748962148,-7.598224664224636e-05,-0.0004376907448107,-0.0005304512820512,-0.0007329666666666,-0.0006261074236874,-0.0004772825396825,-0.0005219888888888,-0.0005460969474969
-0.0005494423687423,-0.0004975802197802,-0.0004014539682539,0.0005212355067155,-7.294273504273476e-05,-0.0004498488888888,-0.000524354090354,-0.0007299253968253,-0.0006261074236874,-0.0004742615384615,-0.0005189715506715,-0.0005430796092796
-0.0005433711111111,-0.0004945462759462,-0.0004044952380952,0.0005182052014652,-6.990322344322315e-05,-0.0004498488888888,-0.000524354090354,-0.0007299253968253,-0.0006230827838827,-0.0004682195360195,-0.0005129368742368,-0.0005400622710622
-0.0005494423687423,-0.0004945462759462,-0.0003953714285714,0.0005212355067155,-7.598224664224636e-05,-0.0004437698168498,-0.000524354090354,-0.0007268841269841,-0.0006200581440781,-0.0004651985347985,-0.0005099195360195,-0.0005340275946275
-0.0005555136263736,-0.0004975802197802,-0.0003984126984126,0.0005242658119658,-7.902175824175796e-05,-0.0004468093528693,-0.0005213054945054,-0.0007238428571428,-0.0006200581440781,-0.0004621775335775,-0.0005069021978021,-0.0005340275946275
-0.0005433711111111,-0.0004975802197802,-0.0004105777777777,0.0005182052014652,-6.686371184371155e-05,-0.0004528884249084,-0.000524354090354,-0.0007299253968253,-0.0006230827838827,-0.0004651985347985,-0.0005129368742368,-0.0005400622710622
-0.0005403354822954,-0.0004975802197802,-0.000413619047619,0.0005182052014652,-6.382420024419996e-05,-0.0004559279609279,-0.0005274026862026,-0.0007390492063492,-0.0006261074236874,-0.0004772825396825,-0.0005219888888888,-0.0005491142857142
-0.0005433711111111,-0.0004945462759462,-0.0004044952380952,0.0005182052014652,-6.990322344322315e-05,-0.0004498488888888,-0.000524354090354,-0.0007360079365079,-0.0006230827838827,-0.0004772825396825,-0.0005250062271062,-0.0005460969474969
-0.0005524779975579,-0.0004975802197802,-0.0004014539682539,0.0005242658119658,-7.598224664224636e-05,-0.0004498488888888,-0.000524354090354,-0.0007329666666666,-0.0006200581440781,-0.0004682195360195,-0.0005159542124542,-0.0005400622710622
-0.0005585492551892,-0.0004975802197802,-0.0003923301587301,0.0005272961172161,-8.206126984126955e-05,-0.0004437698168498,-0.0005274026862026,-0.0007360079365079,-0.0006230827838827,-0.0004682195360195,-0.0005159542124542,-0.0005430796092796
-0.0005555136263736,-0.0004854444444444,-0.0003832063492063,0.0005182052014652,-8.510078144078116e-05,-0.0004346512087912,-0.0005304512820512,-0.0007420904761904,-0.0006261074236874,-0.0004742615384615,-0.0005189715506715,-0.0005460969474969
-0.0005403354822954,-0.0004854444444444,-0.0004014539682539,0.0005121445909645,-6.990322344322315e-05,-0.0004437698168498,-0.0005304512820512,-0.0007451317460317,-0.0006261074236874,-0.0004742615384615,-0.0005189715506715,-0.0005491142857142
-0.0005342642246642,-0.0004975802197802,-0.0004166603174603,0.0005151748962148,-5.774517704517676e-05,-0.0004559279609279,-0.0005304512820512,-0.0007390492063492,-0.0006261074236874,-0.0004742615384615,-0.0005189715506715,-0.0005491142857142
-0.0005372998534798,-0.0004975802197802,-0.0004105777777777,0.0005151748962148,-6.382420024419996e-05,-0.0004528884249084,-0.0005365484737484,-0.0007329666666666,-0.0006230827838827,-0.0004742615384615,-0.0005189715506715,-0.0005430796092796
-0.0005372998534798,-0.0004884783882783,-0.0004014539682539,0.0005121445909645,-6.686371184371155e-05,-0.0004437698168498,-0.0005365484737484,-0.0007329666666666,-0.0006261074236874,-0.0004712405372405,-0.0005129368742368,-0.0005370449328449
-0.0005433711111111,-0.0004824105006105,-0.0003923301587301,0.0005121445909645,-7.598224664224636e-05,-0.0004376907448107,-0.0005304512820512,-0.0007360079365079,-0.0006230827838827,-0.0004682195360195,-0.0005129368742368,-0.0005400622710622
-0.0005464067399267,-0.0004763426129426,-0.0003832063492063,0.0005091142857142,-8.206126984126955e-05,-0.0004285721367521,-0.0005213054945054,-0.0007299253968253,-0.0006170335042735,-0.0004621775335775,-0.0005099195360195,-0.0005400622710622
-0.0005372998534798,-0.0004763426129426,-0.0003953714285714,0.0005060839804639,-6.990322344322315e-05,-0.0004346512087912,-0.0005121597069597,-0.0007208015873015,-0.0006109842246642,-0.0004591565323565,-0.0005099195360195,-0.0005400622710622
-0.0005312285958485,-0.0004733086691086,-0.0003923301587301,0.0005000233699633,-6.990322344322315e-05,-0.0004316116727716,-0.0005152083028083,-0.000714719047619,-0.0006109842246642,-0.0004561355311355,-0.0005069021978021,-0.0005340275946275
-0.0005221217094017,-0.0004581389499389,-0.0003862476190476,0.0004879021489621,-6.686371184371155e-05,-0.000422493064713,-0.0005152083028083,-0.0007116777777777,-0.0006079595848595,-0.0004531145299145,-0.0005008675213675,-0.0005310102564102
-0.0005130148229548,-0.0004369013431013,-0.0003771238095238,0.0004727506227106,-6.686371184371155e-05,-0.0004072953846153,-0.0005121597069597,-0.0007086365079365,-0.0006019103052503,-0.0004470725274725,-0.0004948328449328,-0.0005279929181929
-0.0005160504517704,-0.0004156637362637,-0.0003527936507936,0.0004636597069597,-8.206126984126955e-05,-0.000382979096459,-0.0004938681318681,-0.0006964714285714,-0.0005777131868131,-0.0004289465201465,-0.0004827634920634,-0.0005159235653235
-0.000519086080586,-0.000400494017094,-0.000334546031746,0.000457599096459,-9.117980463980436e-05,-0.0003677814163614,-0.0004847223443223,-0.0006782238095238,-0.0005595653479853,-0.0004138415140415,-0.0004706941391941,-0.0005038542124542
-0.0005039079365079,-0.0003913921855921,-0.0003406285714285,0.0004454778754578,-8.206126984126955e-05,-0.0003647418803418,-0.0004938681318681,-0.0006660587301587,-0.000553516068376,-0.0004047785103785,-0.0004616421245421,-0.0004948021978021
-0.0004917654212454,-0.0003913921855921,-0.0003527936507936,0.0004394172649572,-6.990322344322315e-05,-0.0003708209523809,-0.0005030139194139,-0.0006599761904761,-0.000553516068376,-0.0004017575091575,-0.0004586247863247,-0.0004917848595848
-0.0004856941636141,-0.0003853242979242,-0.0003497523809523,0.0004333566544566,-6.686371184371155e-05,-0.0003677814163614,-0.0005182568986568,-0.0006599761904761,-0.000553516068376,-0.0004017575091575,-0.0004586247863247,-0.0004887675213675
-0.0004887297924297,-0.0003822903540903,-0.0003436698412698,0.0004333566544566,-7.294273504273476e-05,-0.0003617023443223,-0.0005487428571428,-0.0006782238095238,-0.0005656146275946,-0.0004077995115995,-0.0004586247863247,-0.0004887675213675
-0.000494801050061,-0.0004035279609279,-0.0003558349206349,0.0004485081807081,-6.990322344322315e-05,-0.0003799395604395,-0.0005670344322344,-0.0006964714285714,-0.0005777131868131,-0.0004168625152625,-0.0004646594627594,-0.0004917848595848
-0.0004978366788766,-0.0004186976800976,-0.0003710412698412,0.000457599096459,-6.382420024419996e-05,-0.0003951372405372,-0.0005670344322344,-0.0007025539682539,-0.0005807378266178,-0.0004198835164835,-0.0004706941391941,-0.0004978195360195
-0.0005099791941391,-0.0004369013431013,-0.000380165079365,0.0004727506227106,-6.382420024419996e-05,-0.0004072953846153,-0.0005639858363858,-0.000714719047619,-0.0005928363858363,-0.0004319675213675,-0.0004767288156288,-0.0005038542124542
-0.0005099791941391,-0.0004611728937728,-0.0003984126984126,0.0004848718437118,-5.470566544566516e-05,-0.0004285721367521,-0.0005670344322344,-0.0007299253968253,-0.0006170335042735,-0.0004531145299145,-0.0004948328449328,-0.0005189409035409
-0.0004917654212454,-0.000455105006105,-0.0004166603174603,0.0004727506227106,-3.6468595848595565e-05,-0.0004346512087912,-0.0005761802197802,-0.0007420904761904,-0.000629132063492,-0.0004651985347985,-0.0005069021978021,-0.0005310102564102
-0.0004917654212454,-0.0004399352869352,-0.0004014539682539,0.0004636597069597,-4.558713064713037e-05,-0.0004194535286935,-0.0005761802197802,-0.0007390492063492,-0.0006230827838827,-0.0004621775335775,-0.0005008675213675,-0.0005219582417582
-0.0005099791941391,-0.0004490371184371,-0.0003892888888888,0.0004788112332112,-6.078468864468836e-05,-0.0004194535286935,-0.0005731316239316,-0.0007390492063492,-0.0006261074236874,-0.0004591565323565,-0.0004978501831501,-0.0005189409035409
-0.0005221217094017,-0.0004824105006105,-0.000413619047619,0.0005000233699633,-5.470566544566516e-05,-0.0004468093528693,-0.0005670344322344,-0.0007390492063492,-0.0006382059829059,-0.0004682195360195,-0.0005069021978021,-0.0005310102564102
-0.0005221217094017,-0.000506682051282,-0.0004379492063492,0.0005121445909645,-4.254761904761877e-05,-0.0004711256410256,-0.0005639858363858,-0.0007451317460317,-0.0006503045421245,-0.0004803035409035,-0.0005189715506715,-0.0005400622710622
-0.000519086080586,-0.000506682051282,-0.0004379492063492,0.0005121445909645,-3.950810744810717e-05,-0.0004711256410256,-0.0005670344322344,-0.0007512142857142,-0.0006533291819291,-0.0004833245421245,-0.0005219888888888,-0.0005400622710622
-0.0005342642246642,-0.000506682051282,-0.0004257841269841,0.0005182052014652,-5.470566544566516e-05,-0.0004650465689865,-0.0005670344322344,-0.0007512142857142,-0.0006503045421245,-0.0004803035409035,-0.0005219888888888,-0.0005430796092796
-0.0005433711111111,-0.0005127499389499,-0.0004227428571428,0.0005272961172161,-6.078468864468836e-05,-0.0004680861050061,-0.0005609372405372,-0.0007512142857142,-0.0006472799023199,-0.0004772825396825,-0.0005219888888888,-0.0005460969474969
-0.0005524779975579,-0.0005248857142857,-0.0004227428571428,0.000536387032967,-6.382420024419996e-05,-0.0004741651770451,-0.00055484004884,-0.0007542555555555,-0.0006503045421245,-0.0004803035409035,-0.0005219888888888,-0.0005521316239316
-0.0005737273992673,-0.0005339875457875,-0.000413619047619,0.0005515385592185,-7.902175824175796e-05,-0.0004741651770451,-0.0005517914529914,-0.0007633793650793,-0.0006593784615384,-0.0004863455433455,-0.0005250062271062,-0.0005551489621489
-0.0005706917704517,-0.0005309536019536,-0.0004166603174603,0.0005485082539682,-7.598224664224636e-05,-0.0004741651770451,-0.0005578886446886,-0.0007694619047619,-0.0006684523809523,-0.0005014505494505,-0.0005340582417582,-0.0005581663003663
-0.0005585492551892,-0.0005279196581196,-0.0004227428571428,0.0005424476434676,-6.686371184371155e-05,-0.0004741651770451,-0.0005609372405372,-0.0007694619047619,-0.000671477020757,-0.0005044715506715,-0.0005400929181929,-0.0005581663003663
-0.0005585492551892,-0.0005309536019536,-0.0004227428571428,0.0005424476434676,-6.686371184371155e-05,-0.0004772047130647,-0.0005578886446886,-0.0007664206349206,-0.0006654277411477,-0.0005014505494505,-0.0005370755799755,-0.0005521316239316
-0.0005555136263736,-0.0005309536019536,-0.0004288253968253,0.0005424476434676,-6.382420024419996e-05,-0.0004802442490842,-0.0005578886446886,-0.0007633793650793,-0.0006654277411477,-0.0004984295482295,-0.0005370755799755,-0.0005551489621489
-0.0005555136263736,-0.0005339875457875,-0.0004318666666666,0.0005424476434676,-6.078468864468836e-05,-0.0004832837851037,-0.00055484004884,-0.0007633793650793,-0.0006654277411477,-0.0004984295482295,-0.0005370755799755,-0.0005581663003663
-0.0005646205128205,-0.0005400554334554,-0.0004288253968253,0.0005515385592185,-6.686371184371155e-05,-0.0004832837851037,-0.0005456942612942,-0.000760338095238,-0.0006593784615384,-0.0004923875457875,-0.0005310409035409,-0.0005521316239316
-0.000576763028083,-0.0005309536019536,-0.0004105777777777,0.0005515385592185,-8.206126984126955e-05,-0.0004711256410256,-0.0005426456654456,-0.0007572968253968,-0.0006563538217338,-0.0004863455433455,-0.0005219888888888,-0.0005460969474969
-0.0005676561416361,-0.0005188178266178,-0.0004044952380952,0.0005424476434676,-8.206126984126955e-05,-0.000462007032967,-0.0005517914529914,-0.000760338095238,-0.0006593784615384,-0.0004893665445665,-0.0005250062271062,-0.0005521316239316
-0.0005524779975579,-0.0005127499389499,-0.0004105777777777,0.0005303264224664,-6.990322344322315e-05,-0.000462007032967,-0.0005578886446886,-0.000760338095238,-0.0006563538217338,-0.0004893665445665,-0.0005280235653235,-0.0005581663003663
-0.0005464067399267,-0.0005127499389499,-0.0004166603174603,0.0005272961172161,-6.382420024419996e-05,-0.0004650465689865,-0.00055484004884,-0.0007542555555555,-0.0006503045421245,-0.0004863455433455,-0.0005250062271062,-0.0005551489621489
-0.0005615848840048,-0.0005248857142857,-0.0004166603174603,0.0005424476434676,-7.294273504273476e-05,-0.0004711256410256,-0.0005517914529914,-0.0007572968253968,-0.0006472799023199,-0.0004833245421245,-0.0005219888888888,-0.0005551489621489
-0.0005646205128205,-0.0005248857142857,-0.0004105777777777,0.0005424476434676,-7.598224664224636e-05,-0.0004680861050061,-0.0005517914529914,-0.000748173015873,-0.0006351813431013,-0.0004742615384615,-0.0005159542124542,-0.0005491142857142
-0.0005555136263736,-0.000506682051282,-0.0004014539682539,0.0005303264224664,-7.598224664224636e-05,-0.0004528884249084,-0.0005517914529914,-0.0007177603174603,-0.0006019103052503,-0.0004591565323565,-0.0005189715506715,-0.0005581663003663
-0.0005555136263736,-0.000452071062271,-0.0003497523809523,0.0005030536752136,-0.0001033378510378,-0.0004012163125763,-0.0005487428571428,-0.000681265079365,-0.0005353682295482,-0.0004198835164835,-0.0005008675213675,-0.0005581663003663
-0.0005403354822954,-0.0003398151404151,-0.000255473015873,0.0004394172649572,-0.0001428515018315,-0.000297872087912,-0.0005609372405372,-0.0006082746031746,-0.0004355551159951,-0.0003413374847374,-0.000443538095238,-0.0005219582417582
-0.0004644447619047,-0.0001608124542124,-0.0001581523809523,0.0003121444444444,-0.00015197003663,-0.0001580534310134,-0.0006036175824175,-0.0004653349206349,-0.0002722245665445,-0.0001721614163614,-0.0003228445665445,-0.0004465247863247
-0.0003248058363858,9.403882783882804e-05,-3.9542857142857046e-05,0.0001151746031746,-0.0001428515018315,2.735826617826614e-05,-0.0007042212454212,-0.0004014682539682,-7.562297924297932e-05,7.858168498168446e-05,-0.0001086135531135,-0.0002866058608058
-0.0001578462515262,0.0004520442002442,0.0001520571428571,-0.0001454316483516,-0.0001550095482295,0.0003009165079365,-0.0009176229548229,-0.0006052333333333,8.770757020757013e-05,0.0003897448107448,0.0002051896214896,-2.9760683760689763e-06
1.8220219780219504e-05,0.0008009477411477,0.0003223682539682,-0.0004090682051282,-0.00015197003663,0.0005623166056166,-0.0012377255189255,-0.0009732269841269,0.0001361018070818,0.0006827819291819,0.0005431315018315,0.0003138444444444
0.0001578591452991,0.001052765079365,0.0004288126984126,-0.0006030077411477,-0.0001337329670329,0.0007416492307692,-0.0015852654456654,-0.0013655507936507,3.023941391941384e-05,0.0008549789987789,0.0007935705738705,0.0005914395604395
0.0002003579487179,0.0010466971916971,0.0003831936507936,-0.0006211895726495,-9.117980463980436e-05,0.0007142934065934,-0.0017864727716727,-0.0016210174603174,-0.0001996332112332,0.0007522649572649,0.0007996052503052,0.0006970463980463
6.679028083028054e-05,0.0005339606837606,1.215873015873025e-05,-0.0002999772161172,2.736114774114802e-05,0.0002735606837606,-0.0016919663003663,-0.0017396269841269,-0.000629132063492,0.0002326527472527,0.0004073512820512,0.0004737633699633
-0.0002064163125763,1.2122344322344517e-05,-0.0002341841269841,9.699277167277173e-05,1.2163589743590026e-05,-0.0001094208547008,-0.0014755159951159,-0.0019251444444444,-0.0010798033943833,-0.0003111274725274,1.062271062255604e-08,0.0002112549450549
-0.0004401597313797,-0.0001790161172161,-0.0001946476190476,0.0003091141391941,-0.0001215749206349,-0.0001854092551892,-0.0012986974358974,-0.0020315888888888,-0.0013006021001221,-0.0005860385836385,-0.0002081857142857,6.944004884004823e-05
-0.0005524779975579,-0.0003398151404151,-0.0002402666666666,0.0004454778754578,-0.0001550095482295,-0.0002887534798534,-0.0011523648351648,-0.0018521539682539,-0.0012854789010989,-0.0006796896214896,-0.0003500006105006,-9.047887667887726e-05
-0.0006071193162393,-0.000455105006105,-0.0003041333333333,0.0005303264224664,-0.00015197003663,-0.0003799395604395,-0.0010426153846153,-0.001593646031746,-0.0011644933089133,-0.0006706266178266,-0.0004375034188034,-0.0002413457875457
-0.0006101549450549,-0.0004915123321123,-0.000334546031746,0.0005485082539682,-0.0001367724786324,-0.0004133744566544,-0.0009420117216117,-0.0013655507936507,-0.0010374584371184,-0.0006313536019536,-0.0004797461538461,-0.0003469526251526
-0.0005858699145299,-0.0005006141636141,-0.0003710412698412,0.0005424476434676,-0.0001063773626373,-0.0004346512087912,-0.0008200678876678,-0.0011496206349206,-0.0009194974847374,-0.0005951015873015,-0.0005099195360195,-0.000431438095238
-0.0005524779975579,-0.0005006141636141,-0.0004044952380952,0.0005242658119658,-7.294273504273476e-05,-0.0004528884249084,-0.0006920268620268,-0.0009367317460317,-0.0007985118925518,-0.0005437445665445,-0.0005189715506715,-0.0004827328449328
-0.0005251573382173,-0.0004793765567765,-0.0004044952380952,0.0005000233699633,-6.078468864468836e-05,-0.0004407302808302,-0.0005944717948717,-0.0007846682539682,-0.0006926494993894,-0.0004833245421245,-0.0004948328449328,-0.0004917848595848
-0.0005251573382173,-0.0004490371184371,-0.0003771238095238,0.0004848718437118,-7.294273504273476e-05,-0.0004133744566544,-0.0005487428571428,-0.0007086365079365,-0.0006351813431013,-0.0004440515262515,-0.0004706941391941,-0.0004797155067155
-0.0005342642246642,-0.0004399352869352,-0.0003558349206349,0.0004848718437118,-8.814029304029276e-05,-0.0003981767765567,-0.0005334998778998,-0.000681265079365,-0.0006170335042735,-0.0004380095238095,-0.0004676768009768,-0.0004797155067155
-0.0005281929670329,-0.0004399352869352,-0.0003619174603174,0.0004818415384615,-8.206126984126955e-05,-0.0004012163125763,-0.0005365484737484,-0.0006782238095238,-0.0006200581440781,-0.0004561355311355,-0.0004827634920634,-0.0005008368742368
-0.0005221217094017,-0.0004429692307692,-0.0003710412698412,0.0004818415384615,-7.598224664224636e-05,-0.0004072953846153,-0.0005334998778998,-0.0006690999999999,-0.0006200581440781,-0.0004651985347985,-0.0004948328449328,-0.0005159235653235
-0.0005342642246642,-0.0004581389499389,-0.0003771238095238,0.0004939627594627,-7.902175824175796e-05,-0.0004164139926739,-0.0005121597069597,-0.0006508523809523,-0.0006049349450549,-0.0004561355311355,-0.0004978501831501,-0.0005219582417582
-0.0005464067399267,-0.0004702747252747,-0.000380165079365,0.0005060839804639,-8.206126984126955e-05,-0.0004255326007326,-0.0004999653235653,-0.0006295634920634,-0.0005867871062271,-0.0004440515262515,-0.0004948328449328,-0.0005219582417582
-0.0005433711111111,-0.0004733086691086,-0.0003832063492063,0.0005060839804639,-7.902175824175796e-05,-0.0004285721367521,-0.0004938681318681,-0.0006204396825396,-0.0005807378266178,-0.0004410305250305,-0.0004978501831501,-0.0005279929181929
-0.0005372998534798,-0.0004702747252747,-0.0003832063492063,0.0005030536752136,-7.598224664224636e-05,-0.0004255326007326,-0.0004999653235653,-0.0006173984126984,-0.0005837624664224,-0.0004470725274725,-0.0005008675213675,-0.0005370449328449
-0.0005494423687423,-0.0004581389499389,-0.0003588761904761,0.0005030536752136,-9.421931623931596e-05,-0.0004072953846153,-0.0004969167277167,-0.0006113158730158,-0.0005777131868131,-0.0004470725274725,-0.0005008675213675,-0.0005370449328449
-0.0005524779975579,-0.0004581389499389,-0.0003527936507936,0.0005030536752136,-0.0001002983394383,-0.0004042558485958,-0.0004969167277167,-0.0006052333333333,-0.0005746885470085,-0.0004440515262515,-0.0005008675213675,-0.0005370449328449
-0.0005403354822954,-0.0004672407814407,-0.0003771238095238,0.0005030536752136,-8.206126984126955e-05,-0.000422493064713,-0.0004969167277167,-0.0006052333333333,-0.0005716639072039,-0.0004470725274725,-0.0005069021978021,-0.0005400622710622
-0.0005312285958485,-0.0004702747252747,-0.0003923301587301,0.0005000233699633,-6.990322344322315e-05,-0.0004316116727716,-0.0005030139194139,-0.000602192063492,-0.0005686392673992,-0.0004470725274725,-0.0005099195360195,-0.0005430796092796
-0.0005312285958485,-0.0004733086691086,-0.0003923301587301,0.0005000233699633,-6.990322344322315e-05,-0.0004316116727716,-0.0004969167277167,-0.0005900269841269,-0.0005625899877899,-0.0004440515262515,-0.0005008675213675,-0.0005310102564102
-0.0005342642246642,-0.0004642068376068,-0.0003832063492063,0.000496993064713,-7.598224664224636e-05,-0.000422493064713,-0.0004847223443223,-0.0005809031746031,-0.0005595653479853,-0.0004380095238095,-0.0004978501831501,-0.0005249755799755
-0.0005342642246642,-0.000455105006105,-0.0003771238095238,0.0004939627594627,-7.902175824175796e-05,-0.0004164139926739,-0.0004847223443223,-0.0005839444444444,-0.0005595653479853,-0.0004440515262515,-0.0005038848595848,-0.0005310102564102
-0.0005342642246642,-0.0004581389499389,-0.000380165079365,0.0004939627594627,-7.598224664224636e-05,-0.0004194535286935,-0.0004877709401709,-0.0005809031746031,-0.0005595653479853,-0.0004440515262515,-0.0005069021978021,-0.0005340275946275
-0.0005312285958485,-0.0004611728937728,-0.0003862476190476,0.0004939627594627,-7.294273504273476e-05,-0.000422493064713,-0.0004877709401709,-0.0005717793650793,-0.0005565407081807,-0.0004410305250305,-0.0005069021978021,-0.0005340275946275
-0.000519086080586,-0.000455105006105,-0.0003892888888888,0.0004848718437118,-6.382420024419996e-05,-0.000422493064713,-0.0004908195360195,-0.0005626555555555,-0.0005504914285714,-0.0004319675213675,-0.0005008675213675,-0.0005279929181929
-0.0005160504517704,-0.0004460031746031,-0.000380165079365,0.0004788112332112,-6.686371184371155e-05,-0.0004133744566544,-0.0004908195360195,-0.000556573015873,-0.0005504914285714,-0.0004319675213675,-0.0004978501831501,-0.0005279929181929
-0.0005221217094017,-0.0004460031746031,-0.0003740825396825,0.0004818415384615,-7.294273504273476e-05,-0.0004103349206349,-0.0004908195360195,-0.0005504904761904,-0.0005474667887667,-0.0004319675213675,-0.0004978501831501,-0.0005340275946275
-0.0005221217094017,-0.000452071062271,-0.000380165079365,0.0004848718437118,-6.990322344322315e-05,-0.0004164139926739,-0.0004847223443223,-0.0005383253968253,-0.0005383928693528,-0.0004289465201465,-0.0005008675213675,-0.0005340275946275
-0.0005251573382173,-0.0004642068376068,-0.0003923301587301,0.0004939627594627,-6.686371184371155e-05,-0.0004285721367521,-0.0004786251526251,-0.0005352841269841,-0.0005353682295482,-0.0004289465201465,-0.0005008675213675,-0.0005310102564102
-0.0005221217094017,-0.0004611728937728,-0.0003923301587301,0.0004909324542124,-6.382420024419996e-05,-0.0004255326007326,-0.0004816737484737,-0.0005261603174603,-0.0005383928693528,-0.0004259255189255,-0.0005008675213675,-0.0005310102564102
-0.0005130148229548,-0.000452071062271,-0.0003923301587301,0.0004818415384615,-6.078468864468836e-05,-0.000422493064713,-0.0004816737484737,-0.0005170365079365,-0.0005353682295482,-0.0004259255189255,-0.0005038848595848,-0.0005340275946275
-0.000519086080586,-0.000452071062271,-0.0003862476190476,0.0004848718437118,-6.686371184371155e-05,-0.0004194535286935,-0.0004755765567765,-0.0005079126984126,-0.0005262943101343,-0.0004229045177045,-0.0004948328449328,-0.0005279929181929
-0.0005221217094017,-0.000455105006105,-0.0003862476190476,0.0004879021489621,-6.686371184371155e-05,-0.0004194535286935,-0.0004755765567765,-0.0005018301587301,-0.0005232696703296,-0.0004229045177045,-0.0004948328449328,-0.0005310102564102
-0.0005130148229548,-0.000452071062271,-0.0003923301587301,0.0004818415384615,-6.078468864468836e-05,-0.000422493064713,-0.0004755765567765,-0.000489665079365,-0.000520245030525,-0.0004229045177045,-0.0004978501831501,-0.0005340275946275
-0.0005099791941391,-0.0004490371184371,-0.0003892888888888,0.0004788112332112,-6.078468864468836e-05,-0.0004194535286935,-0.0004755765567765,-0.0004805412698412,-0.0005172203907203,-0.0004198835164835,-0.0004948328449328,-0.0005340275946275
-0.0005099791941391,-0.0004490371184371,-0.0003892888888888,0.0004788112332112,-6.078468864468836e-05,-0.0004194535286935,-0.0004755765567765,-0.0004805412698412,-0.000520245030525,-0.0004259255189255,-0.0005038848595848,-0.0005400622710622
-0.0005160504517704,-0.000455105006105,-0.0003892888888888,0.0004848718437118,-6.382420024419996e-05,-0.000422493064713,-0.0004725279609279,-0.0004683761904761,-0.0005172203907203,-0.0004259255189255,-0.0005038848595848,-0.0005400622710622
-0.000519086080586,-0.000455105006105,-0.0003862476190476,0.0004848718437118,-6.686371184371155e-05,-0.0004194535286935,-0.0004633821733821,-0.0004531698412698,-0.0005051218315018,-0.0004168625152625,-0.0004948328449328,-0.0005310102564102
-0.0005160504517704,-0.0004460031746031,-0.0003832063492063,0.0004788112332112,-6.686371184371155e-05,-0.0004133744566544,-0.0004572849816849,-0.0004379634920634,-0.0004930232722832,-0.0004047785103785,-0.0004857808302808,-0.0005249755799755
-0.0005099791941391,-0.0004429692307692,-0.000380165079365,0.0004757809279609,-6.382420024419996e-05,-0.0004103349206349,-0.0004603335775335,-0.0004227571428571,-0.0004869739926739,-0.0004017575091575,-0.0004827634920634,-0.0005249755799755
-0.0004978366788766,-0.0004490371184371,-0.0004014539682539,0.0004727506227106,-4.862664224664196e-05,-0.0004255326007326,-0.0004633821733821,-0.000410592063492,-0.0004869739926739,-0.0004077995115995,-0.0004918155067155,-0.0005370449328449
-0.000494801050061,-0.0004429692307692,-0.0004075365079365,0.00046669001221,-4.254761904761877e-05,-0.0004255326007326,-0.0004572849816849,-0.0003984269841269,-0.0004839493528693,-0.0004077995115995,-0.0004948328449328,-0.0005370449328449
-0.0004917654212454,-0.0004308334554334,-0.0003923301587301,0.0004606294017094,-4.862664224664196e-05,-0.0004103349206349,-0.0004542363858363,-0.0003801793650793,-0.0004718507936507,-0.0004017575091575,-0.0004887981684981,-0.0005310102564102
-0.0004917654212454,-0.0004217316239316,-0.0003862476190476,0.0004545687912087,-5.166615384615356e-05,-0.0004042558485958,-0.0004511877899877,-0.0003588904761904,-0.0004627768742368,-0.0003957155067155,-0.0004857808302808,-0.0005279929181929
-0.0004887297924297,-0.0004217316239316,-0.0003862476190476,0.0004545687912087,-5.166615384615356e-05,-0.0004042558485958,-0.0004481391941391,-0.0003376015873015,-0.0004506783150183,-0.0003926945054945,-0.0004827634920634,-0.0005279929181929
-0.0004765872771672,-0.0004126297924297,-0.0003923301587301,0.0004424475702075,-4.254761904761877e-05,-0.0004012163125763,-0.0004450905982905,-0.0003193539682539,-0.000444629035409,-0.0003896735042735,-0.0004797461538461,-0.0005249755799755
-0.0004765872771672,-0.0004095958485958,-0.0003832063492063,0.0004424475702075,-4.558713064713037e-05,-0.0003951372405372,-0.0004389934065934,-0.0003041476190476,-0.0004385797557997,-0.0003866525030525,-0.0004767288156288,-0.0005219582417582
-0.0004674803907203,-0.000400494017094,-0.0003832063492063,0.0004333566544566,-4.254761904761877e-05,-0.0003920977045177,-0.0004359448107448,-0.0002828587301587,-0.0004325304761904,-0.0003836315018315,-0.0004767288156288,-0.0005219582417582
-0.000470516019536,-0.0003883582417582,-0.0003679999999999,0.000427296043956,-5.166615384615356e-05,-0.00037690002442,-0.0004328962148962,-0.0002585285714285,-0.0004204319169719,-0.0003745684981684,-0.0004676768009768,-0.0005129062271062
-0.0004765872771672,-0.0003701545787545,-0.0003497523809523,0.0004212354334554,-6.382420024419996e-05,-0.0003586628083028,-0.000426799023199,-0.0002311571428571,-0.0004053087179487,-0.0003624844932844,-0.0004495727716727,-0.0004948021978021
-0.0004674803907203,-0.0003610527472527,-0.0003527936507936,0.0004121445177045,-5.774517704517676e-05,-0.0003556232722832,-0.0004237504273504,-0.0002098682539682,-0.0003962347985347,-0.0003564424908424,-0.000443538095238,-0.0004857501831501
-0.0004523022466422,-0.0003671206349206,-0.0003710412698412,0.0004091142124542,-3.950810744810717e-05,-0.0003677814163614,-0.0004176532356532,-0.000185538095238,-0.0003901855189255,-0.0003564424908424,-0.0004465554334554,-0.0004887675213675
-0.0004523022466422,-0.0003580188034188,-0.0003619174603174,0.0004030536019536,-4.558713064713037e-05,-0.0003586628083028,-0.0004085074481074,-0.0001612079365079,-0.0003811115995115,-0.0003504004884004,-0.0004405207570207,-0.0004827328449328
-0.0004462309890109,-0.0003337472527472,-0.0003375873015873,0.000387902075702,-5.470566544566516e-05,-0.0003343465201465,-0.0004085074481074,-0.0001429603174603,-0.0003720376800976,-0.0003383164835164,-0.000425434065934,-0.0004706634920634
-0.0004340884737484,-0.0003125096459096,-0.0003284634920634,0.0003727505494505,-5.166615384615356e-05,-0.0003191488400488,-0.000411556043956,-0.0001186301587301,-0.0003599391208791,-0.0003262324786324,-0.0004103473748473,-0.0004555768009768
-0.0004340884737484,-0.0003003738705738,-0.0003193396825396,0.0003666899389499,-5.774517704517676e-05,-0.0003100302319902,-0.0004085074481074,-0.0001003825396825,-0.0003478405616605,-0.0003111274725274,-0.000398278021978,-0.0004404901098901
-0.0004249815873015,-0.0002821702075702,-0.0003071746031746,0.0003515384126984,-5.774517704517676e-05,-0.0002948325518925,-0.0004146046398046,-8.821746031746001e-05,-0.0003478405616605,-0.0003111274725274,-0.0003922433455433,-0.0004344554334554
-0.0004158747008547,-0.0002609326007326,-0.0002919682539682,0.0003363868864468,-6.078468864468836e-05,-0.0002765953357753,-0.0004176532356532,-8.213492063492033e-05,-0.0003417912820512,-0.0003081064713064,-0.0003831913308913,-0.0004193687423687
-0.0004098034432234,-0.0002487968253968,-0.0002889269841269,0.0003272959706959,-6.078468864468836e-05,-0.0002674767277167,-0.0004207018315018,-6.996984126984096e-05,-0.0003296927228327,-0.0002990434676434,-0.0003771566544566,-0.0004072993894993
-0.0003976609279609,-0.0002396949938949,-0.0002950095238095,0.000318205054945,-5.166615384615356e-05,-0.0002674767277167,-0.0004237504273504,-6.692857142857113e-05,-0.000326668083028,-0.0002960224664224,-0.0003741393162393,-0.0004012647130647
-0.0004067678144078,-0.0002214913308913,-0.0002706793650793,0.0003121444444444,-6.686371184371155e-05,-0.0002461999755799,-0.000426799023199,-6.692857142857113e-05,-0.0003206188034188,-0.0002839384615384,-0.0003590526251526,-0.0003831606837606
-0.0004158747008547,-0.0002123894993894,-0.0002493904761904,0.0003121444444444,-8.206126984126955e-05,-0.0002310022954822,-0.0004298476190476,-7.605238095238064e-05,-0.0003175941636141,-0.0002778964590964,-0.0003469832722832,-0.0003680739926739
-0.0004037321855921,-0.0001972197802197,-0.0002524317460317,0.0003000232234432,-7.598224664224636e-05,-0.0002249232234432,-0.0004359448107448,-8.821746031746001e-05,-0.0003206188034188,-0.0002748754578754,-0.0003409485958485,-0.0003620393162393
-0.0003946252991452,-0.00018205006105,-0.0002463492063492,0.000287902002442,-7.294273504273476e-05,-0.000212765079365,-0.000442042002442,-0.000106465079365,-0.0003175941636141,-0.0002658124542124,-0.0003258619047619,-0.0003469526251526
-0.0004037321855921,-0.0001790161172161,-0.0002311428571428,0.0002909323076923,-8.510078144078116e-05,-0.0002036464713064,-0.0004450905982905,-0.0001338365079365,-0.0003175941636141,-0.0002597704517704,-0.0003107752136752,-0.0003288485958485
-0.000412839072039,-0.0001790161172161,-0.0002189777777777,0.0002939626129426,-9.725882783882755e-05,-0.0001975673992673,-0.0004572849816849,-0.0001764142857142,-0.000335742002442,-0.0002718544566544,-0.0003198272283272,-0.0003258312576312
-0.0004189103296703,-0.0001729482295482,-0.0002068126984126,0.0002939626129426,-0.0001063773626373,-0.0001884487912087,-0.0004725279609279,-0.0002281158730158,-0.0003599391208791,-0.0002899804639804,-0.0003288792429792,-0.0003318659340659
-0.0004189103296703,-0.0001699142857142,-0.0002037714285714,0.0002939626129426,-0.0001063773626373,-0.0001854092551892,-0.0004816737484737,-0.0002767761904761,-0.000369013040293,-0.0002930014652014,-0.0003288792429792,-0.0003318659340659
-0.0004249815873015,-0.00018205006105,-0.0002098539682539,0.0003030535286935,-0.0001063773626373,-0.0001945278632478,-0.0004877709401709,-0.0003223952380952,-0.0003841362393162,-0.0002960224664224,-0.0003288792429792,-0.0003318659340659
-0.0004249815873015,-0.0001941858363858,-0.0002250603174603,0.0003091141391941,-0.0001002983394383,-0.0002097255433455,-0.0005060625152625,-0.0003710555555555,-0.000402284078144,-0.0003020644688644,-0.0003349139194139,-0.0003379006105006
-0.0004340884737484,-0.0002154234432234,-0.0002341841269841,0.0003242656654456,-0.0001002983394383,-0.0002249232234432,-0.0005091111111111,-0.0004166746031746,-0.0004234565567765,-0.0003171694749694,-0.0003409485958485,-0.0003499699633699
-0.0004583735042735,-0.0002457628815628,-0.0002372253968253,0.0003515384126984,-0.0001094168742368,-0.0002401209035409,-0.0005091111111111,-0.0004653349206349,-0.0004476536752136,-0.0003352954822954,-0.0003590526251526,-0.0003680739926739
-0.000470516019536,-0.0002761023199023,-0.0002585142857142,0.0003727505494505,-0.0001063773626373,-0.0002674767277167,-0.0005091111111111,-0.0005018301587301,-0.0004658015140415,-0.0003504004884004,-0.0003801739926739,-0.0003891953601953
-0.0004735516483516,-0.0003094757020757,-0.0002858857142857,0.0003909323809523,-9.421931623931596e-05,-0.000297872087912,-0.0005091111111111,-0.0005352841269841,-0.0004839493528693,-0.0003685264957264,-0.000398278021978,-0.000413334065934
-0.0004917654212454,-0.0003307133089133,-0.0002889269841269,0.0004091142124542,-0.0001002983394383,-0.0003100302319902,-0.0005091111111111,-0.000568738095238,-0.0005081464713064,-0.0003836315018315,-0.000416382051282,-0.0004374727716727
-0.0005130148229548,-0.0003549848595848,-0.0002950095238095,0.0004333566544566,-0.0001094168742368,-0.0003252279120879,-0.0005091111111111,-0.0005991507936507,-0.0005262943101343,-0.0004047785103785,-0.0004405207570207,-0.0004585941391941
-0.000519086080586,-0.0003944261294261,-0.0003315047619047,0.0004545687912087,-9.421931623931596e-05,-0.0003617023443223,-0.0005060625152625,-0.0006234809523809,-0.0005444421489621,-0.0004229045177045,-0.0004616421245421,-0.0004797155067155
-0.0005221217094017,-0.0004369013431013,-0.0003710412698412,0.0004788112332112,-7.598224664224636e-05,-0.0004042558485958,-0.0004999653235653,-0.0006417285714285,-0.0005565407081807,-0.0004319675213675,-0.0004767288156288,-0.0004917848595848
-0.0005251573382173,-0.0004581389499389,-0.0003923301587301,0.0004909324542124,-6.686371184371155e-05,-0.0004255326007326,-0.0004999653235653,-0.0006569349206349,-0.0005716639072039,-0.0004380095238095,-0.0004857808302808,-0.0005008368742368
-0.0005281929670329,-0.0004702747252747,-0.0003984126984126,0.000496993064713,-6.382420024419996e-05,-0.0004346512087912,-0.0005060625152625,-0.0006751825396825,-0.0005867871062271,-0.0004500935286935,-0.0004918155067155,-0.0005098888888888
-0.0005372998534798,-0.0004763426129426,-0.0003923301587301,0.0005060839804639,-7.294273504273476e-05,-0.0004346512087912,-0.0005091111111111,-0.0006873476190476,-0.0005928363858363,-0.0004561355311355,-0.0004978501831501,-0.0005129062271062
-0.0005372998534798,-0.0004915123321123,-0.0004075365079365,0.0005121445909645,-6.382420024419996e-05,-0.0004498488888888,-0.0005060625152625,-0.0006995126984126,-0.0006049349450549,-0.0004682195360195,-0.0005129368742368,-0.0005279929181929
-0.0005312285958485,-0.000506682051282,-0.0004257841269841,0.0005182052014652,-5.166615384615356e-05,-0.0004650465689865,-0.0005060625152625,-0.0007055952380952,-0.0006140088644688,-0.0004803035409035,-0.0005219888888888,-0.0005400622710622
-0.0005342642246642,-0.0005127499389499,-0.0004288253968253,0.0005212355067155,-5.166615384615356e-05,-0.0004711256410256,-0.0005030139194139,-0.0007086365079365,-0.0006230827838827,-0.0004893665445665,-0.0005280235653235,-0.0005491142857142
-0.0005433711111111,-0.0005248857142857,-0.0004349079365079,0.0005333567277167,-5.470566544566516e-05,-0.0004802442490842,-0.0005030139194139,-0.0007116777777777,-0.000629132063492,-0.0004984295482295,-0.0005370755799755,-0.0005551489621489
-0.0005464067399267,-0.0005339875457875,-0.0004409904761904,0.0005394173382173,-5.166615384615356e-05,-0.0004863233211233,-0.0005030139194139,-0.0007086365079365,-0.0006351813431013,-0.0005014505494505,-0.0005461275946275,-0.0005581663003663
-0.0005464067399267,-0.0005400554334554,-0.000447073015873,0.0005424476434676,-4.862664224664196e-05,-0.0004924023931623,-0.0004999653235653,-0.000714719047619,-0.0006382059829059,-0.0005105135531135,-0.0005521622710622,-0.0005672183150183
-0.0005494423687423,-0.0005430893772893,-0.000447073015873,0.0005454779487179,-5.166615384615356e-05,-0.0004954419291819,-0.0004969167277167,-0.0007208015873015,-0.0006412306227106,-0.0005135345543345,-0.0005551796092796,-0.0005702356532356
-0.0005464067399267,-0.0005430893772893,-0.0004501142857142,0.0005424476434676,-4.862664224664196e-05,-0.0004954419291819,-0.0004938681318681,-0.000714719047619,-0.0006382059829059,-0.0005105135531135,-0.0005551796092796,-0.0005672183150183
-0.0005433711111111,-0.0005461233211233,-0.0004561968253968,0.0005424476434676,-4.254761904761877e-05,-0.000501521001221,-0.0004999653235653,-0.0007116777777777,-0.0006382059829059,-0.0005105135531135,-0.0005521622710622,-0.0005642009768009
-0.0005524779975579,-0.0005552251526251,-0.0004531555555555,0.0005515385592185,-4.862664224664196e-05,-0.0005045605372405,-0.0004999653235653,-0.0007116777777777,-0.0006382059829059,-0.0005105135531135,-0.0005521622710622,-0.0005672183150183
-0.0005585492551892,-0.0005552251526251,-0.0004531555555555,0.0005545688644688,-5.166615384615356e-05,-0.0005045605372405,-0.0004969167277167,-0.000714719047619,-0.0006412306227106,-0.0005135345543345,-0.0005581969474969,-0.0005732529914529
-0.0005555136263736,-0.0005643269841269,-0.000459238095238,0.0005575991697191,-4.862664224664196e-05,-0.0005106396092796,-0.0004908195360195,-0.0007116777777777,-0.0006382059829059,-0.0005165555555555,-0.0005672489621489,-0.0005792876678876
-0.0005494423687423,-0.000558259096459,-0.0004622793650793,0.0005515385592185,-4.254761904761877e-05,-0.0005106396092796,-0.0004908195360195,-0.000714719047619,-0.0006412306227106,-0.0005225975579975,-0.0005702663003663,-0.000582305006105
-0.0005524779975579,-0.0005552251526251,-0.0004561968253968,0.0005515385592185,-4.862664224664196e-05,-0.0005045605372405,-0.0004908195360195,-0.0007116777777777,-0.0006442552625152,-0.0005195765567765,-0.0005702663003663,-0.0005792876678876
-0.0005646205128205,-0.0005552251526251,-0.0004409904761904,0.0005575991697191,-6.078468864468836e-05,-0.0004984814652014,-0.0004938681318681,-0.0007055952380952,-0.0006382059829059,-0.0005135345543345,-0.0005642316239316,-0.0005762703296703
-0.0005615848840048,-0.000558259096459,-0.0004501142857142,0.0005575991697191,-5.470566544566516e-05,-0.0005045605372405,-0.0004938681318681,-0.0007025539682539,-0.0006351813431013,-0.0005105135531135,-0.0005581969474969,-0.0005732529914529
-0.0005555136263736,-0.000558259096459,-0.0004561968253968,0.0005545688644688,-4.862664224664196e-05,-0.00050760007326,-0.0004969167277167,-0.0007025539682539,-0.0006351813431013,-0.0005105135531135,-0.0005581969474969,-0.0005702356532356
-0.0005464067399267,-0.0005521912087912,-0.0004561968253968,0.0005485082539682,-4.558713064713037e-05,-0.0005045605372405,-0.0005030139194139,-0.0007055952380952,-0.0006382059829059,-0.0005135345543345,-0.0005581969474969,-0.0005702356532356
-0.0005464067399267,-0.0005461233211233,-0.0004501142857142,0.0005454779487179,-4.862664224664196e-05,-0.0004984814652014,-0.0004999653235653,-0.0007055952380952,-0.0006351813431013,-0.0005165555555555,-0.0005581969474969,-0.0005672183150183
-0.0005555136263736,-0.0005521912087912,-0.000447073015873,0.0005515385592185,-5.470566544566516e-05,-0.0004984814652014,-0.0004969167277167,-0.0006964714285714,-0.0006321567032967,-0.0005165555555555,-0.0005612142857142,-0.0005702356532356
-0.0005524779975579,-0.000561293040293,-0.000459238095238,0.0005545688644688,-4.558713064713037e-05,-0.0005106396092796,-0.0004908195360195,-0.0006903888888888,-0.000629132063492,-0.0005165555555555,-0.0005672489621489,-0.0005762703296703
-0.0005555136263736,-0.0005552251526251,-0.0004501142857142,0.0005545688644688,-5.166615384615356e-05,-0.000501521001221,-0.0004877709401709,-0.0006873476190476,-0.000629132063492,-0.0005105135531135,-0.0005642316239316,-0.0005762703296703
-0.0005464067399267,-0.0005370214896214,-0.0004379492063492,0.0005394173382173,-5.470566544566516e-05,-0.0004863233211233,-0.0004969167277167,-0.0006903888888888,-0.0006321567032967,-0.0005135345543345,-0.0005642316239316,-0.0005732529914529
-0.0005372998534798,-0.0005248857142857,-0.0004349079365079,0.0005303264224664,-5.166615384615356e-05,-0.0004802442490842,-0.0005060625152625,-0.0006903888888888,-0.000629132063492,-0.0005105135531135,-0.0005581969474969,-0.0005702356532356
-0.0005433711111111,-0.0005370214896214,-0.0004379492063492,0.0005394173382173,-5.166615384615356e-05,-0.0004863233211233,-0.0005030139194139,-0.0006843063492063,-0.0006230827838827,-0.0005044715506715,-0.0005521622710622,-0.0005672183150183
-0.0005433711111111,-0.0005491572649572,-0.0004531555555555,0.0005454779487179,-4.558713064713037e-05,-0.000501521001221,-0.0004908195360195,-0.0006782238095238,-0.0006140088644688,-0.0004984295482295,-0.0005521622710622,-0.0005611836385836
-0.0005433711111111,-0.0005491572649572,-0.0004531555555555,0.0005454779487179,-4.558713064713037e-05,-0.000501521001221,-0.0004877709401709,-0.0006782238095238,-0.0006140088644688,-0.0004923875457875,-0.0005461275946275,-0.0005611836385836
-0.0005372998534798,-0.0005400554334554,-0.0004531555555555,0.000536387032967,-4.254761904761877e-05,-0.0004954419291819,-0.0004969167277167,-0.0006782238095238,-0.0006140088644688,-0.0004984295482295,-0.0005491449328449,-0.0005642009768009
-0.0005281929670329,-0.0005339875457875,-0.000459238095238,0.0005303264224664,-3.342908424908396e-05,-0.0004954419291819,-0.0005060625152625,-0.000681265079365,-0.0006230827838827,-0.0005074925518925,-0.0005551796092796,-0.0005702356532356
-0.0005312285958485,-0.0005279196581196,-0.0004531555555555,0.0005272961172161,-3.950810744810717e-05,-0.0004893628571428,-0.0005152083028083,-0.000681265079365,-0.0006261074236874,-0.0005074925518925,-0.0005581969474969,-0.0005762703296703
-0.0005433711111111,-0.0005218517704517,-0.0004349079365079,0.0005303264224664,-5.470566544566516e-05,-0.0004772047130647,-0.0005121597069597,-0.0006751825396825,-0.0006140088644688,-0.0004954085470085,-0.0005491449328449,-0.0005642009768009
-0.0005372998534798,-0.0005157838827838,-0.0004318666666666,0.0005242658119658,-5.166615384615356e-05,-0.0004741651770451,-0.0005091111111111,-0.0006751825396825,-0.0006079595848595,-0.0004863455433455,-0.0005400929181929,-0.0005551489621489
-0.0005221217094017,-0.0005097159951159,-0.0004379492063492,0.0005151748962148,-4.254761904761877e-05,-0.0004741651770451,-0.0005121597069597,-0.0006751825396825,-0.0006109842246642,-0.0004833245421245,-0.0005340582417582,-0.0005491142857142
-0.0005251573382173,-0.0005006141636141,-0.0004257841269841,0.0005121445909645,-4.862664224664196e-05,-0.000462007032967,-0.0005121597069597,-0.000681265079365,-0.0006109842246642,-0.0004833245421245,-0.0005310409035409,-0.0005491142857142
-0.0005312285958485,-0.0004945462759462,-0.0004166603174603,0.0005121445909645,-5.774517704517676e-05,-0.0004559279609279,-0.0005182568986568,-0.0006873476190476,-0.0006140088644688,-0.0004863455433455,-0.0005310409035409,-0.0005491142857142
-0.0005281929670329,-0.0004975802197802,-0.0004257841269841,0.0005121445909645,-5.166615384615356e-05,-0.000462007032967,-0.0005152083028083,-0.0006873476190476,-0.0006170335042735,-0.0004863455433455,-0.0005370755799755,-0.0005581663003663
-0.0005221217094017,-0.0005097159951159,-0.0004409904761904,0.0005151748962148,-3.950810744810717e-05,-0.0004741651770451,-0.0005152083028083,-0.0006873476190476,-0.0006170335042735,-0.0004893665445665,-0.0005400929181929,-0.0005611836385836
-0.0005312285958485,-0.0005157838827838,-0.0004379492063492,0.0005212355067155,-4.558713064713037e-05,-0.0004772047130647,-0.0005121597069597,-0.0006843063492063,-0.0006140088644688,-0.0004803035409035,-0.0005340582417582,-0.0005491142857142
-0.0005251573382173,-0.000506682051282,-0.0004318666666666,0.0005151748962148,-4.558713064713037e-05,-0.0004680861050061,-0.0005182568986568,-0.0006843063492063,-0.0006140088644688,-0.0004742615384615,-0.0005250062271062,-0.0005400622710622
-0.0005251573382173,-0.0005036481074481,-0.0004318666666666,0.0005121445909645,-4.558713064713037e-05,-0.0004680861050061,-0.0005213054945054,-0.0006903888888888,-0.0006170335042735,-0.0004772825396825,-0.0005280235653235,-0.0005400622710622
-0.0005281929670329,-0.0005036481074481,-0.0004318666666666,0.0005151748962148,-4.862664224664196e-05,-0.0004680861050061,-0.000524354090354,-0.0006964714285714,-0.0006200581440781,-0.0004833245421245,-0.0005310409035409,-0.0005430796092796
-0.0005312285958485,-0.0005036481074481,-0.0004257841269841,0.0005151748962148,-5.166615384615356e-05,-0.0004650465689865,-0.0005213054945054,-0.0006934301587301,-0.0006200581440781,-0.0004833245421245,-0.0005310409035409,-0.0005460969474969
-0.0005342642246642,-0.0004975802197802,-0.0004166603174603,0.0005151748962148,-5.774517704517676e-05,-0.0004559279609279,-0.0005213054945054,-0.0006903888888888,-0.0006170335042735,-0.0004803035409035,-0.0005280235653235,-0.0005491142857142
-0.0005221217094017,-0.0004945462759462,-0.0004257841269841,0.0005060839804639,-4.862664224664196e-05,-0.0004589674969474,-0.0005304512820512,-0.0006995126984126,-0.000629132063492,-0.0004863455433455,-0.0005310409035409,-0.0005551489621489
-0.000519086080586,-0.000506682051282,-0.0004379492063492,0.0005121445909645,-3.950810744810717e-05,-0.0004711256410256,-0.0005334998778998,-0.0007025539682539,-0.0006261074236874,-0.0004893665445665,-0.0005400929181929,-0.0005611836385836
-0.0005221217094017,-0.0005218517704517,-0.000447073015873,0.0005212355067155,-3.6468595848595565e-05,-0.0004832837851037,-0.000524354090354,-0.0006995126984126,-0.0006200581440781,-0.0004863455433455,-0.0005400929181929,-0.0005611836385836
-0.0005221217094017,-0.0005279196581196,-0.0004561968253968,0.0005242658119658,-3.342908424908396e-05,-0.0004924023931623,-0.0005182568986568,-0.0007025539682539,-0.0006200581440781,-0.0004833245421245,-0.0005370755799755,-0.0005551489621489
-0.0005251573382173,-0.0005218517704517,-0.0004501142857142,0.0005212355067155,-3.6468595848595565e-05,-0.0004863233211233,-0.0005152083028083,-0.0006964714285714,-0.0006230827838827,-0.0004833245421245,-0.0005340582417582,-0.0005460969474969
-0.0005251573382173,-0.0005218517704517,-0.000447073015873,0.0005212355067155,-3.950810744810717e-05,-0.0004832837851037,-0.000524354090354,-0.0006995126984126,-0.000629132063492,-0.0004893665445665,-0.0005340582417582,-0.0005460969474969
-0.0005281929670329,-0.0005127499389499,-0.0004379492063492,0.0005182052014652,-4.558713064713037e-05,-0.0004741651770451,-0.0005334998778998,-0.0007055952380952,-0.0006321567032967,-0.0004893665445665,-0.0005310409035409,-0.0005491142857142
-0.0005403354822954,-0.0005218517704517,-0.0004318666666666,0.0005303264224664,-5.470566544566516e-05,-0.0004772047130647,-0.0005274026862026,-0.0007025539682539,-0.0006261074236874,-0.0004833245421245,-0.0005310409035409,-0.0005521316239316
-0.0005464067399267,-0.0005248857142857,-0.0004349079365079,0.0005333567277167,-5.470566544566516e-05,-0.0004802442490842,-0.000524354090354,-0.0007055952380952,-0.0006230827838827,-0.0004863455433455,-0.0005340582417582,-0.0005551489621489
-0.0005342642246642,-0.0005127499389499,-0.0004349079365079,0.0005212355067155,-4.862664224664196e-05,-0.0004741651770451,-0.0005334998778998,-0.000714719047619,-0.000629132063492,-0.0004893665445665,-0.0005370755799755,-0.0005551489621489
-0.0005251573382173,-0.0005127499389499,-0.0004440317460317,0.0005182052014652,-3.950810744810717e-05,-0.0004772047130647,-0.000539597069597,-0.0007177603174603,-0.0006351813431013,-0.0004954085470085,-0.0005400929181929,-0.0005581663003663
-0.0005281929670329,-0.0005279196581196,-0.0004531555555555,0.0005272961172161,-3.6468595848595565e-05,-0.0004893628571428,-0.0005334998778998,-0.0007177603174603,-0.0006321567032967,-0.0004954085470085,-0.0005431102564102,-0.0005611836385836
-0.0005251573382173,-0.0005370214896214,-0.0004622793650793,0.0005303264224664,-3.0389572649572364e-05,-0.0004984814652014,-0.0005304512820512,-0.000714719047619,-0.0006321567032967,-0.0004984295482295,-0.0005461275946275,-0.0005611836385836
-0.0005312285958485,-0.0005370214896214,-0.0004622793650793,0.0005333567277167,-3.342908424908396e-05,-0.0004984814652014,-0.0005274026862026,-0.000714719047619,-0.0006351813431013,-0.0005014505494505,-0.0005491449328449,-0.0005611836385836
-0.0005312285958485,-0.0005279196581196,-0.0004501142857142,0.0005272961172161,-3.950810744810717e-05,-0.0004893628571428,-0.0005304512820512,-0.0007177603174603,-0.0006382059829059,-0.0004984295482295,-0.0005431102564102,-0.0005611836385836
-0.0005281929670329,-0.0005218517704517,-0.0004440317460317,0.0005242658119658,-4.254761904761877e-05,-0.0004832837851037,-0.0005365484737484,-0.0007177603174603,-0.0006351813431013,-0.0004954085470085,-0.0005431102564102,-0.0005581663003663
-0.0005342642246642,-0.0005309536019536,-0.0004501142857142,0.0005303264224664,-4.254761904761877e-05,-0.0004893628571428,-0.0005334998778998,-0.0007177603174603,-0.0006321567032967,-0.0004923875457875,-0.0005400929181929,-0.0005551489621489
-0.0005433711111111,-0.0005339875457875,-0.0004409904761904,0.000536387032967,-5.166615384615356e-05,-0.0004863233211233,-0.0005274026862026,-0.0007177603174603,-0.0006321567032967,-0.0004893665445665,-0.0005370755799755,-0.0005551489621489
-0.0005372998534798,-0.0005309536019536,-0.0004409904761904,0.0005333567277167,-4.862664224664196e-05,-0.0004863233211233,-0.0005304512820512,-0.0007238428571428,-0.0006382059829059,-0.0004923875457875,-0.0005400929181929,-0.0005611836385836
-0.0005251573382173,-0.0005279196581196,-0.0004501142857142,0.0005242658119658,-3.6468595848595565e-05,-0.0004893628571428,-0.0005365484737484,-0.0007238428571428,-0.0006382059829059,-0.0004954085470085,-0.0005431102564102,-0.0005642009768009
-0.0005312285958485,-0.0005370214896214,-0.0004531555555555,0.0005333567277167,-3.950810744810717e-05,-0.0004954419291819,-0.0005334998778998,-0.0007208015873015,-0.0006382059829059,-0.0004954085470085,-0.0005431102564102,-0.0005611836385836
-0.0005372998534798,-0.0005400554334554,-0.0004531555555555,0.000536387032967,-4.254761904761877e-05,-0.0004954419291819,-0.0005304512820512,-0.0007177603174603,-0.0006351813431013,-0.0004923875457875,-0.0005431102564102,-0.0005581663003663
-0.0005342642246642,-0.0005400554334554,-0.000459238095238,0.000536387032967,-3.6468595848595565e-05,-0.0004984814652014,-0.0005304512820512,-0.0007208015873015,-0.0006351813431013,-0.0004954085470085,-0.0005431102564102,-0.0005551489621489
-0.0005312285958485,-0.0005370214896214,-0.000459238095238,0.0005333567277167,-3.6468595848595565e-05,-0.0004984814652014,-0.0005274026862026,-0.0007238428571428,-0.0006382059829059,-0.0004984295482295,-0.0005461275946275,-0.0005551489621489
-0.0005312285958485,-0.0005309536019536,-0.000447073015873,0.0005303264224664,-4.254761904761877e-05,-0.0004893628571428,-0.0005334998778998,-0.0007238428571428,-0.0006412306227106,-0.0004984295482295,-0.0005431102564102,-0.0005551489621489
-0.0005312285958485,-0.0005248857142857,-0.0004409904761904,0.0005272961172161,-4.558713064713037e-05,-0.0004832837851037,-0.000539597069597,-0.0007299253968253,-0.0006442552625152,-0.0005014505494505,-0.0005461275946275,-0.0005581663003663
-0.0005342642246642,-0.0005279196581196,-0.0004440317460317,0.0005303264224664,-4.558713064713037e-05,-0.0004863233211233,-0.0005426456654456,-0.0007329666666666,-0.0006503045421245,-0.0005044715506715,-0.0005461275946275,-0.0005611836385836
-0.0005372998534798,-0.0005370214896214,-0.0004531555555555,0.000536387032967,-4.254761904761877e-05,-0.0004954419291819,-0.0005365484737484,-0.0007268841269841,-0.0006472799023199,-0.0005014505494505,-0.0005431102564102,-0.0005581663003663
-0.0005433711111111,-0.0005461233211233,-0.0004561968253968,0.0005424476434676,-4.254761904761877e-05,-0.000501521001221,-0.0005304512820512,-0.0007208015873015,-0.0006412306227106,-0.0004954085470085,-0.0005431102564102,-0.0005581663003663
-0.0005372998534798,-0.0005400554334554,-0.0004561968253968,0.000536387032967,-3.950810744810717e-05,-0.0004984814652014,-0.0005304512820512,-0.0007208015873015,-0.0006442552625152,-0.0004984295482295,-0.0005431102564102,-0.0005611836385836
-0.0005403354822954,-0.0005370214896214,-0.0004501142857142,0.000536387032967,-4.558713064713037e-05,-0.0004924023931623,-0.0005304512820512,-0.0007208015873015,-0.0006412306227106,-0.0004984295482295,-0.0005461275946275,-0.0005642009768009
-0.0005403354822954,-0.0005370214896214,-0.0004531555555555,0.000536387032967,-4.254761904761877e-05,-0.0004954419291819,-0.0005365484737484,-0.0007238428571428,-0.0006412306227106,-0.0004984295482295,-0.0005461275946275,-0.0005642009768009
-0.0005312285958485,-0.0005430893772893,-0.0004622793650793,0.000536387032967,-3.342908424908396e-05,-0.000501521001221,-0.0005365484737484,-0.0007268841269841,-0.0006412306227106,-0.0004984295482295,-0.0005491449328449,-0.0005672183150183
-0.0005403354822954,-0.0005400554334554,-0.0004531555555555,0.0005394173382173,-4.254761904761877e-05,-0.0004954419291819,-0.0005304512820512,-0.0007238428571428,-0.0006412306227106,-0.0004984295482295,-0.0005491449328449,-0.0005611836385836
-0.0005403354822954,-0.0005279196581196,-0.0004379492063492,0.0005333567277167,-5.166615384615356e-05,-0.0004832837851037,-0.0005304512820512,-0.0007299253968253,-0.0006442552625152,-0.0004954085470085,-0.0005461275946275,-0.0005581663003663
-0.0005342642246642,-0.0005218517704517,-0.0004379492063492,0.0005272961172161,-4.862664224664196e-05,-0.0004802442490842,-0.0005365484737484,-0.0007329666666666,-0.0006442552625152,-0.0004984295482295,-0.0005461275946275,-0.0005611836385836
-0.0005342642246642,-0.0005279196581196,-0.0004440317460317,0.0005303264224664,-4.558713064713037e-05,-0.0004863233211233,-0.0005365484737484,-0.0007299253968253,-0.0006442552625152,-0.0004954085470085,-0.0005461275946275,-0.0005611836385836
-0.0005372998534798,-0.0005370214896214,-0.0004501142857142,0.000536387032967,-4.254761904761877e-05,-0.0004924023931623,-0.0005334998778998,-0.0007268841269841,-0.0006412306227106,-0.0004984295482295,-0.0005461275946275,-0.0005611836385836
-0.0005342642246642,-0.0005339875457875,-0.0004531555555555,0.0005333567277167,-3.950810744810717e-05,-0.0004924023931623,-0.0005334998778998,-0.0007299253968253,-0.0006412306227106,-0.0005014505494505,-0.0005491449328449,-0.0005642009768009
-0.0005342642246642,-0.0005279196581196,-0.0004440317460317,0.0005303264224664,-4.558713064713037e-05,-0.0004863233211233,-0.0005334998778998,-0.0007299253968253,-0.0006382059829059,-0.0004984295482295,-0.0005431102564102,-0.0005642009768009
-0.0005494423687423,-0.0005188178266178,-0.0004166603174603,0.0005333567277167,-6.686371184371155e-05,-0.0004680861050061,-0.000524354090354,-0.0007208015873015,-0.0006261074236874,-0.0004863455433455,-0.0005310409035409,-0.0005521316239316
-0.0005524779975579,-0.0005157838827838,-0.0004166603174603,0.0005333567277167,-6.686371184371155e-05,-0.0004650465689865,-0.0005213054945054,-0.0007177603174603,-0.0006230827838827,-0.0004833245421245,-0.0005280235653235,-0.0005491142857142
-0.0005281929670329,-0.0005127499389499,-0.0004379492063492,0.0005182052014652,-4.558713064713037e-05,-0.0004741651770451,-0.0005213054945054,-0.0007208015873015,-0.0006230827838827,-0.0004863455433455,-0.0005340582417582,-0.0005551489621489
-0.000519086080586,-0.0005127499389499,-0.0004440317460317,0.0005151748962148,-3.6468595848595565e-05,-0.0004772047130647,-0.0005152083028083,-0.000714719047619,-0.0006230827838827,-0.0004863455433455,-0.0005370755799755,-0.0005551489621489
-0.0005221217094017,-0.0005097159951159,-0.0004409904761904,0.0005151748962148,-3.950810744810717e-05,-0.0004741651770451,-0.0005091111111111,-0.0007086365079365,-0.0006200581440781,-0.0004803035409035,-0.0005310409035409,-0.0005491142857142
-0.0005160504517704,-0.0004975802197802,-0.0004318666666666,0.0005060839804639,-4.254761904761877e-05,-0.0004650465689865,-0.0005060625152625,-0.0007055952380952,-0.0006109842246642,-0.0004712405372405,-0.0005219888888888,-0.0005430796092796
-0.0005039079365079,-0.0004733086691086,-0.0004197015873015,0.0004879021489621,-4.254761904761877e-05,-0.0004468093528693,-0.0004969167277167,-0.0006995126984126,-0.0006019103052503,-0.0004621775335775,-0.0005129368742368,-0.0005340275946275
-0.0004978366788766,-0.0004490371184371,-0.0004075365079365,0.0004727506227106,-4.558713064713037e-05,-0.0004285721367521,-0.0004908195360195,-0.0006903888888888,-0.0005898117460317,-0.0004561355311355,-0.0005038848595848,-0.0005279929181929
-0.000494801050061,-0.0004338673992673,-0.0003923301587301,0.0004636597069597,-5.166615384615356e-05,-0.0004133744566544,-0.0004938681318681,-0.0006751825396825,-0.0005807378266178,-0.0004470725274725,-0.0004978501831501,-0.0005219582417582
-0.0004856941636141,-0.0004186976800976,-0.0003832063492063,0.0004515384859584,-5.166615384615356e-05,-0.0004012163125763,-0.0004969167277167,-0.0006630174603174,-0.0005716639072039,-0.0004380095238095,-0.0004887981684981,-0.0005129062271062
-0.0004796229059829,-0.0004095958485958,-0.000380165079365,0.0004424475702075,-4.862664224664196e-05,-0.0003951372405372,-0.0005030139194139,-0.0006569349206349,-0.0005656146275946,-0.0004319675213675,-0.0004827634920634,-0.0005098888888888
-0.0004856941636141,-0.0004156637362637,-0.0003832063492063,0.0004485081807081,-5.166615384615356e-05,-0.0003981767765567,-0.0005213054945054,-0.0006599761904761,-0.0005625899877899,-0.0004289465201465,-0.0004857808302808,-0.0005098888888888
-0.0004917654212454,-0.0004399352869352,-0.0003984126984126,0.0004636597069597,-4.558713064713037e-05,-0.0004194535286935,-0.0005517914529914,-0.0006843063492063,-0.0005837624664224,-0.0004440515262515,-0.0004978501831501,-0.0005219582417582
-0.0004917654212454,-0.000452071062271,-0.000413619047619,0.0004697203174603,-3.950810744810717e-05,-0.0004316116727716,-0.0005578886446886,-0.0006995126984126,-0.000595861025641,-0.0004591565323565,-0.0005099195360195,-0.0005249755799755
-0.0004856941636141,-0.000455105006105,-0.0004197015873015,0.0004697203174603,-3.342908424908396e-05,-0.0004376907448107,-0.00055484004884,-0.0007055952380952,-0.0006019103052503,-0.0004621775335775,-0.0005129368742368,-0.0005249755799755
-0.000494801050061,-0.0004824105006105,-0.0004379492063492,0.0004879021489621,-2.735006105006077e-05,-0.0004589674969474,-0.0005517914529914,-0.000714719047619,-0.0006170335042735,-0.0004742615384615,-0.0005189715506715,-0.0005279929181929
-0.0005039079365079,-0.0005006141636141,-0.000447073015873,0.0005000233699633,-2.735006105006077e-05,-0.0004741651770451,-0.00055484004884,-0.0007238428571428,-0.000629132063492,-0.0004803035409035,-0.0005219888888888,-0.0005340275946275
-0.0004856941636141,-0.0004884783882783,-0.0004531555555555,0.0004848718437118,-1.5192014652014368e-05,-0.0004711256410256,-0.0005578886446886,-0.0007238428571428,-0.0006321567032967,-0.0004803035409035,-0.0005219888888888,-0.0005310102564102
-0.0004735516483516,-0.0004793765567765,-0.000459238095238,0.0004757809279609,-6.07347985347957e-06,-0.0004680861050061,-0.0005639858363858,-0.0007360079365079,-0.0006382059829059,-0.0004833245421245,-0.0005250062271062,-0.0005370449328449
-0.0004826585347985,-0.0004915123321123,-0.0004622793650793,0.0004848718437118,-9.11299145299117e-06,-0.0004772047130647,-0.0005639858363858,-0.0007390492063492,-0.0006442552625152,-0.0004893665445665,-0.0005310409035409,-0.0005460969474969
-0.000494801050061,-0.0005157838827838,-0.0004744444444444,0.0005030536752136,-9.11299145299117e-06,-0.0004954419291819,-0.0005639858363858,-0.0007420904761904,-0.0006533291819291,-0.0004984295482295,-0.0005400929181929,-0.0005551489621489
-0.000519086080586,-0.0005309536019536,-0.0004622793650793,0.0005242658119658,-2.735006105006077e-05,-0.0004954419291819,-0.00055484004884,-0.0007451317460317,-0.0006533291819291,-0.0005014505494505,-0.0005400929181929,-0.0005521316239316
-0.0005372998534798,-0.0005218517704517,-0.0004379492063492,0.0005272961172161,-4.862664224664196e-05,-0.0004802442490842,-0.0005426456654456,-0.0007451317460317,-0.0006533291819291,-0.0005014505494505,-0.0005370755799755,-0.0005430796092796
-0.0005433711111111,-0.0005218517704517,-0.0004318666666666,0.0005303264224664,-5.470566544566516e-05,-0.0004772047130647,-0.0005365484737484,-0.0007451317460317,-0.0006533291819291,-0.0005044715506715,-0.0005431102564102,-0.0005460969474969
-0.0005464067399267,-0.0005309536019536,-0.0004349079365079,0.000536387032967,-5.470566544566516e-05,-0.0004832837851037,-0.0005334998778998,-0.0007451317460317,-0.0006503045421245,-0.0005014505494505,-0.0005400929181929,-0.0005521316239316
-0.0005494423687423,-0.0005491572649572,-0.0004531555555555,0.0005485082539682,-4.862664224664196e-05,-0.000501521001221,-0.0005365484737484,-0.000748173015873,-0.0006563538217338,-0.0005074925518925,-0.0005491449328449,-0.0005611836385836
-0.0005372998534798,-0.0005643269841269,-0.0004805269841269,0.0005485082539682,-2.735006105006077e-05,-0.0005227977533577,-0.000539597069597,-0.0007542555555555,-0.0006654277411477,-0.0005195765567765,-0.0005581969474969,-0.0005702356532356
-0.0005403354822954,-0.000561293040293,-0.0004714031746031,0.0005485082539682,-3.342908424908396e-05,-0.0005167186813186,-0.000539597069597,-0.0007572968253968,-0.0006654277411477,-0.0005165555555555,-0.0005551796092796,-0.0005702356532356
-0.0005555136263736,-0.000561293040293,-0.0004531555555555,0.0005575991697191,-5.166615384615356e-05,-0.00050760007326,-0.0005334998778998,-0.0007572968253968,-0.0006624031013431,-0.0005135345543345,-0.0005521622710622,-0.0005672183150183
-0.0005524779975579,-0.0005552251526251,-0.0004531555555555,0.0005515385592185,-4.862664224664196e-05,-0.0005045605372405,-0.0005365484737484,-0.0007542555555555,-0.0006624031013431,-0.0005165555555555,-0.0005551796092796,-0.0005672183150183
-0.0005433711111111,-0.0005491572649572,-0.000459238095238,0.0005454779487179,-4.254761904761877e-05,-0.0005045605372405,-0.0005426456654456,-0.000760338095238,-0.0006684523809523,-0.0005195765567765,-0.0005581969474969,-0.0005702356532356
-0.0005403354822954,-0.0005461233211233,-0.000459238095238,0.0005424476434676,-3.950810744810717e-05,-0.000501521001221,-0.000539597069597,-0.0007633793650793,-0.0006684523809523,-0.0005225975579975,-0.0005612142857142,-0.0005732529914529
-0.0005494423687423,-0.0005552251526251,-0.0004622793650793,0.0005515385592185,-4.254761904761877e-05,-0.00050760007326,-0.0005304512820512,-0.0007572968253968,-0.0006624031013431,-0.0005195765567765,-0.0005612142857142,-0.0005732529914529
-0.0005615848840048,-0.000558259096459,-0.0004501142857142,0.0005575991697191,-5.470566544566516e-05,-0.0005045605372405,-0.0005274026862026,-0.000748173015873,-0.0006563538217338,-0.0005135345543345,-0.0005581969474969,-0.0005702356532356
-0.0005615848840048,-0.0005430893772893,-0.0004379492063492,0.0005515385592185,-6.078468864468836e-05,-0.0004893628571428,-0.0005334998778998,-0.0007451317460317,-0.0006503045421245,-0.0005074925518925,-0.0005521622710622,-0.0005642009768009
-0.0005524779975579,-0.0005400554334554,-0.0004440317460317,0.0005454779487179,-5.470566544566516e-05,-0.0004924023931623,-0.0005365484737484,-0.0007512142857142,-0.0006442552625152,-0.0005044715506715,-0.0005491449328449,-0.0005642009768009
-0.0005464067399267,-0.0005461233211233,-0.0004531555555555,0.0005454779487179,-4.558713064713037e-05,-0.0004984814652014,-0.0005304512820512,-0.000748173015873,-0.0006412306227106,-0.0005014505494505,-0.0005491449328449,-0.0005611836385836
-0.0005524779975579,-0.0005491572649572,-0.0004501142857142,0.0005485082539682,-5.166615384615356e-05,-0.0004984814652014,-0.0005334998778998,-0.0007512142857142,-0.0006412306227106,-0.0005044715506715,-0.0005491449328449,-0.0005642009768009
-0.0005464067399267,-0.0005370214896214,-0.0004440317460317,0.0005394173382173,-5.166615384615356e-05,-0.0004893628571428,-0.0005334998778998,-0.0007390492063492,-0.000629132063492,-0.0005014505494505,-0.0005521622710622,-0.0005762703296703
-0.0005403354822954,-0.0005097159951159,-0.0004227428571428,0.0005242658119658,-5.774517704517676e-05,-0.0004650465689865,-0.000524354090354,-0.0006964714285714,-0.0005777131868131,-0.0004803035409035,-0.0005521622710622,-0.0005883396825396
-0.0005342642246642,-0.0004369013431013,-0.0003527936507936,0.0004848718437118,-9.117980463980436e-05,-0.0003951372405372,-0.000524354090354,-0.0006508523809523,-0.0005020971916971,-0.0004319675213675,-0.0005250062271062,-0.0005762703296703
-0.0004887297924297,-0.0003003738705738,-0.0002615555555555,0.0003939626862026,-0.0001124563858363,-0.0002796348717948,-0.0005487428571428,-0.0005383253968253,-0.0003780869597069,-0.0003141484737484,-0.0004375034188034,-0.0005189409035409
-0.0003824827838827,-8.496385836385816e-05,-0.0001581523809523,0.0002333565079365,-0.0001124563858363,-0.0001215789987789,-0.0006066661782661,-0.0003923444444444,-0.0001784607326007,-9.361538461538512e-05,-0.0002655151404151,-0.0004072993894993
-0.0002337369719169,0.000242702075702,1.824126984126993e-05,-3.0073015873015585e-06,-0.0001246144322344,0.0001307024908424,-0.0007651931623931,-0.0004501285714285,1.8140854700854626e-05,0.0002084847374847,1.8114652014651857e-05,-0.0001779816849816
-8.499115995116023e-05,0.0006401487179487,0.0002676253968253,-0.0002757347741147,-0.0001762861294261,0.0004528933089133,-0.001030421001221,-0.0007542555555555,0.0001542496459096,0.0005558998778998,0.0003862299145299,0.0001539255189255
5.768339438339411e-05,0.0009769164835164,0.0004561841269841,-0.0005151288888888,-0.0001975627106227,0.0007173329426129,-0.0013657665445665,-0.0011587444444444,0.0001361018070818,0.0008459159951159,0.0007241717948717,0.0004828153846153
0.0001335741147741,0.001165021001221,0.0005687111111111,-0.0006484623199023,-0.0002157997802197,0.0008662702075702,-0.0016614803418803,-0.0015084904761904,-6.0562637362638166e-06,0.000951651037851,0.0009233161172161,0.0007332544566544
0.0001032178266178,0.0009283733821733,0.000364946031746,-0.0005151288888888,-0.0001306934554334,0.0006474236141636,-0.0017194036630036,-0.001672719047619,-0.0003115448840048,0.0006525719169719,0.0007483105006105,0.0007000637362637
-0.0001123118192918,0.0002821433455433,-5.7790476190476096e-05,-8.482554334554332e-05,-2.735006105006077e-05,0.0001124652747252,-0.0015090505494505,-0.0017822047619047,-0.0008015365323565,1.816166056166004e-05,0.000253467032967,0.0003953125763125
-0.0003703402686202,-9.103174603174582e-05,-0.0001763999999999,0.0002303262026862,-9.725882783882755e-05,-0.0001337371428571,-0.0013108918192918,-0.0019616396825396,-0.0011977643467643,-0.0004591565323565,-9.352686202686218e-05,0.0001690122100122
-0.000519086080586,-0.0002548647130647,-0.000188565079365,0.0003848717704517,-0.000164128083028,-0.0002218836874236,-0.0011676078144078,-0.0019373095238095,-0.0013278238583638,-0.0006736476190476,-0.0002926711843711,4.126984126924072e-08
-0.0005737273992673,-0.00039746007326,-0.0002798031746031,0.0004848718437118,-0.000145891013431,-0.000337386056166,-0.0010548097680097,-0.0017092142857142,-0.0012491832234432,-0.0007159416361416,-0.0004193993894993,-0.000171947008547
-0.0005919411721611,-0.0004702747252747,-0.0003375873015873,0.0005303264224664,-0.0001276539438339,-0.0004042558485958,-0.0009633518925518,-0.0014719952380952,-0.0011130744322344,-0.0006796896214896,-0.0004827634920634,-0.0002986752136752
-0.0005889055433455,-0.0005036481074481,-0.0003679999999999,0.0005454779487179,-0.0001094168742368,-0.0004346512087912,-0.0008536024420024,-0.0012530238095238,-0.0009830149206349,-0.0006313536019536,-0.0005099195360195,-0.000386178021978
-0.0005585492551892,-0.0005218517704517,-0.0004197015873015,0.0005394173382173,-6.990322344322315e-05,-0.0004711256410256,-0.00072861001221,-0.0010401349206349,-0.0008620293284493,-0.0005830175824175,-0.0005280235653235,-0.0004585941391941
-0.0005312285958485,-0.000506682051282,-0.0004257841269841,0.0005182052014652,-5.166615384615356e-05,-0.0004650465689865,-0.0006158119658119,-0.0008546174603174,-0.000747093015873,-0.0005286395604395,-0.0005219888888888,-0.0004887675213675
-0.0005312285958485,-0.0004733086691086,-0.0003923301587301,0.0005000233699633,-6.990322344322315e-05,-0.0004316116727716,-0.0005487428571428,-0.0007329666666666,-0.0006563538217338,-0.0004742615384615,-0.0004948328449328,-0.0004857501831501
-0.0005312285958485,-0.0004581389499389,-0.000380165079365,0.0004939627594627,-7.598224664224636e-05,-0.0004194535286935,-0.0005213054945054,-0.0006903888888888,-0.0006170335042735,-0.0004621775335775,-0.0004918155067155,-0.0004917848595848
-0.0005281929670329,-0.0004581389499389,-0.000380165079365,0.0004909324542124,-7.294273504273476e-05,-0.0004194535286935,-0.0005091111111111,-0.0006751825396825,-0.0006079595848595,-0.0004651985347985,-0.0005008675213675,-0.0005038542124542
-0.0005251573382173,-0.0004672407814407,-0.0003953714285714,0.0004939627594627,-6.382420024419996e-05,-0.0004316116727716,-0.0005060625152625,-0.0006660587301587,-0.0006019103052503,-0.0004712405372405,-0.0005129368742368,-0.0005189409035409
-0.0005281929670329,-0.0004763426129426,-0.0004044952380952,0.0005000233699633,-6.078468864468836e-05,-0.0004407302808302,-0.0004999653235653,-0.0006478111111111,-0.0005928363858363,-0.0004682195360195,-0.0005189715506715,-0.0005249755799755
-0.0005281929670329,-0.0004854444444444,-0.0004105777777777,0.0005060839804639,-5.774517704517676e-05,-0.0004468093528693,-0.0004908195360195,-0.0006326047619047,-0.0005807378266178,-0.0004651985347985,-0.0005189715506715,-0.0005310102564102
-0.0005312285958485,-0.0004884783882783,-0.0004075365079365,0.0005091142857142,-6.078468864468836e-05,-0.0004468093528693,-0.0004816737484737,-0.0006234809523809,-0.0005746885470085,-0.0004621775335775,-0.0005159542124542,-0.0005340275946275
-0.0005372998534798,-0.0004793765567765,-0.0003953714285714,0.0005060839804639,-6.990322344322315e-05,-0.0004376907448107,-0.0004725279609279,-0.0006143571428571,-0.0005686392673992,-0.0004561355311355,-0.0005099195360195,-0.0005310102564102
-0.0005433711111111,-0.0004733086691086,-0.0003832063492063,0.0005060839804639,-7.902175824175796e-05,-0.0004285721367521,-0.0004694793650793,-0.0006082746031746,-0.0005625899877899,-0.0004561355311355,-0.0005099195360195,-0.0005340275946275
-0.0005251573382173,-0.0004702747252747,-0.0003984126984126,0.000496993064713,-6.382420024419996e-05,-0.0004346512087912,-0.0004725279609279,-0.0006082746031746,-0.0005656146275946,-0.0004591565323565,-0.0005159542124542,-0.0005400622710622
-0.0005099791941391,-0.0004672407814407,-0.0004075365079365,0.0004879021489621,-5.166615384615356e-05,-0.0004376907448107,-0.0004755765567765,-0.000602192063492,-0.0005625899877899,-0.0004591565323565,-0.0005189715506715,-0.0005460969474969
-0.0005221217094017,-0.0004702747252747,-0.0004044952380952,0.0004939627594627,-5.774517704517676e-05,-0.0004376907448107,-0.0004694793650793,-0.0005961095238095,-0.0005565407081807,-0.0004561355311355,-0.0005159542124542,-0.0005430796092796
-0.0005403354822954,-0.0004672407814407,-0.0003832063492063,0.0005030536752136,-7.902175824175796e-05,-0.0004255326007326,-0.0004694793650793,-0.0005930682539682,-0.0005504914285714,-0.0004531145299145,-0.0005129368742368,-0.0005370449328449
-0.0005342642246642,-0.0004611728937728,-0.0003771238095238,0.000496993064713,-7.902175824175796e-05,-0.0004194535286935,-0.0004725279609279,-0.0005900269841269,-0.0005504914285714,-0.0004531145299145,-0.0005069021978021,-0.0005340275946275
-0.0005281929670329,-0.0004642068376068,-0.0003892888888888,0.0004939627594627,-6.990322344322315e-05,-0.0004255326007326,-0.0004755765567765,-0.0005839444444444,-0.0005474667887667,-0.0004500935286935,-0.0005099195360195,-0.0005370449328449
-0.0005221217094017,-0.0004672407814407,-0.0003984126984126,0.0004939627594627,-6.078468864468836e-05,-0.0004316116727716,-0.0004786251526251,-0.0005809031746031,-0.0005474667887667,-0.0004531145299145,-0.0005159542124542,-0.0005430796092796
-0.0005221217094017,-0.0004702747252747,-0.0004044952380952,0.0004939627594627,-5.774517704517676e-05,-0.0004376907448107,-0.0004755765567765,-0.0005748206349206,-0.0005414175091575,-0.0004500935286935,-0.0005129368742368,-0.0005430796092796
-0.0005403354822954,-0.0004702747252747,-0.0003832063492063,0.0005030536752136,-7.902175824175796e-05,-0.0004255326007326,-0.0004664307692307,-0.0005656968253968,-0.0005293189499389,-0.0004410305250305,-0.0005008675213675,-0.0005310102564102
-0.0005433711111111,-0.0004733086691086,-0.000380165079365,0.0005060839804639,-8.206126984126955e-05,-0.0004255326007326,-0.0004603335775335,-0.000556573015873,-0.0005232696703296,-0.0004349885225885,-0.0004978501831501,-0.0005249755799755
-0.0005251573382173,-0.0004733086691086,-0.0003984126984126,0.000496993064713,-6.382420024419996e-05,-0.0004346512087912,-0.0004694793650793,-0.0005596142857142,-0.0005262943101343,-0.0004440515262515,-0.0005069021978021,-0.0005279929181929
-0.0005160504517704,-0.0004672407814407,-0.0004014539682539,0.0004909324542124,-5.774517704517676e-05,-0.0004346512087912,-0.0004755765567765,-0.000556573015873,-0.0005293189499389,-0.0004440515262515,-0.0005099195360195,-0.0005340275946275
-0.000519086080586,-0.0004581389499389,-0.0003953714285714,0.0004879021489621,-6.078468864468836e-05,-0.0004255326007326,-0.0004755765567765,-0.0005504904761904,-0.0005262943101343,-0.0004440515262515,-0.0005099195360195,-0.0005400622710622
-0.0005251573382173,-0.000455105006105,-0.0003862476190476,0.0004879021489621,-6.990322344322315e-05,-0.0004194535286935,-0.0004725279609279,-0.0005383253968253,-0.0005232696703296,-0.0004440515262515,-0.0005159542124542,-0.0005400622710622
-0.0005221217094017,-0.0004490371184371,-0.0003771238095238,0.0004848718437118,-7.294273504273476e-05,-0.0004133744566544,-0.0004725279609279,-0.0005292015873015,-0.0005141957509157,-0.0004410305250305,-0.0005129368742368,-0.0005370449328449
-0.0005130148229548,-0.000455105006105,-0.0003923301587301,0.0004818415384615,-6.078468864468836e-05,-0.000422493064713,-0.0004725279609279,-0.0005261603174603,-0.0005081464713064,-0.0004380095238095,-0.0005099195360195,-0.0005370449328449
-0.0005039079365079,-0.0004702747252747,-0.0004166603174603,0.0004848718437118,-4.254761904761877e-05,-0.0004437698168498,-0.0004694793650793,-0.0005170365079365,-0.0005081464713064,-0.0004319675213675,-0.0005069021978021,-0.0005370449328449
-0.0005130148229548,-0.0004733086691086,-0.0004105777777777,0.0004909324542124,-5.166615384615356e-05,-0.0004407302808302,-0.0004603335775335,-0.0005048714285714,-0.0004990725518925,-0.0004289465201465,-0.0005038848595848,-0.0005340275946275
-0.000519086080586,-0.0004672407814407,-0.0004014539682539,0.0004909324542124,-5.774517704517676e-05,-0.0004346512087912,-0.0004572849816849,-0.0004927063492063,-0.0004960479120879,-0.0004259255189255,-0.0005008675213675,-0.0005310102564102
-0.0005039079365079,-0.0004581389499389,-0.0004075365079365,0.0004788112332112,-4.862664224664196e-05,-0.0004316116727716,-0.0004664307692307,-0.000489665079365,-0.0004960479120879,-0.0004289465201465,-0.0005038848595848,-0.0005310102564102
-0.0004917654212454,-0.000452071062271,-0.0004105777777777,0.0004697203174603,-3.950810744810717e-05,-0.0004316116727716,-0.0004694793650793,-0.0004835825396825,-0.0004990725518925,-0.0004349885225885,-0.0005099195360195,-0.0005400622710622
-0.000494801050061,-0.0004490371184371,-0.0004014539682539,0.0004697203174603,-4.558713064713037e-05,-0.0004255326007326,-0.0004633821733821,-0.0004744587301587,-0.0004930232722832,-0.0004289465201465,-0.0005099195360195,-0.0005430796092796
-0.0005039079365079,-0.0004429692307692,-0.0003862476190476,0.0004727506227106,-5.774517704517676e-05,-0.0004133744566544,-0.0004542363858363,-0.0004592523809523,-0.0004809247130647,-0.0004198835164835,-0.0005008675213675,-0.0005340275946275
-0.0005008723076923,-0.0004399352869352,-0.0003923301587301,0.0004697203174603,-5.470566544566516e-05,-0.0004164139926739,-0.0004481391941391,-0.0004470873015873,-0.0004718507936507,-0.0004198835164835,-0.0004978501831501,-0.0005310102564102
-0.000494801050061,-0.0004399352869352,-0.0003984126984126,0.00046669001221,-4.862664224664196e-05,-0.0004194535286935,-0.0004450905982905,-0.0004318809523809,-0.0004658015140415,-0.0004168625152625,-0.0005008675213675,-0.0005279929181929
-0.000494801050061,-0.0004369013431013,-0.0003953714285714,0.0004636597069597,-4.862664224664196e-05,-0.0004164139926739,-0.0004481391941391,-0.0004136333333333,-0.0004567275946275,-0.0004108205128205,-0.0004948328449328,-0.0005249755799755
-0.0005008723076923,-0.0004369013431013,-0.0003862476190476,0.00046669001221,-5.774517704517676e-05,-0.0004103349206349,-0.0004450905982905,-0.0003984269841269,-0.000444629035409,-0.0004047785103785,-0.0004857808302808,-0.0005219582417582
-0.0005039079365079,-0.0004338673992673,-0.0003832063492063,0.00046669001221,-6.078468864468836e-05,-0.0004072953846153,-0.0004389934065934,-0.0003801793650793,-0.0004385797557997,-0.0003987365079365,-0.0004827634920634,-0.0005159235653235
-0.0004887297924297,-0.0004156637362637,-0.000380165079365,0.0004515384859584,-5.470566544566516e-05,-0.0003981767765567,-0.0004389934065934,-0.0003680142857142,-0.0004325304761904,-0.0003957155067155,-0.0004827634920634,-0.0005159235653235
-0.000470516019536,-0.0004095958485958,-0.0003892888888888,0.0004394172649572,-3.950810744810717e-05,-0.0003981767765567,-0.0004450905982905,-0.0003467253968253,-0.0004264811965811,-0.0003957155067155,-0.0004797461538461,-0.0005159235653235
-0.0004674803907203,-0.0004095958485958,-0.0003953714285714,0.0004363869597069,-3.6468595848595565e-05,-0.0004012163125763,-0.000442042002442,-0.0003254365079365,-0.0004143826373626,-0.0003836315018315,-0.0004767288156288,-0.0005159235653235
-0.0004674803907203,-0.0004065619047619,-0.0003953714285714,0.0004363869597069,-3.6468595848595565e-05,-0.0004012163125763,-0.0004359448107448,-0.0003011063492063,-0.0003992594383394,-0.0003745684981684,-0.0004676768009768,-0.0005068715506715
-0.0004735516483516,-0.000400494017094,-0.0003832063492063,0.0004363869597069,-4.558713064713037e-05,-0.0003920977045177,-0.0004328962148962,-0.0002767761904761,-0.0003901855189255,-0.0003685264957264,-0.0004616421245421,-0.0004978195360195
-0.000470516019536,-0.0003853242979242,-0.0003710412698412,0.000427296043956,-4.862664224664196e-05,-0.00037690002442,-0.0004298476190476,-0.0002585285714285,-0.0003841362393162,-0.0003655054945054,-0.0004616421245421,-0.0004978195360195
-0.0004492666178266,-0.0003610527472527,-0.0003679999999999,0.0004030536019536,-3.950810744810717e-05,-0.0003647418803418,-0.0004328962148962,-0.0002402809523809,-0.0003780869597069,-0.0003685264957264,-0.0004586247863247,-0.0004948021978021
-0.0004431953601953,-0.000345883028083,-0.0003527936507936,0.0003939626862026,-4.558713064713037e-05,-0.0003495442002442,-0.0004328962148962,-0.0002129095238095,-0.0003629637606837,-0.0003594634920634,-0.0004495727716727,-0.0004857501831501
-0.0004553378754578,-0.000342849084249,-0.000334546031746,0.0003969929914529,-6.078468864468836e-05,-0.000337386056166,-0.0004176532356532,-0.0001824968253968,-0.0003448159218559,-0.0003443584859584,-0.000434486080586,-0.0004706634920634
-0.0004523022466422,-0.0003398151404151,-0.0003406285714285,0.0003939626862026,-5.470566544566516e-05,-0.0003404255921855,-0.000411556043956,-0.0001581666666666,-0.000335742002442,-0.0003352954822954,-0.0004314687423687,-0.0004646288156288
-0.0004340884737484,-0.0003307133089133,-0.0003467111111111,0.0003818414652014,-4.254761904761877e-05,-0.000337386056166,-0.0004146046398046,-0.000139919047619,-0.0003327173626373,-0.0003322744810744,-0.0004224167277167,-0.0004585941391941
-0.0004219459584859,-0.0003064417582417,-0.0003375873015873,0.0003636596336996,-4.254761904761877e-05,-0.0003221883760683,-0.0004237504273504,-0.0001247126984126,-0.000326668083028,-0.0003232114774114,-0.0004133647130647,-0.0004495421245421
-0.0004098034432234,-0.0002791362637362,-0.0003254222222222,0.0003424474969474,-4.254761904761877e-05,-0.0003009116239316,-0.0004298476190476,-0.0001125476190476,-0.0003206188034188,-0.0003141484737484,-0.0004012953601953,-0.0004404901098901
-0.0004006965567765,-0.0002670004884004,-0.0003193396825396,0.0003333565811965,-3.950810744810717e-05,-0.000291793015873,-0.000426799023199,-0.0001003825396825,-0.0003115448840048,-0.0003081064713064,-0.0003952606837606,-0.000431438095238
-0.0003976609279609,-0.0002548647130647,-0.0003102158730158,0.0003242656654456,-4.254761904761877e-05,-0.0002826744078144,-0.0004237504273504,-8.821746031746001e-05,-0.0003024709645909,-0.0003020644688644,-0.0003862086691086,-0.0004163514041514
-0.0004037321855921,-0.0002396949938949,-0.0002919682539682,0.0003212353601953,-5.470566544566516e-05,-0.0002644371916971,-0.0004146046398046,-8.213492063492033e-05,-0.0002964216849816,-0.0002930014652014,-0.0003741393162393,-0.0004012647130647
-0.0004067678144078,-0.0002214913308913,-0.0002706793650793,0.0003121444444444,-6.686371184371155e-05,-0.0002461999755799,-0.0004146046398046,-7.909365079365048e-05,-0.0002903724053724,-0.0002839384615384,-0.0003590526251526,-0.0003801433455433
-0.0004006965567765,-0.0002002537240537,-0.000255473015873,0.0003000232234432,-7.294273504273476e-05,-0.0002279627594627,-0.0004237504273504,-8.517619047619017e-05,-0.0002873477655677,-0.0002748754578754,-0.0003439659340659,-0.0003650566544566
-0.0003915896703296,-0.0001881179487179,-0.0002524317460317,0.000287902002442,-6.990322344322315e-05,-0.0002188441514041,-0.0004328962148962,-0.0001003825396825,-0.0002903724053724,-0.0002748754578754,-0.0003379312576312,-0.0003560046398046
-0.0003915896703296,-0.0001729482295482,-0.0002433079365079,0.0002818413919413,-7.294273504273476e-05,-0.000206686007326,-0.0004359448107448,-0.0001155888888888,-0.000293397045177,-0.0002718544566544,-0.0003318965811965,-0.0003469526251526
-0.0003946252991452,-0.0001699142857142,-0.0002341841269841,0.0002818413919413,-7.902175824175796e-05,-0.0002006069352869,-0.000442042002442,-0.000139919047619,-0.0002964216849816,-0.0002658124542124,-0.0003228445665445,-0.0003379006105006
-0.0003976609279609,-0.0001638463980463,-0.0002189777777777,0.000278811086691,-8.814029304029276e-05,-0.0001914883272283,-0.0004511877899877,-0.000173373015873,-0.0003024709645909,-0.0002627914529914,-0.0003137925518925,-0.0003228139194139
-0.000388554041514,-0.0001547445665445,-0.0002189777777777,0.0002697201709401,-8.510078144078116e-05,-0.0001854092551892,-0.0004664307692307,-0.0002129095238095,-0.0003175941636141,-0.0002718544566544,-0.0003107752136752,-0.0003197965811965
-0.0003855184126984,-0.0001577785103785,-0.0002281015873015,0.0002697201709401,-7.902175824175796e-05,-0.0001914883272283,-0.0004816737484737,-0.0002646111111111,-0.0003387666422466,-0.0002839384615384,-0.0003198272283272,-0.0003258312576312
-0.0003915896703296,-0.0001668803418803,-0.0002311428571428,0.000278811086691,-7.902175824175796e-05,-0.0001975673992673,-0.0004908195360195,-0.0003132714285714,-0.0003599391208791,-0.0002990434676434,-0.0003288792429792,-0.0003348832722832
-0.0004158747008547,-0.0001729482295482,-0.0002128952380952,0.0002939626129426,-0.0001002983394383,-0.0001914883272283,-0.0004938681318681,-0.0003619317460317,-0.0003720376800976,-0.0003050854700854,-0.0003288792429792,-0.0003318659340659
-0.0004401597313797,-0.00018205006105,-0.0001976888888888,0.0003091141391941,-0.0001215749206349,-0.0001884487912087,-0.0004938681318681,-0.0004014682539682,-0.0003780869597069,-0.0003020644688644,-0.0003258619047619,-0.0003288485958485
-0.0004492666178266,-0.0002154234432234,-0.0002189777777777,0.0003303262759462,-0.0001154958974358,-0.0002158046153846,-0.0004999653235653,-0.000444046031746,-0.0003992594383394,-0.0003141484737484,-0.0003409485958485,-0.0003409179487179
-0.0004462309890109,-0.0002487968253968,-0.000255473015873,0.0003454778021978,-9.421931623931596e-05,-0.000252279047619,-0.0005121597069597,-0.000489665079365,-0.0004234565567765,-0.0003352954822954,-0.0003620699633699,-0.0003680739926739
-0.0004553378754578,-0.0002852041514041,-0.0002828444444444,0.0003697202442002,-8.510078144078116e-05,-0.0002826744078144,-0.0005121597069597,-0.0005261603174603,-0.000444629035409,-0.0003564424908424,-0.0003831913308913,-0.00039523003663
-0.0004887297924297,-0.0003125096459096,-0.0002737206349206,0.0004000232967032,-0.0001063773626373,-0.000291793015873,-0.0005030139194139,-0.000556573015873,-0.0004597522344322,-0.0003655054945054,-0.000398278021978,-0.000413334065934
-0.0005099791941391,-0.0003337472527472,-0.0002737206349206,0.0004212354334554,-0.0001185354090354,-0.0003039511599511,-0.0004999653235653,-0.0005900269841269,-0.00047790007326,-0.0003836315018315,-0.0004133647130647,-0.000431438095238
-0.0004917654212454,-0.0003610527472527,-0.0003254222222222,0.0004242657387057,-8.206126984126955e-05,-0.0003434651282051,-0.0005091111111111,-0.0006265222222222,-0.0005020971916971,-0.0004077995115995,-0.000443538095238,-0.0004616114774114
-0.0004856941636141,-0.00039746007326,-0.0003679999999999,0.0004394172649572,-5.774517704517676e-05,-0.000382979096459,-0.0005152083028083,-0.0006508523809523,-0.0005232696703296,-0.0004319675213675,-0.0004706941391941,-0.0004887675213675
-0.0004978366788766,-0.0004217316239316,-0.0003771238095238,0.000457599096459,-6.078468864468836e-05,-0.0003981767765567,-0.0005152083028083,-0.0006660587301587,-0.0005414175091575,-0.0004440515262515,-0.0004797461538461,-0.0005008368742368
-0.0005130148229548,-0.0004369013431013,-0.000380165079365,0.0004727506227106,-6.686371184371155e-05,-0.0004072953846153,-0.0005091111111111,-0.0006782238095238,-0.0005474667887667,-0.0004470725274725,-0.0004857808302808,-0.0005038542124542
-0.0005160504517704,-0.000452071062271,-0.0003923301587301,0.0004818415384615,-6.078468864468836e-05,-0.000422493064713,-0.0005091111111111,-0.0006843063492063,-0.000553516068376,-0.0004531145299145,-0.0004918155067155,-0.0005098888888888
-0.0005160504517704,-0.0004611728937728,-0.0003984126984126,0.0004879021489621,-5.774517704517676e-05,-0.0004285721367521,-0.0005182568986568,-0.0006934301587301,-0.0005656146275946,-0.0004621775335775,-0.0005008675213675,-0.0005219582417582
-0.000519086080586,-0.0004733086691086,-0.0004105777777777,0.0004939627594627,-5.470566544566516e-05,-0.0004407302808302,-0.0005213054945054,-0.0007055952380952,-0.0005777131868131,-0.0004772825396825,-0.0005099195360195,-0.0005310102564102
-0.0005281929670329,-0.0004884783882783,-0.0004166603174603,0.0005060839804639,-5.470566544566516e-05,-0.0004528884249084,-0.0005182568986568,-0.0007177603174603,-0.0005837624664224,-0.0004833245421245,-0.0005189715506715,-0.0005400622710622
-0.0005221217094017,-0.0004945462759462,-0.0004227428571428,0.0005060839804639,-4.862664224664196e-05,-0.0004589674969474,-0.0005182568986568,-0.0007177603174603,-0.0005837624664224,-0.0004833245421245,-0.0005219888888888,-0.0005430796092796
-0.0005281929670329,-0.0004945462759462,-0.0004227428571428,0.0005091142857142,-5.166615384615356e-05,-0.0004589674969474,-0.0005121597069597,-0.0007208015873015,-0.0005837624664224,-0.0004833245421245,-0.0005219888888888,-0.0005430796092796
-0.0005281929670329,-0.0005006141636141,-0.0004257841269841,0.0005121445909645,-5.166615384615356e-05,-0.000462007032967,-0.0005121597069597,-0.0007238428571428,-0.0005867871062271,-0.0004863455433455,-0.0005280235653235,-0.0005460969474969
-0.0005372998534798,-0.000506682051282,-0.0004227428571428,0.0005212355067155,-5.774517704517676e-05,-0.0004650465689865,-0.0005091111111111,-0.0007238428571428,-0.0005898117460317,-0.0004893665445665,-0.0005280235653235,-0.0005521316239316
-0.0005494423687423,-0.0005127499389499,-0.0004166603174603,0.0005303264224664,-6.686371184371155e-05,-0.0004650465689865,-0.0005030139194139,-0.0007299253968253,-0.000595861025641,-0.0004954085470085,-0.0005340582417582,-0.0005551489621489
-0.0005433711111111,-0.0005188178266178,-0.0004288253968253,0.0005303264224664,-5.774517704517676e-05,-0.0004741651770451,-0.0005060625152625,-0.0007360079365079,-0.0006049349450549,-0.0005044715506715,-0.0005400929181929,-0.0005611836385836
-0.0005342642246642,-0.0005188178266178,-0.0004349079365079,0.0005242658119658,-4.862664224664196e-05,-0.0004772047130647,-0.0005121597069597,-0.0007360079365079,-0.0006079595848595,-0.0005074925518925,-0.0005461275946275,-0.0005672183150183
-0.0005433711111111,-0.0005188178266178,-0.0004257841269841,0.0005303264224664,-5.774517704517676e-05,-0.0004711256410256,-0.0005091111111111,-0.0007299253968253,-0.0006019103052503,-0.0005044715506715,-0.0005431102564102,-0.0005642009768009
-0.0005555136263736,-0.0005248857142857,-0.0004227428571428,0.0005394173382173,-6.686371184371155e-05,-0.0004741651770451,-0.0005030139194139,-0.0007238428571428,-0.000595861025641,-0.0005044715506715,-0.0005400929181929,-0.0005642009768009
-0.0005433711111111,-0.0005279196581196,-0.0004379492063492,0.0005333567277167,-5.166615384615356e-05,-0.0004832837851037,-0.0005030139194139,-0.0007208015873015,-0.0005988856654456,-0.0005044715506715,-0.0005461275946275,-0.0005672183150183
-0.0005403354822954,-0.0005309536019536,-0.0004440317460317,0.0005333567277167,-4.862664224664196e-05,-0.0004863233211233,-0.0005030139194139,-0.0007268841269841,-0.0006019103052503,-0.0005074925518925,-0.0005521622710622,-0.0005732529914529
-0.0005524779975579,-0.0005309536019536,-0.0004318666666666,0.0005394173382173,-6.078468864468836e-05,-0.0004802442490842,-0.0004969167277167,-0.0007177603174603,-0.000595861025641,-0.0005014505494505,-0.0005461275946275,-0.0005642009768009
-0.0005646205128205,-0.0005339875457875,-0.0004257841269841,0.0005485082539682,-6.990322344322315e-05,-0.0004802442490842,-0.0004908195360195,-0.0007086365079365,-0.0005867871062271,-0.0004954085470085,-0.0005400929181929,-0.0005551489621489
-0.0005494423687423,-0.0005370214896214,-0.0004409904761904,0.0005424476434676,-5.470566544566516e-05,-0.0004893628571428,-0.0004938681318681,-0.0007116777777777,-0.0005928363858363,-0.0005014505494505,-0.0005461275946275,-0.0005642009768009
-0.0005464067399267,-0.0005370214896214,-0.000447073015873,0.0005394173382173,-4.862664224664196e-05,-0.0004924023931623,-0.0004908195360195,-0.0007116777777777,-0.000595861025641,-0.0005074925518925,-0.0005521622710622,-0.0005672183150183
-0.0005433711111111,-0.0005339875457875,-0.0004409904761904,0.000536387032967,-5.166615384615356e-05,-0.0004863233211233,-0.0004908195360195,-0.0007086365079365,-0.000595861025641,-0.0005044715506715,-0.0005521622710622,-0.0005702356532356
-0.0005342642246642,-0.0005248857142857,-0.0004440317460317,0.0005272961172161,-4.558713064713037e-05,-0.0004832837851037,-0.0004969167277167,-0.0007055952380952,-0.000595861025641,-0.0005074925518925,-0.0005521622710622,-0.0005732529914529
-0.0005433711111111,-0.0005248857142857,-0.0004349079365079,0.0005333567277167,-5.470566544566516e-05,-0.0004802442490842,-0.0004969167277167,-0.0007025539682539,-0.0005928363858363,-0.0005044715506715,-0.0005521622710622,-0.0005702356532356
-0.0005494423687423,-0.0005188178266178,-0.0004257841269841,0.0005333567277167,-6.078468864468836e-05,-0.0004711256410256,-0.0004969167277167,-0.0007025539682539,-0.000595861025641,-0.0005074925518925,-0.0005521622710622,-0.0005732529914529
-0.0005555136263736,-0.0005188178266178,-0.000413619047619,0.000536387032967,-6.990322344322315e-05,-0.0004650465689865,-0.0004938681318681,-0.0007025539682539,-0.0005928363858363,-0.0005074925518925,-0.0005521622710622,-0.0005732529914529
-0.0005555136263736,-0.0005157838827838,-0.0004105777777777,0.0005333567277167,-7.294273504273476e-05,-0.000462007032967,-0.0004938681318681,-0.0006964714285714,-0.0005837624664224,-0.0005014505494505,-0.0005491449328449,-0.0005702356532356
-0.0005464067399267,-0.0005188178266178,-0.0004227428571428,0.0005303264224664,-6.078468864468836e-05,-0.0004711256410256,-0.0004969167277167,-0.0006873476190476,-0.0005807378266178,-0.0004954085470085,-0.0005461275946275,-0.0005672183150183
-0.0005372998534798,-0.0005188178266178,-0.0004318666666666,0.0005272961172161,-5.166615384615356e-05,-0.0004741651770451,-0.0005030139194139,-0.0006843063492063,-0.0005807378266178,-0.0004954085470085,-0.0005431102564102,-0.0005642009768009
-0.0005342642246642,-0.0005188178266178,-0.0004349079365079,0.0005242658119658,-4.862664224664196e-05,-0.0004772047130647,-0.0005030139194139,-0.0006843063492063,-0.0005807378266178,-0.0004984295482295,-0.0005461275946275,-0.0005672183150183
-0.0005433711111111,-0.0005188178266178,-0.0004288253968253,0.0005303264224664,-5.774517704517676e-05,-0.0004741651770451,-0.0004999653235653,-0.0006843063492063,-0.0005807378266178,-0.0004954085470085,-0.0005431102564102,-0.0005672183150183
-0.0005524779975579,-0.0005127499389499,-0.0004166603174603,0.0005303264224664,-6.686371184371155e-05,-0.0004650465689865,-0.0004999653235653,-0.0006782238095238,-0.0005746885470085,-0.0004863455433455,-0.0005370755799755,-0.0005581663003663
-0.0005372998534798,-0.0005097159951159,-0.0004227428571428,0.0005212355067155,-5.774517704517676e-05,-0.0004650465689865,-0.0005030139194139,-0.0006751825396825,-0.0005716639072039,-0.0004803035409035,-0.0005310409035409,-0.0005521316239316
-0.0005221217094017,-0.0005036481074481,-0.0004349079365079,0.0005121445909645,-4.254761904761877e-05,-0.0004680861050061,-0.0005091111111111,-0.000681265079365,-0.0005777131868131,-0.0004863455433455,-0.0005310409035409,-0.0005581663003663
-0.0005281929670329,-0.0005006141636141,-0.0004257841269841,0.0005121445909645,-5.166615384615356e-05,-0.000462007032967,-0.0005121597069597,-0.000681265079365,-0.0005807378266178,-0.0004833245421245,-0.0005280235653235,-0.0005551489621489
-0.0005312285958485,-0.0004975802197802,-0.0004227428571428,0.0005121445909645,-5.470566544566516e-05,-0.0004589674969474,-0.0005152083028083,-0.000681265079365,-0.0005837624664224,-0.0004833245421245,-0.0005280235653235,-0.0005551489621489
-0.0005312285958485,-0.0004945462759462,-0.0004166603174603,0.0005121445909645,-5.774517704517676e-05,-0.0004559279609279,-0.0005091111111111,-0.000681265079365,-0.0005777131868131,-0.0004772825396825,-0.0005219888888888,-0.0005491142857142
-0.0005342642246642,-0.0004975802197802,-0.0004166603174603,0.0005151748962148,-5.774517704517676e-05,-0.0004559279609279,-0.0005091111111111,-0.0006721412698412,-0.0005716639072039,-0.0004712405372405,-0.0005159542124542,-0.0005430796092796
-0.0005281929670329,-0.0005006141636141,-0.0004257841269841,0.0005121445909645,-5.166615384615356e-05,-0.000462007032967,-0.0005182568986568,-0.0006751825396825,-0.0005777131868131,-0.0004712405372405,-0.0005189715506715,-0.0005460969474969
-0.0005281929670329,-0.0005006141636141,-0.0004288253968253,0.0005121445909645,-4.862664224664196e-05,-0.0004650465689865,-0.0005213054945054,-0.000681265079365,-0.0005777131868131,-0.0004742615384615,-0.0005219888888888,-0.0005460969474969
-0.0005312285958485,-0.0004975802197802,-0.0004227428571428,0.0005121445909645,-5.470566544566516e-05,-0.0004589674969474,-0.0005213054945054,-0.000681265079365,-0.0005716639072039,-0.0004682195360195,-0.0005189715506715,-0.0005430796092796
-0.0005403354822954,-0.0004854444444444,-0.0003984126984126,0.0005121445909645,-6.990322344322315e-05,-0.0004407302808302,-0.0005152083028083,-0.0006721412698412,-0.0005625899877899,-0.0004561355311355,-0.0005038848595848,-0.0005310102564102
-0.0005464067399267,-0.0004824105006105,-0.0003923301587301,0.0005121445909645,-7.598224664224636e-05,-0.0004376907448107,-0.0005182568986568,-0.0006751825396825,-0.0005656146275946,-0.0004561355311355,-0.0005008675213675,-0.0005310102564102
-0.0005281929670329,-0.0004854444444444,-0.0004105777777777,0.0005060839804639,-5.774517704517676e-05,-0.0004468093528693,-0.0005304512820512,-0.0006843063492063,-0.0005746885470085,-0.0004682195360195,-0.0005099195360195,-0.0005400622710622
-0.0005251573382173,-0.0004854444444444,-0.000413619047619,0.0005030536752136,-5.470566544566516e-05,-0.0004498488888888,-0.0005304512820512,-0.0006903888888888,-0.0005837624664224,-0.0004742615384615,-0.0005189715506715,-0.0005460969474969
-0.0005342642246642,-0.0004854444444444,-0.0004044952380952,0.0005091142857142,-6.382420024419996e-05,-0.0004437698168498,-0.000524354090354,-0.0006873476190476,-0.0005807378266178,-0.0004742615384615,-0.0005189715506715,-0.0005430796092796
-0.0005281929670329,-0.0004884783882783,-0.000413619047619,0.0005060839804639,-5.774517704517676e-05,-0.0004498488888888,-0.000524354090354,-0.0006903888888888,-0.0005837624664224,-0.0004772825396825,-0.0005189715506715,-0.0005430796092796
-0.0005160504517704,-0.0004945462759462,-0.0004288253968253,0.0005030536752136,-4.254761904761877e-05,-0.000462007032967,-0.0005274026862026,-0.0006934301587301,-0.0005837624664224,-0.0004742615384615,-0.0005189715506715,-0.0005400622710622
-0.0005160504517704,-0.0004945462759462,-0.0004318666666666,0.0005030536752136,-4.254761904761877e-05,-0.000462007032967,-0.0005274026862026,-0.0006964714285714,-0.0005867871062271,-0.0004712405372405,-0.0005159542124542,-0.0005400622710622
-0.0005281929670329,-0.0005006141636141,-0.0004227428571428,0.0005121445909645,-5.166615384615356e-05,-0.000462007032967,-0.0005304512820512,-0.0006964714285714,-0.0005867871062271,-0.0004742615384615,-0.0005159542124542,-0.0005400622710622
-0.0005281929670329,-0.000506682051282,-0.0004227428571428,0.0005151748962148,-5.166615384615356e-05,-0.0004650465689865,-0.0005274026862026,-0.0006964714285714,-0.0005898117460317,-0.0004772825396825,-0.0005159542124542,-0.0005400622710622
-0.0005281929670329,-0.0004975802197802,-0.0004197015873015,0.0005121445909645,-5.470566544566516e-05,-0.0004589674969474,-0.0005274026862026,-0.0006934301587301,-0.0005867871062271,-0.0004742615384615,-0.0005129368742368,-0.0005370449328449
-0.0005281929670329,-0.0004915123321123,-0.0004166603174603,0.0005091142857142,-5.470566544566516e-05,-0.0004528884249084,-0.0005304512820512,-0.0006964714285714,-0.0005867871062271,-0.0004742615384615,-0.0005129368742368,-0.0005370449328449
-0.0005281929670329,-0.0004945462759462,-0.0004166603174603,0.0005091142857142,-5.470566544566516e-05,-0.0004559279609279,-0.0005304512820512,-0.0007055952380952,-0.0005928363858363,-0.0004803035409035,-0.0005159542124542,-0.0005400622710622
-0.0005281929670329,-0.0004975802197802,-0.0004227428571428,0.0005121445909645,-5.166615384615356e-05,-0.0004589674969474,-0.0005304512820512,-0.0007116777777777,-0.0005928363858363,-0.0004833245421245,-0.0005219888888888,-0.0005430796092796
-0.0005312285958485,-0.0004975802197802,-0.0004197015873015,0.0005121445909645,-5.470566544566516e-05,-0.0004589674969474,-0.0005274026862026,-0.0007116777777777,-0.000595861025641,-0.0004833245421245,-0.0005219888888888,-0.0005460969474969
-0.0005281929670329,-0.0005006141636141,-0.0004257841269841,0.0005121445909645,-5.166615384615356e-05,-0.000462007032967,-0.0005274026862026,-0.000714719047619,-0.0005928363858363,-0.0004833245421245,-0.0005219888888888,-0.0005460969474969
-0.0005221217094017,-0.0005036481074481,-0.0004379492063492,0.0005121445909645,-4.254761904761877e-05,-0.0004711256410256,-0.0005334998778998,-0.0007116777777777,-0.000595861025641,-0.0004833245421245,-0.0005250062271062,-0.0005491142857142
-0.0005221217094017,-0.000506682051282,-0.0004409904761904,0.0005121445909645,-3.950810744810717e-05,-0.0004741651770451,-0.0005334998778998,-0.0007116777777777,-0.000595861025641,-0.0004833245421245,-0.0005280235653235,-0.0005521316239316
-0.000519086080586,-0.0005127499389499,-0.0004440317460317,0.0005151748962148,-3.6468595848595565e-05,-0.0004772047130647,-0.0005304512820512,-0.000714719047619,-0.0005988856654456,-0.0004893665445665,-0.0005310409035409,-0.0005581663003663
-0.0005281929670329,-0.0005157838827838,-0.0004349079365079,0.0005212355067155,-4.558713064713037e-05,-0.0004741651770451,-0.000524354090354,-0.000714719047619,-0.0005988856654456,-0.0004893665445665,-0.0005280235653235,-0.0005551489621489
-0.0005342642246642,-0.0005036481074481,-0.0004227428571428,0.0005182052014652,-5.470566544566516e-05,-0.000462007032967,-0.0005274026862026,-0.000714719047619,-0.0005988856654456,-0.0004863455433455,-0.0005219888888888,-0.0005491142857142
-0.0005281929670329,-0.0004945462759462,-0.0004227428571428,0.0005091142857142,-5.166615384615356e-05,-0.0004589674969474,-0.0005334998778998,-0.000714719047619,-0.0006019103052503,-0.0004833245421245,-0.0005189715506715,-0.0005460969474969
-0.0005312285958485,-0.0005036481074481,-0.0004227428571428,0.0005151748962148,-5.470566544566516e-05,-0.000462007032967,-0.0005334998778998,-0.0007177603174603,-0.0006049349450549,-0.0004833245421245,-0.0005189715506715,-0.0005460969474969
-0.0005342642246642,-0.000506682051282,-0.0004227428571428,0.0005182052014652,-5.470566544566516e-05,-0.0004650465689865,-0.0005304512820512,-0.0007208015873015,-0.0006079595848595,-0.0004833245421245,-0.0005219888888888,-0.0005460969474969
-0.0005281929670329,-0.000506682051282,-0.0004349079365079,0.0005151748962148,-4.558713064713037e-05,-0.0004711256410256,-0.0005304512820512,-0.0007268841269841,-0.0006109842246642,-0.0004893665445665,-0.0005250062271062,-0.0005491142857142
-0.0005221217094017,-0.000506682051282,-0.0004349079365079,0.0005121445909645,-4.254761904761877e-05,-0.0004711256410256,-0.0005304512820512,-0.0007299253968253,-0.0006079595848595,-0.0004923875457875,-0.0005250062271062,-0.0005521316239316
-0.000519086080586,-0.000506682051282,-0.0004409904761904,0.0005121445909645,-3.950810744810717e-05,-0.0004741651770451,-0.0005274026862026,-0.0007238428571428,-0.0006049349450549,-0.0004893665445665,-0.0005250062271062,-0.0005491142857142
-0.000519086080586,-0.000506682051282,-0.0004379492063492,0.0005121445909645,-3.950810744810717e-05,-0.0004711256410256,-0.0005274026862026,-0.0007208015873015,-0.0006049349450549,-0.0004863455433455,-0.0005219888888888,-0.0005460969474969
-0.0005403354822954,-0.0005127499389499,-0.0004227428571428,0.0005242658119658,-5.774517704517676e-05,-0.0004680861050061,-0.000524354090354,-0.0007177603174603,-0.0006019103052503,-0.0004833245421245,-0.0005219888888888,-0.0005460969474969
-0.0005372998534798,-0.0005097159951159,-0.0004257841269841,0.0005212355067155,-5.470566544566516e-05,-0.0004680861050061,-0.000524354090354,-0.000714719047619,-0.0006019103052503,-0.0004863455433455,-0.0005219888888888,-0.0005460969474969
-0.0005251573382173,-0.000506682051282,-0.0004349079365079,0.0005151748962148,-4.558713064713037e-05,-0.0004711256410256,-0.0005304512820512,-0.0007177603174603,-0.0006049349450549,-0.0004893665445665,-0.0005219888888888,-0.0005491142857142
-0.0005160504517704,-0.0005036481074481,-0.0004409904761904,0.0005091142857142,-3.6468595848595565e-05,-0.0004711256410256,-0.0005365484737484,-0.0007238428571428,-0.0006079595848595,-0.0004893665445665,-0.0005250062271062,-0.0005521316239316
-0.0005130148229548,-0.000506682051282,-0.000447073015873,0.0005091142857142,-3.342908424908396e-05,-0.0004772047130647,-0.000539597069597,-0.0007268841269841,-0.0006109842246642,-0.0004923875457875,-0.0005310409035409,-0.0005581663003663
-0.000519086080586,-0.0005157838827838,-0.0004501142857142,0.0005151748962148,-3.342908424908396e-05,-0.0004832837851037,-0.000539597069597,-0.0007268841269841,-0.0006109842246642,-0.0004954085470085,-0.0005310409035409,-0.0005581663003663
-0.0005221217094017,-0.0005157838827838,-0.000447073015873,0.0005182052014652,-3.6468595848595565e-05,-0.0004802442490842,-0.0005365484737484,-0.0007238428571428,-0.0006109842246642,-0.0004923875457875,-0.0005280235653235,-0.0005581663003663
-0.0005342642246642,-0.0005157838827838,-0.0004318666666666,0.0005242658119658,-5.166615384615356e-05,-0.0004741651770451,-0.0005334998778998,-0.0007238428571428,-0.0006049349450549,-0.0004893665445665,-0.0005250062271062,-0.0005551489621489
-0.0005372998534798,-0.000506682051282,-0.0004227428571428,0.0005212355067155,-5.774517704517676e-05,-0.0004650465689865,-0.0005334998778998,-0.0007238428571428,-0.0006049349450549,-0.0004893665445665,-0.0005219888888888,-0.0005491142857142
-0.0005221217094017,-0.000506682051282,-0.0004349079365079,0.0005121445909645,-4.254761904761877e-05,-0.0004711256410256,-0.0005426456654456,-0.0007329666666666,-0.0006109842246642,-0.0004954085470085,-0.0005280235653235,-0.0005581663003663
-0.0005039079365079,-0.0005097159951159,-0.0004561968253968,0.0005060839804639,-2.4310549450549165e-05,-0.0004832837851037,-0.0005456942612942,-0.0007390492063492,-0.0006170335042735,-0.0005044715506715,-0.0005400929181929,-0.0005672183150183
-0.0005099791941391,-0.0005157838827838,-0.000459238095238,0.0005121445909645,-2.4310549450549165e-05,-0.0004863233211233,-0.000539597069597,-0.0007360079365079,-0.0006170335042735,-0.0005074925518925,-0.0005461275946275,-0.0005732529914529
-0.0005251573382173,-0.0005188178266178,-0.000447073015873,0.0005212355067155,-3.950810744810717e-05,-0.0004832837851037,-0.0005365484737484,-0.0007329666666666,-0.0006140088644688,-0.0005014505494505,-0.0005400929181929,-0.0005672183150183
-0.0005372998534798,-0.0005157838827838,-0.0004288253968253,0.0005242658119658,-5.470566544566516e-05,-0.0004711256410256,-0.0005334998778998,-0.0007299253968253,-0.0006049349450549,-0.0004923875457875,-0.0005280235653235,-0.0005521316239316
-0.0005281929670329,-0.000506682051282,-0.0004349079365079,0.0005151748962148,-4.558713064713037e-05,-0.0004711256410256,-0.0005365484737484,-0.0007299253968253,-0.0006079595848595,-0.0004893665445665,-0.0005250062271062,-0.0005491142857142
-0.000519086080586,-0.0005036481074481,-0.0004379492063492,0.0005091142857142,-3.950810744810717e-05,-0.0004711256410256,-0.0005426456654456,-0.0007299253968253,-0.0006079595848595,-0.0004923875457875,-0.0005219888888888,-0.0005521316239316
-0.0005160504517704,-0.000506682051282,-0.0004409904761904,0.0005091142857142,-3.6468595848595565e-05,-0.0004741651770451,-0.0005426456654456,-0.0007329666666666,-0.0006079595848595,-0.0004923875457875,-0.0005280235653235,-0.0005551489621489
-0.000519086080586,-0.0005036481074481,-0.0004409904761904,0.0005091142857142,-3.950810744810717e-05,-0.0004711256410256,-0.000539597069597,-0.0007299253968253,-0.0006079595848595,-0.0004954085470085,-0.0005280235653235,-0.0005551489621489
-0.000519086080586,-0.0005006141636141,-0.0004349079365079,0.0005091142857142,-4.254761904761877e-05,-0.0004680861050061,-0.000539597069597,-0.0007268841269841,-0.0006109842246642,-0.0004954085470085,-0.0005280235653235,-0.0005551489621489
-0.000519086080586,-0.0004945462759462,-0.0004288253968253,0.0005060839804639,-4.558713064713037e-05,-0.000462007032967,-0.0005365484737484,-0.0007268841269841,-0.0006140088644688,-0.0004984295482295,-0.0005280235653235,-0.0005551489621489
-0.0005130148229548,-0.0004915123321123,-0.0004288253968253,0.0005000233699633,-4.254761904761877e-05,-0.0004589674969474,-0.0005304512820512,-0.0007238428571428,-0.0006140088644688,-0.0005014505494505,-0.0005310409035409,-0.0005611836385836
-0.0005160504517704,-0.0004884783882783,-0.0004227428571428,0.0005000233699633,-4.558713064713037e-05,-0.0004559279609279,-0.000524354090354,-0.0007177603174603,-0.0006019103052503,-0.0004923875457875,-0.0005250062271062,-0.0005581663003663
-0.0005160504517704,-0.0004854444444444,-0.0004227428571428,0.0005000233699633,-4.558713064713037e-05,-0.0004528884249084,-0.0005182568986568,-0.0007116777777777,-0.0005898117460317,-0.0004772825396825,-0.0005159542124542,-0.0005460969474969
-0.0005008723076923,-0.0004763426129426,-0.0004288253968253,0.0004879021489621,-3.6468595848595565e-05,-0.0004528884249084,-0.0005152083028083,-0.0007055952380952,-0.0005867871062271,-0.0004772825396825,-0.0005099195360195,-0.0005430796092796
-0.0004887297924297,-0.000455105006105,-0.0004197015873015,0.0004697203174603,-3.342908424908396e-05,-0.0004376907448107,-0.0005121597069597,-0.0006964714285714,-0.0005777131868131,-0.0004651985347985,-0.0005038848595848,-0.0005340275946275
-0.0004887297924297,-0.0004277995115995,-0.0003923301587301,0.000457599096459,-4.862664224664196e-05,-0.0004103349206349,-0.0004999653235653,-0.0006843063492063,-0.0005565407081807,-0.0004470725274725,-0.0004887981684981,-0.0005189409035409
-0.0004887297924297,-0.0004126297924297,-0.000380165079365,0.0004485081807081,-5.470566544566516e-05,-0.0003951372405372,-0.0004908195360195,-0.0006751825396825,-0.0005414175091575,-0.0004349885225885,-0.0004797461538461,-0.0005129062271062
-0.0004765872771672,-0.0004126297924297,-0.0003892888888888,0.0004424475702075,-4.254761904761877e-05,-0.0004012163125763,-0.0004938681318681,-0.0006721412698412,-0.0005383928693528,-0.0004349885225885,-0.0004767288156288,-0.0005068715506715
-0.0004735516483516,-0.000400494017094,-0.000380165079365,0.0004363869597069,-4.558713064713037e-05,-0.0003890581684981,-0.0004969167277167,-0.0006630174603174,-0.0005323435897435,-0.0004289465201465,-0.0004706941391941,-0.0005038542124542
-0.0004765872771672,-0.0003913921855921,-0.0003679999999999,0.0004333566544566,-5.470566544566516e-05,-0.0003799395604395,-0.0005060625152625,-0.0006538936507936,-0.0005262943101343,-0.0004229045177045,-0.0004616421245421,-0.0004978195360195
-0.000470516019536,-0.0004065619047619,-0.0003892888888888,0.0004363869597069,-3.950810744810717e-05,-0.0003981767765567,-0.000539597069597,-0.0006721412698412,-0.0005414175091575,-0.0004319675213675,-0.0004737114774114,-0.0005098888888888
-0.0004583735042735,-0.0004369013431013,-0.0004288253968253,0.0004454778754578,-1.5192014652014368e-05,-0.0004316116727716,-0.0005670344322344,-0.0007025539682539,-0.0005686392673992,-0.0004531145299145,-0.0004948328449328,-0.0005279929181929
-0.0004583735042735,-0.0004399352869352,-0.0004288253968253,0.0004485081807081,-1.5192014652014368e-05,-0.0004346512087912,-0.0005670344322344,-0.0007116777777777,-0.0005746885470085,-0.0004561355311355,-0.0004948328449328,-0.0005219582417582
-0.0004735516483516,-0.0004460031746031,-0.0004257841269841,0.000457599096459,-2.4310549450549165e-05,-0.0004346512087912,-0.0005609372405372,-0.000714719047619,-0.0005777131868131,-0.0004591565323565,-0.0004948328449328,-0.0005219582417582
-0.0004917654212454,-0.0004642068376068,-0.0004257841269841,0.0004757809279609,-3.342908424908396e-05,-0.0004437698168498,-0.0005609372405372,-0.0007268841269841,-0.0005928363858363,-0.0004742615384615,-0.0005038848595848,-0.0005279929181929
-0.0004856941636141,-0.0004672407814407,-0.0004349079365079,0.0004757809279609,-2.4310549450549165e-05,-0.0004498488888888,-0.0005639858363858,-0.0007268841269841,-0.0005988856654456,-0.0004772825396825,-0.0005099195360195,-0.0005310102564102
-0.0004765872771672,-0.0004611728937728,-0.0004379492063492,0.00046669001221,-1.823152625152597e-05,-0.0004498488888888,-0.0005670344322344,-0.0007329666666666,-0.0005988856654456,-0.0004772825396825,-0.0005069021978021,-0.0005279929181929
-0.0004826585347985,-0.0004702747252747,-0.0004409904761904,0.0004757809279609,-2.1271037851037568e-05,-0.0004559279609279,-0.0005670344322344,-0.0007360079365079,-0.0006019103052503,-0.0004803035409035,-0.0005099195360195,-0.0005310102564102
-0.0004796229059829,-0.0004945462759462,-0.0004683619047619,0.0004848718437118,-6.07347985347957e-06,-0.0004802442490842,-0.000570083028083,-0.0007390492063492,-0.0006170335042735,-0.0004954085470085,-0.0005250062271062,-0.0005430796092796
-0.0004796229059829,-0.0005097159951159,-0.0004835682539682,0.0004939627594627,5.543345543628675e-09,-0.0004954419291819,-0.0005731316239316,-0.0007451317460317,-0.000629132063492,-0.0005074925518925,-0.0005340582417582,-0.0005551489621489
-0.0004917654212454,-0.0005127499389499,-0.0004714031746031,0.0005000233699633,-9.11299145299117e-06,-0.0004924023931623,-0.000570083028083,-0.000748173015873,-0.000629132063492,-0.0005044715506715,-0.0005310409035409,-0.0005551489621489
-0.0005008723076923,-0.0005157838827838,-0.0004653206349206,0.0005060839804639,-1.823152625152597e-05,-0.0004893628571428,-0.0005609372405372,-0.0007542555555555,-0.000629132063492,-0.0005074925518925,-0.0005340582417582,-0.0005581663003663
-0.0005130148229548,-0.0005157838827838,-0.000459238095238,0.0005121445909645,-2.735006105006077e-05,-0.0004863233211233,-0.0005517914529914,-0.000760338095238,-0.0006321567032967,-0.0005105135531135,-0.0005370755799755,-0.0005611836385836
-0.0005251573382173,-0.0005218517704517,-0.0004531555555555,0.0005212355067155,-3.6468595848595565e-05,-0.0004863233211233,-0.0005517914529914,-0.0007633793650793,-0.0006382059829059,-0.0005135345543345,-0.0005431102564102,-0.0005672183150183
-0.0005281929670329,-0.0005370214896214,-0.0004622793650793,0.0005303264224664,-3.342908424908396e-05,-0.0004984814652014,-0.00055484004884,-0.0007694619047619,-0.0006442552625152,-0.0005225975579975,-0.0005521622710622,-0.0005792876678876
-0.0005403354822954,-0.0005491572649572,-0.0004561968253968,0.0005424476434676,-4.254761904761877e-05,-0.000501521001221,-0.0005517914529914,-0.0007633793650793,-0.0006442552625152,-0.0005256185592185,-0.0005521622710622,-0.0005792876678876
-0.0005433711111111,-0.0005521912087912,-0.0004561968253968,0.0005454779487179,-4.254761904761877e-05,-0.0005045605372405,-0.0005517914529914,-0.000760338095238,-0.0006412306227106,-0.0005225975579975,-0.0005521622710622,-0.0005762703296703
-0.0005281929670329,-0.0005461233211233,-0.0004714031746031,0.000536387032967,-2.735006105006077e-05,-0.00050760007326,-0.00055484004884,-0.0007633793650793,-0.0006442552625152,-0.0005225975579975,-0.0005551796092796,-0.0005792876678876
-0.0005251573382173,-0.0005400554334554,-0.0004714031746031,0.0005303264224664,-2.735006105006077e-05,-0.0005045605372405,-0.00055484004884,-0.0007664206349206,-0.0006412306227106,-0.0005225975579975,-0.0005521622710622,-0.0005762703296703
-0.0005312285958485,-0.0005430893772893,-0.0004622793650793,0.000536387032967,-3.342908424908396e-05,-0.000501521001221,-0.00055484004884,-0.0007633793650793,-0.0006412306227106,-0.0005225975579975,-0.0005521622710622,-0.0005702356532356
-0.0005372998534798,-0.0005400554334554,-0.0004531555555555,0.000536387032967,-4.254761904761877e-05,-0.0004954419291819,-0.00055484004884,-0.000760338095238,-0.0006382059829059,-0.0005225975579975,-0.0005491449328449,-0.0005702356532356
-0.0005403354822954,-0.0005339875457875,-0.000447073015873,0.000536387032967,-4.558713064713037e-05,-0.0004893628571428,-0.0005487428571428,-0.0007572968253968,-0.0006321567032967,-0.0005135345543345,-0.0005431102564102,-0.0005642009768009
-0.0005342642246642,-0.0005339875457875,-0.0004531555555555,0.0005333567277167,-3.950810744810717e-05,-0.0004924023931623,-0.0005487428571428,-0.0007542555555555,-0.000629132063492,-0.0005105135531135,-0.0005431102564102,-0.0005642009768009
-0.0005312285958485,-0.0005279196581196,-0.0004501142857142,0.0005272961172161,-3.950810744810717e-05,-0.0004893628571428,-0.0005487428571428,-0.0007542555555555,-0.0006230827838827,-0.0005074925518925,-0.0005370755799755,-0.0005611836385836
-0.0005403354822954,-0.0005218517704517,-0.0004349079365079,0.0005303264224664,-5.166615384615356e-05,-0.0004772047130647,-0.0005487428571428,-0.0007512142857142,-0.0006200581440781,-0.0005014505494505,-0.0005340582417582,-0.0005581663003663
-0.0005433711111111,-0.0005248857142857,-0.0004349079365079,0.0005333567277167,-5.470566544566516e-05,-0.0004802442490842,-0.0005517914529914,-0.0007542555555555,-0.0006170335042735,-0.0005044715506715,-0.0005370755799755,-0.0005611836385836
-0.0005342642246642,-0.0005218517704517,-0.0004409904761904,0.0005272961172161,-4.558713064713037e-05,-0.0004802442490842,-0.00055484004884,-0.0007542555555555,-0.0006140088644688,-0.0005044715506715,-0.0005400929181929,-0.0005672183150183
-0.0005221217094017,-0.0005097159951159,-0.0004409904761904,0.0005151748962148,-3.950810744810717e-05,-0.0004741651770451,-0.0005487428571428,-0.0007299253968253,-0.0005837624664224,-0.0004984295482295,-0.0005461275946275,-0.000582305006105
-0.0005221217094017,-0.0004611728937728,-0.0003892888888888,0.0004909324542124,-6.686371184371155e-05,-0.0004255326007326,-0.0005456942612942,-0.0006843063492063,-0.0005141957509157,-0.0004591565323565,-0.0005310409035409,-0.0005853223443223
-0.0005069435653235,-0.0003398151404151,-0.0002889269841269,0.0004212354334554,-0.0001094168742368,-0.0003130697680097,-0.00055484004884,-0.0005961095238095,-0.000402284078144,-0.0003685264957264,-0.0004616421245421,-0.0005400622710622
-0.0004340884737484,-0.0001608124542124,-0.0001855238095238,0.0002969929181929,-0.0001246144322344,-0.0001732511111111,-0.0005975203907203,-0.0004622936507936,-0.0002268549694749,-0.0001933084249084,-0.0003318965811965,-0.0004555768009768
-0.0003005208058608,8.190305250305269e-05,-7.29968253968253e-05,0.0001091139926739,-0.0001124563858363,3.0419780219779864e-06,-0.0006920268620268,-0.0004136333333333,-3.025338217338225e-05,5.441367521367469e-05,-0.0001267175824175,-0.0003047098901098
-0.0001457037362637,0.0004459763125763,0.0001368507936507,-0.0001484619536019,-0.0001398119902319,0.0002917978998778,-0.0009054285714285,-0.000635646031746,0.0001300525274725,0.0003655768009768,0.0001901029304029,-2.7114774114774715e-05
9.113333333333055e-06,0.0008130835164835,0.0003436571428571,-0.0004090682051282,-0.0001671675946275,0.0005775142857142,-0.0012316283272283,-0.001018846031746,0.0001814714041514,0.0006706979242979,0.0005370968253968,0.000301775091575
0.0001548235164835,0.0010800705738705,0.0004622666666666,-0.0006151289621489,-0.00015197003663,0.0007720445909645,-0.0015944112332112,-0.0014050873015873,8.770757020757013e-05,0.000867063003663,0.0008056399267399,0.0005854048840048
0.0002428567521367,0.00111041001221,0.000410565079365,-0.000675735067155,-8.206126984126955e-05,0.0007598864468864,-0.0018322017094017,-0.0016575126984126,-0.0001270418559218,0.0008036219780219,0.0008448653235653,0.0007151504273504
0.0001335741147741,0.0006158771672771,2.7365079365079456e-05,-0.0003727045421245,5.1677240537240814e-05,0.0003221932600732,-0.0017681811965811,-0.0017730809523809,-0.0005656146275946,0.0002900517704517,0.0004737327228327,0.0005190234432234
-0.0001457037362637,3.639389499389519e-05,-0.0002706793650793,5.45684981684982e-05,6.0795775335775614e-05,-0.0001154999267399,-0.0015425851037851,-0.0019494746031746,-0.0010525816361416,-0.0002990434676434,2.414932844932829e-05,0.0002293589743589
-0.0004037321855921,-0.0002093555555555,-0.0002585142857142,0.0003060838339438,-7.294273504273476e-05,-0.0002340418315018,-0.0013413777777777,-0.0020589603174603,-0.0013036267399267,-0.0006132275946275,-0.000211203052503,6.944004884004823e-05
-0.0005221217094017,-0.0003792564102564,-0.0003102158730158,0.0004485081807081,-0.0001063773626373,-0.0003434651282051,-0.0011858993894993,-0.0018856079365079,-0.0012975774603174,-0.0007250046398046,-0.0003711219780219,-9.651355311355373e-05
-0.0005433711111111,-0.0004672407814407,-0.0003771238095238,0.0005030536752136,-8.206126984126955e-05,-0.000422493064713,-0.0010791985347985,-0.0016270999999999,-0.0011675179487179,-0.0007129206349206,-0.0004556074481074,-0.0002473804639804
-0.0005433711111111,-0.0004854444444444,-0.0003953714285714,0.0005121445909645,-7.294273504273476e-05,-0.0004407302808302,-0.0009603032967032,-0.0013807571428571,-0.0010193105982905,-0.0006585426129426,-0.0004918155067155,-0.0003499699633699
-0.0005312285958485,-0.0004884783882783,-0.0004105777777777,0.0005091142857142,-6.078468864468836e-05,-0.0004498488888888,-0.0008139706959706,-0.0011465793650793,-0.0008832018070818,-0.0006011435897435,-0.0005069021978021,-0.0004193687423687
-0.000519086080586,-0.0004824105006105,-0.000413619047619,0.0005000233699633,-5.166615384615356e-05,-0.0004468093528693,-0.0006767838827838,-0.0009276079365079,-0.0007622162148962,-0.0005467655677655,-0.0005069021978021,-0.0004676461538461
-0.0005069435653235,-0.0004611728937728,-0.0004075365079365,0.0004818415384615,-4.862664224664196e-05,-0.0004346512087912,-0.0005883746031746,-0.0007846682539682,-0.0006654277411477,-0.0004984295482295,-0.0004948328449328,-0.0004857501831501
-0.0005039079365079,-0.0004429692307692,-0.0003923301587301,0.0004727506227106,-5.470566544566516e-05,-0.0004164139926739,-0.0005487428571428,-0.0007086365079365,-0.0006079595848595,-0.0004651985347985,-0.0004797461538461,-0.0004857501831501
-0.0005069435653235,-0.000452071062271,-0.0003953714285714,0.0004788112332112,-5.470566544566516e-05,-0.000422493064713,-0.0005304512820512,-0.0006843063492063,-0.0005928363858363,-0.0004682195360195,-0.0004887981684981,-0.0005008368742368
-0.000494801050061,-0.0004611728937728,-0.0004197015873015,0.0004757809279609,-3.6468595848595565e-05,-0.0004407302808302,-0.000524354090354,-0.0006751825396825,-0.000595861025641,-0.0004803035409035,-0.0005099195360195,-0.0005219582417582
-0.0004917654212454,-0.0004611728937728,-0.0004257841269841,0.0004757809279609,-3.342908424908396e-05,-0.0004437698168498,-0.0005182568986568,-0.0006630174603174,-0.0005867871062271,-0.0004833245421245,-0.0005159542124542,-0.0005340275946275
-0.0005008723076923,-0.0004642068376068,-0.0004166603174603,0.0004818415384615,-4.254761904761877e-05,-0.0004407302808302,-0.0005091111111111,-0.0006508523809523,-0.0005746885470085,-0.0004803035409035,-0.0005129368742368,-0.0005340275946275
-0.0005160504517704,-0.0004733086691086,-0.0004105777777777,0.0004939627594627,-5.166615384615356e-05,-0.0004407302808302,-0.0004969167277167,-0.0006386873015873,-0.0005656146275946,-0.0004742615384615,-0.0005159542124542,-0.0005370449328449
-0.0005130148229548,-0.0004763426129426,-0.000413619047619,0.0004939627594627,-4.862664224664196e-05,-0.0004437698168498,-0.0004938681318681,-0.0006295634920634,-0.0005625899877899,-0.0004712405372405,-0.0005189715506715,-0.0005430796092796
-0.0005069435653235,-0.0004733086691086,-0.0004197015873015,0.0004879021489621,-4.254761904761877e-05,-0.0004468093528693,-0.0004938681318681,-0.0006204396825396,-0.0005595653479853,-0.0004742615384615,-0.0005189715506715,-0.0005491142857142
-0.0005008723076923,-0.0004672407814407,-0.0004197015873015,0.0004818415384615,-3.950810744810717e-05,-0.0004437698168498,-0.0004938681318681,-0.0006082746031746,-0.0005565407081807,-0.0004712405372405,-0.0005159542124542,-0.0005460969474969
-0.0005039079365079,-0.0004672407814407,-0.0004166603174603,0.0004848718437118,-4.254761904761877e-05,-0.0004407302808302,-0.0004938681318681,-0.000602192063492,-0.0005474667887667,-0.0004651985347985,-0.0005129368742368,-0.0005430796092796
-0.0005008723076923,-0.0004733086691086,-0.0004227428571428,0.0004848718437118,-3.950810744810717e-05,-0.0004468093528693,-0.0004938681318681,-0.0005961095238095,-0.0005444421489621,-0.0004651985347985,-0.0005129368742368,-0.0005460969474969
-0.0004917654212454,-0.0004793765567765,-0.0004349079365079,0.0004848718437118,-2.735006105006077e-05,-0.0004559279609279,-0.0004877709401709,-0.0005961095238095,-0.0005414175091575,-0.0004682195360195,-0.0005189715506715,-0.0005551489621489
-0.000494801050061,-0.0004733086691086,-0.0004318666666666,0.0004818415384615,-3.0389572649572364e-05,-0.0004528884249084,-0.0004847223443223,-0.0005900269841269,-0.0005383928693528,-0.0004651985347985,-0.0005159542124542,-0.0005521316239316
-0.0004978366788766,-0.0004702747252747,-0.0004227428571428,0.0004818415384615,-3.6468595848595565e-05,-0.0004468093528693,-0.0004877709401709,-0.0005839444444444,-0.0005323435897435,-0.0004621775335775,-0.0005099195360195,-0.0005430796092796
-0.000494801050061,-0.0004672407814407,-0.0004257841269841,0.0004788112332112,-3.342908424908396e-05,-0.0004468093528693,-0.0004908195360195,-0.0005809031746031,-0.0005293189499389,-0.0004591565323565,-0.0005099195360195,-0.0005430796092796
-0.0005099791941391,-0.0004702747252747,-0.0004105777777777,0.0004879021489621,-4.862664224664196e-05,-0.0004407302808302,-0.0004847223443223,-0.0005717793650793,-0.0005232696703296,-0.0004561355311355,-0.0005099195360195,-0.0005400622710622
-0.0005099791941391,-0.0004702747252747,-0.0004105777777777,0.0004879021489621,-4.862664224664196e-05,-0.0004407302808302,-0.0004847223443223,-0.000568738095238,-0.0005232696703296,-0.0004591565323565,-0.0005099195360195,-0.0005430796092796
-0.0004917654212454,-0.0004642068376068,-0.0004227428571428,0.0004757809279609,-3.342908424908396e-05,-0.0004437698168498,-0.0004877709401709,-0.0005656968253968,-0.0005262943101343,-0.0004621775335775,-0.0005129368742368,-0.0005460969474969
-0.0004917654212454,-0.0004672407814407,-0.0004257841269841,0.0004788112332112,-3.342908424908396e-05,-0.0004468093528693,-0.0004877709401709,-0.0005596142857142,-0.0005262943101343,-0.0004621775335775,-0.0005159542124542,-0.0005491142857142
-0.0004917654212454,-0.0004672407814407,-0.0004288253968253,0.0004788112332112,-3.0389572649572364e-05,-0.0004468093528693,-0.0004847223443223,-0.0005535317460317,-0.0005232696703296,-0.0004621775335775,-0.0005189715506715,-0.0005521316239316
-0.0004887297924297,-0.0004672407814407,-0.0004318666666666,0.0004757809279609,-2.735006105006077e-05,-0.0004498488888888,-0.0004816737484737,-0.0005504904761904,-0.0005262943101343,-0.0004651985347985,-0.0005189715506715,-0.0005521316239316
-0.0004887297924297,-0.0004672407814407,-0.0004288253968253,0.0004757809279609,-3.0389572649572364e-05,-0.0004468093528693,-0.0004816737484737,-0.0005444079365079,-0.0005232696703296,-0.0004651985347985,-0.0005219888888888,-0.0005521316239316
-0.0004887297924297,-0.0004642068376068,-0.0004257841269841,0.0004757809279609,-3.0389572649572364e-05,-0.0004437698168498,-0.0004816737484737,-0.0005352841269841,-0.0005172203907203,-0.0004621775335775,-0.0005189715506715,-0.0005521316239316
-0.0004887297924297,-0.0004642068376068,-0.0004257841269841,0.0004757809279609,-3.0389572649572364e-05,-0.0004437698168498,-0.0004847223443223,-0.0005261603174603,-0.0005111711111111,-0.0004591565323565,-0.0005159542124542,-0.0005491142857142
-0.0004856941636141,-0.0004611728937728,-0.0004257841269841,0.0004727506227106,-3.0389572649572364e-05,-0.0004437698168498,-0.0004847223443223,-0.0005170365079365,-0.0005051218315018,-0.0004531145299145,-0.0005129368742368,-0.0005491142857142
-0.0004856941636141,-0.0004581389499389,-0.0004257841269841,0.0004697203174603,-3.0389572649572364e-05,-0.0004407302808302,-0.0004816737484737,-0.0005079126984126,-0.0004990725518925,-0.0004500935286935,-0.0005099195360195,-0.0005491142857142
-0.000494801050061,-0.0004581389499389,-0.0004166603174603,0.0004757809279609,-3.950810744810717e-05,-0.0004376907448107,-0.0004786251526251,-0.0004987888888888,-0.0004960479120879,-0.0004470725274725,-0.0005099195360195,-0.0005460969474969
-0.0005008723076923,-0.000452071062271,-0.0004075365079365,0.0004757809279609,-4.558713064713037e-05,-0.0004285721367521,-0.0004725279609279,-0.0004866238095238,-0.0004930232722832,-0.0004440515262515,-0.0005099195360195,-0.0005460969474969
-0.0004887297924297,-0.0004490371184371,-0.000413619047619,0.00046669001221,-3.6468595848595565e-05,-0.0004316116727716,-0.0004755765567765,-0.0004774999999999,-0.0004899986324786,-0.0004440515262515,-0.0005069021978021,-0.0005460969474969
-0.0004796229059829,-0.000455105006105,-0.0004288253968253,0.00046669001221,-2.4310549450549165e-05,-0.0004407302808302,-0.0004725279609279,-0.0004653349206349,-0.0004869739926739,-0.0004470725274725,-0.0005099195360195,-0.0005491142857142
-0.000470516019536,-0.0004611728937728,-0.0004440317460317,0.0004636597069597,-1.2152503052502767e-05,-0.0004528884249084,-0.0004725279609279,-0.0004531698412698,-0.0004869739926739,-0.0004470725274725,-0.0005159542124542,-0.0005551489621489
-0.000470516019536,-0.0004581389499389,-0.0004440317460317,0.0004636597069597,-1.2152503052502767e-05,-0.0004498488888888,-0.0004664307692307,-0.0004410047619047,-0.0004809247130647,-0.0004470725274725,-0.0005189715506715,-0.0005611836385836
-0.0004765872771672,-0.000455105006105,-0.0004349079365079,0.0004636597069597,-2.1271037851037568e-05,-0.0004437698168498,-0.0004633821733821,-0.0004257984126984,-0.0004718507936507,-0.0004410305250305,-0.0005129368742368,-0.0005581663003663
-0.0004796229059829,-0.0004429692307692,-0.0004197015873015,0.0004606294017094,-3.0389572649572364e-05,-0.0004316116727716,-0.0004572849816849,-0.000410592063492,-0.0004597522344322,-0.0004319675213675,-0.0005038848595848,-0.0005491142857142
-0.000470516019536,-0.0004399352869352,-0.0004227428571428,0.0004545687912087,-2.4310549450549165e-05,-0.0004316116727716,-0.0004572849816849,-0.0003953857142857,-0.0004537029548229,-0.0004319675213675,-0.0005038848595848,-0.0005491142857142
-0.0004614091330891,-0.0004399352869352,-0.0004288253968253,0.0004485081807081,-1.5192014652014368e-05,-0.0004346512087912,-0.0004542363858363,-0.000377138095238,-0.000444629035409,-0.0004289465201465,-0.0005008675213675,-0.0005491142857142
-0.0004735516483516,-0.0004399352869352,-0.0004227428571428,0.0004545687912087,-2.4310549450549165e-05,-0.0004316116727716,-0.0004450905982905,-0.0003558492063492,-0.0004325304761904,-0.0004198835164835,-0.0004948328449328,-0.0005400622710622
-0.0004674803907203,-0.0004338673992673,-0.0004197015873015,0.0004485081807081,-2.4310549450549165e-05,-0.0004255326007326,-0.0004389934065934,-0.000331519047619,-0.0004234565567765,-0.0004138415140415,-0.0004918155067155,-0.0005340275946275
-0.0004583735042735,-0.0004247655677655,-0.0004257841269841,0.0004394172649572,-1.5192014652014368e-05,-0.0004255326007326,-0.000442042002442,-0.0003132714285714,-0.0004174072771672,-0.0004108205128205,-0.0004887981684981,-0.0005340275946275
-0.0004583735042735,-0.0004186976800976,-0.000413619047619,0.0004363869597069,-2.1271037851037568e-05,-0.0004164139926739,-0.0004359448107448,-0.0002919825396825,-0.0004113579975579,-0.0004047785103785,-0.0004827634920634,-0.0005279929181929
-0.0004553378754578,-0.0004095958485958,-0.0004044952380952,0.0004303263492063,-2.4310549450549165e-05,-0.0004072953846153,-0.0004237504273504,-0.0002706936507936,-0.000402284078144,-0.0004017575091575,-0.0004767288156288,-0.0005249755799755
-0.0004401597313797,-0.0003944261294261,-0.0004044952380952,0.0004151748229548,-1.823152625152597e-05,-0.0003981767765567,-0.0004207018315018,-0.0002463634920634,-0.0003992594383394,-0.0004017575091575,-0.0004767288156288,-0.0005249755799755
